0.5429620742797852,0.4076594412326813,-0.2724974751472473
0.5491786003112793,0.4026297628879547,-0.24936740100383759
0.5541908144950867,0.4027246832847595,-0.24938222765922546
0.5585106611251831,0.4029145836830139,-0.24939806759357452
0.5367929339408875,0.4025958180427551,-0.2493511140346527
0.5327155590057373,0.4026485085487366,-0.24934810400009155
0.5285236835479736,0.40277570486068726,-0.24928203225135803
0.5653395056724548,0.4062979221343994,-0.11090734601020813
0.5245935320854187,0.40695720911026,-0.11114350706338882
0.5520630478858948,0.4147258698940277,-0.2210875004529953
0.5358805656433105,0.4143669009208679,-0.22125303745269775
0.59916752576828,0.44182682037353516,-0.03205137327313423
0.49044832587242126,0.4412981867790222,-0.019488489255309105
0.6611984372138977,0.46902996301651,-0.07806678116321564
0.4377175569534302,0.4668474793434143,-0.05098699405789375
0.6079541444778442,0.48603254556655884,-0.2716037929058075
0.4857805073261261,0.4846554696559906,-0.21721041202545166
0.5946818590164185,0.4913454055786133,-0.324410080909729
0.49762699007987976,0.4886196255683899,-0.262266606092453
0.589326024055481,0.48568129539489746,-0.3285183310508728
0.5029605627059937,0.4838797450065613,-0.26898452639579773
0.5927861928939819,0.4832238256931305,-0.27637675404548645
0.5001863837242126,0.4819994568824768,-0.22215904295444489
0.5774784684181213,0.5337151885032654,-0.0018199572805315256
0.5132173895835876,0.5335334539413452,0.0017180739669129252
0.5804546475410461,0.6058248281478882,-0.01341719925403595
0.5120652914047241,0.6060482859611511,-0.003564543789252639
0.588611364364624,0.6721847057342529,0.18642467260360718
0.5057412385940552,0.6677991151809692,0.17848807573318481
0.5836349129676819,0.6795961856842041,0.1977936178445816
0.5089932680130005,0.673634946346283,0.1886909455060959
0.5999917387962341,0.6928796768188477,0.037639208137989044
0.5026453137397766,0.6913327574729919,0.03211187943816185
-
0.5425135493278503,0.4078497290611267,-0.2951871156692505
0.5486134886741638,0.40267691016197205,-0.2743898034095764
0.5534855723381042,0.40279126167297363,-0.2743986248970032
0.5576958656311035,0.4029572904109955,-0.2744055986404419
0.5359906554222107,0.40272021293640137,-0.2744075059890747
0.5318797826766968,0.4029000699520111,-0.2744107246398926
0.5278787016868591,0.4030376374721527,-0.27435755729675293
0.5636622905731201,0.40631231665611267,-0.13619254529476166
0.5242617130279541,0.40697312355041504,-0.1370120346546173
0.5516690015792847,0.4147356152534485,-0.24276608228683472
0.5351550579071045,0.41442999243736267,-0.24316979944705963
0.5991849899291992,0.44180870056152344,-0.04509923607110977
0.490235298871994,0.4414009153842926,-0.03703571483492851
0.661376953125,0.4690299928188324,-0.09453977644443512
0.4369566738605499,0.4675024449825287,-0.07388865947723389
0.6090668439865112,0.4859190881252289,-0.30046650767326355
0.485763818025589,0.48474907875061035,-0.25804194808006287
0.5955809354782104,0.4907963275909424,-0.3512333929538727
0.49756067991256714,0.4885413646697998,-0.30312103033065796
0.5899450778961182,0.4853419363498688,-0.3531857132911682
0.5027235746383667,0.4835135042667389,-0.30924245715141296
0.593387246131897,0.48292359709739685,-0.3038904666900635
0.49996113777160645,0.4817914366722107,-0.2627364695072174
0.5776416063308716,0.5337742567062378,-0.0019615779165178537
0.5132282376289368,0.533494234085083,0.0018552580149844289
0.5802605152130127,0.6057985424995422,0.001374287297949195
0.5121268033981323,0.6058045625686646,0.005629335064440966
0.5892992615699768,0.6709498167037964,0.18874157965183258
0.5057406425476074,0.6678118109703064,0.17946109175682068
0.5836139917373657,0.678254246711731,0.199074849486351
0.5096604824066162,0.6737058758735657,0.18910638988018036
0.5996138453483582,0.6919752359390259,0.039896562695503235
0.5029349327087402,0.691317081451416,0.03333509713411331
-
0.542188823223114,0.407951295375824,-0.3010135293006897
0.5482147932052612,0.4026917815208435,-0.28052860498428345
0.5530128479003906,0.40281352400779724,-0.28053608536720276
0.5571751594543457,0.4029690623283386,-0.28054341673851013
0.5354451537132263,0.402785062789917,-0.2803328335285187
0.5313059687614441,0.40304088592529297,-0.28033655881881714
0.5274189710617065,0.4031871259212494,-0.2802846133708954
0.5627108812332153,0.4063156545162201,-0.14254102110862732
0.5240066647529602,0.40697717666625977,-0.14239628612995148
0.5513926148414612,0.4147399067878723,-0.24855202436447144
0.5346506237983704,0.4144696593284607,-0.2487010806798935
0.599195122718811,0.4417893886566162,-0.05034755542874336
0.4900433123111725,0.4414476454257965,-0.0409998744726181
0.6615345478057861,0.4690311849117279,-0.10064589232206345
0.4364084005355835,0.46767154335975647,-0.07661040872335434
0.6096475124359131,0.4858366549015045,-0.3081536889076233
0.48559150099754333,0.48477688431739807,-0.2609059512615204
0.5960515141487122,0.4904707968235016,-0.3589390516281128
0.4973128139972687,0.48844823241233826,-0.3058948814868927
0.5902348160743713,0.4851137101650238,-0.3608352541923523
0.5023917555809021,0.4832335114479065,-0.3123149275779724
0.5936790108680725,0.4827224612236023,-0.311523973941803
0.4996475279331207,0.4816192090511322,-0.26575639843940735
0.577795147895813,0.5338230133056641,-0.002170753898099065
0.5132578611373901,0.5334658026695251,0.0020599584095180035
0.5801615118980408,0.6057912707328796,0.00442353542894125
0.5121846199035645,0.6056727170944214,0.008750609122216702
0.5898053646087646,0.670424222946167,0.1905292570590973
0.5057469010353088,0.66782146692276,0.18095344305038452
0.5836058259010315,0.6776976585388184,0.20046037435531616
0.510237991809845,0.6737788915634155,0.1902117133140564
0.5992903709411621,0.6915846467018127,0.041356347501277924
0.5032220482826233,0.6913134455680847,0.034790877252817154
-
0.541924774646759,0.4079989492893219,-0.30260199308395386
0.5478879809379578,0.40269356966018677,-0.2821404039859772
0.552650511264801,0.40281715989112854,-0.28214800357818604
0.5568031668663025,0.4029698967933655,-0.2821565568447113
0.535031795501709,0.40281230211257935,-0.2817682921886444
0.5308710932731628,0.40310972929000854,-0.28177109360694885
0.5270603895187378,0.4032619893550873,-0.2817181348800659
0.5621192455291748,0.4063150882720947,-0.14435707032680511
0.52379310131073,0.40697750449180603,-0.14338746666908264
0.5511646270751953,0.4147409498691559,-0.25023147463798523
0.5342773795127869,0.41449397802352905,-0.250148743391037
0.5991976261138916,0.44177645444869995,-0.052863068878650665
0.4898952543735504,0.4414527416229248,-0.0413171760737896
0.6618026494979858,0.46903133392333984,-0.10437104851007462
0.4360547363758087,0.46771374344825745,-0.07482963055372238
0.6100225448608398,0.4857713580131531,-0.3130367398262024
0.4854346513748169,0.4847920536994934,-0.2571590840816498
0.596361517906189,0.49026837944984436,-0.36397984623908997
0.4970758557319641,0.48840051889419556,-0.3018282651901245
0.5904390215873718,0.48496121168136597,-0.36569082736968994
0.5021384954452515,0.4831025004386902,-0.30844390392303467
0.5938881635665894,0.4825831949710846,-0.31633585691452026
0.4994141161441803,0.48152413964271545,-0.26207801699638367
0.577918291091919,0.5338528156280518,-0.0025197763461619616
0.5132989883422852,0.533441424369812,0.0024038241244852543
0.5801342725753784,0.6057872176170349,0.004539319314062595
0.5122777223587036,0.6055747866630554,0.010048393160104752
0.590232253074646,0.6702281832695007,0.19119904935359955
0.5057730674743652,0.6678258180618286,0.1822255700826645
0.5836138725280762,0.6774576902389526,0.2010459005832672
0.5106741786003113,0.6738150715827942,0.19132675230503082
0.5989794135093689,0.6913865208625793,0.04169875383377075
0.5034710168838501,0.6913080811500549,0.03597420081496239
-
0.5416792035102844,0.40803033113479614,-0.3054920732975006
0.5475795269012451,0.40269485116004944,-0.28501054644584656
0.5523247718811035,0.4028204381465912,-0.28501665592193604
0.5564833879470825,0.402971088886261,-0.28502610325813293
0.5346832275390625,0.4028342366218567,-0.2844945788383484
0.530520498752594,0.403160035610199,-0.2844974398612976
0.526772141456604,0.4033176302909851,-0.28444385528564453
0.5616790056228638,0.40631523728370667,-0.14714792370796204
0.5236247181892395,0.4069783091545105,-0.1455076038837433
0.5509511232376099,0.41474229097366333,-0.2531129717826843
0.5339526534080505,0.4145146310329437,-0.2528378963470459
0.5991925001144409,0.44177207350730896,-0.05587882548570633
0.4897981882095337,0.4414595067501068,-0.04262050613760948
0.662090539932251,0.46902671456336975,-0.10811497271060944
0.43581444025039673,0.46771469712257385,-0.07432910799980164
0.6101832985877991,0.48569196462631226,-0.3168562054634094
0.4853222668170929,0.48481225967407227,-0.25474104285240173
0.5965224504470825,0.49008283019065857,-0.36793991923332214
0.4969140887260437,0.48837119340896606,-0.2992297112941742
0.590532124042511,0.48482340574264526,-0.36952292919158936
0.5019761919975281,0.4830302298069,-0.3059059679508209
0.5939860939979553,0.4824601113796234,-0.32011252641677856
0.49925994873046875,0.48147574067115784,-0.2596679627895355
0.5780321955680847,0.5338708758354187,-0.002865698654204607
0.5133565068244934,0.5334056615829468,0.002744416007772088
0.580126941204071,0.6057894825935364,0.003865358652547002
0.5123987197875977,0.605522871017456,0.01084816362708807
0.5904843211174011,0.6701902747154236,0.19231434166431427
0.5057834386825562,0.6678259372711182,0.18453362584114075
0.5836170315742493,0.677391529083252,0.20224986970424652
0.5108981132507324,0.673827052116394,0.1937195509672165
0.5985229015350342,0.691301703453064,0.04232494533061981
0.5036571025848389,0.6913006901741028,0.0382411815226078
-
0.541532576084137,0.4080487787723541,-0.3077199459075928
0.5474117398262024,0.40269550681114197,-0.28740203380584717
0.5521438717842102,0.4028220772743225,-0.28740835189819336
0.556293249130249,0.4029715657234192,-0.28741875290870667
0.5345112085342407,0.4028490483760834,-0.28664499521255493
0.530349612236023,0.4031982421875,-0.28664782643318176
0.5266228318214417,0.4033602178096771,-0.2865939736366272
0.5614503026008606,0.4063149392604828,-0.14991575479507446
0.5235425233840942,0.4069788455963135,-0.14715920388698578
0.5508410334587097,0.4147424101829529,-0.25542184710502625
0.533804178237915,0.4145256578922272,-0.25483226776123047
0.5991994738578796,0.44176673889160156,-0.058631595224142075
0.4897567629814148,0.44146808981895447,-0.04287105053663254
0.6622117161750793,0.4690200686454773,-0.10799416154623032
0.43566352128982544,0.467729389667511,-0.07199452072381973
0.6103804111480713,0.4856449067592621,-0.3144334554672241
0.4851810932159424,0.4848131537437439,-0.2501949071884155
0.5966640710830688,0.48996514081954956,-0.3652856647968292
0.49674084782600403,0.4883245825767517,-0.29472941160202026
0.5906348824501038,0.48474106192588806,-0.3673608601093292
0.5018183588981628,0.48295363783836365,-0.3014368712902069
0.5940925478935242,0.48238611221313477,-0.31782057881355286
0.49910351634025574,0.4814198911190033,-0.2551364004611969
0.5780865550041199,0.5338828563690186,-0.003413813654333353
0.5133795142173767,0.5333732962608337,0.0032871796283870935
0.5800397396087646,0.605789840221405,0.002596499864012003
0.512451708316803,0.6054752469062805,0.011094004847109318
0.5906661748886108,0.6701184511184692,0.19472628831863403
0.5058130621910095,0.6678467392921448,0.18795092403888702
0.5836453437805176,0.677289605140686,0.20520846545696259
0.5111011862754822,0.6738642454147339,0.19758625328540802
0.597899317741394,0.6912473440170288,0.04488573968410492
0.5039367079734802,0.6913067102432251,0.041931457817554474
-
0.5414187908172607,0.4080619812011719,-0.3080828785896301
0.5472919940948486,0.4026963710784912,-0.2879893183708191
0.5520204901695251,0.402824342250824,-0.2879946529865265
0.5561589002609253,0.4029723107814789,-0.28800567984580994
0.5343937873840332,0.402860552072525,-0.2870325446128845
0.5302375555038452,0.4032268524169922,-0.2870352268218994
0.526527464389801,0.4033922553062439,-0.28698083758354187
0.5613022446632385,0.40631502866744995,-0.15157409012317657
0.5234919786453247,0.40697914361953735,-0.14783285558223724
0.5507534742355347,0.4147423207759857,-0.2561507821083069
0.5336953401565552,0.4145336151123047,-0.25528889894485474
0.5992061495780945,0.44176268577575684,-0.060921940952539444
0.48972800374031067,0.4414707124233246,-0.04278012737631798
0.6623722314834595,0.46901145577430725,-0.10770715773105621
0.43556225299835205,0.4677511155605316,-0.07078717648983002
0.6105452179908752,0.485615074634552,-0.31125709414482117
0.4849492013454437,0.48480477929115295,-0.24525493383407593
0.5967735052108765,0.48990267515182495,-0.3617350161075592
0.49652814865112305,0.48829299211502075,-0.28808361291885376
0.5907109975814819,0.48469653725624084,-0.3640744984149933
0.5016359686851501,0.4829166829586029,-0.29538121819496155
0.5941701531410217,0.48234814405441284,-0.3146781921386719
0.49890878796577454,0.4813816547393799,-0.2502894401550293
0.5781258344650269,0.5338937044143677,-0.004045041278004646
0.5133984088897705,0.5333405137062073,0.00391390360891819
0.5799570679664612,0.6057921648025513,0.0017695740098133683
0.5124881863594055,0.6054283380508423,0.01130482368171215
0.5907682180404663,0.6701133251190186,0.19431087374687195
0.5058228969573975,0.6678590774536133,0.1880219727754593
0.5836690068244934,0.6772751212120056,0.2048308253288269
0.5111936926841736,0.6738854646682739,0.197673499584198
0.5971763134002686,0.6912127137184143,0.04455697163939476
0.5041057467460632,0.691308856010437,0.042378202080726624
-
0.5413484573364258,0.4080813527107239,-0.3074258267879486
0.5472248792648315,0.4027002453804016,-0.287026584148407
0.5519476532936096,0.40283116698265076,-0.2870323657989502
0.5560697913169861,0.4029761254787445,-0.2870420813560486
0.5343292951583862,0.402876615524292,-0.2861573398113251
0.5301793217658997,0.4032590389251709,-0.28616103529930115
0.5264777541160583,0.4034271836280823,-0.28610631823539734
0.5611955523490906,0.40631669759750366,-0.14985758066177368
0.5234647393226624,0.40698060393333435,-0.1466553956270218
0.5507040023803711,0.414742648601532,-0.2553466260433197
0.5336331129074097,0.4145440459251404,-0.2546199560165405
0.5992168188095093,0.44175833463668823,-0.05993146449327469
0.48970502614974976,0.4414850175380707,-0.04269973933696747
0.6624648571014404,0.46900081634521484,-0.11058023571968079
0.4354877471923828,0.46779584884643555,-0.07316922396421432
0.610769510269165,0.4855736196041107,-0.31878870725631714
0.4846654236316681,0.48478394746780396,-0.25510725378990173
0.5969362258911133,0.48985037207603455,-0.37001556158065796
0.4962863624095917,0.48826631903648376,-0.29985305666923523
0.5908417701721191,0.48465126752853394,-0.3719799816608429
0.5014239549636841,0.4828781485557556,-0.30642572045326233
0.5942984223365784,0.4823046326637268,-0.3221331238746643
0.49868661165237427,0.481330543756485,-0.2600696384906769
0.5781442523002625,0.5339340567588806,-0.00422773277387023
0.5134063959121704,0.5333310961723328,0.004093844909220934
0.5799214839935303,0.6058081984519958,0.0012300658272579312
0.5125311613082886,0.6053909063339233,0.01100479532033205
0.5908429026603699,0.6701140999794006,0.19522804021835327
0.5058256983757019,0.6678661108016968,0.18927372992038727
0.5836836695671082,0.677270770072937,0.20598666369915009
0.5112302303314209,0.6738936901092529,0.19915175437927246
0.5967898368835449,0.6911916136741638,0.04576439782977104
0.5042710304260254,0.6913071274757385,0.04377768188714981
-
0.5413253903388977,0.40811532735824585,-0.3064596354961395
0.5472055077552795,0.40271615982055664,-0.2859506905078888
0.5519192814826965,0.4028535783290863,-0.2859567403793335
0.556021511554718,0.4029923379421234,-0.28596633672714233
0.5343170166015625,0.40290555357933044,-0.28517425060272217
0.5301704406738281,0.40330570936203003,-0.28517770767211914
0.5264698266983032,0.40347638726234436,-0.2851225435733795
0.5611279606819153,0.40632525086402893,-0.14864809811115265
0.5234557390213013,0.40698641538619995,-0.1459101140499115
0.5506879687309265,0.41474658250808716,-0.254380464553833
0.5336205959320068,0.41456174850463867,-0.2537839114665985
0.5992220044136047,0.44175463914871216,-0.05915280058979988
0.4896860420703888,0.44150057435035706,-0.04244431108236313
0.6624658107757568,0.46898818016052246,-0.11006200313568115
0.4354006350040436,0.4678204655647278,-0.07266925275325775
0.6109033823013306,0.48553818464279175,-0.31797531247138977
0.48437386751174927,0.4847539961338043,-0.25363659858703613
0.5970554947853088,0.48980551958084106,-0.36924853920936584
0.49602365493774414,0.4882505536079407,-0.29833921790122986
0.5909493565559387,0.48461419343948364,-0.3712729215621948
0.5012043714523315,0.4828592836856842,-0.30496078729629517
0.5943982601165771,0.4822719693183899,-0.3213811218738556
0.49846601486206055,0.4812954366207123,-0.25860029458999634
0.5781554579734802,0.5339627861976624,-0.004293985199183226
0.5134207606315613,0.5333214998245239,0.004159172531217337
0.5798991918563843,0.6058154702186584,0.0008729741675779223
0.5125765204429626,0.6053698658943176,0.01077205315232277
0.5909015536308289,0.6701176762580872,0.1952856332063675
0.5058269500732422,0.6678637266159058,0.18946708738803864
0.5837046504020691,0.677267849445343,0.20608294010162354
0.5112432837486267,0.6738923788070679,0.1993969976902008
0.5964657068252563,0.6911676526069641,0.04600692167878151
0.5043903589248657,0.6912662982940674,0.04416980594396591
-
0.5413164496421814,0.40813738107681274,-0.3063977062702179
0.5472015142440796,0.40272560715675354,-0.2857488989830017
0.5519102811813354,0.40286627411842346,-0.2857549786567688
0.5560002326965332,0.40300050377845764,-0.28576433658599854
0.5343141555786133,0.4029252529144287,-0.28509587049484253
0.5301675200462341,0.40334004163742065,-0.28509992361068726
0.526465117931366,0.40351399779319763,-0.2850445806980133
0.5610867142677307,0.40633073449134827,-0.14804939925670624
0.5234465003013611,0.4069914221763611,-0.14588871598243713
0.5506806969642639,0.4147478938102722,-0.2541953921318054
0.5336123704910278,0.4145722985267639,-0.2537674307823181
0.5992242097854614,0.44175323843955994,-0.058641210198402405
0.4896692633628845,0.44152015447616577,-0.04283388331532478
0.6624701023101807,0.4689742624759674,-0.11109501868486404
0.43535566329956055,0.46786147356033325,-0.07636387646198273
0.6110296845436096,0.48551350831985474,-0.32109883427619934
0.4842902719974518,0.4847472310066223,-0.26213958859443665
0.597145140171051,0.48975539207458496,-0.37277132272720337
0.49592360854148865,0.48824843764305115,-0.307672381401062
0.5910463333129883,0.4845651090145111,-0.3746365010738373
0.5011116862297058,0.48285943269729614,-0.3139190375804901
0.5944992303848267,0.48222655057907104,-0.3245045244693756
0.49837642908096313,0.48129066824913025,-0.26704052090644836
0.5782217979431152,0.5339897871017456,-0.00431949645280838
0.5134842991828918,0.5333169102668762,0.004184167366474867
0.5799105763435364,0.6058421730995178,0.0006436601979658008
0.5126579403877258,0.6053401231765747,0.010586446151137352
0.5909587144851685,0.6701183319091797,0.19660453498363495
0.5058568120002747,0.6678661108016968,0.1901935636997223
0.5837187767028809,0.6772469878196716,0.20763824880123138
0.5113016366958618,0.6738936901092529,0.20024624466896057
0.5962937474250793,0.6911528706550598,0.04787547141313553
0.5046361684799194,0.6912618279457092,0.04499034956097603
-
0.5413029193878174,0.40816932916641235,-0.30673307180404663
0.5472016930580139,0.4027473032474518,-0.286100298166275
0.5519084334373474,0.4028947353363037,-0.2861062288284302
0.5559894442558289,0.4030223786830902,-0.286115825176239
0.5343145728111267,0.4029514193534851,-0.2854923605918884
0.5301671028137207,0.40337610244750977,-0.2854962944984436
0.5264628529548645,0.4035487174987793,-0.2854401767253876
0.5610705018043518,0.4063463807106018,-0.14838403463363647
0.5234377384185791,0.4069930911064148,-0.14649130403995514
0.5506592392921448,0.4147535264492035,-0.2545073628425598
0.5335851311683655,0.4145868718624115,-0.25415703654289246
0.5992255806922913,0.44175204634666443,-0.0589163638651371
0.4896538257598877,0.4415282607078552,-0.043144721537828445
0.6624711751937866,0.4689631462097168,-0.11159417778253555
0.43530866503715515,0.4678935408592224,-0.076491579413414
0.6111724972724915,0.4854887127876282,-0.3218400478363037
0.48420974612236023,0.4847347140312195,-0.26157692074775696
0.5972425937652588,0.4897146224975586,-0.3734950125217438
0.4958501160144806,0.4882475733757019,-0.3069251477718353
0.5911550521850586,0.48452892899513245,-0.3753427267074585
0.5010689496994019,0.4828634262084961,-0.3131577968597412
0.594611406326294,0.48218661546707153,-0.32522672414779663
0.4983249604701996,0.4812893271446228,-0.2664273679256439
0.578303873538971,0.5340017080307007,-0.004408462904393673
0.5135683417320251,0.533306896686554,0.004272449761629105
0.579924464225769,0.6058584451675415,0.0005172890960238874
0.5127213001251221,0.6053130030632019,0.010494975373148918
0.5910063982009888,0.6701241731643677,0.19655443727970123
0.5058582425117493,0.6678691506385803,0.190176323056221
0.5837442874908447,0.6772492527961731,0.20759209990501404
0.5113030076026917,0.6738947629928589,0.20023661851882935
0.5961158275604248,0.691144585609436,0.047992341220378876
0.5047327876091003,0.6912505626678467,0.045127250254154205
-
0.5412919521331787,0.4081997275352478,-0.30662211775779724
0.5472034215927124,0.40277165174484253,-0.28600770235061646
0.5519089698791504,0.4029251039028168,-0.28601351380348206
0.555985152721405,0.40304622054100037,-0.28602302074432373
0.5343151688575745,0.40298157930374146,-0.2854323387145996
0.5301669836044312,0.40341487526893616,-0.2854361832141876
0.5264614224433899,0.4035869538784027,-0.2853800058364868
0.561069130897522,0.40636736154556274,-0.14834198355674744
0.5234310626983643,0.4069981575012207,-0.14659611880779266
0.55064857006073,0.4147605895996094,-0.25440144538879395
0.5335671901702881,0.41460123658180237,-0.2540915310382843
0.5992276668548584,0.4417509436607361,-0.058748066425323486
0.48964598774909973,0.4415440559387207,-0.04316907003521919
0.6624679565429688,0.4689575135707855,-0.11093682050704956
0.4352724254131317,0.4679330885410309,-0.07603693753480911
0.6112954020500183,0.4854704439640045,-0.3204632103443146
0.48416751623153687,0.4847332835197449,-0.26003819704055786
0.5973284840583801,0.48968368768692017,-0.3720053434371948
0.4958321452140808,0.48824939131736755,-0.3051917254924774
0.5912507772445679,0.48450762033462524,-0.37393295764923096
0.5010656118392944,0.48287075757980347,-0.3114672899246216
0.5947089195251465,0.48216408491134644,-0.32387304306030273
0.49831709265708923,0.48128876090049744,-0.2648593783378601
0.5783823728561401,0.5340051054954529,-0.004493297543376684
0.5136401057243347,0.5332943797111511,0.004357159603387117
0.579925000667572,0.6058644652366638,0.0003787122550420463
0.5127453207969666,0.6052920818328857,0.010429092682898045
0.5910529494285583,0.6701289415359497,0.1964777261018753
0.5058582425117493,0.6678792238235474,0.18994222581386566
0.5837956070899963,0.6772524118423462,0.20746146142482758
0.5113028883934021,0.6738966703414917,0.1999863088130951
0.5959530472755432,0.6911419630050659,0.047930821776390076
0.5047984719276428,0.6912418007850647,0.04478394240140915
-
0.5412907600402832,0.4082168638706207,-0.3063059151172638
0.54721999168396,0.40279093384742737,-0.28569528460502625
0.5519168376922607,0.4029475748538971,-0.28570106625556946
0.5559855699539185,0.4030635356903076,-0.2857106626033783
0.5343270897865295,0.4030042588710785,-0.28513461351394653
0.5301738977432251,0.4034452438354492,-0.2851378619670868
0.5264679193496704,0.40361833572387695,-0.28508150577545166
0.5610745549201965,0.4063885807991028,-0.14819234609603882
0.5234289169311523,0.4070027470588684,-0.14650875329971313
0.5506469011306763,0.41476431488990784,-0.25414711236953735
0.5335678458213806,0.4146082401275635,-0.2538520097732544
0.5992295742034912,0.4417497515678406,-0.05872739851474762
0.48964276909828186,0.4415546953678131,-0.0429547093808651
0.6624434590339661,0.46895265579223633,-0.11025265604257584
0.43525081872940063,0.46795788407325745,-0.07590210437774658
0.6113463640213013,0.48546338081359863,-0.31885403394699097
0.4841243326663971,0.48473143577575684,-0.258441299200058
0.5973717570304871,0.489652156829834,-0.37033921480178833
0.49582624435424805,0.4882522523403168,-0.3028417229652405
0.591310441493988,0.48448124527931213,-0.3723638355731964
0.5010654330253601,0.4828837811946869,-0.30915433168411255
0.5947704315185547,0.4821428656578064,-0.32230517268180847
0.49831560254096985,0.4812900424003601,-0.2631305754184723
0.5784595608711243,0.5340079069137573,-0.00461953692138195
0.5137227177619934,0.5332672595977783,0.004483661148697138
0.5799267888069153,0.6058725714683533,0.0002485993318259716
0.5127653479576111,0.6052678227424622,0.010422803461551666
0.5910841822624207,0.6701388955116272,0.1944979578256607
0.5058513283729553,0.6678801774978638,0.18896427750587463
0.5838331580162048,0.677261233329773,0.2050667405128479
0.5113005638122559,0.6738967299461365,0.19875763356685638
0.5957840085029602,0.6911386847496033,0.0454038567841053
0.5048019289970398,0.6912213563919067,0.04394906759262085
-
0.5412692427635193,0.40823546051979065,-0.3061765730381012
0.5472172498703003,0.40280789136886597,-0.28563758730888367
0.5519135594367981,0.40296775102615356,-0.2856428027153015
0.5559773445129395,0.4030793309211731,-0.2856519818305969
0.5343201756477356,0.40302935242652893,-0.2849852740764618
0.530168354511261,0.40347379446029663,-0.2849884033203125
0.5264618992805481,0.40364599227905273,-0.2849319279193878
0.5610777139663696,0.4064043462276459,-0.14844819903373718
0.523421585559845,0.4070107340812683,-0.14626552164554596
0.5506252646446228,0.41476768255233765,-0.25410640239715576
0.533553421497345,0.4146174490451813,-0.2536922097206116
0.5992438793182373,0.44174879789352417,-0.059129949659109116
0.48964497447013855,0.44155293703079224,-0.04273911193013191
0.6623825430870056,0.46895116567611694,-0.11092595010995865
0.4352155327796936,0.4679604470729828,-0.07577624171972275
0.6113685965538025,0.4854601323604584,-0.3195796608924866
0.4841150641441345,0.48473015427589417,-0.2581392228603363
0.5973919034004211,0.48962679505348206,-0.37090110778808594
0.4958246052265167,0.4882534146308899,-0.3027392625808716
0.5913411378860474,0.48446565866470337,-0.3728804588317871
0.5010784864425659,0.48288607597351074,-0.3087835907936096
0.5948008298873901,0.4821314811706543,-0.32298412919044495
0.4983247220516205,0.4812890589237213,-0.26296839118003845
0.5785027146339417,0.5340102910995483,-0.00486013712361455
0.5137849450111389,0.5332432985305786,0.004723244812339544
0.5799295902252197,0.6058738231658936,0.0001644767471589148
0.5127757787704468,0.6052500009536743,0.010592705570161343
0.591140866279602,0.6701337099075317,0.19375720620155334
0.5058421492576599,0.6678788661956787,0.1889265477657318
0.5839381814002991,0.6772357225418091,0.20422358810901642
0.511297881603241,0.6738753914833069,0.1986691802740097
0.5954527854919434,0.6910876631736755,0.0441824235022068
0.5047826766967773,0.6912060379981995,0.04386810585856438
-
0.5412549376487732,0.40825551748275757,-0.30653393268585205
0.5472163558006287,0.402823269367218,-0.28610557317733765
0.5519120693206787,0.40298524498939514,-0.28611016273498535
0.5559719204902649,0.4030929505825043,-0.2861189842224121
0.5343161225318909,0.4030507504940033,-0.28532522916793823
0.5301652550697327,0.40349704027175903,-0.28532856702804565
0.5264572501182556,0.40366849303245544,-0.2852723002433777
0.5610811114311218,0.4064188003540039,-0.14917613565921783
0.5234158635139465,0.4070185124874115,-0.1464211344718933
0.5506092309951782,0.41477298736572266,-0.25453853607177734
0.5335442423820496,0.4146292805671692,-0.25396743416786194
0.5992582440376282,0.44174838066101074,-0.05999574065208435
0.48965170979499817,0.44154658913612366,-0.042605943977832794
0.6623045802116394,0.4689527153968811,-0.11174707114696503
0.43517929315567017,0.4678991734981537,-0.07545877248048782
0.6113434433937073,0.48545804619789124,-0.3199036717414856
0.4840072691440582,0.4847160875797272,-0.2572813332080841
0.5973706245422363,0.48962101340293884,-0.37107279896736145
0.4957738220691681,0.48825234174728394,-0.3015366494655609
0.5913397669792175,0.4844643175601959,-0.37300682067871094
0.5010570883750916,0.4828864634037018,-0.3074701130390167
0.5948015451431274,0.4821300506591797,-0.32326823472976685
0.49829918146133423,0.481283962726593,-0.26202523708343506
0.5785172581672668,0.5340166687965393,-0.005085524171590805
0.5138335824012756,0.5332375764846802,0.004947105422616005
0.5799343585968018,0.6058841347694397,7.878473843447864e-05
0.5127872228622437,0.6052428483963013,0.011050825007259846
0.5912045240402222,0.6701358556747437,0.19372673332691193
0.5058337450027466,0.667879581451416,0.18910571932792664
0.5840765237808228,0.6772395968437195,0.20418813824653625
0.511292040348053,0.673862099647522,0.19887948036193848
0.595255970954895,0.691069483757019,0.04403044283390045
0.5047681927680969,0.6911925673484802,0.04417586699128151
-
0.54123455286026,0.4082736372947693,-0.3063977062702179
0.5472086668014526,0.4028361737728119,-0.28603366017341614
0.5519042015075684,0.40299925208091736,-0.28603824973106384
0.5559606552124023,0.4031038284301758,-0.2860472500324249
0.5343033075332642,0.40307098627090454,-0.28520336747169495
0.5301555395126343,0.40351739525794983,-0.28520652651786804
0.5264463424682617,0.40368837118148804,-0.2851506471633911
0.5610829591751099,0.40642938017845154,-0.14936383068561554
0.5234079957008362,0.4070274829864502,-0.14629033207893372
0.5505848526954651,0.41477569937705994,-0.2544485032558441
0.5335312485694885,0.41463956236839294,-0.2538210451602936
0.5992704033851624,0.44174760580062866,-0.06017051264643669
0.4896653890609741,0.4415184557437897,-0.042579907923936844
0.662163496017456,0.4689643979072571,-0.1113438531756401
0.4351270794868469,0.4677601456642151,-0.07121825963258743
0.6113000512123108,0.4854568541049957,-0.3195688724517822
0.48391205072402954,0.4847153127193451,-0.24745917320251465
0.5973409414291382,0.4896174967288971,-0.37028074264526367
0.4957484006881714,0.4882561266422272,-0.29096919298171997
0.5913345813751221,0.4844631552696228,-0.37224581837654114
0.5010406970977783,0.4828915596008301,-0.2974928617477417
0.5947981476783752,0.4821297228336334,-0.32286861538887024
0.4982750713825226,0.48128360509872437,-0.2522648572921753
0.5785294771194458,0.5340202450752258,-0.00524652935564518
0.5138915181159973,0.533230185508728,0.005108543671667576
0.5799435973167419,0.6058884263038635,3.061108145629987e-05
0.5128003358840942,0.6052313446998596,0.011284478940069675
0.5913064479827881,0.6701396107673645,0.1929326206445694
0.5058292746543884,0.6678801774978638,0.18904629349708557
0.584313154220581,0.6772426962852478,0.20328116416931152
0.5112872123718262,0.673851490020752,0.19883905351161957
0.5950443148612976,0.6910589337348938,0.04271560162305832
0.5047559142112732,0.6911770105361938,0.044061362743377686
-
0.541226863861084,0.4082907736301422,-0.3063533306121826
0.5472082495689392,0.4028465151786804,-0.2859252393245697
0.5519037246704102,0.4030095934867859,-0.28593015670776367
0.5559583306312561,0.40311169624328613,-0.2859392762184143
0.5342989563941956,0.40308627486228943,-0.28518062829971313
0.5301516056060791,0.40353336930274963,-0.2851835787296295
0.5264402627944946,0.40370482206344604,-0.2851279377937317
0.5610852837562561,0.40643954277038574,-0.14911548793315887
0.52340167760849,0.4070371985435486,-0.14622721076011658
0.5505757331848145,0.4147799015045166,-0.25437238812446594
0.5335266590118408,0.4146525263786316,-0.25374335050582886
0.5992834568023682,0.44174814224243164,-0.060020811855793
0.48970144987106323,0.4414645731449127,-0.042229704558849335
0.6620097756385803,0.4689726233482361,-0.11133331805467606
0.4351046681404114,0.46739262342453003,-0.06971614807844162
0.6112706661224365,0.4854554235935211,-0.31926682591438293
0.4838382303714752,0.4847145676612854,-0.24477508664131165
0.5973237752914429,0.48961013555526733,-0.37011605501174927
0.4957364499568939,0.48825716972351074,-0.28828904032707214
0.5913345813751221,0.484462171792984,-0.3721013069152832
0.5010321140289307,0.4828922748565674,-0.2948647439479828
0.5947988033294678,0.48212867975234985,-0.32260987162590027
0.49826323986053467,0.4812796115875244,-0.24958214163780212
0.5785465836524963,0.5340288281440735,-0.0053327251225709915
0.513933002948761,0.533227801322937,0.005195183679461479
0.5799487233161926,0.6058987379074097,-1.619243630557321e-05
0.5128052234649658,0.6052286624908447,0.011318150907754898
0.5913603901863098,0.6701447367668152,0.19249534606933594
0.5058081150054932,0.6678803563117981,0.18894612789154053
0.5844635367393494,0.6772453188896179,0.20281130075454712
0.5112446546554565,0.6738359332084656,0.19870051741600037
0.594870388507843,0.6910530924797058,0.04201654717326164
0.5047280788421631,0.6911629438400269,0.04397560656070709
-
0.5412327647209167,0.4083075523376465,-0.30620574951171875
0.5472431182861328,0.4028608202934265,-0.28579947352409363
0.5519304275512695,0.4030210077762604,-0.28580427169799805
0.5559692978858948,0.4031194746494293,-0.28581365942955017
0.5343141555786133,0.4031063914299011,-0.2850261330604553
0.5301628708839417,0.40355604887008667,-0.28502899408340454
0.5264473557472229,0.403730571269989,-0.2849733829498291
0.5611075162887573,0.40645256638526917,-0.14940978586673737
0.5233997106552124,0.40705186128616333,-0.1461973339319229
0.5505840182304382,0.4147845208644867,-0.2542589008808136
0.5335474014282227,0.41466251015663147,-0.2536107897758484
0.5993053913116455,0.44175225496292114,-0.060842063277959824
0.48972952365875244,0.44143208861351013,-0.04211633652448654
0.6618992686271667,0.4690076410770416,-0.11117006838321686
0.43508797883987427,0.46708807349205017,-0.06501573324203491
0.6111319661140442,0.4854535460472107,-0.31762006878852844
0.48371806740760803,0.48470988869667053,-0.23398134112358093
0.597222089767456,0.4896083474159241,-0.3677496910095215
0.49569404125213623,0.4882569909095764,-0.2763073742389679
0.5912702679634094,0.4844624400138855,-0.3697581887245178
0.5010044574737549,0.48289164900779724,-0.28311455249786377
0.5947473049163818,0.4821292757987976,-0.3208733797073364
0.4982345700263977,0.481270968914032,-0.23872216045856476
0.5785577297210693,0.5340386033058167,-0.005588098894804716
0.5139718651771545,0.5332244038581848,0.005450996570289135
0.5799484848976135,0.605932354927063,-2.7914713427890092e-05
0.5128419399261475,0.6052263379096985,0.011430198326706886
0.5913984179496765,0.6701645255088806,0.18985328078269958
0.5057950615882874,0.6678846478462219,0.18732765316963196
0.5845397710800171,0.6772842407226562,0.1998746395111084
0.5112209320068359,0.6738362312316895,0.19679856300354004
0.59471195936203,0.6910527944564819,0.03912601247429848
0.5046948790550232,0.6911607980728149,0.042645592242479324
-
0.5412315130233765,0.40831613540649414,-0.30633437633514404
0.5472573637962341,0.4028683602809906,-0.2861514091491699
0.5519425272941589,0.4030264914035797,-0.2861553132534027
0.5559749007225037,0.4031231999397278,-0.28616541624069214
0.5343198180198669,0.40311700105667114,-0.2852356731891632
0.5301671624183655,0.40356749296188354,-0.2852378487586975
0.5264493227005005,0.40374332666397095,-0.2851826250553131
0.5611230731010437,0.40646275877952576,-0.15062102675437927
0.5233983993530273,0.4070618748664856,-0.1467008739709854
0.5505836009979248,0.4147871136665344,-0.2546176016330719
0.5335547924041748,0.4146677553653717,-0.25380730628967285
0.5993273854255676,0.44175824522972107,-0.06239168345928192
0.48976004123687744,0.4414115846157074,-0.04203789308667183
0.6618679165840149,0.46905189752578735,-0.11103560030460358
0.4350690245628357,0.4668705463409424,-0.0600551962852478
0.6110152006149292,0.48545199632644653,-0.3142409026622772
0.48369136452674866,0.4847096800804138,-0.22283577919006348
0.5971292853355408,0.4896072447299957,-0.3636205792427063
0.49569040536880493,0.4882577359676361,-0.26415497064590454
0.5912051200866699,0.48446401953697205,-0.3656950294971466
0.5010038018226624,0.4828917980194092,-0.27108266949653625
0.5946935415267944,0.4821314811706543,-0.31740131974220276
0.4982321858406067,0.48126840591430664,-0.22746549546718597
0.5785636305809021,0.5340508818626404,-0.005797301419079304
0.5139962434768677,0.5332213640213013,0.005660331808030605
0.5799543857574463,0.6059558987617493,-6.36520198895596e-05
0.512859582901001,0.6052253842353821,0.011673776432871819
0.5914292931556702,0.6701840758323669,0.18907833099365234
0.5057786107063293,0.6678869128227234,0.18684493005275726
0.5846253037452698,0.6772981882095337,0.19907182455062866
0.5111772418022156,0.6738301515579224,0.19624397158622742
0.5944826602935791,0.6910518407821655,0.038361866027116776
0.5046742558479309,0.6911527514457703,0.04236174374818802
-
0.5412327647209167,0.4083235263824463,-0.3063793480396271
0.5472803115844727,0.40287452936172485,-0.2862742245197296
0.5519616007804871,0.40303072333335876,-0.2862779498100281
0.5559844374656677,0.403126060962677,-0.2862885296344757
0.5343331098556519,0.4031253457069397,-0.2853134572505951
0.530177652835846,0.4035770297050476,-0.2853153347969055
0.5264555811882019,0.4037542939186096,-0.28526031970977783
0.5611451864242554,0.40647268295288086,-0.15088190138339996
0.5233982801437378,0.40706905722618103,-0.14687968790531158
0.5505856871604919,0.4147893786430359,-0.25473514199256897
0.5335657000541687,0.414672315120697,-0.2538832724094391
0.5993387699127197,0.44176679849624634,-0.06270762532949448
0.48978886008262634,0.4413875937461853,-0.041979171335697174
0.6618490815162659,0.4690731465816498,-0.11095952242612839
0.4350661337375641,0.46671923995018005,-0.059549033641815186
0.6109597682952881,0.4854506552219391,-0.3139325976371765
0.48365622758865356,0.4847089648246765,-0.22419235110282898
0.5970898270606995,0.4896068572998047,-0.3634212911128998
0.49568504095077515,0.48825883865356445,-0.2659650444984436
0.5911795496940613,0.48447099328041077,-0.3655225932598114
0.5010021924972534,0.48289212584495544,-0.2729952931404114
0.594670832157135,0.4821357727050781,-0.3171137869358063
0.49822959303855896,0.48126620054244995,-0.22891391813755035
0.5785719752311707,0.5340589284896851,-0.0058657326735556126
0.5140148401260376,0.5332191586494446,0.00572885200381279
0.5799598097801208,0.6059889197349548,-9.376898378832266e-05
0.5128670334815979,0.605225145816803,0.011723820120096207
0.5914539098739624,0.6701977252960205,0.1888730227947235
0.5057500600814819,0.6678772568702698,0.18673153221607208
0.5846637487411499,0.677318811416626,0.19890522956848145
0.5111140012741089,0.6737775802612305,0.19612614810466766
0.5944324731826782,0.6910535097122192,0.03816882520914078
0.5046236515045166,0.6911474466323853,0.04226767644286156
-
0.5412362217903137,0.4083380699157715,-0.30592483282089233
0.5473079085350037,0.40288692712783813,-0.2859850227832794
0.5519838333129883,0.4030407965183258,-0.2859891951084137
0.5559956431388855,0.40313372015953064,-0.2860008776187897
0.5343489050865173,0.4031398892402649,-0.28494971990585327
0.530190646648407,0.403592050075531,-0.2849506735801697
0.526463508605957,0.4037710130214691,-0.28489577770233154
0.5611662864685059,0.40648549795150757,-0.15075480937957764
0.5233988165855408,0.4070795178413391,-0.14675189554691315
0.5505896210670471,0.414794921875,-0.2544393539428711
0.5335768461227417,0.4146805703639984,-0.25349727272987366
0.59934401512146,0.44176968932151794,-0.06252254545688629
0.48982831835746765,0.4413622319698334,-0.04106850549578667
0.6617713570594788,0.4690791666507721,-0.11019480228424072
0.4350625276565552,0.4665907323360443,-0.05683347210288048
0.6109163761138916,0.48544806241989136,-0.311334490776062
0.4836358428001404,0.4847084581851959,-0.22083452343940735
0.5970607995986938,0.48960623145103455,-0.36079269647598267
0.49568215012550354,0.48826178908348083,-0.26231810450553894
0.5911673307418823,0.4844750761985779,-0.36304253339767456
0.5010010004043579,0.4828925132751465,-0.2695716321468353
0.5946586728096008,0.4821375012397766,-0.31457921862602234
0.498227596282959,0.48126429319381714,-0.22563618421554565
0.5785836577415466,0.5340714454650879,-0.005983253475278616
0.5140319466590881,0.5332162976264954,0.005847454536706209
0.5799676775932312,0.6060194969177246,-0.0004974376643076539
0.5128725171089172,0.6052248477935791,0.011721997521817684
0.5914687514305115,0.6702038645744324,0.18796111643314362
0.5057128667831421,0.6678634881973267,0.18624040484428406
0.5846992135047913,0.6773227453231812,0.19798614084720612
0.5110077261924744,0.6737014055252075,0.19560909271240234
0.5943487286567688,0.6910534501075745,0.03738130256533623
0.5045871138572693,0.6911314725875854,0.04194261133670807
-
0.5412487983703613,0.4083475172519684,-0.30584612488746643
0.547339916229248,0.40289515256881714,-0.28589436411857605
0.552009105682373,0.40304651856422424,-0.2858990430831909
0.5560078620910645,0.40313753485679626,-0.28591129183769226
0.5343708395957947,0.4031504690647125,-0.28488701581954956
0.5302079319953918,0.40360385179519653,-0.28488776087760925
0.5264737010002136,0.4037855267524719,-0.2848329246044159
0.5611830949783325,0.4064908027648926,-0.15058252215385437
0.5233985185623169,0.4070909917354584,-0.14673489332199097
0.5506039261817932,0.41479724645614624,-0.2543328106403351
0.5336019396781921,0.4146864414215088,-0.25343409180641174
0.5993474721908569,0.44177475571632385,-0.06249150633811951
0.4898354709148407,0.4413519501686096,-0.04091059789061546
0.6617618799209595,0.4690956175327301,-0.11015959084033966
0.43505385518074036,0.4665616452693939,-0.057945504784584045
0.6108582615852356,0.4854469895362854,-0.31187114119529724
0.4835866689682007,0.48470640182495117,-0.22457459568977356
0.5970022678375244,0.4896059036254883,-0.3616099953651428
0.49567079544067383,0.48826298117637634,-0.2667251229286194
0.5911577939987183,0.48447689414024353,-0.36376574635505676
0.5009967684745789,0.4828932285308838,-0.2736830413341522
0.5946534872055054,0.4821386933326721,-0.31512218713760376
0.49821582436561584,0.48126187920570374,-0.229331836104393
0.5786026120185852,0.5340742468833923,-0.005995841231197119
0.5140479803085327,0.5332097411155701,0.005860392469912767
0.5799851417541504,0.6060236096382141,-0.0008033219492062926
0.5128760933876038,0.605221688747406,0.011712617240846157
0.5914899706840515,0.6702196598052979,0.18790176510810852
0.5057084560394287,0.6678224802017212,0.18624074757099152
0.5847431421279907,0.6773456335067749,0.197967991232872
0.5109812021255493,0.673596978187561,0.19561241567134857
0.594345211982727,0.6910548210144043,0.037254732102155685
0.5045700073242188,0.6911173462867737,0.041934337466955185
-
0.5412601828575134,0.40835505723953247,-0.30534887313842773
0.5473567247390747,0.4029011130332947,-0.28541386127471924
0.552020788192749,0.4030497968196869,-0.28541985154151917
0.5560128688812256,0.40313974022865295,-0.28543347120285034
0.5343851447105408,0.40316134691238403,-0.28444916009902954
0.5302200317382812,0.4036160111427307,-0.28444910049438477
0.526480495929718,0.4038003087043762,-0.28439414501190186
0.5611869096755981,0.40649285912513733,-0.15010730922222137
0.5233978033065796,0.4071029722690582,-0.14644792675971985
0.5506158471107483,0.4147988259792328,-0.25381943583488464
0.533625602722168,0.4146912097930908,-0.25297796726226807
0.5993512868881226,0.4417804181575775,-0.06209840252995491
0.4898381531238556,0.44134220480918884,-0.04048177972435951
0.6617541909217834,0.46910566091537476,-0.109757199883461
0.43505042791366577,0.46656090021133423,-0.05781714618206024
0.6108097434043884,0.4854463040828705,-0.31180283427238464
0.4835602641105652,0.48470577597618103,-0.22459588944911957
0.5969508290290833,0.4896056056022644,-0.36168402433395386
0.4956662356853485,0.4882638454437256,-0.2665807008743286
0.5911512970924377,0.4844779372215271,-0.36378347873687744
0.5009943842887878,0.48289361596107483,-0.27382370829582214
0.5946515202522278,0.4821394383907318,-0.3150578737258911
0.4982072114944458,0.4812607765197754,-0.2294521927833557
0.5786211490631104,0.5340775847434998,-0.005993262864649296
0.5140527486801147,0.5332017540931702,0.005858215503394604
0.5799882411956787,0.6060250401496887,-0.0011462713591754436
0.512880802154541,0.6052205562591553,0.011583899147808552
0.5914943218231201,0.6702233552932739,0.18750794231891632
0.5057033896446228,0.6678173542022705,0.18575578927993774
0.5847498774528503,0.6773738861083984,0.19759058952331543
0.51097172498703,0.6735684275627136,0.19512948393821716
0.5943596959114075,0.6910547018051147,0.03695670887827873
0.5045461654663086,0.6911138296127319,0.04130763188004494
-
0.5412711501121521,0.40836626291275024,-0.30493491888046265
0.5473731756210327,0.40291208028793335,-0.2850077748298645
0.5520308017730713,0.40305811166763306,-0.2850147783756256
0.5560166835784912,0.40314555168151855,-0.28502947092056274
0.5343988537788391,0.40317946672439575,-0.2840833365917206
0.5302317142486572,0.4036349356174469,-0.28408294916152954
0.5264891386032104,0.40382200479507446,-0.2840280830860138
0.5611904859542847,0.4064982533454895,-0.1497180312871933
0.5233977437019348,0.4071194529533386,-0.14623944461345673
0.5506284236907959,0.41480040550231934,-0.2534019351005554
0.533649206161499,0.4146973192691803,-0.2526146173477173
0.5993483066558838,0.4417893886566162,-0.061832867562770844
0.48984014987945557,0.44133639335632324,-0.040079500526189804
0.6617221236228943,0.4691237807273865,-0.1093062087893486
0.4350493550300598,0.4665660262107849,-0.05750512704253197
0.6107460260391235,0.48544707894325256,-0.31154075264930725
0.4834957420825958,0.48470211029052734,-0.2244720309972763
0.596896767616272,0.4896077513694763,-0.3615398108959198
0.49563127756118774,0.4882640242576599,-0.26641857624053955
0.5911397933959961,0.48448053002357483,-0.3636183440685272
0.5009662508964539,0.48289385437965393,-0.2738354206085205
0.5946465134620667,0.48214125633239746,-0.3148130774497986
0.4981667399406433,0.4812588095664978,-0.22939911484718323
0.5786262154579163,0.5340799689292908,-0.005996343679726124
0.5140592455863953,0.533189594745636,0.005861625541001558
0.5799917578697205,0.6060169339179993,-0.0018622259376570582
0.5128759145736694,0.6052179932594299,0.011344309896230698
0.5914991497993469,0.6702287793159485,0.18655164539813995
0.5056912899017334,0.667815625667572,0.18491798639297485
0.5847546458244324,0.677395761013031,0.19662369787693024
0.5109516382217407,0.6735500693321228,0.1942698359489441
0.5943636894226074,0.6910548210144043,0.03607584536075592
0.5045082569122314,0.6911066770553589,0.040344588458538055
-
0.5412936210632324,0.40839633345603943,-0.30430731177330017
0.5474056601524353,0.40293651819229126,-0.2843480706214905
0.5520508885383606,0.4030779004096985,-0.28435641527175903
0.5560247302055359,0.40316081047058105,-0.28437212109565735
0.534426212310791,0.403209388256073,-0.2835002541542053
0.5302537679672241,0.4036628305912018,-0.28349944949150085
0.5265070796012878,0.40385252237319946,-0.2834446430206299
0.5611956119537354,0.40651196241378784,-0.14887484908103943
0.523398756980896,0.4071422219276428,-0.14580170810222626
0.550646960735321,0.41481226682662964,-0.2527059018611908
0.5336864590644836,0.4147188067436218,-0.25203195214271545
0.5993360280990601,0.4417991638183594,-0.06126562878489494
0.4898431599140167,0.4413330554962158,-0.03941088914871216
0.6616047620773315,0.469133198261261,-0.10908764600753784
0.43505018949508667,0.4665745198726654,-0.05740450322628021
0.6107014417648315,0.4854515492916107,-0.3115842640399933
0.48340848088264465,0.48468613624572754,-0.2252369374036789
0.5968713760375977,0.48961344361305237,-0.3615801930427551
0.495564728975296,0.4882637858390808,-0.26730579137802124
0.591138482093811,0.48448675870895386,-0.36366474628448486
0.5009164810180664,0.4828941226005554,-0.27476564049720764
0.5946455001831055,0.48214730620384216,-0.31485819816589355
0.4981037676334381,0.48125553131103516,-0.23020242154598236
0.5786319971084595,0.5340822339057922,-0.00600978871807456
0.5140643119812012,0.533181369304657,0.005875826347619295
0.580003023147583,0.6060097813606262,-0.0025915366131812334
0.5128782391548157,0.6052129864692688,0.01114967092871666
0.5915027260780334,0.6702328324317932,0.18537692725658417
0.5056889653205872,0.6678080558776855,0.18419942259788513
0.5847673416137695,0.6774052977561951,0.19540487229824066
0.5109469294548035,0.6735103130340576,0.19351990520954132
0.594365119934082,0.6910527944564819,0.03487781807780266
0.5044933557510376,0.6911027431488037,0.03954998031258583
-
0.5413072109222412,0.40841683745384216,-0.3042868971824646
0.547432005405426,0.40295886993408203,-0.2842918932437897
0.5520663261413574,0.4030984938144684,-0.2843005359172821
0.5560303926467896,0.40317806601524353,-0.2843170166015625
0.534442126750946,0.4032335877418518,-0.283473938703537
0.5302636027336121,0.40368548035621643,-0.2834728956222534
0.526513397693634,0.4038761258125305,-0.28341785073280334
0.5611987113952637,0.40653300285339355,-0.14875584840774536
0.5233979821205139,0.40716448426246643,-0.14576606452465057
0.5506558418273926,0.4148218035697937,-0.2526812255382538
0.5337029695510864,0.41473451256752014,-0.25202593207359314
0.599320113658905,0.4418209493160248,-0.06120678409934044
0.4898398220539093,0.44133153557777405,-0.03933677822351456
0.6615058779716492,0.4691348075866699,-0.10881417244672775
0.4350484311580658,0.4665990471839905,-0.0569639690220356
0.610690176486969,0.4854578375816345,-0.3107813596725464
0.4833720326423645,0.4846767485141754,-0.2234332412481308
0.59682697057724,0.4896225929260254,-0.360855370759964
0.49555787444114685,0.4882640242576599,-0.26528745889663696
0.5911328196525574,0.4844939708709717,-0.3629990816116333
0.5009138584136963,0.4828944206237793,-0.2728099524974823
0.5946428775787354,0.4821527898311615,-0.3140994608402252
0.4980987012386322,0.4812532961368561,-0.22839662432670593
0.5786377191543579,0.5340789556503296,-0.006071807350963354
0.5140693187713623,0.5331758260726929,0.005939336493611336
0.5800121426582336,0.6060051918029785,-0.003924534190446138
0.5128754377365112,0.6052116751670837,0.011086304672062397
0.5915067195892334,0.6702356338500977,0.1847267597913742
0.5056880116462708,0.6678035855293274,0.1840655505657196
0.584771454334259,0.6774207353591919,0.1948147416114807
0.5109549760818481,0.6734923124313354,0.19339828193187714
0.5943582653999329,0.6910524964332581,0.03432045876979828
0.5044764876365662,0.691093921661377,0.03946578502655029
-
0.5413082838058472,0.40843456983566284,-0.3044607937335968
0.5474444627761841,0.40298882126808167,-0.28438860177993774
0.5520724058151245,0.4031330943107605,-0.2843974530696869
0.5560319423675537,0.4032104015350342,-0.2844146490097046
0.5344507098197937,0.4032531678676605,-0.28364047408103943
0.5302688479423523,0.4037007689476013,-0.28363946080207825
0.5265179872512817,0.4038882851600647,-0.28358450531959534
0.5612020492553711,0.406562477350235,-0.1487284153699875
0.5233964920043945,0.40716809034347534,-0.14599843323230743
0.5506529211997986,0.41482895612716675,-0.25278785824775696
0.5337047576904297,0.4147459864616394,-0.2522401511669159
0.5992591381072998,0.44185319542884827,-0.061170779168605804
0.4897923767566681,0.4413279891014099,-0.0393492728471756
0.6613603830337524,0.4691387116909027,-0.10831528902053833
0.43504688143730164,0.4666031301021576,-0.055676426738500595
0.6102471947669983,0.4854927659034729,-0.30961862206459045
0.4832761883735657,0.4846596121788025,-0.21881811320781708
0.5963480472564697,0.4896482527256012,-0.35986557602882385
0.49551743268966675,0.48826631903648376,-0.2602730691432953
0.590851902961731,0.48452028632164,-0.36216622591018677
0.5008979439735413,0.482901394367218,-0.26817768812179565
0.5943759679794312,0.48218902945518494,-0.3130360543727875
0.49806153774261475,0.48125195503234863,-0.22384990751743317
0.5786442160606384,0.534047544002533,-0.006068151444196701
0.5140765309333801,0.533171534538269,0.005936357658356428
0.5800626277923584,0.6059974431991577,-0.00427970802411437
0.5128759145736694,0.6052079200744629,0.010817497037351131
0.5915108323097229,0.6702381372451782,0.18486817181110382
0.5056860446929932,0.6678026914596558,0.18406681716442108
0.5847771167755127,0.6774386167526245,0.19495323300361633
0.5109554529190063,0.6734856963157654,0.1934141218662262
0.5943698883056641,0.6910539269447327,0.034478794783353806
0.5044707655906677,0.6910737156867981,0.039383113384246826
-
0.5413107872009277,0.4084499478340149,-0.30503207445144653
0.5474688410758972,0.403017520904541,-0.2847248315811157
0.5520860552787781,0.4031665325164795,-0.28473421931266785
0.5560359358787537,0.4032434821128845,-0.28475287556648254
0.5344669818878174,0.40326714515686035,-0.28414708375930786
0.5302796959877014,0.4037107825279236,-0.2841454744338989
0.526524543762207,0.40389519929885864,-0.28409042954444885
0.5612075328826904,0.4065932333469391,-0.14870145916938782
0.5233945846557617,0.4071715474128723,-0.14635998010635376
0.5506505370140076,0.4148350656032562,-0.25308579206466675
0.5337058305740356,0.4147532880306244,-0.2527869641780853
0.5991372466087341,0.44188088178634644,-0.06113453954458237
0.48973166942596436,0.44132375717163086,-0.03943751007318497
0.6612623929977417,0.46914029121398926,-0.10824413597583771
0.4350438714027405,0.46657276153564453,-0.05592206493020058
0.6097469329833984,0.4855106770992279,-0.30981120467185974
0.4831865429878235,0.48463568091392517,-0.21977320313453674
0.5959552526473999,0.48964864015579224,-0.36051928997039795
0.49549487233161926,0.48827046155929565,-0.26151207089424133
0.590610682964325,0.4845210015773773,-0.36292389035224915
0.5008952617645264,0.4829105734825134,-0.2694338858127594
0.5941079258918762,0.4821942448616028,-0.31331318616867065
0.4980491101741791,0.4812507629394531,-0.22483891248703003
0.5786488056182861,0.5339428186416626,-0.005996020045131445
0.5140817165374756,0.5331488251686096,0.005866726394742727
0.580177366733551,0.6059898138046265,-0.004938468802720308
0.5128768682479858,0.6052040457725525,0.010054582729935646
0.5915228724479675,0.670241117477417,0.1851600855588913
0.5056845545768738,0.6678048968315125,0.18412083387374878
0.5848125219345093,0.6774505376815796,0.19544370472431183
0.5109530687332153,0.6734837889671326,0.19351762533187866
0.5944471955299377,0.6910542845726013,0.03461068868637085
0.5044304728507996,0.6910673379898071,0.039330679923295975
-
0.5413117408752441,0.408474862575531,-0.3068537712097168
0.5474920272827148,0.40306052565574646,-0.2862759828567505
0.5520954132080078,0.4032175540924072,-0.2862849533557892
0.5560375452041626,0.4032941460609436,-0.28630515933036804
0.5344814658164978,0.40328535437583923,-0.28595635294914246
0.5302887558937073,0.4037221372127533,-0.28595447540283203
0.5265293121337891,0.4039026200771332,-0.2858997583389282
0.5612117052078247,0.4066286087036133,-0.1488717943429947
0.5233883261680603,0.40717530250549316,-0.1476355344057083
0.5506393909454346,0.4148450493812561,-0.2543291747570038
0.5336967706680298,0.4147610664367676,-0.2543897330760956
0.5989599227905273,0.44189468026161194,-0.061123576015233994
0.48959842324256897,0.44130969047546387,-0.03990015387535095
0.6612257957458496,0.46914124488830566,-0.10821473598480225
0.4350305199623108,0.46651405096054077,-0.05556183308362961
0.6094377040863037,0.4855109751224518,-0.31131577491760254
0.48299556970596313,0.4845968782901764,-0.21821759641170502
0.5957577228546143,0.4896334707736969,-0.36292022466659546
0.4953908324241638,0.488275945186615,-0.2599881589412689
0.5904626846313477,0.4845006465911865,-0.36547547578811646
0.5008639693260193,0.48293453454971313,-0.2685735821723938
0.5939235091209412,0.4821890890598297,-0.3150221109390259
0.49798184633255005,0.48125165700912476,-0.22352318465709686
0.5786551833152771,0.5338627099990845,-0.005757942330092192
0.5140894651412964,0.5331346988677979,0.005632030311971903
0.5802888870239258,0.6059833765029907,-0.00504260091111064
0.5128758549690247,0.6052033305168152,0.009489460848271847
0.5915268659591675,0.6702523231506348,0.1881779581308365
0.5056849122047424,0.6677965521812439,0.1858842670917511
0.5848169326782227,0.6774754524230957,0.19897174835205078
0.5109511017799377,0.6734374761581421,0.19563022255897522
0.5946396589279175,0.6910654902458191,0.03695453703403473
0.5043701529502869,0.6910623908042908,0.03996589034795761
-
0.5413101315498352,0.40848207473754883,-0.3083367347717285
0.5475022196769714,0.40307775139808655,-0.2875201404094696
0.5520986914634705,0.403240829706192,-0.2875291407108307
0.5560388565063477,0.40331873297691345,-0.2875506281852722
0.5344886183738708,0.40329012274742126,-0.287365198135376
0.5302913188934326,0.4037276804447174,-0.2873629331588745
0.5265313386917114,0.40390872955322266,-0.2873062491416931
0.5612156987190247,0.40665072202682495,-0.14908583462238312
0.5233681797981262,0.4071745276451111,-0.14882159233093262
0.5506105422973633,0.4148479104042053,-0.2554870843887329
0.5336728692054749,0.4147655963897705,-0.25582155585289
0.5986624360084534,0.44191575050354004,-0.06116989627480507
0.48940515518188477,0.44130760431289673,-0.04050169885158539
0.6611731052398682,0.46914100646972656,-0.1093260869383812
0.43500816822052,0.4664440155029297,-0.055981460958719254
0.6089158654212952,0.4855116903781891,-0.3163147270679474
0.48279714584350586,0.48454993963241577,-0.21910592913627625
0.5953705906867981,0.48959988355636597,-0.36872485280036926
0.49525535106658936,0.4882763922214508,-0.26113998889923096
0.5901676416397095,0.4844667315483093,-0.3708391785621643
0.50077885389328,0.4829476773738861,-0.2703787386417389
0.593610405921936,0.4821815490722656,-0.319949209690094
0.4978633522987366,0.4812515377998352,-0.22469092905521393
0.5786615014076233,0.5337844491004944,-0.005575114395469427
0.5140974521636963,0.533113956451416,0.005450072698295116
0.5804029107093811,0.6059726476669312,-0.00552207138389349
0.512886106967926,0.6051943898200989,0.009078732691705227
0.5915235280990601,0.6702555418014526,0.18965154886245728
0.5056778192520142,0.6677784323692322,0.18737979233264923
0.5848172903060913,0.6774807572364807,0.20072846114635468
0.5108822584152222,0.6733475923538208,0.19739843904972076
0.5947262048721313,0.6911046504974365,0.03858717530965805
0.5043394565582275,0.6910362243652344,0.04103536903858185
-
0.5413060784339905,0.408500999212265,-0.3104948401451111
0.5475113987922668,0.40310782194137573,-0.28967368602752686
0.5521023273468018,0.4032793939113617,-0.289682000875473
0.5560385584831238,0.40335941314697266,-0.28970569372177124
0.5344967842102051,0.4032939076423645,-0.28970327973365784
0.5302940607070923,0.4037317633628845,-0.2897007465362549
0.5265330672264099,0.403913676738739,-0.2896422743797302
0.5612189173698425,0.40667110681533813,-0.15043719112873077
0.523335874080658,0.4071733057498932,-0.15143847465515137
0.5505820512771606,0.41485971212387085,-0.25741448998451233
0.5336520075798035,0.41476917266845703,-0.25801560282707214
0.5982529520988464,0.44192975759506226,-0.061809077858924866
0.4891785979270935,0.4413057863712311,-0.042077530175447464
0.6609164476394653,0.46913617849349976,-0.10930390655994415
0.43495291471481323,0.4663029611110687,-0.05562935397028923
0.6082394123077393,0.4855119287967682,-0.3161417543888092
0.4823632538318634,0.48440876603126526,-0.21561478078365326
0.594876229763031,0.48957115411758423,-0.36853158473968506
0.49488288164138794,0.48826390504837036,-0.2570328712463379
0.5897756218910217,0.48445039987564087,-0.3705764710903168
0.5004594326019287,0.4829496443271637,-0.26642465591430664
0.5932078957557678,0.48218050599098206,-0.31985002756118774
0.497514545917511,0.48124343156814575,-0.2211807817220688
0.578667938709259,0.5337157249450684,-0.005414708983153105
0.5141049027442932,0.5331053733825684,0.005291690584272146
0.5805242657661438,0.6059719324111938,-0.00554664758965373
0.5128939747810364,0.6051925420761108,0.009014109149575233
0.5915247797966003,0.6703022718429565,0.19078540802001953
0.5056823492050171,0.6677490472793579,0.18891948461532593
0.5848192572593689,0.6774933338165283,0.2019568532705307
0.5108743906021118,0.6732260584831238,0.19908924400806427
0.5948673486709595,0.691272497177124,0.039810292422771454
0.504328727722168,0.6910125613212585,0.042549461126327515
-
0.5413062572479248,0.40856871008872986,-0.31216514110565186
0.5475537776947021,0.40318894386291504,-0.29138556122779846
0.5521137714385986,0.40336570143699646,-0.2913932204246521
0.5560396313667297,0.40345168113708496,-0.29141685366630554
0.5345239043235779,0.4033200144767761,-0.2915676534175873
0.5303053259849548,0.40374594926834106,-0.2915652394294739
0.5265384912490845,0.403923362493515,-0.2915053367614746
0.5612255334854126,0.4067278802394867,-0.15143443644046783
0.5233083963394165,0.4071741998195648,-0.15340086817741394
0.5505626797676086,0.41490569710731506,-0.2587999403476715
0.5336422324180603,0.41479378938674927,-0.25962507724761963
0.5979147553443909,0.4419465661048889,-0.06193077191710472
0.48897820711135864,0.44130516052246094,-0.04298659786581993
0.6604601740837097,0.4691365361213684,-0.1091684103012085
0.4348876178264618,0.4662654995918274,-0.0557205006480217
0.6077443361282349,0.4855121672153473,-0.31592458486557007
0.4821012616157532,0.48434510827064514,-0.2168426513671875
0.5944766402244568,0.48954862356185913,-0.3680649697780609
0.49466216564178467,0.48825734853744507,-0.25844669342041016
0.5894361138343811,0.484443336725235,-0.3701428771018982
0.5002228617668152,0.4829508662223816,-0.2674221098423004
0.5928846001625061,0.4821805953979492,-0.31960010528564453
0.49726617336273193,0.48123711347579956,-0.22228458523750305
0.5786734819412231,0.5336779952049255,-0.005226518493145704
0.5141205787658691,0.5331026315689087,0.0051044379360973835
0.5806443691253662,0.6059746146202087,-0.00563837680965662
0.5129134654998779,0.6051915287971497,0.008739197626709938
0.5915289521217346,0.6703300476074219,0.1918632537126541
0.5056955814361572,0.6677477955818176,0.18953827023506165
0.5848174691200256,0.6774984002113342,0.2031453400850296
0.5108729600906372,0.673189103603363,0.19977834820747375
0.5949928164482117,0.6914334893226624,0.041162144392728806
0.504323422908783,0.6910083889961243,0.04306718334555626
-
0.5412970185279846,0.4086151719093323,-0.31179970502853394
0.547563910484314,0.4032402038574219,-0.291096568107605
0.5521177649497986,0.4034227430820465,-0.29110413789749146
0.5560369491577148,0.40351349115371704,-0.2911267876625061
0.5345281362533569,0.40333470702171326,-0.29121628403663635
0.5303085446357727,0.40375351905822754,-0.29121384024620056
0.5265375375747681,0.4039272367954254,-0.2911541759967804
0.5612285733222961,0.4067603647708893,-0.15138939023017883
0.5232697129249573,0.4071730971336365,-0.15325535833835602
0.5505194664001465,0.4149421751499176,-0.2585705518722534
0.5336048007011414,0.41481542587280273,-0.2593095302581787
0.5976702570915222,0.44196122884750366,-0.061908621340990067
0.48886221647262573,0.4413047730922699,-0.042965345084667206
0.6602085828781128,0.46913522481918335,-0.10909795761108398
0.4348439574241638,0.4662407338619232,-0.05582353100180626
0.6075195670127869,0.48550763726234436,-0.31579211354255676
0.4818061888217926,0.4842466413974762,-0.21754901111125946
0.5942904353141785,0.4895157217979431,-0.36778151988983154
0.49441826343536377,0.48823967576026917,-0.25929251313209534
0.5892629027366638,0.4844231605529785,-0.3698728382587433
0.4999861717224121,0.4829496741294861,-0.2680596113204956
0.5927215814590454,0.4821743369102478,-0.31943267583847046
0.49702125787734985,0.4812154769897461,-0.22293144464492798
0.5786784291267395,0.5336621999740601,-0.005166409537196159
0.5141305327415466,0.5331002473831177,0.00504461582750082
0.5806996822357178,0.6059755682945251,-0.005422540009021759
0.5129142999649048,0.605189859867096,0.008685950189828873
0.5915323495864868,0.6703413724899292,0.19149498641490936
0.5056930780410767,0.667739987373352,0.18911847472190857
0.5848053097724915,0.677503228187561,0.20261245965957642
0.5108508467674255,0.6731563210487366,0.1992492526769638
0.5950770378112793,0.6915105581283569,0.04089256003499031
0.5042976140975952,0.6909674406051636,0.04265096038579941
-
0.541261613368988,0.4086228907108307,-0.3116656541824341
0.5475682020187378,0.4032461643218994,-0.2909579575061798
0.5521136522293091,0.4034346044063568,-0.29096606373786926
0.5560189485549927,0.40352827310562134,-0.29098838567733765
0.5345265865325928,0.40334123373031616,-0.29117551445961
0.5302994251251221,0.4037581980228424,-0.291174054145813
0.5265130996704102,0.4039292335510254,-0.2911160886287689
0.5612185001373291,0.4067649245262146,-0.15102894604206085
0.52320796251297,0.4071579873561859,-0.15309423208236694
0.550440788269043,0.41495078802108765,-0.25828826427459717
0.533527135848999,0.4148191809654236,-0.25917673110961914
0.5974668264389038,0.44197115302085876,-0.06124559044837952
0.4887493848800659,0.44130364060401917,-0.04253712669014931
0.6600745320320129,0.4691329598426819,-0.10867858678102493
0.43479469418525696,0.46624112129211426,-0.054333072155714035
0.6073290705680847,0.48550739884376526,-0.31573784351348877
0.4817240834236145,0.4842294752597809,-0.2159702032804489
0.5941023230552673,0.48950067162513733,-0.36766573786735535
0.49436208605766296,0.4882376194000244,-0.25737515091896057
0.5891031622886658,0.484405517578125,-0.36976009607315063
0.4999179542064667,0.4829558730125427,-0.2661917507648468
0.5925723314285278,0.48216766119003296,-0.31935998797416687
0.49694302678108215,0.48121413588523865,-0.2212991565465927
0.5786817073822021,0.5336654782295227,-0.005109292455017567
0.514136791229248,0.5331010222434998,0.004988096654415131
0.5807093381881714,0.6059798002243042,-0.004358111880719662
0.5129156112670898,0.6051919460296631,0.00878878589719534
0.5915438532829285,0.6703373193740845,0.1920408010482788
0.5056907534599304,0.6677259206771851,0.18909962475299835
0.584803581237793,0.6774689555168152,0.20305708050727844
0.5108310580253601,0.673101544380188,0.1991632878780365
0.5953717827796936,0.6915149092674255,0.04178917780518532
0.5042613744735718,0.6909568905830383,0.04265042021870613
-
0.5411824584007263,0.4086262285709381,-0.30766528844833374
0.5475408434867859,0.40324926376342773,-0.2869471311569214
0.5520774126052856,0.40344420075416565,-0.2869572043418884
0.5559723973274231,0.4035411477088928,-0.28697675466537476
0.5344935655593872,0.4033454954624176,-0.2870744466781616
0.5302615165710449,0.40376001596450806,-0.28707048296928406
0.5264574885368347,0.40392646193504333,-0.28700873255729675
0.5611928105354309,0.40676799416542053,-0.1472577601671219
0.5231291055679321,0.40713778138160706,-0.14906279742717743
0.5503139495849609,0.4149560332298279,-0.25443220138549805
0.5334011316299438,0.41482311487197876,-0.2551993131637573
0.597359299659729,0.4419741630554199,-0.058069609105587006
0.48866966366767883,0.44130149483680725,-0.03975722938776016
0.659940779209137,0.46913057565689087,-0.10802704840898514
0.43476977944374084,0.46625787019729614,-0.05447997525334358
0.6071968674659729,0.48550477623939514,-0.3162309229373932
0.4816756248474121,0.4842141568660736,-0.21987518668174744
0.5939867496490479,0.4894837737083435,-0.36834678053855896
0.49434152245521545,0.4882369935512543,-0.2620534896850586
0.588996946811676,0.48436909914016724,-0.37031957507133484
0.4998716711997986,0.4829695224761963,-0.27063262462615967
0.5924758911132812,0.4821418225765228,-0.31982865929603577
0.49688225984573364,0.48121410608291626,-0.22526368498802185
0.5786783695220947,0.5336775183677673,-0.0050145587883889675
0.5141412019729614,0.5331014394760132,0.004893945530056953
0.5807136297225952,0.605982780456543,-0.0036587133072316647
0.5129187703132629,0.6051917672157288,0.008792907930910587
0.5915638208389282,0.6703106164932251,0.1923055499792099
0.5056843161582947,0.6676918864250183,0.1890229731798172
0.584801197052002,0.6773945689201355,0.20325912535190582
0.5107841491699219,0.6730314493179321,0.19906993210315704
0.5956295132637024,0.6914977431297302,0.042434606701135635
0.5042352080345154,0.6909130811691284,0.042620524764060974
-
0.5410760045051575,0.408632755279541,-0.3044995069503784
0.5474758744239807,0.4032551646232605,-0.2837052345275879
0.5520105361938477,0.4034477174282074,-0.2837155759334564
0.5559014678001404,0.4035455584526062,-0.28373387455940247
0.5344375371932983,0.40334612131118774,-0.2837013006210327
0.5302035212516785,0.40375813841819763,-0.28369662165641785
0.5263896584510803,0.4039197862148285,-0.28363263607025146
0.5611587762832642,0.40677085518836975,-0.14428986608982086
0.5230493545532227,0.40712276101112366,-0.1455739587545395
0.5501662492752075,0.4149587154388428,-0.251477986574173
0.5332605838775635,0.4148279130458832,-0.2520633637905121
0.5972808599472046,0.44197630882263184,-0.055711835622787476
0.48859888315200806,0.44130048155784607,-0.037692565470933914
0.6598551273345947,0.46912580728530884,-0.10765943676233292
0.43474888801574707,0.4662937521934509,-0.05458800122141838
0.6071473360061646,0.4854957163333893,-0.3170572519302368
0.4816427528858185,0.48420676589012146,-0.22234249114990234
0.5939377546310425,0.4894583821296692,-0.3694207966327667
0.4943094849586487,0.4882360100746155,-0.2649323046207428
0.5889489054679871,0.4843165874481201,-0.371182918548584
0.4998110830783844,0.482983261346817,-0.27325642108917236
0.5924342274665833,0.4820968210697174,-0.32061997056007385
0.49682313203811646,0.48121532797813416,-0.22772002220153809
0.5786747336387634,0.5336920619010925,-0.00478849234059453
0.5141383409500122,0.5331048965454102,0.004667346831411123
0.5807114243507385,0.6059919595718384,-0.0035716916900128126
0.5129270553588867,0.6052024364471436,0.008604384958744049
0.5916194915771484,0.670298159122467,0.19296926259994507
0.5056770443916321,0.6676700711250305,0.18900269269943237
0.584804892539978,0.6773720979690552,0.2040056586265564
0.5107370615005493,0.6729828119277954,0.199037104845047
0.5961505770683289,0.6914827823638916,0.04356293007731438
0.5042304992675781,0.6908859014511108,0.04261363297700882
-
0.5409096479415894,0.4086381793022156,-0.3034534454345703
0.5473222136497498,0.40326017141342163,-0.2826821506023407
0.5518741011619568,0.40345296263694763,-0.2826923131942749
0.5557790398597717,0.4035494327545166,-0.2827097475528717
0.5343285202980042,0.40334534645080566,-0.2825990319252014
0.5301063656806946,0.40375465154647827,-0.2825942039489746
0.5262938737869263,0.40391045808792114,-0.282529354095459
0.5610905885696411,0.4067748486995697,-0.14341668784618378
0.5229630470275879,0.4071076810359955,-0.14430244266986847
0.5499527454376221,0.41496211290359497,-0.250503808259964
0.5330655574798584,0.4148322641849518,-0.25095832347869873
0.597232460975647,0.4419795572757721,-0.05456068366765976
0.4885531961917877,0.4412994980812073,-0.036842867732048035
0.6598178148269653,0.4691232740879059,-0.10686418414115906
0.43474337458610535,0.466361939907074,-0.053887151181697845
0.6070969700813293,0.485487699508667,-0.3169960081577301
0.4816390872001648,0.4842168390750885,-0.2218569666147232
0.5938928723335266,0.4894331395626068,-0.3693329393863678
0.49430519342422485,0.4882449209690094,-0.26441657543182373
0.5889050960540771,0.48426365852355957,-0.37109315395355225
0.49980005621910095,0.4830264449119568,-0.27278822660446167
0.5923899412155151,0.48205509781837463,-0.3205558657646179
0.49681249260902405,0.4812396168708801,-0.2272476851940155
0.5786740183830261,0.5337219834327698,-0.004532903432846069
0.5141353607177734,0.5331152677536011,0.0044113025069236755
0.5807092189788818,0.6060105562210083,-0.0032497800420969725
0.5129392743110657,0.6052266955375671,0.008567008189857006
0.5916643142700195,0.6702850461006165,0.1942576915025711
0.5056542158126831,0.6676498651504517,0.18935850262641907
0.5848001837730408,0.6773646473884583,0.20540449023246765
0.5106731653213501,0.6729346513748169,0.19941872358322144
0.5966513156890869,0.6914694309234619,0.045178309082984924
0.5042023658752441,0.6908746361732483,0.04288041219115257
-
0.5407249331474304,0.40864285826683044,-0.303433895111084
0.5471487045288086,0.4032631814479828,-0.2827419638633728
0.5517292022705078,0.403459370136261,-0.28275182843208313
0.555648922920227,0.40355849266052246,-0.2827686667442322
0.5341353416442871,0.40334758162498474,-0.28256839513778687
0.5299317836761475,0.4037562310695648,-0.28256386518478394
0.5261286497116089,0.4039101004600525,-0.28249919414520264
0.5610030293464661,0.4067787230014801,-0.14370658993721008
0.5228291153907776,0.40710321068763733,-0.1441727578639984
0.5497559309005737,0.4149719178676605,-0.2505749762058258
0.5328143835067749,0.4148417115211487,-0.25089502334594727
0.5972049832344055,0.44198155403137207,-0.05486169457435608
0.48850029706954956,0.44130125641822815,-0.03667115420103073
0.6598154902458191,0.4691188335418701,-0.10749337077140808
0.43473467230796814,0.4664558470249176,-0.05446130409836769
0.6070560812950134,0.48547643423080444,-0.31949836015701294
0.48163655400276184,0.48421579599380493,-0.2259702831506729
0.5938396453857422,0.4894171357154846,-0.3718020021915436
0.494302362203598,0.48824864625930786,-0.2688482999801636
0.5888549089431763,0.4842107892036438,-0.37345463037490845
0.49978747963905334,0.4830494523048401,-0.2767775058746338
0.5923500657081604,0.4820038676261902,-0.322997510433197
0.4967988431453705,0.4812462329864502,-0.23124490678310394
0.578672468662262,0.533788800239563,-0.004531923681497574
0.5141324996948242,0.5331575274467468,0.00441032275557518
0.58070969581604,0.6060436367988586,-0.002335202880203724
0.5129373669624329,0.6052675247192383,0.009318605065345764
0.5917015671730042,0.6702832579612732,0.196012943983078
0.5056097507476807,0.6676127314567566,0.19086888432502747
0.5848135352134705,0.6773570775985718,0.20720632374286652
0.5105808973312378,0.6728768348693848,0.2009812742471695
0.5967183709144592,0.6914660334587097,0.04718732461333275
0.5041323900222778,0.6908570528030396,0.04489559680223465
-
0.5404251217842102,0.40864482522010803,-0.303484708070755
0.5467047691345215,0.40325337648391724,-0.2828615605831146
0.5513942837715149,0.4034571647644043,-0.28287091851234436
0.5553886890411377,0.40355873107910156,-0.2828858196735382
0.5337256789207458,0.4033452570438385,-0.28264757990837097
0.529579222202301,0.40375107526779175,-0.28264304995536804
0.5258262157440186,0.4039003849029541,-0.28257879614830017
0.5608229637145996,0.4067654013633728,-0.14451958239078522
0.5226292610168457,0.40709203481674194,-0.1443530023097992
0.5495080351829529,0.41497498750686646,-0.2507232427597046
0.5324941277503967,0.4148453176021576,-0.2510019540786743
0.5972009301185608,0.4419841766357422,-0.05554129183292389
0.4884813129901886,0.44130295515060425,-0.03670380264520645
0.6598395109176636,0.46911072731018066,-0.10869982093572617
0.4347307085990906,0.4665082097053528,-0.05389873683452606
0.6070120930671692,0.485460102558136,-0.3207392990589142
0.48163366317749023,0.48421454429626465,-0.22078336775302887
0.5938072204589844,0.489391952753067,-0.37276536226272583
0.4942992329597473,0.4882543981075287,-0.2625519931316376
0.5888200402259827,0.48413151502609253,-0.37438806891441345
0.4997773766517639,0.4830739498138428,-0.2705841362476349
0.5923207402229309,0.48193055391311646,-0.3241826295852661
0.49679112434387207,0.48125314712524414,-0.2259361743927002
0.5786675214767456,0.5338552594184875,-0.004500286653637886
0.5141289234161377,0.5331944227218628,0.004377244506031275
0.5807143449783325,0.6060582995414734,-0.0004716921248473227
0.5129387378692627,0.605289876461029,0.010353104211390018
0.5917811393737793,0.6702815294265747,0.19773900508880615
0.5055563449859619,0.6675606966018677,0.19265013933181763
0.5848511457443237,0.6773563623428345,0.2089202105998993
0.510466456413269,0.6727861166000366,0.20284633338451385
0.5968411564826965,0.6914522647857666,0.048875756561756134
0.5040797591209412,0.6908398866653442,0.04705038666725159
-
0.5402011275291443,0.4086463451385498,-0.3043726682662964
0.5463420152664185,0.40323978662490845,-0.28397059440612793
0.551112174987793,0.4034487307071686,-0.2839790880680084
0.5551624894142151,0.4035528302192688,-0.2839925289154053
0.5333731174468994,0.4033428728580475,-0.2835231423377991
0.5292719006538391,0.40374618768692017,-0.28351932764053345
0.525571882724762,0.40389305353164673,-0.28345581889152527
0.5606008172035217,0.40673670172691345,-0.14597927033901215
0.5224320292472839,0.40708500146865845,-0.14477144181728363
0.5493380427360535,0.4149770140647888,-0.2517178952693939
0.5322446823120117,0.4148484170436859,-0.25166431069374084
0.5971955060958862,0.4419845938682556,-0.05611118674278259
0.48845428228378296,0.44130539894104004,-0.037281911820173264
0.6599277853965759,0.4691006541252136,-0.10908793658018112
0.4347200095653534,0.46654972434043884,-0.052449945360422134
0.6070140600204468,0.48544082045555115,-0.32137009501457214
0.48162904381752014,0.4842151999473572,-0.21376177668571472
0.5938071012496948,0.48937711119651794,-0.3733467161655426
0.49427562952041626,0.4882639944553375,-0.2546924650669098
0.588817834854126,0.4840725064277649,-0.37504661083221436
0.49974796175956726,0.4831061363220215,-0.26313477754592896
0.5923189520835876,0.4818727374076843,-0.3248421251773834
0.4967706799507141,0.48126596212387085,-0.2189285308122635
0.578661322593689,0.5339152812957764,-0.004335493315011263
0.5141162872314453,0.5332378149032593,0.004210704937577248
0.5807162523269653,0.6060677766799927,0.0007784999324940145
0.5129382014274597,0.6053381562232971,0.01093750074505806
0.59182208776474,0.6702686548233032,0.20095489919185638
0.5055275559425354,0.66753089427948,0.19550584256649017
0.5848579406738281,0.6773473024368286,0.2123779058456421
0.5104178786277771,0.6727316379547119,0.20593783259391785
0.5970312356948853,0.6914299726486206,0.05216953903436661
0.5040051341056824,0.6908367276191711,0.04980193078517914
-
0.5399668216705322,0.40864619612693787,-0.3044430911540985
0.5459509491920471,0.40322113037109375,-0.28403887152671814
0.5508033037185669,0.4034329056739807,-0.28404736518859863
0.554917573928833,0.4035402834415436,-0.28406110405921936
0.5329917073249817,0.4033413529396057,-0.28358978033065796
0.5289339423179626,0.4037417471408844,-0.2835860252380371
0.5252982378005981,0.40388765931129456,-0.28352290391921997
0.5603340864181519,0.4066956043243408,-0.1460699886083603
0.5222227573394775,0.4070822596549988,-0.14481663703918457
0.5491460561752319,0.4149770736694336,-0.25179165601730347
0.53199702501297,0.4148513376712799,-0.251737505197525
0.597190260887146,0.4419832229614258,-0.05618114396929741
0.4884326457977295,0.44130825996398926,-0.037311114370822906
0.6600478291511536,0.46908998489379883,-0.10916366428136826
0.4347003996372223,0.46656981110572815,-0.050708360970020294
0.6070648431777954,0.485405296087265,-0.3214944303035736
0.48162487149238586,0.48421478271484375,-0.2086648792028427
0.5938268303871155,0.4893534779548645,-0.37344592809677124
0.4942518472671509,0.48827362060546875,-0.2492445409297943
0.5888192653656006,0.48401007056236267,-0.375177800655365
0.4997241497039795,0.48313403129577637,-0.2578807771205902
0.5923259854316711,0.4818035066127777,-0.32499244809150696
0.4967573285102844,0.481276273727417,-0.21386750042438507
0.578651487827301,0.5340088605880737,-0.004215850494801998
0.5141040086746216,0.5332901477813721,0.00409012520685792
0.5807180404663086,0.6060863733291626,0.0014513845089823008
0.5129343271255493,0.6053913235664368,0.011297440156340599
0.5918707847595215,0.6702659130096436,0.2024592012166977
0.5055192112922668,0.6675258874893188,0.19676922261714935
0.5848783850669861,0.6773450374603271,0.2139611542224884
0.5103874802589417,0.6727097630500793,0.20726193487644196
0.5971255898475647,0.6914204955101013,0.05358829349279404
0.5039494037628174,0.6908308267593384,0.05098862573504448
-
0.5396507382392883,0.4086381793022156,-0.30372631549835205
0.5454771518707275,0.4031845033168793,-0.2835920453071594
0.5504142045974731,0.40339145064353943,-0.28359976410865784
0.5546290874481201,0.40350571274757385,-0.2836131453514099
0.5325223207473755,0.403337299823761,-0.2827945053577423
0.5285055637359619,0.4037321209907532,-0.28279027342796326
0.5249775648117065,0.403879314661026,-0.2827279269695282
0.5600758194923401,0.4066396653652191,-0.1461382955312729
0.5219898223876953,0.40708041191101074,-0.14404135942459106
0.5488771796226501,0.4149712026119232,-0.2515614330768585
0.5316477417945862,0.4148545265197754,-0.2510417401790619
0.5971988439559937,0.4419774115085602,-0.056695614010095596
0.488427996635437,0.4413079619407654,-0.0372316874563694
0.6601368188858032,0.46904081106185913,-0.10932453721761703
0.4347131550312042,0.4665711522102356,-0.047488950192928314
0.6070892810821533,0.48533597588539124,-0.32141661643981934
0.4816475808620453,0.4842347204685211,-0.20244914293289185
0.5938380360603333,0.48932069540023804,-0.37301206588745117
0.49425333738327026,0.4883155822753906,-0.24260349571704865
0.5888175368309021,0.4839363694190979,-0.37483465671539307
0.4997224509716034,0.4831887185573578,-0.25126349925994873
0.5923255681991577,0.4817201495170593,-0.324908047914505
0.49675989151000977,0.4813033938407898,-0.20766544342041016
0.5786473751068115,0.5340278148651123,-0.004220566246658564
0.5140966176986694,0.533291220664978,0.004094341304153204
0.5807196497917175,0.6060882210731506,0.0015373469796031713
0.5129340887069702,0.6053935885429382,0.011784987524151802
0.5919157862663269,0.6702659726142883,0.20169639587402344
0.5055029988288879,0.6674306392669678,0.19638006389141083
0.5849042534828186,0.6773470640182495,0.21311558783054352
0.5103179812431335,0.6725387573242188,0.20677773654460907
0.5972038507461548,0.691419243812561,0.052687570452690125
0.5038682222366333,0.6908279061317444,0.050826188176870346
-
0.5393446683883667,0.4086182713508606,-0.3037225008010864
0.5450330376625061,0.4031197130680084,-0.28359028697013855
0.5500205159187317,0.40330949425697327,-0.283597856760025
0.5543467402458191,0.40343111753463745,-0.2836109697818756
0.5320888161659241,0.4033246636390686,-0.28267908096313477
0.5280864834785461,0.4037112295627594,-0.28267475962638855
0.5246784687042236,0.4038633406162262,-0.282613068819046
0.5598277449607849,0.40655216574668884,-0.14619344472885132
0.5217930674552917,0.40707626938819885,-0.14342771470546722
0.5486374497413635,0.4149547219276428,-0.25160524249076843
0.5313540697097778,0.41485705971717834,-0.2509564161300659
0.5972145795822144,0.44196492433547974,-0.056939754635095596
0.48844537138938904,0.44130706787109375,-0.03725606948137283
0.66023850440979,0.4689909517765045,-0.11039058119058609
0.4347259998321533,0.46657267212867737,-0.047659534960985184
0.6071707010269165,0.4852049946784973,-0.3225104510784149
0.4816931486129761,0.48425087332725525,-0.20360523462295532
0.5938796997070312,0.4892629086971283,-0.37419530749320984
0.4942600727081299,0.48837047815322876,-0.244504913687706
0.5888186693191528,0.4838498532772064,-0.37600791454315186
0.49972814321517944,0.48323971033096313,-0.2530891001224518
0.5923300981521606,0.48161250352859497,-0.3259982764720917
0.496773898601532,0.481322705745697,-0.20903530716896057
0.5786404609680176,0.5340389013290405,-0.004217696376144886
0.5140864849090576,0.533291757106781,0.004090804141014814
0.5807185173034668,0.606087863445282,0.002078326651826501
0.5129359364509583,0.6053956747055054,0.012600434012711048
0.5919522643089294,0.6702589392662048,0.20276710391044617
0.5054888725280762,0.6673382520675659,0.19848433136940002
0.5849472284317017,0.6773403286933899,0.21421177685260773
0.5102744102478027,0.6723707914352417,0.209016352891922
0.5972062945365906,0.6914117932319641,0.053446002304553986
0.5037924647331238,0.6908232569694519,0.0530354343354702
-
0.5390137434005737,0.40860113501548767,-0.30372580885887146
0.5446166396141052,0.40306973457336426,-0.28362154960632324
0.5496418476104736,0.40324416756629944,-0.2836289703845978
0.5540700554847717,0.40337294340133667,-0.283642053604126
0.5316804051399231,0.40331578254699707,-0.2826008200645447
0.5276939272880554,0.4036935269832611,-0.2825964689254761
0.5244109630584717,0.4038512110710144,-0.28253498673439026
0.5596096515655518,0.40649333596229553,-0.14679376780986786
0.521628737449646,0.407073974609375,-0.1430673897266388
0.5483379364013672,0.4149394929409027,-0.25162947177886963
0.5310453772544861,0.41485920548439026,-0.2509060204029083
0.5972352027893066,0.4419402480125427,-0.05814183130860329
0.4884905517101288,0.44130808115005493,-0.03726309537887573
0.6603060364723206,0.46891874074935913,-0.11144410073757172
0.43474167585372925,0.4665621817111969,-0.047825008630752563
0.6072328686714172,0.485065758228302,-0.3223678469657898
0.48170411586761475,0.4842551648616791,-0.20526956021785736
0.5939270257949829,0.4892106056213379,-0.37398555874824524
0.4942605197429657,0.4884069859981537,-0.24623407423496246
0.5888144969940186,0.4837917387485504,-0.3758206367492676
0.4997346103191376,0.4832661747932434,-0.2546752393245697
0.5923239588737488,0.4815317690372467,-0.32584792375564575
0.49678221344947815,0.48133009672164917,-0.2106000930070877
0.5786349177360535,0.5340524911880493,-0.004243092145770788
0.51407790184021,0.5332943201065063,0.004114472307264805
0.5807176828384399,0.6060889363288879,0.0023127193562686443
0.5129389762878418,0.6054096221923828,0.01327754370868206
0.5919792056083679,0.6702552437782288,0.20286470651626587
0.5054750442504883,0.6672817468643188,0.19916382431983948
0.5849733352661133,0.6773325204849243,0.21429228782653809
0.5102432370185852,0.6722733378410339,0.2097022831439972
0.5972073674201965,0.6914042234420776,0.05355961620807648
0.5037345886230469,0.6908214092254639,0.05401354283094406
-
0.53880375623703,0.4085957407951355,-0.3037484884262085
0.5443530678749084,0.40304651856422424,-0.28365644812583923
0.5494047403335571,0.40321221947669983,-0.2836633324623108
0.55388343334198,0.4033437669277191,-0.28367602825164795
0.5314194560050964,0.403315007686615,-0.28263360261917114
0.5274530649185181,0.40369001030921936,-0.2826293110847473
0.5242356061935425,0.40384960174560547,-0.2825678884983063
0.5594651699066162,0.4064606726169586,-0.1472579538822174
0.5215265154838562,0.40707388520240784,-0.14282988011837006
0.5481646656990051,0.4149337410926819,-0.2517343759536743
0.5308716297149658,0.4148615896701813,-0.2509365379810333
0.5972646474838257,0.4419170320034027,-0.058762211352586746
0.48861250281333923,0.4413067400455475,-0.03728998452425003
0.6604461073875427,0.4688343405723572,-0.11334027349948883
0.43476828932762146,0.4665030539035797,-0.04882087558507919
0.607284426689148,0.48490065336227417,-0.3244413435459137
0.48169976472854614,0.48424434661865234,-0.20865213871002197
0.5939643979072571,0.48912984132766724,-0.37614911794662476
0.494254469871521,0.4884151518344879,-0.2503392994403839
0.5888086557388306,0.4837190508842468,-0.37794196605682373
0.4997347593307495,0.48327046632766724,-0.25865545868873596
0.5923178195953369,0.48144230246543884,-0.3279075622558594
0.4967844784259796,0.48132842779159546,-0.21412105858325958
0.5786206722259521,0.5340549945831299,-0.004239319358021021
0.5140697956085205,0.5332947969436646,0.004109953064471483
0.5807177424430847,0.6060900688171387,0.0025420929305255413
0.5129401087760925,0.6054208874702454,0.013529987074434757
0.5920058488845825,0.6702536344528198,0.2028580605983734
0.50545334815979,0.6672514081001282,0.19967707991600037
0.5849769115447998,0.67733234167099,0.21425342559814453
0.5102161169052124,0.672217607498169,0.21023394167423248
0.5972214937210083,0.6914029121398926,0.05343117192387581
0.5036191344261169,0.6908313035964966,0.054506462067365646
-
0.5385749936103821,0.4085804522037506,-0.30347374081611633
0.5441436171531677,0.4030052125453949,-0.2833296060562134
0.5492125749588013,0.4031588137149811,-0.2833350598812103
0.5537404417991638,0.40329426527023315,-0.2833457589149475
0.5311753749847412,0.40330466628074646,-0.28197014331817627
0.5271949172019958,0.4036698341369629,-0.2819666266441345
0.524057149887085,0.4038337171077728,-0.28190627694129944
0.5593693256378174,0.40642428398132324,-0.147054523229599
0.5214120149612427,0.4070677161216736,-0.14091956615447998
0.5479682683944702,0.4149211347103119,-0.25160324573516846
0.530646026134491,0.4148634374141693,-0.2503860592842102
0.5973207354545593,0.4418996274471283,-0.05876423045992851
0.4886860251426697,0.4413057863712311,-0.03696224465966225
0.6606282591819763,0.46876558661460876,-0.11634433269500732
0.43477100133895874,0.4664413034915924,-0.054255999624729156
0.6074610948562622,0.48473411798477173,-0.33060920238494873
0.48164796829223633,0.48402348160743713,-0.22437521815299988
0.5940701365470886,0.4890587329864502,-0.38296860456466675
0.4942135810852051,0.4883820414543152,-0.2676989734172821
0.5888119339942932,0.48364776372909546,-0.38445934653282166
0.4997100830078125,0.48318010568618774,-0.2751086354255676
0.5923235416412354,0.4813472330570221,-0.33403536677360535
0.49677276611328125,0.4812033176422119,-0.22970198094844818
0.578605592250824,0.534061074256897,-0.004195949994027615
0.5140470266342163,0.533310055732727,0.004063163418322802
0.5807207226753235,0.6060890555381775,0.0031391633674502373
0.5129409432411194,0.6054338216781616,0.01375532802194357
0.5920485854148865,0.6702437996864319,0.20628361403942108
0.5054312348365784,0.6672359108924866,0.2022336721420288
0.585011899471283,0.677314817905426,0.21799394488334656
0.5101900100708008,0.6721711158752441,0.213033065199852
0.5972031354904175,0.6914013624191284,0.0562606081366539
0.5035758018493652,0.6908366680145264,0.05627110227942467
-
0.5383825898170471,0.40856075286865234,-0.3017876446247101
0.5439804196357727,0.4029639661312103,-0.28153687715530396
0.5490588545799255,0.4031059145927429,-0.28154104948043823
0.5536237359046936,0.4032444357872009,-0.28154972195625305
0.530978262424469,0.403292715549469,-0.27976861596107483
0.5269818305969238,0.4036487936973572,-0.27976521849632263
0.5239079594612122,0.4038172662258148,-0.27970558404922485
0.5592831969261169,0.40639305114746094,-0.14559289813041687
0.5213083028793335,0.4070601463317871,-0.13782232999801636
0.5477992296218872,0.414905846118927,-0.2502267360687256
0.5304361581802368,0.41486406326293945,-0.24840208888053894
0.5973792672157288,0.4418889582157135,-0.05815524607896805
0.4887148141860962,0.44130563735961914,-0.03552931919693947
0.6607563495635986,0.46870285272598267,-0.1165357381105423
0.4347923696041107,0.46639689803123474,-0.05528001859784126
0.607688307762146,0.48460158705711365,-0.33082202076911926
0.4816277027130127,0.48366960883140564,-0.2269156128168106
0.5941868424415588,0.4889921545982361,-0.3831893801689148
0.4941982328891754,0.48830360174179077,-0.2703615427017212
0.5888331532478333,0.4835697114467621,-0.38471028208732605
0.4996853768825531,0.4830663800239563,-0.27767059206962585
0.5923521518707275,0.481250524520874,-0.33428364992141724
0.4967603385448456,0.48104462027549744,-0.23222872614860535
0.578586220741272,0.5340693593025208,-0.0041573974303901196
0.5140113234519958,0.5333302021026611,0.0040221912786364555
0.5807245373725891,0.6060901284217834,0.0033245354425162077
0.5129411816596985,0.6054537892341614,0.013839757069945335
0.5920655131340027,0.670240044593811,0.20775584876537323
0.5054236054420471,0.6672260761260986,0.2033916711807251
0.5850154161453247,0.6773115992546082,0.21957939863204956
0.5101814270019531,0.6721419095993042,0.214272141456604
0.5972017645835876,0.6914001703262329,0.0576293058693409
0.50351881980896,0.6908581852912903,0.05721075087785721
-
0.5381643772125244,0.4085308611392975,-0.2980820834636688
0.5438077449798584,0.4029137194156647,-0.27770254015922546
0.5488858819007874,0.403041273355484,-0.2777068018913269
0.5534934401512146,0.4031826853752136,-0.27771446108818054
0.5307757258415222,0.40326961874961853,-0.2756290137767792
0.5267623662948608,0.40361180901527405,-0.2756255567073822
0.5237644910812378,0.4037857949733734,-0.2755665183067322
0.5592084527015686,0.40635696053504944,-0.14213700592517853
0.5212165117263794,0.40704017877578735,-0.1332307606935501
0.5476087331771851,0.4148789346218109,-0.24685196578502655
0.5302109718322754,0.41485899686813354,-0.24455752968788147
0.5974233746528625,0.44188085198402405,-0.05624454841017723
0.4887866675853729,0.4412952959537506,-0.032526303082704544
0.6608312129974365,0.4686192572116852,-0.11638324707746506
0.43483734130859375,0.46628350019454956,-0.05564003065228462
0.6078619360923767,0.48449867963790894,-0.33078721165657043
0.48157769441604614,0.48327240347862244,-0.22932489216327667
0.5942710638046265,0.48894014954566956,-0.3832136392593384
0.4941607117652893,0.4881930947303772,-0.27314287424087524
0.5888462662696838,0.483522891998291,-0.3846779763698578
0.49964916706085205,0.4829191565513611,-0.28024375438690186
0.5923696160316467,0.48118558526039124,-0.33425599336624146
0.4967460334300995,0.4808570444583893,-0.2346488982439041
0.5785531401634216,0.5340889692306519,-0.004152384586632252
0.5139515995979309,0.5333734750747681,0.004016517661511898
0.580724835395813,0.6060920357704163,0.0033413455821573734
0.5129421949386597,0.605480432510376,0.013854298740625381
0.5920951962471008,0.6702350378036499,0.2084949016571045
0.5054190158843994,0.6672220230102539,0.20391885936260223
0.5850369930267334,0.6773064136505127,0.2203931361436844
0.5101730227470398,0.6721351742744446,0.21484193205833435
0.5971536040306091,0.6913967132568359,0.058473773300647736
0.5034682154655457,0.6908857822418213,0.05776039883494377
-
0.5380399227142334,0.4085003733634949,-0.29406383633613586
0.5437020063400269,0.4028725028038025,-0.2736659348011017
0.5487721562385559,0.4029892086982727,-0.27367067337036133
0.553397536277771,0.4031316339969635,-0.2736787796020508
0.530661940574646,0.4032506048679352,-0.2715948820114136
0.5266374945640564,0.40358394384384155,-0.27159154415130615
0.5236724615097046,0.4037618637084961,-0.27153250575065613
0.5591396689414978,0.40632644295692444,-0.13845284283161163
0.5211503505706787,0.407024085521698,-0.1296631097793579
0.5474854707717896,0.41484683752059937,-0.24302847683429718
0.5300816297531128,0.414849191904068,-0.24069444835186005
0.5974349975585938,0.4418603479862213,-0.05388087034225464
0.4888659715652466,0.44128650426864624,-0.02948421612381935
0.6608397364616394,0.46851062774658203,-0.11611636728048325
0.43494462966918945,0.4661582112312317,-0.055701468139886856
0.6079795956611633,0.48441267013549805,-0.33047330379486084
0.48149481415748596,0.48296627402305603,-0.23086372017860413
0.594332754611969,0.48889461159706116,-0.38274967670440674
0.49410611391067505,0.48807042837142944,-0.2748972177505493
0.5888552069664001,0.48348599672317505,-0.38425153493881226
0.4995805025100708,0.4827350974082947,-0.2819240689277649
0.5923796892166138,0.48113593459129333,-0.33390358090400696
0.49670758843421936,0.48063817620277405,-0.2362300455570221
0.5785394310951233,0.534095823764801,-0.004192817956209183
0.5139126777648926,0.5333950519561768,0.004056404810398817
0.5807114243507385,0.6060886979103088,0.003272170899435878
0.5129438638687134,0.605492353439331,0.013842152431607246
0.5921431183815002,0.6702229380607605,0.20788437128067017
0.5054144859313965,0.6672185659408569,0.20341472327709198
0.5850707292556763,0.6772900223731995,0.21968711912631989
0.5101668238639832,0.6721282601356506,0.21426120400428772
0.5970475673675537,0.6913923025131226,0.05795298144221306
0.5034192800521851,0.6909142732620239,0.05731777101755142
-
0.5379492044448853,0.4084649980068207,-0.2918517589569092
0.5436180830001831,0.4028295576572418,-0.271430104970932
0.5486804246902466,0.40293455123901367,-0.27143600583076477
0.5533192157745361,0.40307530760765076,-0.2714443504810333
0.5305858254432678,0.4032265245914459,-0.26940596103668213
0.5265556573867798,0.40355339646339417,-0.26940280199050903
0.5236102342605591,0.40373438596725464,-0.2693440020084381
0.5590886473655701,0.40628474950790405,-0.13597266376018524
0.5211139917373657,0.40700697898864746,-0.1273978352546692
0.5474103093147278,0.4148128032684326,-0.24073456227779388
0.5300017595291138,0.41483497619628906,-0.23844178020954132
0.5974836945533752,0.44180527329444885,-0.05150865390896797
0.48900115489959717,0.44126686453819275,-0.028010519221425056
0.6608661413192749,0.4684261679649353,-0.11580266803503036
0.43520185351371765,0.4659758508205414,-0.05644595995545387
0.6082010865211487,0.4843154549598694,-0.3298601508140564
0.4814378023147583,0.4827592372894287,-0.2343040257692337
0.5945030450820923,0.4888325333595276,-0.38213175535202026
0.49405673146247864,0.48798078298568726,-0.2787841856479645
0.5889238715171814,0.48342233896255493,-0.3836924731731415
0.4995434284210205,0.4825882911682129,-0.2859732508659363
0.5924521088600159,0.481046199798584,-0.3333217203617096
0.4966872036457062,0.48046207427978516,-0.23984472453594208
0.578524112701416,0.5341069102287292,-0.004190029576420784
0.5138942003250122,0.5334141850471497,0.004053764045238495
0.5806552171707153,0.6060885190963745,0.0032338995952159166
0.5129566788673401,0.605495035648346,0.013809808529913425
0.5921496152877808,0.6702160239219666,0.20750804245471954
0.5054097771644592,0.6671925783157349,0.20306365191936493
0.5850754380226135,0.6772898435592651,0.21927380561828613
0.5101624727249146,0.6720932722091675,0.2138637900352478
0.5970463752746582,0.6913907527923584,0.05766710638999939
0.5033107995986938,0.6909286379814148,0.05701534077525139
-
0.5378357172012329,0.40844178199768066,-0.2908242642879486
0.5435143113136292,0.40279850363731384,-0.27051880955696106
0.5485703945159912,0.40289410948753357,-0.27052536606788635
0.5532259345054626,0.40303468704223633,-0.27053403854370117
0.5304927825927734,0.40320903062820435,-0.26838427782058716
0.5264625549316406,0.40352946519851685,-0.26838067173957825
0.5235459208488464,0.40371403098106384,-0.2683217227458954
0.5590386986732483,0.4062528610229492,-0.13535189628601074
0.5210705995559692,0.4069978594779968,-0.12621627748012543
0.5473130941390991,0.4147915244102478,-0.23978668451309204
0.5299070477485657,0.4148279130458832,-0.23732712864875793
0.5975701212882996,0.4417651295661926,-0.05070468410849571
0.48908546566963196,0.4412660002708435,-0.02686440944671631
0.6609655022621155,0.46837544441223145,-0.1155109852552414
0.4353443682193756,0.4659251570701599,-0.05635027959942818
0.6084859371185303,0.4842298626899719,-0.3294861316680908
0.48143470287323,0.4827255606651306,-0.2328283041715622
0.5947306156158447,0.48878341913223267,-0.3817346394062042
0.49403899908065796,0.48794984817504883,-0.2769581973552704
0.5890175104141235,0.48336562514305115,-0.3833064138889313
0.4995160400867462,0.48253026604652405,-0.28427767753601074
0.5925418138504028,0.48096615076065063,-0.33294522762298584
0.4966753125190735,0.48039570450782776,-0.23837140202522278
0.5784890055656433,0.5341397523880005,-0.004197041504085064
0.5138676762580872,0.5334579944610596,0.004060818813741207
0.58061683177948,0.6060893535614014,0.003285605926066637
0.5129656195640564,0.6055008172988892,0.013883360661566257
0.5921593308448792,0.6702062487602234,0.20720571279525757
0.505405604839325,0.6671797037124634,0.20284530520439148
0.5850770473480225,0.677290141582489,0.21891911327838898
0.5101698040962219,0.6720882654190063,0.2135947346687317
0.5970326662063599,0.6913886070251465,0.05736711248755455
0.5031694769859314,0.690937876701355,0.05686616897583008
-
0.5377262830734253,0.4084222912788391,-0.2909402549266815
0.5433988571166992,0.4027751088142395,-0.27067139744758606
0.5484340786933899,0.4028624892234802,-0.270677775144577
0.5531057119369507,0.40300336480140686,-0.27068638801574707
0.5304005742073059,0.40319710969924927,-0.2685213088989258
0.5263734459877014,0.40351295471191406,-0.2685180604457855
0.5234875679016113,0.4037012457847595,-0.26845893263816833
0.5589646697044373,0.4062257409095764,-0.13568001985549927
0.521030604839325,0.4069945216178894,-0.1264616698026657
0.547198474407196,0.4147743284702301,-0.23996615409851074
0.5298194289207458,0.41482263803482056,-0.23747669160366058
0.5976318717002869,0.4417194426059723,-0.05079636722803116
0.4891476631164551,0.4412655830383301,-0.027009008452296257
0.6610965728759766,0.4682845175266266,-0.11536794155836105
0.43545088171958923,0.4659273028373718,-0.05632695183157921
0.608767569065094,0.484160840511322,-0.32938748598098755
0.4814334809780121,0.482729971408844,-0.23324814438819885
0.5949618816375732,0.4887518286705017,-0.38165906071662903
0.4940188229084015,0.4879424571990967,-0.277488112449646
0.5891081690788269,0.4833343029022217,-0.383209764957428
0.4994869530200958,0.4825071692466736,-0.2847643196582794
0.592625617980957,0.4809132516384125,-0.3328242599964142
0.49666187167167664,0.48037034273147583,-0.23880110681056976
0.5784574747085571,0.5341612100601196,-0.00421553198248148
0.5138547420501709,0.5334794521331787,0.004078918136656284
0.5805985927581787,0.6060929894447327,0.0033040805719792843
0.5129669308662415,0.6055029630661011,0.014033486135303974
0.592164933681488,0.6702053546905518,0.20702211558818817
0.5054003596305847,0.6671615839004517,0.20279920101165771
0.5850802659988403,0.6773031949996948,0.21869905292987823
0.5101669430732727,0.6720634698867798,0.21351924538612366
0.5970304012298584,0.6913866996765137,0.05721572786569595
0.5030823349952698,0.6909414529800415,0.0570247583091259
-
0.5376603603363037,0.40840569138526917,-0.290063738822937
0.5433099865913391,0.4027550220489502,-0.2698202431201935
0.5483255386352539,0.40283578634262085,-0.2698266804218292
0.5530030131340027,0.40297627449035645,-0.2698354721069336
0.5303415656089783,0.4031876027584076,-0.26770976185798645
0.5263225436210632,0.40350183844566345,-0.26770660281181335
0.5234494805335999,0.403693825006485,-0.2676478624343872
0.558891236782074,0.4062015116214752,-0.13510137796401978
0.5210000276565552,0.40699243545532227,-0.12597422301769257
0.5471308827400208,0.41475844383239746,-0.2391810566186905
0.5297755002975464,0.4148184657096863,-0.2367085963487625
0.5976526141166687,0.44167813658714294,-0.050202835351228714
0.4891693592071533,0.4412674903869629,-0.02656758949160576
0.6611761450767517,0.4682108759880066,-0.11255234479904175
0.43560591340065,0.46594852209091187,-0.05477374419569969
0.6089366674423218,0.48411256074905396,-0.32440900802612305
0.48146218061447144,0.4827338755130768,-0.23112593591213226
0.5951026678085327,0.4887314438819885,-0.3762608766555786
0.4940151274204254,0.4879421293735504,-0.27547311782836914
0.5891525149345398,0.48332396149635315,-0.3782724142074585
0.4994817078113556,0.48250189423561096,-0.2828674614429474
0.5926660299301147,0.4808904230594635,-0.32806840538978577
0.4966588616371155,0.48036330938339233,-0.23679624497890472
0.5784282088279724,0.5341841578483582,-0.0042259874753654
0.5138415098190308,0.5335050821304321,0.0040895394049584866
0.5805603861808777,0.6061040163040161,0.003274682443588972
0.5129783749580383,0.6055047512054443,0.01402965933084488
0.5921697020530701,0.6702102422714233,0.20686295628547668
0.5053931474685669,0.6671563982963562,0.20276615023612976
0.5850830078125,0.6773310899734497,0.21849673986434937
0.5101642608642578,0.6720585227012634,0.21349376440048218
0.5970305800437927,0.6913884878158569,0.057095225900411606
0.5030415654182434,0.6909433603286743,0.05691417679190636
-
0.5376242399215698,0.4083871841430664,-0.28892117738723755
0.54327392578125,0.402736097574234,-0.26860344409942627
0.5482823848724365,0.4028138518333435,-0.2686110734939575
0.5529602766036987,0.40295472741127014,-0.2686211168766022
0.5303154587745667,0.40317338705062866,-0.26653483510017395
0.5262952446937561,0.4034855365753174,-0.2665310204029083
0.5234247446060181,0.4036795198917389,-0.2664704918861389
0.5588476061820984,0.4061819612979889,-0.13382136821746826
0.5209776759147644,0.40698376297950745,-0.12484160810709
0.5470834374427795,0.4147443175315857,-0.2380167841911316
0.5297415852546692,0.4148131310939789,-0.23558534681797028
0.5976583957672119,0.441612184047699,-0.049407798796892166
0.4891835153102875,0.4412670135498047,-0.025568217039108276
0.6612309813499451,0.46808114647865295,-0.1109173595905304
0.43578198552131653,0.46597105264663696,-0.05448796600103378
0.6089628338813782,0.48408618569374084,-0.32202839851379395
0.48155102133750916,0.4827509820461273,-0.23080989718437195
0.5951249599456787,0.48872193694114685,-0.37394294142723083
0.49405068159103394,0.48794427514076233,-0.2751137614250183
0.5891586542129517,0.48332124948501587,-0.37609604001045227
0.4994923770427704,0.4825011193752289,-0.2825552523136139
0.5926722288131714,0.48088106513023376,-0.32576507329940796
0.49667325615882874,0.48036259412765503,-0.23646657168865204
0.5783969759941101,0.5341869592666626,-0.004263922572135925
0.5138289928436279,0.533517062664032,0.00412829639390111
0.580549418926239,0.6061127781867981,0.002447832142934203
0.5129799246788025,0.6055073142051697,0.014000942930579185
0.5921774506568909,0.670209527015686,0.2064753621816635
0.5053920149803162,0.6671291589736938,0.20265574753284454
0.5850446224212646,0.6773414015769958,0.21814563870429993
0.5102017521858215,0.672019898891449,0.21336446702480316
0.5970801711082458,0.6913893818855286,0.05700487643480301
0.5029035210609436,0.6909568905830383,0.056910786777734756
-
0.5375991463661194,0.40836507081985474,-0.28817665576934814
0.5432449579238892,0.40271225571632385,-0.26782798767089844
0.5482439994812012,0.40278610587120056,-0.26783615350723267
0.5529230237007141,0.40292614698410034,-0.26784664392471313
0.5302987694740295,0.40315407514572144,-0.2657635509967804
0.5262760519981384,0.4034651219844818,-0.26575949788093567
0.5234069228172302,0.4036615490913391,-0.26569855213165283
0.5588021278381348,0.4061585068702698,-0.1332097351551056
0.5209614038467407,0.40697044134140015,-0.12427563965320587
0.5470395088195801,0.414729505777359,-0.23735743761062622
0.5297187566757202,0.41480666399002075,-0.23494043946266174
0.5976595282554626,0.4415443539619446,-0.049366626888513565
0.4891869127750397,0.441265344619751,-0.024836881086230278
0.6612831354141235,0.46794137358665466,-0.1106945276260376
0.4358803927898407,0.46598681807518005,-0.053999125957489014
0.608978271484375,0.484072744846344,-0.321783185005188
0.4815697968006134,0.4827547073364258,-0.23046469688415527
0.5951374173164368,0.4887186586856842,-0.3737007975578308
0.49405261874198914,0.4879438877105713,-0.27464407682418823
0.589163601398468,0.483316570520401,-0.3758690655231476
0.49948933720588684,0.4824979305267334,-0.28209900856018066
0.5926815271377563,0.4808785915374756,-0.32552847266197205
0.49667125940322876,0.48035937547683716,-0.236091747879982
0.5783829092979431,0.5341907143592834,-0.004420112352818251
0.513820469379425,0.5335243940353394,0.004285567440092564
0.5805400609970093,0.6061242818832397,0.0019315504468977451
0.5129811763763428,0.6055098176002502,0.01400746125727892
0.5921831130981445,0.6702073216438293,0.20608897507190704
0.5053941607475281,0.6671050786972046,0.20259925723075867
0.5850423574447632,0.6773428916931152,0.21777504682540894
0.5102392435073853,0.6719862222671509,0.2133052796125412
0.5970780849456787,0.6913886070251465,0.056930940598249435
0.5027838945388794,0.6909705996513367,0.056917089968919754
-
0.5375668406486511,0.4083409905433655,-0.2883884608745575
0.5432147979736328,0.40268784761428833,-0.26812800765037537
0.548207700252533,0.4027585983276367,-0.2681361436843872
0.5528907179832458,0.40289849042892456,-0.268146812915802
0.5302757620811462,0.4031326174736023,-0.266041100025177
0.5262495279312134,0.4034420847892761,-0.266037255525589
0.5233854055404663,0.40364179015159607,-0.2659769356250763
0.558768630027771,0.4061393141746521,-0.1336534172296524
0.5209401249885559,0.4069579243659973,-0.1247829720377922
0.5469990372657776,0.4147164225578308,-0.23767109215259552
0.5296885371208191,0.41479992866516113,-0.23523271083831787
0.597660481929779,0.4415071904659271,-0.04964301362633705
0.4892007112503052,0.4412626624107361,-0.025093896314501762
0.6614006757736206,0.46776852011680603,-0.11071908473968506
0.4359566867351532,0.4659854769706726,-0.05035673826932907
0.6089531183242798,0.48406362533569336,-0.32105863094329834
0.4816075265407562,0.482778936624527,-0.21905261278152466
0.5951040387153625,0.4887138307094574,-0.37268736958503723
0.49406591057777405,0.48794931173324585,-0.26200899481773376
0.589134693145752,0.4833129346370697,-0.3749982714653015
0.4994904398918152,0.4825049340724945,-0.2698118984699249
0.5926650762557983,0.48087507486343384,-0.32482919096946716
0.49667149782180786,0.48036831617355347,-0.22464650869369507
0.5783570408821106,0.5341949462890625,-0.004607583861798048
0.5138037800788879,0.5335330367088318,0.004473481327295303
0.5805304050445557,0.6061471104621887,0.0017069359309971333
0.5129799842834473,0.6055117845535278,0.014223795384168625
0.5921884179115295,0.6702055335044861,0.20592394471168518
0.5053952932357788,0.6670929193496704,0.20251420140266418
0.5850427746772766,0.677343487739563,0.21763817965984344
0.5102609992027283,0.6719552874565125,0.21320654451847076
0.5970636010169983,0.6913837790489197,0.05683877319097519
0.5027161240577698,0.6909893751144409,0.05712797865271568
-
0.5375572443008423,0.40832242369651794,-0.28868240118026733
0.5431962609291077,0.4026715159416199,-0.268454372882843
0.5481845140457153,0.40274080634117126,-0.26846233010292053
0.5528669953346252,0.40288156270980835,-0.26847323775291443
0.5302674770355225,0.40311765670776367,-0.26638826727867126
0.5262406468391418,0.4034261703491211,-0.2663845419883728
0.5233749151229858,0.4036270081996918,-0.26632481813430786
0.5587308406829834,0.4061259329319,-0.13392412662506104
0.5209251642227173,0.40694698691368103,-0.12520673871040344
0.5469817519187927,0.4147053360939026,-0.2379739135503769
0.5296828746795654,0.4147927761077881,-0.2355688363313675
0.5976521372795105,0.4414617121219635,-0.050156380981206894
0.48920905590057373,0.4412546753883362,-0.025330800563097
0.661467969417572,0.467611163854599,-0.11073240637779236
0.4359907805919647,0.4658847749233246,-0.04665389657020569
0.6089176535606384,0.48404461145401,-0.3205506205558777
0.4816039502620697,0.4827837347984314,-0.2081669121980667
0.5950791239738464,0.4887063503265381,-0.37204423546791077
0.4940561056137085,0.4879491329193115,-0.25012442469596863
0.5891032814979553,0.4833095073699951,-0.37447628378868103
0.4994793236255646,0.4825073182582855,-0.25844430923461914
0.5926409363746643,0.4808723032474518,-0.3243616819381714
0.496660441160202,0.48037105798721313,-0.21382325887680054
0.5783324837684631,0.5341970920562744,-0.004678688477724791
0.5137834548950195,0.5335414409637451,0.004545740317553282
0.5805268287658691,0.6061601638793945,0.0016521844081580639
0.5129796266555786,0.6055138111114502,0.014343196526169777
0.5921929478645325,0.67020183801651,0.2059011608362198
0.5054051876068115,0.6670743823051453,0.2024703323841095
0.5850428342819214,0.6773433685302734,0.21760612726211548
0.5102996230125427,0.6719223856925964,0.21314920485019684
0.5970556139945984,0.691382884979248,0.05673671141266823
0.5026456713676453,0.6909986734390259,0.057337407022714615
-
0.5375534296035767,0.4083150029182434,-0.2889385521411896
0.5431898832321167,0.40266889333724976,-0.2687112092971802
0.5481775999069214,0.40273815393447876,-0.26871904730796814
0.5528542995452881,0.40287813544273376,-0.26872995495796204
0.5302665829658508,0.4031123220920563,-0.2666621804237366
0.5262395143508911,0.4034197926521301,-0.2666584849357605
0.5233706831932068,0.4036186635494232,-0.2665986716747284
0.5587018728256226,0.40612372756004333,-0.134155735373497
0.5209206342697144,0.4069390892982483,-0.12544813752174377
0.5469716787338257,0.41469988226890564,-0.23819592595100403
0.5296791791915894,0.4147891104221344,-0.23581737279891968
0.5976378917694092,0.4414181709289551,-0.05026821419596672
0.4892125129699707,0.4412353038787842,-0.025492938235402107
0.6615092754364014,0.4674576222896576,-0.11063912510871887
0.43600866198539734,0.46572694182395935,-0.04576495662331581
0.6088911294937134,0.4840230941772461,-0.32010984420776367
0.48151370882987976,0.48277148604393005,-0.20666664838790894
0.5950615406036377,0.4886980950832367,-0.3716546893119812
0.4939894676208496,0.48794907331466675,-0.2486652433872223
0.5890745520591736,0.4833065867424011,-0.37409499287605286
0.49944406747817993,0.482511430978775,-0.25712472200393677
0.592613935470581,0.48086994886398315,-0.3239406943321228
0.4966086447238922,0.48037171363830566,-0.21236760914325714
0.5783218145370483,0.5342004299163818,-0.004678182769566774
0.5137678384780884,0.5335451364517212,0.004545524716377258
0.5805063247680664,0.6061652898788452,0.001551607041619718
0.5129886269569397,0.60551518201828,0.014186112210154533
0.5921953320503235,0.6701958179473877,0.20581191778182983
0.5054035186767578,0.667069673538208,0.20208650827407837
0.5850278735160828,0.6773418188095093,0.2175317406654358
0.5103012919425964,0.6719181537628174,0.21271739900112152
0.597034752368927,0.6913808584213257,0.056514665484428406
0.5026275515556335,0.6910390853881836,0.05677742511034012
-
0.5375368595123291,0.40831154584884644,-0.2908831834793091
0.5431677103042603,0.4026648998260498,-0.27096590399742126
0.5481573939323425,0.40273451805114746,-0.27097320556640625
0.5528330206871033,0.4028748571872711,-0.27098748087882996
0.5302589535713196,0.40310877561569214,-0.26889175176620483
0.5262367725372314,0.4034157395362854,-0.2688885033130646
0.5233636498451233,0.40361499786376953,-0.2688326835632324
0.5586805939674377,0.40611982345581055,-0.1372482031583786
0.5209090709686279,0.40693598985671997,-0.128325954079628
0.546937108039856,0.41469699144363403,-0.24030514061450958
0.5296663641929626,0.41478806734085083,-0.23789113759994507
0.5976304411888123,0.44140300154685974,-0.053052328526973724
0.48921582102775574,0.4412252902984619,-0.027334582060575485
0.6615541577339172,0.4673783779144287,-0.11075436323881149
0.4360341727733612,0.4654640257358551,-0.041165780276060104
0.6088775992393494,0.48400264978408813,-0.3192353844642639
0.4813777506351471,0.48274144530296326,-0.19124005734920502
0.5950459241867065,0.4886947274208069,-0.37044113874435425
0.49389681220054626,0.4879491329193115,-0.23160859942436218
0.5890231728553772,0.4833049178123474,-0.37325066328048706
0.4993855059146881,0.4825218617916107,-0.24082624912261963
0.5925619006156921,0.48086732625961304,-0.3231601417064667
0.49654194712638855,0.48037585616111755,-0.197011336684227
0.5783089995384216,0.5342022776603699,-0.004687504842877388
0.5137458443641663,0.5335473418235779,0.004555608611553907
0.5804736614227295,0.6061762571334839,0.00156949064694345
0.5129896402359009,0.6055166125297546,0.014236155897378922
0.592194676399231,0.6701905131340027,0.2057848423719406
0.5054026246070862,0.6670656204223633,0.20208735764026642
0.5850216150283813,0.6773366928100586,0.2175132781267166
0.5103068351745605,0.6719136238098145,0.2127123475074768
0.5970166325569153,0.691379964351654,0.05650956928730011
0.5026041865348816,0.6910728216171265,0.056828536093235016
-
0.5375080108642578,0.4083085060119629,-0.2909028232097626
0.5431426167488098,0.40266165137290955,-0.2709888815879822
0.5481353998184204,0.4027314782142639,-0.27099621295928955
0.552811324596405,0.4028719961643219,-0.27101072669029236
0.5302473902702332,0.40310630202293396,-0.26890867948532104
0.5262317061424255,0.4034133851528168,-0.2689054012298584
0.5233544111251831,0.40361112356185913,-0.2688499093055725
0.5586673617362976,0.4061170220375061,-0.1372675746679306
0.5208934545516968,0.40693002939224243,-0.12833550572395325
0.5468924045562744,0.4146949350833893,-0.24031829833984375
0.5296469926834106,0.41478705406188965,-0.23791442811489105
0.5976276993751526,0.4413735866546631,-0.0530640110373497
0.4892193675041199,0.44120392203330994,-0.027356036007404327
0.6615704894065857,0.46731439232826233,-0.1107640266418457
0.43604105710983276,0.4652603566646576,-0.04137665778398514
0.6088613271713257,0.4839765429496765,-0.31937235593795776
0.4812208414077759,0.4826847016811371,-0.1963038146495819
0.5950332880020142,0.4886854588985443,-0.37064042687416077
0.4938042163848877,0.48794203996658325,-0.23752889037132263
0.5889831781387329,0.48330292105674744,-0.37335988879203796
0.4993254840373993,0.48252248764038086,-0.24642102420330048
0.5925168991088867,0.480865478515625,-0.32327720522880554
0.4964788258075714,0.48037591576576233,-0.20207570493221283
0.5782967805862427,0.5342084169387817,-0.004687841050326824
0.5137221813201904,0.5335496068000793,0.004556196741759777
0.5804399251937866,0.6061919927597046,0.0015379971591755748
0.512992799282074,0.6055193543434143,0.014223901554942131
0.592176616191864,0.6701818108558655,0.2062690109014511
0.5053996443748474,0.6670607924461365,0.20222723484039307
0.5849939584732056,0.6773236393928528,0.21812419593334198
0.5103031992912292,0.6719109416007996,0.2128770649433136
0.5969942808151245,0.6913824081420898,0.057014599442481995
0.5025949478149414,0.6910954117774963,0.05691847205162048
-
0.5374887585639954,0.4083058834075928,-0.29145774245262146
0.5431240200996399,0.40265965461730957,-0.27154964208602905
0.5481137037277222,0.4027296006679535,-0.271557480096817
0.552789032459259,0.4028702676296234,-0.27157244086265564
0.5302426815032959,0.4031040668487549,-0.2695479989051819
0.5262298583984375,0.4034101366996765,-0.2695450186729431
0.5233510732650757,0.40360695123672485,-0.26949194073677063
0.5586394667625427,0.40611228346824646,-0.13747349381446838
0.5208836197853088,0.4069254994392395,-0.1288294643163681
0.546863317489624,0.4146907329559326,-0.24068179726600647
0.529640257358551,0.41478410363197327,-0.23837324976921082
0.5976197123527527,0.44134873151779175,-0.05306154862046242
0.48921293020248413,0.4411870837211609,-0.027591245248913765
0.6615803837776184,0.4672869145870209,-0.10990352928638458
0.43604397773742676,0.4649856984615326,-0.040024105459451675
0.6088491082191467,0.4839690327644348,-0.3178745210170746
0.4808958172798157,0.4825595021247864,-0.19294361770153046
0.5950300693511963,0.48868274688720703,-0.3692801892757416
0.4935665428638458,0.4879116117954254,-0.23385420441627502
0.5889686346054077,0.4833014905452728,-0.3723585307598114
0.49915626645088196,0.4825202524662018,-0.2434716373682022
0.5925058722496033,0.48086315393447876,-0.3219536542892456
0.4963291883468628,0.4803740978240967,-0.19896116852760315
0.5782782435417175,0.5342152118682861,-0.004588346462696791
0.5136906504631042,0.5335558652877808,0.004460024181753397
0.5804077982902527,0.6061969995498657,0.0018502692691981792
0.5130078792572021,0.6055207848548889,0.014186231419444084
0.5921759009361267,0.6701667904853821,0.20705299079418182
0.5053986310958862,0.6670624017715454,0.20246516168117523
0.584980309009552,0.6773073077201843,0.21895277500152588
0.5103053450584412,0.6719075441360474,0.2131357342004776
0.5969541072845459,0.6913803815841675,0.057551030069589615
0.5025900602340698,0.6911476254463196,0.05694141238927841
-
0.5374295711517334,0.40830284357070923,-0.2906036972999573
0.5430968403816223,0.4026563763618469,-0.2706281840801239
0.5480878353118896,0.40272730588912964,-0.27063655853271484
0.5527635812759399,0.40286964178085327,-0.27065181732177734
0.5302280783653259,0.4031015932559967,-0.2685992419719696
0.5262221693992615,0.4034062922000885,-0.26859575510025024
0.5233396887779236,0.4036003649234772,-0.2685423493385315
0.5586311221122742,0.4061104357242584,-0.13620644807815552
0.520869255065918,0.4069189131259918,-0.12749241292476654
0.546774685382843,0.41468778252601624,-0.23970749974250793
0.5295946598052979,0.41478294134140015,-0.23738273978233337
0.5976123213768005,0.441336065530777,-0.05181458219885826
0.48920291662216187,0.44116464257240295,-0.026613902300596237
0.6616066694259644,0.4672589898109436,-0.10972166806459427
0.4360473155975342,0.46481233835220337,-0.040030017495155334
0.608847975730896,0.4839589595794678,-0.3179815411567688
0.4807385802268982,0.48245635628700256,-0.19617070257663727
0.5950294137001038,0.48867931962013245,-0.36939361691474915
0.493466854095459,0.48787426948547363,-0.23760585486888885
0.5889648199081421,0.4833005964756012,-0.3724646270275116
0.49908870458602905,0.4825051724910736,-0.24684935808181763
0.5925050377845764,0.480861097574234,-0.3220268189907074
0.4962659478187561,0.4803622364997864,-0.20213454961776733
0.5782434940338135,0.5342234373092651,-0.004462737590074539
0.5136326551437378,0.5335730314254761,0.0043363492004573345
0.5803889632225037,0.6062203645706177,0.0016703668516129255
0.5130251049995422,0.6055257320404053,0.013924174942076206
0.5921545624732971,0.670142412185669,0.20885507762432098
0.5054094791412354,0.6670600175857544,0.20363415777683258
0.5849215984344482,0.677287220954895,0.22113002836704254
0.5103270411491394,0.6719046831130981,0.21454960107803345
0.5969515442848206,0.6913807988166809,0.059668101370334625
0.5026222467422485,0.6911945939064026,0.05784919112920761
-
0.5373855233192444,0.4083000123500824,-0.290616512298584
0.5430773496627808,0.4026540219783783,-0.27062997221946716
0.5480697751045227,0.402726411819458,-0.27063828706741333
0.5527445673942566,0.4028708338737488,-0.2706533670425415
0.530218780040741,0.4030989110469818,-0.26859670877456665
0.5262181758880615,0.4034038484096527,-0.2685931622982025
0.523331880569458,0.4035964012145996,-0.2685396075248718
0.5586248636245728,0.40610989928245544,-0.13608160614967346
0.5208573341369629,0.40691423416137695,-0.12732692062854767
0.5467087626457214,0.414684921503067,-0.2396790236234665
0.5295630097389221,0.4147818982601166,-0.23734936118125916
0.5975986123085022,0.44132065773010254,-0.0516049899160862
0.4891831576824188,0.441145658493042,-0.026420876383781433
0.66163569688797,0.4672364294528961,-0.10983781516551971
0.4360443651676178,0.4647122025489807,-0.04029903933405876
0.6088442206382751,0.4839557111263275,-0.3194347321987152
0.480612188577652,0.48239603638648987,-0.198160320520401
0.5950257778167725,0.48867449164390564,-0.3713555932044983
0.49338623881340027,0.4878496527671814,-0.24013018608093262
0.5889554619789124,0.4833005368709564,-0.3743090033531189
0.49903568625450134,0.4824923574924469,-0.24963344633579254
0.5925015211105347,0.48085933923721313,-0.3234822750091553
0.4962121844291687,0.48035287857055664,-0.2043810933828354
0.5782169103622437,0.5342373251914978,-0.004408074077218771
0.5135872960090637,0.5335842967033386,0.004282814450562
0.5803852677345276,0.6062332391738892,0.0016370228258892894
0.5130282640457153,0.6055365800857544,0.013808152638375759
0.5920969843864441,0.6701280474662781,0.20970956981182098
0.5054085850715637,0.6670788526535034,0.20388084650039673
0.5847709774971008,0.6772779822349548,0.2220686376094818
0.5103371143341064,0.6719233393669128,0.21481665968894958
0.5969562530517578,0.6913808584213257,0.06063351780176163
0.5026283264160156,0.6912227869033813,0.057959843426942825
-
0.5373465418815613,0.4082978665828705,-0.2906346917152405
0.543056845664978,0.40265312790870667,-0.27066850662231445
0.548053503036499,0.4027276933193207,-0.2706768810749054
0.5527268052101135,0.4028749465942383,-0.2706921398639679
0.5302087068557739,0.4030965268611908,-0.2686307430267334
0.5262147188186646,0.40340083837509155,-0.2686271369457245
0.5233240127563477,0.4035937786102295,-0.26857373118400574
0.5586197376251221,0.4061107635498047,-0.13609352707862854
0.5208431482315063,0.40690988302230835,-0.12735404074192047
0.5466529130935669,0.41468238830566406,-0.23969882726669312
0.5295343399047852,0.41478094458580017,-0.23737318813800812
0.5975860357284546,0.44130316376686096,-0.051556296646595
0.4891560971736908,0.44112682342529297,-0.026432840153574944
0.6616411209106445,0.46720847487449646,-0.10985898226499557
0.436034619808197,0.4646713137626648,-0.040634188801050186
0.6088370084762573,0.48395267128944397,-0.31958988308906555
0.48051634430885315,0.4823593199253082,-0.19853171706199646
0.59501713514328,0.48866981267929077,-0.3715786933898926
0.49332088232040405,0.4878336787223816,-0.24058693647384644
0.5889369249343872,0.4833008348941803,-0.3745085895061493
0.4989943206310272,0.48248210549354553,-0.24974140524864197
0.592491090297699,0.4808579087257385,-0.3236277401447296
0.49617093801498413,0.48034483194351196,-0.20458172261714935
0.5781769752502441,0.5342406034469604,-0.004362860228866339
0.5135416388511658,0.5335870981216431,0.004238894674926996
0.5803807377815247,0.6062472462654114,0.0014775239396840334
0.5130309462547302,0.6055490970611572,0.013545802794396877
0.5920457243919373,0.6701249480247498,0.20952455699443817
0.505408763885498,0.667107343673706,0.20376089215278625
0.5846033096313477,0.6772769689559937,0.22181792557239532
0.5103779435157776,0.6719582080841064,0.21468789875507355
0.5970311760902405,0.6913827061653137,0.06042987108230591
0.5026242733001709,0.6912515163421631,0.05774204060435295
-
0.5373162031173706,0.4082959294319153,-0.29087406396865845
0.54304438829422,0.4026517868041992,-0.27092334628105164
0.5480445027351379,0.4027280807495117,-0.2709319293498993
0.5527174472808838,0.4028775691986084,-0.27094757556915283
0.530201256275177,0.403094619512558,-0.2688698470592499
0.5262114405632019,0.4033982753753662,-0.2688661813735962
0.5233163237571716,0.40358883142471313,-0.26881271600723267
0.5586130619049072,0.40611228346824646,-0.13623732328414917
0.5208303928375244,0.40690478682518005,-0.1274680495262146
0.5466108322143555,0.4146803319454193,-0.2398744374513626
0.5295075178146362,0.4147800803184509,-0.2375389039516449
0.5975691676139832,0.44129031896591187,-0.05159220099449158
0.48912519216537476,0.4411112666130066,-0.026459764689207077
0.6616455912590027,0.46719032526016235,-0.10999873280525208
0.4360191226005554,0.4646110534667969,-0.04103923588991165
0.6088322401046753,0.4839497208595276,-0.32006898522377014
0.48039916157722473,0.48230400681495667,-0.1996159702539444
0.5950131416320801,0.4886653423309326,-0.3721386790275574
0.49322396516799927,0.4878060817718506,-0.2414865493774414
0.5889264345169067,0.48330169916152954,-0.37503471970558167
0.49891990423202515,0.482460081577301,-0.2505931556224823
0.5924866795539856,0.4808568060398102,-0.32409822940826416
0.49610230326652527,0.48032569885253906,-0.2056100070476532
0.5781000852584839,0.5342532396316528,-0.0042678373865783215
0.5134665369987488,0.5335981845855713,0.004144915845245123
0.5803765058517456,0.6062772870063782,0.0013949270360171795
0.5130287408828735,0.6055724024772644,0.013465247116982937
0.5919919013977051,0.6701231002807617,0.2099657505750656
0.5054121017456055,0.667120099067688,0.20417143404483795
0.5844424962997437,0.677277147769928,0.2223391830921173
0.5104182958602905,0.6719633936882019,0.21515776216983795
0.5972177982330322,0.691383957862854,0.06114421784877777
0.502622127532959,0.6912695169448853,0.058190204203128815
-
0.5372940301895142,0.4082942008972168,-0.29089584946632385
0.5430406332015991,0.40265074372291565,-0.2709323763847351
0.5480397343635559,0.40272945165634155,-0.2709409296512604
0.5527117252349854,0.40288156270980835,-0.27095648646354675
0.5301983952522278,0.4030918478965759,-0.26888859272003174
0.5262092351913452,0.4033915400505066,-0.26888492703437805
0.5233125686645508,0.40357714891433716,-0.26883137226104736
0.5586058497428894,0.40611642599105835,-0.13633279502391815
0.5208207964897156,0.4068940579891205,-0.12748822569847107
0.5465751886367798,0.41467851400375366,-0.239889994263649
0.5294907689094543,0.41477885842323303,-0.23756152391433716
0.5975679755210876,0.4412849545478821,-0.05164037272334099
0.48911595344543457,0.4411002993583679,-0.026458483189344406
0.6616541743278503,0.4671875536441803,-0.10967503488063812
0.43600404262542725,0.46458691358566284,-0.039855435490608215
0.6088141202926636,0.48394718766212463,-0.3181077241897583
0.48039478063583374,0.4822959005832672,-0.1954595297574997
0.5949690341949463,0.48866167664527893,-0.3697366416454315
0.4932189881801605,0.4877922534942627,-0.23649436235427856
0.588876485824585,0.4833027422428131,-0.3726133108139038
0.4989132285118103,0.4824438691139221,-0.24557405710220337
0.5924540758132935,0.48085665702819824,-0.3220639228820801
0.49609655141830444,0.4803164005279541,-0.20130544900894165
0.5780081152915955,0.5342947244644165,-0.004257394932210445
0.5133992433547974,0.5336129665374756,0.004134802147746086
0.5803560614585876,0.6063040494918823,0.00138220249209553
0.5130276679992676,0.6055972576141357,0.013462833128869534
0.5919488072395325,0.670122504234314,0.20949168503284454
0.5054240226745605,0.6671209931373596,0.20402891933918
0.5843496322631836,0.6772865056991577,0.221779465675354
0.5104516744613647,0.671964168548584,0.21497796475887299
0.5973049402236938,0.6913841366767883,0.06089681014418602
0.5026727318763733,0.6912779808044434,0.05814359337091446
-
0.5372852683067322,0.40829262137413025,-0.2909125089645386
0.543035626411438,0.40265092253685,-0.27094748616218567
0.548034131526947,0.4027337431907654,-0.27095600962638855
0.5527042746543884,0.4028894901275635,-0.27097147703170776
0.5301961898803711,0.403090238571167,-0.2689054310321808
0.5262089967727661,0.4033887982368469,-0.2689017951488495
0.5233076214790344,0.4035709500312805,-0.26884809136390686
0.5586020946502686,0.40612468123435974,-0.13633309304714203
0.5208122730255127,0.40688928961753845,-0.1274513453245163
0.5465572476387024,0.41467657685279846,-0.23990696668624878
0.5294837355613708,0.4147779941558838,-0.23757526278495789
0.5975682735443115,0.4412801265716553,-0.05162022262811661
0.4891114830970764,0.4410931169986725,-0.02636846713721752
0.6616553664207458,0.46718668937683105,-0.1096917986869812
0.43599340319633484,0.4645826816558838,-0.04045542702078819
0.6087729930877686,0.4839475154876709,-0.3181385397911072
0.4803928732872009,0.4822925627231598,-0.1994834691286087
0.5949104428291321,0.4886592924594879,-0.3697984516620636
0.4932147264480591,0.48778074979782104,-0.24118810892105103
0.5888250470161438,0.4833052158355713,-0.37263718247413635
0.4989076256752014,0.48242688179016113,-0.25008586049079895
0.5924139022827148,0.48085862398147583,-0.32210755348205566
0.4960920214653015,0.48030558228492737,-0.20535951852798462
0.5779147744178772,0.5343248248100281,-0.004245143849402666
0.5133448243141174,0.5336202383041382,0.004122808109968901
0.5803359746932983,0.6063169240951538,0.0013255905359983444
0.5130237340927124,0.6056143045425415,0.013396846130490303
0.5919047594070435,0.6701213717460632,0.20888659358024597
0.5054392218589783,0.6671256422996521,0.2036886215209961
0.5842387080192566,0.6772881746292114,0.22106477618217468
0.5105074048042297,0.6719740629196167,0.21457119286060333
0.597483217716217,0.6913836598396301,0.060285065323114395
0.5027082562446594,0.6912842988967896,0.057776398956775665
-
0.5372779965400696,0.4082931876182556,-0.29092204570770264
0.5430331826210022,0.4026581645011902,-0.27095696330070496
0.5480348467826843,0.4027503430843353,-0.27096545696258545
0.5526975989341736,0.40291109681129456,-0.27098095417022705
0.5301993489265442,0.40308937430381775,-0.2689172625541687
0.5262166261672974,0.40338534116744995,-0.2689136564731598
0.5233033895492554,0.40356674790382385,-0.26885995268821716
0.5586085915565491,0.4061447083950043,-0.13632237911224365
0.5208056569099426,0.4068855345249176,-0.12744282186031342
0.5465514659881592,0.4146755337715149,-0.23992088437080383
0.5294775366783142,0.4147776961326599,-0.23758864402770996
0.5975729823112488,0.4412771761417389,-0.05151411518454552
0.4891078472137451,0.44108933210372925,-0.026376964524388313
0.6616133451461792,0.4672124981880188,-0.10972146689891815
0.43596622347831726,0.46458521485328674,-0.041739318519830704
0.6087591648101807,0.48395633697509766,-0.31842926144599915
0.4804125130176544,0.48229479789733887,-0.20269563794136047
0.5948706269264221,0.48865777254104614,-0.3702384829521179
0.4932403266429901,0.48777490854263306,-0.24473772943019867
0.5887953639030457,0.483308881521225,-0.3729378283023834
0.49891534447669983,0.48241958022117615,-0.2534148097038269
0.5923898220062256,0.4808647036552429,-0.3223589062690735
0.4960945248603821,0.48030343651771545,-0.2085038721561432
0.5777823328971863,0.5343461632728577,-0.004148481879383326
0.5132995247840881,0.533629834651947,0.004026924725621939
0.5803148150444031,0.6063212156295776,0.0013556524645537138
0.5130243301391602,0.6056495904922485,0.013195110484957695
0.5918737053871155,0.670120120048523,0.20776161551475525
0.5054530501365662,0.6671253442764282,0.20279668271541595
0.5841456055641174,0.6772871613502502,0.21970409154891968
0.5105375647544861,0.6719738841056824,0.21355147659778595
0.5977017879486084,0.6913833022117615,0.059071995317935944
0.5027538537979126,0.6912882924079895,0.056825198233127594
-
0.5372713804244995,0.40829387307167053,-0.29106828570365906
0.5430328249931335,0.4026640057563782,-0.27108022570610046
0.5480388402938843,0.4027642607688904,-0.27108848094940186
0.5526933670043945,0.40292873978614807,-0.27110356092453003
0.5302019119262695,0.4030883312225342,-0.26903706789016724
0.5262222290039062,0.40338239073753357,-0.26903316378593445
0.5232996344566345,0.40356358885765076,-0.26897895336151123
0.5586164593696594,0.4061637818813324,-0.13633513450622559
0.520799994468689,0.4068826735019684,-0.12747028470039368
0.5465450882911682,0.4146750569343567,-0.24000860750675201
0.5294720530509949,0.4147775173187256,-0.2376803308725357
0.5975731611251831,0.4412762224674225,-0.05149377882480621
0.4890935719013214,0.44108647108078003,-0.026527361944317818
0.6615899801254272,0.4672417640686035,-0.1100396066904068
0.4358939230442047,0.46459054946899414,-0.04427328333258629
0.6087564826011658,0.4839627742767334,-0.3195804953575134
0.48042207956314087,0.48229551315307617,-0.2072550654411316
0.5948482751846313,0.4886557459831238,-0.3715660870075226
0.49325844645500183,0.4877597689628601,-0.24955850839614868
0.5887874364852905,0.48330873250961304,-0.37395474314689636
0.4989209771156311,0.48240041732788086,-0.25788405537605286
0.5923851728439331,0.480864942073822,-0.3234127461910248
0.49609702825546265,0.48029643297195435,-0.2129276841878891
0.5776561498641968,0.5343741178512573,-0.004038678482174873
0.5132485032081604,0.5336436629295349,0.003916699904948473
0.5802947878837585,0.6063240766525269,0.0016033713473007083
0.513024628162384,0.6056723594665527,0.013162114657461643
0.5918394923210144,0.6701202392578125,0.207504540681839
0.5054619908332825,0.6671237945556641,0.20257318019866943
0.5840791463851929,0.6772888898849487,0.21936075389385223
0.5105537176132202,0.6719732284545898,0.2132968306541443
0.5978530049324036,0.6913813352584839,0.058752886950969696
0.502795934677124,0.6912917494773865,0.056598663330078125
-
0.5372653007507324,0.4082968235015869,-0.2926250696182251
0.5430387854576111,0.4026741087436676,-0.2725692391395569
0.5480542778968811,0.40278688073158264,-0.2725781202316284
0.5526948571205139,0.40295591950416565,-0.27259236574172974
0.5302076935768127,0.403088241815567,-0.27052509784698486
0.5262297987937927,0.4033801555633545,-0.2705211341381073
0.5232964158058167,0.40355992317199707,-0.2704663574695587
0.5586337447166443,0.40618959069252014,-0.13730488717556
0.5207954049110413,0.4068796634674072,-0.128478541970253
0.5465359687805176,0.4146769940853119,-0.2413369119167328
0.5294663906097412,0.41477829217910767,-0.23900771141052246
0.5975898504257202,0.44128337502479553,-0.0518653430044651
0.4890480935573578,0.4410828649997711,-0.02755803056061268
0.6615827679634094,0.4672848582267761,-0.11070773005485535
0.43586277961730957,0.4646070599555969,-0.04558635130524635
0.6087542772293091,0.4839681088924408,-0.32109272480010986
0.4804671108722687,0.4823201596736908,-0.2083541601896286
0.5948396921157837,0.4886541962623596,-0.37318629026412964
0.4932912290096283,0.48775729537010193,-0.25066664814949036
0.5887845158576965,0.48330745100975037,-0.375552237033844
0.49893924593925476,0.48239558935165405,-0.2590705156326294
0.5923824310302734,0.48086467385292053,-0.3249419927597046
0.4961147606372833,0.4802951216697693,-0.21404391527175903
0.5775013566017151,0.5343983769416809,-0.004008900374174118
0.5131328701972961,0.5336547493934631,0.0038867334369570017
0.5802426338195801,0.6063433885574341,0.002034194068983197
0.5130089521408081,0.6056973934173584,0.013348033651709557
0.5918014049530029,0.6701198816299438,0.20770876109600067
0.5055029392242432,0.6671167612075806,0.20298612117767334
0.5840252041816711,0.6772881746292114,0.2195635288953781
0.5106247663497925,0.6719673871994019,0.21373744308948517
0.5979622006416321,0.69138103723526,0.05889507010579109
0.5028632283210754,0.69129478931427,0.05701993405818939
-
0.5372605323791504,0.40829578042030334,-0.2944014072418213
0.5430387854576111,0.4026743471622467,-0.27440550923347473
0.5480576157569885,0.40279024839401245,-0.2744141221046448
0.552693247795105,0.40296149253845215,-0.2744278311729431
0.5302083492279053,0.4030849039554596,-0.2723514139652252
0.5262311100959778,0.40337568521499634,-0.27234774827957153
0.5232937932014465,0.4035540521144867,-0.2722935676574707
0.5586439967155457,0.40620189905166626,-0.1391761302947998
0.5207913517951965,0.4068775177001953,-0.1303512006998062
0.5465281009674072,0.41467633843421936,-0.24310582876205444
0.5294615626335144,0.4147772192955017,-0.24075990915298462
0.5976061820983887,0.4412898123264313,-0.05280127376317978
0.48899778723716736,0.4410797953605652,-0.029798831790685654
0.6615357398986816,0.46735891699790955,-0.11070824414491653
0.4358011484146118,0.46465057134628296,-0.046659402549266815
0.6087425947189331,0.4839845597743988,-0.32031476497650146
0.48053327202796936,0.4823544919490814,-0.2082541137933731
0.5948251485824585,0.488656222820282,-0.3721255362033844
0.4933304190635681,0.4877551198005676,-0.25061914324760437
0.5887693166732788,0.4833153784275055,-0.37457162141799927
0.49896126985549927,0.48239201307296753,-0.25903162360191345
0.5923712849617004,0.48087507486343384,-0.32415562868118286
0.49613913893699646,0.48029428720474243,-0.21397510170936584
0.5773171186447144,0.534403383731842,-0.0038446919061243534
0.5130059719085693,0.5336594581604004,0.0037209193687886
0.5802133679389954,0.606363832950592,0.0023731132969260216
0.5129779577255249,0.605701208114624,0.01338153425604105
0.5917499661445618,0.6701229810714722,0.20770263671875
0.505524754524231,0.6671004295349121,0.2030559927225113
0.5839370489120483,0.67729651927948,0.21954406797885895
0.5106455087661743,0.6719540953636169,0.21382443606853485
0.5981172919273376,0.6913808584213257,0.05888218805193901
0.5029246211051941,0.6912916898727417,0.05721515044569969
-
0.5372595191001892,0.4082963466644287,-0.29794979095458984
0.5430505871772766,0.4026828408241272,-0.27799662947654724
0.5480766892433167,0.4028092324733734,-0.2780046761035919
0.5526965856552124,0.4029831886291504,-0.27801868319511414
0.5302242040634155,0.40308481454849243,-0.2760108709335327
0.5262521505355835,0.4033738970756531,-0.27600768208503723
0.5232937932014465,0.4035507142543793,-0.27595359086990356
0.5586599707603455,0.4062238335609436,-0.14244194328784943
0.5207891464233398,0.40687522292137146,-0.13396385312080383
0.546524703502655,0.41467633843421936,-0.2464769333600998
0.5294606685638428,0.4147769510746002,-0.24422141909599304
0.5976178646087646,0.4412911534309387,-0.05472210794687271
0.48895063996315,0.44107717275619507,-0.032717738300561905
0.6614404320716858,0.46744316816329956,-0.11071298271417618
0.43570929765701294,0.46471086144447327,-0.04691770300269127
0.6086832284927368,0.48400813341140747,-0.3194722831249237
0.48058265447616577,0.48242202401161194,-0.20610705018043518
0.5947777032852173,0.4886605143547058,-0.3710464835166931
0.4933519959449768,0.4877539277076721,-0.24772226810455322
0.5887123346328735,0.4833246171474457,-0.3735864460468292
0.49897417426109314,0.4823903441429138,-0.2562693655490875
0.5923171639442444,0.48088759183883667,-0.3233027458190918
0.49615681171417236,0.480297714471817,-0.2116994708776474
0.5771337151527405,0.5344064235687256,-0.003586491569876671
0.512894332408905,0.5336620211601257,0.0034598808269947767
0.5801823735237122,0.606386125087738,0.0023865175899118185
0.5128964185714722,0.605704665184021,0.01336662657558918
0.5917123556137085,0.6701251268386841,0.20818184316158295
0.5055297017097473,0.6670638918876648,0.20388607680797577
0.5838585495948792,0.6773005723953247,0.22014325857162476
0.510650634765625,0.6719135046005249,0.2148599773645401
0.598252534866333,0.6913806200027466,0.05936965346336365
0.502988874912262,0.6912696361541748,0.05818469077348709
-
0.5373013019561768,0.4083152711391449,-0.2997659146785736
0.5430982112884521,0.402731716632843,-0.27993032336235046
0.5481286644935608,0.4028782248497009,-0.279938280582428
0.5527072548866272,0.40305033326148987,-0.2799535393714905
0.5302958488464355,0.40310683846473694,-0.2779572904109955
0.5263499021530151,0.4033951759338379,-0.27795445919036865
0.5233237147331238,0.40356263518333435,-0.27789977192878723
0.5586690902709961,0.4062670171260834,-0.14425143599510193
0.5207945108413696,0.40688586235046387,-0.135812446475029
0.5465502738952637,0.41468390822410583,-0.24816158413887024
0.5295072197914124,0.4147838056087494,-0.24591873586177826
0.5976272821426392,0.4412904679775238,-0.05580343306064606
0.4888893663883209,0.441074937582016,-0.033330295234918594
0.6612652540206909,0.4675540328025818,-0.11068936437368393
0.43560096621513367,0.4647614061832428,-0.04612712934613228
0.6085857152938843,0.48403605818748474,-0.3189292550086975
0.48060688376426697,0.4824972152709961,-0.20154298841953278
0.5947239995002747,0.48866844177246094,-0.37036505341529846
0.4933548867702484,0.48775261640548706,-0.24259337782859802
0.5886514782905579,0.4833458364009857,-0.3730800151824951
0.4989737272262573,0.482388973236084,-0.25140801072120667
0.5922573804855347,0.4809129238128662,-0.3227938115596771
0.4961579144001007,0.4803029000759125,-0.20712557435035706
0.5769892930984497,0.5344106554985046,-0.003550782101228833
0.5127690434455872,0.5336650609970093,0.0034243299160152674
0.5801729559898376,0.606411337852478,0.001877364469692111
0.5128164291381836,0.6057244539260864,0.013136022724211216
0.5916982293128967,0.6701281070709229,0.20813634991645813
0.5055409073829651,0.6670628786087036,0.20387138426303864
0.5838146805763245,0.6773005127906799,0.22012685239315033
0.5107007622718811,0.6719124913215637,0.21484211087226868
0.5983322858810425,0.6913806796073914,0.059337154030799866
0.5029906630516052,0.6912692785263062,0.05817791074514389
-
0.5373536348342896,0.40836387872695923,-0.29933875799179077
0.5431737899780273,0.4028266370296478,-0.2794569134712219
0.5482165813446045,0.40299487113952637,-0.2794649302959442
0.5527346134185791,0.40315961837768555,-0.27947998046875
0.5303639769554138,0.40316635370254517,-0.2775084376335144
0.5264479517936707,0.40345239639282227,-0.27750545740127563
0.5233590602874756,0.40360918641090393,-0.2774502635002136
0.5587010979652405,0.40635791420936584,-0.14381223917007446
0.5208004713058472,0.4069337844848633,-0.13538190722465515
0.5466136336326599,0.4147084355354309,-0.24773553013801575
0.5295649766921997,0.4148063063621521,-0.2455165833234787
0.5976295471191406,0.4412992596626282,-0.05576704815030098
0.4888331890106201,0.4410736560821533,-0.03304561227560043
0.6610955595970154,0.4676295220851898,-0.11080417782068253
0.43551352620124817,0.46478304266929626,-0.04597259685397148
0.6085628271102905,0.4840443730354309,-0.3212822377681732
0.48061248660087585,0.4825475811958313,-0.20182333886623383
0.5947185754776001,0.4886680245399475,-0.3734157085418701
0.49335119128227234,0.4877515435218811,-0.24299511313438416
0.5886474847793579,0.4833466112613678,-0.3761792778968811
0.49896103143692017,0.48238831758499146,-0.25175678730010986
0.5922509431838989,0.48091620206832886,-0.3252814710140228
0.49615341424942017,0.48030996322631836,-0.20743395388126373
0.5768895149230957,0.5344138145446777,-0.0034639036748558283
0.5126621723175049,0.5336681604385376,0.0033380012027919292
0.580165684223175,0.6064213514328003,0.0011063434649258852
0.5127639770507812,0.6057388186454773,0.012222662568092346
0.5916799902915955,0.6701287031173706,0.20799866318702698
0.505544900894165,0.6670618057250977,0.20370127260684967
0.5837716460227966,0.6772999167442322,0.22003895044326782
0.5107044577598572,0.6719115376472473,0.21471752226352692
0.5983669757843018,0.6913874745368958,0.05898948758840561
0.5030441880226135,0.691257894039154,0.05784038081765175
-
0.5374095439910889,0.4083994925022125,-0.2988845705986023
0.5432590842247009,0.4028959274291992,-0.27866417169570923
0.5483112931251526,0.40308284759521484,-0.27867287397384644
0.5527733564376831,0.40324288606643677,-0.2786885201931
0.5304262638092041,0.40320834517478943,-0.27689680457115173
0.5265292525291443,0.4034954905509949,-0.2768935561180115
0.5233906507492065,0.4036465585231781,-0.2768360376358032
0.558734118938446,0.40643978118896484,-0.14138036966323853
0.5208078026771545,0.4069758355617523,-0.1339835822582245
0.5466783046722412,0.41473355889320374,-0.24680779874324799
0.5296204686164856,0.4148259162902832,-0.24483831226825714
0.5976299047470093,0.4413068890571594,-0.053761016577482224
0.48876655101776123,0.4410744309425354,-0.03179074451327324
0.6608911752700806,0.4676998257637024,-0.11085560917854309
0.4354443848133087,0.46484237909317017,-0.04782494902610779
0.6085138916969299,0.48406118154525757,-0.3246503472328186
0.4806376099586487,0.4826033115386963,-0.2144142985343933
0.5947070121765137,0.4886690080165863,-0.3779451549053192
0.4933522045612335,0.48775118589401245,-0.25795719027519226
0.588638961315155,0.4833486080169678,-0.3805241584777832
0.49895796179771423,0.4823875427246094,-0.26665130257606506
0.5922353863716125,0.480922132730484,-0.3287400007247925
0.4961533844470978,0.48031431436538696,-0.22035111486911774
0.5768370032310486,0.5344167947769165,-0.0033592223189771175
0.5126093029975891,0.5336788892745972,0.003234589472413063
0.5801597237586975,0.6064295768737793,2.600609150249511e-05
0.5127111077308655,0.6057583689689636,0.011271846480667591
0.5916547179222107,0.670128345489502,0.20830442011356354
0.5055516958236694,0.6670637726783752,0.20381255447864532
0.5837358832359314,0.677300751209259,0.2205282598733902
0.5107182264328003,0.6719222664833069,0.21490478515625
0.5984190702438354,0.6913904547691345,0.059105284512043
0.5030508637428284,0.6912587881088257,0.057835377752780914
-
0.5374443531036377,0.40840792655944824,-0.29861217737197876
0.5433266758918762,0.4029155373573303,-0.27844423055648804
0.5483869910240173,0.4031140208244324,-0.2784528434276581
0.5528159141540527,0.4032741189002991,-0.2784683406352997
0.5304611921310425,0.40321916341781616,-0.27664637565612793
0.5265703201293945,0.4035082757472992,-0.2766430675983429
0.5234056115150452,0.4036572575569153,-0.27658599615097046
0.5587722063064575,0.4064812660217285,-0.1411319375038147
0.5208136439323425,0.40698903799057007,-0.13380925357341766
0.5467275977134705,0.41474637389183044,-0.24664029479026794
0.5296467542648315,0.41483378410339355,-0.2446354329586029
0.5976333022117615,0.44131675362586975,-0.053646352142095566
0.488706111907959,0.4410766065120697,-0.03171570971608162
0.6606931090354919,0.46776872873306274,-0.11148479580879211
0.4353475272655487,0.464895099401474,-0.05025586485862732
0.6084728240966797,0.4840734899044037,-0.32630452513694763
0.4806572496891022,0.4826621413230896,-0.22037771344184875
0.5946869254112244,0.48867154121398926,-0.3797248899936676
0.4933560788631439,0.48775339126586914,-0.26440760493278503
0.588607907295227,0.4833536148071289,-0.38231074810028076
0.4989593029022217,0.4823876917362213,-0.2730112075805664
0.5921971201896667,0.48092812299728394,-0.3304038345813751
0.49615588784217834,0.48032015562057495,-0.2263699173927307
0.5767655372619629,0.534419596195221,-0.003312063170596957
0.5125357508659363,0.5336827039718628,0.003187179798260331
0.5801495313644409,0.6064442992210388,-0.0001026154204737395
0.512661337852478,0.6057788729667664,0.011181266978383064
0.5916247367858887,0.6701267957687378,0.2086886465549469
0.5055566430091858,0.6670689582824707,0.2040904313325882
0.5837188959121704,0.6773009300231934,0.22100208699703217
0.5107307434082031,0.671938955783844,0.2152371108531952
0.5984416007995605,0.6913976073265076,0.05930328369140625
0.5030566453933716,0.6912615895271301,0.05793718621134758
-
0.5374974012374878,0.4084106385707855,-0.29931095242500305
0.5434222221374512,0.4029262065887451,-0.2790255844593048
0.548478901386261,0.4031340479850769,-0.2790338099002838
0.5528795123100281,0.40329423546791077,-0.2790490686893463
0.5305118560791016,0.4032221734523773,-0.27726244926452637
0.5266209244728088,0.4035128951072693,-0.2772592008113861
0.5234261751174927,0.40366044640541077,-0.2772022783756256
0.5588027834892273,0.40650907158851624,-0.14161695539951324
0.5208209753036499,0.4069918692111969,-0.1343916952610016
0.5467908382415771,0.4147547781467438,-0.24728238582611084
0.5296834707260132,0.4148363173007965,-0.24534189701080322
0.5976342558860779,0.4413173794746399,-0.05423860624432564
0.48863399028778076,0.44107842445373535,-0.032029349356889725
0.660548210144043,0.467843234539032,-0.11272449791431427
0.4352116584777832,0.4649290442466736,-0.05097993090748787
0.60842365026474,0.4840830862522125,-0.32776474952697754
0.48070237040519714,0.4827633500099182,-0.21930404007434845
0.5946588516235352,0.48867279291152954,-0.38099175691604614
0.4933757483959198,0.48776060342788696,-0.26276886463165283
0.5885703563690186,0.48335522413253784,-0.3834877908229828
0.49896350502967834,0.48238974809646606,-0.27136388421058655
0.5921575427055359,0.4809301495552063,-0.3317781984806061
0.4961636960506439,0.48033180832862854,-0.2251964956521988
0.5767277479171753,0.5344240665435791,-0.003294697031378746
0.5125098824501038,0.5336856245994568,0.0031691179610788822
0.5801381468772888,0.6064490675926208,-0.00010176054638577625
0.5126298069953918,0.6057912707328796,0.011194034479558468
0.5915982723236084,0.6701235175132751,0.20923224091529846
0.5055564045906067,0.667072057723999,0.20481790602207184
0.5837115049362183,0.6772997379302979,0.22162681818008423
0.5107365250587463,0.671946108341217,0.21605968475341797
0.5984430313110352,0.6913976073265076,0.05971560627222061
0.503059446811676,0.6912620663642883,0.05860393866896629
-
0.5375458598136902,0.40841445326805115,-0.2995974123477936
0.5435054898262024,0.4029412865638733,-0.2791953682899475
0.5485543012619019,0.40315812826156616,-0.2792031466960907
0.5529276728630066,0.4033185541629791,-0.2792178988456726
0.5305663347244263,0.40322715044021606,-0.2775353193283081
0.5266758799552917,0.4035196900367737,-0.27753308415412903
0.5234501957893372,0.40366601943969727,-0.27747634053230286
0.558819591999054,0.4065355658531189,-0.14156638085842133
0.5208302140235901,0.40699687600135803,-0.13458558917045593
0.5468364953994751,0.41476115584373474,-0.24740159511566162
0.5297167301177979,0.4148389399051666,-0.24559898674488068
0.5976333022117615,0.4413164556026459,-0.054225046187639236
0.48858097195625305,0.44108110666275024,-0.03235314041376114
0.6603381633758545,0.4679223597049713,-0.11341296136379242
0.4351028501987457,0.4649907052516937,-0.05693606287240982
0.6082562804222107,0.4840971827507019,-0.32936885952949524
0.48069754242897034,0.4827909469604492,-0.2316610962152481
0.5945531725883484,0.4886752963066101,-0.382853239774704
0.493330180644989,0.48776087164878845,-0.2762923240661621
0.5884379744529724,0.4833596646785736,-0.3852122128009796
0.4989033639431,0.48238712549209595,-0.28460419178009033
0.5919982194900513,0.4809383749961853,-0.3333533704280853
0.4961240589618683,0.48033180832862854,-0.2375883311033249
0.5767118334770203,0.5344279408454895,-0.003202970139682293
0.512504518032074,0.5336881875991821,0.003077027853578329
0.580123782157898,0.6064451932907104,-6.366487650666386e-05
0.5126270055770874,0.6057950854301453,0.011154034174978733
0.5915806889533997,0.6701086759567261,0.2094917893409729
0.5055596232414246,0.6670657992362976,0.20502141118049622
0.58370441198349,0.6772932410240173,0.22187069058418274
0.5107417702674866,0.6719470024108887,0.2162773311138153
0.5984448790550232,0.6913982033729553,0.059805791825056076
0.5030694007873535,0.6912586092948914,0.05868275463581085
-
0.5375853776931763,0.40841546654701233,-0.299440860748291
0.5435624718666077,0.4029483199119568,-0.2790743112564087
0.5486069321632385,0.403170108795166,-0.2790822684764862
0.5529612302780151,0.40333065390586853,-0.2790972590446472
0.5306117534637451,0.40322956442832947,-0.27737635374069214
0.52672278881073,0.4035237729549408,-0.2773739695549011
0.5234726071357727,0.40366941690444946,-0.27731722593307495
0.5588322281837463,0.4065517783164978,-0.14128901064395905
0.5208418369293213,0.40699973702430725,-0.13447903096675873
0.5468759536743164,0.41476377844810486,-0.24731189012527466
0.52974933385849,0.41483965516090393,-0.24546052515506744
0.5976329445838928,0.44131606817245483,-0.0540279857814312
0.48855528235435486,0.44108280539512634,-0.03257904201745987
0.6600891351699829,0.46799835562705994,-0.11416920274496078
0.43502405285835266,0.46505895256996155,-0.06281818449497223
0.6080158948898315,0.484136164188385,-0.33036506175994873
0.48066529631614685,0.4827987551689148,-0.24148763716220856
0.5943652987480164,0.4886851906776428,-0.383919358253479
0.49322789907455444,0.4877602458000183,-0.28674811124801636
0.5882693529129028,0.4833740293979645,-0.386157363653183
0.49881502985954285,0.4823833107948303,-0.29460495710372925
0.5918017625808716,0.480961412191391,-0.3343105614185333
0.496061235666275,0.480329692363739,-0.24732676148414612
0.5767014622688293,0.534430980682373,-0.00313140032812953
0.5124938488006592,0.5336896181106567,0.0030056843534111977
0.5801194310188293,0.6064277291297913,0.0003113678249064833
0.512624979019165,0.6057997345924377,0.011015346273779869
0.5915746688842773,0.6700692176818848,0.2090064138174057
0.5055612921714783,0.6670655608177185,0.20390069484710693
0.5836988091468811,0.6772773861885071,0.22118286788463593
0.5107450485229492,0.6719608902931213,0.21496151387691498
0.598446786403656,0.6913962960243225,0.059197597205638885
0.5030911564826965,0.6912518739700317,0.05735648423433304
-
0.5376155972480774,0.40841251611709595,-0.29949212074279785
0.5435888767242432,0.40294942259788513,-0.2790157198905945
0.5486305356025696,0.40317243337631226,-0.2790232002735138
0.5529798865318298,0.40333351492881775,-0.27903738617897034
0.5306403040885925,0.403229296207428,-0.2773926556110382
0.5267505049705505,0.403524249792099,-0.2773912847042084
0.5234860181808472,0.4036697745323181,-0.27733418345451355
0.5588359236717224,0.40655380487442017,-0.14116597175598145
0.5208487510681152,0.40700021386146545,-0.1345411092042923
0.5469058752059937,0.414763867855072,-0.24728545546531677
0.5297764539718628,0.4148377478122711,-0.24557346105575562
0.5976232886314392,0.4413158893585205,-0.05395740270614624
0.48853766918182373,0.44108694791793823,-0.03362229838967323
0.659927248954773,0.46806320548057556,-0.11595221608877182
0.43489304184913635,0.46516767144203186,-0.07062320411205292
0.6078116297721863,0.484173059463501,-0.33359700441360474
0.48065027594566345,0.48286542296409607,-0.2546156346797943
0.59422767162323,0.48869848251342773,-0.3875574767589569
0.49313437938690186,0.487761914730072,-0.3010069727897644
0.588115930557251,0.4833933413028717,-0.38953539729118347
0.498746395111084,0.4823824465274811,-0.3082205355167389
0.5916150212287903,0.4809900224208832,-0.33749786019325256
0.49601536989212036,0.480330228805542,-0.2603200376033783
0.5766960382461548,0.5344333052635193,-0.0030420306138694286
0.5124841928482056,0.5336914658546448,0.0029154380317777395
0.5801057815551758,0.6064106822013855,0.001266168081201613
0.5126225352287292,0.6058036684989929,0.01102230604737997
0.5915683507919312,0.6700364947319031,0.20926569402217865
0.5055623650550842,0.6670670509338379,0.20390138030052185
0.5836949944496155,0.6772658228874207,0.22139504551887512
0.510749876499176,0.6719874143600464,0.21496155858039856
0.5984421968460083,0.6913930177688599,0.05948634073138237
0.503102719783783,0.691246509552002,0.05736301839351654
-
0.5376649498939514,0.4084116816520691,-0.29926180839538574
0.5436350703239441,0.4029509127140045,-0.27850234508514404
0.5486673712730408,0.4031742513179779,-0.2785091698169708
0.5530058741569519,0.40333572030067444,-0.2785220444202423
0.5306901931762695,0.40322965383529663,-0.2770998775959015
0.5267976522445679,0.4035256505012512,-0.27709969878196716
0.523509681224823,0.40367135405540466,-0.27704110741615295
0.5588395595550537,0.40655645728111267,-0.13943298161029816
0.5208561420440674,0.4070015549659729,-0.13416527211666107
0.5469523072242737,0.41476449370384216,-0.2467690408229828
0.5298231244087219,0.414837121963501,-0.24535831809043884
0.5976104736328125,0.441314160823822,-0.05236545577645302
0.48850804567337036,0.4410899579524994,-0.03358001261949539
0.659753680229187,0.46812233328819275,-0.11581551283597946
0.4347587525844574,0.46528172492980957,-0.07110977917909622
0.607728123664856,0.4842100143432617,-0.3334096074104309
0.4806396961212158,0.4829179346561432,-0.2570491433143616
0.5941707491874695,0.4887124001979828,-0.3874431550502777
0.4930706322193146,0.48776188492774963,-0.30376315116882324
0.5880569219589233,0.4834071695804596,-0.38936060667037964
0.4986828565597534,0.4823788106441498,-0.31076779961586
0.5915415287017822,0.481010377407074,-0.3373018801212311
0.49597442150115967,0.48033028841018677,-0.2627115249633789
0.5766865015029907,0.5344355702400208,-0.003000709693878889
0.5124743580818176,0.5336930751800537,0.0028745336458086967
0.5800797939300537,0.6064049005508423,0.00134120206348598
0.5126203894615173,0.6058070659637451,0.010936728678643703
0.5915635824203491,0.6700249910354614,0.20953144133090973
0.5055645704269409,0.667067289352417,0.20390519499778748
0.5836951732635498,0.6772564053535461,0.22168080508708954
0.5107589960098267,0.672005832195282,0.2149677723646164
0.5984194278717041,0.6913912892341614,0.05977601930499077
0.5031169056892395,0.6912375688552856,0.0573602057993412
-
0.5376869440078735,0.4084097445011139,-0.29914605617523193
0.5436589121818542,0.4029521942138672,-0.27819326519966125
0.548690676689148,0.4031760096549988,-0.278199702501297
0.5530245900154114,0.40333765745162964,-0.2782113552093506
0.5307114124298096,0.4032299518585205,-0.27689167857170105
0.5268183946609497,0.4035266041755676,-0.27689266204833984
0.5235196948051453,0.4036725163459778,-0.27683374285697937
0.5588460564613342,0.40655964612960815,-0.13859017193317413
0.5208601355552673,0.4070027470588684,-0.13378338515758514
0.5469750761985779,0.4147647023200989,-0.24651165306568146
0.5298411846160889,0.41483527421951294,-0.245232492685318
0.5976004004478455,0.4413124620914459,-0.05178079754114151
0.48848119378089905,0.44110044836997986,-0.03351375833153725
0.6595704555511475,0.4681633412837982,-0.11580486595630646
0.4346696734428406,0.4653812050819397,-0.07198255509138107
0.6076116561889648,0.4842282831668854,-0.3337361812591553
0.48062705993652344,0.48294597864151,-0.25894924998283386
0.5940951704978943,0.4887208044528961,-0.38792064785957336
0.4930294454097748,0.4877607226371765,-0.30597785115242004
0.5879746079444885,0.48341694474220276,-0.3898583650588989
0.49863603711128235,0.4823679029941559,-0.31297099590301514
0.5914405584335327,0.48102474212646484,-0.33766576647758484
0.49593937397003174,0.4803277552127838,-0.26465892791748047
0.5766792893409729,0.5344424247741699,-0.0029828608967363834
0.5124662518501282,0.5336968898773193,0.0028565910179167986
0.5800462365150452,0.6063915491104126,0.0015098388539627194
0.5126147866249084,0.6058099865913391,0.01097877137362957
0.5915570855140686,0.6700195670127869,0.21051913499832153
0.5055612921714783,0.6670660376548767,0.20487816631793976
0.5837050676345825,0.6772474050521851,0.22275321185588837
0.5107641220092773,0.6720088124275208,0.2160530686378479
0.5983647108078003,0.6913914084434509,0.06064150482416153
0.5031202435493469,0.6912280917167664,0.05823766440153122
-
0.5376976132392883,0.4084088206291199,-0.2985469698905945
0.5436682105064392,0.40295329689979553,-0.2774219810962677
0.5487009882926941,0.40317749977111816,-0.27742794156074524
0.5530325770378113,0.40333932638168335,-0.27743828296661377
0.5307220220565796,0.40323036909103394,-0.2762126624584198
0.526830792427063,0.4035278856754303,-0.27621492743492126
0.5235264897346497,0.4036739468574524,-0.27615582942962646
0.5588491559028625,0.40656232833862305,-0.13747121393680573
0.5208641290664673,0.407003790140152,-0.13299503922462463
0.5469874739646912,0.41476505994796753,-0.24577808380126953
0.5298514366149902,0.4148341119289398,-0.2446340173482895
0.597596287727356,0.4413106441497803,-0.050764355808496475
0.48846572637557983,0.44110608100891113,-0.03339763358235359
0.6594216823577881,0.4681914448738098,-0.11573931574821472
0.43460574746131897,0.4654596447944641,-0.0727522075176239
0.6075805425643921,0.4842304289340973,-0.3337363004684448
0.48061439394950867,0.4829612672328949,-0.2611088156700134
0.5940790176391602,0.48872318863868713,-0.3880160450935364
0.4929952025413513,0.4877581000328064,-0.30837929248809814
0.5879554748535156,0.4834187924861908,-0.38999998569488525
0.4986031949520111,0.4823548197746277,-0.315408855676651
0.5914144515991211,0.48102694749832153,-0.3376992344856262
0.4959123432636261,0.4803236126899719,-0.2668672204017639
0.5766713619232178,0.5344441533088684,-0.002945548389106989
0.5124590992927551,0.5336989760398865,0.0028195572085678577
0.5800387859344482,0.6063729524612427,0.0015854103257879615
0.5126127600669861,0.6058111786842346,0.010968778282403946
0.5915529727935791,0.6700137257575989,0.21049410104751587
0.5055608749389648,0.6670676469802856,0.20490390062332153
0.5837029218673706,0.6772457361221313,0.22272492945194244
0.5107755661010742,0.6720277667045593,0.21607324481010437
0.5983137488365173,0.6913914084434509,0.06060107424855232
0.503102719783783,0.6912225484848022,0.058239296078681946
-
0.5377013683319092,0.40840744972229004,-0.29847002029418945
0.543671727180481,0.4029543995857239,-0.2772994637489319
0.5487043857574463,0.4031791090965271,-0.27730512619018555
0.5530357956886292,0.403341144323349,-0.2773149907588959
0.5307254195213318,0.403230756521225,-0.27610987424850464
0.5268357396125793,0.40352892875671387,-0.27611276507377625
0.5235294103622437,0.4036751687526703,-0.27605390548706055
0.558851420879364,0.406564325094223,-0.13732457160949707
0.5208667516708374,0.40700477361679077,-0.13282257318496704
0.5469925999641418,0.4147651195526123,-0.24565695226192474
0.5298553109169006,0.4148326814174652,-0.24454237520694733
0.597595751285553,0.4413071572780609,-0.05064239352941513
0.48845842480659485,0.44111013412475586,-0.03333665058016777
0.6593219041824341,0.468208372592926,-0.11583980172872543
0.4345616102218628,0.4655148386955261,-0.07388115674257278
0.6075376868247986,0.48423290252685547,-0.33427074551582336
0.480607807636261,0.4829742908477783,-0.262938916683197
0.5940555334091187,0.48872488737106323,-0.3886297047138214
0.4929697811603546,0.48775631189346313,-0.3103318512439728
0.5879273414611816,0.48342061042785645,-0.39068925380706787
0.49857762455940247,0.48234492540359497,-0.31737229228019714
0.591374397277832,0.4810289442539215,-0.3382757008075714
0.4958907663822174,0.4803203046321869,-0.2687350809574127
0.5766717791557312,0.5344480276107788,-0.002937017474323511
0.5124534964561462,0.533701479434967,0.002811105689033866
0.5800333023071289,0.6063516139984131,0.0018378535751253366
0.5126107931137085,0.605808675289154,0.011066034436225891
0.5915484428405762,0.6700080633163452,0.21064262092113495
0.5055655837059021,0.6670677661895752,0.20522673428058624
0.5837053656578064,0.6772444248199463,0.22283780574798584
0.5108124017715454,0.6720399260520935,0.21638980507850647
0.5982260704040527,0.6913913488388062,0.060626301914453506
0.5031006336212158,0.6912199258804321,0.058487702161073685
-
0.5377044677734375,0.40840739011764526,-0.29763463139533997
0.5436761379241943,0.40295538306236267,-0.27645400166511536
0.5487084984779358,0.40318065881729126,-0.27645957469940186
0.5530388951301575,0.4033428132534027,-0.276468425989151
0.5307298302650452,0.4032319188117981,-0.27525898814201355
0.5268396735191345,0.40353092551231384,-0.27526265382766724
0.5235317349433899,0.403677374124527,-0.2752041220664978
0.5588542222976685,0.40656647086143494,-0.1365523338317871
0.5208698511123657,0.40700721740722656,-0.13196493685245514
0.5469967126846313,0.4147654175758362,-0.24481964111328125
0.529857873916626,0.4148324131965637,-0.24370796978473663
0.5975956916809082,0.4413053095340729,-0.049948807805776596
0.4884503185749054,0.4411148130893707,-0.03304450586438179
0.6592420935630798,0.4682230055332184,-0.11581898480653763
0.43453556299209595,0.4655619263648987,-0.07431440055370331
0.6075119376182556,0.48423558473587036,-0.33414986729621887
0.4806007742881775,0.48298102617263794,-0.2649953067302704
0.5940410494804382,0.4887259602546692,-0.3884771168231964
0.4929440915584564,0.4877527356147766,-0.3126036822795868
0.5879185795783997,0.4834226071834564,-0.3905518054962158
0.4985366761684418,0.4823288917541504,-0.3195536434650421
0.5913619995117188,0.48103079199790955,-0.33815905451774597
0.49586012959480286,0.4803129732608795,-0.2708017826080322
0.5766712427139282,0.5344628691673279,-0.0029317643493413925
0.5124505758285522,0.5337088108062744,0.0028058188036084175
0.5800239443778992,0.6063193678855896,0.0020161932334303856
0.5126090049743652,0.6058089733123779,0.011109470389783382
0.5915437936782837,0.669996976852417,0.2106419950723648
0.5055698156356812,0.6670677661895752,0.20530696213245392
0.5837118625640869,0.677237868309021,0.2228238582611084
0.5108457207679749,0.6720453500747681,0.21646179258823395
0.598186731338501,0.6913908123970032,0.06061817705631256
0.503091037273407,0.6912163496017456,0.058587562292814255
-
0.5377030372619629,0.4084039330482483,-0.29663655161857605
0.5436726212501526,0.40295520424842834,-0.27559301257133484
0.5487086772918701,0.40318137407302856,-0.2755984961986542
0.5530388951301575,0.40334439277648926,-0.2756064832210541
0.5307321548461914,0.403231680393219,-0.2741990387439728
0.5268439650535583,0.403531014919281,-0.2742021083831787
0.5235329270362854,0.4036775231361389,-0.27414384484291077
0.5588566064834595,0.40656933188438416,-0.1363837718963623
0.5208711624145508,0.40700778365135193,-0.13100512325763702
0.5469967126846313,0.41476359963417053,-0.24412982165813446
0.5298582315444946,0.41482990980148315,-0.24275678396224976
0.5976002812385559,0.44130414724349976,-0.04998818039894104
0.4884462058544159,0.4411188066005707,-0.03195454180240631
0.65924471616745,0.4682338833808899,-0.11578859388828278
0.4345230460166931,0.46563953161239624,-0.07419143617153168
0.6074621677398682,0.4842451214790344,-0.33314022421836853
0.48065048456192017,0.4830499291419983,-0.2603437602519989
0.5940009951591492,0.48873209953308105,-0.3870583474636078
0.4929479956626892,0.48775649070739746,-0.3070990741252899
0.5879027843475342,0.4834277033805847,-0.38923919200897217
0.4985320270061493,0.4823273718357086,-0.3144032061100006
0.5913412570953369,0.48103490471839905,-0.3371150493621826
0.49585631489753723,0.4803162217140198,-0.2661437690258026
0.5766728520393372,0.5344985723495483,-0.003072424791753292
0.5124496221542358,0.5337234139442444,0.0029468426946550608
0.5799958109855652,0.6063154935836792,0.002625762252137065
0.5126082301139832,0.6058101058006287,0.011898674070835114
0.5915396213531494,0.6699933409690857,0.2103833705186844
0.5055757164955139,0.6670774817466736,0.20526736974716187
0.583764910697937,0.6772361397743225,0.22240880131721497
0.5108974575996399,0.672092616558075,0.216354101896286
0.5980300307273865,0.6913840770721436,0.06030450761318207
0.50309157371521,0.6912156939506531,0.05858973413705826
-
0.5376985669136047,0.40839776396751404,-0.29616373777389526
0.5436681509017944,0.4029533267021179,-0.275195449590683
0.5487073063850403,0.4031802713871002,-0.2752009630203247
0.5530384182929993,0.4033444821834564,-0.2752085030078888
0.5307328701019287,0.4032300114631653,-0.2736626863479614
0.5268461108207703,0.40352973341941833,-0.27366524934768677
0.5235329866409302,0.40367650985717773,-0.2736067771911621
0.5588588118553162,0.40657180547714233,-0.13638563454151154
0.5208723545074463,0.4070081114768982,-0.1305040419101715
0.5469939708709717,0.4147600531578064,-0.24385860562324524
0.5298546552658081,0.414825439453125,-0.24231365323066711
0.5976154208183289,0.44130387902259827,-0.05018222704529762
0.48843124508857727,0.44112882018089294,-0.031216414645314217
0.6592937707901001,0.46825462579727173,-0.11596416682004929
0.4345013499259949,0.46575307846069336,-0.07394593954086304
0.607431173324585,0.48425835371017456,-0.3330259621143341
0.48066630959510803,0.483106791973114,-0.25759923458099365
0.5939733982086182,0.48873719573020935,-0.3869808316230774
0.4929456412792206,0.4877583384513855,-0.3040624260902405
0.5878961682319641,0.48343008756637573,-0.3891635835170746
0.4985174834728241,0.48232585191726685,-0.31143996119499207
0.5913331508636475,0.48103761672973633,-0.3370038866996765
0.4958484172821045,0.4803174138069153,-0.26339370012283325
0.5766856074333191,0.5345272421836853,-0.0032772000413388014
0.5124543309211731,0.5337415337562561,0.003151530399918556
0.5799590349197388,0.6063082218170166,0.0032358320895582438
0.5126074552536011,0.6058111786842346,0.012763758189976215
0.5915356874465942,0.6699850559234619,0.2102336287498474
0.5055769085884094,0.6670979261398315,0.20523227751255035
0.5837744474411011,0.677234947681427,0.22215662896633148
0.5109341144561768,0.6721800565719604,0.21624694764614105
0.5979216694831848,0.6913646459579468,0.060218945145606995
0.5030842423439026,0.6912163496017456,0.05859953537583351
-
0.5376976728439331,0.40839511156082153,-0.29549798369407654
0.5436680316925049,0.4029531478881836,-0.27448269724845886
0.548708438873291,0.4031805396080017,-0.2744877338409424
0.5530394911766052,0.40334534645080566,-0.274494469165802
0.530734658241272,0.40322980284690857,-0.27297720313072205
0.5268489122390747,0.4035298228263855,-0.2729797065258026
0.5235335230827332,0.4036765992641449,-0.27292028069496155
0.5588608384132385,0.4065738618373871,-0.1358114331960678
0.520873486995697,0.4070085883140564,-0.12997294962406158
0.5469945669174194,0.41475892066955566,-0.2432398647069931
0.529852569103241,0.4148237705230713,-0.24172276258468628
0.5976306796073914,0.441305547952652,-0.04990846663713455
0.4884240925312042,0.4411400258541107,-0.03080707974731922
0.6594104766845703,0.4682741165161133,-0.11589103192090988
0.4344925880432129,0.4658748209476471,-0.07302594929933548
0.6074240207672119,0.4842630922794342,-0.3329504132270813
0.48069921135902405,0.4831472337245941,-0.2610308825969696
0.593964695930481,0.48873835802078247,-0.3868773579597473
0.4929509460926056,0.487762451171875,-0.3082789480686188
0.5878880620002747,0.48343032598495483,-0.38894444704055786
0.49851298332214355,0.48232483863830566,-0.31500500440597534
0.5913259387016296,0.4810389578342438,-0.3368834853172302
0.4958449900150299,0.4803191125392914,-0.2666885256767273
0.5767053961753845,0.5345388650894165,-0.003383968025445938
0.5124642848968506,0.5337514877319336,0.0032585186418145895
0.5799245834350586,0.6062935590744019,0.0036447567399591208
0.5126099586486816,0.6058121919631958,0.01306435838341713
0.5915339589118958,0.6699827909469604,0.2097650170326233
0.5055780410766602,0.6671216487884521,0.20486560463905334
0.583812415599823,0.677237868309021,0.22150622308254242
0.5109695792198181,0.6722536087036133,0.2157139629125595
0.5978357791900635,0.6913549900054932,0.05977291986346245
0.5030762553215027,0.6912200450897217,0.058390676975250244
-
0.5376904010772705,0.40839260816574097,-0.2954358756542206
0.543664276599884,0.4029526114463806,-0.27441784739494324
0.5487066507339478,0.40318042039871216,-0.274422824382782
0.5530391931533813,0.40334582328796387,-0.27442944049835205
0.5307331681251526,0.40322938561439514,-0.2729239761829376
0.5268481969833374,0.40352949500083923,-0.2729264497756958
0.5235312581062317,0.4036763310432434,-0.2728666365146637
0.5588624477386475,0.40657559037208557,-0.1357494741678238
0.5208742618560791,0.4070090353488922,-0.12993872165679932
0.5469921827316284,0.4147581160068512,-0.24316807091236115
0.5298423767089844,0.41482266783714294,-0.2416641265153885
0.5976511240005493,0.44131287932395935,-0.04973685368895531
0.4884178936481476,0.4411531090736389,-0.030739791691303253
0.6595876216888428,0.4683007299900055,-0.1156066358089447
0.4344838857650757,0.46601778268814087,-0.07265373319387436
0.6074140071868896,0.48427778482437134,-0.33254244923591614
0.48073679208755493,0.4832375645637512,-0.2624896168708801
0.5939569473266602,0.48873934149742126,-0.386362761259079
0.4929638206958771,0.48778095841407776,-0.30993449687957764
0.5878856778144836,0.4834308624267578,-0.388288289308548
0.4985104501247406,0.4823331832885742,-0.3165484666824341
0.591322660446167,0.4810405373573303,-0.3364105522632599
0.4958450198173523,0.4803342819213867,-0.2681199908256531
0.5767497420310974,0.5345413684844971,-0.003413245314732194
0.51247239112854,0.533753514289856,0.003287971019744873
0.5798948407173157,0.6062694787979126,0.004152847453951836
0.512620210647583,0.6058109998703003,0.013191106729209423
0.5915316939353943,0.6699806451797485,0.209376722574234
0.5055791139602661,0.6671499609947205,0.20420625805854797
0.5838294625282288,0.677243173122406,0.22097641229629517
0.5109936594963074,0.6723390817642212,0.2148696631193161
0.5978028774261475,0.6913501620292664,0.05938257649540901
0.5030745267868042,0.6912233233451843,0.05772147700190544
-
0.5376173257827759,0.4083912968635559,-0.2952777147293091
0.5435906052589417,0.4029526114463806,-0.27430951595306396
0.5486426949501038,0.40318018198013306,-0.2743145525455475
0.5529913902282715,0.40334653854370117,-0.2743212878704071
0.5306848287582397,0.40322980284690857,-0.2727188467979431
0.5268075466156006,0.4035293459892273,-0.27272072434425354
0.5235061049461365,0.40367621183395386,-0.272661030292511
0.5588536858558655,0.4065774381160736,-0.1357671618461609
0.5208710432052612,0.4070095121860504,-0.12971144914627075
0.5469222068786621,0.41475576162338257,-0.2431226521730423
0.5297712683677673,0.41482120752334595,-0.24150945246219635
0.5976671576499939,0.44132155179977417,-0.049994856119155884
0.4884113371372223,0.4411546289920807,-0.030383210629224777
0.659839928150177,0.4683048725128174,-0.11560701578855515
0.4344765841960907,0.46609678864479065,-0.06884222477674484
0.6074009537696838,0.48428207635879517,-0.3322128653526306
0.4807596802711487,0.4832688271999359,-0.2542858421802521
0.5939511656761169,0.48873957991600037,-0.3857775926589966
0.49296700954437256,0.48778876662254333,-0.3006957471370697
0.5878853797912598,0.48342886567115784,-0.38761699199676514
0.49850791692733765,0.48234066367149353,-0.30764660239219666
0.5913214683532715,0.481040894985199,-0.33603233098983765
0.4958440959453583,0.4803450107574463,-0.25997474789619446
0.5767863988876343,0.5345567464828491,-0.0034487780649214983
0.5124838352203369,0.5337580442428589,0.0033224390354007483
0.5798652768135071,0.6062569618225098,0.004212458152323961
0.5126422643661499,0.6058093905448914,0.013500496745109558
0.5915300846099854,0.6699732542037964,0.2094971090555191
0.5055750012397766,0.6671497821807861,0.20447726547718048
0.5838478803634644,0.6772305369377136,0.22113613784313202
0.5110003352165222,0.6723384857177734,0.2151685655117035
0.5977516174316406,0.6913427114486694,0.05953386798501015
0.5030843615531921,0.6912199854850769,0.05813634768128395
-
0.5374775528907776,0.40839141607284546,-0.29426759481430054
0.5434339046478271,0.4029563367366791,-0.2735016345977783
0.5485063791275024,0.40318170189857483,-0.27350640296936035
0.5528740286827087,0.40335026383399963,-0.273513525724411
0.5305945873260498,0.4032372832298279,-0.27161267399787903
0.5267444849014282,0.40353187918663025,-0.27161404490470886
0.5234729051589966,0.4036787152290344,-0.27155423164367676
0.5588305592536926,0.40658038854599,-0.13557583093643188
0.520870566368103,0.40701547265052795,-0.12813681364059448
0.5468044877052307,0.4147530496120453,-0.24235379695892334
0.5296669602394104,0.4148203432559967,-0.24031779170036316
0.5977147221565247,0.4413517117500305,-0.049922239035367966
0.48844093084335327,0.44115352630615234,-0.02891847863793373
0.6601709723472595,0.46830886602401733,-0.1157105341553688
0.4344969391822815,0.4661199152469635,-0.06714361160993576
0.6073881983757019,0.48428526520729065,-0.3323085904121399
0.48076963424682617,0.48329105973243713,-0.25336092710494995
0.5939438343048096,0.488731324672699,-0.38582417368888855
0.49296560883522034,0.48779091238975525,-0.29982897639274597
0.5878885388374329,0.483411967754364,-0.38761821389198303
0.49849820137023926,0.48234453797340393,-0.3067341148853302
0.5913237929344177,0.48103266954421997,-0.33610236644744873
0.4958394467830658,0.4803520739078522,-0.259086549282074
0.5768334865570068,0.5345599055290222,-0.0034984813537448645
0.512519896030426,0.5337599515914917,0.0033714224118739367
0.5798369646072388,0.6062204241752625,0.0029827095568180084
0.5126610994338989,0.6058093309402466,0.013120613992214203
0.5915305018424988,0.6699532866477966,0.20915131270885468
0.5055893063545227,0.6672133207321167,0.2039993703365326
0.5838591456413269,0.677223265171051,0.2209053635597229
0.5110601186752319,0.6724275350570679,0.2147214412689209
0.5977447628974915,0.691341757774353,0.05929942801594734
0.5030980706214905,0.6912752389907837,0.05763237178325653
-
0.5373874306678772,0.4083924889564514,-0.2940015196800232
0.5433226227760315,0.40296226739883423,-0.2733432650566101
0.5484108924865723,0.40318506956100464,-0.2733476758003235
0.5527849197387695,0.4033561646938324,-0.2733551561832428
0.5305358171463013,0.4032469391822815,-0.27135616540908813
0.5267080664634705,0.40353649854660034,-0.27135738730430603
0.5234532356262207,0.4036829471588135,-0.27129772305488586
0.5588134527206421,0.4065847396850586,-0.1355930119752884
0.5208710432052612,0.407022088766098,-0.12777510285377502
0.5467284917831421,0.41475167870521545,-0.24217285215854645
0.5296030044555664,0.4148198962211609,-0.23998305201530457
0.5977565050125122,0.4413789212703705,-0.049925416707992554
0.48848381638526917,0.44115209579467773,-0.028214098885655403
0.6603680849075317,0.46830853819847107,-0.11570504307746887
0.434520423412323,0.46614259481430054,-0.06409464031457901
0.6073651909828186,0.48428821563720703,-0.3322167694568634
0.4807698130607605,0.4832943379878998,-0.24822643399238586
0.5939369797706604,0.4887203276157379,-0.38565605878829956
0.4929601550102234,0.48779186606407166,-0.2942745089530945
0.587891161441803,0.4833888113498688,-0.38739967346191406
0.4984836280345917,0.482351154088974,-0.30146461725234985
0.5913283228874207,0.4810187816619873,-0.3359942138195038
0.495831161737442,0.4803609848022461,-0.2540231943130493
0.5769401788711548,0.5345615148544312,-0.0035250401124358177
0.5126230716705322,0.5337559580802917,0.0033978731371462345
0.5798302292823792,0.6061919927597046,0.0019493319559842348
0.512670636177063,0.6058075428009033,0.012439075857400894
0.5915290117263794,0.6699509620666504,0.20763659477233887
0.5055925250053406,0.6672866940498352,0.20226573944091797
0.5838608145713806,0.6772235631942749,0.21942009031772614
0.5110786557197571,0.6725074052810669,0.21289221942424774
0.597743034362793,0.6913407444953918,0.057620953768491745
0.5031013488769531,0.6913436651229858,0.05554323270916939
-
0.5373014807701111,0.4083942472934723,-0.29411956667900085
0.5432181358337402,0.4029710292816162,-0.27370786666870117
0.5483266711235046,0.4031909108161926,-0.273711621761322
0.5527071356773376,0.40336522459983826,-0.27372005581855774
0.5304803848266602,0.4032595753669739,-0.27147817611694336
0.5266759395599365,0.4035433232784271,-0.27147921919822693
0.5234371423721313,0.40368932485580444,-0.2714199423789978
0.5588043928146362,0.4065917134284973,-0.1373852789402008
0.5208727717399597,0.40703219175338745,-0.12780146300792694
0.5466645359992981,0.41475120186805725,-0.24253462255001068
0.5295490026473999,0.41481977701187134,-0.24004274606704712
0.597832441329956,0.44140544533729553,-0.0518755279481411
0.4885598123073578,0.44115009903907776,-0.028009209781885147
0.6606773734092712,0.4683089852333069,-0.11658775806427002
0.43454882502555847,0.46614694595336914,-0.05809587240219116
0.6072680354118347,0.4842906892299652,-0.33216148614883423
0.4807698428630829,0.4832985997200012,-0.23518185317516327
0.5938968062400818,0.48870429396629333,-0.38528162240982056
0.4929485023021698,0.48779296875,-0.27982717752456665
0.5878762006759644,0.4833664000034332,-0.38699623942375183
0.49846893548965454,0.4823625683784485,-0.2873699963092804
0.5913172960281372,0.4810101091861725,-0.3358902335166931
0.49582549929618835,0.48037925362586975,-0.24096046388149261
0.5770336389541626,0.5345622897148132,-0.0037111258134245872
0.5127147436141968,0.533746600151062,0.003583056153729558
0.5798215270042419,0.6061700582504272,0.0005254868883639574
0.5126686692237854,0.6058054566383362,0.012212595902383327
0.5915279388427734,0.6699476838111877,0.2053893804550171
0.5055956244468689,0.6673370003700256,0.20071138441562653
0.5838632583618164,0.6772242784500122,0.2171756476163864
0.511091947555542,0.6725596785545349,0.21122640371322632
0.5977426171302795,0.6913385391235352,0.055536847561597824
0.5031024217605591,0.6913938522338867,0.0541578084230423
-
0.5372470021247864,0.40839505195617676,-0.29601460695266724
0.5431526899337769,0.4029766619205475,-0.2761244475841522
0.548275351524353,0.40319427847862244,-0.2761269509792328
0.5526602268218994,0.4033701419830322,-0.27613702416419983
0.5304452776908875,0.4032689034938812,-0.2735586166381836
0.5266573429107666,0.4035491347312927,-0.273560106754303
0.5234277248382568,0.40369534492492676,-0.2735034227371216
0.5588008761405945,0.4065939486026764,-0.14115804433822632
0.5208766460418701,0.407041072845459,-0.12993711233139038
0.546630859375,0.41475027799606323,-0.24478666484355927
0.5295177102088928,0.41481953859329224,-0.24182039499282837
0.5979231595993042,0.4414070248603821,-0.054834429174661636
0.48865047097206116,0.44114869832992554,-0.028546158224344254
0.6609441637992859,0.46830540895462036,-0.11710778623819351
0.4345862865447998,0.4661545157432556,-0.056247349828481674
0.6071867346763611,0.48429688811302185,-0.33143025636672974
0.48080015182495117,0.48334842920303345,-0.23006926476955414
0.5938536524772644,0.48870372772216797,-0.38396480679512024
0.49296337366104126,0.4878062307834625,-0.2742635905742645
0.5878655314445496,0.4833642840385437,-0.38585659861564636
0.49846887588500977,0.4823911190032959,-0.2820843458175659
0.5913146734237671,0.4810100197792053,-0.33510878682136536
0.4958305358886719,0.4804195761680603,-0.23584334552288055
0.5771796703338623,0.5345479846000671,-0.0039087506011128426
0.5128281712532043,0.5336966514587402,0.003779985476285219
0.5798441767692566,0.6061331033706665,9.091505489777774e-06
0.5126753449440002,0.6057872176170349,0.012172713875770569
0.5915274024009705,0.6699457168579102,0.2030867636203766
0.5055921673774719,0.6673552989959717,0.19919738173484802
0.583871603012085,0.6772226095199585,0.21468964219093323
0.5110982656478882,0.6725776195526123,0.20955322682857513
0.5977392196655273,0.69133460521698,0.052888188511133194
0.5031045079231262,0.6914160847663879,0.052657388150691986
-
0.5372092127799988,0.4083947539329529,-0.3006437122821808
0.5430946350097656,0.4029780924320221,-0.28130513429641724
0.5482260584831238,0.40319520235061646,-0.28130635619163513
0.5526215434074402,0.4033714830875397,-0.2813188433647156
0.5304133296012878,0.4032747745513916,-0.27854183316230774
0.5266398191452026,0.40355318784713745,-0.27854371070861816
0.5234193205833435,0.403700053691864,-0.2784912586212158
0.5587977170944214,0.40659603476524353,-0.14746293425559998
0.5208789110183716,0.4070472717285156,-0.13539935648441315
0.5466126203536987,0.4147469103336334,-0.2497253268957138
0.5294991731643677,0.4148184657096863,-0.2464509755373001
0.5979675054550171,0.44140806794166565,-0.0594714917242527
0.4888129234313965,0.4411400854587555,-0.03185461461544037
0.6612615585327148,0.46825194358825684,-0.11734555661678314
0.43470054864883423,0.4661577343940735,-0.053158681839704514
0.6071348786354065,0.4843205511569977,-0.3277583122253418
0.4808092415332794,0.48338913917541504,-0.21797482669353485
0.5938290357589722,0.4887072443962097,-0.3791249096393585
0.4929671883583069,0.4878207743167877,-0.2606620192527771
0.5878633856773376,0.4833720624446869,-0.38144591450691223
0.49846675992012024,0.4824182987213135,-0.26919397711753845
0.5913131237030029,0.4810259938240051,-0.3313918709754944
0.4958290457725525,0.48045700788497925,-0.22376613318920135
0.5773429870605469,0.5344781875610352,-0.003944657742977142
0.5129299163818359,0.5335785150527954,0.00381546956487
0.5799228549003601,0.6061080694198608,3.207385088899173e-05
0.5126744508743286,0.6057485342025757,0.012126483023166656
0.5915277600288391,0.6699461936950684,0.1996326893568039
0.505588173866272,0.6673657298088074,0.19631803035736084
0.5838664174079895,0.6772376298904419,0.21079915761947632
0.5111039280891418,0.6725903153419495,0.2063319981098175
0.5978350043296814,0.691326916217804,0.049011167138814926
0.503080427646637,0.6914440989494324,0.049560192972421646
-
0.5371971726417542,0.4083951413631439,-0.30301564931869507
0.5430700778961182,0.40298008918762207,-0.28376924991607666
0.548206627368927,0.4031960070133209,-0.2837708294391632
0.5526031255722046,0.40337276458740234,-0.2837848961353302
0.5303970575332642,0.40328192710876465,-0.281101256608963
0.5266305804252625,0.4035590589046478,-0.2811030149459839
0.5234148502349854,0.4037071764469147,-0.2810526192188263
0.558794379234314,0.4065977931022644,-0.1500702202320099
0.5208811163902283,0.4070569574832916,-0.13842332363128662
0.5466108322143555,0.41474422812461853,-0.2521331012248993
0.5294949412345886,0.41481813788414,-0.2489316463470459
0.5979999303817749,0.4414088726043701,-0.06124066188931465
0.48893558979034424,0.44113773107528687,-0.03419990837574005
0.6615197658538818,0.46809354424476624,-0.11682341992855072
0.4348587393760681,0.46617069840431213,-0.049398623406887054
0.6071245670318604,0.48432406783103943,-0.32136470079421997
0.4808957874774933,0.483442485332489,-0.20692771673202515
0.5938214659690857,0.4887077212333679,-0.3720884621143341
0.4930385649204254,0.4878372550010681,-0.24863597750663757
0.5878626108169556,0.48337793350219727,-0.3747466504573822
0.49848419427871704,0.4824395179748535,-0.25771135091781616
0.5913218855857849,0.4810345768928528,-0.3250431418418884
0.49585697054862976,0.48048701882362366,-0.212739959359169
0.5775126814842224,0.5343858599662781,-0.003944628871977329
0.5130367875099182,0.5334352254867554,0.003815458621829748
0.5800431370735168,0.6060658097267151,-9.583203063812107e-05
0.5126853585243225,0.6056948900222778,0.011886652559041977
0.5915254354476929,0.6699445247650146,0.19749942421913147
0.5055837035179138,0.6673711538314819,0.19416874647140503
0.5838342905044556,0.677240788936615,0.2084970325231552
0.5111088752746582,0.6725937128067017,0.2040407806634903
0.5978437066078186,0.6913093328475952,0.046566322445869446
0.5030813813209534,0.6914490461349487,0.047089554369449615
-
0.5371947884559631,0.4083960950374603,-0.3072351813316345
0.5430628657341003,0.40298327803611755,-0.28816336393356323
0.5482031106948853,0.4031975269317627,-0.28816360235214233
0.552599310874939,0.4033738076686859,-0.2881789207458496
0.530392050743103,0.4032902121543884,-0.28570231795310974
0.5266277194023132,0.4035664200782776,-0.28570449352264404
0.5234133005142212,0.4037155508995056,-0.2856543958187103
0.5587937831878662,0.40659910440444946,-0.15463882684707642
0.5208830833435059,0.4070654809474945,-0.1438303142786026
0.5466257333755493,0.41474276781082153,-0.2562926411628723
0.5294956564903259,0.4148181080818176,-0.2533174157142639
0.598031759262085,0.44140928983688354,-0.06415799260139465
0.4890393912792206,0.44113627076148987,-0.038279540836811066
0.661802351474762,0.46799176931381226,-0.11605435609817505
0.4350152015686035,0.4662036895751953,-0.045776400715112686
0.6071159243583679,0.4843263626098633,-0.31621232628822327
0.4810280203819275,0.48352402448654175,-0.1932017058134079
0.5938132405281067,0.4887077212333679,-0.3663140535354614
0.4931742250919342,0.4878636300563812,-0.2334567755460739
0.5878674983978271,0.4833816587924957,-0.36920249462127686
0.49854567646980286,0.48246845602989197,-0.2425907999277115
0.5913426876068115,0.4810406565666199,-0.3199028968811035
0.4959242641925812,0.48052269220352173,-0.1987243890762329
0.57766193151474,0.5342996120452881,-0.0039435564540326595
0.5131387114524841,0.5333039164543152,0.003814424853771925
0.580168604850769,0.6060479283332825,-5.750014679506421e-05
0.5126951932907104,0.6056632995605469,0.011886674910783768
0.5915278792381287,0.6699432134628296,0.19804920256137848
0.5055868625640869,0.6673743724822998,0.19440296292304993
0.5838107466697693,0.6772345304489136,0.20917250216007233
0.5111476182937622,0.6725964546203613,0.20437099039554596
0.5979331731796265,0.6913058161735535,0.04734538495540619
0.503075897693634,0.6914598941802979,0.047452349215745926
-
0.5372068285942078,0.40838703513145447,-0.3060857653617859
0.5430610775947571,0.40297675132751465,-0.28678998351097107
0.5482025146484375,0.4031912684440613,-0.2867906391620636
0.5526001453399658,0.40336909890174866,-0.2868041694164276
0.5303908586502075,0.4032882750034332,-0.28433316946029663
0.5266267657279968,0.40356558561325073,-0.2843352258205414
0.5234121084213257,0.40371575951576233,-0.2842831015586853
0.5587955117225647,0.40659624338150024,-0.15278348326683044
0.5208860039710999,0.4070671498775482,-0.14209631085395813
0.5466886162757874,0.4147392213344574,-0.2550660967826843
0.5295215249061584,0.41481590270996094,-0.2521335184574127
0.5980693101882935,0.44141077995300293,-0.06350891292095184
0.48910900950431824,0.44113945960998535,-0.03750459477305412
0.6620389819145203,0.4678901731967926,-0.11215662211179733
0.43524041771888733,0.4662697911262512,-0.04796779528260231
0.6071144938468933,0.48432856798171997,-0.31374138593673706
0.481317937374115,0.4836040139198303,-0.20569245517253876
0.5938116312026978,0.48870187997817993,-0.36468443274497986
0.49346253275871277,0.48790010809898376,-0.24792611598968506
0.5879064798355103,0.4833809733390808,-0.367479145526886
0.49871307611465454,0.4825060963630676,-0.25665247440338135
0.5914106965065002,0.48104143142700195,-0.3175641894340515
0.49608585238456726,0.4805614948272705,-0.21137076616287231
0.5778566598892212,0.5342206954956055,-0.003840406658127904
0.5132418870925903,0.5332176089286804,0.0037136534228920937
0.580311119556427,0.6060221791267395,-6.896429840708151e-05
0.5127367973327637,0.6056205034255981,0.011288965120911598
0.5915270447731018,0.6699429750442505,0.19739678502082825
0.5056003332138062,0.667382538318634,0.19295400381088257
0.583735466003418,0.6772345304489136,0.20840422809123993
0.5111991167068481,0.6726214289665222,0.2028133124113083
0.5980948805809021,0.6913041472434998,0.04616212844848633
0.503080427646637,0.6914771795272827,0.045288875699043274
-
0.537258505821228,0.40834227204322815,-0.3052515387535095
0.5430763363838196,0.40293630957603455,-0.2858215272426605
0.5482146143913269,0.4031531810760498,-0.2858225703239441
0.5526190996170044,0.4033347964286804,-0.28583550453186035
0.5304133296012878,0.40325698256492615,-0.28340792655944824
0.5266397595405579,0.40354353189468384,-0.28340980410575867
0.5234181880950928,0.40369686484336853,-0.2833569347858429
0.558802604675293,0.40657925605773926,-0.15153901278972626
0.5209007859230042,0.4070621430873871,-0.1410263031721115
0.5468068718910217,0.4147269129753113,-0.25412827730178833
0.5295852422714233,0.41480380296707153,-0.2512909471988678
0.5981130599975586,0.44141387939453125,-0.06329653412103653
0.4892193377017975,0.44114285707473755,-0.03757316619157791
0.6625022888183594,0.46778592467308044,-0.11150113493204117
0.43548381328582764,0.4663309156894684,-0.04893254116177559
0.6072152256965637,0.48432913422584534,-0.31473007798194885
0.4815099835395813,0.4836474359035492,-0.20969447493553162
0.5938742160797119,0.48869165778160095,-0.36606770753860474
0.4936862587928772,0.4879324436187744,-0.2521643042564392
0.5880279541015625,0.4833793640136719,-0.36872535943984985
0.4988783001899719,0.4825471043586731,-0.260837584733963
0.5915849208831787,0.48104166984558105,-0.3185754418373108
0.49623310565948486,0.4805993437767029,-0.21535897254943848
0.5781159996986389,0.5341717600822449,-0.0034552686847746372
0.5133936405181885,0.5331839323043823,0.0033315899781882763
0.5804497003555298,0.6060196757316589,0.0006559239700436592
0.5127637386322021,0.6056022644042969,0.011084392666816711
0.5915257930755615,0.669944167137146,0.19788731634616852
0.5056120157241821,0.6674255728721619,0.19272717833518982
0.5836178064346313,0.6772353649139404,0.20899149775505066
0.5112654566764832,0.6727020144462585,0.2025846540927887
0.5983385443687439,0.6913026571273804,0.04682843014597893
0.5030919313430786,0.6914896965026855,0.04471296817064285
-
0.5373542904853821,0.4083010256290436,-0.3048602342605591
0.5431344509124756,0.40290188789367676,-0.28542694449424744
0.5482649803161621,0.4031224846839905,-0.28542762994766235
0.5526735186576843,0.40330514311790466,-0.2854393422603607
0.5304743647575378,0.4032231271266937,-0.28292709589004517
0.5266838669776917,0.4035212993621826,-0.2829292118549347
0.5234410762786865,0.4036763608455658,-0.2828758656978607
0.5588322281837463,0.40656429529190063,-0.15128394961357117
0.5209212899208069,0.40705353021621704,-0.1403745710849762
0.546981692314148,0.41471177339553833,-0.25375452637672424
0.5296874642372131,0.4147895872592926,-0.25083643198013306
0.598189115524292,0.44141650199890137,-0.06158975884318352
0.4892955720424652,0.44114574790000916,-0.037214551120996475
0.6629353165626526,0.46772441267967224,-0.10845809429883957
0.4356610178947449,0.46636852622032166,-0.04828937351703644
0.6075470447540283,0.48432618379592896,-0.3111235797405243
0.4815651476383209,0.4836501181125641,-0.20440015196800232
0.594099760055542,0.48867958784103394,-0.36229050159454346
0.49374106526374817,0.4879384934902191,-0.2460566610097885
0.5882710218429565,0.4833701550960541,-0.36498504877090454
0.498923659324646,0.48256152868270874,-0.25497177243232727
0.59188312292099,0.4810357987880707,-0.3149714767932892
0.49628356099128723,0.4806119501590729,-0.2100164145231247
0.5783572793006897,0.5340781211853027,-0.0032276518177241087
0.5135111808776855,0.5331476330757141,0.0031062159687280655
0.5806291103363037,0.6060159802436829,0.0006187818362377584
0.5128681659698486,0.6055943965911865,0.0102619593963027
0.5915271043777466,0.6699534058570862,0.1981843113899231
0.5056660771369934,0.6674438118934631,0.19237810373306274
0.5835683345794678,0.6772359609603882,0.2093292474746704
0.5113944411277771,0.6727410554885864,0.20229896903038025
0.5985322594642639,0.6913082599639893,0.04722191393375397
0.5031729936599731,0.6914995908737183,0.04430067539215088
-
0.5374144315719604,0.4082586169242859,-0.3045274615287781
0.5431788563728333,0.4028630256652832,-0.28504079580307007
0.5483077764511108,0.4030856192111969,-0.28504133224487305
0.552726686000824,0.40326905250549316,-0.28505265712738037
0.5305095911026001,0.4031867980957031,-0.28254517912864685
0.5267054438591003,0.4034948945045471,-0.28254732489585876
0.5234524011611938,0.40365204215049744,-0.2824934124946594
0.5588771104812622,0.406548410654068,-0.15062305331230164
0.5209397077560425,0.40704211592674255,-0.13992570340633392
0.5471001863479614,0.4146954119205475,-0.25334978103637695
0.5297496318817139,0.4147736132144928,-0.2504642605781555
0.5983104109764099,0.4414249062538147,-0.06133771315217018
0.48938944935798645,0.44114822149276733,-0.03708958625793457
0.6634573340415955,0.4676768183708191,-0.10810749232769012
0.43584030866622925,0.46638554334640503,-0.04860418289899826
0.6080040335655212,0.48431992530822754,-0.3110772371292114
0.4816001355648041,0.4836551249027252,-0.204179048538208
0.5944063663482666,0.48867273330688477,-0.3621795177459717
0.4937792122364044,0.48794040083885193,-0.24572794139385223
0.5885547995567322,0.4833688735961914,-0.36480218172073364
0.4989643096923828,0.4825677275657654,-0.25454944372177124
0.5922154188156128,0.4810355603694916,-0.3148890435695648
0.4963255226612091,0.48061665892601013,-0.20974873006343842
0.5786119699478149,0.5340278744697571,-0.003096936736255884
0.5136484503746033,0.5331336259841919,0.002975752577185631
0.580773651599884,0.6060129404067993,0.0006378436228260398
0.5129353404045105,0.6055894494056702,0.010055817663669586
0.5915525555610657,0.6699663996696472,0.19841423630714417
0.5057135820388794,0.6674606204032898,0.1924181431531906
0.5835645794868469,0.6772394776344299,0.20958781242370605
0.5114816427230835,0.6727584004402161,0.2023918181657791
0.5986710786819458,0.691313624382019,0.0474807545542717
0.5032945871353149,0.6915067434310913,0.04449471831321716
-
0.5374640822410583,0.4082331657409668,-0.3045961260795593
0.543237030506134,0.4028443396091461,-0.28499409556388855
0.5483734607696533,0.40307050943374634,-0.2849958539009094
0.5527967810630798,0.40325459837913513,-0.28500837087631226
0.5305348634719849,0.4031701982021332,-0.2827513813972473
0.5267214179039001,0.4034840166568756,-0.28275302052497864
0.5234608054161072,0.40364184975624084,-0.2827000916004181
0.558948278427124,0.40654507279396057,-0.15029311180114746
0.520955502986908,0.40703773498535156,-0.14083045721054077
0.5472098588943481,0.4146881699562073,-0.2533729374408722
0.5297903418540955,0.4147658348083496,-0.25078085064888
0.5984330773353577,0.44144362211227417,-0.060746271163225174
0.48946231603622437,0.4411570429801941,-0.03862212225794792
0.663804829120636,0.4676229953765869,-0.10802261531352997
0.43595853447914124,0.4663911461830139,-0.04799710959196091
0.6083701848983765,0.48432278633117676,-0.3098941445350647
0.48167842626571655,0.4836597442626953,-0.19616487622261047
0.5946330428123474,0.4886743128299713,-0.36056214570999146
0.4938276410102844,0.48794251680374146,-0.2363651841878891
0.5887821912765503,0.4833698272705078,-0.36317798495292664
0.49900537729263306,0.48256954550743103,-0.24526964128017426
0.5924904942512512,0.4810388684272766,-0.3136548697948456
0.49638283252716064,0.4806199073791504,-0.20154596865177155
0.5787607431411743,0.5340048670768738,-0.0027565546333789825
0.5137366652488708,0.5331295728683472,0.0026346228551119566
0.5808945298194885,0.606015145778656,0.0011252702679485083
0.5129938125610352,0.6055859327316284,0.010011277161538601
0.5915573835372925,0.6699774265289307,0.1985340565443039
0.5057436227798462,0.6674636602401733,0.1926356703042984
0.5835191011428833,0.6772505044937134,0.20969131588935852
0.5115222334861755,0.6727588176727295,0.20264175534248352
0.5989643931388855,0.6913272142410278,0.048065923154354095
0.5033196806907654,0.6915090680122375,0.044804297387599945
-
0.5375104546546936,0.40821704268455505,-0.30491891503334045
0.5433186292648315,0.40283137559890747,-0.285278856754303
0.5484699010848999,0.40305882692337036,-0.2852814197540283
0.5528950095176697,0.40324145555496216,-0.285294771194458
0.5305713415145874,0.403160035610199,-0.283201664686203
0.5267475843429565,0.4034787118434906,-0.2832038104534149
0.5234773755073547,0.4036366939544678,-0.283152312040329
0.5590763688087463,0.4065430164337158,-0.15044130384922028
0.5209872126579285,0.4070345461368561,-0.1416577249765396
0.5473153591156006,0.41468486189842224,-0.25365975499153137
0.5298330187797546,0.41476020216941833,-0.251242458820343
0.5985839366912842,0.441462904214859,-0.06035974249243736
0.48962199687957764,0.4411652982234955,-0.039856232702732086
0.6641566753387451,0.4676029086112976,-0.10746157169342041
0.43608182668685913,0.4663948118686676,-0.04753018543124199
0.6087345480918884,0.4843338429927826,-0.3082415759563446
0.481765478849411,0.48366236686706543,-0.1930581033229828
0.5949050188064575,0.48868370056152344,-0.3585723042488098
0.4938715994358063,0.4879447817802429,-0.23291410505771637
0.5890628099441528,0.48337626457214355,-0.3612216114997864
0.49903666973114014,0.4825720191001892,-0.24176430702209473
0.5928000807762146,0.4810517430305481,-0.31198760867118835
0.49642640352249146,0.4806230068206787,-0.19834491610527039
0.5789155960083008,0.5339845418930054,-0.002354367868974805
0.5138435959815979,0.5331289172172546,0.00223171547986567
0.581034779548645,0.6060235500335693,0.0012518427101895213
0.5130407810211182,0.605583906173706,0.009790187701582909
0.5915591716766357,0.669991135597229,0.1990789771080017
0.5057665705680847,0.6674634218215942,0.1927153468132019
0.5834439396858215,0.6772714853286743,0.21034008264541626
0.5115482211112976,0.6727460622787476,0.20266664028167725
0.5993077754974365,0.6913464665412903,0.04926488175988197
0.5033435225486755,0.6915109753608704,0.04486699029803276
-
0.5375807285308838,0.4082154333591461,-0.3054358661174774
0.5434810519218445,0.40282970666885376,-0.2856120467185974
0.548637330532074,0.4030575156211853,-0.2856147885322571
0.553041398525238,0.4032387137413025,-0.28562742471694946
0.5306392312049866,0.4031595289707184,-0.283603698015213
0.5268035531044006,0.40347951650619507,-0.2836061120033264
0.5235158205032349,0.40363746881484985,-0.28355515003204346
0.5592636466026306,0.4065428376197815,-0.15028946101665497
0.5210382342338562,0.4070332646369934,-0.14169654250144958
0.5474296808242798,0.41468319296836853,-0.2540208399295807
0.5298949480056763,0.41475826501846313,-0.2516840100288391
0.5987755060195923,0.44148191809654236,-0.06009809672832489
0.48978984355926514,0.44117608666419983,-0.0403188019990921
0.6645158529281616,0.46759170293807983,-0.1088791936635971
0.4361784756183624,0.46640142798423767,-0.05558880791068077
0.6092245578765869,0.4843381941318512,-0.3120655417442322
0.4817734956741333,0.4836590886116028,-0.21534022688865662
0.5952956676483154,0.4886944890022278,-0.3628992438316345
0.4938744306564331,0.48793983459472656,-0.2575644552707672
0.5894450545310974,0.4833812117576599,-0.36498212814331055
0.49904030561447144,0.4825654923915863,-0.26547178626060486
0.5931974649429321,0.48105764389038086,-0.31564539670944214
0.49643346667289734,0.48061805963516235,-0.2206132858991623
0.5790433883666992,0.533974826335907,-0.0021052116062492132
0.5139429569244385,0.5331298112869263,0.0019779526628553867
0.5811384320259094,0.6060310006141663,0.0016012670239433646
0.5131167769432068,0.6055822372436523,0.009794775396585464
0.5915752053260803,0.670006513595581,0.20099514722824097
0.5057843923568726,0.6674320101737976,0.19422747194766998
0.5834161043167114,0.6772832870483398,0.21242403984069824
0.5115558505058289,0.672671377658844,0.20451048016548157
0.5995181798934937,0.6913624405860901,0.051317792385816574
0.5033780932426453,0.6915052533149719,0.046736087650060654
-
0.5376504063606262,0.40821391344070435,-0.3054470121860504
0.5435940027236938,0.4028286933898926,-0.2855703830718994
0.5487509369850159,0.4030565321445465,-0.28557318449020386
0.5531396269798279,0.4032360911369324,-0.2855853736400604
0.5307018160820007,0.4031594395637512,-0.2835460901260376
0.5268624424934387,0.40348249673843384,-0.283548504114151
0.5235599279403687,0.40364089608192444,-0.2834976613521576
0.5593788623809814,0.4065415859222412,-0.15011100471019745
0.5211013555526733,0.40703368186950684,-0.14148281514644623
0.5475446581840515,0.414681613445282,-0.25400465726852417
0.52997887134552,0.4147563576698303,-0.2516379952430725
0.5989229679107666,0.4414955675601959,-0.059912391006946564
0.49002254009246826,0.4411805272102356,-0.040165070444345474
0.6647742986679077,0.46758610010147095,-0.11060702800750732
0.4362534284591675,0.4664054811000824,-0.058057382702827454
0.6097342371940613,0.4843393862247467,-0.3161899447441101
0.48177722096443176,0.4836483895778656,-0.22199539840221405
0.5957802534103394,0.4887012839317322,-0.36736127734184265
0.4938740134239197,0.48793044686317444,-0.2647583782672882
0.5899165868759155,0.4833819270133972,-0.36921048164367676
0.4990415871143341,0.4825558066368103,-0.27251997590065
0.5936301946640015,0.48105835914611816,-0.31970593333244324
0.4964362680912018,0.4806094169616699,-0.2273363471031189
0.5791682600975037,0.5339733362197876,-0.002026702044531703
0.514058530330658,0.533136248588562,0.0018972998950630426
0.5812162160873413,0.6060394048690796,0.0020028757862746716
0.5131820440292358,0.6055804491043091,0.009888434782624245
0.5915866494178772,0.6700154542922974,0.20237381756305695
0.5057975053787231,0.6674159169197083,0.19553811848163605
0.5833879709243774,0.6772844791412354,0.21387717127799988
0.5115622878074646,0.6726243495941162,0.20598538219928741
0.5996198058128357,0.691375195980072,0.05265393853187561
0.503399670124054,0.691503643989563,0.04826096445322037
-
0.5377581119537354,0.4082130789756775,-0.30584514141082764
0.543789267539978,0.40282902121543884,-0.2859278917312622
0.5489367246627808,0.40305694937705994,-0.28593093156814575
0.553291916847229,0.40323537588119507,-0.28594309091567993
0.5308299660682678,0.4031619429588318,-0.28388023376464844
0.5269879698753357,0.40349143743515015,-0.28388306498527527
0.523658275604248,0.4036502242088318,-0.2838326394557953
0.5595970749855042,0.40654197335243225,-0.15019738674163818
0.5211995244026184,0.4070344567298889,-0.14145958423614502
0.5477014780044556,0.4146808683872223,-0.254305899143219
0.5301160216331482,0.41475486755371094,-0.25190457701683044
0.5991441011428833,0.4415064752101898,-0.05981085076928139
0.49035051465034485,0.4411836266517639,-0.040120434015989304
0.6649022698402405,0.4675872325897217,-0.11134883016347885
0.43638166785240173,0.46640676259994507,-0.05869225412607193
0.6101194024085999,0.48435813188552856,-0.31772133708000183
0.481781542301178,0.4836357533931732,-0.22321105003356934
0.5961310863494873,0.48873287439346313,-0.3690996468067169
0.49387338757514954,0.48791271448135376,-0.266073614358902
0.5902717113494873,0.48340073227882385,-0.3711223900318146
0.4990417957305908,0.48253655433654785,-0.27410709857940674
0.5939686894416809,0.4810822606086731,-0.3213263154029846
0.4964386522769928,0.48059797286987305,-0.22869430482387543
0.5792904496192932,0.5339738130569458,-0.0019806113559752703
0.5141844153404236,0.5331493616104126,0.0018503686878830194
0.5813087224960327,0.6060832142829895,0.0020198561251163483
0.5132070183753967,0.6055794358253479,0.00992861483246088
0.5916104316711426,0.6700397729873657,0.20348308980464935
0.5058258771896362,0.6673799753189087,0.19699783623218536
0.5833843946456909,0.6772974729537964,0.21510867774486542
0.5115886926651001,0.6725932955741882,0.20761704444885254
0.5996478199958801,0.6913822293281555,0.05370860546827316
0.5034005641937256,0.691501259803772,0.049866776913404465
-
0.5378637313842773,0.4082123339176178,-0.30586495995521545
0.5439589023590088,0.4028286039829254,-0.2859622836112976
0.5490944385528564,0.40305644273757935,-0.2859655022621155
0.553428590297699,0.4032343327999115,-0.2859779894351959
0.5309460163116455,0.4031633734703064,-0.2839142978191376
0.5271002650260925,0.40349823236465454,-0.28391730785369873
0.5237492918968201,0.40365782380104065,-0.28386712074279785
0.5597817897796631,0.4065418243408203,-0.15020915865898132
0.5212804079055786,0.4070356488227844,-0.14143003523349762
0.5478473901748657,0.41468048095703125,-0.254313200712204
0.5302571058273315,0.41475367546081543,-0.2519066631793976
0.5993421077728271,0.4415190815925598,-0.05973363295197487
0.4906158745288849,0.44118601083755493,-0.04000069200992584
0.6650182008743286,0.46759313344955444,-0.11074250191450119
0.4364858865737915,0.46640485525131226,-0.05687723308801651
0.6104278564453125,0.48436808586120605,-0.3158057630062103
0.48181068897247314,0.48363184928894043,-0.21634307503700256
0.5964345932006836,0.4887489676475525,-0.3668653666973114
0.4938817322254181,0.48790302872657776,-0.2582007050514221
0.5906001329421997,0.48341140151023865,-0.3692086637020111
0.4990486204624176,0.48252660036087036,-0.2665416896343231
0.5942884087562561,0.48109912872314453,-0.31949955224990845
0.496454656124115,0.4805943965911865,-0.22178123891353607
0.5794059038162231,0.5339743494987488,-0.001963562797755003
0.5142742991447449,0.5331528186798096,0.0018336345674470067
0.5813540816307068,0.6061089634895325,0.001966217765584588
0.5132128000259399,0.6055821776390076,0.009914210066199303
0.5916292071342468,0.6700589656829834,0.2035546451807022
0.5058392286300659,0.6673774123191833,0.19708167016506195
0.5833813548088074,0.6773068904876709,0.21518951654434204
0.5116121172904968,0.6725917458534241,0.20770002901554108
0.599650502204895,0.6913900971412659,0.053803980350494385
0.503397524356842,0.6915023326873779,0.049959033727645874
-
0.538110613822937,0.4082123637199402,-0.3057863116264343
0.544305145740509,0.40283021330833435,-0.2858826816082001
0.5493727922439575,0.4030584394931793,-0.28588587045669556
0.5536474585533142,0.40323406457901,-0.28589826822280884
0.5312421917915344,0.4031640589237213,-0.2838350534439087
0.5273600816726685,0.4035046696662903,-0.2838379740715027
0.5239599347114563,0.40366482734680176,-0.28378772735595703
0.5600078701972961,0.4065432548522949,-0.15018317103385925
0.5214160680770874,0.4070359170436859,-0.1413532793521881
0.5481022596359253,0.4146818220615387,-0.2542491555213928
0.5305757522583008,0.41475263237953186,-0.25183597207069397
0.5995379686355591,0.44153016805648804,-0.05953468754887581
0.49083009362220764,0.44118887186050415,-0.03996567055583
0.6650963425636292,0.46761617064476013,-0.11029306799173355
0.4365932047367096,0.4663938879966736,-0.05680101364850998
0.6107996702194214,0.48438596725463867,-0.3153858482837677
0.48181480169296265,0.48360475897789,-0.21625582873821259
0.5967732667922974,0.48877406120300293,-0.3664996325969696
0.4938811957836151,0.487881600856781,-0.2581874132156372
0.5910063982009888,0.4834350645542145,-0.3689406216144562
0.4990489184856415,0.4825085997581482,-0.26653939485549927
0.5947050452232361,0.48113471269607544,-0.31913110613822937
0.4964573383331299,0.48058247566223145,-0.2217133343219757
0.5795185565948486,0.5339744687080383,-0.0019511380232870579
0.5143716335296631,0.5331544280052185,0.0018215356394648552
0.5814164876937866,0.6061488389968872,0.0013277902035042644
0.5132248997688293,0.6055827736854553,0.009693268686532974
0.5916439294815063,0.6700894832611084,0.20350706577301025
0.5058424472808838,0.6673621535301208,0.19708561897277832
0.583378255367279,0.677325963973999,0.2151670604944229
0.5116192102432251,0.6725720763206482,0.2077087014913559
0.5996455550193787,0.6914079785346985,0.05378447100520134
0.503398060798645,0.6915021538734436,0.05001287907361984
-
0.5384277105331421,0.40821999311447144,-0.30572500824928284
0.5446937680244446,0.402840793132782,-0.2858223021030426
0.5496676564216614,0.4030682444572449,-0.2858254909515381
0.5538719892501831,0.4032376706600189,-0.2858377993106842
0.5316089987754822,0.4031701982021332,-0.2837756276130676
0.5276824831962585,0.40351995825767517,-0.28377851843833923
0.5242424011230469,0.40368181467056274,-0.2837281823158264
0.56019127368927,0.40654563903808594,-0.14993281662464142
0.5215660333633423,0.40704020857810974,-0.14130055904388428
0.5484161972999573,0.41468673944473267,-0.2542293071746826
0.5309810042381287,0.41475361585617065,-0.2517816424369812
0.5996882319450378,0.4415341019630432,-0.058843132108449936
0.49106597900390625,0.4411901831626892,-0.039920907467603683
0.6651237607002258,0.4676365852355957,-0.10980883985757828
0.43668386340141296,0.46636682748794556,-0.05728578567504883
0.6110267043113708,0.48440003395080566,-0.3152376115322113
0.48181670904159546,0.4835340082645416,-0.21972456574440002
0.5970010161399841,0.4888017773628235,-0.3664301931858063
0.49388235807418823,0.4878462851047516,-0.26216912269592285
0.5912626385688782,0.4834569990634918,-0.3688950538635254
0.49905332922935486,0.48247820138931274,-0.27037280797958374
0.5949633717536926,0.48116248846054077,-0.3190089762210846
0.4964637756347656,0.48055481910705566,-0.2252037525177002
0.5796143412590027,0.5339735746383667,-0.001919031492434442
0.5144648551940918,0.5331545472145081,0.0017904059495776892
0.5814462900161743,0.6061808466911316,0.001051732455380261
0.5132397413253784,0.6055840253829956,0.009406599216163158
0.5916615724563599,0.6701065301895142,0.2031140923500061
0.5058457851409912,0.6673516631126404,0.1968860626220703
0.583375871181488,0.6773447394371033,0.21473458409309387
0.5116255283355713,0.6725533604621887,0.20750531554222107
0.59964519739151,0.6914170980453491,0.05335952341556549
0.503394365310669,0.691501259803772,0.04983770102262497
-
0.5386826992034912,0.40822941064834595,-0.30583682656288147
0.5450576543807983,0.4028600752353668,-0.2858985960483551
0.5499497056007385,0.4030889570713043,-0.28590255975723267
0.5540969967842102,0.4032522141933441,-0.2859158217906952
0.5319455862045288,0.4031776487827301,-0.2839237153530121
0.5279816389083862,0.4035336971282959,-0.28392675518989563
0.524507462978363,0.4036955237388611,-0.2838763892650604
0.5604177117347717,0.4065616726875305,-0.14987201988697052
0.5217292904853821,0.40704187750816345,-0.1414654403924942
0.548627495765686,0.41469353437423706,-0.25424566864967346
0.5312451720237732,0.41475433111190796,-0.25189831852912903
0.5998392105102539,0.4415496289730072,-0.05883810669183731
0.4912553131580353,0.4411914348602295,-0.03996686637401581
0.6651453375816345,0.46766728162765503,-0.11037334054708481
0.4368238151073456,0.46635738015174866,-0.060925863683223724
0.6111387014389038,0.48444995284080505,-0.3163444399833679
0.48181504011154175,0.4834987223148346,-0.22905072569847107
0.597120463848114,0.48887625336647034,-0.3677211403846741
0.49388352036476135,0.4878358244895935,-0.2724795937538147
0.5913971662521362,0.48352545499801636,-0.3702860474586487
0.49906131625175476,0.48246365785598755,-0.280326247215271
0.5951066613197327,0.4812406003475189,-0.32017216086387634
0.49647361040115356,0.4805386960506439,-0.23455940186977386
0.5796784162521362,0.5339791178703308,-0.0019252891652286053
0.5145255327224731,0.533155083656311,0.001796928234398365
0.5814628005027771,0.606228232383728,0.0007815258577466011
0.5132442116737366,0.6055825352668762,0.00939207524061203
0.5916691422462463,0.6701204776763916,0.2028903067111969
0.505854070186615,0.6673462390899658,0.19682691991329193
0.5833723545074463,0.6773621439933777,0.21450525522232056
0.5116338729858398,0.6725376844406128,0.20744770765304565
0.5996453166007996,0.6914357542991638,0.05330212414264679
0.5033822059631348,0.691501259803772,0.0498308502137661
-
0.5389121770858765,0.40823251008987427,-0.30488821864128113
0.5453370809555054,0.40286844968795776,-0.28483209013938904
0.5501725077629089,0.40309756994247437,-0.28483784198760986
0.5542817115783691,0.40325722098350525,-0.28485217690467834
0.5322343707084656,0.4031800627708435,-0.2830117344856262
0.5282428860664368,0.4035407602787018,-0.2830144166946411
0.5247429013252258,0.403703510761261,-0.282963365316391
0.5605872869491577,0.40656915307044983,-0.148360937833786
0.5218839049339294,0.40704208612442017,-0.14071203768253326
0.5488197207450867,0.4146958291530609,-0.2531367540359497
0.5314995646476746,0.41475391387939453,-0.2510223090648651
0.5999290347099304,0.4415540099143982,-0.05774347111582756
0.4914062023162842,0.441192626953125,-0.03932512179017067
0.6651386022567749,0.46769434213638306,-0.10974078625440598
0.43692710995674133,0.4663531184196472,-0.061047229915857315
0.6112216711044312,0.4844985008239746,-0.3156588673591614
0.4818147122859955,0.4834514260292053,-0.23032967746257782
0.5971922278404236,0.4889325201511383,-0.3670768737792969
0.49388501048088074,0.4878165125846863,-0.2738620340824127
0.5914963483810425,0.4835743308067322,-0.3696705400943756
0.4990715980529785,0.4824347496032715,-0.28167644143104553
0.595217227935791,0.48129454255104065,-0.3195101320743561
0.4964844584465027,0.4805077016353607,-0.23585747182369232
0.5797250270843506,0.5339828729629517,-0.0019233928760513663
0.5145682692527771,0.5331560373306274,0.001795210991986096
0.5814800262451172,0.6062682867050171,0.0003936370194423944
0.5132487416267395,0.6055821180343628,0.009120560251176357
0.591677725315094,0.6701475381851196,0.20191162824630737
0.5058593153953552,0.6673405170440674,0.19626882672309875
0.5833675861358643,0.6774100661277771,0.21342968940734863
0.5116387009620667,0.6725284457206726,0.2068532258272171
0.5996524691581726,0.6914669275283813,0.05249405279755592
0.503373384475708,0.6915014982223511,0.04950987920165062
-
0.5391600728034973,0.40823858976364136,-0.3041510581970215
0.5456341505050659,0.40288299322128296,-0.28404247760772705
0.5504019260406494,0.4031105935573578,-0.28404906392097473
0.5544732213020325,0.4032655656337738,-0.28406375646591187
0.5325348973274231,0.4031873345375061,-0.2823123633861542
0.5285187363624573,0.4035535752773285,-0.28231510519981384
0.5250008702278137,0.4037184715270996,-0.2822636663913727
0.5607794523239136,0.4065786302089691,-0.14736631512641907
0.5220560431480408,0.40704408288002014,-0.1401337832212448
0.5490463972091675,0.4146972596645355,-0.2523137032985687
0.5317891240119934,0.41475367546081543,-0.25033602118492126
0.6000695824623108,0.4415571689605713,-0.05685543641448021
0.4915681481361389,0.4411933422088623,-0.038961123675107956
0.6651106476783752,0.4677673280239105,-0.10920727252960205
0.4370220899581909,0.4663477838039398,-0.06165524199604988
0.6113889217376709,0.48452848196029663,-0.31512027978897095
0.4818161129951477,0.48339733481407166,-0.2320481389760971
0.5972943305969238,0.48897671699523926,-0.36653679609298706
0.49389326572418213,0.4877994954586029,-0.27570927143096924
0.5916467308998108,0.4836098551750183,-0.36916500329971313
0.49910467863082886,0.4824036657810211,-0.28335487842559814
0.5953832864761353,0.4813283383846283,-0.31898918747901917
0.49651625752449036,0.4804713726043701,-0.23751811683177948
0.579753041267395,0.5339856147766113,-0.001921880873851478
0.5145857334136963,0.5331557989120483,0.0017939048120751977
0.5814942121505737,0.6062939763069153,-1.5416517840094457e-07
0.5132532119750977,0.6055790781974792,0.008693313226103783
0.5916807651519775,0.670159101486206,0.2005307376384735
0.5058681964874268,0.6673396825790405,0.1948135644197464
0.5833523869514465,0.6774421334266663,0.21192020177841187
0.5116427540779114,0.67252516746521,0.20527012646198273
0.5996572375297546,0.691483199596405,0.05134693905711174
0.5033711194992065,0.6915032863616943,0.04826142638921738
-
0.5393502712249756,0.40825071930885315,-0.3020648658275604
0.5458584427833557,0.4029126763343811,-0.28182607889175415
0.5505713224411011,0.4031401574611664,-0.2818329632282257
0.5546093583106995,0.40328818559646606,-0.28184592723846436
0.5327736139297485,0.40320253372192383,-0.28015419840812683
0.528743326663971,0.4035716652870178,-0.28015637397766113
0.5252146124839783,0.40373697876930237,-0.2801026999950409
0.5609029531478882,0.40659627318382263,-0.14472152292728424
0.5222119092941284,0.4070480763912201,-0.13780298829078674
0.5492027401924133,0.41470128297805786,-0.25008535385131836
0.5319990515708923,0.41475430130958557,-0.24821949005126953
0.6001669764518738,0.44156044721603394,-0.05456385016441345
0.49172443151474,0.4411908984184265,-0.03696361929178238
0.6650873422622681,0.467845618724823,-0.10903070122003555
0.43714311718940735,0.46634382009506226,-0.0627642497420311
0.6116026639938354,0.48453420400619507,-0.316032737493515
0.48181745409965515,0.48335155844688416,-0.23908235132694244
0.5974366664886475,0.4889933168888092,-0.3677944242954254
0.49390122294425964,0.487788587808609,-0.28376153111457825
0.5918664336204529,0.4836152493953705,-0.370278924703598
0.4991306662559509,0.48238405585289,-0.2909916639328003
0.595615804195404,0.48133039474487305,-0.3198862671852112
0.4965386986732483,0.4804480969905853,-0.24452424049377441
0.5798032283782959,0.5339831113815308,-0.0019491243874654174
0.5145968198776245,0.5331422090530396,0.0018220418132841587
0.5814992785453796,0.6062951683998108,-0.0001713518868200481
0.5132562518119812,0.6055609583854675,0.008392557501792908
0.5916830897331238,0.6701620817184448,0.1998281478881836
0.505877673625946,0.6673390865325928,0.19374622404575348
0.5833488702774048,0.6774469614028931,0.21115177869796753
0.5116490721702576,0.6725251078605652,0.2040940672159195
0.599641740322113,0.6914865374565125,0.05070558190345764
0.5033788681030273,0.6915032267570496,0.047137551009655
-
0.5395278334617615,0.4082687497138977,-0.2996678352355957
0.5460781455039978,0.40295130014419556,-0.27943041920661926
0.5507369637489319,0.40317678451538086,-0.27943742275238037
0.5547468066215515,0.40331774950027466,-0.2794501483440399
0.5329962372779846,0.4032229781150818,-0.2777630388736725
0.5289502143859863,0.4035922586917877,-0.27776461839675903
0.5254135131835938,0.4037562906742096,-0.2777099609375
0.5610253810882568,0.4066184163093567,-0.14231298863887787
0.5223569869995117,0.4070519804954529,-0.13541531562805176
0.5493499636650085,0.41470617055892944,-0.24765360355377197
0.5321865677833557,0.41475558280944824,-0.2458099126815796
0.6002466678619385,0.4415634572505951,-0.05248880758881569
0.491870254278183,0.44118887186050415,-0.034027114510536194
0.6650574803352356,0.4679069519042969,-0.10774402320384979
0.43724188208580017,0.46633630990982056,-0.062214046716690063
0.6117636561393738,0.4845379889011383,-0.3157396614551544
0.48181435465812683,0.4833085536956787,-0.23619556427001953
0.5975627303123474,0.489004909992218,-0.36757892370224
0.4939021170139313,0.48777326941490173,-0.2804584801197052
0.5920409560203552,0.4836185872554779,-0.3700483441352844
0.499134361743927,0.4823593497276306,-0.2878883481025696
0.595795750617981,0.4813326895236969,-0.3195939064025879
0.49654194712638855,0.4804244637489319,-0.24165289103984833
0.5798383951187134,0.5339817404747009,-0.0020334788132458925
0.5146028995513916,0.5331233739852905,0.0019086870597675443
0.581504225730896,0.6062966585159302,-0.001119942287914455
0.5132593512535095,0.6055451035499573,0.0077094086445868015
0.5916856527328491,0.6701640486717224,0.19812168180942535
0.50590580701828,0.6673415899276733,0.1921125203371048
0.5833495855331421,0.6774491667747498,0.20936308801174164
0.5116729140281677,0.6725326776504517,0.20235347747802734
0.5995461344718933,0.6914889216423035,0.048907529562711716
0.5033982396125793,0.6915034651756287,0.045446835458278656
-
0.5397108197212219,0.40828531980514526,-0.29916903376579285
0.5463216304779053,0.4029923379421234,-0.2789349853992462
0.5509282946586609,0.4032132029533386,-0.2789417803287506
0.5549177527427673,0.4033478796482086,-0.2789538502693176
0.533242404460907,0.40324264764785767,-0.2773166298866272
0.5291710495948792,0.40361014008522034,-0.27731797099113464
0.5256384015083313,0.4037724435329437,-0.2772628366947174
0.5612349510192871,0.40664029121398926,-0.14178375899791718
0.5225129723548889,0.4070529043674469,-0.1351267546415329
0.5495097041130066,0.4147112965583801,-0.2471252679824829
0.532393753528595,0.4147563874721527,-0.24536119401454926
0.6003341674804688,0.44156450033187866,-0.051852837204933167
0.4920266568660736,0.44118380546569824,-0.0336255244910717
0.6650445461273193,0.467964231967926,-0.1074286699295044
0.4373674690723419,0.4663326144218445,-0.06221413612365723
0.6120092272758484,0.48454126715660095,-0.3157294988632202
0.48180699348449707,0.48324960470199585,-0.23790213465690613
0.5977640151977539,0.4890073239803314,-0.36757367849349976
0.4939020276069641,0.4877382814884186,-0.2823121249675751
0.592284083366394,0.48362064361572266,-0.3700335621833801
0.4991367757320404,0.4823036193847656,-0.2894707918167114
0.596028745174408,0.48133334517478943,-0.3195786476135254
0.4965454936027527,0.4803754687309265,-0.24324069917201996
0.579871654510498,0.5339720249176025,-0.0021419310942292213
0.5146080255508423,0.5330802798271179,0.0020192773081362247
0.581508457660675,0.6062919497489929,-0.0011014704359695315
0.5132625102996826,0.605512261390686,0.007646074518561363
0.591687798500061,0.6701663732528687,0.19594894349575043
0.5059195756912231,0.6673428416252136,0.19041894376277924
0.5833531022071838,0.6774513125419617,0.20683924853801727
0.5116843581199646,0.672541081905365,0.20044925808906555
0.5994879007339478,0.6914895176887512,0.046720363199710846
0.503400444984436,0.6915037035942078,0.04397253319621086
-
0.5398692488670349,0.40829697251319885,-0.2989219129085541
0.5465220212936401,0.4030243754386902,-0.2786806523799896
0.5510885119438171,0.4032441973686218,-0.27868735790252686
0.5550636053085327,0.4033757150173187,-0.2786993384361267
0.5334678292274475,0.403252512216568,-0.27709534764289856
0.5293757915496826,0.4036180078983307,-0.27709656953811646
0.5258541107177734,0.40377864241600037,-0.27704131603240967
0.5614113211631775,0.40666571259498596,-0.14148788154125214
0.5226668119430542,0.4070528447628021,-0.1349889487028122
0.5496272444725037,0.41471514105796814,-0.24685563147068024
0.5325731635093689,0.4147565960884094,-0.24514178931713104
0.6003773212432861,0.4415627121925354,-0.051517877727746964
0.49213331937789917,0.44117528200149536,-0.033189550042152405
0.6650251746177673,0.46800023317337036,-0.1069168820977211
0.4374293088912964,0.4663291573524475,-0.06215459853410721
0.6121845245361328,0.48454299569129944,-0.31555700302124023
0.48180529475212097,0.4832383990287781,-0.23672521114349365
0.5979375839233398,0.4890096187591553,-0.36741018295288086
0.49390268325805664,0.48771825432777405,-0.281002938747406
0.5924655795097351,0.48362264037132263,-0.3698968291282654
0.4991393983364105,0.482272207736969,-0.2882932424545288
0.5962035655975342,0.481334388256073,-0.3194122612476349
0.49654853343963623,0.4803582727909088,-0.24208903312683105
0.5798943042755127,0.5339581370353699,-0.0022717691026628017
0.5146151185035706,0.5330386757850647,0.002151352586224675
0.5815075635910034,0.6062784194946289,-0.0011012725299224257
0.5132641196250916,0.6054762601852417,0.007576647214591503
0.591690182685852,0.6701691746711731,0.19458021223545074
0.5059266090393066,0.6673557162284851,0.1893511712551117
0.5833619236946106,0.6774533987045288,0.20531535148620605
0.5116966962814331,0.6725763082504272,0.19926348328590393
0.599413275718689,0.6914841532707214,0.04516484588384628
0.5033988356590271,0.6915031671524048,0.04288095235824585
-
0.5399224758148193,0.4083084166049957,-0.29848089814186096
0.5465859174728394,0.4030582904815674,-0.2782191038131714
0.5511490106582642,0.4032801687717438,-0.27822521328926086
0.5551245808601379,0.4034097194671631,-0.27823618054389954
0.5335619449615479,0.40326690673828125,-0.27664124965667725
0.5294784903526306,0.4036286473274231,-0.27664268016815186
0.5259726047515869,0.40378618240356445,-0.27658751606941223
0.5615127682685852,0.4066992700099945,-0.1409071385860443
0.5227876305580139,0.40705347061157227,-0.1344590038061142
0.549663245677948,0.41472214460372925,-0.24637162685394287
0.5326423048973083,0.41475701332092285,-0.2446729838848114
0.6004124283790588,0.4415612816810608,-0.05075719207525253
0.4922490417957306,0.4411643445491791,-0.03277206048369408
0.6649981737136841,0.46803945302963257,-0.10656894743442535
0.4374909996986389,0.466325581073761,-0.06219242513179779
0.6122992634773254,0.48454365134239197,-0.31555745005607605
0.4818094074726105,0.4832293391227722,-0.23908494412899017
0.5980643033981323,0.4890117645263672,-0.3674277067184448
0.49391067028045654,0.48770037293434143,-0.2838437259197235
0.5925955176353455,0.4836209714412689,-0.3699124753475189
0.4991515278816223,0.48224836587905884,-0.2909489572048187
0.5963180065155029,0.4813311696052551,-0.31941285729408264
0.49656033515930176,0.48034611344337463,-0.24440914392471313
0.579928457736969,0.5339474678039551,-0.0023443964309990406
0.5146284103393555,0.5330060124397278,0.0022254534997045994
0.5815078020095825,0.606257975101471,-0.0010885410010814667
0.5132696628570557,0.6054462790489197,0.007482025306671858
0.5916934013366699,0.6701714992523193,0.1941978484392166
0.5059437155723572,0.6673724055290222,0.1887848973274231
0.5833975076675415,0.6774553656578064,0.20489130914211273
0.511724054813385,0.672617495059967,0.1986606866121292
0.5992965698242188,0.6914628744125366,0.044528886675834656
0.5034160017967224,0.6915021538734436,0.04210105910897255
-
0.5400174856185913,0.4083232283592224,-0.29892411828041077
0.5467094779014587,0.4030856192111969,-0.278606653213501
0.5512495040893555,0.40330570936203003,-0.2786117196083069
0.555216908454895,0.4034326672554016,-0.2786206007003784
0.5337129235267639,0.4032786786556244,-0.2771231532096863
0.5296260118484497,0.403637558221817,-0.27712613344192505
0.5261253118515015,0.4037938117980957,-0.277072012424469
0.5616276860237122,0.4067252576351166,-0.14114636182785034
0.5229098200798035,0.4070543348789215,-0.13524292409420013
0.5497236847877502,0.4147302210330963,-0.24678444862365723
0.5327492356300354,0.4147590696811676,-0.24524463713169098
0.6004611253738403,0.44156211614608765,-0.05112053453922272
0.4923253357410431,0.4411523938179016,-0.03382854908704758
0.6649743914604187,0.46807122230529785,-0.10815545171499252
0.4375114440917969,0.4663183093070984,-0.06764207035303116
0.6124293208122253,0.48455286026000977,-0.3184882402420044
0.4817904531955719,0.4831412732601166,-0.24920013546943665
0.5981553792953491,0.48903241753578186,-0.37052246928215027
0.49390652775764465,0.4876607060432434,-0.29449689388275146
0.5927095413208008,0.48363322019577026,-0.37286508083343506
0.499154657125473,0.4821898937225342,-0.301198273897171
0.5964375138282776,0.48133721947669983,-0.32228535413742065
0.4965643882751465,0.4802829623222351,-0.25440713763237
0.5799546241760254,0.53394615650177,-0.002423785859718919
0.5146443843841553,0.5329991579055786,0.002303796587511897
0.5815038084983826,0.6062433123588562,-0.0003760260296985507
0.5133090615272522,0.6054044961929321,0.007929330691695213
0.5916956067085266,0.6701730489730835,0.19435234367847443
0.5059567093849182,0.6673557162284851,0.18886564671993256
0.5834385752677917,0.6774641275405884,0.20502793788909912
0.5117303133010864,0.6726155281066895,0.1988004446029663
0.5989838242530823,0.6914448142051697,0.044664010405540466
0.503416895866394,0.6914454102516174,0.04243322089314461
-
0.5400976538658142,0.4083358645439148,-0.2993446886539459
0.5468231439590454,0.4031089246273041,-0.27898600697517395
0.5513437986373901,0.4033288061618805,-0.27898991107940674
0.5553050637245178,0.4034546911716461,-0.2789969742298126
0.5338446497917175,0.40328526496887207,-0.2775704562664032
0.5297536849975586,0.40364140272140503,-0.2775745987892151
0.5262543559074402,0.4037961959838867,-0.27752071619033813
0.5617422461509705,0.40675073862075806,-0.14139054715633392
0.5230182409286499,0.40705400705337524,-0.1358724981546402
0.5497658848762512,0.414738267660141,-0.2471717894077301
0.5328280329704285,0.4147609770298004,-0.24574512243270874
0.6004980206489563,0.44156187772750854,-0.05153195187449455
0.4923611581325531,0.4411400258541107,-0.03445534035563469
0.6649242639541626,0.4680972993373871,-0.10969202220439911
0.43752095103263855,0.46631795167922974,-0.07027340680360794
0.6125179529190063,0.48455899953842163,-0.3215084671974182
0.4817905128002167,0.4831085205078125,-0.2538633644580841
0.5982390642166138,0.4890521466732025,-0.3738245964050293
0.4939105212688446,0.4876421391963959,-0.29950806498527527
0.5928102135658264,0.4836500585079193,-0.3761536478996277
0.49916377663612366,0.48216137290000916,-0.3060612678527832
0.5965377688407898,0.4813470244407654,-0.3253108263015747
0.4965706169605255,0.4802554249763489,-0.25902852416038513
0.5799717903137207,0.5339361429214478,-0.002561186673119664
0.5146662592887878,0.5329858064651489,0.002439975505694747
0.5814949870109558,0.6062214970588684,-0.00023504928685724735
0.5133506059646606,0.6053600311279297,0.00813513994216919
0.5916937589645386,0.6701751351356506,0.19439023733139038
0.5059642195701599,0.6673275232315063,0.18904130160808563
0.5834664702415466,0.6774678230285645,0.20505407452583313
0.5117356181144714,0.6725831627845764,0.19901560246944427
0.5986710786819458,0.6914148926734924,0.04466429725289345
0.503416895866394,0.6914159059524536,0.042465560138225555
-
0.5401677489280701,0.4083555340766907,-0.29939043521881104
0.5469434857368469,0.4031367301940918,-0.279050350189209
0.5514395833015442,0.403355211019516,-0.2790544927120209
0.5553953647613525,0.4034809470176697,-0.2790621519088745
0.5339829921722412,0.4032939076423645,-0.2775970697402954
0.5298900008201599,0.40364566445350647,-0.2776009142398834
0.5263933539390564,0.40379849076271057,-0.27754712104797363
0.561874508857727,0.4067797064781189,-0.14150048792362213
0.5231286883354187,0.40705323219299316,-0.13606737554073334
0.5497981905937195,0.41475027799606323,-0.2472250759601593
0.5328940153121948,0.41476529836654663,-0.24578914046287537
0.6005160212516785,0.4415624737739563,-0.05180136486887932
0.4923834204673767,0.44113102555274963,-0.03468223288655281
0.6648207902908325,0.4681137502193451,-0.11048595607280731
0.437528133392334,0.4663195013999939,-0.07073993980884552
0.612583577632904,0.484565794467926,-0.32249754667282104
0.4817931354045868,0.48308104276657104,-0.25389939546585083
0.5982957482337952,0.4890803396701813,-0.37487462162971497
0.4939148724079132,0.4876331686973572,-0.29945558309555054
0.5928620100021362,0.4836798310279846,-0.37725600600242615
0.49917855858802795,0.4821479320526123,-0.3060941994190216
0.5965918302536011,0.481362909078598,-0.3263271450996399
0.4965824484825134,0.48023587465286255,-0.25909581780433655
0.5799795985221863,0.5339282751083374,-0.002687131753191352
0.514675498008728,0.5329762101173401,0.002565406495705247
0.5814834833145142,0.6062039732933044,-0.0002423167898086831
0.5133745670318604,0.6053329110145569,0.008203143253922462
0.5916878581047058,0.6701764464378357,0.19401490688323975
0.50597083568573,0.6672917604446411,0.18920476734638214
0.5834891200065613,0.6774862408638,0.20463234186172485
0.5117266178131104,0.6725297570228577,0.1991952508687973
0.5984352827072144,0.6913890242576599,0.04433794692158699
0.5034122467041016,0.6913796067237854,0.042592328041791916
-
0.540190577507019,0.4083858132362366,-0.29905781149864197
0.5470086932182312,0.4031718671321869,-0.2786797285079956
0.5514954328536987,0.40339088439941406,-0.278683602809906
0.5554525852203369,0.40351805090904236,-0.2786909341812134
0.5340527296066284,0.4033063054084778,-0.2772183418273926
0.5299652814865112,0.40365180373191833,-0.27722251415252686
0.5264737010002136,0.40380120277404785,-0.27716803550720215
0.561978816986084,0.406821072101593,-0.1412048488855362
0.5232146978378296,0.4070519804954529,-0.1356814205646515
0.5498030185699463,0.41476908326148987,-0.24694150686264038
0.5329067707061768,0.414774090051651,-0.24549588561058044
0.6005250811576843,0.44156211614608765,-0.05189833045005798
0.49238744378089905,0.4411071836948395,-0.03399623930454254
0.6647621989250183,0.46811699867248535,-0.11108885705471039
0.43753495812416077,0.4663185179233551,-0.0698712021112442
0.6127958297729492,0.4845644533634186,-0.3245384991168976
0.48178669810295105,0.48302316665649414,-0.2537945508956909
0.598479688167572,0.48909908533096313,-0.37732386589050293
0.4939071238040924,0.48761940002441406,-0.29967349767684937
0.5930251479148865,0.4836995005607605,-0.3797546923160553
0.49918195605278015,0.48213133215904236,-0.306437224149704
0.5967388153076172,0.4813653826713562,-0.3284522294998169
0.49658647179603577,0.4802079200744629,-0.259109765291214
0.5799881219863892,0.533910870552063,-0.0030418464448302984
0.5146886110305786,0.5329495668411255,0.00291997822932899
0.5814787745475769,0.6061583757400513,-0.0010264863958582282
0.513399064540863,0.6052807569503784,0.00816782284528017
0.591691792011261,0.6701714992523193,0.19394733011722565
0.5059886574745178,0.6672391295433044,0.18931399285793304
0.5836835503578186,0.6774773597717285,0.20463673770427704
0.5117229223251343,0.6724356412887573,0.19932065904140472
0.597744882106781,0.6912888288497925,0.04426049068570137
0.5034233331680298,0.6913384199142456,0.042750850319862366
-
0.5402154922485352,0.40840253233909607,-0.2990932762622833
0.5470590591430664,0.4031898081302643,-0.278700590133667
0.5515392422676086,0.4034091830253601,-0.2787042558193207
0.5554975867271423,0.4035366177558899,-0.2787114381790161
0.5341145396232605,0.4033118188381195,-0.27725252509117126
0.5300312638282776,0.40365418791770935,-0.2772568464279175
0.5265429019927979,0.40380358695983887,-0.27720215916633606
0.562055230140686,0.4068421423435211,-0.1411750614643097
0.5232823491096497,0.40705007314682007,-0.13570526242256165
0.5498069524765015,0.41477981209754944,-0.24697400629520416
0.5329266786575317,0.41477981209754944,-0.24553604423999786
0.6005299091339111,0.44156256318092346,-0.05195964127779007
0.492390513420105,0.4410892128944397,-0.03402601182460785
0.6647279262542725,0.46811968088150024,-0.11167235672473907
0.437541127204895,0.4663211405277252,-0.07270748168230057
0.6129387617111206,0.48456496000289917,-0.32639259099960327
0.48178860545158386,0.4830055236816406,-0.2628512382507324
0.598613977432251,0.4891164302825928,-0.3793988525867462
0.4939074218273163,0.48761600255966187,-0.30976688861846924
0.5931529402732849,0.4837183952331543,-0.3818173408508301
0.4991874694824219,0.48212867975234985,-0.31614455580711365
0.5968526005744934,0.4813682436943054,-0.3303332030773163
0.49659496545791626,0.4801991879940033,-0.26813727617263794
0.5799945592880249,0.5338873863220215,-0.0033146559726446867
0.5147082209587097,0.5329147577285767,0.0031930229160934687
0.5814568996429443,0.6061103343963623,-0.0010204515419900417
0.5134091973304749,0.6052285432815552,0.008307461626827717
0.5916922092437744,0.670167088508606,0.1937364935874939
0.5060072541236877,0.6672121286392212,0.18935784697532654
0.5837520360946655,0.6774762868881226,0.20437432825565338
0.5117238163948059,0.6724088191986084,0.19934366643428802
0.597259521484375,0.6912350654602051,0.04397393390536308
0.5034148097038269,0.6913226246833801,0.042868226766586304
-
0.5402581691741943,0.4084157347679138,-0.29911473393440247
0.5471304655075073,0.4032053053379059,-0.2787030339241028
0.5515952110290527,0.403423935174942,-0.2787065804004669
0.55555260181427,0.40355125069618225,-0.2787137031555176
0.5341993570327759,0.40331706404685974,-0.27726811170578003
0.5301109552383423,0.4036567211151123,-0.2772725224494934
0.526628851890564,0.4038054049015045,-0.2772176265716553
0.5621266961097717,0.40685710310935974,-0.1411321610212326
0.5233431458473206,0.4070495069026947,-0.13571341335773468
0.5498171448707581,0.4147873818874359,-0.2469938099384308
0.5329668521881104,0.4147840142250061,-0.24556374549865723
0.6005347967147827,0.4415626525878906,-0.05201432853937149
0.49239441752433777,0.4410768449306488,-0.034017596393823624
0.664696216583252,0.46812185645103455,-0.11190248280763626
0.4375465512275696,0.4663204252719879,-0.07270374894142151
0.6130595803260803,0.4845661520957947,-0.32670047879219055
0.48179247975349426,0.4829902648925781,-0.2620271146297455
0.598720133304596,0.4891306459903717,-0.3797345459461212
0.493908554315567,0.4876137375831604,-0.30875518918037415
0.5932478904724121,0.4837350845336914,-0.3822740316390991
0.4992019236087799,0.48212534189224243,-0.31525614857673645
0.5969340205192566,0.48137205839157104,-0.33069297671318054
0.49661362171173096,0.4801909029483795,-0.26734957098960876
0.580007016658783,0.5338627696037292,-0.0034999134950339794
0.5147328972816467,0.5328942537307739,0.003379421541467309
0.5814518928527832,0.6060820817947388,-0.0010246633319184184
0.5134137272834778,0.6052089929580688,0.008344565518200397
0.5916930437088013,0.670164942741394,0.1936575174331665
0.5060112476348877,0.6671903729438782,0.18935318291187286
0.5838198065757751,0.6774736642837524,0.20429235696792603
0.5117214322090149,0.672385036945343,0.19931286573410034
0.5969299077987671,0.6911957859992981,0.04384427145123482
0.5033911466598511,0.6913173794746399,0.04290986433625221
-
0.5402882695198059,0.40841811895370483,-0.29900944232940674
0.5471606850624084,0.40320920944213867,-0.27858543395996094
0.5516231656074524,0.4034283757209778,-0.27858880162239075
0.5555821061134338,0.4035559296607971,-0.27859577536582947
0.534242570400238,0.40331920981407166,-0.2771296501159668
0.5301568508148193,0.4036591649055481,-0.27713438868522644
0.5266814827919006,0.40380755066871643,-0.2770792543888092
0.5621665716171265,0.40686479210853577,-0.14112305641174316
0.5233892798423767,0.4070497453212738,-0.1355857253074646
0.549832820892334,0.4147895276546478,-0.2469445765018463
0.5330066680908203,0.4147847592830658,-0.24549026787281036
0.6005401015281677,0.44156187772750854,-0.05213291198015213
0.49242252111434937,0.44106584787368774,-0.03393421694636345
0.664682149887085,0.46812424063682556,-0.11263707280158997
0.4375491738319397,0.4663192331790924,-0.07255005091428757
0.6130855083465576,0.48456722497940063,-0.3270872235298157
0.4818035066127777,0.482980877161026,-0.26099714636802673
0.5987586975097656,0.48914045095443726,-0.37999191880226135
0.4939148724079132,0.4876116216182709,-0.30751803517341614
0.5932738184928894,0.48374781012535095,-0.38254886865615845
0.4992215037345886,0.48212161660194397,-0.3139711618423462
0.5969517827033997,0.4813755452632904,-0.33107441663742065
0.49663621187210083,0.4801828861236572,-0.2662980556488037
0.5800330638885498,0.5338460206985474,-0.0038167419843375683
0.5147755742073059,0.5328748226165771,0.003697042353451252
0.5814458131790161,0.6060423851013184,-0.0010182056576013565
0.5134196877479553,0.6051895022392273,0.008530945517122746
0.5916958451271057,0.6701663732528687,0.19263604283332825
0.5060155391693115,0.6671890020370483,0.18886972963809967
0.5839061141014099,0.677478015422821,0.20309223234653473
0.5117223262786865,0.6723841428756714,0.1986715942621231
0.5966271162033081,0.6911643743515015,0.04253334552049637
0.5033314824104309,0.6913160085678101,0.04252195730805397
-
0.5403079390525818,0.4084237515926361,-0.2991360127925873
0.5471858978271484,0.4032162129878998,-0.2787416875362396
0.5516461133956909,0.40343594551086426,-0.27874499559402466
0.5556049346923828,0.40356412529945374,-0.2787521481513977
0.5342724919319153,0.40332216024398804,-0.2772444188594818
0.5301879644393921,0.40366101264953613,-0.2772493064403534
0.526717483997345,0.40380939841270447,-0.2771942913532257
0.5621860027313232,0.4068751931190491,-0.14152975380420685
0.5234213471412659,0.4070497453212738,-0.13571451604366302
0.5498420000076294,0.4147931933403015,-0.24715249240398407
0.533026397228241,0.41478681564331055,-0.24563759565353394
0.6005475521087646,0.44156044721603394,-0.05318012088537216
0.49243226647377014,0.44105425477027893,-0.03406449779868126
0.6646746397018433,0.4681259095668793,-0.11448870599269867
0.43754881620407104,0.4663156569004059,-0.07277949899435043
0.6130871176719666,0.48456573486328125,-0.3290821313858032
0.48182541131973267,0.4829775393009186,-0.2606864273548126
0.5987803936004639,0.4891444742679596,-0.38188636302948
0.49392247200012207,0.4876084327697754,-0.3070801794528961
0.5932765603065491,0.4837650656700134,-0.3844180107116699
0.4992363750934601,0.4821176528930664,-0.31350573897361755
0.5969491004943848,0.4813833236694336,-0.3330453038215637
0.4966597259044647,0.4801790118217468,-0.2659790515899658
0.5800387263298035,0.533833920955658,-0.004022899549454451
0.5147840976715088,0.5328564047813416,0.0039024557918310165
0.5814430117607117,0.6060267090797424,-0.0009986194781959057
0.5134230256080627,0.6051830649375916,0.00890137068927288
0.5916983485221863,0.6701608896255493,0.1926886886358261
0.5060214400291443,0.6671883463859558,0.18891438841819763
0.5839514136314392,0.6774743795394897,0.2031707614660263
0.5117211937904358,0.6723853945732117,0.198722705245018
0.5965346693992615,0.6911479234695435,0.042618002742528915
0.5032799243927002,0.6913146376609802,0.04257172718644142
-
0.5403725504875183,0.4084261953830719,-0.2998772859573364
0.5472673773765564,0.40322035551071167,-0.279358446598053
0.5517153143882751,0.403439998626709,-0.2793614864349365
0.5556701421737671,0.4035678803920746,-0.2793686091899872
0.5343490242958069,0.40332379937171936,-0.2778943181037903
0.5302581787109375,0.40366291999816895,-0.2779005765914917
0.5267789363861084,0.40381112694740295,-0.27784547209739685
0.5622259974479675,0.40687888860702515,-0.1418733447790146
0.5234510898590088,0.4070456624031067,-0.13616541028022766
0.549894392490387,0.4147929549217224,-0.24783024191856384
0.5330877900123596,0.4147847294807434,-0.24636489152908325
0.60063636302948,0.44155558943748474,-0.05375834181904793
0.49243608117103577,0.44104743003845215,-0.035255562514066696
0.6647411584854126,0.46809759736061096,-0.11759067326784134
0.43754616379737854,0.46631813049316406,-0.08075796067714691
0.6131166815757751,0.4845622479915619,-0.3340485692024231
0.48182815313339233,0.48295626044273376,-0.2756459712982178
0.5988242626190186,0.4891480505466461,-0.38723424077033997
0.4939292371273041,0.48759928345680237,-0.32347047328948975
0.5933088660240173,0.4837687909603119,-0.38950055837631226
0.49927178025245667,0.48211127519607544,-0.32904836535453796
0.5969629883766174,0.48138532042503357,-0.3379623591899872
0.49669790267944336,0.4801699221134186,-0.2808033525943756
0.5800464153289795,0.5338314771652222,-0.004055709112435579
0.514793872833252,0.5328472256660461,0.003934571985155344
0.5814225077629089,0.6060225963592529,-0.0006529410020448267
0.5134156346321106,0.6051798462867737,0.009342863224446774
0.5917018055915833,0.6701494455337524,0.1942494511604309
0.506027102470398,0.6671877503395081,0.1899375021457672
0.5839781761169434,0.6774658560752869,0.2049056440591812
0.5117220282554626,0.6723891496658325,0.19980691373348236
0.5964770913124084,0.6911343336105347,0.04433681443333626
0.5032587647438049,0.691307783126831,0.04357653856277466
-
0.540401816368103,0.40842264890670776,-0.29995298385620117
0.547298789024353,0.40321940183639526,-0.27938905358314514
0.5517527461051941,0.4034396708011627,-0.2793920338153839
0.5557116866111755,0.4035680294036865,-0.27939900755882263
0.5343759655952454,0.40332040190696716,-0.277911514043808
0.5302876234054565,0.4036616384983063,-0.2779179811477661
0.5268039107322693,0.40381017327308655,-0.2778629660606384
0.5622660517692566,0.4068829119205475,-0.14188680052757263
0.5234693288803101,0.407042920589447,-0.13615578413009644
0.5499296188354492,0.41478872299194336,-0.24793705344200134
0.533113420009613,0.41477933526039124,-0.24643298983573914
0.600731372833252,0.4415547847747803,-0.05412672460079193
0.49244362115859985,0.44104519486427307,-0.0356474444270134
0.6648581027984619,0.46801820397377014,-0.11942828446626663
0.4375480115413666,0.46632057428359985,-0.08142868429422379
0.6131269335746765,0.484553724527359,-0.33611875772476196
0.4818645417690277,0.48294728994369507,-0.27472323179244995
0.5988416075706482,0.48915061354637146,-0.38950589299201965
0.4939771890640259,0.48759645223617554,-0.32250872254371643
0.5933141112327576,0.4837716221809387,-0.39163368940353394
0.4993865489959717,0.48210787773132324,-0.32833853363990784
0.5969650149345398,0.4813871383666992,-0.34003597497940063
0.49680498242378235,0.48016658425331116,-0.27999138832092285
0.5800446271896362,0.5338391661643982,-0.004057971760630608
0.5147964358329773,0.5328439474105835,0.003936420660465956
0.5814070105552673,0.6060172319412231,-0.00038577461964450777
0.5134228467941284,0.6051763296127319,0.009916405193507671
0.5917028784751892,0.6701460480690002,0.19721421599388123
0.5060309171676636,0.6671757698059082,0.19278495013713837
0.5839968919754028,0.6774629950523376,0.20822514593601227
0.5117213726043701,0.6723828315734863,0.20292432606220245
0.596390426158905,0.691103994846344,0.04713072255253792
0.5032572746276855,0.6912956833839417,0.04645075276494026
-
0.5404276251792908,0.40841084718704224,-0.299983948469162
0.5473273992538452,0.40320998430252075,-0.2793968915939331
0.5517932176589966,0.4034315049648285,-0.2793998420238495
0.5557585954666138,0.4035615026950836,-0.2794067859649658
0.5343965888023376,0.40331047773361206,-0.27791935205459595
0.5303110480308533,0.40365633368492126,-0.27792587876319885
0.5268236994743347,0.4038061499595642,-0.2778708338737488
0.5623137354850769,0.40688663721084595,-0.14172662794589996
0.5234823226928711,0.40703994035720825,-0.13604331016540527
0.54996657371521,0.4147809147834778,-0.24795038998126984
0.5331427454948425,0.41477078199386597,-0.24646009504795074
0.6008105278015137,0.4415317475795746,-0.054140251129865646
0.4924662709236145,0.44104331731796265,-0.03606519475579262
0.6650182008743286,0.46788400411605835,-0.12152676284313202
0.43755409121513367,0.4663146436214447,-0.08725162595510483
0.6132054924964905,0.48451343178749084,-0.33981168270111084
0.48187705874443054,0.48289617896080017,-0.2861798107624054
0.5989022850990295,0.4891330599784851,-0.3937075734138489
0.4939846098423004,0.48756662011146545,-0.33514752984046936
0.5933721661567688,0.4837666153907776,-0.39547187089920044
0.499430775642395,0.4820939600467682,-0.3404393792152405
0.5969999432563782,0.48137444257736206,-0.34366992115974426
0.4968608319759369,0.48014888167381287,-0.291427344083786
0.5800380110740662,0.533854067325592,-0.0040563372895121574
0.5148023962974548,0.5328410863876343,0.003934288863092661
0.5813878774642944,0.6060150861740112,3.58732468157541e-05
0.5134251117706299,0.6051738858222961,0.010440770536661148
0.5916998386383057,0.6701402068138123,0.20024017989635468
0.5060353875160217,0.6671691536903381,0.1957414597272873
0.584004819393158,0.677463173866272,0.21151718497276306
0.5117191672325134,0.6723800897598267,0.2061302214860916
0.5963206887245178,0.6910794973373413,0.05017361044883728
0.5032433271408081,0.6912893652915955,0.049414947628974915
-
0.5404320359230042,0.40838557481765747,-0.2999843955039978
0.5473310351371765,0.4031846523284912,-0.27933284640312195
0.5518090724945068,0.40340837836265564,-0.27933546900749207
0.5557822585105896,0.4035404324531555,-0.2793421149253845
0.5344001650810242,0.4032920002937317,-0.2778438925743103
0.530317485332489,0.40364599227905273,-0.27785083651542664
0.5268296003341675,0.40379780530929565,-0.2777957320213318
0.5623477697372437,0.4068875312805176,-0.14144982397556305
0.5234969854354858,0.40703433752059937,-0.13565856218338013
0.5499799847602844,0.414767324924469,-0.24794888496398926
0.5331516265869141,0.41475796699523926,-0.24645249545574188
0.6008386611938477,0.4415125250816345,-0.05413578823208809
0.49250078201293945,0.4410409927368164,-0.03609025850892067
0.665178656578064,0.46774840354919434,-0.12221141159534454
0.43758663535118103,0.46630072593688965,-0.08684758841991425
0.613243579864502,0.4844796061515808,-0.34041526913642883
0.4818789064884186,0.48279887437820435,-0.2842676341533661
0.5989352464675903,0.4891137182712555,-0.39438721537590027
0.4939861595630646,0.4875124394893646,-0.33295634388923645
0.593403697013855,0.483760267496109,-0.3959593176841736
0.49944165349006653,0.4820730686187744,-0.33850252628326416
0.5970169901847839,0.4813632071018219,-0.34422147274017334
0.4968804717063904,0.4801240861415863,-0.28959426283836365
0.5800261497497559,0.5338689684867859,-0.004033152479678392
0.5148075222969055,0.5328384041786194,0.003909585997462273
0.581363320350647,0.6060130596160889,0.0005455543287098408
0.5134291648864746,0.6051715016365051,0.01082134060561657
0.5916993021965027,0.6701357960700989,0.2020735889673233
0.5060397386550903,0.6671651601791382,0.19776609539985657
0.584020733833313,0.6774636507034302,0.21345244348049164
0.5117015242576599,0.6723794937133789,0.20829415321350098
0.5962561964988708,0.6910578012466431,0.05182016268372536
0.503233790397644,0.691266655921936,0.05133441463112831
-
0.5404365062713623,0.4083596169948578,-0.29835397005081177
0.5473281741142273,0.4031570553779602,-0.2774777114391327
0.5518169403076172,0.40338414907455444,-0.2774800658226013
0.5557878017425537,0.4035181999206543,-0.27748581767082214
0.5343882441520691,0.4032771587371826,-0.27578967809677124
0.5303152799606323,0.4036378860473633,-0.27579784393310547
0.5268292427062988,0.4037904143333435,-0.2757411301136017
0.5623631477355957,0.40688619017601013,-0.13968881964683533
0.5235045552253723,0.4070303440093994,-0.1329316943883896
0.5499861836433411,0.4147510528564453,-0.24648243188858032
0.5331548452377319,0.41474318504333496,-0.24474826455116272
0.6008819937705994,0.44148191809654236,-0.05363845452666283
0.492544949054718,0.4410388469696045,-0.034923210740089417
0.6652756929397583,0.46760234236717224,-0.12233186513185501
0.43762198090553284,0.4662936329841614,-0.08640588819980621
0.6132897138595581,0.48443761467933655,-0.3403046429157257
0.48188427090644836,0.4827269911766052,-0.28596368432044983
0.5989799499511719,0.48908644914627075,-0.394182026386261
0.49398741126060486,0.48746737837791443,-0.33506637811660767
0.5934496521949768,0.483741819858551,-0.3956165611743927
0.4994531273841858,0.48204779624938965,-0.3402472138404846
0.5970441699028015,0.48133498430252075,-0.3440483808517456
0.49690407514572144,0.4800989031791687,-0.2912529706954956
0.5800158977508545,0.5339051485061646,-0.004160642623901367
0.5148133039474487,0.5328394174575806,0.004034134559333324
0.5813285708427429,0.6060166954994202,0.0005064439028501511
0.5134307146072388,0.6051772832870483,0.01115344651043415
0.5917049050331116,0.6701400279998779,0.20197081565856934
0.5060434341430664,0.6671615242958069,0.19833430647850037
0.5842351913452148,0.6774808764457703,0.21334011852741241
0.5116897225379944,0.6723756194114685,0.2088903784751892
0.5960660576820374,0.6910306215286255,0.05174866318702698
0.5032336115837097,0.6912578344345093,0.05218235030770302
-
0.5404127836227417,0.40833228826522827,-0.29781028628349304
0.5472660660743713,0.40311726927757263,-0.27682021260261536
0.5518118143081665,0.40334707498550415,-0.27682194113731384
0.5557956099510193,0.40348249673843384,-0.2768268883228302
0.5343119502067566,0.40325966477394104,-0.2750402092933655
0.5302690863609314,0.4036271572113037,-0.2750493884086609
0.5267890691757202,0.4037802815437317,-0.27499181032180786
0.5623723268508911,0.40687575936317444,-0.13892747461795807
0.5235142111778259,0.4070259630680084,-0.13169221580028534
0.549984872341156,0.41473180055618286,-0.24596227705478668
0.5331283211708069,0.4147276282310486,-0.24410931766033173
0.6009073257446289,0.44144853949546814,-0.05325739085674286
0.4925828278064728,0.44103723764419556,-0.03444942459464073
0.6653464436531067,0.4674883484840393,-0.12293989211320877
0.4376400113105774,0.4662915766239166,-0.08803512901067734
0.6133187413215637,0.48438969254493713,-0.3416953384876251
0.4819003641605377,0.48269280791282654,-0.2912563383579254
0.5990030169487,0.4890574514865875,-0.395751029253006
0.4939888119697571,0.4874331057071686,-0.3410606384277344
0.5934715867042542,0.48371967673301697,-0.3969676196575165
0.4994640350341797,0.482018381357193,-0.3459189236164093
0.597058892250061,0.4812999665737152,-0.34538233280181885
0.4969271421432495,0.48007258772850037,-0.29652026295661926
0.5799952745437622,0.5339407920837402,-0.0042360820807516575
0.5148193836212158,0.5328407883644104,0.004107417538762093
0.5812846422195435,0.6060194373130798,0.0005066084559075534
0.5134291648864746,0.6051855683326721,0.011397268623113632
0.5917069911956787,0.6701327562332153,0.20247139036655426
0.50604647397995,0.6671551465988159,0.1989263892173767
0.5843843817710876,0.6774808168411255,0.21390260756015778
0.5116802453994751,0.6723672151565552,0.20951391756534576
0.5959692001342773,0.6909947395324707,0.05218423902988434
0.5032342076301575,0.6912503242492676,0.052690811455249786
-
0.5403711199760437,0.40831369161605835,-0.29736778140068054
0.5471678972244263,0.403084933757782,-0.27639344334602356
0.5517890453338623,0.40331587195396423,-0.27639463543891907
0.5557945370674133,0.4034525454044342,-0.27639880776405334
0.534196138381958,0.4032500386238098,-0.2744657099246979
0.5301923155784607,0.4036218225955963,-0.2744753658771515
0.526724100112915,0.403775691986084,-0.27441731095314026
0.5623772740364075,0.4068659842014313,-0.138699010014534
0.523521363735199,0.40702518820762634,-0.13076460361480713
0.5499765872955322,0.41471704840660095,-0.2456183135509491
0.533080518245697,0.4147173762321472,-0.243569478392601
0.6009311676025391,0.4414255619049072,-0.05314980074763298
0.49262458086013794,0.4410354495048523,-0.033818431198596954
0.6654157042503357,0.46740812063217163,-0.1234210655093193
0.43765532970428467,0.4662887156009674,-0.08785943686962128
0.6133445501327515,0.4843577742576599,-0.3421325981616974
0.4819042682647705,0.48264366388320923,-0.29140788316726685
0.5990248918533325,0.48903989791870117,-0.3960639238357544
0.4939863383769989,0.48739805817604065,-0.3411524295806885
0.5935056805610657,0.48370352387428284,-0.39719200134277344
0.4994698762893677,0.4819837510585785,-0.34592846035957336
0.5970844030380249,0.4812734127044678,-0.3457629084587097
0.4969325065612793,0.4800358712673187,-0.29664698243141174
0.5799793004989624,0.5339869856834412,-0.004352363292127848
0.5148242115974426,0.5328481793403625,0.004220427945256233
0.58124840259552,0.6060290932655334,0.0005042145494371653
0.5134210586547852,0.6052025556564331,0.011686298996210098
0.591708779335022,0.670123815536499,0.20317791402339935
0.5060486793518066,0.6671534180641174,0.1996142864227295
0.584544837474823,0.6774786710739136,0.21471184492111206
0.5116463303565979,0.6723600625991821,0.21026529371738434
0.595838725566864,0.6909693479537964,0.05288047716021538
0.5032365918159485,0.6912442445755005,0.053428515791893005
-
0.5403274297714233,0.40829363465309143,-0.29637154936790466
0.547068178653717,0.403046190738678,-0.2755889594554901
0.5517584681510925,0.4032765328884125,-0.2755902409553528
0.5557873249053955,0.4034138321876526,-0.27559375762939453
0.5340803861618042,0.403237521648407,-0.2734237313270569
0.5301077365875244,0.4036142826080322,-0.2734333276748657
0.5266457200050354,0.4037695527076721,-0.27337518334388733
0.5623757839202881,0.4068497121334076,-0.13854946196079254
0.5235261917114258,0.40702447295188904,-0.1296948939561844
0.54996258020401,0.4147050380706787,-0.24490496516227722
0.5330208539962769,0.41470980644226074,-0.24252629280090332
0.6009537577629089,0.441406786441803,-0.053125493228435516
0.492655873298645,0.4410337805747986,-0.032555144280195236
0.665483832359314,0.46734124422073364,-0.12320054322481155
0.4376729726791382,0.46628791093826294,-0.08746477961540222
0.6133509278297424,0.484342485666275,-0.3413047790527344
0.4819124937057495,0.4826158583164215,-0.28803330659866333
0.5990288853645325,0.4890305995941162,-0.39519965648651123
0.49398621916770935,0.4873722493648529,-0.33720454573631287
0.5935185551643372,0.48369789123535156,-0.3966049551963806
0.49947497248649597,0.48195546865463257,-0.34221285581588745
0.597091019153595,0.4812650680541992,-0.3450026512145996
0.49693918228149414,0.4800088405609131,-0.2932720482349396
0.5799708962440491,0.5340209007263184,-0.004696482326835394
0.5148283839225769,0.5328562259674072,0.0045603495091199875
0.5812035202980042,0.6060327291488647,0.0005172504461370409
0.5134201645851135,0.6052321791648865,0.012164692394435406
0.5917235612869263,0.6701236963272095,0.20312388241291046
0.5060510635375977,0.6671628355979919,0.19928346574306488
0.5847651958465576,0.6774832606315613,0.2146584838628769
0.5116332769393921,0.6723727583885193,0.20987670123577118
0.5955842733383179,0.6909521222114563,0.052802674472332
0.5032500624656677,0.691241979598999,0.053151994943618774
-
0.5402959585189819,0.40825599431991577,-0.2964264154434204
0.5469521284103394,0.4029830992221832,-0.27565881609916687
0.551715612411499,0.40320730209350586,-0.2756601870059967
0.5557729601860046,0.40334421396255493,-0.2756638824939728
0.5339694619178772,0.4032188355922699,-0.27350375056266785
0.5300233960151672,0.4036043584346771,-0.27351313829421997
0.5265679955482483,0.4037635922431946,-0.2734551429748535
0.5623570084571838,0.40680670738220215,-0.13858026266098022
0.5235264301300049,0.40702423453330994,-0.1298265904188156
0.5499634146690369,0.41468364000320435,-0.24495607614517212
0.5329909920692444,0.41469746828079224,-0.24258409440517426
0.6009783148765564,0.441394180059433,-0.053237929940223694
0.49267658591270447,0.44103264808654785,-0.03252404183149338
0.6655258536338806,0.46728235483169556,-0.12343386560678482
0.43767595291137695,0.4662875235080719,-0.08712053298950195
0.6133545637130737,0.4843207001686096,-0.34112510085105896
0.4819455146789551,0.48261111974716187,-0.2862057685852051
0.5990381240844727,0.4890201985836029,-0.39477577805519104
0.49399155378341675,0.4873688817024231,-0.3350867033004761
0.5935380458831787,0.4836878776550293,-0.39613020420074463
0.49948903918266296,0.48194509744644165,-0.34025901556015015
0.5971024632453918,0.4812486171722412,-0.3447590172290802
0.4969594180583954,0.4799978733062744,-0.2914518713951111
0.5799601078033447,0.534039318561554,-0.0049382844008505344
0.5148342847824097,0.5328565835952759,0.004799106158316135
0.5811647176742554,0.6060439348220825,0.0005214654374867678
0.5134210586547852,0.6052342653274536,0.01259612012654543
0.5917374491691589,0.6701231002807617,0.20291955769062042
0.5060535669326782,0.6671648621559143,0.19911859929561615
0.5848840475082397,0.6774805188179016,0.21442048251628876
0.5116255283355713,0.6723750233650208,0.20965711772441864
0.5955268144607544,0.6909466981887817,0.05277055501937866
0.5032698512077332,0.6912409067153931,0.053013548254966736
-
0.5402920842170715,0.40822333097457886,-0.29642704129219055
0.5469128489494324,0.4029351770877838,-0.2756768465042114
0.5517061948776245,0.40315550565719604,-0.27567827701568604
0.5557730197906494,0.4032909870147705,-0.27568188309669495
0.5339330434799194,0.40320032835006714,-0.2735167145729065
0.5299978256225586,0.40359482169151306,-0.2735258936882019
0.5265402793884277,0.40375837683677673,-0.27346813678741455
0.5623544454574585,0.40677228569984436,-0.1386307030916214
0.523530125617981,0.4070248007774353,-0.12987226247787476
0.5499749779701233,0.4146621823310852,-0.2449735403060913
0.5329901576042175,0.4146854281425476,-0.24258825182914734
0.6010019779205322,0.4413791298866272,-0.05333857610821724
0.49269357323646545,0.44103139638900757,-0.03230049088597298
0.6655818223953247,0.46726030111312866,-0.12359722703695297
0.4376828968524933,0.4662860929965973,-0.08527814596891403
0.6133565306663513,0.48430362343788147,-0.341036319732666
0.48194846510887146,0.48260363936424255,-0.2845126986503601
0.5990447998046875,0.4890129566192627,-0.3945273458957672
0.49398916959762573,0.48736444115638733,-0.3333636522293091
0.5935446619987488,0.4836844503879547,-0.3958479166030884
0.4994948208332062,0.4819355607032776,-0.3386244475841522
0.597107470035553,0.48124122619628906,-0.3446352779865265
0.4969673454761505,0.4799843430519104,-0.2898555099964142
0.5799464583396912,0.5340433120727539,-0.005172525066882372
0.5148389339447021,0.5328561067581177,0.005030983127653599
0.5811388492584229,0.606043815612793,0.000817096559330821
0.5134552717208862,0.6052321195602417,0.013054781593382359
0.5917604565620422,0.6701198816299438,0.20256559550762177
0.5060738325119019,0.667165994644165,0.19896365702152252
0.5850540399551392,0.6774625182151794,0.21388114988803864
0.5116254687309265,0.6723752021789551,0.2094952017068863
0.5954006910324097,0.6909211874008179,0.051669083535671234
0.5033212900161743,0.6912392973899841,0.05288713797926903
-
0.5402858853340149,0.40817052125930786,-0.29664403200149536
0.5468738079071045,0.4028589725494385,-0.2759285271167755
0.5516955256462097,0.40307289361953735,-0.27592965960502625
0.5557730793952942,0.40320920944213867,-0.2759326100349426
0.533898115158081,0.4031546115875244,-0.27366241812705994
0.5299673080444336,0.403561532497406,-0.27367153763771057
0.5265039801597595,0.403734028339386,-0.2736138105392456
0.5623543858528137,0.40672188997268677,-0.1391957849264145
0.5235333442687988,0.4070205092430115,-0.12994840741157532
0.5499807000160217,0.41462868452072144,-0.24529051780700684
0.5329864025115967,0.414663165807724,-0.2427510768175125
0.6010275483131409,0.44136443734169006,-0.054039325565099716
0.49271100759506226,0.44102853536605835,-0.03232868015766144
0.6656242609024048,0.4672389030456543,-0.12410532683134079
0.43768709897994995,0.46628427505493164,-0.08255498856306076
0.6133508682250977,0.48428875207901,-0.3412548005580902
0.4819515347480774,0.482600599527359,-0.2788587212562561
0.5990469455718994,0.4890076220035553,-0.3946213722229004
0.4939880669116974,0.48735952377319336,-0.32722997665405273
0.5935484766960144,0.48368191719055176,-0.3959508538246155
0.49949946999549866,0.4819307327270508,-0.3330024182796478
0.5971099138259888,0.4812346398830414,-0.34484896063804626
0.4969732463359833,0.47997984290122986,-0.28434428572654724
0.5799382925033569,0.5340456366539001,-0.005357684567570686
0.5148422122001648,0.5328524708747864,0.005213800352066755
0.5811150670051575,0.6060444116592407,0.0013601945247501135
0.5134736895561218,0.6052273511886597,0.013764096423983574
0.5917775630950928,0.6701189875602722,0.20252487063407898
0.5060820579528809,0.6671679019927979,0.1989254206418991
0.5851393938064575,0.6774574518203735,0.2137662023305893
0.5116247534751892,0.6723756790161133,0.20938657224178314
0.5953211784362793,0.6909058094024658,0.05102618411183357
0.5033677220344543,0.6912385821342468,0.05276883393526077
-
0.5402783751487732,0.4081307351589203,-0.2969616651535034
0.5468394756317139,0.40280166268348694,-0.2763182818889618
0.5516861081123352,0.40301066637039185,-0.2763189971446991
0.5557733178138733,0.40314754843711853,-0.2763213813304901
0.5338649153709412,0.403120219707489,-0.2739173471927643
0.5299387574195862,0.4035351872444153,-0.27392637729644775
0.5264723300933838,0.4037136435508728,-0.27386897802352905
0.5623546838760376,0.40668195486068726,-0.13994449377059937
0.523536205291748,0.4070165157318115,-0.1299685537815094
0.54998379945755,0.41460394859313965,-0.24571338295936584
0.5329816341400146,0.41464680433273315,-0.24299432337284088
0.6010612845420837,0.4413526952266693,-0.05483480915427208
0.4927685260772705,0.4410170912742615,-0.03235151246190071
0.6656813621520996,0.46722450852394104,-0.12548761069774628
0.43769004940986633,0.46626392006874084,-0.08202674239873886
0.613342821598053,0.48427191376686096,-0.3429298400878906
0.4819544553756714,0.48259735107421875,-0.277920126914978
0.5990483164787292,0.4889976978302002,-0.3962289094924927
0.49397188425064087,0.4873557686805725,-0.3262525200843811
0.5935520529747009,0.48367729783058167,-0.39742448925971985
0.49950116872787476,0.4819275736808777,-0.3320882022380829
0.597112238407135,0.4812266230583191,-0.3464682102203369
0.49697965383529663,0.47997546195983887,-0.28343304991722107
0.5799338221549988,0.534054160118103,-0.005498956423252821
0.5148459672927856,0.5328521132469177,0.005352666135877371
0.5810943841934204,0.606046199798584,0.0017402054509148002
0.5134856700897217,0.6052266955375671,0.014351834543049335
0.5918090343475342,0.6701151132583618,0.20234693586826324
0.5060927271842957,0.6671708822250366,0.1991778016090393
0.5852183103561401,0.6774516105651855,0.21357455849647522
0.5116249322891235,0.6723783612251282,0.20957769453525543
0.5953064560890198,0.6908920407295227,0.050985414534807205
0.5033998489379883,0.6912372708320618,0.052926402539014816
-
0.5402700901031494,0.4081009030342102,-0.29896658658981323
0.5467977523803711,0.40276283025741577,-0.27855634689331055
0.5516692399978638,0.4029701352119446,-0.2785567045211792
0.5557695031166077,0.4031081199645996,-0.2785598635673523
0.5338397026062012,0.40309637784957886,-0.2760508060455322
0.529921293258667,0.4035157263278961,-0.2760595679283142
0.5264514684677124,0.40369826555252075,-0.2760056257247925
0.5623452663421631,0.40664729475975037,-0.1427314430475235
0.52353835105896,0.40701478719711304,-0.13201779127120972
0.5499858260154724,0.4145835041999817,-0.24782691895961761
0.5329750776290894,0.41463470458984375,-0.24493113160133362
0.6011050939559937,0.4413389265537262,-0.05669154226779938
0.49277713894844055,0.4410087466239929,-0.03361143171787262
0.6657615900039673,0.467217355966568,-0.1254386007785797
0.4376879036426544,0.46625199913978577,-0.07740460336208344
0.6133145093917847,0.48426365852355957,-0.3426089584827423
0.48195838928222656,0.4826018810272217,-0.26323676109313965
0.5990324020385742,0.48899516463279724,-0.39550408720970154
0.4939653277397156,0.48735862970352173,-0.3098556697368622
0.5935410261154175,0.4836764931678772,-0.39675173163414
0.4995022714138031,0.48193326592445374,-0.31653937697410583
0.5971015095710754,0.4812232553958893,-0.3461189866065979
0.49698489904403687,0.4799782633781433,-0.26880648732185364
0.5799207091331482,0.5340553522109985,-0.005499065387994051
0.514849841594696,0.5328513383865356,0.0053526293486356735
0.5810756087303162,0.6060453057289124,0.0020190232899039984
0.513507604598999,0.605225682258606,0.014392867684364319
0.5918788909912109,0.6701000928878784,0.2022441029548645
0.506081223487854,0.6671732664108276,0.19915229082107544
0.5853270888328552,0.6774213910102844,0.21347789466381073
0.5115563869476318,0.6723782420158386,0.20953494310379028
0.5953515768051147,0.6908771991729736,0.05068792402744293
0.5034278035163879,0.6912360787391663,0.05285678058862686
-
0.5402567386627197,0.4080769121646881,-0.3002912402153015
0.5467535853385925,0.4027346074581146,-0.28008759021759033
0.5516507029533386,0.40294259786605835,-0.2800883948802948
0.5557648539543152,0.40308302640914917,-0.28009307384490967
0.5338112115859985,0.40307560563087463,-0.2774942219257355
0.5299005508422852,0.4034964442253113,-0.2775024175643921
0.5264283418655396,0.4036816656589508,-0.277450829744339
0.5623376369476318,0.4066251218318939,-0.14489690959453583
0.5235406756401062,0.4070124626159668,-0.13359802961349487
0.5499871373176575,0.4145680069923401,-0.24930442869663239
0.532958984375,0.41462430357933044,-0.24626004695892334
0.601147472858429,0.4413231909275055,-0.05843100696802139
0.492785781621933,0.4410015046596527,-0.03466290235519409
0.6658327579498291,0.46721115708351135,-0.1253291666507721
0.4376717507839203,0.466233491897583,-0.07312480360269547
0.6132810115814209,0.4842589795589447,-0.34049078822135925
0.4820007383823395,0.4826459288597107,-0.253102570772171
0.5990065336227417,0.4889926314353943,-0.39271020889282227
0.49397188425064087,0.48737096786499023,-0.2987525165081024
0.5935181379318237,0.483675479888916,-0.3940860629081726
0.49951690435409546,0.48194751143455505,-0.30574825406074524
0.5970799922943115,0.48122063279151917,-0.3439483940601349
0.4970058798789978,0.47999414801597595,-0.2586575746536255
0.5799017548561096,0.5340572595596313,-0.005495558958500624
0.5148502588272095,0.5328510999679565,0.005348667968064547
0.5810603499412537,0.6060469150543213,0.0020294049754738808
0.5135296583175659,0.6052262783050537,0.014402487315237522
0.5918995141983032,0.6700932383537292,0.20205654203891754
0.5060761570930481,0.6671756505966187,0.1991184800863266
0.5853389501571655,0.6774004697799683,0.21325524151325226
0.5115059614181519,0.6723780035972595,0.20949342846870422
0.5953802466392517,0.6908731460571289,0.05021674185991287
0.5034559369087219,0.6912335753440857,0.052807267755270004
-
0.5402464270591736,0.4080578684806824,-0.30191874504089355
0.5467150211334229,0.40271368622779846,-0.2818722128868103
0.5516350865364075,0.4029225707054138,-0.2818733751773834
0.5557608008384705,0.403065025806427,-0.2818795442581177
0.5337867736816406,0.4030621647834778,-0.27928870916366577
0.5298829674720764,0.4034852385520935,-0.2792965769767761
0.5264118909835815,0.40367212891578674,-0.2792477011680603
0.5623259544372559,0.4066103994846344,-0.14718258380889893
0.5235430598258972,0.4070107936859131,-0.1358596682548523
0.5499877333641052,0.4145599901676178,-0.2510709762573242
0.5329429507255554,0.41461801528930664,-0.24801521003246307
0.6011584997177124,0.44131165742874146,-0.06041070446372032
0.49279260635375977,0.4409867823123932,-0.03648601472377777
0.6658697128295898,0.4672020971775055,-0.12524063885211945
0.4376392662525177,0.46621590852737427,-0.07093185931444168
0.6132076978683472,0.48425596952438354,-0.33783280849456787
0.482117235660553,0.4827216565608978,-0.24698497354984283
0.5989566445350647,0.4889911711215973,-0.38952895998954773
0.494005024433136,0.48739609122276306,-0.29201531410217285
0.5934634804725647,0.4836748242378235,-0.39111849665641785
0.499557226896286,0.48197633028030396,-0.29920530319213867
0.5970321893692017,0.48121896386146545,-0.34130004048347473
0.49706098437309265,0.4800244867801666,-0.25251448154449463
0.5798807144165039,0.534058690071106,-0.00547620328143239
0.5148494839668274,0.5328506231307983,0.0053283278830349445
0.5810401439666748,0.6060441732406616,0.0021068588830530643
0.5135459303855896,0.6052259206771851,0.014406620524823666
0.5919110178947449,0.6700856685638428,0.20179970562458038
0.5060689449310303,0.6671807765960693,0.1990765631198883
0.5853508710861206,0.6773766279220581,0.21294447779655457
0.5114362835884094,0.6723779439926147,0.20944419503211975
0.5954219698905945,0.6908686757087708,0.049789804965257645
0.5035248398780823,0.6912299394607544,0.05274958536028862
-
0.5402445197105408,0.40804991126060486,-0.3024558424949646
0.5467084050178528,0.4027072787284851,-0.28243428468704224
0.551633894443512,0.4029179513454437,-0.28243523836135864
0.5557613968849182,0.4030613899230957,-0.2824416160583496
0.533782422542572,0.40305519104003906,-0.27989518642425537
0.5298810005187988,0.40347909927368164,-0.27990299463272095
0.5264098644256592,0.40366601943969727,-0.2798549234867096
0.5623253583908081,0.406606525182724,-0.14770552515983582
0.5235459804534912,0.40700802206993103,-0.1366102695465088
0.5499887466430664,0.41455507278442383,-0.2515855133533478
0.5329353213310242,0.4146135449409485,-0.24858860671520233
0.6012005805969238,0.4412892758846283,-0.06091964989900589
0.49279776215553284,0.4409670829772949,-0.037093207240104675
0.6659376621246338,0.4671951234340668,-0.1252184957265854
0.4376066029071808,0.4661845564842224,-0.07049371302127838
0.6131912469863892,0.48424211144447327,-0.3374128043651581
0.48216959834098816,0.48273858428001404,-0.2473330795764923
0.5989444255828857,0.4889882504940033,-0.38912147283554077
0.49402013421058655,0.4874045252799988,-0.29253825545310974
0.5934398174285889,0.48367300629615784,-0.3907477557659149
0.4995826184749603,0.4819917678833008,-0.29960906505584717
0.5970121622085571,0.48121213912963867,-0.34089893102645874
0.4970959424972534,0.4800398349761963,-0.25284022092819214
0.5798772573471069,0.5340602397918701,-0.005464466754347086
0.514850914478302,0.5328510403633118,0.005316166207194328
0.5810205340385437,0.6060448884963989,0.0021289775613695383
0.5135647058486938,0.6052277684211731,0.014396783895790577
0.591923713684082,0.6700843572616577,0.20167119801044464
0.5060535073280334,0.6671940088272095,0.19905048608779907
0.5853734612464905,0.6773754358291626,0.21279466152191162
0.5113584995269775,0.6723852753639221,0.20941372215747833
0.595435619354248,0.690855860710144,0.04954136162996292
0.5035504698753357,0.6912286877632141,0.05270136892795563
-
0.5402355194091797,0.40804237127304077,-0.3023450970649719
0.5467013120651245,0.4027000069618225,-0.28227871656417847
0.5516327619552612,0.4029110074043274,-0.2822797894477844
0.5557639002799988,0.40305501222610474,-0.2822861671447754
0.5337725281715393,0.4030492305755615,-0.27977654337882996
0.5298744440078735,0.40347298979759216,-0.27978429198265076
0.5264050960540771,0.40365880727767944,-0.2797354757785797
0.5623295903205872,0.40660080313682556,-0.1473722606897354
0.5235518217086792,0.4070015847682953,-0.13651806116104126
0.5499866604804993,0.4145503044128418,-0.2514299750328064
0.532913327217102,0.41460806131362915,-0.24848660826683044
0.601279616355896,0.44126835465431213,-0.06074585020542145
0.4928016662597656,0.4409502148628235,-0.037048812955617905
0.6660217046737671,0.46719327569007874,-0.12520301342010498
0.43758442997932434,0.4661750793457031,-0.07119162380695343
0.61320561170578,0.48422303795814514,-0.3373640775680542
0.482250839471817,0.4827772080898285,-0.2518613040447235
0.598953366279602,0.48898521065711975,-0.3891807198524475
0.4940458834171295,0.48741665482521057,-0.2978162467479706
0.5934427380561829,0.4836706221103668,-0.3907708525657654
0.49960678815841675,0.4820064902305603,-0.30454909801483154
0.5970145463943481,0.48120445013046265,-0.3408486545085907
0.4971306324005127,0.4800577759742737,-0.2573365867137909
0.5798717141151428,0.5340684056282043,-0.005414900369942188
0.514843761920929,0.5328547954559326,0.005265708547085524
0.5809853672981262,0.6060506701469421,0.0022281731944531202
0.5135777592658997,0.6052352786064148,0.01437537930905819
0.5919277667999268,0.6700970530509949,0.20140287280082703
0.506036102771759,0.6672216057777405,0.198969304561615
0.5853800773620605,0.6774030923843384,0.21244379878044128
0.5112833380699158,0.6724247336387634,0.2093219757080078
0.5954506993293762,0.6908507943153381,0.04910222068428993
0.5035691261291504,0.691220223903656,0.052535831928253174
-
0.540232241153717,0.4080340266227722,-0.30199864506721497
0.5466982126235962,0.40269097685813904,-0.28193148970603943
0.5516332387924194,0.4029017984867096,-0.2819323241710663
0.5557708740234375,0.40304630994796753,-0.2819376289844513
0.5337697863578796,0.40304136276245117,-0.27943435311317444
0.529871940612793,0.4034654200077057,-0.2794424593448639
0.5264027714729309,0.4036499559879303,-0.27939483523368835
0.5623375177383423,0.4065935015678406,-0.14706741273403168
0.5235638618469238,0.40699106454849243,-0.1361771672964096
0.5499868988990784,0.41454488039016724,-0.25108787417411804
0.5329040288925171,0.41460126638412476,-0.24814662337303162
0.6013416051864624,0.4412466883659363,-0.060160789638757706
0.4928048849105835,0.4409274160861969,-0.03700544685125351
0.6660286784172058,0.4671902656555176,-0.12461233139038086
0.4375731647014618,0.46617335081100464,-0.07166480273008347
0.6132229566574097,0.4842072129249573,-0.33682534098625183
0.482314795255661,0.4828219413757324,-0.2541012167930603
0.598976731300354,0.48898404836654663,-0.38881319761276245
0.4940686523914337,0.48742300271987915,-0.300348162651062
0.5934513807296753,0.48366984724998474,-0.39035382866859436
0.4996192157268524,0.4820096492767334,-0.30695921182632446
0.5970231890678406,0.48119935393333435,-0.3403196334838867
0.4971493184566498,0.48006659746170044,-0.25956612825393677
0.5798612833023071,0.5340747237205505,-0.005335831083357334
0.5148359537124634,0.5328609943389893,0.00518588162958622
0.5809686779975891,0.6060510277748108,0.0023379353806376457
0.5136027932167053,0.605243980884552,0.014292493462562561
0.5919317603111267,0.6700994372367859,0.20092466473579407
0.5060304999351501,0.6672386527061462,0.1987229436635971
0.5853843092918396,0.677406907081604,0.21184732019901276
0.5112481117248535,0.6724473834037781,0.20904777944087982
0.5954767465591431,0.6908480525016785,0.048580970615148544
0.5035940408706665,0.6912074089050293,0.05224858969449997
-
0.5402292609214783,0.4080181121826172,-0.3019380569458008
0.5466951131820679,0.40267425775527954,-0.28184863924980164
0.5516353845596313,0.40288370847702026,-0.28184953331947327
0.5557823777198792,0.4030296206474304,-0.2818549573421478
0.5337669253349304,0.4030260145664215,-0.2793694734573364
0.5298697352409363,0.40345054864883423,-0.2793774902820587
0.5264006853103638,0.4036342203617096,-0.27932924032211304
0.5623586773872375,0.40658530592918396,-0.14687182009220123
0.5235788822174072,0.4069761633872986,-0.1361013948917389
0.5499879717826843,0.4145340323448181,-0.25099655985832214
0.5328955054283142,0.41458940505981445,-0.24808301031589508
0.6014053225517273,0.4412299692630768,-0.060117948800325394
0.4928091764450073,0.44090956449508667,-0.03703984618186951
0.6660439968109131,0.4671885073184967,-0.12449081987142563
0.4375620186328888,0.4661708474159241,-0.07193863391876221
0.6132402420043945,0.4841941297054291,-0.3367246091365814
0.4823705852031708,0.4828810691833496,-0.25524309277534485
0.5989967584609985,0.48898226022720337,-0.3887783885002136
0.49409157037734985,0.48743391036987305,-0.301566481590271
0.5934563279151917,0.48366817831993103,-0.3902917206287384
0.4996289908885956,0.4820147454738617,-0.3081711530685425
0.5970280766487122,0.481192022562027,-0.3402195870876312
0.4971632659435272,0.4800792634487152,-0.2607041597366333
0.5798507928848267,0.534079909324646,-0.005245153792202473
0.5148271918296814,0.5328692197799683,0.005094022024422884
0.5809551477432251,0.6060465574264526,0.002585356356576085
0.5136292576789856,0.6052533388137817,0.014264288358390331
0.5919390916824341,0.6700977087020874,0.20090433955192566
0.5060279965400696,0.6672597527503967,0.19868221879005432
0.5853884220123291,0.6774058938026428,0.21182656288146973
0.5112260580062866,0.6724776029586792,0.20900480449199677
0.5954927802085876,0.6908258199691772,0.04856942594051361
0.5036327838897705,0.6911982893943787,0.052186109125614166
-
0.5402696132659912,0.4079964756965637,-0.301874577999115
0.5467581152915955,0.4026547074317932,-0.28167644143104553
0.5516971349716187,0.4028632640838623,-0.28167757391929626
0.5558431148529053,0.4030090272426605,-0.28168272972106934
0.5338324904441833,0.4029976725578308,-0.27930283546447754
0.5299305319786072,0.4034264087677002,-0.2793107032775879
0.5264449715614319,0.4036110043525696,-0.2792626917362213
0.5624102354049683,0.4065675735473633,-0.1460837572813034
0.5236250758171082,0.40695104002952576,-0.13604231178760529
0.5500467419624329,0.41451573371887207,-0.25081342458724976
0.5329304337501526,0.41457048058509827,-0.24803526699543
0.6014574766159058,0.44121718406677246,-0.05890330299735069
0.49281442165374756,0.44088083505630493,-0.037005797028541565
0.6660488843917847,0.46718716621398926,-0.12343896925449371
0.43756377696990967,0.46616870164871216,-0.07219082862138748
0.6132691502571106,0.4841790199279785,-0.3365969955921173
0.48239102959632874,0.4828975796699524,-0.25598883628845215
0.5990278124809265,0.48898059129714966,-0.38879963755607605
0.494099885225296,0.4874391555786133,-0.302385151386261
0.5934674739837646,0.48366743326187134,-0.3903167247772217
0.4996359646320343,0.4820167124271393,-0.30890387296676636
0.5970385670661926,0.4811866879463196,-0.3401309847831726
0.4971712827682495,0.4800836443901062,-0.26144009828567505
0.5798444747924805,0.5340794324874878,-0.00499819265678525
0.5148176550865173,0.5328702330589294,0.004847266711294651
0.5809503197669983,0.6060363054275513,0.002604672685265541
0.5136597752571106,0.6052642464637756,0.013746785931289196
0.5919431447982788,0.6700913310050964,0.20089316368103027
0.5060329437255859,0.6672716736793518,0.19841516017913818
0.5853772163391113,0.6774058938026428,0.21180249750614166
0.511221170425415,0.6725085377693176,0.20872145891189575
0.5955670475959778,0.6908071041107178,0.04847240447998047
0.5036670565605164,0.6911892890930176,0.051491595804691315
-
0.5402911901473999,0.4079626202583313,-0.30181580781936646
0.5467814207077026,0.40263086557388306,-0.28160354495048523
0.55172199010849,0.4028393626213074,-0.2816045880317688
0.5558717250823975,0.40298739075660706,-0.2816096246242523
0.533875584602356,0.4029586911201477,-0.27923470735549927
0.5299739241600037,0.4033883512020111,-0.2792426347732544
0.5264766812324524,0.40357422828674316,-0.2791943848133087
0.562423050403595,0.4065563678741455,-0.1459374576807022
0.5236656665802002,0.40692368149757385,-0.13596048951148987
0.5500685572624207,0.41449078917503357,-0.25074008107185364
0.5329474210739136,0.4145430624485016,-0.24797992408275604
0.6014643311500549,0.44121208786964417,-0.058514367789030075
0.4928186237812042,0.4408683180809021,-0.0371878445148468
0.6660497188568115,0.46718597412109375,-0.1228644922375679
0.4375632405281067,0.46616697311401367,-0.07240355014801025
0.6132477521896362,0.4841691553592682,-0.3361268937587738
0.48239484429359436,0.4829064905643463,-0.2550017535686493
0.5990263223648071,0.488975465297699,-0.3885236382484436
0.4941067695617676,0.4874415993690491,-0.30117112398147583
0.5934534072875977,0.48365965485572815,-0.39004015922546387
0.4996457099914551,0.4820169508457184,-0.3080013692378998
0.5970232486724854,0.4811723828315735,-0.3397088646888733
0.4971788227558136,0.4800852835178375,-0.2605028748512268
0.5797999501228333,0.5340920686721802,-0.004538859706372023
0.5147836208343506,0.5328820943832397,0.004387379623949528
0.5809312462806702,0.6060354709625244,0.0026084119454026222
0.5136638283729553,0.6052733063697815,0.013071914203464985
0.5919387936592102,0.6700851321220398,0.20098251104354858
0.506015419960022,0.667289137840271,0.19839933514595032
0.585299551486969,0.6774041056632996,0.2119402289390564
0.5111725330352783,0.6725322008132935,0.2087046056985855
0.5958500504493713,0.690801739692688,0.048655662685632706
0.50367271900177,0.6911785006523132,0.051307614892721176
-
0.5403105020523071,0.4079333245754242,-0.3018883466720581
0.5468007326126099,0.4026119112968445,-0.2815866470336914
0.5517430901527405,0.4028208255767822,-0.2815878689289093
0.555896520614624,0.4029708504676819,-0.2815929353237152
0.5339129567146301,0.40292730927467346,-0.27927836775779724
0.5300124883651733,0.403357595205307,-0.27928635478019714
0.5265071988105774,0.40354427695274353,-0.27923834323883057
0.5624328255653381,0.4065490663051605,-0.14584344625473022
0.5237025618553162,0.40690097212791443,-0.13599355518817902
0.5500897169113159,0.4144698977470398,-0.2507432997226715
0.5329631567001343,0.41451993584632874,-0.24807749688625336
0.6014732718467712,0.4412077069282532,-0.05846858024597168
0.4928223490715027,0.44085797667503357,-0.03759186714887619
0.6660478115081787,0.4671853184700012,-0.12286504358053207
0.4375627338886261,0.466165155172348,-0.07245579361915588
0.6131967306137085,0.4841667115688324,-0.33617714047431946
0.48239952325820923,0.4829159379005432,-0.2548583447933197
0.5990158915519714,0.48897427320480347,-0.38865259289741516
0.49411284923553467,0.48744553327560425,-0.30097272992134094
0.5934174656867981,0.4836576581001282,-0.3901629149913788
0.4996541440486908,0.4820179045200348,-0.30793139338493347
0.5969845056533813,0.4811666011810303,-0.33977189660072327
0.497184157371521,0.4800879955291748,-0.260392963886261
0.5797549486160278,0.5341071486473083,-0.004229843150824308
0.5147494077682495,0.5329023599624634,0.004076957702636719
0.5809162855148315,0.6060317754745483,0.002665140898898244
0.5136809945106506,0.6052848100662231,0.012882254086434841
0.591931939125061,0.6700809597969055,0.20152035355567932
0.5060027837753296,0.6672921180725098,0.19862215220928192
0.5852296352386475,0.6774020791053772,0.21258613467216492
0.5111317038536072,0.6725386381149292,0.20901043713092804
0.5960338711738586,0.6907979249954224,0.04931773990392685
0.5036771297454834,0.6911706924438477,0.05142448842525482
-
0.5403375625610352,0.4079173505306244,-0.301868736743927
0.546834409236908,0.4026030898094177,-0.28154194355010986
0.5517756938934326,0.4028133451938629,-0.28154313564300537
0.5559293627738953,0.4029647707939148,-0.2815481722354889
0.5339592099189758,0.4029056429862976,-0.27924972772598267
0.5300558805465698,0.40333524346351624,-0.2792576849460602
0.5265393257141113,0.4035205841064453,-0.27920961380004883
0.5624437928199768,0.4065459370613098,-0.14572206139564514
0.5237324237823486,0.40687885880470276,-0.13599228858947754
0.550110399723053,0.41445955634117126,-0.2506989538669586
0.5329796075820923,0.4145057201385498,-0.24808275699615479
0.6014840602874756,0.44120511412620544,-0.05841241031885147
0.49282073974609375,0.4408513605594635,-0.037773437798023224
0.6660513281822205,0.4671848714351654,-0.12288717925548553
0.43756264448165894,0.4661635756492615,-0.07249575108289719
0.6131764054298401,0.4841445982456207,-0.3366212844848633
0.4824043810367584,0.48291873931884766,-0.2550140619277954
0.5990092158317566,0.4889654219150543,-0.3893372118473053
0.49411505460739136,0.4874471127986908,-0.3011448383331299
0.5933793187141418,0.4836428165435791,-0.3907944858074188
0.4996591806411743,0.4820176661014557,-0.30815231800079346
0.5969527959823608,0.48114147782325745,-0.34023839235305786
0.49719056487083435,0.4800885319709778,-0.26056602597236633
0.5797102451324463,0.5341190099716187,-0.004021067637950182
0.5147206783294678,0.5329241156578064,0.003867626190185547
0.5809013843536377,0.6060255169868469,0.0027495711110532284
0.513684868812561,0.6052973866462708,0.012738540768623352
0.5919302105903625,0.6700717806816101,0.2018098682165146
0.5059927701950073,0.6672974824905396,0.19866742193698883
0.5851840376853943,0.6774005889892578,0.21291577816009521
0.5111093521118164,0.6725465059280396,0.209075927734375
0.5962021350860596,0.6907945871353149,0.04975000023841858
0.5036806464195251,0.6911662220954895,0.05142965167760849
-
0.5404123663902283,0.4079139232635498,-0.30186429619789124
0.5469163060188293,0.40260013937950134,-0.28150394558906555
0.5518435835838318,0.4028104841709137,-0.28150516748428345
0.5559862852096558,0.40296173095703125,-0.2815101742744446
0.5340548157691956,0.40289491415023804,-0.27925390005111694
0.5301433205604553,0.4033258855342865,-0.2792617976665497
0.5266028642654419,0.40351128578186035,-0.27921372652053833
0.5624618530273438,0.40654247999191284,-0.14560247957706451
0.5237664580345154,0.4068656861782074,-0.1361357867717743
0.5501683950424194,0.41445642709732056,-0.2506643533706665
0.533038854598999,0.4145027995109558,-0.2481226623058319
0.6014935374259949,0.44120222330093384,-0.05829665809869766
0.49280980229377747,0.4408490061759949,-0.038031309843063354
0.666050910949707,0.467195987701416,-0.12277351319789886
0.4375702738761902,0.46616262197494507,-0.07257445901632309
0.6131397485733032,0.48413342237472534,-0.33662471175193787
0.48240789771080017,0.48294076323509216,-0.2552106976509094
0.5989898443222046,0.488957017660141,-0.3893829882144928
0.4941246807575226,0.4874562621116638,-0.3013639450073242
0.5933191776275635,0.48362722992897034,-0.390858918428421
0.49966853857040405,0.48201984167099,-0.3083947002887726
0.5969029068946838,0.48111996054649353,-0.3402475118637085
0.4971952736377716,0.480093389749527,-0.26077383756637573
0.5796679854393005,0.5341273546218872,-0.0038524032570421696
0.5146951079368591,0.5329328775405884,0.003699534572660923
0.5808941125869751,0.6060203313827515,0.0028373238164931536
0.5136898159980774,0.6053009629249573,0.012554917484521866
0.5919265747070312,0.6700563430786133,0.2017921656370163
0.5059804320335388,0.6673020124435425,0.19850902259349823
0.5851236581802368,0.677398145198822,0.21290317177772522
0.5110836625099182,0.6725532412528992,0.20890627801418304
0.5963418483734131,0.6907922029495239,0.04973550885915756
0.5036846399307251,0.6911630034446716,0.051169607788324356
-
0.5404821038246155,0.4079113006591797,-0.30171993374824524
0.5470101833343506,0.4025963842868805,-0.2812536358833313
0.5519255995750427,0.40280523896217346,-0.28125590085983276
0.5560551285743713,0.4029556214809418,-0.2812611162662506
0.5341536402702332,0.4028851091861725,-0.2791769802570343
0.5302320122718811,0.403315007686615,-0.27918460965156555
0.5266705751419067,0.403499037027359,-0.27913665771484375
0.5624905228614807,0.4065322279930115,-0.1449430137872696
0.5237971544265747,0.40684565901756287,-0.13615798950195312
0.5502249598503113,0.41445407271385193,-0.2504233121871948
0.533109724521637,0.41449910402297974,-0.24808859825134277
0.6015046238899231,0.4411979615688324,-0.05754741653800011
0.49278703331947327,0.4408453106880188,-0.038245994597673416
0.6660236120223999,0.4672265648841858,-0.12182587385177612
0.4375714957714081,0.46616894006729126,-0.07334405183792114
0.6131201982498169,0.4841296672821045,-0.3362492322921753
0.4824233949184418,0.48298048973083496,-0.25606217980384827
0.5989763736724854,0.4889555871486664,-0.38910385966300964
0.4941377341747284,0.4874737858772278,-0.3021768033504486
0.5932735800743103,0.4836147427558899,-0.39060384035110474
0.4996805489063263,0.48202428221702576,-0.30942752957344055
0.5968677401542664,0.4811013340950012,-0.3398922085762024
0.49720460176467896,0.48009854555130005,-0.2616696357727051
0.5796293616294861,0.534138560295105,-0.0035859455820173025
0.5146533846855164,0.5329524278640747,0.0034338990226387978
0.5808858871459961,0.6060066223144531,0.003419792279601097
0.5136891007423401,0.605309784412384,0.01239192858338356
0.5919213891029358,0.6700466275215149,0.20119160413742065
0.5059812664985657,0.667311429977417,0.1975374072790146
0.5850092172622681,0.6774028539657593,0.21208180487155914
0.511081874370575,0.672588050365448,0.20779253542423248
0.5965859889984131,0.6907881498336792,0.04942537844181061
0.5037044882774353,0.6911461353302002,0.05022115260362625
-
0.5405207872390747,0.4079420566558838,-0.30012673139572144
0.5471097230911255,0.40261563658714294,-0.2795538902282715
0.5519965291023254,0.402824729681015,-0.27955666184425354
0.556107223033905,0.4029715955257416,-0.27956220507621765
0.5342205166816711,0.40289241075515747,-0.27768924832344055
0.5302849411964417,0.4033174514770508,-0.2776954770088196
0.5267126560211182,0.4034973680973053,-0.27764585614204407
0.5625206828117371,0.4065365791320801,-0.14294949173927307
0.5238139033317566,0.40684205293655396,-0.1352306306362152
0.5502333641052246,0.414467990398407,-0.2487185299396515
0.5331255793571472,0.41450706124305725,-0.24668648838996887
0.6015120148658752,0.44119685888290405,-0.055713217705488205
0.49275991320610046,0.44084247946739197,-0.03763478249311447
0.6660130620002747,0.4672716557979584,-0.12125082314014435
0.437574177980423,0.4661681056022644,-0.0733862817287445
0.6131114959716797,0.48412400484085083,-0.33604925870895386
0.4824520945549011,0.4829840064048767,-0.25621479749679565
0.5989395380020142,0.4889485836029053,-0.38895779848098755
0.49414917826652527,0.4874747693538666,-0.3022731840610504
0.593199610710144,0.48358219861984253,-0.3903665840625763
0.4996867775917053,0.48201900720596313,-0.3094713091850281
0.5968207120895386,0.4810584485530853,-0.33966192603111267
0.4972163736820221,0.4800952970981598,-0.26177549362182617
0.5795887112617493,0.5341759920120239,-0.0034054915886372328
0.5146119594573975,0.5329726934432983,0.003256262047216296
0.5808477401733398,0.6060028076171875,0.003718235995620489
0.5136429071426392,0.6053214073181152,0.011880381964147091
0.5919216871261597,0.6700299978256226,0.1994914412498474
0.5059403777122498,0.6674249172210693,0.19409160315990448
0.5848281383514404,0.6774196028709412,0.21006956696510315
0.5110785961151123,0.6728296279907227,0.20393432676792145
0.5970474481582642,0.6907848119735718,0.04857942834496498
0.5035744309425354,0.6911748647689819,0.04672851413488388
-
0.5406159162521362,0.40798506140708923,-0.2997032701969147
0.5472846627235413,0.40264272689819336,-0.2791063189506531
0.5521143674850464,0.40285030007362366,-0.27910932898521423
0.5561854839324951,0.4029932916164398,-0.2791156470775604
0.5343445539474487,0.40290507674217224,-0.2773401141166687
0.53037428855896,0.40332549810409546,-0.27734532952308655
0.526774525642395,0.40350133180618286,-0.2772948145866394
0.5625455975532532,0.40654420852661133,-0.14239807426929474
0.5238279700279236,0.40683966875076294,-0.13513287901878357
0.5502661466598511,0.4145028591156006,-0.24824273586273193
0.5331640243530273,0.4145272374153137,-0.24635188281536102
0.6015059351921082,0.4411969780921936,-0.05518044903874397
0.49272146821022034,0.4408397078514099,-0.03731359541416168
0.666000247001648,0.4672999978065491,-0.12066687643527985
0.4375728666782379,0.46616774797439575,-0.0725213885307312
0.6130768060684204,0.48412051796913147,-0.33553820848464966
0.4824720025062561,0.4829902648925781,-0.2536497116088867
0.5988599061965942,0.4889427721500397,-0.3884585201740265
0.4941568672657013,0.487475723028183,-0.2991909682750702
0.5930651426315308,0.48355379700660706,-0.38981544971466064
0.4996912181377411,0.4820169508457184,-0.306404173374176
0.5967180132865906,0.48102426528930664,-0.33912384510040283
0.49722570180892944,0.4800944924354553,-0.25913113355636597
0.5795649886131287,0.5341974496841431,-0.0032394803129136562
0.5145813226699829,0.5329847931861877,0.0030928433407098055
0.5808276534080505,0.6059975624084473,0.0038738122675567865
0.5135913491249084,0.6053300499916077,0.01135733351111412
0.5919204950332642,0.6700117588043213,0.19834831357002258
0.5058974027633667,0.6675353646278381,0.19180552661418915
0.5846612453460693,0.6774250268936157,0.20879364013671875
0.5110730528831482,0.673072338104248,0.20146019756793976
0.597505509853363,0.6907820105552673,0.04794696718454361
0.5035112500190735,0.6911925673484802,0.04434022307395935
-
0.5406738519668579,0.4079846441745758,-0.2996320426464081
0.5473846793174744,0.4026411175727844,-0.2790081202983856
0.5521899461746216,0.4028487205505371,-0.27901116013526917
0.5562389492988586,0.40299171209335327,-0.27901771664619446
0.5344445705413818,0.40290355682373047,-0.277273952960968
0.5304569005966187,0.40332263708114624,-0.2772787809371948
0.5268273949623108,0.4034973978996277,-0.2772280275821686
0.562555193901062,0.4065428674221039,-0.1421136111021042
0.523845911026001,0.40683069825172424,-0.13509604334831238
0.5502833127975464,0.41450580954551697,-0.24811886250972748
0.5331917405128479,0.4145256578922272,-0.24628156423568726
0.6015005111694336,0.44119834899902344,-0.05479484796524048
0.49269556999206543,0.44083261489868164,-0.037146132439374924
0.6659801006317139,0.46733370423316956,-0.1204843819141388
0.43756625056266785,0.4661630690097809,-0.0720357596874237
0.6130176782608032,0.4841163754463196,-0.335546612739563
0.4824778139591217,0.48299354314804077,-0.2523309588432312
0.5987679958343506,0.4889366030693054,-0.3884753882884979
0.49415937066078186,0.48747625946998596,-0.2976967394351959
0.5928956270217896,0.4835360646247864,-0.3898218274116516
0.49969714879989624,0.4820149540901184,-0.30502554774284363
0.5965825319290161,0.48100605607032776,-0.3391328454017639
0.4972313642501831,0.4800928235054016,-0.25783100724220276
0.5795378684997559,0.5342097282409668,-0.0028769720811396837
0.5145655870437622,0.5329921841621399,0.002732885302975774
0.5808156132698059,0.6059866547584534,0.004124372731894255
0.5135573148727417,0.6053344011306763,0.010749529115855694
0.5919146537780762,0.6699890494346619,0.19837114214897156
0.5058629512786865,0.6676439046859741,0.19139331579208374
0.5844374299049377,0.6774251461029053,0.2088441401720047
0.5110694169998169,0.6733245253562927,0.20108143985271454
0.5979893803596497,0.690779447555542,0.04797692969441414
0.5034409165382385,0.6912264227867126,0.04365440830588341
-
0.540705680847168,0.4079093039035797,-0.29882457852363586
0.5474363565444946,0.40256133675575256,-0.278096079826355
0.5522364974021912,0.4027588963508606,-0.27809929847717285
0.5562728643417358,0.40291404724121094,-0.2781066596508026
0.5344971418380737,0.4028089940547943,-0.2763679623603821
0.5304991602897644,0.40321797132492065,-0.2763713598251343
0.5268406867980957,0.40339940786361694,-0.27632012963294983
0.5625580549240112,0.4064958989620209,-0.14122603833675385
0.523857593536377,0.4067405164241791,-0.13433188199996948
0.5502881407737732,0.4144638478755951,-0.24737873673439026
0.5331986546516418,0.41447171568870544,-0.24556337296962738
0.6014575362205505,0.44119730591773987,-0.054321277886629105
0.492646187543869,0.44082871079444885,-0.03631289675831795
0.665952742099762,0.46735280752182007,-0.11987108737230301
0.43754249811172485,0.4661601483821869,-0.06941741704940796
0.6129977107048035,0.48411354422569275,-0.33490464091300964
0.48248091340065,0.4829927980899811,-0.24729031324386597
0.5987256169319153,0.48892244696617126,-0.38791424036026
0.49415478110313416,0.48746901750564575,-0.29221004247665405
0.5928230285644531,0.4835084080696106,-0.38925856351852417
0.4997023344039917,0.48200416564941406,-0.29971960186958313
0.596525251865387,0.4809808135032654,-0.3384920358657837
0.49723756313323975,0.48008641600608826,-0.25281983613967896
0.5794932246208191,0.5342219471931458,-0.0025672914925962687
0.5145178437232971,0.5330038070678711,0.002423124387860298
0.580807626247406,0.6059804558753967,0.004226197022944689
0.5135473012924194,0.6053432822227478,0.010323172435164452
0.5919097661972046,0.6699681878089905,0.1985122263431549
0.5058442950248718,0.6676794290542603,0.19161425530910492
0.5842760801315308,0.6774246692657471,0.20902493596076965
0.5110654830932617,0.6734048128128052,0.20137926936149597
0.5984034538269043,0.6907774209976196,0.048389170318841934
0.5034014582633972,0.6912311315536499,0.043906133621931076
-
0.5406967401504517,0.4078604280948639,-0.2988106310367584
0.547429084777832,0.4025112986564636,-0.2780776917934418
0.5522330403327942,0.40270525217056274,-0.27808091044425964
0.5562769174575806,0.40286785364151,-0.27808839082717896
0.534498929977417,0.40275222063064575,-0.2763204872608185
0.5305009484291077,0.40314897894859314,-0.2763237953186035
0.5268391370773315,0.4033246636390686,-0.27627259492874146
0.5624905228614807,0.4064585268497467,-0.14123474061489105
0.5238639116287231,0.4066622853279114,-0.13420650362968445
0.5502505302429199,0.41443052887916565,-0.24737794697284698
0.5331668853759766,0.4144269526004791,-0.24553194642066956
0.6014082431793213,0.44119635224342346,-0.054340660572052
0.4925597310066223,0.44082576036453247,-0.036096036434173584
0.6659523248672485,0.4673779606819153,-0.11988143622875214
0.43751853704452515,0.4661594331264496,-0.06875947117805481
0.6129865050315857,0.4841097891330719,-0.3349180519580841
0.48246943950653076,0.48298531770706177,-0.24665671586990356
0.5986775159835815,0.4889155328273773,-0.38794535398483276
0.4941362142562866,0.48745980858802795,-0.2916472852230072
0.5927579402923584,0.48349374532699585,-0.3892897665500641
0.4997049868106842,0.4819907248020172,-0.29915380477905273
0.5964738130569458,0.48096853494644165,-0.3385046124458313
0.49724340438842773,0.4800771176815033,-0.2522192597389221
0.5794514417648315,0.5342451333999634,-0.0023546982556581497
0.5144752264022827,0.533031702041626,0.002209644764661789
0.5808020830154419,0.6059789657592773,0.004518564790487289
0.5135427117347717,0.6053618788719177,0.010308406315743923
0.5919083952903748,0.6699506044387817,0.20006760954856873
0.5058413147926331,0.6677115559577942,0.19205394387245178
0.5841694474220276,0.6774238348007202,0.2108410894870758
0.5111173391342163,0.6734985709190369,0.20188672840595245
0.598698616027832,0.6907714009284973,0.05042189359664917
0.5033725500106812,0.691236674785614,0.044254884123802185
-
0.5406743288040161,0.40781369805336,-0.2989448308944702
0.5474123954772949,0.40246009826660156,-0.27823033928871155
0.5522192120552063,0.4026443064212799,-0.27823343873023987
0.5562734603881836,0.40280991792678833,-0.2782411277294159
0.5344974398612976,0.40270256996154785,-0.2764303684234619
0.5305005311965942,0.4030861258506775,-0.27643337845802307
0.5268366932868958,0.4032554030418396,-0.2763822674751282
0.5623911619186401,0.4063951075077057,-0.1415521204471588
0.5238678455352783,0.4065890312194824,-0.1343069225549698
0.5502007603645325,0.41438618302345276,-0.2475714534521103
0.5331399440765381,0.4143741726875305,-0.24566365778446198
0.6013564467430115,0.4411945939064026,-0.05467401072382927
0.49249088764190674,0.4408223628997803,-0.03609233349561691
0.6659497618675232,0.46739912033081055,-0.11990848928689957
0.4374929964542389,0.4661616384983063,-0.06795579195022583
0.6129598617553711,0.48410725593566895,-0.33491411805152893
0.4824570417404175,0.482982873916626,-0.24507905542850494
0.5986216068267822,0.4889124035835266,-0.3879244029521942
0.4941224753856659,0.4874570965766907,-0.28984925150871277
0.5927003622055054,0.48348402976989746,-0.3892732858657837
0.49970749020576477,0.48198622465133667,-0.2973341941833496
0.5964281558990479,0.48095980286598206,-0.3384944796562195
0.49724841117858887,0.4800735414028168,-0.2506003975868225
0.5794140100479126,0.5342547297477722,-0.0022325986064970493
0.5144391655921936,0.5330482125282288,0.002086065476760268
0.5807992815971375,0.6059777736663818,0.004668212495744228
0.513521671295166,0.6053833961486816,0.010311578400433064
0.5919093489646912,0.6699384450912476,0.2009604126214981
0.5058391094207764,0.6677345037460327,0.19242829084396362
0.584101676940918,0.6774235963821411,0.21187971532344818
0.5111356377601624,0.6735552549362183,0.20232874155044556
0.5990183353424072,0.6907696723937988,0.05162134766578674
0.5033162236213684,0.6912404298782349,0.044687461107969284
-
0.5406357049942017,0.407789409160614,-0.2992188036441803
0.5473728775978088,0.40243586897850037,-0.2785859704017639
0.5521827936172485,0.40261417627334595,-0.27858850359916687
0.556252658367157,0.4027802348136902,-0.27859628200531006
0.5344893336296082,0.4026845097541809,-0.27665361762046814
0.5304986238479614,0.4030610918998718,-0.27665650844573975
0.5268372297286987,0.40322303771972656,-0.2766057252883911
0.5622951984405518,0.4063563942909241,-0.14235839247703552
0.5238817930221558,0.40654850006103516,-0.1344391256570816
0.550143301486969,0.41434964537620544,-0.24798685312271118
0.5331181883811951,0.41433602571487427,-0.24589823186397552
0.6013327240943909,0.4411936402320862,-0.05577235668897629
0.49244260787963867,0.4408201575279236,-0.03607306256890297
0.66595458984375,0.46741729974746704,-0.12043926119804382
0.4374643862247467,0.4661611020565033,-0.06670699268579483
0.6129187941551208,0.4841056764125824,-0.3349207639694214
0.48242148756980896,0.48296961188316345,-0.24275660514831543
0.5985695123672485,0.48890966176986694,-0.3879301846027374
0.4940873980522156,0.48745402693748474,-0.2873469293117523
0.5926443934440613,0.48348140716552734,-0.3892834484577179
0.4997037649154663,0.4819839596748352,-0.29487738013267517
0.5963848233222961,0.48095592856407166,-0.3385009169578552
0.49725019931793213,0.4800705015659332,-0.2482958883047104
0.5794007182121277,0.5342589616775513,-0.00223376858048141
0.5144273638725281,0.5330604314804077,0.0020871388260275126
0.5807942152023315,0.6059756875038147,0.004975446499884129
0.5135172009468079,0.605400025844574,0.010458314791321754
0.5919185876846313,0.669903039932251,0.20124410092830658
0.5058335065841675,0.667807936668396,0.1925409883260727
0.5840783715248108,0.6774160861968994,0.21217916905879974
0.5111668705940247,0.6737078428268433,0.2024070769548416
0.5992830395698547,0.6907700300216675,0.052024953067302704
0.5031198263168335,0.691268265247345,0.044901635497808456
-
0.5406315326690674,0.4077700674533844,-0.3004634976387024
0.5473645329475403,0.40241700410842896,-0.279958039522171
0.5521718263626099,0.4025915563106537,-0.2799603044986725
0.5562460422515869,0.40275758504867554,-0.279968798160553
0.5344915390014648,0.4026683270931244,-0.27790504693984985
0.5305045247077942,0.40304213762283325,-0.27790775895118713
0.5268436670303345,0.40319952368736267,-0.27785781025886536
0.5622164607048035,0.4063233733177185,-0.14409486949443817
0.5239026546478271,0.40650662779808044,-0.13565783202648163
0.5501244068145752,0.41432303190231323,-0.2493406981229782
0.5331183075904846,0.4143092632293701,-0.24710220098495483
0.601300835609436,0.44119158387184143,-0.057422176003456116
0.49240005016326904,0.44081783294677734,-0.03635101765394211
0.6660388112068176,0.46742135286331177,-0.12148377299308777
0.43743807077407837,0.46615782380104065,-0.06518293917179108
0.6128977537155151,0.48410600423812866,-0.33548763394355774
0.4824029207229614,0.48296791315078735,-0.23828479647636414
0.598498523235321,0.48890742659568787,-0.388334184885025
0.49406370520591736,0.4874534010887146,-0.28229254484176636
0.5925799608230591,0.4834776818752289,-0.38975000381469727
0.49970486760139465,0.48198333382606506,-0.29004767537117004
0.5963423848152161,0.48095279932022095,-0.3390413820743561
0.49725350737571716,0.4800701141357422,-0.24382129311561584
0.5793831944465637,0.5342627763748169,-0.0022332188673317432
0.5144181251525879,0.5330718755722046,0.0020864407997578382
0.5807898640632629,0.6059743165969849,0.005502871237695217
0.5135179162025452,0.6054189801216125,0.010901635512709618
0.591922402381897,0.6698926687240601,0.2023022174835205
0.5058367252349854,0.6678789258003235,0.19371768832206726
0.584040105342865,0.6774137616157532,0.21333108842372894
0.5112796425819397,0.6738422513008118,0.20365464687347412
0.5995213985443115,0.6907714009284973,0.053421199321746826
0.5029875636100769,0.6912943124771118,0.046421173959970474
-
0.540639340877533,0.40774741768836975,-0.30187132954597473
0.5473691821098328,0.4023935794830322,-0.2814290225505829
0.5521731376647949,0.4025638997554779,-0.2814309597015381
0.5562475323677063,0.40273037552833557,-0.2814396023750305
0.5345214605331421,0.40263524651527405,-0.27939242124557495
0.5305454730987549,0.4030013680458069,-0.27939555048942566
0.5268727540969849,0.4031551778316498,-0.27934664487838745
0.5621681809425354,0.40628695487976074,-0.14567267894744873
0.5239335894584656,0.40644747018814087,-0.1373489648103714
0.5501234531402588,0.41430145502090454,-0.25077003240585327
0.5331342220306396,0.4142841696739197,-0.24855618178844452
0.6012735366821289,0.44118356704711914,-0.0589132197201252
0.49235251545906067,0.44081583619117737,-0.03711245208978653
0.6661140322685242,0.46742329001426697,-0.12248917669057846
0.43737614154815674,0.46615737676620483,-0.06381859630346298
0.61283278465271,0.48410964012145996,-0.3363695442676544
0.48237481713294983,0.4829671382904053,-0.2335411012172699
0.5983867049217224,0.48890504240989685,-0.38908374309539795
0.4940313994884491,0.4874531328678131,-0.2769372761249542
0.5924699306488037,0.48347464203834534,-0.3905845284461975
0.4997035562992096,0.48198312520980835,-0.28490912914276123
0.59626305103302,0.48094820976257324,-0.33992016315460205
0.4972563087940216,0.4800705313682556,-0.23905177414417267
0.5793771147727966,0.5342768430709839,-0.002213193802163005
0.514414370059967,0.533087968826294,0.002065805019810796
0.5807872414588928,0.605973482131958,0.006231093313544989
0.5135323405265808,0.6054344177246094,0.011333722621202469
0.5919251441955566,0.6698828935623169,0.20376116037368774
0.5058355927467346,0.6679359078407288,0.19503317773342133
0.5839995741844177,0.6774092316627502,0.2148926556110382
0.5113471150398254,0.6739562153816223,0.2050587385892868
0.5996860861778259,0.6907706260681152,0.055031102150678635
0.5029011368751526,0.6913184523582458,0.047849953174591064
-
0.5406477451324463,0.40774431824684143,-0.3036743402481079
0.5473812818527222,0.4023914933204651,-0.28326669335365295
0.5521830916404724,0.40256190299987793,-0.2832690477371216
0.5562570691108704,0.4027274549007416,-0.2832777798175812
0.534538745880127,0.40263181924819946,-0.28134453296661377
0.5305621027946472,0.40299710631370544,-0.28134748339653015
0.5268811583518982,0.40314793586730957,-0.28129759430885315
0.5621606111526489,0.4062793254852295,-0.14715495705604553
0.5239397287368774,0.406426340341568,-0.1393725723028183
0.5501206517219543,0.414298951625824,-0.2523771822452545
0.5331381559371948,0.41428059339523315,-0.2503123879432678
0.6012508273124695,0.4411761164665222,-0.05978994816541672
0.49229252338409424,0.4408141076564789,-0.0381326824426651
0.6661524176597595,0.4674251973628998,-0.12302350252866745
0.4373437762260437,0.4661595821380615,-0.06353625655174255
0.6127723455429077,0.4841223657131195,-0.3374960720539093
0.4823739230632782,0.48298701643943787,-0.23285001516342163
0.5982922315597534,0.4889042377471924,-0.3902316093444824
0.49402570724487305,0.48745864629745483,-0.27621719241142273
0.5923794507980347,0.4834718108177185,-0.3918359875679016
0.4997059404850006,0.48198819160461426,-0.28421375155448914
0.5961846113204956,0.48094606399536133,-0.3410813808441162
0.49726375937461853,0.48007798194885254,-0.2383374720811844
0.5793702602386475,0.5342915654182434,-0.002165404614061117
0.5144085884094238,0.5331119894981384,0.0020174821838736534
0.5807842016220093,0.6059763431549072,0.007317854091525078
0.5135413408279419,0.605455219745636,0.01189744845032692
0.5919272899627686,0.6698715686798096,0.20563912391662598
0.5058445334434509,0.6679587960243225,0.1966109424829483
0.5839767456054688,0.6774049997329712,0.21686895191669464
0.5114440321922302,0.6740182638168335,0.20673300325870514
0.5999171137809753,0.6907747387886047,0.057005543261766434
0.5027868747711182,0.6913307309150696,0.04939353093504906
-
0.5406559705734253,0.4077426791191101,-0.3048790693283081
0.5473902821540833,0.40238842368125916,-0.28449583053588867
0.5521903038024902,0.40255898237228394,-0.2844982147216797
0.5562644600868225,0.4027247428894043,-0.28450730443000793
0.5345525741577148,0.40262866020202637,-0.28263676166534424
0.5305761694908142,0.4029942452907562,-0.28263986110687256
0.5268908143043518,0.4031449854373932,-0.2825900912284851
0.5621530413627625,0.4062747061252594,-0.14814111590385437
0.5239455103874207,0.4064117968082428,-0.14064735174179077
0.5501188635826111,0.4142971634864807,-0.253447562456131
0.5331436991691589,0.4142776429653168,-0.2514626383781433
0.6012352705001831,0.44116729497909546,-0.06024688482284546
0.49225157499313354,0.4408125877380371,-0.03896932676434517
0.6661927700042725,0.46742677688598633,-0.12309142202138901
0.43731456995010376,0.4661614000797272,-0.06343170255422592
0.6127132177352905,0.4841291904449463,-0.337518572807312
0.48237308859825134,0.48301011323928833,-0.23216046392917633
0.598205029964447,0.4889034330844879,-0.39025259017944336
0.494022399187088,0.4874665141105652,-0.27547499537467957
0.5922860503196716,0.4834696650505066,-0.3918737769126892
0.49970927834510803,0.4819933772087097,-0.2834888994693756
0.5961040258407593,0.4809451103210449,-0.3411071002483368
0.49727046489715576,0.4800843596458435,-0.2376236766576767
0.5793617367744446,0.5342995524406433,-0.002066669287160039
0.5144031643867493,0.5331271886825562,0.0019187465077266097
0.5807920694351196,0.6059795022010803,0.007612228859215975
0.5135530829429626,0.6054732799530029,0.011944911442697048
0.5919325351715088,0.6698606014251709,0.2061244398355484
0.5058515071868896,0.6679987907409668,0.19688576459884644
0.5839639902114868,0.6773971319198608,0.21737782657146454
0.5115042924880981,0.6740868091583252,0.2070329189300537
0.6001909375190735,0.6907788515090942,0.05742845684289932
0.5027182102203369,0.6913478970527649,0.04957902058959007
-
0.5406661629676819,0.40774768590927124,-0.30566704273223877
0.5474040508270264,0.40238603949546814,-0.28535211086273193
0.5522030591964722,0.402556836605072,-0.2853546738624573
0.5562756657600403,0.4027218818664551,-0.28536444902420044
0.5345638990402222,0.40262570977211,-0.28356391191482544
0.5305872559547424,0.4029913544654846,-0.2835671603679657
0.5268989205360413,0.40314117074012756,-0.28351709246635437
0.5621515512466431,0.40627193450927734,-0.14885345101356506
0.5239512324333191,0.4064094126224518,-0.14168080687522888
0.550119936466217,0.4142991900444031,-0.2541252672672272
0.5331493616104126,0.4142785668373108,-0.25222378969192505
0.6012327671051025,0.44115549325942993,-0.06031769514083862
0.4922082722187042,0.4408125877380371,-0.03987157717347145
0.6662603616714478,0.4674282968044281,-0.1229669377207756
0.4373064339160919,0.46616190671920776,-0.06326673924922943
0.6126861572265625,0.4841461181640625,-0.33722302317619324
0.48236969113349915,0.483029305934906,-0.2306528091430664
0.5981531143188477,0.4889072775840759,-0.38989290595054626
0.49401888251304626,0.48747310042381287,-0.2737140357494354
0.5922250747680664,0.4834729731082916,-0.3915516436100006
0.4997106194496155,0.48199430108070374,-0.28176143765449524
0.5960506796836853,0.48095273971557617,-0.3408077657222748
0.4972732961177826,0.48008647561073303,-0.2360634207725525
0.5793548822402954,0.5343080759048462,-0.0018299680668860674
0.514390230178833,0.5331460237503052,0.0016830598469823599
0.5808044075965881,0.6059847474098206,0.00788802094757557
0.5135549306869507,0.6055038571357727,0.011910540983080864
0.5919330716133118,0.6698559522628784,0.20634736120700836
0.5058721899986267,0.6680223345756531,0.19687709212303162
0.5839212536811829,0.6773961186408997,0.2176048308610916
0.5115954279899597,0.674127459526062,0.20702578127384186
0.6004787087440491,0.6907857656478882,0.05779588595032692
0.5026772618293762,0.6913708448410034,0.04956420138478279
-
0.5406709909439087,0.4077557623386383,-0.30566781759262085
0.5474081039428711,0.40238580107688904,-0.2854313850402832
0.5522065758705139,0.402557373046875,-0.2854340970516205
0.5562788844108582,0.40272092819213867,-0.28544437885284424
0.5345690250396729,0.4026256203651428,-0.28363463282585144
0.5305933952331543,0.4029911160469055,-0.2836377024650574
0.5269057154655457,0.4031386375427246,-0.28358718752861023
0.5621476769447327,0.4062689244747162,-0.14914177358150482
0.5239568948745728,0.40640535950660706,-0.1419207751750946
0.550119936466217,0.4143027365207672,-0.25415563583374023
0.5331527590751648,0.4142816960811615,-0.25224125385284424
0.6012311577796936,0.4411455988883972,-0.06034497171640396
0.4921799898147583,0.4408126473426819,-0.03992587327957153
0.6662957668304443,0.4674299657344818,-0.12204712629318237
0.4373025596141815,0.46616068482398987,-0.0601658821105957
0.6126679182052612,0.4841567873954773,-0.33511385321617126
0.48236343264579773,0.48304659128189087,-0.2234434336423874
0.5981279611587524,0.48890846967697144,-0.38744214177131653
0.4940081238746643,0.4874781668186188,-0.2657563388347626
0.5921961665153503,0.483473002910614,-0.38926759362220764
0.4997095465660095,0.4819951057434082,-0.2740352749824524
0.596017599105835,0.4809560179710388,-0.33870628476142883
0.4972760081291199,0.48008888959884644,-0.22884604334831238
0.5793490409851074,0.5343185067176819,-0.0017626991029828787
0.5143839716911316,0.5331662893295288,0.0016164537519216537
0.5808131098747253,0.6059955358505249,0.007864941842854023
0.5135596990585327,0.6055254936218262,0.011851223185658455
0.5919345617294312,0.6698516011238098,0.20620372891426086
0.505890429019928,0.6680268049240112,0.1968638151884079
0.5839174389839172,0.6773956418037415,0.2174353450536728
0.5116509199142456,0.6741282343864441,0.2070206254720688
0.600633978843689,0.6907947659492493,0.05755467340350151
0.5025965571403503,0.6913889646530151,0.04955321550369263
-
0.5406767725944519,0.4077621102333069,-0.30565616488456726
0.5474115014076233,0.40238553285598755,-0.2854309678077698
0.5522086024284363,0.40255776047706604,-0.2854337990283966
0.5562809705734253,0.40272003412246704,-0.2854442298412323
0.5345761775970459,0.4026253819465637,-0.2836425006389618
0.5306020975112915,0.4029907286167145,-0.28364551067352295
0.526915967464447,0.40313640236854553,-0.28359487652778625
0.5621403455734253,0.40626662969589233,-0.1490980088710785
0.5239608883857727,0.40640267729759216,-0.14190621674060822
0.5501201152801514,0.4143047332763672,-0.25412246584892273
0.533158540725708,0.4142836630344391,-0.2522142231464386
0.6012295484542847,0.4411337971687317,-0.06028864532709122
0.492156445980072,0.44081300497055054,-0.039917152374982834
0.6663171052932739,0.4674287736415863,-0.12137892097234726
0.43729862570762634,0.466158390045166,-0.05953949689865112
0.6126419901847839,0.48416557908058167,-0.33432772755622864
0.48235076665878296,0.48305001854896545,-0.22355331480503082
0.5980961918830872,0.4889093339443207,-0.3867185711860657
0.4939887225627899,0.48748311400413513,-0.2661566138267517
0.5921668410301208,0.48347219824790955,-0.3885854184627533
0.4996996521949768,0.48199668526649475,-0.2744680941104889
0.5959852933883667,0.4809569716453552,-0.3379487097263336
0.4972739815711975,0.48009076714515686,-0.22900645434856415
0.5793449878692627,0.5343281626701355,-0.0016372581012547016
0.5143797993659973,0.5331902503967285,0.0014919732930138707
0.580832839012146,0.60600745677948,0.007845418527722359
0.5135722756385803,0.6055431365966797,0.01170829776674509
0.5919362306594849,0.6698482632637024,0.20621420443058014
0.5059124231338501,0.668030321598053,0.19687144458293915
0.5839134454727173,0.6773949861526489,0.2174663543701172
0.5117053985595703,0.6741296052932739,0.20704513788223267
0.6007632613182068,0.6908107995986938,0.057581234723329544
0.5025355219841003,0.6914174556732178,0.04956161603331566
-
0.5406792759895325,0.4077661633491516,-0.30557918548583984
0.5474127531051636,0.4023853838443756,-0.28535962104797363
0.5522097945213318,0.4025583863258362,-0.2853625416755676
0.5562826991081238,0.40271949768066406,-0.28537315130233765
0.5345792770385742,0.40262603759765625,-0.283564954996109
0.5306069254875183,0.4029912054538727,-0.28356799483299255
0.5269246697425842,0.403134822845459,-0.2835175096988678
0.562130331993103,0.40626469254493713,-0.14905183017253876
0.5239648818969727,0.40639981627464294,-0.14181773364543915
0.5501197576522827,0.4143054485321045,-0.25405141711235046
0.533162534236908,0.4142846167087555,-0.2521335184574127
0.601227343082428,0.4411223828792572,-0.060240406543016434
0.49214109778404236,0.4408124089241028,-0.0398966483771801
0.6663295030593872,0.46742740273475647,-0.12057343870401382
0.4373011589050293,0.4661513864994049,-0.05869555100798607
0.612590491771698,0.48417267203330994,-0.3325985372066498
0.4823471009731293,0.48305368423461914,-0.2218235433101654
0.5980602502822876,0.4889112412929535,-0.3849699795246124
0.49398210644721985,0.4874926507472992,-0.2643929719924927
0.592130184173584,0.48347336053848267,-0.38702675700187683
0.49969515204429626,0.48200663924217224,-0.2729026675224304
0.5959421396255493,0.4809606075286865,-0.33630380034446716
0.49727311730384827,0.4800974726676941,-0.22736400365829468
0.5793394446372986,0.534338653087616,-0.0015417943941429257
0.5143754482269287,0.5332061648368835,0.0013976666377857327
0.5808528065681458,0.6060260534286499,0.007740626577287912
0.5135745406150818,0.6055585741996765,0.011491028591990471
0.5919397473335266,0.6698455214500427,0.2061372548341751
0.5059249401092529,0.6680312156677246,0.19686439633369446
0.5839093327522278,0.67739337682724,0.21738503873348236
0.5117258429527283,0.674116849899292,0.20704267919063568
0.6008461117744446,0.6908203363418579,0.05745375528931618
0.5025085210800171,0.6914288401603699,0.04955478385090828
-
0.5406809449195862,0.4077708125114441,-0.3055112361907959
0.5474136471748352,0.4023861289024353,-0.2853282392024994
0.5522103905677795,0.40256014466285706,-0.28533145785331726
0.5562836527824402,0.4027198851108551,-0.2853425145149231
0.5345817804336548,0.40262874960899353,-0.2835339307785034
0.5306107401847839,0.4029938280582428,-0.28353697061538696
0.526932954788208,0.4031350016593933,-0.283486545085907
0.5621243715286255,0.406262069940567,-0.14895910024642944
0.5239710211753845,0.40639638900756836,-0.1417100578546524
0.550119161605835,0.4143061637878418,-0.2539278566837311
0.5331653952598572,0.41428661346435547,-0.2520032525062561
0.6012256741523743,0.4411112666130066,-0.05998878926038742
0.49213388562202454,0.44081181287765503,-0.03966561332345009
0.666333019733429,0.4674261510372162,-0.1200835257768631
0.4373065233230591,0.46614891290664673,-0.059082671999931335
0.6125237345695496,0.4841805100440979,-0.332139790058136
0.4823274314403534,0.48305386304855347,-0.22196267545223236
0.5980237126350403,0.488913357257843,-0.38461756706237793
0.4939703643321991,0.48749756813049316,-0.264793336391449
0.5920972228050232,0.4834732413291931,-0.38672494888305664
0.4996882975101471,0.48201102018356323,-0.2737084925174713
0.5959036946296692,0.48096132278442383,-0.3358796536922455
0.4972692131996155,0.4800988733768463,-0.22764211893081665
0.5793328285217285,0.5343472957611084,-0.0015238336054608226
0.5143706798553467,0.5332260727882385,0.0013803119072690606
0.5808671116828918,0.6060341000556946,0.007309211418032646
0.5135754346847534,0.6055799722671509,0.011123742908239365
0.5919460654258728,0.6698423624038696,0.20576177537441254
0.5059579014778137,0.6680335998535156,0.19650961458683014
0.5839071869850159,0.6773927807807922,0.21701686084270477
0.5117642879486084,0.674111545085907,0.20669710636138916
0.6008924841880798,0.6908344626426697,0.05700838938355446
0.5024985671043396,0.691444993019104,0.04915038123726845
-
0.5406818985939026,0.40777382254600525,-0.30495551228523254
0.5474079251289368,0.4023868441581726,-0.28487274050712585
0.5522062182426453,0.4025617241859436,-0.28487664461135864
0.5562809705734253,0.40272027254104614,-0.28488826751708984
0.5345830321311951,0.40263327956199646,-0.2830210030078888
0.5306142568588257,0.4029982089996338,-0.28302425146102905
0.5269364714622498,0.40313681960105896,-0.2829740643501282
0.5621192455291748,0.40626034140586853,-0.1485200673341751
0.5239757895469666,0.4063943922519684,-0.1409517079591751
0.5501176714897156,0.4143061637878418,-0.25332343578338623
0.5331669449806213,0.41428834199905396,-0.25129973888397217
0.6012252569198608,0.44110217690467834,-0.05920560657978058
0.4921288788318634,0.44081124663352966,-0.03880585357546806
0.6663333773612976,0.46742621064186096,-0.1184169128537178
0.43731728196144104,0.4661404490470886,-0.05698402598500252
0.6124755144119263,0.48418721556663513,-0.33005431294441223
0.4823004901409149,0.4830511510372162,-0.2206011861562729
0.5980056524276733,0.48891496658325195,-0.38259366154670715
0.493950217962265,0.4875006079673767,-0.26348447799682617
0.592082142829895,0.4834727346897125,-0.38492313027381897
0.49966830015182495,0.4820149838924408,-0.272352397441864
0.5958775281906128,0.48096132278442383,-0.33391082286834717
0.4972535967826843,0.4800998568534851,-0.22632996737957
0.5793273448944092,0.5343670845031738,-0.0014592402148991823
0.5143669843673706,0.5332506895065308,0.0013173199258744717
0.5808840990066528,0.6060498952865601,0.00691180769354105
0.5135753750801086,0.6056005954742432,0.010669754818081856
0.5919578671455383,0.6698354482650757,0.205687016248703
0.5059772729873657,0.668033242225647,0.1964855194091797
0.5839129686355591,0.6773874759674072,0.21697762608528137
0.5117852687835693,0.6740802526473999,0.20668886601924896
0.6010051965713501,0.690848708152771,0.05690150335431099
0.502483606338501,0.6914666891098022,0.04910046234726906
-
0.5406833291053772,0.40777865052223206,-0.30449801683425903
0.5474072098731995,0.40238967537879944,-0.284434974193573
0.5522057414054871,0.40256547927856445,-0.28443923592567444
0.556280791759491,0.4027223587036133,-0.28445106744766235
0.5345854163169861,0.4026409983634949,-0.2825961709022522
0.5306167602539062,0.4030059278011322,-0.2825997471809387
0.5269432067871094,0.40314188599586487,-0.2825504541397095
0.5621173977851868,0.4062579274177551,-0.1479053944349289
0.5239808559417725,0.4063943028450012,-0.14038017392158508
0.5501182079315186,0.41430601477622986,-0.25277721881866455
0.5331703424453735,0.4142899513244629,-0.2507616877555847
0.6012245416641235,0.441092312335968,-0.05825579911470413
0.49212446808815,0.4408107399940491,-0.03841787576675415
0.6663243770599365,0.46742337942123413,-0.11699900031089783
0.43735814094543457,0.4661259055137634,-0.05676915869116783
0.6124408841133118,0.48419275879859924,-0.32854723930358887
0.48224198818206787,0.48302578926086426,-0.22118999063968658
0.5980009436607361,0.48891568183898926,-0.3812168538570404
0.4939301013946533,0.48750218749046326,-0.26421886682510376
0.5920774340629578,0.48347169160842896,-0.3836177885532379
0.49965694546699524,0.4820156693458557,-0.27305856347084045
0.5958622097969055,0.4809610843658447,-0.3324698209762573
0.497241348028183,0.4800989627838135,-0.22694019973278046
0.5793273448944092,0.5343841314315796,-0.0012910633813589811
0.5143626928329468,0.5332712531089783,0.0011514928191900253
0.5809000730514526,0.6060571074485779,0.0067004794254899025
0.5135776996612549,0.6056069135665894,0.009994369931519032
0.5919654369354248,0.6698285341262817,0.20544926822185516
0.5060089826583862,0.668022871017456,0.19628344476222992
0.5839211344718933,0.6773823499679565,0.21674732863903046
0.511810302734375,0.6740257143974304,0.2065209299325943
0.6010849475860596,0.6908572912216187,0.0564064122736454
0.5024802684783936,0.6914695501327515,0.048704009503126144
-
0.5406846404075623,0.4077848792076111,-0.30403199791908264
0.547404408454895,0.4023941457271576,-0.2839314639568329
0.5522041916847229,0.4025711417198181,-0.2839363217353821
0.5562798976898193,0.40272626280784607,-0.2839486002922058
0.5345872640609741,0.4026496410369873,-0.2820495367050171
0.5306196212768555,0.40301400423049927,-0.2820531725883484
0.5269485712051392,0.4031471312046051,-0.2820040285587311
0.5621156692504883,0.4062557816505432,-0.14718221127986908
0.5239855647087097,0.406394898891449,-0.1394343078136444
0.5501181483268738,0.41430598497390747,-0.2522507309913635
0.5331729650497437,0.41429203748703003,-0.2501804530620575
0.6012243032455444,0.4410851001739502,-0.057751189917325974
0.49211761355400085,0.4408096671104431,-0.037882838398218155
0.6663141250610352,0.46741819381713867,-0.11714538931846619
0.4374270439147949,0.46610164642333984,-0.057075001299381256
0.6124315857887268,0.4841938614845276,-0.3289831280708313
0.4821540415287018,0.48296022415161133,-0.22251446545124054
0.5979918837547302,0.4889153838157654,-0.3820866346359253
0.4938897490501404,0.4875030517578125,-0.26623547077178955
0.5920680165290833,0.48346662521362305,-0.38456955552101135
0.49963679909706116,0.4820161759853363,-0.27536851167678833
0.5958545207977295,0.48095712065696716,-0.3330102562904358
0.49722158908843994,0.4800952970981598,-0.228538379073143
0.5793241262435913,0.5343983769416809,-0.0011761016212403774
0.5143558382987976,0.5332849621772766,0.0010370417730882764
0.5809186100959778,0.6060659885406494,0.006005836185067892
0.5135848522186279,0.605614185333252,0.009464562870562077
0.5919696092605591,0.6698224544525146,0.20562316477298737
0.5060478448867798,0.6680072546005249,0.19653773307800293
0.5839282274246216,0.6773759126663208,0.21704785525798798
0.5118370652198792,0.6739523410797119,0.2069196105003357
0.6011407375335693,0.6908612847328186,0.0565163716673851
0.5024887323379517,0.6914726495742798,0.04888336360454559
-
0.5406960844993591,0.4077991545200348,-0.3037782907485962
0.5474100708961487,0.40241068601608276,-0.28359413146972656
0.5522080063819885,0.40258997678756714,-0.2835996747016907
0.556282103061676,0.4027411937713623,-0.2836124897003174
0.5345971584320068,0.4026718735694885,-0.28173303604125977
0.5306363105773926,0.40303587913513184,-0.2817367613315582
0.5269749760627747,0.40316614508628845,-0.2816881835460663
0.5621194839477539,0.40625691413879395,-0.1464121788740158
0.5239992737770081,0.4064054489135742,-0.13877439498901367
0.5501317977905273,0.414306640625,-0.2518773674964905
0.5331960320472717,0.4142966866493225,-0.24983090162277222
0.6012282967567444,0.44108232855796814,-0.05697585269808769
0.49211180210113525,0.4408051073551178,-0.03771374374628067
0.6663150191307068,0.46741238236427307,-0.11724886298179626
0.43748748302459717,0.46608391404151917,-0.05787746608257294
0.6124215126037598,0.4841960370540619,-0.3299546539783478
0.4820907711982727,0.4828982949256897,-0.22631952166557312
0.5979905724525452,0.48891669511795044,-0.38361507654190063
0.4938722848892212,0.4875040054321289,-0.2707592248916626
0.5920642614364624,0.48346513509750366,-0.3860991597175598
0.49963104724884033,0.4820168912410736,-0.27992480993270874
0.5958447456359863,0.4809552729129791,-0.33409619331359863
0.49721404910087585,0.48009219765663147,-0.232488214969635
0.5793177485466003,0.5344370603561401,-0.0009199882624670863
0.5143443942070007,0.533315122127533,0.0007820358732715249
0.5809294581413269,0.6060805916786194,0.005424353759735823
0.5135830640792847,0.6056228876113892,0.00887494906783104
0.5919712781906128,0.6698134541511536,0.2065725475549698
0.5060614943504333,0.667987048625946,0.1972648799419403
0.5839360952377319,0.6773638725280762,0.218282088637352
0.5118407607078552,0.6738685369491577,0.20788563787937164
0.6011979579925537,0.6908630132675171,0.05736749991774559
0.5024883151054382,0.6914718151092529,0.049369823187589645
-
0.5407118797302246,0.4078119695186615,-0.30314651131629944
0.5474189519882202,0.4024246335029602,-0.2828405499458313
0.5522139668464661,0.4026051163673401,-0.2828466594219208
0.556286096572876,0.40275293588638306,-0.2828599810600281
0.534608006477356,0.40269050002098083,-0.2810487747192383
0.5306521058082581,0.4030546545982361,-0.2810523808002472
0.52699875831604,0.4031829833984375,-0.2810036242008209
0.5621233582496643,0.406257688999176,-0.1452920287847519
0.5240110158920288,0.4064170718193054,-0.1379828155040741
0.5501511693000793,0.41430726647377014,-0.2511405646800995
0.5332228541374207,0.41430121660232544,-0.24918003380298615
0.6012311577796936,0.44107991456985474,-0.05593327432870865
0.4921073019504547,0.44080400466918945,-0.037504538893699646
0.6663117408752441,0.46740633249282837,-0.1171262338757515
0.4375505745410919,0.46606627106666565,-0.05828635022044182
0.6124155521392822,0.4841992259025574,-0.3300870358943939
0.48207059502601624,0.4828483462333679,-0.2276391088962555
0.5980009436607361,0.48891860246658325,-0.383987158536911
0.49386945366859436,0.487504780292511,-0.27221110463142395
0.5920726656913757,0.4834636151790619,-0.38641971349716187
0.4996299743652344,0.4820172190666199,-0.28129228949546814
0.5958412885665894,0.4809536933898926,-0.33428099751472473
0.4972136318683624,0.4800876975059509,-0.23380380868911743
0.5793073177337646,0.5344625115394592,-0.0006890455260872841
0.5143350958824158,0.5333448648452759,0.0005518922116607428
0.5809563398361206,0.6060887575149536,0.00485826563090086
0.5135803818702698,0.6056316494941711,0.008382169529795647
0.5919729471206665,0.6698107719421387,0.2067333459854126
0.506070613861084,0.6679521799087524,0.19761863350868225
0.5839381217956543,0.6773620843887329,0.2185066193342209
0.5118469595909119,0.6737657785415649,0.20836453139781952
0.6012206077575684,0.6908647418022156,0.05751767009496689
0.5024847984313965,0.6914733648300171,0.049741510301828384
-
0.5407293438911438,0.4078207015991211,-0.3028523921966553
0.5474326610565186,0.40243443846702576,-0.28250837326049805
0.5522232055664062,0.4026157855987549,-0.2825150787830353
0.5562929511070251,0.40276116132736206,-0.28252869844436646
0.5346235632896423,0.402702659368515,-0.2807650864124298
0.5306718349456787,0.4030672013759613,-0.2807687222957611
0.5270268321037292,0.4031940996646881,-0.28072023391723633
0.5621308088302612,0.40625834465026855,-0.14482662081718445
0.5240277051925659,0.40642350912094116,-0.13774368166923523
0.5501716732978821,0.4143074154853821,-0.25079238414764404
0.533250629901886,0.4143036901950836,-0.24889995157718658
0.6012346744537354,0.44107627868652344,-0.05543822795152664
0.4921032786369324,0.4407980442047119,-0.03745860606431961
0.6663119196891785,0.46740418672561646,-0.1170768067240715
0.4376353919506073,0.4660007059574127,-0.05843367055058479
0.6124244928359985,0.48420366644859314,-0.3305395245552063
0.4820457100868225,0.4827882647514343,-0.22727328538894653
0.5980294346809387,0.48892083764076233,-0.38459914922714233
0.49385660886764526,0.4875051975250244,-0.2715412378311157
0.5921049118041992,0.48346272110939026,-0.38695529103279114
0.4996234178543091,0.4820173680782318,-0.2806571424007416
0.5958542823791504,0.4809522032737732,-0.33475711941719055
0.4972078502178192,0.4800819456577301,-0.23338253796100616
0.5793019533157349,0.5344826579093933,-0.000492448452860117
0.5143263936042786,0.5333685874938965,0.00035588807077147067
0.580965518951416,0.606096088886261,0.004637998063117266
0.5135775208473206,0.6056386828422546,0.00822843424975872
0.5919743180274963,0.6698068380355835,0.2071346938610077
0.506090521812439,0.6679085493087769,0.19849294424057007
0.583942174911499,0.6773632168769836,0.21900230646133423
0.5118513107299805,0.673646092414856,0.20941060781478882
0.6012342572212219,0.6908661127090454,0.058013591915369034
0.5024842023849487,0.6914728283882141,0.05078864470124245
-
0.5407570600509644,0.4078342020511627,-0.3024567663669586
0.5474559664726257,0.40244755148887634,-0.2820577323436737
0.5522379279136658,0.40262946486473083,-0.28206491470336914
0.5563029050827026,0.4027717113494873,-0.2820788621902466
0.5346469283103943,0.40271711349487305,-0.2804014980792999
0.5306978225708008,0.4030812680721283,-0.28040510416030884
0.527058482170105,0.40320640802383423,-0.28035658597946167
0.5621373653411865,0.4062594771385193,-0.1441023051738739
0.5240410566329956,0.4064295291900635,-0.13744035363197327
0.550195038318634,0.4143080711364746,-0.25029054284095764
0.533286988735199,0.4143064618110657,-0.2485194355249405
0.6012355089187622,0.4410720765590668,-0.054529063403606415
0.49209949374198914,0.4407951235771179,-0.037275657057762146
0.6663110256195068,0.46740126609802246,-0.11628680676221848
0.43769407272338867,0.4659554362297058,-0.05803563445806503
0.6124223470687866,0.4842073917388916,-0.3306431472301483
0.4820409119129181,0.48275986313819885,-0.22534793615341187
0.5980450510978699,0.4889233112335205,-0.38463103771209717
0.4938502311706543,0.48750561475753784,-0.2692127823829651
0.5921245217323303,0.4834617078304291,-0.38697269558906555
0.49961990118026733,0.4820180833339691,-0.27851468324661255
0.5958591103553772,0.4809505343437195,-0.33482906222343445
0.497205525636673,0.48008084297180176,-0.2314402014017105
0.5792983770370483,0.5345011353492737,-0.00033114603138528764
0.5143178105354309,0.5333889126777649,0.00019641885592136532
0.5809735059738159,0.6061080694198608,0.0044851768761873245
0.5135666728019714,0.6056482791900635,0.008007314056158066
0.5919758081436157,0.6698085069656372,0.20715001225471497
0.5060973763465881,0.6678993701934814,0.19859524071216583
0.5839425325393677,0.6773804426193237,0.21900831162929535
0.511856734752655,0.6736035346984863,0.2095135748386383
0.60124272108078,0.6908699870109558,0.05799253657460213
0.502483606338501,0.6914740204811096,0.050835020840168
-
0.54076087474823,0.40783920884132385,-0.3028431832790375
0.5474584102630615,0.4024531841278076,-0.28241103887557983
0.552240788936615,0.40263551473617554,-0.2824183702468872
0.556306004524231,0.402776300907135,-0.28243252635002136
0.5346493721008301,0.402724027633667,-0.2808169424533844
0.5307021141052246,0.40308767557144165,-0.2808205485343933
0.5270656943321228,0.40321144461631775,-0.28077220916748047
0.5621477961540222,0.40625959634780884,-0.14424729347229004
0.5240474939346313,0.40643343329429626,-0.1378563791513443
0.5501980781555176,0.41430801153182983,-0.25058409571647644
0.5332924127578735,0.41430750489234924,-0.24889174103736877
0.6012399196624756,0.44106921553611755,-0.05454332008957863
0.4920967221260071,0.4407901167869568,-0.03778468444943428
0.6663178205490112,0.4674007296562195,-0.11566543579101562
0.43773573637008667,0.46592554450035095,-0.05813082680106163
0.6124193668365479,0.48421281576156616,-0.32998359203338623
0.48204150795936584,0.48276370763778687,-0.22399313747882843
0.5980532169342041,0.48892512917518616,-0.3838476836681366
0.49385160207748413,0.48752155900001526,-0.2674998641014099
0.59212726354599,0.48346108198165894,-0.3861568570137024
0.4996277689933777,0.48204049468040466,-0.2768263518810272
0.595856249332428,0.4809507429599762,-0.33413007855415344
0.4972130358219147,0.480095237493515,-0.2299984246492386
0.5792948603630066,0.5345072746276855,4.233414074406028e-05
0.5143074989318848,0.533392608165741,-0.0001768489892128855
0.58097904920578,0.6061159372329712,0.004490479361265898
0.5135636925697327,0.605660080909729,0.007799259386956692
0.5919755697250366,0.6698063015937805,0.20733340084552765
0.5061002373695374,0.6678783893585205,0.1987212896347046
0.5839424729347229,0.6773841381072998,0.219196617603302
0.5118603706359863,0.6735366582870483,0.20966053009033203
0.6013121604919434,0.6908780336380005,0.05810944363474846
0.5024828314781189,0.6914748549461365,0.05088559910655022
-
0.540764331817627,0.40784400701522827,-0.3034665584564209
0.5474599599838257,0.402459055185318,-0.2830032706260681
0.5522423982620239,0.4026415944099426,-0.2830107510089874
0.5563076138496399,0.40278077125549316,-0.2830254137516022
0.5346522331237793,0.4027312397956848,-0.2814895510673523
0.5307074785232544,0.40309420228004456,-0.2814933657646179
0.5270751714706421,0.40321654081344604,-0.2814459800720215
0.562153160572052,0.40625959634780884,-0.1445898711681366
0.5240554213523865,0.4064370095729828,-0.1385534107685089
0.5501994490623474,0.41430792212486267,-0.2510911822319031
0.5332987308502197,0.4143086373806,-0.24949905276298523
0.6012440919876099,0.44106602668762207,-0.054574787616729736
0.49209290742874146,0.4407857060432434,-0.038455165922641754
0.6663234829902649,0.46740031242370605,-0.11404910683631897
0.4377819895744324,0.4658762812614441,-0.05749742314219475
0.6124202013015747,0.4842158854007721,-0.32639607787132263
0.4820834696292877,0.4828013479709625,-0.21843460202217102
0.5980543494224548,0.4889269769191742,-0.3798748850822449
0.4938865602016449,0.4875483512878418,-0.2612452208995819
0.592126190662384,0.48346051573753357,-0.3823436200618744
0.49966350197792053,0.48207417130470276,-0.270872563123703
0.5958537459373474,0.48095065355300903,-0.3305439054965973
0.49724090099334717,0.480125367641449,-0.22441035509109497
0.5792914628982544,0.534511148929596,0.00031916837906464934
0.5142990946769714,0.5333971381187439,-0.00045237780432216823
0.580981969833374,0.606118381023407,0.004441095981746912
0.5135597586631775,0.6056643724441528,0.007536075543612242
0.5919659733772278,0.6698053479194641,0.20731288194656372
0.5061039924621582,0.6678505539894104,0.19875119626522064
0.5839319825172424,0.6773890256881714,0.21916262805461884
0.5118584036827087,0.6734652519226074,0.2096938043832779
0.6013239622116089,0.6908890008926392,0.058070674538612366
0.5024868249893188,0.6914745569229126,0.05087636411190033
-
0.5407673120498657,0.4078473150730133,-0.3034389913082123
0.5474616289138794,0.40246304869651794,-0.2829637825489044
0.5522443056106567,0.4026457369327545,-0.28297141194343567
0.5563095211982727,0.4027838706970215,-0.28298628330230713
0.5346556901931763,0.40273576974868774,-0.28146952390670776
0.5307132601737976,0.40309834480285645,-0.2814733684062958
0.5270847082138062,0.4032197594642639,-0.28142616152763367
0.5621606707572937,0.406259685754776,-0.14451786875724792
0.5240633487701416,0.4064388871192932,-0.13854201138019562
0.5502009391784668,0.4143076539039612,-0.25104495882987976
0.5333048701286316,0.4143093228340149,-0.24947352707386017
0.6012481451034546,0.44106191396713257,-0.05420756712555885
0.4920896291732788,0.44077402353286743,-0.03847111016511917
0.6663292646408081,0.4673997461795807,-0.11269564926624298
0.43785548210144043,0.46576929092407227,-0.056833356618881226
0.6124391555786133,0.48421964049339294,-0.3244619369506836
0.4821162819862366,0.48280566930770874,-0.21625344455242157
0.5980620980262756,0.488929808139801,-0.3778221607208252
0.4939078986644745,0.48756036162376404,-0.2589663863182068
0.5921295285224915,0.48346009850502014,-0.3802899718284607
0.49968260526657104,0.48208585381507874,-0.2685526907444
0.5958521962165833,0.48095059394836426,-0.32859593629837036
0.4972578287124634,0.48013296723365784,-0.22220581769943237
0.579279899597168,0.5345143675804138,0.0005595388356596231
0.5142929553985596,0.5334018468856812,-0.0006913539837114513
0.5809844732284546,0.6061201691627502,0.00426222151145339
0.5135588049888611,0.605667769908905,0.007141635753214359
0.5919626951217651,0.6698046326637268,0.2073223888874054
0.5061095952987671,0.6678258180618286,0.1987709254026413
0.5839180946350098,0.6773909330368042,0.2191816121339798
0.5118610858917236,0.6733991503715515,0.20972727239131927
0.6013960838317871,0.690906286239624,0.058058224618434906
0.5024972558021545,0.6914750933647156,0.050871871411800385
-
0.5407698154449463,0.4078495502471924,-0.3034156560897827
0.5474635362625122,0.40246662497520447,-0.2829397916793823
0.5522461533546448,0.40264949202537537,-0.2829475700855255
0.556311309337616,0.4027869701385498,-0.28296270966529846
0.5346602201461792,0.4027388095855713,-0.2814631462097168
0.5307199954986572,0.4031008183956146,-0.2814669907093048
0.5270944833755493,0.4032213091850281,-0.28141966462135315
0.5621663928031921,0.40626025199890137,-0.14448128640651703
0.5240713953971863,0.4064396321773529,-0.13855469226837158
0.5502022504806519,0.4143069386482239,-0.2510041296482086
0.5333078503608704,0.4143097996711731,-0.24946127831935883
0.601248562335968,0.4410577416419983,-0.053826674818992615
0.4920870363712311,0.4407613277435303,-0.03848922252655029
0.666333019733429,0.4673995077610016,-0.11038734763860703
0.4379114806652069,0.46565842628479004,-0.05428153648972511
0.6124560832977295,0.4842255115509033,-0.32048407196998596
0.48214858770370483,0.48280763626098633,-0.20914728939533234
0.5980667471885681,0.48893308639526367,-0.3735193908214569
0.49391818046569824,0.48756808042526245,-0.2511533200740814
0.592136025428772,0.4834598898887634,-0.3761500418186188
0.49969083070755005,0.4820994734764099,-0.2609637677669525
0.5958528518676758,0.4809514880180359,-0.32464608550071716
0.497266948223114,0.48014408349990845,-0.2150821089744568
0.5792681574821472,0.5345224142074585,0.0008258167072199285
0.5142868161201477,0.5334060192108154,-0.0009553760173730552
0.580986738204956,0.6061214804649353,0.004092839080840349
0.5135421752929688,0.6056724786758423,0.0066775851882994175
0.5919588208198547,0.6698037385940552,0.20733466744422913
0.506114661693573,0.6677952408790588,0.19876410067081451
0.5839038491249084,0.6773910522460938,0.2192082554101944
0.5118634700775146,0.6733261346817017,0.20971724390983582
0.6014482975006104,0.6909196376800537,0.058069657534360886
0.5025039315223694,0.6914749145507812,0.0508551187813282
-
0.540772557258606,0.40785232186317444,-0.303638756275177
0.5474650263786316,0.4024706482887268,-0.283184677362442
0.5522475838661194,0.40265315771102905,-0.28319251537323
0.5563127994537354,0.4027895927429199,-0.2832082211971283
0.5346633195877075,0.4027436673641205,-0.2817234396934509
0.5307232737541199,0.40310463309288025,-0.28172746300697327
0.5271000266075134,0.4032239317893982,-0.28168073296546936
0.5621699690818787,0.40626034140586853,-0.14476026594638824
0.5240801572799683,0.4064413011074066,-0.13894318044185638
0.5502035617828369,0.4143064022064209,-0.25122901797294617
0.5333113074302673,0.4143102765083313,-0.2497073858976364
0.601255476474762,0.44105449318885803,-0.05384964868426323
0.49208882451057434,0.44074878096580505,-0.03910902515053749
0.666386604309082,0.46738678216934204,-0.11045944690704346
0.43796077370643616,0.4655194878578186,-0.05382392555475235
0.61246657371521,0.48423439264297485,-0.32036563754081726
0.4821820855140686,0.48280686140060425,-0.20624350011348724
0.5980674028396606,0.48893967270851135,-0.3733135759830475
0.4939374625682831,0.4875720143318176,-0.24793408811092377
0.5921373963356018,0.48346322774887085,-0.37586936354637146
0.49972352385520935,0.4821092486381531,-0.2575830817222595
0.5958516001701355,0.48095569014549255,-0.32448360323905945
0.49729615449905396,0.4801514148712158,-0.2120460569858551
0.5792453289031982,0.5345438718795776,0.0010561096714809537
0.5142771601676941,0.5334228277206421,-0.0011849768925458193
0.5809887647628784,0.6061399579048157,0.004119668155908585
0.513512909412384,0.6056989431381226,0.006687122397124767
0.5919502973556519,0.6698027849197388,0.20837724208831787
0.5061236023902893,0.6677855253219604,0.1996023952960968
0.5838885307312012,0.6773906946182251,0.2204231321811676
0.5118817090988159,0.6732987761497498,0.2107008993625641
0.6015071272850037,0.6909265518188477,0.059459809213876724
0.5025039911270142,0.6914758682250977,0.05177449807524681
-
0.5407753586769104,0.407853901386261,-0.30366647243499756
0.547465980052948,0.4024720788002014,-0.2832137942314148
0.5522488951683044,0.4026547074317932,-0.28322163224220276
0.5563141703605652,0.4027906060218811,-0.28323742747306824
0.5346663594245911,0.4027450978755951,-0.2817525267601013
0.5307275056838989,0.40310603380203247,-0.28175660967826843
0.5271040797233582,0.40322503447532654,-0.28171008825302124
0.5621722340583801,0.40625864267349243,-0.14479558169841766
0.5240858197212219,0.40644168853759766,-0.13901473581790924
0.5502046942710876,0.4143027365207672,-0.25126397609710693
0.5333148241043091,0.41430917382240295,-0.24974824488162994
0.6012585759162903,0.44104743003845215,-0.05386830493807793
0.49209174513816833,0.44073477387428284,-0.03936615213751793
0.6664244532585144,0.467379629611969,-0.11058305948972702
0.43801066279411316,0.4653969705104828,-0.053583770990371704
0.61247718334198,0.4842452108860016,-0.3205753266811371
0.48218363523483276,0.4827810823917389,-0.20533305406570435
0.5980672836303711,0.4889468252658844,-0.37353938817977905
0.49393463134765625,0.4875734746456146,-0.24695712327957153
0.592138946056366,0.4834664762020111,-0.37599000334739685
0.4997352957725525,0.48211508989334106,-0.2565315067768097
0.5958512425422668,0.4809604585170746,-0.32464730739593506
0.4973081052303314,0.48015230894088745,-0.21110013127326965
0.5792062282562256,0.5345737338066101,0.0012969281524419785
0.5142573714256287,0.5334452390670776,-0.0014261568430811167
0.5809892416000366,0.6061581969261169,0.00441427668556571
0.5134778618812561,0.6057268381118774,0.006703199818730354
0.5919438600540161,0.6698023080825806,0.20944200456142426
0.5061460733413696,0.6677656769752502,0.20060108602046967
0.5838866233825684,0.6773947477340698,0.2215878665447235
0.5119041204452515,0.6732418537139893,0.21182231605052948
0.6015727519989014,0.6909381747245789,0.060755353420972824
0.5025434494018555,0.6914733052253723,0.05287269875407219
-
0.5407743453979492,0.40785494446754456,-0.3039310872554779
0.5474616885185242,0.4024733603000641,-0.2834717929363251
0.5522478818893433,0.40265607833862305,-0.2834796607494354
0.5563148856163025,0.4027915894985199,-0.28349560499191284
0.5346665978431702,0.4027465879917145,-0.28202342987060547
0.5307311415672302,0.40310749411582947,-0.2820274531841278
0.5271102786064148,0.4032260477542877,-0.2819812297821045
0.5621732473373413,0.4062579274177551,-0.14500269293785095
0.5240914225578308,0.4064410328865051,-0.13932618498802185
0.5501981377601624,0.41429829597473145,-0.2515120208263397
0.53331458568573,0.41430673003196716,-0.2500264644622803
0.6012588739395142,0.44103139638900757,-0.05392729863524437
0.49209049344062805,0.4407227039337158,-0.039698123931884766
0.6664289832115173,0.467374324798584,-0.11071684211492538
0.4380511939525604,0.4652680456638336,-0.0536518357694149
0.612496018409729,0.4842560291290283,-0.32073265314102173
0.48218226432800293,0.48272228240966797,-0.20763106644153595
0.5980690121650696,0.48895272612571716,-0.37371495366096497
0.49392980337142944,0.4875742793083191,-0.24963051080703735
0.5921441912651062,0.4834728240966797,-0.3761412799358368
0.49974483251571655,0.4821177124977112,-0.2590910494327545
0.5958551168441772,0.48096904158592224,-0.32478538155555725
0.49731507897377014,0.48015278577804565,-0.21342222392559052
0.5791918039321899,0.534579873085022,0.0013743751915171742
0.5142430663108826,0.5334519147872925,-0.0015040047001093626
0.5809938311576843,0.6061605215072632,0.0044707246124744415
0.5134430527687073,0.6057323217391968,0.006712367758154869
0.5919440984725952,0.6698049306869507,0.20939280092716217
0.5061689019203186,0.6677225232124329,0.20077484846115112
0.5838906168937683,0.677402138710022,0.22150778770446777
0.5119232535362244,0.6731647849082947,0.21198876202106476
0.6016086339950562,0.690949559211731,0.060654688626527786
0.5026073455810547,0.6914726495742798,0.05304645001888275
-
0.5407726168632507,0.40785613656044006,-0.30487510561943054
0.5474540591239929,0.40247446298599243,-0.2845037281513214
0.5522443056106567,0.4026571214199066,-0.2845102548599243
0.5563139319419861,0.40279239416122437,-0.2845257818698883
0.534664511680603,0.40274953842163086,-0.2830582559108734
0.5307328701019287,0.40310972929000854,-0.283062607049942
0.5271154642105103,0.40322715044021606,-0.28301703929901123
0.5621731877326965,0.406257301568985,-0.14636380970478058
0.5240973830223083,0.4064408838748932,-0.1408063769340515
0.5501899719238281,0.4142940044403076,-0.2525772452354431
0.5333142876625061,0.41430482268333435,-0.2511238753795624
0.6012595295906067,0.44102150201797485,-0.05493171513080597
0.4920911192893982,0.4407099187374115,-0.04111546277999878
0.6664384007453918,0.4673684239387512,-0.11106565594673157
0.43806126713752747,0.465076208114624,-0.05376912280917168
0.6125884652137756,0.4842587411403656,-0.320978045463562
0.48205041885375977,0.48241886496543884,-0.2076246291399002
0.5981102585792542,0.48895543813705444,-0.37404119968414307
0.4937903881072998,0.4875411093235016,-0.24929672479629517
0.5922026038169861,0.48347631096839905,-0.37645140290260315
0.4997127950191498,0.4821159839630127,-0.2588930130004883
0.5959237217903137,0.4809723496437073,-0.32503950595855713
0.49728354811668396,0.4801258146762848,-0.21343135833740234
0.5791884660720825,0.534584105014801,0.0014948000898584723
0.5142390727996826,0.5334470272064209,-0.0016255566151812673
0.5809928178787231,0.6061649918556213,0.004886630456894636
0.5134012699127197,0.6057202816009521,0.006738536991178989
0.5919354557991028,0.6698051691055298,0.20934957265853882
0.506173849105835,0.6677019000053406,0.20074421167373657
0.5838778018951416,0.6774064302444458,0.221444234251976
0.5119262933731079,0.6731308698654175,0.21193817257881165
0.6016559600830078,0.6909593939781189,0.06057119369506836
0.5027306079864502,0.6914626955986023,0.05300501734018326
-
0.540751039981842,0.40785712003707886,-0.31008708477020264
0.5474298000335693,0.4024755358695984,-0.29001468420028687
0.5522276163101196,0.40265822410583496,-0.2900180518627167
0.5563040375709534,0.4027932286262512,-0.2900327146053314
0.534656286239624,0.4027511477470398,-0.28870150446891785
0.5307310223579407,0.40311098098754883,-0.2887071371078491
0.5271181464195251,0.40322619676589966,-0.28866448998451233
0.5621621012687683,0.4062560200691223,-0.1517685204744339
0.5241050720214844,0.4064292907714844,-0.1469796895980835
0.5501376390457153,0.41429248452186584,-0.25760528445243835
0.5332865118980408,0.41430455446243286,-0.25637197494506836
0.6012499332427979,0.4409971833229065,-0.05754583328962326
0.4920901954174042,0.44067293405532837,-0.04508042335510254
0.6664636731147766,0.4673570990562439,-0.11081338673830032
0.4380670189857483,0.4649221897125244,-0.051567815244197845
0.6126627326011658,0.4842718243598938,-0.3189077079296112
0.4819679260253906,0.48227375745773315,-0.19391034543514252
0.5981317162513733,0.4889627993106842,-0.3714565634727478
0.493733286857605,0.4875345230102539,-0.233684703707695
0.5922412276268005,0.483487069606781,-0.3740983009338379
0.49971136450767517,0.4821174740791321,-0.24412336945533752
0.5959718227386475,0.4809824526309967,-0.32293999195098877
0.4972773790359497,0.4801177978515625,-0.19963955879211426
0.5791763067245483,0.5345100164413452,0.0016918213805183768
0.514212429523468,0.5333558917045593,-0.001822657068260014
0.5810023546218872,0.6061649322509766,0.005100084003061056
0.5133690237998962,0.6056617498397827,0.006452376954257488
0.5919304490089417,0.6698048710823059,0.20886272192001343
0.5061860680580139,0.6676979064941406,0.19991476833820343
0.5838537812232971,0.6774119138717651,0.2208136022090912
0.5119431614875793,0.6731187105178833,0.21101421117782593
0.6017354130744934,0.6909677386283875,0.0596335344016552
0.5028555393218994,0.6914127469062805,0.05156592279672623
-
0.5407325029373169,0.40771371126174927,-0.3104495406150818
0.5473983883857727,0.402317613363266,-0.2902623414993286
0.5522037148475647,0.40249261260032654,-0.29026639461517334
0.556302547454834,0.40264028310775757,-0.290282279253006
0.5346350073814392,0.40257424116134644,-0.28895148634910583
0.53069007396698,0.4029211401939392,-0.28895699977874756
0.5270639061927795,0.4030357301235199,-0.28891289234161377
0.562160849571228,0.4061459004878998,-0.15191365778446198
0.524109423160553,0.4062538743019104,-0.1471913754940033
0.5500688552856445,0.4142424166202545,-0.2579897940158844
0.5332342982292175,0.41423577070236206,-0.25677424669265747
0.6011738181114197,0.44094809889793396,-0.05771762132644653
0.4920731484889984,0.44062739610671997,-0.044867392629384995
0.6664403080940247,0.4672640264034271,-0.10781744122505188
0.43807297945022583,0.46479812264442444,-0.04345893859863281
0.6126912236213684,0.48427239060401917,-0.31340551376342773
0.48178645968437195,0.48205462098121643,-0.1782725602388382
0.5981377363204956,0.48896417021751404,-0.3656659722328186
0.4935944378376007,0.4875064492225647,-0.21692688763141632
0.5922478437423706,0.4834896922111511,-0.3685804009437561
0.49966171383857727,0.4821142256259918,-0.22761090099811554
0.5959863662719727,0.480983167886734,-0.3174927234649658
0.49722257256507874,0.4800841212272644,-0.18395861983299255
0.5791099667549133,0.5343976616859436,0.002341081388294697
0.5140936374664307,0.5332967042922974,-0.0024761450476944447
0.5810936689376831,0.60616534948349,0.0031318829860538244
0.5132725834846497,0.6056641340255737,0.003986955154687166
0.5918824672698975,0.6697951555252075,0.21193107962608337
0.5062175989151001,0.6675084233283997,0.20228038728237152
0.5837865471839905,0.6774141788482666,0.22484175860881805
0.5119466185569763,0.6727679967880249,0.214232936501503
0.601750373840332,0.6909706592559814,0.0635775551199913
0.5032153129577637,0.6912254095077515,0.05430854111909866
-
0.5406931638717651,0.40761780738830566,-0.31040966510772705
0.5473334193229675,0.4022083282470703,-0.2900809943675995
0.5521417856216431,0.4023818373680115,-0.2900853753089905
0.5562829971313477,0.40254002809524536,-0.290102481842041
0.5345994234085083,0.402456134557724,-0.2888006865978241
0.530641496181488,0.4027934670448303,-0.28880593180656433
0.5270152688026428,0.4029008746147156,-0.2887601852416992
0.5621348023414612,0.4060932993888855,-0.15154503285884857
0.5241131782531738,0.4061257243156433,-0.1468479335308075
0.5499473810195923,0.4142085909843445,-0.25787022709846497
0.5331749320030212,0.41418537497520447,-0.2566980719566345
0.6010010242462158,0.44094499945640564,-0.05767427012324333
0.49196192622184753,0.4405743479728699,-0.04464567452669144
0.6663206219673157,0.46702703833580017,-0.10472778975963593
0.4380493462085724,0.46465691924095154,-0.033190663903951645
0.6129055023193359,0.48421788215637207,-0.31222715973854065
0.48137375712394714,0.4818204939365387,-0.16447901725769043
0.5983397364616394,0.48894309997558594,-0.3649771511554718
0.4931797385215759,0.48748308420181274,-0.2029547095298767
0.5923409461975098,0.48348522186279297,-0.36848539113998413
0.4994138479232788,0.4821423590183258,-0.21471579372882843
0.5960620045661926,0.4809759259223938,-0.3166637718677521
0.49699902534484863,0.4800877571105957,-0.17055954039096832
0.5789049863815308,0.5342133641242981,0.0026136634405702353
0.513744056224823,0.5332529544830322,-0.002750579733401537
0.5815359950065613,0.6062379479408264,-0.0009066601633094251
0.5132098197937012,0.6058577299118042,-0.0011610841611400247
0.5918811559677124,0.6698114275932312,0.21525050699710846
0.5062233805656433,0.6673485040664673,0.20569433271884918
0.5837863683700562,0.6774271130561829,0.2291380763053894
0.5119450092315674,0.672497034072876,0.21880096197128296
0.6017564535140991,0.6909793615341187,0.0677887573838234
0.5035295486450195,0.6911523938179016,0.059508904814720154
-
0.5406198501586914,0.4076801836490631,-0.31326931715011597
0.5472126007080078,0.40230506658554077,-0.29228878021240234
0.5520326495170593,0.402493953704834,-0.2922928035259247
0.5561582446098328,0.4026659429073334,-0.29231810569763184
0.5345691442489624,0.40254443883895874,-0.29094162583351135
0.5306373834609985,0.40286463499069214,-0.2909497916698456
0.5270245671272278,0.40296119451522827,-0.2909063696861267
0.5620815753936768,0.4062623381614685,-0.1518862247467041
0.524126410484314,0.4062024652957916,-0.14702320098876953
0.5497326254844666,0.4142301678657532,-0.2600635588169098
0.5330713391304016,0.4142071604728699,-0.2588156461715698
0.6005560755729675,0.44119793176651,-0.05847347527742386
0.49184557795524597,0.44068875908851624,-0.04439819976687431
0.6662152409553528,0.46691590547561646,-0.10512010753154755
0.4380510151386261,0.4641752243041992,-0.030961785465478897
0.6129165291786194,0.48421913385391235,-0.3134271502494812
0.4807567894458771,0.4814510941505432,-0.15804578363895416
0.5983411073684692,0.48896700143814087,-0.3658628761768341
0.49248552322387695,0.48746299743652344,-0.19654525816440582
0.592327356338501,0.4836304783821106,-0.3695130944252014
0.4988749325275421,0.4822402894496918,-0.2097157984972
0.5960512161254883,0.48106807470321655,-0.3174993395805359
0.49653375148773193,0.4801296591758728,-0.16486723721027374
0.5787820816040039,0.5341929793357849,0.0031915688887238503
0.5132719874382019,0.5334190130233765,-0.0033241354394704103
0.5828313827514648,0.6068287491798401,-0.013820253312587738
0.5131720304489136,0.6070973873138428,-0.012491915374994278
0.5916297435760498,0.669875979423523,0.231270894408226
0.5062571167945862,0.66729736328125,0.21936894953250885
0.5835859179496765,0.6774258017539978,0.24867723882198334
0.512073814868927,0.6724659204483032,0.2355988323688507
0.6016998887062073,0.6910625696182251,0.08958959579467773
0.5038662552833557,0.6911558508872986,0.07871928066015244
-
0.5403720140457153,0.40991711616516113,-0.31281086802482605
0.5468397736549377,0.40442246198654175,-0.291986346244812
0.5516288876533508,0.4044561982154846,-0.2919941246509552
0.5558868646621704,0.40452083945274353,-0.29201722145080566
0.5344445109367371,0.40438851714134216,-0.29079851508140564
0.5305662155151367,0.40448054671287537,-0.2908051013946533
0.5269931554794312,0.40465378761291504,-0.2907625734806061
0.5620204210281372,0.4081057906150818,-0.15131749212741852
0.5241217017173767,0.40847769379615784,-0.14514552056789398
0.549236536026001,0.41608142852783203,-0.2598874866962433
0.5328163504600525,0.41609567403793335,-0.258619487285614
0.6000836491584778,0.4424261450767517,-0.05745670571923256
0.49173256754875183,0.44218572974205017,-0.04081881418824196
0.6658026576042175,0.4670068323612213,-0.10173389315605164
0.4380006194114685,0.4643077254295349,-0.017310548573732376
0.6131442785263062,0.4845608174800873,-0.30904558300971985
0.4802773892879486,0.48180851340293884,-0.13306839764118195
0.598625123500824,0.4895383417606354,-0.3626188039779663
0.49182236194610596,0.4879617691040039,-0.17054136097431183
0.5923514366149902,0.48500317335128784,-0.36806386709213257
0.49825748801231384,0.48356908559799194,-0.18435931205749512
0.5960514545440674,0.48235002160072327,-0.3143845498561859
0.4960178732872009,0.48143091797828674,-0.13993839919567108
0.578720211982727,0.5344587564468384,0.0032943973783403635
0.5131592154502869,0.534506618976593,-0.0034237285144627094
0.5852928757667542,0.6091918349266052,-0.028108125552535057
0.5131669640541077,0.6100999116897583,-0.023180734366178513
0.5915216207504272,0.6700872182846069,0.23174722492694855
0.5063470005989075,0.6672449111938477,0.22351714968681335
0.5833167433738708,0.6774570941925049,0.25017255544662476
0.5123788118362427,0.6724660992622375,0.2412482649087906
0.6017036437988281,0.6912344098091125,0.09384820610284805
0.5040175318717957,0.6912476420402527,0.08935263007879257
-
0.5405920743942261,0.41501274704933167,-0.32128024101257324
0.5470936894416809,0.4100634455680847,-0.29818063974380493
0.5517871379852295,0.41000574827194214,-0.2981792092323303
0.5559640526771545,0.409984290599823,-0.29821425676345825
0.5347405672073364,0.41011500358581543,-0.29783058166503906
0.5309675931930542,0.4100591540336609,-0.29784080386161804
0.5271806716918945,0.4101601243019104,-0.29778167605400085
0.5620324611663818,0.4124853014945984,-0.15155984461307526
0.5241245031356812,0.4131193161010742,-0.1493562012910843
0.5495188236236572,0.42071714997291565,-0.2657487690448761
0.5332402586936951,0.42125219106674194,-0.26577427983283997
0.5997825860977173,0.44638562202453613,-0.0575578436255455
0.4914313554763794,0.4467097818851471,-0.04558810219168663
0.6662470102310181,0.4686398506164551,-0.11879707872867584
0.43701279163360596,0.4667516350746155,-0.05362766608595848
0.6132528185844421,0.48718541860580444,-0.3462549149990082
0.479791522026062,0.48498257994651794,-0.20122146606445312
0.5988219976425171,0.4923096299171448,-0.4042445719242096
0.4908204674720764,0.49081411957740784,-0.24420450627803802
0.5925600528717041,0.4886384606361389,-0.40744659304618835
0.49787864089012146,0.48754191398620605,-0.2525371313095093
0.5961044430732727,0.4866360127925873,-0.351652055978775
0.49573588371276855,0.4855778217315674,-0.20653226971626282
0.578664243221283,0.5367492437362671,0.004772482439875603
0.5127661228179932,0.5378869771957397,-0.004886023700237274
0.588106095790863,0.6127423048019409,-0.043211713433265686
0.5131626129150391,0.6135214567184448,-0.03556916490197182
0.5915661454200745,0.6701077222824097,0.2400604486465454
0.5063841938972473,0.6672415733337402,0.23298905789852142
0.5832929611206055,0.6774522066116333,0.2615620493888855
0.5125285387039185,0.6724532842636108,0.2534697949886322
0.6020541787147522,0.6913518905639648,0.10942327976226807
0.5040960311889648,0.6912797689437866,0.10460496693849564
-
0.5420777797698975,0.4210558831691742,-0.32103028893470764
0.5485380291938782,0.4159941077232361,-0.29474666714668274
0.5531679391860962,0.41593703627586365,-0.2947438359260559
0.5565327405929565,0.4160006642341614,-0.29480502009391785
0.5361097455024719,0.4164532721042633,-0.29692450165748596
0.5323883295059204,0.4167229235172272,-0.29694172739982605
0.5284960269927979,0.41698509454727173,-0.29685384035110474
0.5622962713241577,0.41862931847572327,-0.14345954358577728
0.5241896510124207,0.4195345342159271,-0.1492498815059662
0.5506793260574341,0.4275290071964264,-0.26305878162384033
0.5350717306137085,0.4284653663635254,-0.2649505138397217
0.598753035068512,0.45191192626953125,-0.054837293922901154
0.4914194345474243,0.4523511528968811,-0.04660770669579506
0.6663119196891785,0.4731002449989319,-0.12788298726081848
0.437025249004364,0.4709407389163971,-0.07510793954133987
0.6132901310920715,0.49278315901756287,-0.3588425815105438
0.4799661338329315,0.4905332028865814,-0.234453946352005
0.5987851619720459,0.4986082911491394,-0.4171263873577118
0.4908257722854614,0.498434841632843,-0.2790466248989105
0.59222811460495,0.4949665665626526,-0.41873347759246826
0.4980243146419525,0.4952549934387207,-0.2844204306602478
0.5956595540046692,0.4932255744934082,-0.36392730474472046
0.49620458483695984,0.4929879307746887,-0.2389463633298874
0.5790014266967773,0.5409667491912842,0.005454270169138908
0.5127753615379333,0.542483925819397,-0.005544288083910942
0.5911952257156372,0.6179207563400269,-0.05886303633451462
0.5125871896743774,0.6178768277168274,-0.04189020395278931
0.5915701389312744,0.6701118350028992,0.2433651238679886
0.5064536333084106,0.6675640344619751,0.2346009612083435
0.5831722021102905,0.6773384213447571,0.2671859860420227
0.5126733779907227,0.6729366183280945,0.25592032074928284
0.6021146774291992,0.6913784742355347,0.1241166964173317
0.504096269607544,0.6913059949874878,0.11274851858615875
-
0.5421212315559387,0.42845863103866577,-0.3014095425605774
0.5486027002334595,0.4233120381832123,-0.2757405936717987
0.5531788468360901,0.4233730435371399,-0.2757410705089569
0.556533694267273,0.4235103130340576,-0.2757859230041504
0.5361375212669373,0.423469215631485,-0.27570950984954834
0.5324147343635559,0.42354002594947815,-0.27573147416114807
0.5284910798072815,0.4237748086452484,-0.275663822889328
0.5622305274009705,0.42629870772361755,-0.13060899078845978
0.5241946578025818,0.42663782835006714,-0.13014332950115204
0.5506852865219116,0.4351211488246918,-0.24755476415157318
0.5351667404174805,0.4357983469963074,-0.24768753349781036
0.5979621410369873,0.4585789740085602,-0.054565392434597015
0.49171680212020874,0.459613174200058,-0.043118152767419815
0.6663374900817871,0.47991862893104553,-0.1415596902370453
0.43710005283355713,0.4777396321296692,-0.0912289097905159
0.6137820482254028,0.4996463358402252,-0.3688417673110962
0.4811217486858368,0.4975786805152893,-0.2711052894592285
0.5989057421684265,0.5064235925674438,-0.4273200035095215
0.49105215072631836,0.5059095621109009,-0.3190303146839142
0.592255175113678,0.5018965005874634,-0.4290711581707001
0.498293399810791,0.5030134916305542,-0.3231779634952545
0.5956810712814331,0.4998607635498047,-0.37402936816215515
0.4969892203807831,0.5005470514297485,-0.27631255984306335
0.579454243183136,0.5478861331939697,0.005655777640640736
0.5128633379936218,0.5489512085914612,-0.0057374099269509315
0.5930461287498474,0.6203453540802002,-0.06853091716766357
0.5122596025466919,0.6222198009490967,-0.04329122230410576
0.5915933847427368,0.6702684760093689,0.24390369653701782
0.50642991065979,0.6682881712913513,0.2415708601474762
0.5830859541893005,0.6772810220718384,0.2686794400215149
0.5126796960830688,0.6733186841011047,0.2639886438846588
0.6022557020187378,0.6915579438209534,0.1289191097021103
0.504081666469574,0.6915825605392456,0.12454738467931747
-
0.5421456098556519,0.4335930347442627,-0.2950855493545532
0.5486154556274414,0.42894506454467773,-0.26946187019348145
0.553166389465332,0.4291783273220062,-0.2694641053676605
0.556522786617279,0.4293321967124939,-0.2695063352584839
0.5361518859863281,0.42891421914100647,-0.2690294682979584
0.5324380993843079,0.42902541160583496,-0.26904842257499695
0.5284900069236755,0.4292337894439697,-0.26898303627967834
0.5620421767234802,0.43236488103866577,-0.1270018070936203
0.5242047905921936,0.4323844313621521,-0.12606993317604065
0.5506755113601685,0.4405647814273834,-0.2431233674287796
0.5352257490158081,0.4410168528556824,-0.24303796887397766
0.597186267375946,0.4649520814418793,-0.055593088269233704
0.4918900728225708,0.4665168821811676,-0.04336407035589218
0.6660954356193542,0.4865119457244873,-0.1458626091480255
0.43749210238456726,0.48361554741859436,-0.11006691306829453
0.6137441396713257,0.5065751671791077,-0.3654482066631317
0.48132815957069397,0.5048491954803467,-0.3069271445274353
0.5991587042808533,0.5142953991889954,-0.4232543110847473
0.4910672605037689,0.5127695798873901,-0.3573601245880127
0.5922145247459412,0.5092874765396118,-0.4247388243675232
0.4982883930206299,0.5099974274635315,-0.362228125333786
0.5954927802085876,0.506919801235199,-0.3702981173992157
0.4970338046550751,0.507461667060852,-0.3131376802921295
0.579646110534668,0.5531989336013794,0.006622237619012594
0.5129079222679138,0.5539658069610596,-0.006711916066706181
0.5939596891403198,0.6226695775985718,-0.0605081245303154
0.5119664669036865,0.6247705221176147,-0.043384306132793427
0.5914247035980225,0.6704182028770447,0.2604864835739136
0.5064329504966736,0.6682721376419067,0.26287832856178284
0.5828118324279785,0.6772919297218323,0.2870788276195526
0.5126659274101257,0.6727381348609924,0.28827062249183655
0.6022902727127075,0.6915737390518188,0.15469038486480713
0.5040697455406189,0.6916296482086182,0.16054163873195648
-
0.5420226454734802,0.43696752190589905,-0.2935854196548462
0.5485965013504028,0.4321398138999939,-0.2690168023109436
0.5531536340713501,0.4322829842567444,-0.2690189480781555
0.5564939975738525,0.4325787127017975,-0.26906269788742065
0.5361390709877014,0.4321563243865967,-0.2680117189884186
0.5324267745018005,0.43232303857803345,-0.26802536845207214
0.5284616351127625,0.43255704641342163,-0.2679586410522461
0.562007486820221,0.4354460835456848,-0.12953363358974457
0.5242077112197876,0.4355649948120117,-0.12676772475242615
0.5504478216171265,0.44368886947631836,-0.24270862340927124
0.5351337194442749,0.4439809322357178,-0.2420387864112854
0.5969732999801636,0.469057559967041,-0.059163328260183334
0.49196043610572815,0.46939677000045776,-0.0424245148897171
0.6659046411514282,0.4902019500732422,-0.15466538071632385
0.4375200569629669,0.48629993200302124,-0.10490066558122635
0.6138338446617126,0.5091477632522583,-0.37780919671058655
0.481886088848114,0.5076214671134949,-0.3090037703514099
0.5999866724014282,0.5166783928871155,-0.4344616234302521
0.491510272026062,0.5158954858779907,-0.3589777648448944
0.5926711559295654,0.5112780332565308,-0.4335593283176422
0.49845293164253235,0.5127003192901611,-0.3622002899646759
0.5956516265869141,0.5090842247009277,-0.38136914372444153
0.4975040853023529,0.5102125406265259,-0.3142063021659851
0.579681932926178,0.5551746487617493,0.0050559863448143005
0.512913167476654,0.5565370321273804,-0.005161339417099953
0.5943611860275269,0.6240790486335754,-0.059190716594457626
0.5116779208183289,0.6266535520553589,-0.038688600063323975
0.5913020968437195,0.67066490650177,0.2592543065547943
0.5064483284950256,0.66828852891922,0.2674309313297272
0.5828050374984741,0.6773420572280884,0.28512993454933167
0.5127111077308655,0.6724783778190613,0.2925742566585541
0.6022353172302246,0.6915666460990906,0.1562296599149704
0.5039461255073547,0.6917049288749695,0.16999895870685577
-
0.5420097708702087,0.4372515082359314,-0.2914547324180603
0.5485492944717407,0.43163150548934937,-0.26744315028190613
0.5530350804328918,0.4317992329597473,-0.2674565017223358
0.5563551187515259,0.4320701062679291,-0.26750534772872925
0.536155104637146,0.4315547049045563,-0.2663462460041046
0.5324505567550659,0.43176501989364624,-0.2663525342941284
0.5284860134124756,0.4319835603237152,-0.26628538966178894
0.5619045495986938,0.43529969453811646,-0.1283411830663681
0.5242106318473816,0.4356023371219635,-0.1251068264245987
0.5504409074783325,0.4434630870819092,-0.24034744501113892
0.5352043509483337,0.4433487355709076,-0.23960289359092712
0.5965294241905212,0.4688376784324646,-0.05959438160061836
0.492233544588089,0.46944302320480347,-0.03973434492945671
0.6648938655853271,0.4899936616420746,-0.1549094021320343
0.438989520072937,0.4864234924316406,-0.11625134944915771
0.6138198375701904,0.509048342704773,-0.3765203654766083
0.4819594621658325,0.5063555836677551,-0.3405761420726776
0.6001867651939392,0.5163460373878479,-0.433038592338562
0.4916841685771942,0.5141394734382629,-0.3930567800998688
0.5927574634552002,0.5117110013961792,-0.43374112248420715
0.4989326000213623,0.5119728446006775,-0.3961694836616516
0.595653772354126,0.5095296502113342,-0.3804709017276764
0.49803411960601807,0.5098501443862915,-0.3463951051235199
0.5797539949417114,0.5549222826957703,0.0021940930746495724
0.5131581425666809,0.556581437587738,-0.0022859510499984026
0.5946220755577087,0.6250677108764648,-0.05441929027438164
0.5116999745368958,0.6263257265090942,-0.031457580626010895
0.5913026332855225,0.6710723042488098,0.2601172626018524
0.5066794753074646,0.6681410074234009,0.27085644006729126
0.5830560922622681,0.6774924993515015,0.28523460030555725
0.513062596321106,0.6719845533370972,0.294892281293869
0.6021599769592285,0.6918333768844604,0.155685693025589
0.5039149522781372,0.6917110681533813,0.17278984189033508
-
0.5420036315917969,0.4330861568450928,-0.2873551845550537
0.5485884547233582,0.42781147360801697,-0.26350077986717224
0.5530422925949097,0.42795029282569885,-0.26352035999298096
0.5563520789146423,0.42812401056289673,-0.2635725736618042
0.5361554622650146,0.4278702735900879,-0.26153045892715454
0.5324440002441406,0.4280647337436676,-0.2615210711956024
0.5284769535064697,0.4282732605934143,-0.26145482063293457
0.5618054270744324,0.43140745162963867,-0.12663699686527252
0.5242248773574829,0.43168124556541443,-0.11969579756259918
0.5504350662231445,0.43954068422317505,-0.237273171544075
0.5351942181587219,0.43956494331359863,-0.23551981151103973
0.5962947607040405,0.46530789136886597,-0.06399387866258621
0.4926659166812897,0.4652053713798523,-0.02931869775056839
0.6643329858779907,0.48705482482910156,-0.15909206867218018
0.44006386399269104,0.48331958055496216,-0.11271210014820099
0.613088071346283,0.5061924457550049,-0.38112878799438477
0.4818083345890045,0.5031538009643555,-0.29493477940559387
0.5995079278945923,0.5130754709243774,-0.43695008754730225
0.49167904257774353,0.5104691386222839,-0.3429074287414551
0.5919247269630432,0.5087902545928955,-0.43973302841186523
0.4989336133003235,0.5078790187835693,-0.34855398535728455
0.594703733921051,0.506364107131958,-0.38544702529907227
0.4980265200138092,0.5058225393295288,-0.3010750710964203
0.579666793346405,0.5522599816322327,-0.0010207484010607004
0.513195276260376,0.553756833076477,0.0009144748910330236
0.594538152217865,0.6238178014755249,-0.06430169194936752
0.5119481086730957,0.6248944997787476,-0.03185007721185684
0.5913731455802917,0.6707562208175659,0.2569398283958435
0.5075799822807312,0.668008029460907,0.27040034532546997
0.5838713049888611,0.6767458319664001,0.2824474573135376
0.5137847661972046,0.6718990206718445,0.2949575185775757
0.6018660664558411,0.6915574073791504,0.15206760168075562
0.5039141178131104,0.691658079624176,0.17397364974021912
-
0.54225754737854,0.4254174828529358,-0.2901344299316406
0.5491220355033875,0.41996797919273376,-0.26637494564056396
0.5534420609474182,0.4199288785457611,-0.2663896679878235
0.5565592050552368,0.42008739709854126,-0.26643455028533936
0.5365161299705505,0.4200390875339508,-0.2648526430130005
0.5326261520385742,0.42022696137428284,-0.2648521065711975
0.5285674333572388,0.4205905795097351,-0.26479020714759827
0.562091588973999,0.4232428967952728,-0.12626034021377563
0.5242300033569336,0.4239467978477478,-0.12126903235912323
0.5508569478988647,0.4325352609157562,-0.23881079256534576
0.5355282425880432,0.43280625343322754,-0.23751558363437653
0.5957217812538147,0.45813512802124023,-0.055723708122968674
0.4927738904953003,0.4574284553527832,-0.028912413865327835
0.6643261313438416,0.4794861674308777,-0.14997488260269165
0.4409741163253784,0.4756223261356354,-0.07645973563194275
0.612617015838623,0.49837344884872437,-0.37491434812545776
0.48202812671661377,0.49540838599205017,-0.2459571212530136
0.5982500910758972,0.5059974789619446,-0.43035468459129333
0.491902619600296,0.5048369765281677,-0.29068705439567566
0.5910325646400452,0.5014582872390747,-0.43139293789863586
0.49899354577064514,0.5012945532798767,-0.2979099750518799
0.5941852331161499,0.4988948702812195,-0.37835872173309326
0.49808424711227417,0.4988940358161926,-0.25165027379989624
0.5792089104652405,0.5477875471115112,-0.0009462576708756387
0.5132833123207092,0.5494416952133179,0.0008386626141145825
0.5944461226463318,0.6217392086982727,-0.05899655446410179
0.5119802951812744,0.624466598033905,-0.03921359404921532
0.5915992856025696,0.6704617738723755,0.27489444613456726
0.507752001285553,0.6683488488197327,0.26331469416618347
0.5842372179031372,0.6762180924415588,0.30087390542030334
0.5139734745025635,0.67302405834198,0.2866421043872833
0.6018499732017517,0.6913745403289795,0.16071808338165283
0.5038710832595825,0.6916584372520447,0.15460658073425293
-
0.5420683026313782,0.41124215722084045,-0.3116966485977173
0.5488083362579346,0.4059666693210602,-0.29109224677085876
0.5531231164932251,0.4060637354850769,-0.2910973131656647
0.5563833117485046,0.4062003493309021,-0.29112163186073303
0.5362238883972168,0.4063130021095276,-0.2899562120437622
0.5323057770729065,0.4066300392150879,-0.28997087478637695
0.5284680128097534,0.4068203568458557,-0.28992292284965515
0.5617181062698364,0.4095090329647064,-0.1480017751455307
0.524221658706665,0.4100213646888733,-0.14310148358345032
0.5507713556289673,0.4176470637321472,-0.2569319009780884
0.5351985692977905,0.4178025722503662,-0.2557639181613922
0.5957373976707458,0.44478076696395874,-0.0557815283536911
0.492709219455719,0.4438339173793793,-0.03013928420841694
0.6637293696403503,0.46624955534935,-0.12550204992294312
0.4411677420139313,0.4630305767059326,-0.023479601368308067
0.6121243238449097,0.483750581741333,-0.3535124361515045
0.4814854562282562,0.482544481754303,-0.149054616689682
0.5977532863616943,0.4894237518310547,-0.4080239236354828
0.49185702204704285,0.4896426796913147,-0.18632014095783234
0.5910212397575378,0.48615702986717224,-0.4156886339187622
0.49861854314804077,0.48703035712242126,-0.19974812865257263
0.5942276120185852,0.4833846986293793,-0.36011844873428345
0.49737268686294556,0.48492035269737244,-0.15545715391635895
0.5792415738105774,0.5344240069389343,-0.0005594643298536539
0.5141021013259888,0.5361871719360352,0.0004501862567849457
0.5942237377166748,0.6106920838356018,-0.03259187936782837
0.512248158454895,0.6126241683959961,-0.020397085696458817
0.5919284224510193,0.6683975458145142,0.27276936173439026
0.5077488422393799,0.668213963508606,0.24465861916542053
0.5854206681251526,0.6741136312484741,0.2953382432460785
0.5139722228050232,0.6730073690414429,0.26106664538383484
0.6010243892669678,0.6908057928085327,0.15845799446105957
0.5038743019104004,0.691523015499115,0.09216989576816559
-
0.5419021248817444,0.39812904596328735,-0.2944481670856476
0.5487461686134338,0.3929820656776428,-0.27463218569755554
0.553084671497345,0.39306414127349854,-0.27462080121040344
0.5563459992408752,0.3931651711463928,-0.27463027834892273
0.5359727740287781,0.39313751459121704,-0.2754201292991638
0.5319579839706421,0.39322516322135925,-0.2754482626914978
0.5281033515930176,0.39336615800857544,-0.27541589736938477
0.5615639686584473,0.39650091528892517,-0.13026998937129974
0.5241535902023315,0.39677804708480835,-0.13321782648563385
0.55068039894104,0.4049486517906189,-0.23898492753505707
0.5346512198448181,0.40523821115493774,-0.23984608054161072
0.5957696437835693,0.4309651255607605,-0.016954530030488968
0.4924919009208679,0.43069595098495483,-0.012515830807387829
0.6606038212776184,0.4516220688819885,0.022471308708190918
0.4419929087162018,0.44939494132995605,0.07837632298469543
0.6102772355079651,0.47246265411376953,-0.09423328191041946
0.4814058542251587,0.47023504972457886,0.035683728754520416
0.5964928269386292,0.47831305861473083,-0.13299080729484558
0.49162402749061584,0.47747287154197693,0.007902086712419987
0.5901997685432434,0.47430357336997986,-0.1486399918794632
0.49807700514793396,0.47430673241615295,-0.01049229595810175
0.5933752059936523,0.4717225432395935,-0.10247034579515457
0.4968567192554474,0.47209781408309937,0.028199993073940277
0.5791834592819214,0.5239319205284119,0.001265756436623633
0.5141026973724365,0.5251938700675964,-0.001364356023259461
0.5932385325431824,0.5998373627662659,-0.030042819678783417
0.5127820372581482,0.6010076999664307,-0.021264975890517235
0.592761754989624,0.6658422350883484,0.22889424860477448
0.5068076848983765,0.6652946472167969,0.19995422661304474
0.5879765152931213,0.6717485189437866,0.24444490671157837
0.5122975707054138,0.6699289679527283,0.2129896581172943
0.600531816482544,0.6901814937591553,0.07467330247163773
0.5044899582862854,0.6910808086395264,0.04091677814722061
-
0.5421131253242493,0.38854536414146423,-0.29380443692207336
0.548809289932251,0.38263022899627686,-0.27399691939353943
0.5531460046768188,0.3825606107711792,-0.27398839592933655
0.5564041137695312,0.38266968727111816,-0.27398958802223206
0.5360179543495178,0.3832990527153015,-0.2749617397785187
0.5319589376449585,0.3836623430252075,-0.2749892473220825
0.5281484127044678,0.38394561409950256,-0.27495667338371277
0.5615748763084412,0.3860574960708618,-0.12809373438358307
0.5241585373878479,0.3868177831172943,-0.1324038952589035
0.5513799786567688,0.3948563039302826,-0.2374267429113388
0.5349917411804199,0.3952009081840515,-0.23860585689544678
0.596554696559906,0.4198853373527527,-0.01581941731274128
0.49229511618614197,0.4208529591560364,-0.010762651450932026
0.6607465744018555,0.4422934949398041,-0.011762892827391624
0.4421476125717163,0.4398575723171234,0.04842308536171913
0.6099784970283508,0.4623420238494873,-0.1863556057214737
0.4802098870277405,0.46068352460861206,-0.051888227462768555
0.5965504050254822,0.4671918451786041,-0.23260584473609924
0.49075669050216675,0.46728259325027466,-0.08658993989229202
0.5902125239372253,0.4620503783226013,-0.24403882026672363
0.4972052276134491,0.46309202909469604,-0.10376325249671936
0.593398928642273,0.4598732590675354,-0.19366982579231262
0.4957376718521118,0.46084731817245483,-0.059423450380563736
0.5791613459587097,0.5144481658935547,0.0007855728035792708
0.5140334367752075,0.5157995223999023,-0.0008982475264929235
0.5893052816390991,0.5903313755989075,-0.02178293652832508
0.5127795338630676,0.5920529365539551,-0.016770267859101295
0.5953161716461182,0.6600843667984009,0.1988963931798935
0.5054899454116821,0.6599305868148804,0.18635135889053345
0.5911751389503479,0.6660736799240112,0.21082311868667603
0.5106818675994873,0.6649867296218872,0.197392076253891
0.6011483669281006,0.6886314153671265,0.03738200664520264
0.5043920278549194,0.6883599162101746,0.02801838517189026
-
0.5414357781410217,0.38277503848075867,-0.30984702706336975
0.5482908487319946,0.37652796506881714,-0.2930881381034851
0.5527435541152954,0.3762604594230652,-0.2930731773376465
0.5562746524810791,0.3762196898460388,-0.29307711124420166
0.5354380011558533,0.3776082396507263,-0.2910424768924713
0.5314865708351135,0.3777588903903961,-0.2910643219947815
0.5277286171913147,0.37799665331840515,-0.29103514552116394
0.5615221261978149,0.379241019487381,-0.15381170809268951
0.5239323377609253,0.38042283058166504,-0.143905907869339
0.5510408878326416,0.3886961042881012,-0.25469765067100525
0.5345640182495117,0.3897625505924225,-0.25196313858032227
0.597709596157074,0.4128169119358063,-0.023360734805464745
0.49228495359420776,0.4118278920650482,-0.0148523710668087
0.6607785820960999,0.43236154317855835,0.005807535722851753
0.44344964623451233,0.433499813079834,0.06985350698232651
0.6103029847145081,0.4540010988712311,-0.10250703245401382
0.4798085391521454,0.451681911945343,0.0037416196428239346
0.597221851348877,0.45893263816833496,-0.13800232112407684
0.4904647767543793,0.4571094512939453,-0.026526160538196564
0.5905473232269287,0.4542234539985657,-0.153605118393898
0.49678361415863037,0.4529396891593933,-0.04176856577396393
0.5935770869255066,0.4522538185119629,-0.10947426408529282
0.4950811266899109,0.45093727111816406,-0.0031726995948702097
0.5791605710983276,0.505571186542511,-0.0028744074515998363
0.5140308141708374,0.5073761343955994,0.00279411138035357
0.5867270827293396,0.5823579430580139,-0.020782044157385826
0.5127498507499695,0.5847746133804321,-0.012905427254736423
0.5975573658943176,0.6510358452796936,0.19164824485778809
0.5045953989028931,0.6522958278656006,0.18052031099796295
0.5944938659667969,0.6568986773490906,0.20316609740257263
0.5104957222938538,0.6584683656692505,0.1908707320690155
0.6017314195632935,0.6789427399635315,0.032601021230220795
0.4984448254108429,0.6793485879898071,0.02489406242966652
-
0.5415307283401489,0.37565428018569946,-0.325726181268692
0.5484117865562439,0.370063841342926,-0.3071226179599762
0.5529021620750427,0.3699268698692322,-0.30710795521736145
0.5564112663269043,0.369826078414917,-0.3071349561214447
0.5355988144874573,0.37042826414108276,-0.3066977262496948
0.5317102074623108,0.3704361319541931,-0.30670684576034546
0.5279229283332825,0.3704729378223419,-0.3066592216491699
0.5616200566291809,0.37228313088417053,-0.16238830983638763
0.5238984823226929,0.3728042244911194,-0.1605735719203949
0.5510421991348267,0.38203585147857666,-0.26853594183921814
0.5348725914955139,0.3828328251838684,-0.2682112157344818
0.5978288650512695,0.4064255356788635,-0.04022592306137085
0.4919739067554474,0.4060361981391907,-0.03678302466869354
0.6632126569747925,0.42984557151794434,-0.028608504682779312
0.4429059624671936,0.4294670522212982,-0.02114982157945633
0.6103456020355225,0.4490742087364197,-0.11948005855083466
0.4798281788825989,0.44722360372543335,-0.17816545069217682
0.5978241562843323,0.4546930193901062,-0.14397315680980682
0.4905194640159607,0.45434698462486267,-0.22238966822624207
0.5909062027931213,0.4487098157405853,-0.1570006012916565
0.4970020651817322,0.4491342604160309,-0.23430903255939484
0.5936846137046814,0.44719773530960083,-0.13218151032924652
0.49518150091171265,0.44719773530960083,-0.18450896441936493
0.5795701146125793,0.499258816242218,-0.00277961534447968
0.5140799880027771,0.5008971095085144,0.0026931145694106817
0.586332380771637,0.5773029923439026,-0.016873231157660484
0.5122333765029907,0.5786880254745483,-0.00941202137619257
0.5982415676116943,0.6450976133346558,0.20837070047855377
0.5038555264472961,0.6452995538711548,0.1966211497783661
0.5939120054244995,0.651160717010498,0.22300484776496887
0.5103976130485535,0.6512616872787476,0.2096603810787201
0.6046686768531799,0.6728966236114502,0.05918801203370094
0.4941883981227875,0.6726762652397156,0.0486140213906765
-
0.5427260994911194,0.3722277581691742,-0.3271219730377197
0.5492169857025146,0.36639267206192017,-0.3059172034263611
0.5535153150558472,0.3662604093551636,-0.3059070110321045
0.55669105052948,0.36612528562545776,-0.30592474341392517
0.5363883972167969,0.3667427897453308,-0.30688491463661194
0.5323062539100647,0.3669312596321106,-0.30689793825149536
0.5283902883529663,0.3670542538166046,-0.3068452477455139
0.5616121292114258,0.3682734966278076,-0.15620853006839752
0.5238842368125916,0.36954671144485474,-0.15930038690567017
0.5515262484550476,0.37887805700302124,-0.26816093921661377
0.5356470942497253,0.3795560896396637,-0.2698114514350891
0.5977023839950562,0.40210795402526855,-0.040877118706703186
0.49195051193237305,0.4024167060852051,-0.04275764524936676
0.663669228553772,0.4269025921821594,-0.075531005859375
0.4424014687538147,0.4252002239227295,-0.0896541178226471
0.6103940606117249,0.4451843798160553,-0.2903994023799896
0.480421781539917,0.44334086775779724,-0.30343082547187805
0.5979354977607727,0.4526963233947754,-0.34663617610931396
0.49085137248039246,0.4507320821285248,-0.35776904225349426
0.5909273624420166,0.44592294096946716,-0.3512832522392273
0.4976828396320343,0.4450305998325348,-0.3653447926044464
0.593705952167511,0.44367361068725586,-0.296445369720459
0.4960167706012726,0.4426807463169098,-0.30959784984588623
0.5795970559120178,0.49728235602378845,-0.002455176319926977
0.5141858458518982,0.4981566071510315,0.002365461550652981
0.5860186815261841,0.5727562308311462,-0.011250590905547142
0.5118924975395203,0.5761500597000122,-0.0026309459935873747
0.5985843539237976,0.6393522024154663,0.2392570674419403
0.5038014054298401,0.6408109664916992,0.21249303221702576
0.5939062237739563,0.6453427672386169,0.25557926297187805
0.5102421045303345,0.6460763216018677,0.2243015468120575
0.6045863032341003,0.6673640012741089,0.0824395939707756
0.4952259957790375,0.6691455841064453,0.061217959970235825
-
0.5428640246391296,0.36884039640426636,-0.32786497473716736
0.549316942691803,0.3628500998020172,-0.30672240257263184
0.5535977482795715,0.36278071999549866,-0.3067215085029602
0.5567696690559387,0.3628218173980713,-0.3067348897457123
0.536530077457428,0.3632428050041199,-0.3070478141307831
0.5324161648750305,0.3634783923625946,-0.30705469846725464
0.5284722447395325,0.36389172077178955,-0.3070125877857208
0.5616065263748169,0.3662959337234497,-0.1576395481824875
0.523875892162323,0.36688676476478577,-0.1597076803445816
0.551632285118103,0.37529751658439636,-0.27004334330558777
0.5356751084327698,0.3754975199699402,-0.2710699141025543
0.597904622554779,0.40201252698898315,-0.05377413332462311
0.49164339900016785,0.39987674355506897,-0.04468895494937897
0.6641615033149719,0.4269011914730072,-0.09120723605155945
0.44223031401634216,0.42152509093284607,-0.061793528497219086
0.6094914674758911,0.4461039900779724,-0.30263179540634155
0.4798586964607239,0.44043049216270447,-0.2297540307044983
0.5977610349655151,0.4526504576206207,-0.3567527234554291
0.49072134494781494,0.44817620515823364,-0.27562159299850464
0.5908740758895874,0.4457113742828369,-0.3640744984149933
0.49751925468444824,0.4432508945465088,-0.2872072160243988
0.5936546921730042,0.44335636496543884,-0.3089010715484619
0.4957100749015808,0.4405744969844818,-0.23677554726600647
0.5795660614967346,0.4970386028289795,-0.002545439638197422
0.5138137340545654,0.4982542097568512,0.0024448493495583534
0.5861328840255737,0.5698803663253784,-0.00868185143917799
0.5117261409759521,0.5753853917121887,-0.0002359317586524412
0.5987786054611206,0.636145293712616,0.25533327460289
0.5037362575531006,0.6392872929573059,0.2279355376958847
0.593936562538147,0.6421552896499634,0.2734745442867279
0.5099501013755798,0.6445236802101135,0.2418750822544098
0.6035241484642029,0.6646339893341064,0.1054002195596695
0.49546992778778076,0.6671754121780396,0.07317311316728592
-
0.5429834723472595,0.3701992332935333,-0.33146780729293823
0.5494416356086731,0.36398226022720337,-0.30894774198532104
0.5537350177764893,0.36397191882133484,-0.3089507520198822
0.5569198727607727,0.3640117347240448,-0.3089730441570282
0.5365727543830872,0.3642579913139343,-0.3090052306652069
0.5324764847755432,0.3642658591270447,-0.30900779366493225
0.5285161137580872,0.36429306864738464,-0.30896028876304626
0.5618332624435425,0.367905855178833,-0.15739798545837402
0.5237652063369751,0.36826837062835693,-0.15850551426410675
0.5517839789390564,0.376369833946228,-0.2733049988746643
0.5357332229614258,0.3764704465866089,-0.27393680810928345
0.5979130268096924,0.40229517221450806,-0.06030311435461044
0.49121949076652527,0.40103816986083984,-0.04478965699672699
0.6643497943878174,0.4254639744758606,-0.11025945842266083
0.4407767951488495,0.4206022322177887,-0.05678967013955116
0.6093423366546631,0.4454954266548157,-0.3237727880477905
0.47864750027656555,0.44021075963974,-0.216347798705101
0.5975385904312134,0.45121368765830994,-0.37993139028549194
0.49053946137428284,0.4479416012763977,-0.2625071108341217
0.5908717513084412,0.4453224539756775,-0.3869479298591614
0.49731096625328064,0.443031370639801,-0.27473342418670654
0.5936698913574219,0.4427715837955475,-0.33013761043548584
0.49513542652130127,0.44048720598220825,-0.22383937239646912
0.5795738101005554,0.497661828994751,-0.0028052250854671
0.5133007764816284,0.4989519715309143,0.002710917266085744
0.585760235786438,0.5721595883369446,-0.010592548176646233
0.5114079713821411,0.576469361782074,-0.0033703141380101442
0.5986601710319519,0.6365023851394653,0.25817522406578064
0.503526508808136,0.6396892070770264,0.23629415035247803
0.5938985347747803,0.6418966054916382,0.2777794599533081
0.5098387598991394,0.6445178389549255,0.2521234154701233
0.6022530198097229,0.6646203398704529,0.10967778414487839
0.4960441291332245,0.6681336164474487,0.08350450545549393
-
0.543693482875824,0.37349453568458557,-0.3424196243286133
0.5499376654624939,0.368050217628479,-0.32109102606773376
0.5541614890098572,0.3679920732975006,-0.3210839033126831
0.5572178959846497,0.36796027421951294,-0.32111114263534546
0.5373901128768921,0.3682246208190918,-0.32160791754722595
0.5332450270652771,0.368247926235199,-0.32161790132522583
0.5294653177261353,0.36825031042099,-0.32156798243522644
0.5621866583824158,0.3710728585720062,-0.17173273861408234
0.5237882137298584,0.37124940752983093,-0.17474284768104553
0.5524128675460815,0.3795463442802429,-0.2847137153148651
0.53657466173172,0.3796323835849762,-0.28583937883377075
0.5979934930801392,0.40479201078414917,-0.07002178579568863
0.4912368059158325,0.4040786623954773,-0.053946834057569504
0.6644012331962585,0.426912397146225,-0.09495542198419571
0.44094759225845337,0.42402100563049316,-0.024735011160373688
0.6093317270278931,0.4479650557041168,-0.2683066427707672
0.4786834716796875,0.44412320852279663,-0.12896659970283508
0.5973852872848511,0.45361247658729553,-0.3170633912086487
0.4905359148979187,0.45115429162979126,-0.16678492724895477
0.5907164812088013,0.44867682456970215,-0.3276710510253906
0.49738866090774536,0.44721394777297974,-0.18350225687026978
0.5935407280921936,0.4462319314479828,-0.27478209137916565
0.4951762855052948,0.4447402358055115,-0.136830672621727
0.5796706676483154,0.4994316101074219,-0.003142181085422635
0.5131535530090332,0.5005607008934021,0.003051639534533024
0.5857032537460327,0.5745818614959717,-0.014951714314520359
0.5113996863365173,0.5780033469200134,-0.003886215155944228
0.5985391139984131,0.6400014162063599,0.25508913397789
0.5034875273704529,0.6413321495056152,0.23606295883655548
0.5938810110092163,0.6450483798980713,0.2747538983821869
0.5098658800125122,0.6460409164428711,0.2519132196903229
0.6013249754905701,0.667940616607666,0.10118918865919113
0.49648556113243103,0.6700164079666138,0.08237551152706146
-
0.5436901450157166,0.37738358974456787,-0.3409345746040344
0.5501253604888916,0.37185317277908325,-0.3198034167289734
0.554505467414856,0.37180253863334656,-0.31979817152023315
0.5575205087661743,0.37181517481803894,-0.3198298215866089
0.5374453067779541,0.3720325827598572,-0.31969088315963745
0.5333084464073181,0.3720962703227997,-0.3197037875652313
0.5295774936676025,0.3721828758716583,-0.31964924931526184
0.5629910826683044,0.37476128339767456,-0.17212224006652832
0.523783802986145,0.37513187527656555,-0.17167894542217255
0.5524690747261047,0.38377147912979126,-0.2839775085449219
0.5365666151046753,0.38403090834617615,-0.28408369421958923
0.5988889336585999,0.4087163805961609,-0.07238289713859558
0.49141308665275574,0.40834474563598633,-0.05173027887940407
0.6658063530921936,0.4314846098423004,-0.09852549433708191
0.44097647070884705,0.4282439351081848,-0.027072422206401825
0.6093664765357971,0.451864093542099,-0.2830377519130707
0.47870880365371704,0.447970449924469,-0.15286733210086823
0.5974646806716919,0.4574889540672302,-0.334825724363327
0.4905148446559906,0.4548555016517639,-0.19350503385066986
0.59078049659729,0.4527040123939514,-0.3455200493335724
0.49741384387016296,0.45111069083213806,-0.20625153183937073
0.5935475826263428,0.45043492317199707,-0.28989166021347046
0.495197594165802,0.4488023817539215,-0.15987654030323029
0.579779326915741,0.5024163722991943,-0.003583389800041914
0.5126829743385315,0.503748893737793,0.003501240164041519
0.5862439870834351,0.578154444694519,-0.02564205601811409
0.5110236406326294,0.5810982584953308,-0.005262658465653658
0.5985577702522278,0.6419342756271362,0.2187519669532776
0.5034983158111572,0.6433535218238831,0.21000249683856964
0.5939743518829346,0.6478085517883301,0.23462526500225067
0.5098820328712463,0.6483812928199768,0.2227766066789627
0.6012259721755981,0.6691852807998657,0.06154549494385719
0.4974925220012665,0.6712936162948608,0.054552216082811356
-
0.5436814427375793,0.38134804368019104,-0.3364510238170624
0.5503503680229187,0.37554672360420227,-0.31510794162750244
0.5547776222229004,0.3757619261741638,-0.315100759267807
0.557747483253479,0.37598860263824463,-0.3151298761367798
0.537532389163971,0.3754112124443054,-0.31501832604408264
0.5333850383758545,0.3754881024360657,-0.31502988934516907
0.5296582579612732,0.37565961480140686,-0.31496983766555786
0.5631721019744873,0.37975364923477173,-0.1697954535484314
0.5240872502326965,0.3789673447608948,-0.1702498197555542
0.5524641275405884,0.3888072371482849,-0.2808026969432831
0.5365332961082458,0.3889935612678528,-0.281099408864975
0.5986312031745911,0.4147424101829529,-0.07895541936159134
0.4916572868824005,0.4142827093601227,-0.05143152177333832
0.667029619216919,0.43526506423950195,-0.10649661719799042
0.44032448530197144,0.4304579794406891,-0.010370033793151379
0.6103638410568237,0.4560571312904358,-0.2834118604660034
0.4787609577178955,0.453993022441864,-0.10327140241861343
0.597987174987793,0.4625668525695801,-0.3346554934978485
0.4904594123363495,0.4635387063026428,-0.13788586854934692
0.5915494561195374,0.45788973569869995,-0.3433471918106079
0.4973691701889038,0.45952939987182617,-0.15107563138008118
0.5944367051124573,0.4560220241546631,-0.28989773988723755
0.4952124357223511,0.4567869305610657,-0.10956304520368576
0.5797449946403503,0.5067415237426758,-0.004167931620031595
0.5125523209571838,0.5076698064804077,0.004069947637617588
0.587605357170105,0.5821031332015991,-0.02707056701183319
0.5095174312591553,0.5857042074203491,-0.006086096633225679
0.5990526676177979,0.6469358801841736,0.2155963033437729
0.503563404083252,0.6478642225265503,0.21243055164813995
0.5948600172996521,0.6534637808799744,0.2318533957004547
0.5101034045219421,0.6526155471801758,0.22647421061992645
0.6012969613075256,0.6760110855102539,0.06804975122213364
0.49931204319000244,0.6768103837966919,0.0628989189863205
-
0.5438695549964905,0.3948361277580261,-0.33571764826774597
0.5504807233810425,0.38917893171310425,-0.3145689368247986
0.5548319816589355,0.3893847167491913,-0.31451836228370667
0.5578961372375488,0.3895779252052307,-0.31458014249801636
0.5378221869468689,0.38909658789634705,-0.3137790858745575
0.5337782502174377,0.38909733295440674,-0.31378239393234253
0.5299916863441467,0.3890905976295471,-0.31373077630996704
0.5632272958755493,0.3934393525123596,-0.1672535091638565
0.5242804884910583,0.39277878403663635,-0.1700534224510193
0.5525476932525635,0.4013131558895111,-0.27886492013931274
0.5366435050964355,0.4010246694087982,-0.27870500087738037
0.5984870791435242,0.426597535610199,-0.07414840161800385
0.49173426628112793,0.42647990584373474,-0.05017319321632385
0.6670030355453491,0.44747477769851685,-0.0261693112552166
0.4389152526855469,0.44232648611068726,0.0337042510509491
0.6098213791847229,0.4690698981285095,-0.11883161216974258
0.48306214809417725,0.46783605217933655,0.0009638001793064177
0.5972291827201843,0.4758644104003906,-0.15632300078868866
0.49437886476516724,0.4751853942871094,-0.02726074866950512
0.5907551646232605,0.4709133505821228,-0.16865651309490204
0.5001938939094543,0.4725249409675598,-0.04162744805216789
0.5937325358390808,0.468513160943985,-0.12488270550966263
0.4977268576622009,0.46991461515426636,-0.005912240128964186
0.5796293020248413,0.5172954797744751,-0.0029865391552448273
0.5125195980072021,0.5184450149536133,0.002929211361333728
0.5896472334861755,0.5918478965759277,-0.027068980038166046
0.5077188014984131,0.5964288711547852,-0.011921431869268417
0.5990068912506104,0.654387891292572,0.22771766781806946
0.5035773515701294,0.654949426651001,0.2256852686405182
0.5947934985160828,0.661154568195343,0.246526300907135
0.5101168751716614,0.660160481929779,0.2434171885251999
0.6015056371688843,0.6836406588554382,0.0919601246714592
0.5000084042549133,0.6837102174758911,0.09531485289335251
-
0.5438651442527771,0.4090809226036072,-0.32804596424102783
0.5505350828170776,0.40388059616088867,-0.30603688955307007
0.5548854470252991,0.4040446877479553,-0.30601203441619873
0.5579306483268738,0.4041622281074524,-0.30606645345687866
0.5379217863082886,0.4035930633544922,-0.30432212352752686
0.533878743648529,0.4034649431705475,-0.30433204770088196
0.5300675630569458,0.40314000844955444,-0.3042905628681183
0.5633316040039062,0.40700238943099976,-0.165312260389328
0.524282693862915,0.40624937415122986,-0.16057634353637695
0.552510678768158,0.41532135009765625,-0.2748970687389374
0.5366599559783936,0.41502442955970764,-0.2730908989906311
0.5981800556182861,0.44037875533103943,-0.08258526027202606
0.4918922483921051,0.43947166204452515,-0.05151871219277382
0.66700679063797,0.46044549345970154,-0.15481315553188324
0.43849673867225647,0.45660510659217834,-0.0332651287317276
0.6113749742507935,0.4800320267677307,-0.3688277304172516
0.4840412139892578,0.48061123490333557,-0.12199964374303818
0.5981531143188477,0.4860316216945648,-0.4227418601512909
0.4959043264389038,0.4874924123287201,-0.15539738535881042
0.5925307869911194,0.4825611114501953,-0.427340030670166
0.5019276142120361,0.4862022399902344,-0.15862376987934113
0.5961742997169495,0.47954902052879333,-0.3750108480453491
0.499225914478302,0.48373064398765564,-0.12582837045192719
0.5796985030174255,0.5307990908622742,-0.0031486160587519407
0.5131266713142395,0.5319498777389526,0.003097197972238064
0.5923988223075867,0.6040473580360413,-0.036339014768600464
0.506636917591095,0.6073750257492065,-0.011647176928818226
0.5989734530448914,0.6593246459960938,0.253566712141037
0.503613293170929,0.6600759029388428,0.2506656050682068
0.594732403755188,0.6655706763267517,0.2766226530075073
0.510299801826477,0.6663894057273865,0.2702901363372803
0.601068913936615,0.6871895790100098,0.12540987133979797
0.5009474158287048,0.6879038214683533,0.12266255170106888
-
0.543838620185852,0.421326220035553,-0.28619834780693054
0.5505279302597046,0.41561102867126465,-0.26382744312286377
0.5548710227012634,0.4155527651309967,-0.2637985348701477
0.557924747467041,0.4156913161277771,-0.26385486125946045
0.5379193425178528,0.4160884916782379,-0.2619742155075073
0.5338553190231323,0.41619157791137695,-0.26201948523521423
0.5300446152687073,0.4163743555545807,-0.261958509683609
0.5633692145347595,0.4193369746208191,-0.13158784806728363
0.5242767930030823,0.4197382926940918,-0.12481369078159332
0.5525018572807312,0.42743581533432007,-0.23813337087631226
0.5366620421409607,0.4274327754974365,-0.23615169525146484
0.5982027649879456,0.45474472641944885,-0.0577692985534668
0.49197089672088623,0.4523869454860687,-0.01623350940644741
0.6674216389656067,0.47309526801109314,-0.022096144035458565
0.4385363757610321,0.46699777245521545,0.09101774543523788
0.6110253930091858,0.49360865354537964,-0.08372244983911514
0.4844774007797241,0.4927658140659332,0.12024259567260742
0.5966675281524658,0.4996883273124695,-0.11578769981861115
0.4957698881626129,0.5001545548439026,0.10154876857995987
0.5908229947090149,0.4970262944698334,-0.12742304801940918
0.5018130540847778,0.49890056252479553,0.0913674458861351
0.5945201516151428,0.4946049153804779,-0.08950241655111313
0.4993326961994171,0.49632811546325684,0.1151980310678482
0.579715371131897,0.5423740148544312,-0.0031381717417389154
0.5131335854530334,0.5436152815818787,0.003080875612795353
0.5948741436004639,0.6158541440963745,-0.05975979194045067
0.5059157609939575,0.6173450946807861,-0.039527636021375656
0.598347544670105,0.6639955043792725,0.25324010848999023
0.5062865614891052,0.6657236814498901,0.24335290491580963
0.5937610864639282,0.6707209944725037,0.27804598212242126
0.5137162208557129,0.6724610924720764,0.2612451910972595
0.6014279127120972,0.6890101432800293,0.138985738158226
0.5022658705711365,0.6904653310775757,0.1199108138680458
-
0.5436981916427612,0.4296659529209137,-0.2944091856479645
0.5502070784568787,0.42437344789505005,-0.2699809670448303
0.5545018911361694,0.42451390624046326,-0.2699850797653198
0.5575494170188904,0.4247564375400543,-0.2700338661670685
0.5376659035682678,0.4246264398097992,-0.26913902163505554
0.5336467027664185,0.42495766282081604,-0.26915523409843445
0.5297549962997437,0.42533111572265625,-0.26910942792892456
0.5626872777938843,0.4289700984954834,-0.13298319280147552
0.5242940783500671,0.4291815757751465,-0.1295843869447708
0.5521741509437561,0.43658727407455444,-0.24430380761623383
0.5364910960197449,0.4365449845790863,-0.2434556484222412
0.5980379581451416,0.4647863805294037,-0.07554718852043152
0.49219048023223877,0.4644773602485657,-0.023519014939665794
0.6674349904060364,0.48478513956069946,-0.14250428974628448
0.4394172728061676,0.478440523147583,0.054699573665857315
0.6104530692100525,0.5060544013977051,-0.33956703543663025
0.4856949746608734,0.5038934350013733,0.03149580582976341
0.5965650081634521,0.5132488012313843,-0.3927130699157715
0.49670740962028503,0.5108729004859924,-0.010199625976383686
0.5899299383163452,0.508703887462616,-0.3978276252746582
0.5033510327339172,0.5093829035758972,-0.032068073749542236
0.5934540629386902,0.5063745975494385,-0.3451958894729614
0.5010212659835815,0.5070986151695251,0.01908542774617672
0.5801718831062317,0.5527051687240601,-0.006431725341826677
0.5132916569709778,0.5537554621696472,0.006384913809597492
0.5954404473304749,0.6215080618858337,-0.08421753346920013
0.5059958100318909,0.6231417059898376,-0.05690671131014824
0.5976906418800354,0.6671035289764404,0.2761802077293396
0.5070948004722595,0.6675220727920532,0.28736400604248047
0.5931569933891296,0.6723583936691284,0.3071451485157013
0.5147229433059692,0.6732893586158752,0.31643468141555786
0.6007237434387207,0.6905359029769897,0.17101463675498962
0.5029338002204895,0.6911802291870117,0.18947409093379974
-
0.5434946417808533,0.4337315559387207,-0.2617979645729065
0.5500079989433289,0.428810179233551,-0.23813655972480774
0.5543289184570312,0.42895442247390747,-0.2381277084350586
0.5573086142539978,0.42925912141799927,-0.2381802648305893
0.5375567674636841,0.42883554100990295,-0.23911529779434204
0.5335652232170105,0.42910346388816833,-0.23916378617286682
0.5294942259788513,0.42945724725723267,-0.2391073852777481
0.5623409152030945,0.43246811628341675,-0.1073634922504425
0.524156928062439,0.4330182671546936,-0.11232434213161469
0.5517235398292542,0.44098544120788574,-0.21444593369960785
0.5361433029174805,0.44100913405418396,-0.21597245335578918
0.5973641276359558,0.4667983055114746,-0.04546855390071869
0.4920283854007721,0.46831345558166504,-0.008240802213549614
0.6668532490730286,0.487090528011322,-0.02625255286693573
0.44412630796432495,0.48187050223350525,0.10926394909620285
0.6105616688728333,0.5085170269012451,-0.11225438863039017
0.48605597019195557,0.5047818422317505,0.1543835550546646
0.5968999266624451,0.5167965888977051,-0.1465277224779129
0.4965151846408844,0.512894332408905,0.13880175352096558
0.5899317264556885,0.5125925540924072,-0.15992888808250427
0.5029935836791992,0.5108973979949951,0.12691760063171387
0.5934275984764099,0.5099487900733948,-0.11919809877872467
0.5008910894393921,0.5084252953529358,0.14981094002723694
0.5806236863136292,0.553110659122467,-0.0076646339148283005
0.5140323042869568,0.5546737909317017,0.007711824495345354
0.5953047275543213,0.6226601600646973,-0.07004167139530182
0.5060408115386963,0.6238604784011841,-0.0457393079996109
0.5971977114677429,0.6672459840774536,0.26711776852607727
0.5079145431518555,0.6692006587982178,0.27695438265800476
0.5928418040275574,0.6721904873847961,0.2943398654460907
0.5154972672462463,0.6745601892471313,0.29512274265289307
0.6002926230430603,0.6897661685943604,0.16477955877780914
0.502923846244812,0.6917372941970825,0.15092961490154266
-
0.5428316593170166,0.43063482642173767,-0.26971435546875
0.5490012168884277,0.42590779066085815,-0.24676306545734406
0.553068995475769,0.426086962223053,-0.24677075445652008
0.5562828779220581,0.4263160228729248,-0.24682502448558807
0.5371899604797363,0.4259428083896637,-0.2479419708251953
0.533178985118866,0.4261697232723236,-0.24796923995018005
0.5293070673942566,0.42637690901756287,-0.2479393482208252
0.5610857009887695,0.4297633171081543,-0.11672411113977432
0.5241618752479553,0.4300616681575775,-0.12177103012800217
0.5508689284324646,0.43770718574523926,-0.2220042496919632
0.535721480846405,0.43726009130477905,-0.22384397685527802
0.5962413549423218,0.46536245942115784,-0.0500168576836586
0.4920298755168915,0.4661383032798767,-0.012807815335690975
0.6656904816627502,0.4845104217529297,-0.07203341275453568
0.4453966021537781,0.48005300760269165,0.059121258556842804
0.610450804233551,0.5061810612678528,-0.2317930907011032
0.48727738857269287,0.504798412322998,0.053292565047740936
0.5969080924987793,0.5134767293930054,-0.27727141976356506
0.4974990785121918,0.5123594999313354,0.030298620462417603
0.5899224877357483,0.5098748803138733,-0.2895006537437439
0.5041147470474243,0.5108013153076172,0.019069906324148178
0.5931897163391113,0.5078452825546265,-0.2395566999912262
0.5021904110908508,0.508488118648529,0.049017682671546936
0.5809101462364197,0.5512118339538574,-0.00854974240064621
0.5142484903335571,0.5535002946853638,0.008608010597527027
0.5959451198577881,0.6227572560310364,-0.0665149912238121
0.5061911344528198,0.6232578158378601,-0.04742637649178505
0.5971935987472534,0.6671452522277832,0.28418129682540894
0.5082978010177612,0.6681808829307556,0.267223596572876
0.5929630398750305,0.6718562245368958,0.3138920068740845
0.5155555605888367,0.6733675003051758,0.2911069989204407
0.5984577536582947,0.6900523900985718,0.18423262238502502
0.503841757774353,0.691470742225647,0.1626409888267517
-
0.5427832007408142,0.42390283942222595,-0.26846185326576233
0.5487743616104126,0.4193432927131653,-0.24451759457588196
0.5528371930122375,0.41944655776023865,-0.2445160299539566
0.5559571981430054,0.4195595681667328,-0.24457605183124542
0.5370083451271057,0.41944772005081177,-0.24394552409648895
0.5330449342727661,0.41963624954223633,-0.24397537112236023
0.5291473865509033,0.4198376536369324,-0.24392910301685333
0.5605475902557373,0.42275962233543396,-0.11044944077730179
0.5241442918777466,0.4231549799442291,-0.10830685496330261
0.5508682727813721,0.43098145723342896,-0.2199794501066208
0.5357269048690796,0.4310232996940613,-0.2196146696805954
0.5949960350990295,0.45776405930519104,-0.04130766913294792
0.4924350380897522,0.45848551392555237,0.005411670543253422
0.6657283306121826,0.47714704275131226,-0.027769114822149277
0.4464274048805237,0.47309571504592896,0.12754003703594208
0.610718309879303,0.49946850538253784,-0.13028199970722198
0.4877527952194214,0.4979868531227112,0.1578078418970108
0.5968258380889893,0.5082441568374634,-0.1674593985080719
0.4973463714122772,0.5062889456748962,0.14053882658481598
0.5894347429275513,0.5043590068817139,-0.18229615688323975
0.5039046406745911,0.5038692951202393,0.12760113179683685
0.5928164720535278,0.5016143321990967,-0.13767127692699432
0.5020475387573242,0.5013052225112915,0.1528836041688919
0.5808840990066528,0.546649694442749,-0.008665865287184715
0.5142644643783569,0.5487314462661743,0.008726142346858978
0.596537172794342,0.6190346479415894,-0.07543566823005676
0.5063260197639465,0.6210464239120483,-0.0713200643658638
0.5971149206161499,0.6668878793716431,0.28961610794067383
0.508822500705719,0.6684568524360657,0.26661041378974915
0.5929438471794128,0.6715279817581177,0.32019904255867004
0.5159429907798767,0.6738041639328003,0.2825108468532562
0.5983656644821167,0.6893599033355713,0.18508630990982056
0.5043991804122925,0.6913684606552124,0.14652910828590393
-
0.5414392948150635,0.4183645248413086,-0.2779141068458557
0.5478984117507935,0.4125337600708008,-0.25454995036125183
0.5520786046981812,0.4127954840660095,-0.25454816222190857
0.5554072260856628,0.4132065773010254,-0.2546006143093109
0.536151647567749,0.41227641701698303,-0.2541663348674774
0.5322812795639038,0.4124203622341156,-0.2541884481906891
0.5286004543304443,0.4125114977359772,-0.25414660573005676
0.5603767037391663,0.4170096814632416,-0.11613248288631439
0.5239953398704529,0.41558876633644104,-0.11751426011323929
0.5497605204582214,0.42478862404823303,-0.22765100002288818
0.5344855189323425,0.423622190952301,-0.22790928184986115
0.5946868658065796,0.44945162534713745,-0.012423292733728886
0.49187231063842773,0.45040231943130493,0.003668621415272355
0.6642546057701111,0.4662296175956726,0.09531010687351227
0.4460597634315491,0.4681152403354645,0.14954176545143127
0.6105594635009766,0.48692256212234497,0.08099155128002167
0.4875766634941101,0.491015762090683,0.20033740997314453
0.5968185663223267,0.494161456823349,0.059119049459695816
0.49730852246284485,0.4988338351249695,0.18629080057144165
0.5898692011833191,0.49264416098594666,0.03897515684366226
0.5035988092422485,0.49720901250839233,0.1755412369966507
0.5930933356285095,0.48989200592041016,0.07272066175937653
0.5020198822021484,0.4950200915336609,0.1972104161977768
0.5809960961341858,0.5366852879524231,-0.003502185456454754
0.5151997208595276,0.5394884347915649,0.003542148508131504
0.5963631868362427,0.6144310235977173,-0.07157912105321884
0.5071221590042114,0.6170602440834045,-0.0631805807352066
0.5971648097038269,0.6659718751907349,0.2787955105304718
0.5087537169456482,0.667657732963562,0.21652834117412567
0.5933398604393005,0.6709614396095276,0.3064168393611908
0.5159086585044861,0.6731139421463013,0.23422817885875702
0.5981461405754089,0.6888002157211304,0.18355613946914673
0.5044009685516357,0.6909422278404236,0.0751127079129219
-
0.5408810377120972,0.4000588059425354,-0.26587721705436707
0.547518253326416,0.3951410949230194,-0.24433787167072296
0.5516722202301025,0.3953602612018585,-0.24432000517845154
0.5550549626350403,0.395718514919281,-0.24434994161128998
0.535601019859314,0.3948686420917511,-0.24435070157051086
0.5317882299423218,0.3949652314186096,-0.24438881874084473
0.5281704664230347,0.39516258239746094,-0.24435359239578247
0.5597221851348877,0.39907175302505493,-0.10440970212221146
0.5239656567573547,0.3989078998565674,-0.10553530603647232
0.5493760704994202,0.4067022204399109,-0.21349842846393585
0.5337860584259033,0.4064218997955322,-0.21381407976150513
0.5945769548416138,0.43076881766319275,-0.004214131273329258
0.4919823110103607,0.4341335892677307,0.01382283866405487
0.6625999212265015,0.4510423541069031,0.06416041404008865
0.4458082318305969,0.4521039128303528,0.1228981465101242
0.6100791096687317,0.47301068902015686,0.0007120472146198153
0.487446129322052,0.47361016273498535,0.11877458542585373
0.5964734554290771,0.4806610643863678,-0.03332017362117767
0.49704012274742126,0.48063215613365173,0.09431455284357071
0.5897168517112732,0.4777897894382477,-0.04954328015446663
0.5027455687522888,0.4773479104042053,0.07912063598632812
0.5930041074752808,0.4748820662498474,-0.006830656435340643
0.5013266801834106,0.47508081793785095,0.11237175017595291
0.5809376239776611,0.5253478288650513,-0.0025314590893685818
0.5156984925270081,0.5270052552223206,0.002567112911492586
0.5946478247642517,0.6013112664222717,-0.05360347032546997
0.5112068057060242,0.6029295921325684,-0.03488454222679138
0.5979097485542297,0.66530442237854,0.21757861971855164
0.5084466934204102,0.6657899618148804,0.20428447425365448
0.5956158638000488,0.6707019805908203,0.23436927795410156
0.5149593353271484,0.6704815626144409,0.21905210614204407
0.5976873636245728,0.6885088682174683,0.06904523819684982
0.5059210658073425,0.6905701160430908,0.054805051535367966
-
0.5411999821662903,0.38849493861198425,-0.2861906588077545
0.5479021072387695,0.3836158812046051,-0.2670779824256897
0.5518958568572998,0.38366448879241943,-0.26706773042678833
0.5552440881729126,0.3837600648403168,-0.26704925298690796
0.5356622338294983,0.3836366534233093,-0.26669853925704956
0.5318344235420227,0.38373619318008423,-0.26672640442848206
0.5282129645347595,0.38382846117019653,-0.2666914761066437
0.5599232912063599,0.38631245493888855,-0.1276453286409378
0.5239632725715637,0.38698866963386536,-0.12578198313713074
0.5498031973838806,0.3951905369758606,-0.23215743899345398
0.5341742634773254,0.3957589566707611,-0.2317168414592743
0.59491366147995,0.41837063431739807,-0.010159260593354702
0.4920077919960022,0.4218503534793854,0.012563337571918964
0.6626684069633484,0.440196692943573,-0.001742132822982967
0.445206880569458,0.4402233064174652,0.07280592620372772
0.6102601885795593,0.46045151352882385,-0.16981717944145203
0.484441339969635,0.4597699046134949,-0.005981288384646177
0.5970227718353271,0.46734505891799927,-0.21392542123794556
0.49483659863471985,0.4675076901912689,-0.03680288419127464
0.5905534625053406,0.46216878294944763,-0.22470872104167938
0.5004688501358032,0.46221724152565,-0.05031616985797882
0.5936141610145569,0.45987677574157715,-0.17606425285339355
0.4990028738975525,0.4596438407897949,-0.0117740323767066
0.5808670520782471,0.5147060751914978,-0.003613162785768509
0.5160947442054749,0.5156349539756775,0.0035572522319853306
0.5922470688819885,0.5899938344955444,-0.018243946135044098
0.5138692855834961,0.590322732925415,-0.0015288336435332894
0.5999327898025513,0.6597253084182739,0.19425716996192932
0.5084145069122314,0.6589437127113342,0.19671985507011414
0.5976407527923584,0.6655819416046143,0.20546646416187286
0.5149329900741577,0.6643306016921997,0.20791134238243103
0.6016296148300171,0.6860466599464417,0.035859011113643646
0.5058355331420898,0.685003399848938,0.04593595489859581
-
0.5412193536758423,0.37929296493530273,-0.3057490587234497
0.547892153263092,0.37370428442955017,-0.28670814633369446
0.551898717880249,0.3737396001815796,-0.2866917550563812
0.5551841855049133,0.37381884455680847,-0.28668367862701416
0.5355314016342163,0.37401360273361206,-0.28587478399276733
0.5317037105560303,0.3742247521877289,-0.2858920097351074
0.5280430912971497,0.37457555532455444,-0.28586339950561523
0.5599100589752197,0.37681499123573303,-0.1482703983783722
0.5238999128341675,0.378196656703949,-0.14352765679359436
0.5498479008674622,0.3863469362258911,-0.25204968452453613
0.5341818928718567,0.3873136639595032,-0.25076499581336975
0.5960593223571777,0.40984225273132324,-0.02474040724337101
0.49167773127555847,0.4134628176689148,-0.00863101240247488
0.6634677648544312,0.4315683841705322,-0.0068761673755943775
0.443533718585968,0.4334164559841156,0.07303594797849655
0.6105141639709473,0.4528322219848633,-0.16720043122768402
0.4819628894329071,0.45101842284202576,0.0016665637958794832
0.597525954246521,0.45867809653282166,-0.20960266888141632
0.4937900900840759,0.45808616280555725,-0.024900931864976883
0.5913906693458557,0.4525052011013031,-0.22168485820293427
0.4997120797634125,0.4527716636657715,-0.03515287861227989
0.5940646529197693,0.4504837393760681,-0.1739254593849182
0.49796363711357117,0.45024973154067993,-0.006022055167704821
0.5813769102096558,0.5050746202468872,-0.0035402255598455667
0.5164915919303894,0.5062447190284729,0.003479104023426771
0.5895286798477173,0.5801447629928589,-0.004919628147035837
0.5169299840927124,0.5813177227973938,0.001712615485303104
0.6002540588378906,0.6465231776237488,0.21744345128536224
0.5101669430732727,0.6475077867507935,0.2045808732509613
0.5975634455680847,0.6527625322341919,0.23270592093467712
0.5166019201278687,0.6529405117034912,0.21696290373802185
0.6060575842857361,0.671947181224823,0.06682862341403961
0.505986213684082,0.6734218597412109,0.053551871329545975
-
0.5402799844741821,0.37242674827575684,-0.3027421236038208
0.5464140772819519,0.36666008830070496,-0.28267526626586914
0.5506615042686462,0.36664873361587524,-0.282665878534317
0.5543384552001953,0.3667057454586029,-0.2826659679412842
0.5339243412017822,0.3674412667751312,-0.28204062581062317
0.5300676822662354,0.3679956793785095,-0.2820653021335602
0.5265205502510071,0.3684096336364746,-0.2820339500904083
0.5596290230751038,0.3702760934829712,-0.14320796728134155
0.5229642987251282,0.3720018267631531,-0.14054659008979797
0.5492032170295715,0.3791016638278961,-0.24921779334545135
0.5331159234046936,0.3797721564769745,-0.24838954210281372
0.5960803627967834,0.40405839681625366,-0.02691439539194107
0.49121251702308655,0.4066016674041748,-0.009826410561800003
0.6629794239997864,0.4249534606933594,-0.007996654137969017
0.44350966811180115,0.42920994758605957,0.06692139059305191
0.6105642318725586,0.4467982351779938,-0.16301502287387848
0.47947221994400024,0.4453349709510803,-0.002493936102837324
0.5977914333343506,0.45205968618392944,-0.20549838244915009
0.49167904257774353,0.45116716623306274,-0.03233792632818222
0.591584324836731,0.44644394516944885,-0.21911625564098358
0.49754586815834045,0.44678956270217896,-0.04753992334008217
0.5941475033760071,0.44400134682655334,-0.1705765724182129
0.4954149127006531,0.444516122341156,-0.009258465841412544
0.5814806818962097,0.49791091680526733,-0.002274044556543231
0.5165927410125732,0.4999886155128479,0.002174008870497346
0.5878190398216248,0.5732412338256836,-0.008145734667778015
0.5180635452270508,0.5756608843803406,-0.00044250342762097716
0.6002553105354309,0.6396738886833191,0.2166784256696701
0.5113252997398376,0.6405073404312134,0.20811939239501953
0.5974560976028442,0.646385669708252,0.23019392788410187
0.5179531574249268,0.6459239721298218,0.22081971168518066
0.6107445359230042,0.6643896698951721,0.06255488097667694
0.5067554116249084,0.6663271188735962,0.056508228182792664
-
0.5403156876564026,0.3699035942554474,-0.29582324624061584
0.5464561581611633,0.3643290102481842,-0.2767874002456665
0.5506924390792847,0.3642555773258209,-0.2767881155014038
0.5543621778488159,0.3642888069152832,-0.27678412199020386
0.5339924693107605,0.3647545576095581,-0.2760426998138428
0.5301295518875122,0.364987313747406,-0.2760697901248932
0.5265495181083679,0.36528706550598145,-0.27606427669525146
0.5599448680877686,0.3671836853027344,-0.1371525526046753
0.5226384997367859,0.368796169757843,-0.13331474363803864
0.5492318272590637,0.3765586018562317,-0.2414550930261612
0.5331510305404663,0.37756091356277466,-0.24057184159755707
0.596189558506012,0.4010019302368164,-0.02425272762775421
0.4911349415779114,0.402733713388443,-0.009930537082254887
0.6628014445304871,0.42159634828567505,-0.01191443856805563
0.4434490501880646,0.42486771941185,0.04142434149980545
0.6132935881614685,0.4410555362701416,-0.18623307347297668
0.4793992042541504,0.441974937915802,-0.05227406322956085
0.5999009013175964,0.4488140940666199,-0.23217879235744476
0.4915987551212311,0.44912904500961304,-0.08685651421546936
0.5931344628334045,0.4436195492744446,-0.24470163881778717
0.4976446032524109,0.44449228048324585,-0.10205645859241486
0.5953472256660461,0.4414154887199402,-0.19406268000602722
0.49551892280578613,0.4424712657928467,-0.05938481166958809
0.581609308719635,0.49453097581863403,-0.0014052970800548792
0.5166221857070923,0.49662819504737854,0.0012945871567353606
0.5879175662994385,0.569608747959137,-0.015322361141443253
0.5193154811859131,0.5712283253669739,-0.004761755932122469
0.6003661155700684,0.6355563402175903,0.2180677354335785
0.5143702626228333,0.6355212926864624,0.20751641690731049
0.5974037647247314,0.6417607665061951,0.23262843489646912
0.5207445025444031,0.6407727003097534,0.22039148211479187
0.6100785732269287,0.6606928110122681,0.06661984324455261
0.5094228386878967,0.661689817905426,0.05605991184711456
-
0.5405578017234802,0.367695689201355,-0.2927047908306122
0.5465892553329468,0.3620627522468567,-0.272445410490036
0.5508490800857544,0.3621295988559723,-0.2724575996398926
0.5544041395187378,0.36226341128349304,-0.2724595069885254
0.5340420603752136,0.3622574210166931,-0.2712625563144684
0.5301562547683716,0.36237969994544983,-0.27127358317375183
0.5265641808509827,0.36265623569488525,-0.2712513506412506
0.5599616169929504,0.3655625283718109,-0.12959547340869904
0.5225728154182434,0.36628955602645874,-0.12457685172557831
0.5492885708808899,0.37452512979507446,-0.23775461316108704
0.5334808826446533,0.3752719759941101,-0.23658758401870728
0.5960958003997803,0.3992650806903839,-0.026677865535020828
0.4911414682865143,0.401176393032074,-0.01200756523758173
0.66217440366745,0.41990765929222107,-0.08516352623701096
0.44301456212997437,0.42242589592933655,-0.05389938876032829
0.6154047846794128,0.4384482800960541,-0.3001748323440552
0.47965532541275024,0.4395145773887634,-0.24755583703517914
0.6015027761459351,0.44748789072036743,-0.35549718141555786
0.4915507435798645,0.44656768441200256,-0.29718300700187683
0.5940070152282715,0.44173169136047363,-0.3620721101760864
0.497726172208786,0.4413386881351471,-0.30564120411872864
0.5962002873420715,0.4391424059867859,-0.30636459589004517
0.4956398904323578,0.43918657302856445,-0.25423145294189453
0.581639289855957,0.4937622547149658,-0.0014439444057643414
0.516674280166626,0.4950747489929199,0.0013353036483749747
0.5881539583206177,0.5678452253341675,-0.014803939498960972
0.5198330879211426,0.5700410008430481,-2.6634619644028135e-05
0.6004198789596558,0.6318331360816956,0.22424949705600739
0.5157966613769531,0.6330353617668152,0.21125692129135132
0.5973126888275146,0.6376047134399414,0.23612800240516663
0.5216519236564636,0.6383792161941528,0.22062519192695618
0.6092658638954163,0.6575330495834351,0.07430334389209747
0.511606752872467,0.6589558124542236,0.06458902359008789
-
0.5408194065093994,0.3676754832267761,-0.291523814201355
0.5467739701271057,0.36222752928733826,-0.27116894721984863
0.550976037979126,0.3622318208217621,-0.2711791694164276
0.5544182062149048,0.36230456829071045,-0.27118584513664246
0.5342344641685486,0.3624613881111145,-0.27069756388664246
0.5302814245223999,0.3626803755760193,-0.2707096338272095
0.5266315937042236,0.3629087209701538,-0.27069124579429626
0.5598405003547668,0.3655349612236023,-0.12929968535900116
0.5224894285202026,0.3663419485092163,-0.12627793848514557
0.5493344664573669,0.3744071125984192,-0.23704934120178223
0.5334987044334412,0.37482813000679016,-0.23659977316856384
0.5960156917572021,0.3994120657444,-0.028785191476345062
0.4907018542289734,0.40023404359817505,-0.016457051038742065
0.6617404222488403,0.4201797842979431,-0.07216382771730423
0.4420968294143677,0.42107954621315,0.0021528552751988173
0.6130760908126831,0.4399235248565674,-0.2327944040298462
0.4784417450428009,0.43897372484207153,-0.09772014617919922
0.6011602282524109,0.44813936948776245,-0.27856382727622986
0.49109166860580444,0.4467187523841858,-0.13332314789295197
0.5936822891235352,0.44306498765945435,-0.29024091362953186
0.49757885932922363,0.44157591462135315,-0.146233469247818
0.5956804752349854,0.4403122067451477,-0.23969724774360657
0.49541762471199036,0.43895086646080017,-0.10428030043840408
0.5816137790679932,0.494166761636734,-0.0015093652764335275
0.5166383385658264,0.4959021210670471,0.0014051723992452025
0.5882880091667175,0.5665176510810852,-0.0134839853271842
0.519938051700592,0.5696884989738464,0.0014018216170370579
0.6007325053215027,0.6322919130325317,0.22000662982463837
0.5169713497161865,0.6321394443511963,0.21111002564430237
0.5972117185592651,0.6378244161605835,0.2336791604757309
0.5229259133338928,0.6376587152481079,0.2226296365261078
0.6089372038841248,0.6576210260391235,0.0708683580160141
0.5124644041061401,0.658460259437561,0.06495438516139984
-
0.541179895401001,0.3704518675804138,-0.28923341631889343
0.5467875003814697,0.3647337257862091,-0.26813438534736633
0.551028847694397,0.36461347341537476,-0.26814353466033936
0.5544484853744507,0.3645384609699249,-0.268159955739975
0.5344621539115906,0.36523687839508057,-0.26882338523864746
0.5305824875831604,0.36535975337028503,-0.2688285708427429
0.5268720388412476,0.36536338925361633,-0.26881229877471924
0.5596857070922852,0.3676050305366516,-0.1217486709356308
0.522416889667511,0.36899420619010925,-0.12516100704669952
0.5494800806045532,0.3767302930355072,-0.23283809423446655
0.534085214138031,0.3771139681339264,-0.23408344388008118
0.5960202813148499,0.4007047116756439,-0.0182788148522377
0.49070557951927185,0.40174078941345215,-0.016501668840646744
0.6594194769859314,0.421546995639801,-0.01632652059197426
0.4416865408420563,0.42327824234962463,0.00965336337685585
0.613038182258606,0.4421152174472809,-0.18384550511837006
0.47695237398147583,0.4404723644256592,-0.10077007114887238
0.601106584072113,0.44952839612960815,-0.23175689578056335
0.4902926981449127,0.44839614629745483,-0.13817419111728668
0.5936266183853149,0.44437989592552185,-0.24411578476428986
0.49721625447273254,0.4437287747859955,-0.1562335044145584
0.595659077167511,0.44144660234451294,-0.19117294251918793
0.4948121905326843,0.4410417675971985,-0.10935928672552109
0.5815919041633606,0.4951358735561371,-7.815746357664466e-05
0.516308069229126,0.49717193841934204,8.135750249493867e-06
0.5884751677513123,0.5682079195976257,-0.027215037494897842
0.5202750563621521,0.5716829299926758,-0.007643837481737137
0.6007210612297058,0.6335545182228088,0.214090958237648
0.5177655816078186,0.6345008611679077,0.19898872077465057
0.5966693162918091,0.638900876045227,0.22965756058692932
0.5238053202629089,0.6399030089378357,0.21133409440517426
0.6080976128578186,0.659552276134491,0.06534956395626068
0.5131051540374756,0.66057288646698,0.04641219228506088
-
0.5410799384117126,0.37337377667427063,-0.30588820576667786
0.5467485785484314,0.3680729269981384,-0.28371843695640564
0.5510410070419312,0.3679685890674591,-0.2837187349796295
0.554455041885376,0.36791500449180603,-0.28374388813972473
0.5344406366348267,0.36854737997055054,-0.2848435342311859
0.5305724740028381,0.3687182068824768,-0.28485777974128723
0.5268287658691406,0.36883237957954407,-0.28482338786125183
0.5596665143966675,0.3710934817790985,-0.13639019429683685
0.5220558047294617,0.3721707761287689,-0.14184176921844482
0.5494351983070374,0.3795352280139923,-0.24959804117679596
0.5339733958244324,0.37990930676460266,-0.25131478905677795
0.5961244106292725,0.4046052098274231,-0.03418240696191788
0.490548312664032,0.4061630368232727,-0.030976152047514915
0.6592998504638672,0.42400020360946655,-0.046977076679468155
0.4415149986743927,0.4271787106990814,-0.0004228820907883346
0.6129880547523499,0.4459143579006195,-0.23004154860973358
0.47677117586135864,0.4446117877960205,-0.11456301063299179
0.6010417342185974,0.45231494307518005,-0.27966010570526123
0.4899471402168274,0.4512997269630432,-0.15202505886554718
0.593610942363739,0.44775447249412537,-0.28864556550979614
0.49668943881988525,0.4470730721950531,-0.1699773669242859
0.5956417322158813,0.4451490044593811,-0.236525297164917
0.49417757987976074,0.444693386554718,-0.12305959314107895
0.5816456079483032,0.49814993143081665,0.0002568313211668283
0.5162883996963501,0.5001273155212402,-0.0003383508010301739
0.5884937644004822,0.5723935961723328,-0.03186081722378731
0.5202697515487671,0.5754838585853577,-0.01922873593866825
0.6006917357444763,0.6362006664276123,0.2174939662218094
0.5175020694732666,0.6365728378295898,0.20072661340236664
0.5963433980941772,0.641366720199585,0.23399783670902252
0.5235020518302917,0.6414648294448853,0.21190762519836426
0.6062345504760742,0.6621639728546143,0.07095061987638474
0.5132636427879333,0.6631850600242615,0.04811600223183632
-
0.5410629510879517,0.375141978263855,-0.30514514446258545
0.5467654466629028,0.3710203468799591,-0.2827012240886688
0.5511538982391357,0.37100547552108765,-0.2826888859272003
0.5545544624328613,0.3710114061832428,-0.28272613883018494
0.5344699621200562,0.37080973386764526,-0.2841492295265198
0.5305994749069214,0.37078315019607544,-0.28416499495506287
0.5268430113792419,0.3708154559135437,-0.28410571813583374
0.5596902966499329,0.37322595715522766,-0.13759934902191162
0.5219337940216064,0.3733687996864319,-0.14468376338481903
0.5494467616081238,0.3824346959590912,-0.24996761977672577
0.5338754653930664,0.38273483514785767,-0.2520412504673004
0.5959438681602478,0.40554890036582947,-0.03575466573238373
0.4902939796447754,0.41126251220703125,-0.02863643877208233
0.6590352058410645,0.42550191283226013,0.0012279143556952477
0.4388718903064728,0.4314262866973877,0.055786434561014175
0.6118314266204834,0.4489254355430603,-0.10824228078126907
0.47798871994018555,0.45276063680648804,0.0077356575056910515
0.6005660891532898,0.4548390805721283,-0.14753593504428864
0.4906570315361023,0.45927152037620544,-0.021096305921673775
0.5934258699417114,0.45098742842674255,-0.16072498261928558
0.4971526265144348,0.45462989807128906,-0.037702299654483795
0.5953976511955261,0.44935107231140137,-0.11497784405946732
0.49472129344940186,0.45280057191848755,0.0007748237694613636
0.5818244814872742,0.49900683760643005,-0.00035895302426069975
0.5161846876144409,0.5005472302436829,0.000310199277009815
0.5886077284812927,0.5764865279197693,-0.03635883331298828
0.5193181037902832,0.5802509784698486,-0.021855058148503304
0.6006349325180054,0.6371003985404968,0.218669593334198
0.5174292922019958,0.6372908353805542,0.20096085965633392
0.5962834358215332,0.6427443027496338,0.23580047488212585
0.5233574509620667,0.642402172088623,0.2148984968662262
0.6031362414360046,0.664798378944397,0.07405716925859451
0.5130714178085327,0.6641463041305542,0.06469554454088211
-
0.5408105254173279,0.3880225718021393,-0.3080820143222809
0.5467305779457092,0.3831155598163605,-0.2851572632789612
0.5510851740837097,0.38313400745391846,-0.28514981269836426
0.5545002818107605,0.38324907422065735,-0.2851909399032593
0.5343292951583862,0.3833218514919281,-0.2861979901790619
0.5303054451942444,0.3835986256599426,-0.28620681166648865
0.5263540148735046,0.3838983178138733,-0.2861332297325134
0.5592596530914307,0.38654467463493347,-0.14223851263523102
0.5215603709220886,0.38710469007492065,-0.1470557153224945
0.5490447878837585,0.39514797925949097,-0.25417059659957886
0.5331972241401672,0.3954196572303772,-0.2556011378765106
0.5944409966468811,0.41834601759910583,-0.05259262025356293
0.4903101325035095,0.42349082231521606,-0.03007850982248783
0.6580274105072021,0.43618249893188477,-0.03334325551986694
0.43774864077568054,0.441505491733551,0.05146002396941185
0.6117968559265137,0.4585874676704407,-0.16028058528900146
0.4786807596683502,0.46326565742492676,0.0020063379779458046
0.6006585359573364,0.4663689136505127,-0.200249582529068
0.49067628383636475,0.46979618072509766,-0.02613946609199047
0.5934217572212219,0.462158739566803,-0.2180543690919876
0.4970353841781616,0.4665737748146057,-0.04151466488838196
0.5954000949859619,0.4597187936306,-0.1695663034915924
0.4947350025177002,0.464292049407959,-0.004634968936443329
0.5818812251091003,0.5111262202262878,-0.0015607340028509498
0.5165714025497437,0.5132092237472534,0.0015361090190708637
0.5903601050376892,0.586642324924469,-0.03653440251946449
0.5166500806808472,0.5923356413841248,-0.018598327413201332
0.6001644730567932,0.6427196264266968,0.259120911359787
0.5167313814163208,0.6450880169868469,0.24494287371635437
0.5961726307868958,0.6482332348823547,0.2819967567920685
0.5229358673095703,0.6498543620109558,0.2642558217048645
0.6004441380500793,0.671543300151825,0.13025866448879242
0.51301509141922,0.6744000911712646,0.11495683342218399
-
0.5402586460113525,0.4024035930633545,-0.3064902722835541
0.5463317632675171,0.396633118391037,-0.2840060889720917
0.5506157875061035,0.3966025710105896,-0.2839975655078888
0.5541409254074097,0.3966673016548157,-0.2840285897254944
0.5340959429740906,0.3969934284687042,-0.284439355134964
0.5301104187965393,0.3971041738986969,-0.28444904088974
0.5262203216552734,0.3972339928150177,-0.28438600897789
0.5588706731796265,0.40037399530410767,-0.14401668310165405
0.5215507745742798,0.40092507004737854,-0.145124614238739
0.548485279083252,0.40860575437545776,-0.2534940540790558
0.5327422022819519,0.4086970388889313,-0.254011332988739
0.5932208299636841,0.4325432777404785,-0.0682043731212616
0.4904545247554779,0.43544802069664,-0.030158434063196182
0.6578274369239807,0.44887280464172363,-0.08519420772790909
0.43681228160858154,0.45294785499572754,0.02579292468726635
0.6081671118736267,0.4727333188056946,-0.25114133954048157
0.4787382483482361,0.4739527702331543,-0.055279020220041275
0.5964405536651611,0.48135191202163696,-0.2977340519428253
0.4907084107398987,0.4812312722206116,-0.08689164370298386
0.5885606408119202,0.4781937003135681,-0.30855146050453186
0.4970574378967285,0.47810235619544983,-0.10062257200479507
0.5910360813140869,0.47529831528663635,-0.2579728364944458
0.49477607011795044,0.47545117139816284,-0.06212710216641426
0.5821265578269958,0.5233423709869385,-0.0030290717259049416
0.517175018787384,0.5253124833106995,0.0029935515485703945
0.5931267142295837,0.5957595705986023,-0.040769316256046295
0.515731930732727,0.6004775166511536,-0.01585906185209751
0.599648118019104,0.649333119392395,0.2612650692462921
0.5157322287559509,0.6508577466011047,0.2577672600746155
0.5958280563354492,0.654028594493866,0.284484326839447
0.5219863057136536,0.6562888026237488,0.27795299887657166
0.5972185730934143,0.6784946918487549,0.13511571288108826
0.5123205184936523,0.6788255572319031,0.13342896103858948
-
0.5397542119026184,0.4157392978668213,-0.29160380363464355
0.5459226369857788,0.40990719199180603,-0.2692950367927551
0.5501196980476379,0.40992531180381775,-0.26929259300231934
0.5537309646606445,0.4100523591041565,-0.26931628584861755
0.5340033173561096,0.41027936339378357,-0.26845940947532654
0.5300654172897339,0.41047176718711853,-0.2684768736362457
0.5262244939804077,0.41071733832359314,-0.2684495747089386
0.5587475895881653,0.4137578010559082,-0.13805849850177765
0.5215615630149841,0.4143880009651184,-0.13440793752670288
0.5476368069648743,0.4218072295188904,-0.24297860264778137
0.5325415730476379,0.4217183589935303,-0.24210044741630554
0.5919722318649292,0.4454692304134369,-0.06825102120637894
0.4903096556663513,0.4482584595680237,-0.031141141429543495
0.6570844054222107,0.4614483714103699,-0.09189600497484207
0.43683570623397827,0.4655592441558838,0.023114323616027832
0.6054027676582336,0.4856792092323303,-0.24207979440689087
0.48111021518707275,0.4870828092098236,-0.02114441618323326
0.5936660766601562,0.49365466833114624,-0.2857934236526489
0.49357864260673523,0.4946143627166748,-0.04623410850763321
0.5865780711174011,0.491188108921051,-0.29612186551094055
0.4999261200428009,0.49355611205101013,-0.05747700855135918
0.589509904384613,0.48790717124938965,-0.24907176196575165
0.4975084066390991,0.4907631278038025,-0.026452098041772842
0.5822662115097046,0.5351773500442505,-0.003028007922694087
0.5174300074577332,0.5378714799880981,0.0029933478217571974
0.5962597131729126,0.6056353449821472,-0.049390681087970734
0.5152643322944641,0.6101764440536499,-0.02246968261897564
0.5993140935897827,0.6564164757728577,0.2597469091415405
0.5152546167373657,0.6552344560623169,0.25807201862335205
0.5956330895423889,0.662262499332428,0.2839357852935791
0.5212852358818054,0.6608911752700806,0.2798214256763458
0.59638512134552,0.6810283064842224,0.142389714717865
0.5111111998558044,0.68145352602005,0.14304262399673462
-
0.5399566292762756,0.4236770272254944,-0.2725616991519928
0.5459539890289307,0.41912683844566345,-0.2475103735923767
0.5501403212547302,0.41924986243247986,-0.24750708043575287
0.5536574721336365,0.4194094240665436,-0.2475377470254898
0.5342053771018982,0.41949447989463806,-0.24845026433467865
0.530229926109314,0.4198572039604187,-0.2484620362520218
0.5263495445251465,0.4202541410923004,-0.24841217696666718
0.5586704015731812,0.42329126596450806,-0.11577171832323074
0.5216813683509827,0.4242774546146393,-0.12118131667375565
0.5477662086486816,0.43065881729125977,-0.2249840795993805
0.5328306555747986,0.4308221936225891,-0.2266349196434021
0.5915176272392273,0.45669764280319214,-0.06260906159877777
0.4911768138408661,0.45871806144714355,-0.03223263844847679
0.6572640538215637,0.47247999906539917,-0.09214941412210464
0.43750905990600586,0.4754374027252197,-0.01039466168731451
0.6052348613739014,0.4970248341560364,-0.24012824892997742
0.4819602072238922,0.4971189498901367,-0.07918397337198257
0.5937903523445129,0.5049741864204407,-0.28536564111709595
0.4942472279071808,0.5040425062179565,-0.10966923087835312
0.5860540866851807,0.5023675560951233,-0.29314225912094116
0.5010367631912231,0.5023435950279236,-0.11802562326192856
0.5885947942733765,0.4999229311943054,-0.24561534821987152
0.4988909363746643,0.5001420378684998,-0.08371305465698242
0.5822567343711853,0.5450583100318909,-0.001137867453508079
0.5174577832221985,0.5469021201133728,0.0010681721614673734
0.5989753007888794,0.6154488921165466,-0.07652498036623001
0.5151892900466919,0.6171845197677612,-0.05711919069290161
0.5977151989936829,0.6586973071098328,0.27391546964645386
0.515141487121582,0.6581563353538513,0.2695319354534149
0.5915206074714661,0.6631342172622681,0.3038889765739441
0.5214674472808838,0.662771999835968,0.2973344027996063
0.5969116687774658,0.6825364232063293,0.1796855330467224
0.5110657215118408,0.6819557547569275,0.17833934724330902
-
0.540117621421814,0.4268221855163574,-0.20933747291564941
0.5462096929550171,0.4222284257411957,-0.18362006545066833
0.5502458214759827,0.42224961519241333,-0.1835751235485077
0.5536643266677856,0.4224049150943756,-0.18364518880844116
0.5344665050506592,0.4227243959903717,-0.18450024724006653
0.5304524898529053,0.4230726659297943,-0.18455751240253448
0.5266225934028625,0.42343026399612427,-0.18441130220890045
0.5587493181228638,0.42596620321273804,-0.05060760676860809
0.5217467546463013,0.4276391565799713,-0.05739883333444595
0.5480278134346008,0.43334683775901794,-0.16279615461826324
0.533166766166687,0.43383151292800903,-0.16452760994434357
0.5916001200675964,0.4590652883052826,0.013108408078551292
0.4922831356525421,0.46187955141067505,0.04484392702579498
0.6562631130218506,0.4767044186592102,0.09840744733810425
0.44467246532440186,0.4780842363834381,0.17425020039081573
0.6043479442596436,0.5003272294998169,0.11931299418210983
0.486921101808548,0.5011929273605347,0.2430410385131836
0.592386782169342,0.5078514814376831,0.10096253454685211
0.497461199760437,0.5093947649002075,0.23219865560531616
0.5851309299468994,0.5048431158065796,0.08548615127801895
0.5031262040138245,0.5068651437759399,0.22385290265083313
0.5878691673278809,0.5023565292358398,0.11354254931211472
0.5012136101722717,0.5042731761932373,0.2400451898574829
0.5821508169174194,0.5449448823928833,-0.0012341929832473397
0.5174511075019836,0.5473012328147888,0.0011953978100791574
0.5985799431800842,0.6143233180046082,-0.09194572269916534
0.5151872634887695,0.6166694760322571,-0.07561749964952469
0.5972930788993835,0.6593708395957947,0.26437249779701233
0.5150992274284363,0.658898115158081,0.2633805572986603
0.5915035009384155,0.6640482544898987,0.29213932156562805
0.5215477347373962,0.6629766821861267,0.29182568192481995
0.5969921946525574,0.6825705170631409,0.17459487915039062
0.5119768977165222,0.6825625896453857,0.1874152272939682
-
0.5399050712585449,0.42165279388427734,-0.23748165369033813
0.5458835363388062,0.41734200716018677,-0.21311813592910767
0.5498901605606079,0.41732731461524963,-0.21310098469257355
0.5531830787658691,0.417357861995697,-0.21316424012184143
0.5340327620506287,0.41794776916503906,-0.21316318213939667
0.5300731062889099,0.4183019697666168,-0.21317774057388306
0.5262105464935303,0.41867589950561523,-0.21310359239578247
0.5583859086036682,0.4210996627807617,-0.0812411680817604
0.5217375159263611,0.42298373579978943,-0.08253607153892517
0.5480406880378723,0.42863979935646057,-0.19013695418834686
0.5329962968826294,0.42896610498428345,-0.19053925573825836
0.5916652083396912,0.4571011960506439,-0.01347302831709385
0.4939567446708679,0.45803871750831604,0.014117375016212463
0.6560964584350586,0.4737538695335388,0.020820625126361847
0.4471896290779114,0.4732455611228943,0.10328232496976852
0.602303147315979,0.4976925849914551,-0.081234872341156
0.4878477454185486,0.4977818429470062,0.12540370225906372
0.5900624394416809,0.5045896768569946,-0.11814787983894348
0.49808573722839355,0.5049803853034973,0.10502072423696518
0.5835463404655457,0.5025219321250916,-0.13014666736125946
0.5042362809181213,0.5033569931983948,0.09187453240156174
0.5861459970474243,0.5004976987838745,-0.08763725310564041
0.5025826096534729,0.5011337399482727,0.11979366838932037
0.581669270992279,0.5424516201019287,-0.001553803333081305
0.5174488425254822,0.5450214147567749,0.0015609182883054018
0.5987123250961304,0.6141793131828308,-0.08016917109489441
0.5151353478431702,0.6152744889259338,-0.0716073289513588
0.5970137119293213,0.6597391963005066,0.271110475063324
0.5152106285095215,0.6582372188568115,0.269372820854187
0.5913224816322327,0.6646115779876709,0.3004085421562195
0.5216525197029114,0.6625202894210815,0.298737496137619
0.597074568271637,0.6819683313369751,0.1752263605594635
0.51189124584198,0.6821230053901672,0.18481913208961487
-
0.5396718382835388,0.41568121314048767,-0.24932509660720825
0.5458270311355591,0.41098934412002563,-0.2258133739233017
0.5498232841491699,0.410992294549942,-0.2258244901895523
0.5530194640159607,0.41105514764785767,-0.22587519884109497
0.5339692831039429,0.411469042301178,-0.22636979818344116
0.5300635099411011,0.4117668569087982,-0.22636140882968903
0.5262197852134705,0.4120842516422272,-0.2262876033782959
0.5583941340446472,0.41466158628463745,-0.09252956509590149
0.521834135055542,0.41609877347946167,-0.09483585506677628
0.5480508804321289,0.4224871098995209,-0.19965939223766327
0.5330023765563965,0.4227924346923828,-0.2006273716688156
0.5912737250328064,0.44921836256980896,-0.01745603233575821
0.4948130249977112,0.45093774795532227,0.0055676293559372425
0.6555639505386353,0.46662217378616333,0.05031127482652664
0.44693803787231445,0.467642605304718,0.12030140310525894
0.6021909713745117,0.49005675315856934,0.0074274479411542416
0.4879510700702667,0.49026909470558167,0.1564963310956955
0.5901352167129517,0.49751725792884827,-0.019535019993782043
0.49817174673080444,0.4976162910461426,0.14009562134742737
0.5837171077728271,0.4946652352809906,-0.03618162125349045
0.5040407776832581,0.49525800347328186,0.1269415020942688
0.5863686800003052,0.49223390221595764,8.619929576525465e-05
0.5023120045661926,0.4928980767726898,0.1513790637254715
0.581073522567749,0.537138819694519,-0.00020402918744366616
0.5176854729652405,0.5393544435501099,0.0001855571463238448
0.5984729528427124,0.6090519428253174,-0.07235998660326004
0.5151011347770691,0.6110169291496277,-0.06961296498775482
0.5969654321670532,0.6594688296318054,0.266534686088562
0.5152680277824402,0.6579908728599548,0.2643042504787445
0.5913865566253662,0.6644298434257507,0.29335182905197144
0.5216959118843079,0.6626425981521606,0.2956339716911316
0.5971251726150513,0.6815820932388306,0.15890663862228394
0.5118411779403687,0.6817811727523804,0.18369261920452118
-
0.5396786332130432,0.40421062707901,-0.26148298382759094
0.5458393692970276,0.39888450503349304,-0.23953311145305634
0.5497995018959045,0.3988363742828369,-0.23951968550682068
0.5529501438140869,0.3990524113178253,-0.23954932391643524
0.533957302570343,0.39965587854385376,-0.24208521842956543
0.5300322771072388,0.40013474225997925,-0.24210630357265472
0.5261749625205994,0.40058931708335876,-0.24202905595302582
0.5583955645561218,0.40305814146995544,-0.09655806422233582
0.5218126177787781,0.4039890766143799,-0.1046120822429657
0.5480638742446899,0.4109274744987488,-0.2038591206073761
0.5330066084861755,0.4109499454498291,-0.20880672335624695
0.5914734601974487,0.43703001737594604,-0.004714339040219784
0.4947236478328705,0.4381484091281891,0.002590274903923273
0.6540448665618896,0.45387381315231323,0.06781773269176483
0.4463765323162079,0.45410633087158203,0.12070635706186295
0.6026036739349365,0.4757470488548279,-0.000593224773183465
0.4868365526199341,0.47604531049728394,0.1342308670282364
0.5913454294204712,0.4824201464653015,-0.03218955919146538
0.49728500843048096,0.48303571343421936,0.11430373787879944
0.5856042504310608,0.48043712973594666,-0.05114445090293884
0.502784252166748,0.4810514450073242,0.09883517026901245
0.5879515409469604,0.4780094623565674,-0.009729483164846897
0.5013030171394348,0.47881564497947693,0.12861858308315277
0.5810784101486206,0.5259026288986206,0.0012816260568797588
0.517985463142395,0.528650164604187,-0.0013161812676116824
0.596316933631897,0.5995959639549255,-0.05700303241610527
0.515181839466095,0.6037388443946838,-0.058785755187273026
0.5971683263778687,0.6583946943283081,0.2504536211490631
0.5148545503616333,0.6571627855300903,0.23434454202651978
0.592810332775116,0.663386881351471,0.27178388833999634
0.5214052200317383,0.6617915034294128,0.25490802526474
0.5972682237625122,0.6815820336341858,0.11688540875911713
0.5119000673294067,0.6818657517433167,0.10315573215484619
-
0.5403276085853577,0.3910592794418335,-0.2856656014919281
0.5465214848518372,0.3858165740966797,-0.2635675072669983
0.5501013398170471,0.3858778476715088,-0.2635393440723419
0.5533581972122192,0.38598376512527466,-0.2635420858860016
0.5342203974723816,0.38612523674964905,-0.26599645614624023
0.5301879644393921,0.3863428235054016,-0.26601850986480713
0.526258647441864,0.3866333067417145,-0.2659551203250885
0.5584821701049805,0.38925617933273315,-0.11763490736484528
0.5218101143836975,0.39030104875564575,-0.1291448473930359
0.5485673546791077,0.3980149030685425,-0.22965551912784576
0.5333203077316284,0.3987094759941101,-0.23367178440093994
0.591495156288147,0.422267347574234,-0.013516194187104702
0.4943752586841583,0.4253236651420593,-0.0023993325885385275
0.6542236804962158,0.4402015209197998,0.049244578927755356
0.44602566957473755,0.44214707612991333,0.11349780112504959
0.6028414964675903,0.4619467258453369,-0.026256786659359932
0.4851670265197754,0.4628596901893616,0.121270552277565
0.5914829969406128,0.4679175913333893,-0.059284012764692307
0.49573007225990295,0.47009897232055664,0.10092908143997192
0.5863322615623474,0.46370941400527954,-0.07632610201835632
0.5014893412590027,0.46656638383865356,0.0845673456788063
0.5888370275497437,0.4615105986595154,-0.03442039713263512
0.4999678432941437,0.46427106857299805,0.11557646095752716
0.581112265586853,0.514968991279602,0.001127353636547923
0.5185630917549133,0.5169525146484375,-0.0011769431876018643
0.5915268659591675,0.5869879722595215,-0.037635501474142075
0.5173607468605042,0.5885751247406006,-0.024835215881466866
0.5975090265274048,0.6536638140678406,0.23181560635566711
0.5136839151382446,0.6508826017379761,0.22643205523490906
0.5936859250068665,0.6588011980056763,0.2489701211452484
0.5199729800224304,0.6552772521972656,0.2430419772863388
0.5969091057777405,0.6800068616867065,0.08690759539604187
0.5115664005279541,0.6800776124000549,0.0871981531381607
-
0.540436327457428,0.3814334571361542,-0.304739385843277
0.5467017292976379,0.3755299746990204,-0.284048855304718
0.5501793026924133,0.37554866075515747,-0.2840127646923065
0.5534721612930298,0.37555721402168274,-0.28399819135665894
0.5342431664466858,0.37586256861686707,-0.28413623571395874
0.5301982164382935,0.37610533833503723,-0.28417113423347473
0.5262700915336609,0.3764510452747345,-0.28412795066833496
0.5585814714431763,0.3786396384239197,-0.14147798717021942
0.5218338370323181,0.37986791133880615,-0.14288710057735443
0.5486871600151062,0.38857167959213257,-0.2505231499671936
0.5333431959152222,0.3893207609653473,-0.2509961724281311
0.5935467481613159,0.4116602838039398,-0.025971896946430206
0.49433377385139465,0.4143863320350647,-0.012736769393086433
0.6561642289161682,0.4313785433769226,0.030726827681064606
0.4457215666770935,0.43352562189102173,0.1015075147151947
0.6039915680885315,0.45361536741256714,-0.05799907445907593
0.4832821190357208,0.45168179273605347,0.1078534945845604
0.593174934387207,0.4597042202949524,-0.09318669885396957
0.49479612708091736,0.4587874412536621,0.09125807881355286
0.5874208807945251,0.4549846649169922,-0.10879170149564743
0.5009393692016602,0.45375919342041016,0.07243674248456955
0.589722216129303,0.4528881013393402,-0.06575613468885422
0.49922120571136475,0.45139890909194946,0.09922730177640915
0.5821603536605835,0.5035200715065002,0.0007995314663276076
0.5193843245506287,0.505195140838623,-0.0008578202687203884
0.5891145467758179,0.5757054686546326,-0.016863273456692696
0.5189658999443054,0.5771716237068176,-0.01237186323851347
0.5973953008651733,0.6417262554168701,0.22781512141227722
0.5136133432388306,0.6423851251602173,0.204694002866745
0.5932689905166626,0.6471136808395386,0.24307997524738312
0.5199736952781677,0.647831380367279,0.21715587377548218
0.5965626835823059,0.6682335138320923,0.08179320394992828
0.5103783011436462,0.6707809567451477,0.05608029291033745
-
0.5404543280601501,0.3735830783843994,-0.30547669529914856
0.5467036366462708,0.36754846572875977,-0.28541135787963867
0.5501866936683655,0.36751049757003784,-0.2853859066963196
0.5534757375717163,0.36759060621261597,-0.2853793799877167
0.5342323184013367,0.3684430420398712,-0.28458714485168457
0.5301830172538757,0.36891987919807434,-0.28461217880249023
0.5262612104415894,0.36953794956207275,-0.2845780551433563
0.5589495897293091,0.37118178606033325,-0.14841914176940918
0.5216997861862183,0.3727964758872986,-0.14467276632785797
0.5487754344940186,0.3805762529373169,-0.2534618079662323
0.5333544611930847,0.38110196590423584,-0.25251105427742004
0.5946544408798218,0.40495824813842773,-0.03810475021600723
0.49428650736808777,0.4074797034263611,-0.02145523950457573
0.6567709445953369,0.4246383607387543,0.02338521182537079
0.44645532965660095,0.42930546402931213,0.09592621773481369
0.6054340600967407,0.4460764527320862,-0.07813781499862671
0.481587678194046,0.44493183493614197,0.0911087915301323
0.5947171449661255,0.45213526487350464,-0.11207497119903564
0.4932323098182678,0.4512341618537903,0.06996187567710876
0.5885698795318604,0.447502076625824,-0.13076545298099518
0.4993111789226532,0.44676119089126587,0.05454473942518234
0.590705931186676,0.4450324475765228,-0.08682789653539658
0.49754953384399414,0.4445459842681885,0.08464743196964264
0.5825409889221191,0.49649930000305176,-0.0004553222097456455
0.5196701288223267,0.49823325872421265,0.0004024433146696538
0.5863015055656433,0.5711574554443359,-0.0036413692869246006
0.519680917263031,0.5719324350357056,-0.0026647846680134535
0.5968466401100159,0.6339289546012878,0.23281779885292053
0.5136132836341858,0.6344166994094849,0.20792719721794128
0.59294593334198,0.6402565240859985,0.24891510605812073
0.5199571847915649,0.6405993103981018,0.22057464718818665
0.5947250127792358,0.6591796278953552,0.08983717858791351
0.5079089403152466,0.6597554087638855,0.061987150460481644
-
0.5404688715934753,0.3679497539997101,-0.2992027997970581
0.5466994047164917,0.3619765043258667,-0.2791156768798828
0.5501906275749207,0.3620067834854126,-0.27909737825393677
0.5534788966178894,0.362171471118927,-0.27910199761390686
0.5342352390289307,0.362331360578537,-0.2783340811729431
0.5301862955093384,0.3624334931373596,-0.27834978699684143
0.526265561580658,0.36283573508262634,-0.2783108949661255
0.5594089031219482,0.3657732605934143,-0.14249223470687866
0.5215478539466858,0.36684492230415344,-0.1390003114938736
0.5487889647483826,0.37443333864212036,-0.2470971792936325
0.533363401889801,0.3748203217983246,-0.24648180603981018
0.5963443517684937,0.40032798051834106,-0.037279821932315826
0.49403008818626404,0.40128660202026367,-0.0218664463609457
0.6584201455116272,0.4209601879119873,-0.016575008630752563
0.4463162422180176,0.4243340492248535,0.04501999914646149
0.6094164848327637,0.44098252058029175,-0.1774168610572815
0.48161137104034424,0.4413711428642273,-0.041865162551403046
0.5973357558250427,0.4481217861175537,-0.2221192717552185
0.49324628710746765,0.4479820132255554,-0.07553431391716003
0.5910325646400452,0.44273000955581665,-0.2361011505126953
0.4993199110031128,0.44334378838539124,-0.0911594107747078
0.5929720401763916,0.4407392144203186,-0.18536376953125
0.49755480885505676,0.4411252439022064,-0.048870574682950974
0.5827665328979492,0.4908296465873718,-0.0008620482985861599
0.5196447372436523,0.49284258484840393,0.000803921720944345
0.585218071937561,0.5643529295921326,-0.0067565226927399635
0.5202158689498901,0.5660957098007202,-0.002199599053710699
0.5966870784759521,0.6284017562866211,0.2182169407606125
0.5137053728103638,0.630121111869812,0.2006833851337433
0.5916496515274048,0.6354683041572571,0.23144987225532532
0.5202015042304993,0.6367825269699097,0.21211935579776764
0.5960091352462769,0.654035210609436,0.07133420556783676
0.5073286294937134,0.6552356481552124,0.05255170539021492
-
0.5407395958900452,0.36634713411331177,-0.2714215815067291
0.5472137928009033,0.36072710156440735,-0.2520587742328644
0.5507350564002991,0.36070701479911804,-0.2520577609539032
0.5542382001876831,0.3607439398765564,-0.2520672380924225
0.5347560048103333,0.3609510064125061,-0.25062209367752075
0.5306398272514343,0.3610552251338959,-0.2506456673145294
0.5269932150840759,0.3612120449542999,-0.25061461329460144
0.5605804324150085,0.36364975571632385,-0.11970171332359314
0.522190272808075,0.36417755484580994,-0.11354021728038788
0.548979640007019,0.3728986382484436,-0.2205771952867508
0.5338649749755859,0.3736262023448944,-0.21908679604530334
0.5972879528999329,0.39679569005966187,-0.028054745867848396
0.4946352243423462,0.3982258439064026,-0.010606878437101841
0.6614503860473633,0.4183168411254883,-0.0436682403087616
0.44618162512779236,0.4211236536502838,0.0234536100178957
0.612679123878479,0.43674618005752563,-0.2239067703485489
0.4828183352947235,0.43884652853012085,-0.09245139360427856
0.5993407964706421,0.4457971453666687,-0.272300124168396
0.49341121315956116,0.4458673596382141,-0.13010556995868683
0.5921799540519714,0.43978315591812134,-0.2813253700733185
0.4997972249984741,0.4406149387359619,-0.1423015296459198
0.5941357612609863,0.43722230195999146,-0.2303992211818695
0.49841439723968506,0.4383903443813324,-0.09860976785421371
0.5833261013031006,0.4889475405216217,-0.001653393730521202
0.5197061896324158,0.4900059103965759,0.001585259335115552
0.5853477716445923,0.5608803033828735,-0.011508530005812645
0.5207672119140625,0.562900722026825,-0.004958560224622488
0.5964756608009338,0.6272839903831482,0.19237743318080902
0.5146302580833435,0.6277306079864502,0.18043042719364166
0.591468095779419,0.6337552070617676,0.20410935580730438
0.5209618806838989,0.6335981488227844,0.19014811515808105
0.5968872308731079,0.6518715620040894,0.048070259392261505
0.5072208642959595,0.6533011794090271,0.03300085291266441
-
0.5415783524513245,0.3653036057949066,-0.2589474618434906
0.5481405258178711,0.35994118452072144,-0.2387310415506363
0.5514547824859619,0.3598746955394745,-0.23872581124305725
0.5549983978271484,0.3598408102989197,-0.23873445391654968
0.5356276631355286,0.3601874113082886,-0.2381116896867752
0.5314276814460754,0.3603042960166931,-0.23813879489898682
0.5276903510093689,0.36045458912849426,-0.23810261487960815
0.5611763000488281,0.3627268373966217,-0.10364612936973572
0.5225778818130493,0.36389243602752686,-0.10127385705709457
0.5496488213539124,0.3721023201942444,-0.2074369490146637
0.5343328714370728,0.3726406395435333,-0.2068994790315628
0.597986102104187,0.3967600464820862,-0.013392752036452293
0.4945756793022156,0.3972950577735901,-0.0021164428908377886
0.663084089756012,0.4175221920013428,-0.03619138523936272
0.44685837626457214,0.4191085398197174,0.025035163387656212
0.6138429045677185,0.43640679121017456,-0.21624694764614105
0.48281973600387573,0.4355747103691101,-0.0882454365491867
0.6003378033638,0.44431814551353455,-0.2646316885948181
0.4933197498321533,0.44257062673568726,-0.12537521123886108
0.5930567979812622,0.43846192955970764,-0.2726817727088928
0.49979692697525024,0.43748125433921814,-0.13766621053218842
0.5951525568962097,0.435752809047699,-0.22243444621562958
0.4984464943408966,0.43519848585128784,-0.09452083706855774
0.5834841132164001,0.488619863986969,-0.0013964823447167873
0.5196922421455383,0.48966488242149353,0.0013324209721758962
0.5856881737709045,0.5618619918823242,-0.012171024456620216
0.5212181210517883,0.5624077916145325,-0.008498664945363998
0.5965667963027954,0.6274283528327942,0.1875503808259964
0.5147358775138855,0.6264335513114929,0.17508159577846527
0.5914765000343323,0.6338972449302673,0.19918952882289886
0.52107173204422,0.6322656869888306,0.1848718822002411
0.598578155040741,0.6514703035354614,0.04302043467760086
0.5072842836380005,0.6513266563415527,0.027790069580078125
-
0.5428630113601685,0.36510026454925537,-0.2544735074043274
0.5490385293960571,0.359136164188385,-0.2338172346353531
0.5520846843719482,0.35917797684669495,-0.23381972312927246
0.5556080937385559,0.35924527049064636,-0.23383739590644836
0.5367114543914795,0.3594402074813843,-0.23424884676933289
0.5322376489639282,0.3596198260784149,-0.2342759668827057
0.5284244418144226,0.3598960041999817,-0.2342384308576584
0.5616599321365356,0.3627427816390991,-0.0926063135266304
0.5228347182273865,0.36337417364120483,-0.0955769345164299
0.5505079627037048,0.37184959650039673,-0.20024576783180237
0.5352324843406677,0.37230798602104187,-0.20117945969104767
0.5983468294143677,0.3974481523036957,0.0035313470289111137
0.494547963142395,0.3979424238204956,0.00222064764238894
0.6628682613372803,0.4182468056678772,-0.02679266221821308
0.4482111930847168,0.42020148038864136,-0.0025735085364431143
0.6147522330284119,0.4383395314216614,-0.21021507680416107
0.48274704813957214,0.43617263436317444,-0.15891878306865692
0.6007641553878784,0.44559764862060547,-0.2602454423904419
0.4933265149593353,0.4428434371948242,-0.20151740312576294
0.5936185717582703,0.43997135758399963,-0.2675747871398926
0.499881774187088,0.43759074807167053,-0.21470165252685547
0.5958686470985413,0.4371867775917053,-0.21605324745178223
0.4985800087451935,0.4352405071258545,-0.16610568761825562
0.5835252404212952,0.4899049401283264,0.0012487289495766163
0.5192446112632751,0.49142926931381226,-0.0012981545878574252
0.5859783291816711,0.5633137822151184,-0.016605498269200325
0.5212924480438232,0.56428062915802,-0.015397579409182072
0.5967400670051575,0.6285834312438965,0.18750673532485962
0.5146648287773132,0.6281900405883789,0.16736337542533875
0.5911126136779785,0.6350795030593872,0.19998210668563843
0.5211247801780701,0.6336898803710938,0.17747406661510468
0.6018162965774536,0.6534811854362488,0.04217537119984627
0.5070772767066956,0.6528827548027039,0.015230326913297176
-
0.5426447987556458,0.3680945932865143,-0.26074373722076416
0.5487919449806213,0.3619316816329956,-0.23984457552433014
0.5520334839820862,0.3619014024734497,-0.239839568734169
0.5555198192596436,0.3619064688682556,-0.23985736072063446
0.5365865230560303,0.362286239862442,-0.240066260099411
0.5322271585464478,0.3623636066913605,-0.24009191989898682
0.5284222364425659,0.36252063512802124,-0.24004974961280823
0.5616939663887024,0.3655562996864319,-0.09985688328742981
0.5229473114013672,0.36664170026779175,-0.10197659581899643
0.550493597984314,0.3745155930519104,-0.20738781988620758
0.5351773500442505,0.37471508979797363,-0.2080877721309662
0.5990015864372253,0.40005359053611755,0.004241659305989742
0.49452006816864014,0.401394784450531,0.004198030102998018
0.6630175709724426,0.4204649329185486,0.050803158432245255
0.451143354177475,0.4219995439052582,0.06538859009742737
0.6156330704689026,0.44130879640579224,-0.0546228401362896
0.48268288373947144,0.438617080450058,-0.012498557567596436
0.6014105081558228,0.4476090967655182,-0.09115158766508102
0.4924890398979187,0.44509536027908325,-0.04417009279131889
0.5941956043243408,0.44238418340682983,-0.10630511492490768
0.49950024485588074,0.4409560263156891,-0.06254956126213074
0.5966057181358337,0.43987035751342773,-0.06186993792653084
0.4984259605407715,0.43876704573631287,-0.021466953679919243
0.5836570262908936,0.4914318025112152,0.0015029896749183536
0.5190680027008057,0.4929392337799072,-0.00152184150647372
0.5862098336219788,0.5650219321250916,-0.0179128497838974
0.5212042331695557,0.56662517786026,-0.025340013206005096
0.597707211971283,0.6299728155136108,0.16583818197250366
0.5146349668502808,0.6304022669792175,0.1425827592611313
0.5915993452072144,0.6364042162895203,0.17581285536289215
0.5211870670318604,0.6358617544174194,0.15053018927574158
0.6025476455688477,0.6553535461425781,0.015757372602820396
0.5070114135742188,0.6550838947296143,-0.011244288645684719
-
0.5420833826065063,0.3710903227329254,-0.2709077298641205
0.5487809777259827,0.36508628726005554,-0.2525360584259033
0.5520835518836975,0.36509233713150024,-0.25251439213752747
0.5555561780929565,0.3651292026042938,-0.25253716111183167
0.5364764332771301,0.36544671654701233,-0.24949097633361816
0.5321745276451111,0.36558714509010315,-0.24951468408107758
0.5284076929092407,0.3658149540424347,-0.24947521090507507
0.5623705387115479,0.3686869740486145,-0.12287364900112152
0.5229855179786682,0.36976855993270874,-0.10875152051448822
0.5504735708236694,0.3776102662086487,-0.22137737274169922
0.5348795652389526,0.37791183590888977,-0.21731294691562653
0.6000613570213318,0.40294820070266724,-0.022796636447310448
0.4960910677909851,0.404385507106781,0.0024722381494939327
0.6659306883811951,0.42169252038002014,0.023425856605172157
0.4518681466579437,0.4248572289943695,0.07320109754800797
0.6153539419174194,0.4422689378261566,-0.09644277393817902
0.48378774523735046,0.4417494237422943,-0.0003205442917533219
0.6012908220291138,0.450387567281723,-0.1376519501209259
0.4934956133365631,0.4486863613128662,-0.031808625906705856
0.5940656065940857,0.4454285204410553,-0.15125317871570587
0.5006676316261292,0.44400733709335327,-0.0478338785469532
0.5964620113372803,0.44211387634277344,-0.10465463995933533
0.4995313882827759,0.44145330786705017,-0.008354484103620052
0.5836538672447205,0.49427542090415955,-0.002589922398328781
0.5188537836074829,0.4956479072570801,0.0025571545120328665
0.5862897038459778,0.5671063661575317,-0.01875464804470539
0.520256757736206,0.56785649061203,-0.019856642931699753
0.5982733964920044,0.6304565668106079,0.16689015924930573
0.5138952732086182,0.6304849982261658,0.1579636037349701
0.5930294394493103,0.6374877691268921,0.1775616556406021
0.5210085511207581,0.6377078294754028,0.16719771921634674
0.6020964980125427,0.6555845737457275,0.018197905272245407
0.5065172910690308,0.6554881930351257,0.010293198749423027
-
0.5421137809753418,0.3784233033657074,-0.2820042371749878
0.5490107536315918,0.37299472093582153,-0.2615146338939667
0.5525298714637756,0.37312018871307373,-0.2614908516407013
0.5558785200119019,0.3731273114681244,-0.2615126967430115
0.5365302562713623,0.3730565011501312,-0.25952473282814026
0.5322923064231873,0.3730838894844055,-0.2595362663269043
0.5286005735397339,0.37315821647644043,-0.2594626247882843
0.562482476234436,0.37632113695144653,-0.1283964216709137
0.5237870216369629,0.3764045536518097,-0.11980006098747253
0.5505951642990112,0.3853890001773834,-0.23185604810714722
0.5350032448768616,0.3858316242694855,-0.22949625551700592
0.5999177694320679,0.41003116965293884,-0.04114013910293579
0.496194064617157,0.4131093919277191,-0.006164243444800377
0.6681414842605591,0.4316277503967285,-0.04905802011489868
0.4514799416065216,0.4293797016143799,0.04867307469248772
0.6157416105270386,0.45209193229675293,-0.20729804039001465
0.48507049679756165,0.4499962329864502,-0.03951125219464302
0.6020496487617493,0.45970267057418823,-0.2530595064163208
0.49413758516311646,0.45821866393089294,-0.07310433685779572
0.5945069789886475,0.4542127549648285,-0.2616015672683716
0.5015462040901184,0.45346370339393616,-0.0868571475148201
0.5970317721366882,0.45187368988990784,-0.21293550729751587
0.5005614757537842,0.4509522020816803,-0.046521324664354324
0.5835778713226318,0.5023514032363892,-0.004821754992008209
0.5186089873313904,0.5034095048904419,0.004763185512274504
0.5870964527130127,0.5760454535484314,-0.022074688225984573
0.5167099237442017,0.5795283317565918,-0.011305365711450577
0.5981136560440063,0.638853907585144,0.18785205483436584
0.5137409567832947,0.6375754475593567,0.19896090030670166
0.5930235385894775,0.6460001468658447,0.20284029841423035
0.5209859013557434,0.6445147395133972,0.21236835420131683
0.6020163297653198,0.6653857231140137,0.05106202885508537
0.5065460801124573,0.6666509509086609,0.06524769961833954
-
0.5423807501792908,0.3894123435020447,-0.2816898226737976
0.5494996905326843,0.38394424319267273,-0.2602647840976715
0.553101658821106,0.38414913415908813,-0.26023271679878235
0.5564195513725281,0.38446491956710815,-0.26025623083114624
0.5369327664375305,0.3841398060321808,-0.25810331106185913
0.5327410101890564,0.38441893458366394,-0.25812336802482605
0.5289292335510254,0.3848475515842438,-0.25804299116134644
0.5631669759750366,0.3889164626598358,-0.12797032296657562
0.5241066217422485,0.38831594586372375,-0.11887182295322418
0.5508784055709839,0.39618492126464844,-0.23075003921985626
0.5350335240364075,0.39649224281311035,-0.22886648774147034
0.5998337268829346,0.42461055517196655,-0.03698946535587311
0.4961741864681244,0.4259771704673767,0.002225362928584218
0.6675444841384888,0.4443945288658142,0.014897817745804787
0.4538063406944275,0.43991345167160034,0.12389400601387024
0.6144497990608215,0.46622100472450256,-0.044055063277482986
0.4861052334308624,0.4622328281402588,0.12054121494293213
0.6007963418960571,0.4724362790584564,-0.07402774691581726
0.49406465888023376,0.4697616696357727,0.09957710653543472
0.593641996383667,0.46864184737205505,-0.0902373194694519
0.5014352798461914,0.46753090620040894,0.0809306800365448
0.5966578722000122,0.46630167961120605,-0.05053860694169998
0.5005552172660828,0.465265691280365,0.11217105388641357
0.5835548043251038,0.5143967866897583,-0.0052686696872115135
0.518604040145874,0.5155773758888245,0.00522564398124814
0.5886724591255188,0.5877231359481812,-0.03874209523200989
0.5146017074584961,0.5909191966056824,-0.015988759696483612
0.5978256464004517,0.646400511264801,0.21650224924087524
0.5136905908584595,0.6463927030563354,0.21010562777519226
0.5931609869003296,0.6526990532875061,0.23612046241760254
0.5206230878829956,0.6524061560630798,0.22551144659519196
0.5972437858581543,0.675385057926178,0.0875907614827156
0.5073336362838745,0.6762763261795044,0.07742322981357574
-
0.5441259741783142,0.4028542637825012,-0.3006623089313507
0.5508240461349487,0.39772725105285645,-0.27851539850234985
0.5544390082359314,0.39792925119400024,-0.2784910500049591
0.5579459071159363,0.3981701731681824,-0.2785070240497589
0.5385115146636963,0.39764684438705444,-0.2786842882633209
0.5346131324768066,0.397675484418869,-0.2787005603313446
0.5309939384460449,0.39767998456954956,-0.27865171432495117
0.5639726519584656,0.40251708030700684,-0.14344125986099243
0.5251694321632385,0.40158611536026,-0.14520980417728424
0.5519388914108276,0.40928107500076294,-0.25027698278427124
0.5361619591712952,0.4087143838405609,-0.25101980566978455
0.5989921689033508,0.4377345144748688,-0.05784705653786659
0.49608081579208374,0.4384737014770508,-0.02819499932229519
0.6673269867897034,0.4569590985774994,-0.004085769411176443
0.45578113198280334,0.4538571834564209,0.08970684558153152
0.6146308183670044,0.4768623411655426,-0.08986435830593109
0.4892607033252716,0.47611719369888306,0.05155045539140701
0.6008543968200684,0.482921838760376,-0.12677113711833954
0.49685555696487427,0.4835522174835205,0.024920854717493057
0.5938357710838318,0.4804005026817322,-0.14030812680721283
0.5031520128250122,0.4820229113101959,0.008693165145814419
0.5970333814620972,0.4779212474822998,-0.09621170163154602
0.5022910833358765,0.4796762466430664,0.0441882386803627
0.5834267139434814,0.525499701499939,-0.005393487401306629
0.5186375975608826,0.5272172093391418,0.005337258335202932
0.5894324779510498,0.5964282751083374,-0.037186287343502045
0.5131890177726746,0.5999489426612854,-0.02267490141093731
0.5978201627731323,0.6544016599655151,0.22533389925956726
0.5136891007423401,0.6534274816513062,0.21812500059604645
0.5940326452255249,0.6608931422233582,0.2442610263824463
0.520513653755188,0.6597595810890198,0.23552559316158295
0.5915510654449463,0.6825686693191528,0.09575993567705154
0.5106976628303528,0.6824686527252197,0.0961747094988823
-
0.5451752543449402,0.41585707664489746,-0.3018438220024109
0.5513338446617126,0.4106258749961853,-0.2789342701435089
0.5548228621482849,0.41064372658729553,-0.2789326012134552
0.5582714080810547,0.4106389582157135,-0.2789514362812042
0.5389770269393921,0.41119489073753357,-0.27811408042907715
0.5350273251533508,0.41146939992904663,-0.27812105417251587
0.5313912630081177,0.4117002487182617,-0.27806907892227173
0.5644276142120361,0.41446128487586975,-0.142015740275383
0.5257067084312439,0.41577237844467163,-0.1394340991973877
0.5532400012016296,0.4223111569881439,-0.2510262429714203
0.5375685095787048,0.42238038778305054,-0.25022509694099426
0.5989399552345276,0.4514711797237396,-0.06542903929948807
0.4962213337421417,0.45102959871292114,-0.028807740658521652
0.6688539981842041,0.4694335460662842,-0.06767859309911728
0.45924586057662964,0.4680238366127014,0.05382813513278961
0.6147152185440063,0.49023565649986267,-0.21682561933994293
0.4933601915836334,0.4913958013057709,-0.005625461228191853
0.60085529088974,0.4956064820289612,-0.25969794392585754
0.5008354187011719,0.498290479183197,-0.033483363687992096
0.5942766666412354,0.4931691586971283,-0.2734890580177307
0.5076553225517273,0.49680599570274353,-0.0513179674744606
0.5979222059249878,0.490544855594635,-0.22464270889759064
0.5065829157829285,0.49436670541763306,-0.013558076694607735
0.5836443901062012,0.5365940928459167,-0.005710501689463854
0.5190066695213318,0.5381700396537781,0.005650101695209742
0.5927544236183167,0.6067625880241394,-0.04605819284915924
0.5120561122894287,0.6100570559501648,-0.027952300384640694
0.597967803478241,0.6588835716247559,0.24325145781040192
0.5140289068222046,0.658161997795105,0.25173652172088623
0.5947516560554504,0.6657397747039795,0.26541656255722046
0.5209380388259888,0.6646516919136047,0.27349159121513367
0.5923346281051636,0.6836215257644653,0.12204699218273163
0.5110625624656677,0.6831871867179871,0.1421259641647339
-
0.5452757477760315,0.4214099943637848,-0.28584396839141846
0.551520586013794,0.4167758822441101,-0.2608223855495453
0.5549172759056091,0.4169534146785736,-0.26084503531455994
0.5583821535110474,0.4170597493648529,-0.26088157296180725
0.5395641922950745,0.4168314039707184,-0.2594507336616516
0.5354304313659668,0.41703811287879944,-0.2594364881515503
0.5317857265472412,0.41721707582473755,-0.2593798041343689
0.564750075340271,0.42137089371681213,-0.13298457860946655
0.526932418346405,0.4215618669986725,-0.1264762282371521
0.5533113479614258,0.4283590316772461,-0.24048148095607758
0.5378968715667725,0.4289085865020752,-0.2386152744293213
0.5986262559890747,0.45817023515701294,-0.07109597325325012
0.4986008405685425,0.4582216739654541,-0.024059008806943893
0.6672925353050232,0.47898054122924805,-0.09582628309726715
0.4674215018749237,0.47580522298812866,0.055704422295093536
0.6141376495361328,0.5004372596740723,-0.24838799238204956
0.5008295774459839,0.5013725757598877,0.0060370671562850475
0.6003082990646362,0.5070998668670654,-0.2951078712940216
0.5058202743530273,0.5081663131713867,-0.019841130822896957
0.5932847261428833,0.5035921335220337,-0.30569034814834595
0.5135007500648499,0.5063993334770203,-0.04063791781663895
0.5970568060874939,0.5009436011314392,-0.2547615170478821
0.5128219723701477,0.5041179060935974,-0.002798502566292882
0.5835625529289246,0.5438749194145203,-0.01166556403040886
0.518743634223938,0.5455845594406128,0.011587949469685555
0.5929260849952698,0.6127341985702515,-0.07359760254621506
0.5119301080703735,0.6147526502609253,-0.032897863537073135
0.5979657769203186,0.6598654389381409,0.26090294122695923
0.5146848559379578,0.6593039035797119,0.29221048951148987
0.5948744416236877,0.6651586294174194,0.28858089447021484
0.5218242406845093,0.6644152402877808,0.31947529315948486
0.5928070545196533,0.683674693107605,0.15236446261405945
0.5110763907432556,0.6830524206161499,0.19857382774353027
-
0.5453698635101318,0.4223586916923523,-0.2766645550727844
0.5516270399093628,0.4174312949180603,-0.2524653673171997
0.5549509525299072,0.41766348481178284,-0.25248801708221436
0.558434247970581,0.4179222583770752,-0.25252586603164673
0.539768636226654,0.41742807626724243,-0.2536843717098236
0.5357129573822021,0.41754502058029175,-0.2537015676498413
0.5320539474487305,0.417701780796051,-0.25365474820137024
0.5650355219841003,0.42216944694519043,-0.12121718376874924
0.5270474553108215,0.42222505807876587,-0.12632030248641968
0.5533642768859863,0.42895936965942383,-0.22925958037376404
0.5380337834358215,0.42864274978637695,-0.23146356642246246
0.5981231927871704,0.45717182755470276,-0.06690260022878647
0.4984298646450043,0.4577130675315857,-0.024178044870495796
0.6581918001174927,0.4783034920692444,-0.0502515472471714
0.47197896242141724,0.47559961676597595,0.0721755102276802
0.611579954624176,0.4992237091064453,-0.16191968321800232
0.49883919954299927,0.49700847268104553,0.07200408726930618
0.5987721085548401,0.5055763125419617,-0.19958852231502533
0.5047647953033447,0.5046552419662476,0.04973044991493225
0.5920058488845825,0.5016817450523376,-0.2204693704843521
0.5120537877082825,0.5031256079673767,0.031241215765476227
0.595387876033783,0.49971556663513184,-0.17242462933063507
0.5112184882164001,0.5011072754859924,0.0645865648984909
0.5834504961967468,0.543470561504364,-0.011174440383911133
0.5187482237815857,0.544760525226593,0.011085872538387775
0.5928376317024231,0.6137558817863464,-0.06187441200017929
0.5119069218635559,0.6131005883216858,-0.03829814866185188
0.5979279279708862,0.6605743169784546,0.270614355802536
0.5156033039093018,0.6601402163505554,0.2638393044471741
0.5951701402664185,0.6647428274154663,0.2972725033760071
0.522286057472229,0.6652231812477112,0.28740569949150085
0.5930729508399963,0.6843727827072144,0.16314569115638733
0.5116938948631287,0.6837520599365234,0.15734492242336273
-
0.5456070899963379,0.41425055265426636,-0.2722797691822052
0.5519755482673645,0.40971726179122925,-0.2480875849723816
0.555315375328064,0.409869521856308,-0.24810320138931274
0.5589570999145508,0.4100496768951416,-0.248125821352005
0.5401188135147095,0.4097575545310974,-0.25042712688446045
0.5361207127571106,0.4099450707435608,-0.2504480481147766
0.5324943661689758,0.41020169854164124,-0.2504313588142395
0.5651025772094727,0.41400161385536194,-0.11418438702821732
0.5281936526298523,0.4145680069923401,-0.12527605891227722
0.5536172389984131,0.42106717824935913,-0.22364164888858795
0.5384272336959839,0.4211534559726715,-0.2272869050502777
0.598115861415863,0.4510217308998108,-0.05635151267051697
0.4983520805835724,0.4516459107398987,-0.03008132055401802
0.6506108641624451,0.47230228781700134,-0.04625609144568443
0.47567862272262573,0.4687477648258209,0.05376341566443443
0.6061273217201233,0.49403372406959534,-0.16569429636001587
0.49923986196517944,0.4916401505470276,0.047255080193281174
0.5945046544075012,0.5004007816314697,-0.20540949702262878
0.5041081309318542,0.4995405077934265,0.02151722088456154
0.5875071883201599,0.49717098474502563,-0.22556757926940918
0.5113562941551208,0.49757736921310425,0.006266810465604067
0.5905441641807556,0.4950385093688965,-0.17615468800067902
0.5110146999359131,0.49519094824790955,0.04053811728954315
0.5830704569816589,0.5376598834991455,-0.00855998881161213
0.5187432169914246,0.5395132303237915,0.008496886119246483
0.5928173661231995,0.6078454256057739,-0.05772368237376213
0.5119686722755432,0.6092506647109985,-0.04628486558794975
0.5979045629501343,0.6600872278213501,0.26734352111816406
0.515789270401001,0.6593928337097168,0.25161293148994446
0.5951546430587769,0.6647495031356812,0.2913671135902405
0.5222906470298767,0.6647254228591919,0.27351585030555725
0.5931388735771179,0.6837798357009888,0.14260658621788025
0.5123821496963501,0.6831454038619995,0.13402895629405975
-
0.5455852150917053,0.4106731414794922,-0.2450265884399414
0.5519506335258484,0.4064216613769531,-0.22152574360370636
0.5552953481674194,0.4069598615169525,-0.22151298820972443
0.5589234828948975,0.4076511859893799,-0.22155939042568207
0.5402352809906006,0.40578848123550415,-0.22466756403446198
0.5363406538963318,0.4059092104434967,-0.22468997538089752
0.5328431129455566,0.4058697819709778,-0.22458197176456451
0.5650471448898315,0.41287580132484436,-0.08241040259599686
0.5281869769096375,0.41078323125839233,-0.09886422753334045
0.5535150170326233,0.4175748825073242,-0.19405172765254974
0.5383870601654053,0.4159138798713684,-0.19871123135089874
0.5966967940330505,0.4468015134334564,0.011551533825695515
0.49829140305519104,0.4511593282222748,0.012201223522424698
0.6443793773651123,0.4681265354156494,0.15353049337863922
0.477119117975235,0.46428579092025757,0.18789169192314148
0.6034395694732666,0.4889296591281891,0.1839992254972458
0.49905282258987427,0.4897707998752594,0.25987786054611206
0.593249499797821,0.4987851083278656,0.17515474557876587
0.5039710402488708,0.49554866552352905,0.2546970844268799
0.5866892337799072,0.49444031715393066,0.14776846766471863
0.510767936706543,0.49352502822875977,0.23226267099380493
0.5889501571655273,0.49200111627578735,0.17457795143127441
0.5103334188461304,0.49089765548706055,0.25349757075309753
0.5824714303016663,0.5348064303398132,-0.002404587110504508
0.5187222957611084,0.5364025235176086,0.0023645260371267796
0.5924360156059265,0.6061728000640869,-0.060973506420850754
0.512054443359375,0.6064969897270203,-0.055889710783958435
0.5979152321815491,0.6595150828361511,0.24705645442008972
0.5157654285430908,0.6580280661582947,0.21707364916801453
0.5953239798545837,0.6643689870834351,0.27057555317878723
0.5222871899604797,0.6634232997894287,0.23586098849773407
0.5928745865821838,0.6836177706718445,0.12012717127799988
0.5129297971725464,0.6825412511825562,0.08829079568386078
-
0.5457385182380676,0.39379969239234924,-0.27925053238868713
0.5521989464759827,0.38916251063346863,-0.25788992643356323
0.555667519569397,0.38943764567375183,-0.257894903421402
0.559366762638092,0.38980451226234436,-0.25789207220077515
0.5402740240097046,0.3889010548591614,-0.2625577747821808
0.5363612174987793,0.3890533149242401,-0.26258060336112976
0.5328372120857239,0.3891696333885193,-0.26251208782196045
0.5650250911712646,0.3941006064414978,-0.11155795305967331
0.528188943862915,0.39305558800697327,-0.13555309176445007
0.5537086725234985,0.40120577812194824,-0.22406457364559174
0.5383807420730591,0.40103793144226074,-0.23114225268363953
0.5967998504638672,0.42758065462112427,-0.008934365585446358
0.4985446631908417,0.43163594603538513,-0.013949478976428509
0.6450655460357666,0.4495481550693512,0.10273062437772751
0.47538936138153076,0.44766291975975037,0.13876819610595703
0.6043621301651001,0.4696280360221863,0.06361033767461777
0.4976377785205841,0.46780067682266235,0.16633637249469757
0.5958303809165955,0.4755871891975403,0.0441296249628067
0.5016711950302124,0.47479477524757385,0.15474006533622742
0.5901317000389099,0.4718993306159973,0.013836738653481007
0.5070500373840332,0.47126269340515137,0.13040794432163239
0.591838538646698,0.4694138169288635,0.051663558930158615
0.5073137283325195,0.4688735604286194,0.15894770622253418
0.5819292068481445,0.5207666158676147,0.0010141980601474643
0.518752932548523,0.5217837691307068,-0.0011271629482507706
0.5906330347061157,0.5924606323242188,-0.04188741371035576
0.5148202180862427,0.5919350385665894,-0.03636275604367256
0.5989664196968079,0.6586920022964478,0.2293791025876999
0.5144739151000977,0.6557291746139526,0.2065412998199463
0.5978750586509705,0.6638009548187256,0.24604466557502747
0.5213416218757629,0.6604270935058594,0.22090299427509308
0.5929042100906372,0.6823707222938538,0.08287005126476288
0.5128541588783264,0.6816877126693726,0.0615607313811779
-
0.5455575585365295,0.38194555044174194,-0.28375136852264404
0.5521798729896545,0.3775676190853119,-0.2619861960411072
0.5556589961051941,0.3776443600654602,-0.2619924247264862
0.5593428015708923,0.3777559697628021,-0.26197561621665955
0.5401283502578735,0.3775192201137543,-0.2647717595100403
0.5362721681594849,0.3776453137397766,-0.2647905647754669
0.5327903032302856,0.3777390718460083,-0.26473739743232727
0.5649735927581787,0.38109055161476135,-0.11377977579832077
0.5281749963760376,0.3811200261116028,-0.13230645656585693
0.5536973476409912,0.3888236880302429,-0.22786793112754822
0.5383540391921997,0.389005184173584,-0.23262180387973785
0.596802830696106,0.4139116704463959,-0.013188911601901054
0.4986039996147156,0.41817140579223633,-0.012242008931934834
0.6472645401954651,0.4371587634086609,0.07264702767133713
0.4736434817314148,0.43890467286109924,0.08782313764095306
0.6053879857063293,0.457958847284317,-0.08518036454916
0.493683397769928,0.45506349205970764,0.019189612939953804
0.5968873500823975,0.46339115500450134,-0.12268289923667908
0.5004714727401733,0.4616941809654236,-0.009181156754493713
0.5913798809051514,0.45798882842063904,-0.144952654838562
0.505292534828186,0.4559820592403412,-0.025781001895666122
0.593077540397644,0.45619750022888184,-0.09677440673112869
0.5049511194229126,0.45391368865966797,0.012613566592335701
0.581939697265625,0.5069838762283325,0.0007062150398269296
0.5192301273345947,0.5083057284355164,-0.0007987142307683825
0.58962082862854,0.5799574851989746,-0.028777211904525757
0.5169697403907776,0.5796467065811157,-0.01559649221599102
0.5993540287017822,0.6476044058799744,0.21609176695346832
0.5143815875053406,0.6458307504653931,0.2087041586637497
0.5978778600692749,0.6526758074760437,0.23002298176288605
0.5206663608551025,0.6505158543586731,0.2223888784646988
0.5931137800216675,0.6742633581161499,0.0648261159658432
0.5128031373023987,0.6755828261375427,0.06370805948972702
-
0.5453565120697021,0.3744131028652191,-0.28277871012687683
0.5521568059921265,0.36907297372817993,-0.26133155822753906
0.5556440353393555,0.36920732259750366,-0.26133427023887634
0.559375524520874,0.3693644404411316,-0.26128068566322327
0.5395316481590271,0.3690905272960663,-0.2626447379589081
0.5354655981063843,0.36925166845321655,-0.2626664936542511
0.5318801999092102,0.3696049451828003,-0.2626327872276306
0.5650116205215454,0.37311986088752747,-0.11143135279417038
0.5276336073875427,0.3739239573478699,-0.11695472151041031
0.5536444187164307,0.38193994760513306,-0.22541673481464386
0.5379218459129333,0.38274961709976196,-0.2273891419172287
0.5980746150016785,0.40677422285079956,-0.007681273855268955
0.4982752501964569,0.4105319082736969,-0.004030843265354633
0.6483412981033325,0.4297693371772766,0.02788465842604637
0.4719158113002777,0.4329361021518707,0.06363087147474289
0.6074903011322021,0.45028775930404663,-0.14173336327075958
0.490223228931427,0.4471583366394043,-0.026661433279514313
0.5979077816009521,0.45564666390419006,-0.18356192111968994
0.49915993213653564,0.4537503123283386,-0.0603138729929924
0.5924054384231567,0.4495140016078949,-0.20289576053619385
0.504492998123169,0.4486266076564789,-0.07541660964488983
0.5940650701522827,0.44730299711227417,-0.15234728157520294
0.5039163827896118,0.4463770389556885,-0.03333965316414833
0.5823712944984436,0.5005180835723877,0.00034169619902968407
0.5196183323860168,0.5020973086357117,-0.0004295239341445267
0.5885522961616516,0.5746132731437683,-0.02379373088479042
0.5190603137016296,0.5743385553359985,-0.01382842194288969
0.5991911292076111,0.6391119360923767,0.2200845330953598
0.5156962871551514,0.6384137868881226,0.21084995567798615
0.5973412394523621,0.6447914242744446,0.23588702082633972
0.5217296481132507,0.6435232758522034,0.22457760572433472
0.5927990674972534,0.6651490330696106,0.07026506215333939
0.5139055252075195,0.6653659343719482,0.0607273243367672
-
0.5446491837501526,0.3673640787601471,-0.2838570475578308
0.5514209270477295,0.36188215017318726,-0.26297110319137573
0.5550822615623474,0.36198878288269043,-0.2629648745059967
0.558696448802948,0.36218923330307007,-0.26293832063674927
0.5386344194412231,0.3623945415019989,-0.2634457051753998
0.5345792174339294,0.3628625273704529,-0.26346078515052795
0.5309134721755981,0.3635117709636688,-0.2634313106536865
0.5649974942207336,0.3666399121284485,-0.11948566138744354
0.5267816185951233,0.36796069145202637,-0.11951828002929688
0.5532808303833008,0.37469664216041565,-0.2288685292005539
0.5371524691581726,0.37513214349746704,-0.22942879796028137
0.5985966920852661,0.4018964171409607,-0.011699912138283253
0.4982527494430542,0.4035884737968445,-0.012373112142086029
0.6494554877281189,0.4223170280456543,0.044722121208906174
0.4684697091579437,0.42798686027526855,0.07082939147949219
0.6110592484474182,0.44166994094848633,-0.05919633060693741
0.48820558190345764,0.4421840310096741,0.044166047126054764
0.5995842218399048,0.4478549063205719,-0.09215839952230453
0.4976067543029785,0.4480733871459961,0.0189116932451725
0.5935361385345459,0.44265738129615784,-0.11380869895219803
0.5029662847518921,0.4441114366054535,-0.0004438479372765869
0.5953176021575928,0.44001492857933044,-0.06973437964916229
0.5020818710327148,0.4418509006500244,0.03710299730300903
0.5826811194419861,0.4939407706260681,0.0024439378175884485
0.5196214318275452,0.49609771370887756,-0.002521333983168006
0.5885241031646729,0.5671257972717285,-0.01848668046295643
0.5214991569519043,0.5685197114944458,-0.01611761376261711
0.5991626977920532,0.6315981149673462,0.22686712443828583
0.5172754526138306,0.6318312883377075,0.2073771208524704
0.596522331237793,0.6379098296165466,0.24096795916557312
0.5229688286781311,0.6368354558944702,0.22084355354309082
0.5953435301780701,0.6555236577987671,0.07608069479465485
0.5150822997093201,0.6578575372695923,0.05841317027807236
-
0.544603705406189,0.3625898063182831,-0.26008763909339905
0.5511783361434937,0.3575424551963806,-0.239297017455101
0.5548900365829468,0.35769397020339966,-0.23929521441459656
0.5584129095077515,0.35804665088653564,-0.23929183185100555
0.5385088324546814,0.3578500747680664,-0.23895739018917084
0.5344660878181458,0.3581584095954895,-0.23897069692611694
0.5307736992835999,0.35867711901664734,-0.23895283043384552
0.5648943185806274,0.362379789352417,-0.10160320997238159
0.5262423753738403,0.3635105490684509,-0.09974145889282227
0.5532724857330322,0.369333416223526,-0.20784740149974823
0.5371375679969788,0.369697242975235,-0.20747190713882446
0.5985792875289917,0.39842209219932556,-0.0024627933744341135
0.49833983182907104,0.3986213803291321,-0.0032986998558044434
0.6497511267662048,0.41882219910621643,0.01266718003898859
0.463267058134079,0.42295223474502563,0.053382810205221176
0.6116700768470764,0.4375966489315033,-0.15483322739601135
0.4873093366622925,0.4391661286354065,-0.03313632309436798
0.6005486249923706,0.4443991780281067,-0.20098963379859924
0.4968729615211487,0.4466463625431061,-0.06739634275436401
0.5941193103790283,0.4393575191497803,-0.216319277882576
0.5028383731842041,0.44248875975608826,-0.08598518371582031
0.5957727432250977,0.437247097492218,-0.1643287092447281
0.501864492893219,0.4402298033237457,-0.041873764246702194
0.5829384922981262,0.4890570640563965,0.002500855829566717
0.5196823477745056,0.49068766832351685,-0.0025737974792718887
0.587321400642395,0.5608081817626953,-0.01606636308133602
0.5227082371711731,0.5630588531494141,-0.015084994956851006
0.5991459488868713,0.6271237134933472,0.2037089467048645
0.5186734795570374,0.6284483075141907,0.18828025460243225
0.5949656367301941,0.6339552402496338,0.21586859226226807
0.5241209268569946,0.6339425444602966,0.19923241436481476
0.6019425988197327,0.6511188745498657,0.053599122911691666
0.5167987942695618,0.6531855463981628,0.0371425561606884
-
0.5440075397491455,0.3619409203529358,-0.23437164723873138
0.5505582094192505,0.3573969900608063,-0.21174827218055725
0.5544692277908325,0.3575710952281952,-0.2117505669593811
0.5577592253684998,0.3577112853527069,-0.21175503730773926
0.5380665063858032,0.35760000348091125,-0.21254846453666687
0.5340712666511536,0.35786858201026917,-0.21258026361465454
0.5303546786308289,0.35810476541519165,-0.21255192160606384
0.5642250776290894,0.36138930916786194,-0.07259204983711243
0.5258720517158508,0.36241307854652405,-0.07633158564567566
0.5527307987213135,0.36897537112236023,-0.1821386069059372
0.5369881391525269,0.3696676790714264,-0.1832273006439209
0.5983004570007324,0.3964296579360962,0.014569462276995182
0.49780645966529846,0.39892828464508057,0.005692474544048309
0.6500908136367798,0.4163456857204437,-0.0018950963858515024
0.46085992455482483,0.4225524961948395,-0.0007871194975450635
0.6125707030296326,0.43580740690231323,-0.18535147607326508
0.48627713322639465,0.4356795847415924,-0.1533007025718689
0.6013716459274292,0.44405633211135864,-0.23527632653713226
0.49616363644599915,0.4434240758419037,-0.19734127819538116
0.5944886803627014,0.4382457733154297,-0.24705420434474945
0.5024825930595398,0.4383547902107239,-0.21224859356880188
0.5961165428161621,0.43574419617652893,-0.1937718540430069
0.50152188539505,0.4359806180000305,-0.16179710626602173
0.5832592248916626,0.48793402314186096,0.0042044492438435555
0.5198296308517456,0.489396870136261,-0.004279040731489658
0.587311863899231,0.5590636730194092,-0.019180800765752792
0.5236127972602844,0.5621892809867859,-0.016516903415322304
0.5991722345352173,0.6262622475624084,0.1988324522972107
0.5192592144012451,0.6274732351303101,0.17600375413894653
0.5943664312362671,0.6325817108154297,0.21190692484378815
0.5245834589004517,0.6326839327812195,0.18697291612625122
0.6046300530433655,0.649363100528717,0.05210713669657707
0.5168482065200806,0.6529327630996704,0.024162964895367622
-
0.5438153743743896,0.36241254210472107,-0.21824155747890472
0.5502294301986694,0.3574906885623932,-0.19590017199516296
0.5542649030685425,0.3575758635997772,-0.19590085744857788
0.5573627948760986,0.35770300030708313,-0.19590511918067932
0.5377796292304993,0.3577272295951843,-0.19688770174980164
0.5336035490036011,0.3579702079296112,-0.19692285358905792
0.5297393202781677,0.35817474126815796,-0.19689899682998657
0.563403844833374,0.36143144965171814,-0.05589963495731354
0.5250829458236694,0.3625718057155609,-0.0607953704893589
0.5523958206176758,0.36964064836502075,-0.16531988978385925
0.5366760492324829,0.3701854646205902,-0.16673658788204193
0.5982537269592285,0.3967990279197693,0.030817653983831406
0.4969841539859772,0.3987707197666168,0.02319909818470478
0.6505956649780273,0.4172762334346771,-0.001305467914789915
0.4601622223854065,0.4230446219444275,0.013677790760993958
0.6134309768676758,0.43696466088294983,-0.16625629365444183
0.4842258095741272,0.4344818592071533,-0.1383950114250183
0.6022771000862122,0.44468623399734497,-0.21538512408733368
0.494769424200058,0.44238147139549255,-0.18082521855831146
0.5951921939849854,0.43903493881225586,-0.22809827327728271
0.5018611550331116,0.4373801350593567,-0.19714336097240448
0.596786379814148,0.4362400472164154,-0.17462816834449768
0.500974714756012,0.4348979890346527,-0.14724072813987732
0.5843377709388733,0.4891102910041809,0.00463483203202486
0.519982099533081,0.4910009801387787,-0.004689214751124382
0.5873435139656067,0.5605558753013611,-0.022767959162592888
0.5238512754440308,0.565021276473999,-0.026890577748417854
0.5991456508636475,0.6269631385803223,0.18826715648174286
0.5193108916282654,0.6290194392204285,0.16333070397377014
0.5935473442077637,0.633463978767395,0.20138591527938843
0.5248638391494751,0.6343984007835388,0.17383337020874023
0.604064404964447,0.6508085131645203,0.041422516107559204
0.5166873931884766,0.6537720561027527,0.009579178877174854
-
0.5433375239372253,0.36477524042129517,-0.23503302037715912
0.549487292766571,0.3592448830604553,-0.21314184367656708
0.553533673286438,0.35922783613204956,-0.21313637495040894
0.5567528009414673,0.35928940773010254,-0.2131318897008896
0.5372500419616699,0.3598238527774811,-0.21288345754146576
0.5330360531806946,0.3602331876754761,-0.21290084719657898
0.5292114019393921,0.3606320023536682,-0.21284563839435577
0.5623438954353333,0.36326757073402405,-0.07483731210231781
0.5245751142501831,0.36470720171928406,-0.07760186493396759
0.5517741441726685,0.37146759033203125,-0.18381436169147491
0.5362756252288818,0.37188559770584106,-0.18445737659931183
0.5980921983718872,0.3981168866157532,0.02164803445339203
0.4968104064464569,0.4019145369529724,0.01426897756755352
0.6509743928909302,0.4185180068016052,0.056498780846595764
0.45949000120162964,0.4253695011138916,0.04324054718017578
0.6134300827980042,0.4400506019592285,-0.07179611921310425
0.4844093322753906,0.4390724301338196,-0.09225060045719147
0.6022486090660095,0.44706201553344727,-0.11323389410972595
0.4946303069591522,0.44599175453186035,-0.1458284556865692
0.5951734781265259,0.4422367215156555,-0.13065524399280548
0.5015941262245178,0.4416837692260742,-0.1780998259782791
0.5967492461204529,0.4395361840724945,-0.08098027855157852
0.5005909204483032,0.43931737542152405,-0.11187239736318588
0.5846233367919922,0.49123749136924744,0.005410255864262581
0.5200529098510742,0.4929710924625397,-0.00543222576379776
0.5873945951461792,0.563238263130188,-0.02637973614037037
0.5240513682365417,0.5666171908378601,-0.034110844135284424
0.5991121530532837,0.6281501650810242,0.18767370283603668
0.5193118453025818,0.631105899810791,0.15829215943813324
0.5923989415168762,0.6348373889923096,0.2011556178331375
0.5250077843666077,0.6364825367927551,0.1686248630285263
0.603855311870575,0.6527186036109924,0.041092488914728165
0.5166096687316895,0.655937671661377,0.0025673224590718746
-
0.5428479313850403,0.36809131503105164,-0.2406117171049118
0.5488377809524536,0.3627224564552307,-0.21392129361629486
0.55305016040802,0.36274921894073486,-0.2139134556055069
0.5563149452209473,0.36286401748657227,-0.21391895413398743
0.5366948246955872,0.36312586069107056,-0.21673324704170227
0.5325989723205566,0.3634449541568756,-0.21675585210323334
0.5287198424339294,0.3638090491294861,-0.21666109561920166
0.5620121359825134,0.36688855290412903,-0.08171793818473816
0.523952066898346,0.3680068850517273,-0.08328112959861755
0.5513330101966858,0.37479156255722046,-0.18597809970378876
0.5357440114021301,0.37514621019363403,-0.18626703321933746
0.5977728366851807,0.401733934879303,0.014378328807651997
0.4954661428928375,0.40491756796836853,0.012628964148461819
0.6506357192993164,0.42147690057754517,0.043628811836242676
0.45765507221221924,0.42775148153305054,0.06798601895570755
0.6123198866844177,0.4430614411830902,-0.0886290892958641
0.48433631658554077,0.44242778420448303,-0.026379194110631943
0.6018446683883667,0.44958534836769104,-0.13858866691589355
0.49452683329582214,0.44891977310180664,-0.06599929183721542
0.5948075652122498,0.4452272057533264,-0.15719778835773468
0.5013121366500854,0.445084810256958,-0.08816129714250565
0.5963254570960999,0.442783921957016,-0.09993370622396469
0.5002087354660034,0.4428867697715759,-0.03745872154831886
0.5850578546524048,0.4939050078392029,0.005171685013920069
0.5202609896659851,0.49577340483665466,-0.005220577586442232
0.5877306461334229,0.5661619305610657,-0.030366243794560432
0.5237749218940735,0.5686891674995422,-0.03454749286174774
0.5986201763153076,0.6296498775482178,0.1921301782131195
0.5192340612411499,0.6317236423492432,0.16176684200763702
0.5914452075958252,0.6364379525184631,0.2061631679534912
0.5252350568771362,0.6372336149215698,0.1716936081647873
0.6034244298934937,0.6548780798912048,0.046602725982666016
0.5155395269393921,0.6575696468353271,0.0040026577189564705
-
0.5422203540802002,0.3710296154022217,-0.24600344896316528
0.5482581853866577,0.3664211630821228,-0.22145125269889832
0.5525453090667725,0.3663879930973053,-0.22144733369350433
0.5558776259422302,0.36642464995384216,-0.22145427763462067
0.5360665321350098,0.3667217493057251,-0.22344514727592468
0.5321095585823059,0.3669261932373047,-0.223468616604805
0.5281849503517151,0.3671184182167053,-0.22340241074562073
0.5610657334327698,0.3697214126586914,-0.08311744779348373
0.5236168503761292,0.3718232810497284,-0.08382070809602737
0.551023542881012,0.37728869915008545,-0.1912822127342224
0.535248875617981,0.37743523716926575,-0.1922757625579834
0.5972172617912292,0.4041600823402405,0.0014845153782516718
0.4951039254665375,0.4118456244468689,0.010504059493541718
0.6507796049118042,0.42214903235435486,0.023845849558711052
0.4533102214336395,0.43370288610458374,0.08021414279937744
0.6122808456420898,0.4467216432094574,-0.10570016503334045
0.4860624074935913,0.4523709714412689,0.02936430275440216
0.6018633842468262,0.45361366868019104,-0.15125538408756256
0.495723694562912,0.45879048109054565,0.0003797040553763509
0.5947680473327637,0.44991475343704224,-0.16566869616508484
0.5023917555809021,0.453730970621109,-0.015337110497057438
0.5963121652603149,0.44798579812049866,-0.11435049027204514
0.50104820728302,0.45168429613113403,0.02279333584010601
0.5855138897895813,0.49833688139915466,0.00217858562245965
0.5202746391296387,0.4995504319667816,-0.002191108651459217
0.5877748131752014,0.5720004439353943,-0.029209615662693977
0.5234212875366211,0.575974702835083,-0.023053156211972237
0.5973280668258667,0.6330331563949585,0.19087541103363037
0.5178937911987305,0.6362550854682922,0.1693412959575653
0.5912373661994934,0.6413425207138062,0.2043740153312683
0.5242006778717041,0.6430152654647827,0.179963156580925
0.6006426811218262,0.6576422452926636,0.047742366790771484
0.5134963393211365,0.6629305481910706,0.0181977991014719
-
0.5411403775215149,0.3829057514667511,-0.24737896025180817
0.5472792983055115,0.37905749678611755,-0.22226499021053314
0.5514429211616516,0.3792168200016022,-0.22225242853164673
0.5550051927566528,0.379386842250824,-0.22226814925670624
0.5352634191513062,0.3792994022369385,-0.22456830739974976
0.531348466873169,0.3795986473560333,-0.22460231184959412
0.5273640751838684,0.3798375129699707,-0.2245384156703949
0.559080183506012,0.38353675603866577,-0.07917256653308868
0.5232254862785339,0.3842882215976715,-0.08766058832406998
0.5490148067474365,0.3900662064552307,-0.19375550746917725
0.5334353446960449,0.390201210975647,-0.1957186609506607
0.5957520604133606,0.4163479804992676,0.00733965216204524
0.49382156133651733,0.4229556918144226,0.014158569276332855
0.6507964730262756,0.4346748888492584,0.07622142881155014
0.45276451110839844,0.4442947804927826,0.11674432456493378
0.6122734546661377,0.45795780420303345,0.009126324206590652
0.4861014783382416,0.4615052342414856,0.10161011666059494
0.6021544933319092,0.4647834300994873,-0.02304401434957981
0.49576249718666077,0.46848374605178833,0.07936777919530869
0.595008134841919,0.4604356288909912,-0.0464840792119503
0.5024377703666687,0.4645586609840393,0.06249302253127098
0.5965816974639893,0.45834389328956604,-0.0016877878224477172
0.5010716915130615,0.46216320991516113,0.09531066566705704
0.585955023765564,0.5099443197250366,0.002369255293160677
0.5208609104156494,0.5120752453804016,-0.00236614141613245
0.5879014134407043,0.5840895771980286,-0.0432683601975441
0.52243971824646,0.587475597858429,-0.03696954995393753
0.594968855381012,0.6417571306228638,0.19075872004032135
0.517618715763092,0.6471759080886841,0.16060644388198853
0.5904241800308228,0.648560106754303,0.20568259060382843
0.5236808061599731,0.6539350748062134,0.17127230763435364
0.5979825258255005,0.6695783138275146,0.05106044188141823
0.5136047601699829,0.6751270890235901,0.011303452774882317
-
0.540742814540863,0.3968890905380249,-0.2697712182998657
0.5468987822532654,0.3920444846153259,-0.2454545497894287
0.5510357618331909,0.39227408170700073,-0.2454499751329422
0.5546136498451233,0.39250868558883667,-0.24547316133975983
0.5348855257034302,0.39236658811569214,-0.24812793731689453
0.5309887528419495,0.3927791118621826,-0.24816513061523438
0.5271636247634888,0.39304476976394653,-0.24808040261268616
0.5588170289993286,0.3969280421733856,-0.10175840556621552
0.5230491161346436,0.39734166860580444,-0.11504016816616058
0.5487012267112732,0.4033202528953552,-0.21669161319732666
0.533141016960144,0.40347805619239807,-0.22013463079929352
0.594882607460022,0.4293864369392395,-0.009850746020674706
0.49385181069374084,0.43651899695396423,-0.0004875960585195571
0.6508426070213318,0.4483441710472107,0.07213788479566574
0.4534313976764679,0.4577852189540863,0.11855339258909225
0.6096017360687256,0.4728125035762787,0.01669488660991192
0.48878568410873413,0.47606801986694336,0.1163703203201294
0.6001008749008179,0.47922152280807495,-0.011748761869966984
0.4995895326137543,0.48215174674987793,0.09800068289041519
0.5930842161178589,0.4759710729122162,-0.03658521547913551
0.5052111148834229,0.47963404655456543,0.07846584916114807
0.5948747992515564,0.473732054233551,0.006176054012030363
0.5029380321502686,0.47726550698280334,0.10966041684150696
0.5860718488693237,0.5221768617630005,0.002860376611351967
0.5215726494789124,0.5243643522262573,-0.0028490934055298567
0.5893570184707642,0.5959092378616333,-0.041534729301929474
0.522076427936554,0.5975089073181152,-0.03683868423104286
0.5939158797264099,0.650984525680542,0.20993226766586304
0.5174459218978882,0.6531093716621399,0.1751045286655426
0.5899537205696106,0.6568390727043152,0.22786878049373627
0.5232191681861877,0.6592385172843933,0.18787036836147308
0.5956627130508423,0.6781307458877563,0.08250577002763748
0.5141122341156006,0.6801156401634216,0.03508416935801506
-
0.5398160219192505,0.41141921281814575,-0.27825358510017395
0.5459343194961548,0.40640825033187866,-0.25508105754852295
0.5500694513320923,0.40654540061950684,-0.25509294867515564
0.5538204908370972,0.40671786665916443,-0.25510790944099426
0.5341301560401917,0.40689772367477417,-0.25516727566719055
0.5303712487220764,0.4071919918060303,-0.25518709421157837
0.5267056822776794,0.4074641764163971,-0.2551450729370117
0.5584579110145569,0.4110976755619049,-0.11831776052713394
0.5227861404418945,0.41175785660743713,-0.11918775737285614
0.547559380531311,0.417499303817749,-0.22737985849380493
0.5322607755661011,0.4180351197719574,-0.22762709856033325
0.5937016010284424,0.4434755742549896,-0.048212651163339615
0.4936888515949249,0.4491971433162689,-0.014343044720590115
0.6512302160263062,0.461007297039032,-0.052702054381370544
0.452472984790802,0.4692019820213318,0.03172063082456589
0.6073212027549744,0.48558059334754944,-0.2046346664428711
0.4904845356941223,0.489321231842041,-0.05815636366605759
0.5971395969390869,0.49207091331481934,-0.24934954941272736
0.5016478896141052,0.49593886733055115,-0.0914461761713028
0.5912948846817017,0.4883318841457367,-0.2649131119251251
0.5067569017410278,0.49394750595092773,-0.10621045529842377
0.5941469669342041,0.4851534366607666,-0.213407501578331
0.5042768716812134,0.4916056990623474,-0.06556222587823868
0.5860636234283447,0.5347883701324463,-0.002549408935010433
0.5219677686691284,0.5376085638999939,0.002549862489104271
0.5933332443237305,0.6050015091896057,-0.04221983626484871
0.5202241539955139,0.6084061861038208,-0.00901430007070303
0.5940518975257874,0.6552531123161316,0.24640172719955444
0.5176289081573486,0.6568023562431335,0.23586107790470123
0.5900202989578247,0.6614419221878052,0.2682124376296997
0.5237799882888794,0.6641433835029602,0.25257226824760437
0.5955765843391418,0.6805039048194885,0.12306542694568634
0.5144317150115967,0.6825518608093262,0.10546132177114487
-
0.5398610234260559,0.4212877154350281,-0.27718597650527954
0.5459096431732178,0.41660985350608826,-0.252450168132782
0.5500419735908508,0.4166749119758606,-0.25246065855026245
0.553587019443512,0.4167417585849762,-0.2524834871292114
0.5340436697006226,0.41718968749046326,-0.2524639666080475
0.5302667021751404,0.41775697469711304,-0.2524830400943756
0.5264753699302673,0.4182881712913513,-0.25244057178497314
0.5582196712493896,0.42096567153930664,-0.11582361906766891
0.5226470828056335,0.42265263199806213,-0.116490438580513
0.5476406812667847,0.4288416802883148,-0.2275523692369461
0.5322996973991394,0.4294235110282898,-0.22771583497524261
0.5937172174453735,0.45548123121261597,-0.06808140873908997
0.49376776814460754,0.45937380194664,-0.02910337783396244
0.654843807220459,0.4728662073612213,-0.15090402960777283
0.45279380679130554,0.478998601436615,-0.055776145309209824
0.6070928573608398,0.4957842230796814,-0.35141581296920776
0.49014103412628174,0.49782657623291016,-0.1963304579257965
0.596455454826355,0.5027298331260681,-0.40637609362602234
0.5013601779937744,0.5047569274902344,-0.23968085646629333
0.5898213982582092,0.49921131134033203,-0.412169486284256
0.5066120624542236,0.5026413202285767,-0.2470705211162567
0.5929858088493347,0.4966928958892822,-0.3573076128959656
0.5043085217475891,0.5005641579627991,-0.20260187983512878
0.5858749151229858,0.5449323654174805,-0.004392577335238457
0.5217112898826599,0.5469321012496948,0.004322960507124662
0.594806432723999,0.615041971206665,-0.057680267840623856
0.5199977159500122,0.6143966317176819,-0.010704568587243557
0.5939580798149109,0.6564651131629944,0.3007139563560486
0.5182680487632751,0.6590150594711304,0.3002864420413971
0.5897800922393799,0.6613484025001526,0.3314324617385864
0.5255950689315796,0.6647260785102844,0.3273128271102905
0.5955750942230225,0.6806531548500061,0.1983303427696228
0.5146937370300293,0.6824980974197388,0.19818894565105438
-
0.5397939682006836,0.42563503980636597,-0.27451828122138977
0.545943021774292,0.4211995601654053,-0.25035175681114197
0.55007004737854,0.42123299837112427,-0.2503514885902405
0.5535086989402771,0.4212687909603119,-0.2503584027290344
0.5340443849563599,0.4215787947177887,-0.25210168957710266
0.5302243828773499,0.4218360483646393,-0.25213173031806946
0.5264012813568115,0.4221852421760559,-0.25210943818092346
0.5582827925682068,0.4243031144142151,-0.11256998032331467
0.5224645137786865,0.4259876310825348,-0.11489413678646088
0.5476829409599304,0.43207183480262756,-0.22373872995376587
0.532343327999115,0.4327349066734314,-0.224671870470047
0.5932664275169373,0.45769888162612915,-0.059652213007211685
0.49378231167793274,0.4620822072029114,-0.0254568662494421
0.6547779440879822,0.47622767090797424,-0.1443605273962021
0.4529321789741516,0.48195934295654297,-0.0806768387556076
0.6071283221244812,0.49818962812423706,-0.34668368101119995
0.49023544788360596,0.5001755952835083,-0.26783448457717896
0.5962859392166138,0.5043237209320068,-0.4004608690738678
0.50111985206604,0.5079376101493835,-0.31590691208839417
0.5898228287696838,0.501006007194519,-0.4063391387462616
0.5065490007400513,0.5049930810928345,-0.320348858833313
0.5929099321365356,0.4988948404788971,-0.35259753465652466
0.5042996406555176,0.5026578307151794,-0.2737233638763428
0.5851716995239258,0.5460433959960938,-0.004850596189498901
0.5212241411209106,0.5477293729782104,0.004760414827615023
0.5964250564575195,0.6157400012016296,-0.056400056928396225
0.519859254360199,0.6145427823066711,-0.014783594757318497
0.5940303802490234,0.6578616499900818,0.29135948419570923
0.5188628435134888,0.6592046022415161,0.2794363498687744
0.5898059606552124,0.6615231037139893,0.3202802538871765
0.5259400010108948,0.6635386347770691,0.30386701226234436
0.5955338478088379,0.6812283396720886,0.19371439516544342
0.5156552791595459,0.6828895807266235,0.17907172441482544
-
0.5397252440452576,0.42087873816490173,-0.2727580666542053
0.5457371473312378,0.4164535105228424,-0.24889764189720154
0.5498015284538269,0.4164182245731354,-0.24890226125717163
0.5529547929763794,0.4164096415042877,-0.2489219605922699
0.5337746739387512,0.41710996627807617,-0.25072765350341797
0.529898464679718,0.4175174832344055,-0.25077059864997864
0.5260511636734009,0.4179089665412903,-0.25073227286338806
0.5580041408538818,0.4201582074165344,-0.11739778518676758
0.5223113298416138,0.42203617095947266,-0.11396420001983643
0.5477316975593567,0.42800965905189514,-0.223287895321846
0.5323750376701355,0.4285619854927063,-0.22283023595809937
0.5932973623275757,0.4554827809333801,-0.06652045994997025
0.49435606598854065,0.45752716064453125,-0.024608485400676727
0.6549850702285767,0.4735293984413147,-0.1398235261440277
0.45314309000968933,0.47639283537864685,-0.021622132509946823
0.6071529984474182,0.4955149292945862,-0.3313966393470764
0.4902011752128601,0.4965192675590515,-0.12714950740337372
0.5962449312210083,0.5017374753952026,-0.3819088339805603
0.5009210705757141,0.503363311290741,-0.16323266923427582
0.5895565152168274,0.49897855520248413,-0.3898024260997772
0.506477952003479,0.5008720755577087,-0.17476341128349304
0.5924091339111328,0.4968309998512268,-0.3377480208873749
0.5043125748634338,0.4986782670021057,-0.13363204896450043
0.58448326587677,0.5440195798873901,-0.005775316618382931
0.5210763812065125,0.5456122159957886,0.005699812900274992
0.5972632765769958,0.6144958734512329,-0.05035946145653725
0.5202330946922302,0.6139076948165894,-0.016905076801776886
0.5940473079681396,0.6565017700195312,0.3215678036212921
0.5198699235916138,0.6588199734687805,0.28613585233688354
0.5899468064308167,0.6601338386535645,0.35250937938690186
0.5264835953712463,0.6634196043014526,0.31118616461753845
0.5955239534378052,0.6802688837051392,0.2239258885383606
0.5168358683586121,0.682793378829956,0.18118266761302948
-
0.5395042896270752,0.4134715497493744,-0.27231085300445557
0.5456639528274536,0.40903276205062866,-0.24894195795059204
0.5497309565544128,0.40905457735061646,-0.24895383417606354
0.5528175830841064,0.4090755581855774,-0.248982772231102
0.5336508750915527,0.4094997048377991,-0.24967430531978607
0.5297664403915405,0.4098353385925293,-0.24970176815986633
0.525971531867981,0.41014280915260315,-0.2496599406003952
0.5580251216888428,0.412637859582901,-0.11646247655153275
0.5222259163856506,0.4140872359275818,-0.11382564902305603
0.5477503538131714,0.42026835680007935,-0.22287222743034363
0.5324068069458008,0.42067304253578186,-0.22243328392505646
0.5929758548736572,0.4471758008003235,-0.05366557836532593
0.49472206830978394,0.450377881526947,-0.023822182789444923
0.652890682220459,0.4660070836544037,-0.09661765396595001
0.4531351625919342,0.47018224000930786,-0.0035394595470279455
0.606415867805481,0.48788484930992126,-0.2756263017654419
0.49088460206985474,0.48909053206443787,-0.07278955727815628
0.5955596566200256,0.4949800372123718,-0.3237423300743103
0.5016316175460815,0.4960741102695465,-0.102094367146492
0.5889513492584229,0.4918268620967865,-0.3348228335380554
0.5068881511688232,0.49319180846214294,-0.11252288520336151
0.5917673707008362,0.48925289511680603,-0.2834227681159973
0.5046255588531494,0.4909586012363434,-0.0770321637392044
0.5835016965866089,0.5372534990310669,-0.005120313726365566
0.5210570693016052,0.5387669801712036,0.005030496511608362
0.5972133874893188,0.6085189580917358,-0.04550958052277565
0.5201191902160645,0.6109150052070618,-0.02500954642891884
0.5941179990768433,0.6558141708374023,0.3004035949707031
0.5200998783111572,0.6583929657936096,0.2758786380290985
0.590055525302887,0.6598876714706421,0.32781583070755005
0.5266778469085693,0.6631555557250977,0.3001742362976074
0.5957547426223755,0.6796638369560242,0.19160184264183044
0.517507791519165,0.6829034090042114,0.16215060651302338
-
0.5395222306251526,0.40265268087387085,-0.2771698534488678
0.5456696152687073,0.3976788818836212,-0.2548386752605438
0.5496376156806946,0.39785879850387573,-0.25483518838882446
0.5526908040046692,0.3981204628944397,-0.2548554539680481
0.5336472988128662,0.3980015814304352,-0.25784170627593994
0.5297393202781677,0.3984387218952179,-0.2578667402267456
0.5259648561477661,0.3989752233028412,-0.25782281160354614
0.5580036640167236,0.40252941846847534,-0.11721046268939972
0.5220569372177124,0.4030558466911316,-0.12979842722415924
0.5477771759033203,0.40988144278526306,-0.22559265792369843
0.5323748588562012,0.4101008474826813,-0.2289837896823883
0.5930074453353882,0.4364851415157318,-0.019522543996572495
0.4947446286678314,0.4406154155731201,-0.02848978526890278
0.6479185819625854,0.4557977616786957,0.08314615488052368
0.4533312916755676,0.4598759710788727,0.08024586737155914
0.6047098636627197,0.4767780303955078,0.04041234031319618
0.49190351366996765,0.4796624779701233,0.10100051760673523
0.5951679944992065,0.48232501745224,0.017532983794808388
0.501694917678833,0.4847045838832855,0.0853538066148758
0.5888153314590454,0.48077115416526794,-0.006847403943538666
0.5068198442459106,0.48230719566345215,0.06921928375959396
0.5914056897163391,0.47838181257247925,0.029893647879362106
0.5046859979629517,0.48047739267349243,0.09643968939781189
0.5835190415382385,0.5270981192588806,0.003229767782613635
0.521546483039856,0.5299344658851624,-0.003317215945571661
0.5955153703689575,0.5984380841255188,-0.041117094457149506
0.5206725001335144,0.6031657457351685,-0.028500370681285858
0.5947443842887878,0.6547393798828125,0.2619970142841339
0.5193424820899963,0.6569948196411133,0.2301686853170395
0.5913228988647461,0.6592825651168823,0.2820875942707062
0.5257059931755066,0.6623353958129883,0.24804748594760895
0.5957742929458618,0.6790720820426941,0.13098688423633575
0.5178343653678894,0.6819095611572266,0.09377115964889526
-
0.5396512150764465,0.3894079029560089,-0.2724096179008484
0.5458055138587952,0.38456401228904724,-0.2503937780857086
0.5496538281440735,0.3846513628959656,-0.2503774166107178
0.5527653098106384,0.3847653269767761,-0.2503606677055359
0.5336820483207703,0.3847581744194031,-0.25618812441825867
0.5297461152076721,0.38494032621383667,-0.2562255561351776
0.5259785652160645,0.3851765990257263,-0.2562254071235657
0.557913064956665,0.3882453143596649,-0.10756178200244904
0.5220203995704651,0.3887653350830078,-0.12498725205659866
0.5478299260139465,0.39651617407798767,-0.21813228726387024
0.532484769821167,0.3971342146396637,-0.22422127425670624
0.5928672552108765,0.4223029613494873,-0.0020321873016655445
0.4942735433578491,0.4265829622745514,-0.02596435882151127
0.6468769907951355,0.4418541491031647,0.04073752090334892
0.45123183727264404,0.44540196657180786,0.04255082830786705
0.6052148342132568,0.4610275626182556,-0.07905589044094086
0.4882049560546875,0.4636843204498291,-0.031379520893096924
0.5960127115249634,0.46699395775794983,-0.11648108065128326
0.4996480643749237,0.46982693672180176,-0.06253491342067719
0.5903186202049255,0.4628267288208008,-0.13255426287651062
0.5052533745765686,0.4648434519767761,-0.07765398919582367
0.5926476120948792,0.4607921540737152,-0.08802331984043121
0.502960205078125,0.4627816677093506,-0.03656075894832611
0.5835339426994324,0.5146176815032959,0.004537307657301426
0.522034764289856,0.5167534351348877,-0.004635011311620474
0.5919308066368103,0.5854707360267639,-0.020900128409266472
0.5207763910293579,0.5873757600784302,-0.023609012365341187
0.5961700677871704,0.651022732257843,0.20423707365989685
0.516694188117981,0.6529126167297363,0.1846819519996643
0.5920746922492981,0.6565453410148621,0.2164788842201233
0.5229135751724243,0.6583150625228882,0.19627119600772858
0.5965580940246582,0.6771117448806763,0.05611996725201607
0.5177887678146362,0.6805819869041443,0.03707360848784447
-
0.5391982793807983,0.379342645406723,-0.2800513505935669
0.5456070899963379,0.37424975633621216,-0.2592284083366394
0.5494869351387024,0.3742952048778534,-0.25921371579170227
0.5526720881462097,0.37433016300201416,-0.25919172167778015
0.53325355052948,0.37445423007011414,-0.2616061866283417
0.5294132828712463,0.3746357262134552,-0.261637419462204
0.525784969329834,0.3748137056827545,-0.26161515712738037
0.557904839515686,0.3773515224456787,-0.11760295927524567
0.5219519138336182,0.37802523374557495,-0.12686097621917725
0.5477343201637268,0.3867940306663513,-0.22571301460266113
0.5322307348251343,0.3873918056488037,-0.228850319981575
0.5930097103118896,0.41105931997299194,-0.010894929058849812
0.49388155341148376,0.4160672128200531,-0.02458302117884159
0.6467769742012024,0.4327085018157959,0.012349159456789494
0.44858187437057495,0.43676647543907166,0.018069148063659668
0.6050342321395874,0.45346349477767944,-0.15471944212913513
0.48493292927742004,0.45354729890823364,-0.08957835286855698
0.5960608720779419,0.45953792333602905,-0.1988941878080368
0.4972876310348511,0.4598866403102875,-0.12463004887104034
0.5903254747390747,0.4546169638633728,-0.21172061562538147
0.502964973449707,0.4538881182670593,-0.13815206289291382
0.5926238298416138,0.4525328576564789,-0.16301913559436798
0.500675618648529,0.4515891671180725,-0.09518091380596161
0.5840831995010376,0.5029245018959045,0.004994364455342293
0.5222698450088501,0.5053580403327942,-0.005111584905534983
0.5895081758499146,0.5762940049171448,-0.007350654806941748
0.5209047198295593,0.57719886302948,-0.014529990032315254
0.5966068506240845,0.6419576406478882,0.21452227234840393
0.5144784450531006,0.6430804133415222,0.19440270960330963
0.5920719504356384,0.6480454206466675,0.22792275249958038
0.5214220285415649,0.6489212512969971,0.2067926973104477
0.600004255771637,0.6673976182937622,0.06567028909921646
0.5123960375785828,0.6706881523132324,0.04574117064476013
-
0.5385749936103821,0.3698210120201111,-0.26727890968322754
0.5450663566589355,0.36441823840141296,-0.24581749737262726
0.5490401983261108,0.3645457625389099,-0.2458055019378662
0.5521249771118164,0.36471784114837646,-0.24577923119068146
0.5324543714523315,0.36461320519447327,-0.24694252014160156
0.5285769701004028,0.36482033133506775,-0.24694830179214478
0.5249435901641846,0.36514028906822205,-0.24692238867282867
0.5578595399856567,0.36877185106277466,-0.10468137264251709
0.521579921245575,0.3699885308742523,-0.10927669703960419
0.5473001003265381,0.37777334451675415,-0.21358884871006012
0.5314919352531433,0.3784451484680176,-0.21509096026420593
0.5931640267372131,0.40367645025253296,-0.004221926908940077
0.49352484941482544,0.4075506627559662,-0.011905849911272526
0.6457184553146362,0.42545342445373535,0.004209130071103573
0.4490682780742645,0.43179720640182495,0.013845549896359444
0.6066145300865173,0.445061594247818,-0.15506687760353088
0.4835625886917114,0.445723295211792,-0.10261551290750504
0.5971733331680298,0.4509720802307129,-0.1993510127067566
0.4963604509830475,0.4517943263053894,-0.1389288604259491
0.5911349654197693,0.4463476538658142,-0.21249938011169434
0.502463161945343,0.4466453194618225,-0.15218651294708252
0.5931568741798401,0.44381189346313477,-0.1634102761745453
0.5002396702766418,0.44441086053848267,-0.10882751643657684
0.5843192338943481,0.49580007791519165,0.004148304462432861
0.5223490595817566,0.4982374310493469,-0.00424544233828783
0.5876320600509644,0.56804358959198,-0.006362374406307936
0.5205259323120117,0.5698683857917786,-0.0068261330015957355
0.595384955406189,0.6340249180793762,0.20432361960411072
0.5136527419090271,0.6338506937026978,0.19451221823692322
0.5897144079208374,0.6404602527618408,0.2157333791255951
0.5211716294288635,0.6409633159637451,0.20558518171310425
0.600793182849884,0.6566451787948608,0.056081097573041916
0.5053989291191101,0.6592149138450623,0.04772942513227463
-
0.5375916957855225,0.3630458414554596,-0.26392701268196106
0.5436103940010071,0.3575018346309662,-0.243992418050766
0.5478547811508179,0.357496052980423,-0.243988037109375
0.5512303709983826,0.35755836963653564,-0.24397404491901398
0.5314838886260986,0.35852235555648804,-0.24335359036922455
0.5276165008544922,0.35908713936805725,-0.24335670471191406
0.5241080522537231,0.3595428764820099,-0.24333608150482178
0.5577108860015869,0.36187905073165894,-0.10530296713113785
0.5209399461746216,0.36441177129745483,-0.10545594245195389
0.5464796423912048,0.3699217438697815,-0.21216276288032532
0.5307766795158386,0.37081971764564514,-0.21141548454761505
0.594032347202301,0.39887574315071106,-0.00950060598552227
0.49329760670661926,0.4015297293663025,-0.00461193360388279
0.6451274752616882,0.42035847902297974,0.0019053405849263072
0.4489046633243561,0.42665332555770874,0.024174131453037262
0.6065009832382202,0.44003230333328247,-0.1487664431333542
0.4832559823989868,0.44144827127456665,-0.08529548346996307
0.5972643494606018,0.44623351097106934,-0.1906665563583374
0.49600300192832947,0.44657832384109497,-0.11989669501781464
0.5912205576896667,0.44207054376602173,-0.20652955770492554
0.5021584630012512,0.4422449469566345,-0.13417641818523407
0.5931592583656311,0.4399985373020172,-0.1577693372964859
0.4998554289340973,0.44027629494667053,-0.09204860031604767
0.5843588709831238,0.48963671922683716,3.591544373193756e-05
0.5222958922386169,0.4918021261692047,-0.00011686186189763248
0.5857263207435608,0.5603391528129578,-0.013796772807836533
0.5204333662986755,0.5633882880210876,-0.00719308340921998
0.5947279334068298,0.6281610727310181,0.1874259114265442
0.5135500431060791,0.6279024481773376,0.18489386141300201
0.5891056060791016,0.6348862051963806,0.19854865968227386
0.5211009383201599,0.6350125074386597,0.1952868402004242
0.6009494066238403,0.6508300304412842,0.04224028065800667
0.503305196762085,0.6526950597763062,0.041449256241321564
-
0.5372893214225769,0.35955697298049927,-0.22583244740962982
0.5436052680015564,0.3549933135509491,-0.2060064673423767
0.5478783845901489,0.35510459542274475,-0.2060045301914215
0.5512406826019287,0.3552284836769104,-0.20601828396320343
0.5314747095108032,0.3553263545036316,-0.20421965420246124
0.5276267528533936,0.35558241605758667,-0.2042151540517807
0.5240705609321594,0.35581520199775696,-0.2041812241077423
0.55784010887146,0.35897108912467957,-0.07998985052108765
0.5208297967910767,0.3605670630931854,-0.07298561185598373
0.5464321970939636,0.36644282937049866,-0.1786727011203766
0.5306456685066223,0.3669838309288025,-0.1764775514602661
0.5940330624580383,0.39364343881607056,0.0025829102378338575
0.4934162199497223,0.3979021906852722,0.016180675476789474
0.6451093554496765,0.4163890779018402,0.01484362967312336
0.4474753141403198,0.4229932427406311,0.040144000202417374
0.6060693860054016,0.43726998567581177,-0.12160961329936981
0.4835960865020752,0.438973605632782,-0.07212507724761963
0.5971411466598511,0.4467407763004303,-0.16336417198181152
0.4960639476776123,0.44597023725509644,-0.11184051632881165
0.5903966426849365,0.44199690222740173,-0.17790158092975616
0.5022116899490356,0.4403536915779114,-0.12280235439538956
0.5921510457992554,0.43897613883018494,-0.1300370693206787
0.49987614154815674,0.43824777007102966,-0.07865051180124283
0.5840905904769897,0.4856131076812744,-0.0006329119787551463
0.5220212936401367,0.48648518323898315,0.0005644591874442995
0.5849234461784363,0.5570611953735352,-0.01667032577097416
0.5189758539199829,0.5598698854446411,-0.009337777271866798
0.5941104292869568,0.6250098943710327,0.16220273077487946
0.5131950378417969,0.6263104677200317,0.15691938996315002
0.5879355669021606,0.6316323280334473,0.17168553173542023
0.5206615924835205,0.6330693960189819,0.1654948890209198
0.6012165546417236,0.6477452516555786,0.018519513309001923
0.5040523409843445,0.6505111455917358,0.01323422696441412
-
0.5382161140441895,0.35925182700157166,-0.20293600857257843
0.5447050333023071,0.35407084226608276,-0.1805792897939682
0.5487483143806458,0.354181706905365,-0.1805826872587204
0.5519896745681763,0.3543209731578827,-0.18060781061649323
0.5320535898208618,0.3544232249259949,-0.18143999576568604
0.5280653238296509,0.35465487837791443,-0.18144789338111877
0.524457573890686,0.35509103536605835,-0.18140342831611633
0.5585207343101501,0.35833799839019775,-0.04503386840224266
0.5208320021629333,0.35998183488845825,-0.05005941912531853
0.5471077561378479,0.36642932891845703,-0.15219752490520477
0.531408965587616,0.367269366979599,-0.1535084992647171
0.594061553478241,0.3937966823577881,0.03776247054338455
0.4929993152618408,0.3967340588569641,0.034659627825021744
0.6450940370559692,0.41566652059555054,0.04326629266142845
0.4473363757133484,0.42040306329727173,0.04375161975622177
0.6060448288917542,0.43651682138442993,-0.10661355406045914
0.48210227489471436,0.43453675508499146,-0.07331877946853638
0.5973519086837769,0.44473615288734436,-0.15235300362110138
0.49505284428596497,0.4415702223777771,-0.11231841146945953
0.5906962752342224,0.44009485840797424,-0.16744545102119446
0.5012906789779663,0.4359821379184723,-0.12541191279888153
0.5922959446907043,0.4371708035469055,-0.11587297916412354
0.49908408522605896,0.4336826801300049,-0.08034824579954147
0.5838143229484558,0.48567381501197815,0.0011663305340334773
0.5212374329566956,0.48681026697158813,-0.0011581520084291697
0.5852541923522949,0.5576621294021606,-0.02329169400036335
0.5189427733421326,0.5604769587516785,-0.02866128832101822
0.5939924716949463,0.6248158812522888,0.15874424576759338
0.5128936767578125,0.6262263059616089,0.14190222322940826
0.5871804356575012,0.6317325830459595,0.16912831366062164
0.5206159949302673,0.632240891456604,0.1505163460969925
0.6018090844154358,0.647783100605011,0.015405288897454739
0.50505131483078,0.65025794506073,-0.007594412658363581
-
0.539238452911377,0.35885530710220337,-0.20098334550857544
0.5452306270599365,0.3540850281715393,-0.17874287068843842
0.5491571426391602,0.3541502058506012,-0.17873884737491608
0.5522447824478149,0.3542209267616272,-0.17875885963439941
0.5328074097633362,0.3543705940246582,-0.17939330637454987
0.5287014245986938,0.3546983599662781,-0.17939573526382446
0.5249854326248169,0.35501629114151,-0.1793622374534607
0.5586278438568115,0.3581452965736389,-0.04443126171827316
0.5209444761276245,0.3599461019039154,-0.04804404452443123
0.5479439496994019,0.3663250803947449,-0.1506636142730713
0.5323328375816345,0.36712610721588135,-0.1515764594078064
0.5940935611724854,0.39365825057029724,0.03728221356868744
0.4929816722869873,0.39784711599349976,0.03328252583742142
0.6441291570663452,0.41419821977615356,0.056646883487701416
0.4474606513977051,0.421269029378891,0.0481761172413826
0.6076157093048096,0.43461841344833374,-0.0733303502202034
0.4823695719242096,0.4363434314727783,-0.06024521216750145
0.5998795628547668,0.44300684332847595,-0.11595483124256134
0.4950558841228485,0.44297680258750916,-0.09819371998310089
0.5924990177154541,0.439033180475235,-0.13411231338977814
0.5013532638549805,0.43765968084335327,-0.11279331892728806
0.5935097932815552,0.43607813119888306,-0.08328738808631897
0.49912229180336,0.43540096282958984,-0.06755923479795456
0.583828330039978,0.4871482849121094,0.0022708093747496605
0.5209887623786926,0.4888239800930023,-0.0022238227538764477
0.5854426622390747,0.5596523284912109,-0.027139538899064064
0.5192632675170898,0.5616589784622192,-0.03323208913207054
0.5940151810646057,0.6251856088638306,0.16163651645183563
0.5124936699867249,0.6262184381484985,0.14180004596710205
0.5868914127349854,0.6323294043540955,0.17249450087547302
0.5204341411590576,0.6320886015892029,0.15075431764125824
0.602677047252655,0.6488825082778931,0.020016850903630257
0.5056873559951782,0.6503443121910095,-0.0056288777850568295
-
0.5388141870498657,0.362226277589798,-0.2149154245853424
0.5449910759925842,0.357056200504303,-0.1925317943096161
0.548920750617981,0.35710054636001587,-0.19252243638038635
0.5521994829177856,0.3571799397468567,-0.1925458312034607
0.5327625870704651,0.3576394021511078,-0.1935141235589981
0.5286685824394226,0.3579210042953491,-0.19353057444095612
0.5249887704849243,0.3581927716732025,-0.193500816822052
0.5586589574813843,0.3610983192920685,-0.05545217543840408
0.5209634304046631,0.36284464597702026,-0.06065952032804489
0.5477930903434753,0.36878982186317444,-0.16382446885108948
0.5321635007858276,0.3694012463092804,-0.16514252126216888
0.5949212908744812,0.39716044068336487,0.037349071353673935
0.4931251108646393,0.39958614110946655,0.030208520591259003
0.6441465020179749,0.41586193442344666,0.09548832476139069
0.44750866293907166,0.4227331280708313,0.10132014751434326
0.6076725721359253,0.4381985068321228,0.007550572045147419
0.48255929350852966,0.43900999426841736,0.06464844942092896
0.5999414920806885,0.445849746465683,-0.028589192777872086
0.49488189816474915,0.4451773762702942,0.03735513985157013
0.592473566532135,0.44222527742385864,-0.04883958026766777
0.5014352202415466,0.4405599534511566,0.01912725158035755
0.5934985280036926,0.43967026472091675,-0.0026999067049473524
0.4992351233959198,0.43813055753707886,0.057094916701316833
0.5838607549667358,0.48742881417274475,0.003408467397093773
0.5209206342697144,0.4892233908176422,-0.0033335585612803698
0.5856189131736755,0.5613194704055786,-0.03626364469528198
0.5189694762229919,0.5621305704116821,-0.042851775884628296
0.593704342842102,0.6270649433135986,0.1419445276260376
0.5106943249702454,0.6275539398193359,0.12633568048477173
0.5863722562789917,0.6345664858818054,0.1510450392961502
0.5182610154151917,0.6333128809928894,0.13404682278633118
0.6025964617729187,0.6510692834854126,-0.008506140671670437
0.506071150302887,0.6521364450454712,-0.026390857994556427
-
0.5391852259635925,0.36562344431877136,-0.22144544124603271
0.5451543927192688,0.3605380356311798,-0.1983605921268463
0.5492221117019653,0.36055707931518555,-0.1983538717031479
0.5523859262466431,0.360633909702301,-0.19837911427021027
0.5329664945602417,0.36106961965560913,-0.19965839385986328
0.5289208889007568,0.3613581657409668,-0.1996803730726242
0.5253225564956665,0.3616710305213928,-0.19963812828063965
0.5589562058448792,0.36443865299224854,-0.05709156394004822
0.5209767818450928,0.366157591342926,-0.06426651775836945
0.54822838306427,0.3722432851791382,-0.16909858584403992
0.5324170589447021,0.37281879782676697,-0.17083056271076202
0.5950710773468018,0.3999027609825134,0.03625107556581497
0.49360477924346924,0.4023891091346741,0.03576964884996414
0.6438361406326294,0.4189067780971527,0.07527513802051544
0.44726845622062683,0.4255734086036682,0.11130021512508392
0.6076151132583618,0.44089779257774353,-0.045154571533203125
0.482636034488678,0.44243502616882324,0.06124817579984665
0.5999181270599365,0.44849076867103577,-0.08703354001045227
0.49484536051750183,0.448728084564209,0.031690772622823715
0.5924669504165649,0.4449537396430969,-0.1053345650434494
0.5014983415603638,0.44413408637046814,0.014946206472814083
0.5934971570968628,0.4424974024295807,-0.05536927655339241
0.49931252002716064,0.44178861379623413,0.054357632994651794
0.582990288734436,0.49072951078414917,0.003523302497342229
0.5199497938156128,0.49226146936416626,-0.0034515950828790665
0.5857324600219727,0.5635592937469482,-0.0555436946451664
0.5180936455726624,0.565182089805603,-0.052830472588539124
0.593721866607666,0.6281960606575012,0.15989390015602112
0.5101239681243896,0.629465639591217,0.1420317441225052
0.5866327881813049,0.6354594230651855,0.17262260615825653
0.517213761806488,0.6352790594100952,0.1525285840034485
0.6020721197128296,0.6518105864524841,0.011935987509787083
0.5074020624160767,0.6524239778518677,-0.010819928720593452
-
0.5391988754272461,0.37057802081108093,-0.23735472559928894
0.5453275442123413,0.3663957118988037,-0.21209987998008728
0.5497626662254333,0.3663972318172455,-0.21206483244895935
0.5528577566146851,0.3665500283241272,-0.21209511160850525
0.5329933762550354,0.3669818639755249,-0.2146860808134079
0.5289885401725769,0.3674454092979431,-0.21474280953407288
0.5253732800483704,0.3679272532463074,-0.21465788781642914
0.5593275427818298,0.3696235716342926,-0.061975546181201935
0.5210500359535217,0.3708130419254303,-0.07691902667284012
0.548366129398346,0.3778861463069916,-0.18363632261753082
0.5324245691299438,0.3786565065383911,-0.18679338693618774
0.5951561331748962,0.40454497933387756,0.027739625424146652
0.49374932050704956,0.40692391991615295,0.028790635988116264
0.6427965760231018,0.4216386675834656,0.09240807592868805
0.44625845551490784,0.428952693939209,0.12754760682582855
0.6073013544082642,0.445504367351532,0.026242198422551155
0.4827233552932739,0.44746288657188416,0.11407767236232758
0.6000062823295593,0.45398029685020447,-0.007397094741463661
0.4948636293411255,0.45531654357910156,0.08950246870517731
0.5924555063247681,0.45050081610679626,-0.028509454801678658
0.5015228390693665,0.4501119554042816,0.07406837493181229
0.5934129953384399,0.44779786467552185,0.01581842452287674
0.4993319511413574,0.44776663184165955,0.10802743583917618
0.582736611366272,0.4963618814945221,0.0031723848078399897
0.5193030834197998,0.49634379148483276,-0.0031024727504700422
0.5858235955238342,0.5713511109352112,-0.06416714191436768
0.5172755122184753,0.5747207999229431,-0.05580573156476021
0.5932689905166626,0.6323553323745728,0.17155654728412628
0.5099549293518066,0.6319266557693481,0.15795515477657318
0.5866711139678955,0.6384793519973755,0.1908671110868454
0.5159708857536316,0.6375603675842285,0.17460227012634277
0.5982348322868347,0.6600079536437988,0.031032951548695564
0.5077862739562988,0.6599387526512146,0.019121598452329636
-
0.5415714979171753,0.38226181268692017,-0.24602818489074707
0.5468339323997498,0.3778522312641144,-0.21959200501441956
0.5507888197898865,0.3779686391353607,-0.21955440938472748
0.5536763072013855,0.3781110346317291,-0.21957649290561676
0.5347192883491516,0.37823131680488586,-0.22490185499191284
0.5305433869361877,0.3787127137184143,-0.22496028244495392
0.5267564654350281,0.37918639183044434,-0.2248527556657791
0.5593560338020325,0.3822537362575531,-0.06293857097625732
0.5216602087020874,0.38320061564445496,-0.09521903097629547
0.5500839948654175,0.38970986008644104,-0.191304549574852
0.533922553062439,0.39038267731666565,-0.1984395533800125
0.5944934487342834,0.4168543219566345,0.024386610835790634
0.4937746226787567,0.419813871383667,0.015973133966326714
0.6403663754463196,0.43457746505737305,0.12551388144493103
0.445648193359375,0.43882593512535095,0.12706802785396576
0.6069573163986206,0.45645031332969666,0.10344570875167847
0.48269516229629517,0.45944443345069885,0.14397557079792023
0.6003574728965759,0.46304649114608765,0.0795409232378006
0.49477630853652954,0.4668954312801361,0.1271916776895523
0.5926965475082397,0.4601135849952698,0.05453011766076088
0.5014342665672302,0.46325621008872986,0.10997281968593597
0.593553900718689,0.45759958028793335,0.09248467534780502
0.4992053210735321,0.4608224332332611,0.13853669166564941
0.5825635194778442,0.5076332092285156,0.0048314305022358894
0.5191109776496887,0.5085567831993103,-0.0047640688717365265
0.5865663886070251,0.5820921659469604,-0.05692197009921074
0.5165737867355347,0.5849160552024841,-0.04969950392842293
0.5924508571624756,0.6426390409469604,0.18114349246025085
0.5100271701812744,0.6417993903160095,0.1598067730665207
0.5867452025413513,0.648224949836731,0.19913196563720703
0.5157545208930969,0.6485182046890259,0.17386163771152496
0.596061110496521,0.6709651947021484,0.047454871237277985
0.5096301436424255,0.6725850105285645,0.01866528019309044
-
0.5422755479812622,0.39677271246910095,-0.26108619570732117
0.5474768877029419,0.39196091890335083,-0.2362069934606552
0.5512816905975342,0.3921044170856476,-0.23619520664215088
0.5542764663696289,0.3922787606716156,-0.2362082600593567
0.5357164144515991,0.39235419034957886,-0.24013444781303406
0.5319075584411621,0.3925967812538147,-0.24017082154750824
0.528239369392395,0.39287829399108887,-0.24008719623088837
0.5595555305480957,0.39652949571609497,-0.0857056975364685
0.5227494835853577,0.3972751796245575,-0.10750357061624527
0.5504834651947021,0.40342751145362854,-0.20640228688716888
0.534821629524231,0.40330415964126587,-0.21175187826156616
0.5943007469177246,0.4299289286136627,0.007437754422426224
0.49441084265708923,0.43330565094947815,0.005071638152003288
0.6401671171188354,0.44836536049842834,0.09166232496500015
0.44601231813430786,0.45467501878738403,0.1148676872253418
0.6057626008987427,0.47114381194114685,0.025673802942037582
0.48446473479270935,0.47346243262290955,0.1068429946899414
0.5989329218864441,0.47731757164001465,-0.0037080293986946344
0.4958382844924927,0.48034948110580444,0.0870945006608963
0.591991662979126,0.475089967250824,-0.02791302464902401
0.501943051815033,0.4776651859283447,0.0688580572605133
0.5932016372680664,0.4727160930633545,0.014431262388825417
0.49966442584991455,0.47509080171585083,0.10054264962673187
0.5816109776496887,0.5198488235473633,0.004747433587908745
0.518839955329895,0.5212396383285522,-0.004690865986049175
0.5869587063789368,0.5930019021034241,-0.053069114685058594
0.5161996483802795,0.5968202352523804,-0.04900621995329857
0.5916709899902344,0.6511751413345337,0.19340133666992188
0.5101134181022644,0.6511340737342834,0.16511216759681702
0.5865672826766968,0.6561625599861145,0.21056778728961945
0.5159322619438171,0.6568498611450195,0.17841148376464844
0.5930191874504089,0.6793838739395142,0.05881247669458389
0.5123736262321472,0.6797786951065063,0.022931983694434166
-
0.5422491431236267,0.41066402196884155,-0.2649962604045868
0.5475555062294006,0.405640184879303,-0.24156825244426727
0.5513471364974976,0.40576034784317017,-0.2415357381105423
0.5544094443321228,0.40591350197792053,-0.2415577620267868
0.5358841419219971,0.4060129225254059,-0.24439780414104462
0.5321487784385681,0.4062005877494812,-0.24444571137428284
0.528436541557312,0.4064757227897644,-0.24437162280082703
0.5597562789916992,0.4099291265010834,-0.1063186302781105
0.5228925943374634,0.4107987880706787,-0.12198575586080551
0.5504708886146545,0.4171985983848572,-0.21589747071266174
0.5348789095878601,0.41716766357421875,-0.22019271552562714
0.5935508012771606,0.4437072277069092,-0.02049163728952408
0.49440667033195496,0.44769763946533203,-0.022981980815529823
0.640358567237854,0.46207165718078613,0.0860888659954071
0.44612881541252136,0.4668293595314026,0.10347902774810791
0.6025692224502563,0.4849037528038025,0.0921357125043869
0.48828303813934326,0.48847633600234985,0.12607166171073914
0.5933464765548706,0.4923892915248871,0.07828527688980103
0.4988606870174408,0.49629172682762146,0.11449756473302841
0.5871129631996155,0.49064216017723083,0.05782231688499451
0.5053224563598633,0.49475112557411194,0.10329730063676834
0.5895059108734131,0.48776230216026306,0.0846966952085495
0.5031410455703735,0.49208545684814453,0.1228426918387413
0.5810502171516418,0.5332016944885254,0.00469680642709136
0.5187361240386963,0.5345655679702759,-0.004654530435800552
0.587169885635376,0.6042378544807434,-0.02110994979739189
0.5151888728141785,0.6066304445266724,-0.02282538078725338
0.5905870199203491,0.6568099856376648,0.23630096018314362
0.5101488828659058,0.6565998792648315,0.19446974992752075
0.5860533118247986,0.662833571434021,0.25510483980178833
0.5160633325576782,0.663313627243042,0.20874103903770447
0.5920844674110413,0.6817455291748047,0.11833333224058151
0.5126115083694458,0.6832926869392395,0.06400430202484131
-
0.5426897406578064,0.4198873043060303,-0.26676321029663086
0.5484099388122559,0.41542935371398926,-0.24167592823505402
0.5518990159034729,0.41552796959877014,-0.2416713535785675
0.554876983165741,0.4157183766365051,-0.2416822612285614
0.5364251732826233,0.41585153341293335,-0.24311591684818268
0.5323944687843323,0.41632214188575745,-0.24314087629318237
0.5286397933959961,0.41680845618247986,-0.24308249354362488
0.5605558753013611,0.4198077321052551,-0.10485376417636871
0.5231693983078003,0.4211618900299072,-0.11350603401660919
0.5509363412857056,0.4276162087917328,-0.21734318137168884
0.5351239442825317,0.42818909883499146,-0.21956278383731842
0.593549370765686,0.4547995626926422,-0.04673618823289871
0.495348185300827,0.4570908546447754,-0.02818937599658966
0.6406792402267456,0.4739421010017395,-0.10392317175865173
0.4485931396484375,0.4769218862056732,-0.04500075429677963
0.6022776961326599,0.4962700307369232,-0.29074543714523315
0.4882446825504303,0.49738842248916626,-0.18036283552646637
0.5925023555755615,0.5029960870742798,-0.34324148297309875
0.49887916445732117,0.503405749797821,-0.2226497083902359
0.5849999189376831,0.5008720755577087,-0.35246312618255615
0.5056542754173279,0.5008417963981628,-0.23243066668510437
0.5875399708747864,0.498635858297348,-0.2981133460998535
0.5038586854934692,0.498931884765625,-0.18704389035701752
0.5802887678146362,0.5431697964668274,0.0031641493551433086
0.5179026126861572,0.5440700650215149,-0.0032109180465340614
0.58849036693573,0.6128294467926025,-0.025788800790905952
0.5139621496200562,0.6142063140869141,-0.01774969883263111
0.589021623134613,0.6596401929855347,0.2753487229347229
0.5108004212379456,0.6580314636230469,0.25048425793647766
0.5845407843589783,0.6655429601669312,0.29927748441696167
0.5171656608581543,0.663519024848938,0.27073538303375244
0.5925168991088867,0.6829844117164612,0.16045887768268585
0.5125882625579834,0.6820955872535706,0.13140785694122314
-
0.542709231376648,0.4233365058898926,-0.26139166951179504
0.5484371781349182,0.4189733564853668,-0.23677495121955872
0.5519227385520935,0.4191719591617584,-0.23679225146770477
0.5548995733261108,0.41941848397254944,-0.236836776137352
0.5365055799484253,0.419184148311615,-0.23550835251808167
0.5324901938438416,0.41948047280311584,-0.23552213609218597
0.5287024974822998,0.4198264479637146,-0.2354452759027481
0.5606188178062439,0.422764390707016,-0.09983614087104797
0.5231738686561584,0.423677533864975,-0.10731137543916702
0.5509411096572876,0.4297828674316406,-0.21567441523075104
0.5351799130439758,0.4299163818359375,-0.21547001600265503
0.5935327410697937,0.4564909338951111,-0.03720187768340111
0.4953606128692627,0.4596636891365051,-0.01782798580825329
0.6409146189689636,0.4774593710899353,-0.0481986328959465
0.4508078694343567,0.4805404245853424,-0.0031539686024188995
0.6024224162101746,0.49881118535995483,-0.18001899123191833
0.48956015706062317,0.499889999628067,-0.1056213453412056
0.5928323268890381,0.506078839302063,-0.22089652717113495
0.4991171658039093,0.5073265433311462,-0.14027749001979828
0.5854925513267517,0.5019237399101257,-0.23319846391677856
0.5057957768440247,0.5038021802902222,-0.14799009263515472
0.5878647565841675,0.4995576739311218,-0.1864587962627411
0.5041870474815369,0.5015148520469666,-0.11026164889335632
0.5797241926193237,0.5440880060195923,-0.0012859052512794733
0.5172616839408875,0.544613242149353,0.0011950285406783223
0.5892137885093689,0.6153676509857178,-0.06363340467214584
0.5136897563934326,0.6154311299324036,-0.05086928606033325
0.588982880115509,0.6586047410964966,0.2764972150325775
0.5114747881889343,0.6587508916854858,0.2592504620552063
0.584126889705658,0.6634366512298584,0.3052956461906433
0.5176151990890503,0.6629640460014343,0.2859450876712799
0.5923559665679932,0.6820931434631348,0.18101169168949127
0.5125671625137329,0.6822420954704285,0.16690051555633545
-
0.5422387719154358,0.4174940586090088,-0.2658749520778656
0.5483432412147522,0.41298025846481323,-0.2416694462299347
0.551801323890686,0.41313987970352173,-0.241682767868042
0.5547243356704712,0.4133170247077942,-0.2417297214269638
0.5361564755439758,0.41322970390319824,-0.24277494847774506
0.5320596694946289,0.4134356379508972,-0.24280261993408203
0.5282712578773499,0.41364866495132446,-0.24277395009994507
0.560588538646698,0.4174041152000427,-0.10648094117641449
0.523176372051239,0.41815605759620667,-0.11546521633863449
0.5508142709732056,0.42457419633865356,-0.21759916841983795
0.5347493290901184,0.4248350262641907,-0.21967291831970215
0.5938504934310913,0.45351076126098633,-0.03243497386574745
0.4953661262989044,0.45479947328567505,-0.03181815147399902
0.6424775719642639,0.4738340377807617,-0.019694775342941284
0.45314696431159973,0.4728783965110779,0.02580869197845459
0.6025428771972656,0.495000422000885,-0.13724061846733093
0.49085474014282227,0.49426427483558655,0.023190392181277275
0.5929059982299805,0.5010753870010376,-0.17656876146793365
0.5004103183746338,0.5011687874794006,-0.0007987741846591234
0.5857303142547607,0.4982704222202301,-0.19266948103904724
0.5068579316139221,0.49884963035583496,-0.01573268137872219
0.5880196690559387,0.4963325560092926,-0.14586874842643738
0.5052968263626099,0.4967345595359802,0.017078673467040062
0.5794020891189575,0.5407686829566956,0.0018740131054073572
0.5169625282287598,0.5416189432144165,-0.001924152486026287
0.5896969437599182,0.6131417155265808,-0.05972995236515999
0.5137847661972046,0.6128851175308228,-0.04703228920698166
0.5889231562614441,0.6602407693862915,0.29974615573883057
0.5118364095687866,0.6592053174972534,0.2735815644264221
0.5834502577781677,0.6652811765670776,0.32777899503707886
0.5176743865013123,0.663654088973999,0.2992660701274872
0.5923282504081726,0.6825644969940186,0.18746089935302734
0.5125724077224731,0.6820214986801147,0.16033300757408142
-
0.5421266555786133,0.41048192977905273,-0.26743268966674805
0.5482456684112549,0.4058506488800049,-0.24413183331489563
0.5517066717147827,0.40599337220191956,-0.2441256046295166
0.5546739101409912,0.406183660030365,-0.2441687285900116
0.5361420512199402,0.4061473309993744,-0.24572522938251495
0.532112181186676,0.40640026330947876,-0.24576222896575928
0.5283705592155457,0.4066796898841858,-0.24572047591209412
0.5603692531585693,0.41011589765548706,-0.10786664485931396
0.5232988595962524,0.41105395555496216,-0.11726345121860504
0.550620436668396,0.4174339175224304,-0.21783225238323212
0.534744381904602,0.41782674193382263,-0.22040119767189026
0.5936275720596313,0.4455721378326416,-0.026735300198197365
0.49543434381484985,0.4477345049381256,-0.02324564754962921
0.642545759677887,0.46527665853500366,0.08026338368654251
0.45389077067375183,0.4692597985267639,0.08792252838611603
0.6026359796524048,0.4868156909942627,0.056780021637678146
0.49230602383613586,0.48746180534362793,0.12095198035240173
0.5929975509643555,0.49362659454345703,0.03546107932925224
0.5020363926887512,0.49420976638793945,0.10500647127628326
0.5859333276748657,0.4904562830924988,0.013976470567286015
0.5080326199531555,0.4914221167564392,0.0900542140007019
0.5881950259208679,0.4882332384586334,0.0480964221060276
0.5061933994293213,0.4891679286956787,0.11599726974964142
0.5784741044044495,0.5339380502700806,0.0034603506792336702
0.5168689489364624,0.5349554419517517,-0.0035478773061186075
0.5891714692115784,0.6062719225883484,-0.048529136925935745
0.5138647556304932,0.6072151064872742,-0.04499553143978119
0.5891081094741821,0.6593195199966431,0.26520705223083496
0.5118570923805237,0.6577764749526978,0.24132287502288818
0.5840964913368225,0.6644935607910156,0.2878149151802063
0.5176957845687866,0.6625412106513977,0.2616759240627289
0.5922525525093079,0.6819546222686768,0.14562097191810608
0.5125380754470825,0.6812912225723267,0.11815603822469711
-
0.5418817400932312,0.39800453186035156,-0.2665470540523529
0.5481483340263367,0.3934630751609802,-0.24162238836288452
0.551591157913208,0.39377647638320923,-0.24162186682224274
0.5545952320098877,0.39405712485313416,-0.24166332185268402
0.5359737873077393,0.39322954416275024,-0.24297086894512177
0.5318800806999207,0.3933682143688202,-0.24300795793533325
0.5280519127845764,0.39351528882980347,-0.24296626448631287
0.5603870749473572,0.39832988381385803,-0.10385365039110184
0.5232670903205872,0.39812296628952026,-0.11558789014816284
0.5504006147384644,0.40559688210487366,-0.21381598711013794
0.5344809889793396,0.40597376227378845,-0.21762299537658691
0.5943158268928528,0.43199437856674194,0.010853965766727924
0.4954438805580139,0.4345951974391937,-0.010729329660534859
0.6423845291137695,0.4534440040588379,0.1084168329834938
0.4536544680595398,0.4534333646297455,0.10398922860622406
0.6026705503463745,0.474543958902359,0.06096857786178589
0.4921512305736542,0.4738585948944092,0.1187838464975357
0.5931710600852966,0.4787983000278473,0.0340602807700634
0.501920759677887,0.48002901673316956,0.0999678522348404
0.5869629979133606,0.4762079119682312,0.012348711490631104
0.5079492926597595,0.47726234793663025,0.08484227955341339
0.589228630065918,0.4743061661720276,0.05098819360136986
0.5061265230178833,0.47493281960487366,0.11393614113330841
0.578192412853241,0.5227429270744324,0.006139328237622976
0.5168962478637695,0.5239696502685547,-0.00619999784976244
0.5880416035652161,0.5965728759765625,-0.046705108135938644
0.5140203237533569,0.5975884795188904,-0.04376562312245369
0.5900062918663025,0.6573260426521301,0.22536873817443848
0.5100539922714233,0.6568132042884827,0.2070562094449997
0.5865272283554077,0.6631988883018494,0.24216024577617645
0.5141052007675171,0.6614056825637817,0.22312268614768982
0.592086136341095,0.680968165397644,0.0848483145236969
0.5128397941589355,0.6804815530776978,0.06790514290332794
-
0.5408825278282166,0.38500577211380005,-0.2815137207508087
0.5477826595306396,0.38045161962509155,-0.2599461078643799
0.5513395667076111,0.3805462121963501,-0.2599395215511322
0.5544309616088867,0.3806461691856384,-0.25993314385414124
0.5352635979652405,0.3804040849208832,-0.2614748179912567
0.5312694311141968,0.380554735660553,-0.26149609684944153
0.5275874733924866,0.38059332966804504,-0.2614733576774597
0.5602580904960632,0.3838777244091034,-0.12071509659290314
0.5232569575309753,0.383806437253952,-0.12938694655895233
0.5499115586280823,0.3921867609024048,-0.22848108410835266
0.5339331030845642,0.3926413357257843,-0.23114469647407532
0.5940857529640198,0.41728314757347107,-0.010357537306845188
0.49484503269195557,0.42080387473106384,-0.017906157299876213
0.643027126789093,0.4399425983428955,0.037356384098529816
0.4512471556663513,0.43967217206954956,0.04800243303179741
0.6026139855384827,0.46082037687301636,-0.08977151662111282
0.48941943049430847,0.45833492279052734,-0.0282728374004364
0.5931234359741211,0.4649985432624817,-0.1272643804550171
0.5001547932624817,0.46477246284484863,-0.05901519954204559
0.5869835615158081,0.46010738611221313,-0.14233891665935516
0.5059618949890137,0.4595552086830139,-0.0721856877207756
0.5893711447715759,0.4586101174354553,-0.0979931652545929
0.5039532780647278,0.45729225873947144,-0.03366556018590927
0.5782420635223389,0.5095871090888977,0.0035137825179845095
0.5169687867164612,0.5114275813102722,-0.003639994654804468
0.5844833254814148,0.5799816846847534,-0.01617232710123062
0.5140808820724487,0.583479106426239,-0.011361392214894295
0.5917415022850037,0.6492313146591187,0.19822336733341217
0.5086559653282166,0.6497396230697632,0.1917831003665924
0.5886971354484558,0.6546461582183838,0.20922838151454926
0.5129438638687134,0.6544383764266968,0.20285645127296448
0.5921136736869812,0.6769661903381348,0.04417363181710243
0.5109578371047974,0.6757948994636536,0.04396810382604599
-
0.5399606227874756,0.37451258301734924,-0.300823837518692
0.5472955703735352,0.37007999420166016,-0.27925777435302734
0.5510714054107666,0.37017822265625,-0.27924707531929016
0.5543045997619629,0.37025848031044006,-0.27922454476356506
0.5346084237098694,0.37001246213912964,-0.2798043489456177
0.5307331085205078,0.3701555132865906,-0.27983638644218445
0.5272111892700195,0.3702700436115265,-0.27981728315353394
0.5602061748504639,0.37326905131340027,-0.1349962204694748
0.5232411623001099,0.37354472279548645,-0.13896360993385315
0.5491804480552673,0.38179928064346313,-0.24616648256778717
0.5332140326499939,0.38205403089523315,-0.2472415268421173
0.5941664576530457,0.4074968695640564,-0.01941114477813244
0.4936612844467163,0.41099992394447327,-0.022136015817523003
0.6430635452270508,0.43035227060317993,0.037511058151721954
0.4494648277759552,0.4317147135734558,0.049424320459365845
0.6028611063957214,0.45216187834739685,-0.07330022752285004
0.4843519330024719,0.44845739006996155,-0.016509748995304108
0.5936721563339233,0.45780953764915466,-0.10827832669019699
0.4967420697212219,0.45548510551452637,-0.04560798034071922
0.5873566269874573,0.4528733789920807,-0.1274404525756836
0.5029363632202148,0.44989046454429626,-0.05880412086844444
0.5895720720291138,0.4507002830505371,-0.08259303122758865
0.5007711052894592,0.447462260723114,-0.021510548889636993
0.5785224437713623,0.4994838833808899,0.003490530187264085
0.5170719623565674,0.5011066794395447,-0.0036211805418133736
0.5820112228393555,0.5710058212280273,-0.013177061453461647
0.514094352722168,0.5726802349090576,-0.014153818599879742
0.5913737416267395,0.6369360089302063,0.2095661610364914
0.5081253051757812,0.6383110880851746,0.19483891129493713
0.5872138738632202,0.6425598859786987,0.22517316043376923
0.5132497549057007,0.6438237428665161,0.2071942389011383
0.5921494960784912,0.6650319695472717,0.06685292720794678
0.5061056613922119,0.6649816036224365,0.0469149574637413
-
0.539580762386322,0.36555221676826477,-0.2875681519508362
0.5466182231903076,0.3606773018836975,-0.2657485902309418
0.5505867004394531,0.36076074838638306,-0.26574021577835083
0.5537165999412537,0.3608916401863098,-0.2657318115234375
0.5337808728218079,0.36106836795806885,-0.2660803496837616
0.5299078822135925,0.36137211322784424,-0.26610687375068665
0.5263394713401794,0.3617752194404602,-0.26607850193977356
0.5601443648338318,0.3648151457309723,-0.1253841668367386
0.5228729844093323,0.36649733781814575,-0.13123159110546112
0.5487906336784363,0.37302955985069275,-0.2346927374601364
0.5327759385108948,0.3738054931163788,-0.2356434315443039
0.5946776270866394,0.4014357626438141,-0.021957792341709137
0.49363043904304504,0.40293875336647034,-0.020491043105721474
0.6430842876434326,0.4239809513092041,-0.0011328357504680753
0.44934114813804626,0.4261530935764313,0.04874560981988907
0.6039190888404846,0.4430655837059021,-0.14971476793289185
0.48275014758110046,0.442744642496109,-0.01684282161295414
0.5940545201301575,0.449301153421402,-0.19122490286827087
0.4953930377960205,0.44942012429237366,-0.0471409372985363
0.5876321196556091,0.4453745484352112,-0.20941463112831116
0.5018428564071655,0.44490236043930054,-0.06158014014363289
0.5898361802101135,0.44297194480895996,-0.159718856215477
0.4995794892311096,0.44264286756515503,-0.022855456918478012
0.578885555267334,0.4932146668434143,0.001196919591166079
0.5171324610710144,0.49487513303756714,-0.0013176484499126673
0.581610381603241,0.5661851167678833,-0.01766907423734665
0.5136078596115112,0.5678589940071106,-0.00799598079174757
0.5895074009895325,0.6304064989089966,0.21045449376106262
0.5078935623168945,0.6296904683113098,0.20921944081783295
0.5850185751914978,0.6363358497619629,0.2298460453748703
0.5134070515632629,0.6359960436820984,0.2211637943983078
0.5912115573883057,0.6552960276603699,0.0746929794549942
0.5008975863456726,0.6559962034225464,0.05179927125573158
-
0.5394563674926758,0.36028116941452026,-0.26932457089424133
0.5459796190261841,0.355351060628891,-0.2507319450378418
0.5499846339225769,0.3554614782333374,-0.25072938203811646
0.5531964898109436,0.35554996132850647,-0.25074419379234314
0.5335846543312073,0.3558795750141144,-0.24904197454452515
0.5297360420227051,0.35621753334999084,-0.24903640151023865
0.5261939764022827,0.3564206659793854,-0.2490338683128357
0.5595824122428894,0.3597208857536316,-0.12330007553100586
0.5223564505577087,0.36116236448287964,-0.11438926309347153
0.5484612584114075,0.3672981858253479,-0.21905042231082916
0.5326153039932251,0.36776915192604065,-0.2172928899526596
0.5947211980819702,0.39643779397010803,-0.02146885171532631
0.4927186369895935,0.39733368158340454,-0.011997982859611511
0.6440101861953735,0.41922855377197266,-0.004794561769813299
0.4488629996776581,0.42108598351478577,0.04789353907108307
0.6044114828109741,0.43785008788108826,-0.16067102551460266
0.481215238571167,0.4379364550113678,-0.028967902064323425
0.594909131526947,0.4445912837982178,-0.20367242395877838
0.49323180317878723,0.4440855085849762,-0.06057310104370117
0.588163435459137,0.4402231276035309,-0.21849706768989563
0.49982643127441406,0.4398757815361023,-0.07593795657157898
0.5900110602378845,0.4381912648677826,-0.1693844348192215
0.4976259469985962,0.4377419352531433,-0.03591560944914818
0.5789056420326233,0.48804157972335815,0.0006538015441037714
0.5169404149055481,0.4896486699581146,-0.0007493071025237441
0.5808940529823303,0.5622881650924683,-0.020624760538339615
0.513120710849762,0.5628893971443176,-0.012225179001688957
0.5883699059486389,0.62613445520401,0.20568834245204926
0.5079997181892395,0.6262624263763428,0.19913461804389954
0.58357173204422,0.6320893168449402,0.22083830833435059
0.5135026574134827,0.6325331926345825,0.21075238287448883
0.5921390056610107,0.651817798614502,0.06482400000095367
0.49924567341804504,0.6515060067176819,0.049798090010881424
-
0.5393854975700378,0.35770195722579956,-0.2501599192619324
0.5459842085838318,0.3528086543083191,-0.22923889756202698
0.5500195622444153,0.3529112935066223,-0.22924073040485382
0.5532161593437195,0.3531947731971741,-0.229257270693779
0.5335562229156494,0.3530999422073364,-0.2278834730386734
0.5296951532363892,0.3533635139465332,-0.22788849472999573
0.5261545181274414,0.35375842452049255,-0.22786375880241394
0.5596493482589722,0.3571135997772217,-0.09975829720497131
0.5222172737121582,0.35821133852005005,-0.09336049854755402
0.5484088063240051,0.364308625459671,-0.20112529397010803
0.5325949192047119,0.3651268482208252,-0.19963188469409943
0.5947028398513794,0.3927955627441406,-0.0158084724098444
0.4927458167076111,0.3949037492275238,-0.0022984978277236223
0.6453261375427246,0.4140186905860901,-0.008529631420969963
0.4476761221885681,0.4174591898918152,0.04226692020893097
0.6079896092414856,0.4338485598564148,-0.16500866413116455
0.48172301054000854,0.435166597366333,-0.04369751363992691
0.5977899432182312,0.4428558349609375,-0.21056286990642548
0.493499755859375,0.4434690475463867,-0.077689990401268
0.5899809002876282,0.43776431679725647,-0.2257283478975296
0.500133216381073,0.43800973892211914,-0.09216434508562088
0.5918154120445251,0.4349091947078705,-0.17400625348091125
0.4979109764099121,0.435454785823822,-0.05057437717914581
0.578186571598053,0.48516589403152466,0.0007173476042225957
0.5164846181869507,0.48498716950416565,-0.00081087980652228
0.5807980298995972,0.5581366419792175,-0.01810828223824501
0.5109279155731201,0.5590017437934875,-0.012552725151181221
0.5878018140792847,0.6231427788734436,0.19508220255374908
0.5071783661842346,0.6228510141372681,0.18563929200172424
0.5818501114845276,0.6292139887809753,0.20792515575885773
0.5133364796638489,0.6289865374565125,0.19634182751178741
0.5948852896690369,0.6492497324943542,0.053677480667829514
0.49934789538383484,0.6488529443740845,0.03808791935443878
-
0.5393833518028259,0.35638731718063354,-0.2305719554424286
0.545986533164978,0.3517608940601349,-0.20745697617530823
0.5500305891036987,0.3519236147403717,-0.20745913684368134
0.5532175898551941,0.35221460461616516,-0.20748168230056763
0.5335163474082947,0.3518903851509094,-0.2076146900653839
0.5295959115028381,0.35211050510406494,-0.207627534866333
0.5259543061256409,0.35246169567108154,-0.20759297907352448
0.5594607591629028,0.3566281795501709,-0.07026094943284988
0.5219444632530212,0.3572824001312256,-0.07148527354001999
0.5483394265174866,0.3636894226074219,-0.17962278425693512
0.5325288772583008,0.3641645312309265,-0.17993615567684174
0.5945127010345459,0.3916390836238861,0.013844569213688374
0.4926072061061859,0.39464178681373596,0.02272007241845131
0.6453959345817566,0.41382652521133423,0.027127088978886604
0.44750434160232544,0.4156743884086609,0.059715673327445984
0.6078525185585022,0.43402084708213806,-0.14594699442386627
0.4811563193798065,0.43258413672447205,-0.02863195724785328
0.5977232456207275,0.44184842705726624,-0.17204968631267548
0.49321985244750977,0.44068408012390137,-0.06313596665859222
0.5899909138679504,0.4369368553161621,-0.18858161568641663
0.49960076808929443,0.43520838022232056,-0.07842940092086792
0.5918142795562744,0.4341840147972107,-0.15208879113197327
0.4974239766597748,0.43254098296165466,-0.03600175678730011
0.5780851244926453,0.48321789503097534,0.0007462830399163067
0.515871524810791,0.48371821641921997,-0.0008264831267297268
0.5808459520339966,0.5561715364456177,-0.0252540186047554
0.5109906792640686,0.5586024522781372,-0.021352611482143402
0.5870459079742432,0.6227276921272278,0.17733825743198395
0.5067575573921204,0.6227322816848755,0.16228151321411133
0.58091139793396,0.6284905672073364,0.1892685741186142
0.5132279992103577,0.6281326413154602,0.17205555737018585
0.5946434736251831,0.6477012634277344,0.02863323874771595
0.500337541103363,0.6486830115318298,0.009921475313603878
-
0.5389874577522278,0.357285737991333,-0.2387448251247406
0.5454114675521851,0.3526124656200409,-0.2159966379404068
0.549625039100647,0.3526522219181061,-0.21599151194095612
0.5530099868774414,0.35281479358673096,-0.2160164713859558
0.533027708530426,0.3529675602912903,-0.21660102903842926
0.5290048718452454,0.3532710373401642,-0.21662385761737823
0.5252354741096497,0.3536525368690491,-0.21659725904464722
0.5591098070144653,0.3570162057876587,-0.07744597643613815
0.5214344263076782,0.3578372597694397,-0.0809069350361824
0.5480549931526184,0.3643006682395935,-0.18715056777000427
0.5321857929229736,0.3647598624229431,-0.1880873292684555
0.5944374799728394,0.3923892378807068,0.014370815828442574
0.4920039772987366,0.3946167528629303,0.015302331186830997
0.6464107036590576,0.4125045835971832,0.06827953457832336
0.44750064611434937,0.416817843914032,0.07575652003288269
0.6082098484039307,0.43410515785217285,-0.025779396295547485
0.48103004693984985,0.4346776604652405,0.019717007875442505
0.5980538129806519,0.4417286515235901,-0.061392366886138916
0.4930931627750397,0.44187062978744507,-0.011225364170968533
0.5901626348495483,0.4370718002319336,-0.08038244396448135
0.49958717823028564,0.43723711371421814,-0.029179954901337624
0.5919497609138489,0.43414726853370667,-0.03477012366056442
0.49727863073349,0.43464380502700806,0.011738395318388939
0.5781652927398682,0.48427098989486694,0.0018479451537132263
0.5156761407852173,0.48562783002853394,-0.0018943056929856539
0.5810316801071167,0.5577778816223145,-0.034064292907714844
0.5112791657447815,0.5604233145713806,-0.03409986570477486
0.5871334075927734,0.6229898929595947,0.18278859555721283
0.5060747265815735,0.6251024007797241,0.1562865525484085
0.5808566808700562,0.6287375092506409,0.19644500315189362
0.5127602815628052,0.6303485035896301,0.16697239875793457
0.59468674659729,0.6492343544960022,0.03755127638578415
0.5009585618972778,0.650727391242981,0.003373043378815055
-
0.5389205813407898,0.36108410358428955,-0.22733433544635773
0.5453298687934875,0.3559224307537079,-0.2033432275056839
0.5495877265930176,0.35599392652511597,-0.20332297682762146
0.5529991388320923,0.3560997247695923,-0.20336687564849854
0.5329805016517639,0.35608741641044617,-0.20586737990379333
0.5289849638938904,0.35616570711135864,-0.2058905065059662
0.5251953601837158,0.3562729060649872,-0.20581959187984467
0.5590922832489014,0.3601854145526886,-0.05778302997350693
0.5212467908859253,0.36069661378860474,-0.07053640484809875
0.547875702381134,0.36748039722442627,-0.17342151701450348
0.5320287346839905,0.3678628206253052,-0.17690755426883698
0.5944436192512512,0.39576390385627747,0.04076925292611122
0.4912606477737427,0.3976607918739319,0.03607935458421707
0.6471612453460693,0.4143909811973572,0.11841364204883575
0.44732779264450073,0.4196345806121826,0.13098713755607605
0.6083691716194153,0.43595457077026367,0.05528714880347252
0.4809797406196594,0.4374356269836426,0.11298776417970657
0.5981689691543579,0.44320622086524963,0.021040532737970352
0.4930671751499176,0.4438852369785309,0.08650379627943039
0.5902007222175598,0.43971723318099976,0.0015107913641259074
0.4995802938938141,0.44008469581604004,0.06841614842414856
0.591968834400177,0.43718141317367554,0.045874495059251785
0.49714499711990356,0.437580406665802,0.10522449016571045
0.5781891942024231,0.4866302013397217,0.002072578528895974
0.5150015354156494,0.48797017335891724,-0.002074482152238488
0.5811747908592224,0.560818076133728,-0.04992569983005524
0.5110400915145874,0.5630189776420593,-0.048602696508169174
0.5872050523757935,0.6260271668434143,0.1702684760093689
0.5055913925170898,0.6272411346435547,0.14893612265586853
0.5809388756752014,0.632206916809082,0.18375316262245178
0.5126559734344482,0.6327342987060547,0.15974514186382294
0.5946758389472961,0.651661217212677,0.022178588435053825
0.5012872219085693,0.652924656867981,-0.0035102632828056812
-
0.5384611487388611,0.36390477418899536,-0.22547155618667603
0.5453022122383118,0.35893911123275757,-0.2009333223104477
0.5495904088020325,0.35904449224472046,-0.2008933424949646
0.5530182123184204,0.3591933846473694,-0.2009284943342209
0.5328781604766846,0.35914090275764465,-0.20220303535461426
0.5289360880851746,0.3593033254146576,-0.20224760472774506
0.5251059532165527,0.35948529839515686,-0.20214621722698212
0.5591537356376648,0.3633095622062683,-0.05783835053443909
0.5212297439575195,0.3639264404773712,-0.06465817987918854
0.5475069880485535,0.3705821931362152,-0.17333076894283295
0.5313416123390198,0.3710389733314514,-0.175181046128273
0.5944420099258423,0.3986808955669403,0.03366437554359436
0.4913040101528168,0.40080389380455017,0.049705542623996735
0.6475748419761658,0.4175671637058258,0.1152939721941948
0.44536951184272766,0.42246341705322266,0.1641485095024109
0.6054778099060059,0.43953004479408264,0.0880638062953949
0.48112374544143677,0.4401931166648865,0.16881969571113586
0.5962619185447693,0.44669008255004883,0.05917614698410034
0.4930940866470337,0.4456285834312439,0.14550770819187164
0.5889244079589844,0.44271978735923767,0.04129643365740776
0.499828964471817,0.44021812081336975,0.13285110890865326
0.5906120538711548,0.4400884509086609,0.08025401085615158
0.4974885582923889,0.4378749430179596,0.1632920205593109
0.5780678987503052,0.48938995599746704,0.0008715625153854489
0.5141634345054626,0.49086999893188477,-0.0008328272961080074
0.581204891204834,0.5611695647239685,-0.06111950799822807
0.51051926612854,0.56377774477005,-0.05100201070308685
0.5872611403465271,0.6279585361480713,0.1721717268228531
0.505035936832428,0.6277890205383301,0.1546231210231781
0.5811848640441895,0.6338977217674255,0.1869608759880066
0.5119557976722717,0.6338393688201904,0.1663317084312439
0.5934968590736389,0.6526159048080444,0.02685575745999813
0.5016171336174011,0.6537448167800903,0.006337698083370924
-
0.5382316708564758,0.3711126446723938,-0.26179707050323486
0.5451894402503967,0.3668676018714905,-0.2390536367893219
0.5495438575744629,0.36691945791244507,-0.23902565240859985
0.5530120730400085,0.3670557141304016,-0.23904982209205627
0.532606303691864,0.36702221632003784,-0.238914355635643
0.5287206172943115,0.3671890199184418,-0.2389499843120575
0.5248544216156006,0.3673679232597351,-0.23889370262622833
0.5588268041610718,0.37102505564689636,-0.10287967324256897
0.5212306380271912,0.37206223607063293,-0.10179908573627472
0.5473878979682922,0.37865933775901794,-0.21146923303604126
0.5311321020126343,0.3786611557006836,-0.21124379336833954
0.594326376914978,0.4052468240261078,-0.015926573425531387
0.49133774638175964,0.4093020558357239,0.008781826123595238
0.6504821181297302,0.42256632447242737,0.026683444157242775
0.4434531033039093,0.4271393418312073,0.10713530331850052
0.6052842736244202,0.4461468756198883,-0.06027088686823845
0.4812575876712799,0.4475603997707367,0.10623019188642502
0.5963841080665588,0.45404618978500366,-0.09677229821681976
0.4927605986595154,0.4547134041786194,0.08195457607507706
0.5889418125152588,0.4497160017490387,-0.11004109680652618
0.49918025732040405,0.45004600286483765,0.064863421022892
0.5906230807304382,0.4469161033630371,-0.06682318449020386
0.4970029294490814,0.4474548399448395,0.0977671816945076
0.5774365663528442,0.49863705039024353,0.00018730755255091935
0.5134083032608032,0.4990910589694977,-0.00017300181207247078
0.5812724828720093,0.5723755359649658,-0.053590890020132065
0.5100293755531311,0.5763302445411682,-0.030092548578977585
0.5868684649467468,0.6342164874076843,0.18858125805854797
0.5048910975456238,0.6347454190254211,0.17290754616260529
0.5812865495681763,0.6405140161514282,0.20428340137004852
0.5113445520401001,0.6423091292381287,0.18474116921424866
0.591503381729126,0.6615491509437561,0.03898835554718971
0.5014373660087585,0.6623035073280334,0.021596526727080345
-
0.541061520576477,0.38483333587646484,-0.25411224365234375
0.5464849472045898,0.3801983594894409,-0.22973129153251648
0.5504943132400513,0.3804510533809662,-0.2296954095363617
0.5538437962532043,0.3808005154132843,-0.2297120988368988
0.5340501070022583,0.38055747747421265,-0.23212677240371704
0.5302668809890747,0.3810165226459503,-0.23216965794563293
0.5263710618019104,0.38141101598739624,-0.23209285736083984
0.5588696599006653,0.38522225618362427,-0.08460085839033127
0.5219346880912781,0.38568761944770813,-0.09646925330162048
0.5493842363357544,0.3916742205619812,-0.20067062973976135
0.5333183407783508,0.39181235432624817,-0.2040463387966156
0.5931146144866943,0.4190024733543396,0.005170321092009544
0.49152442812919617,0.42112016677856445,0.0202341265976429
0.6503530144691467,0.4350960850715637,0.05913427099585533
0.44203245639801025,0.43769487738609314,0.12387832254171371
0.6054123640060425,0.4578523635864258,-0.015011567622423172
0.4808470904827118,0.45911431312561035,0.11097878217697144
0.5976601243019104,0.4644284248352051,-0.04933585599064827
0.49154138565063477,0.4669331908226013,0.08752824366092682
0.5901158452033997,0.46113425493240356,-0.06802835315465927
0.4980716407299042,0.4640282690525055,0.07019051909446716
0.5917010307312012,0.4583911895751953,-0.024281155318021774
0.4962630271911621,0.4614733159542084,0.1039038896560669
0.5764973759651184,0.5104413032531738,0.00045213583507575095
0.5129013061523438,0.511410117149353,-0.0004214343789499253
0.5811514258384705,0.5845750570297241,-0.05258055403828621
0.5097494125366211,0.5886312127113342,-0.0351710245013237
0.5863761305809021,0.646143913269043,0.1765143871307373
0.5049185156822205,0.6487494707107544,0.15251873433589935
0.5813586115837097,0.6523568630218506,0.18953192234039307
0.5113478899002075,0.6547031402587891,0.1619107723236084
0.5880714058876038,0.6753936409950256,0.027235157787799835
0.5020451545715332,0.6764019727706909,-0.0010838285088539124
-
0.5401156544685364,0.3996324837207794,-0.25629669427871704
0.5460941791534424,0.3941088914871216,-0.2330244481563568
0.5502207279205322,0.39425113797187805,-0.23299381136894226
0.553716778755188,0.3945102393627167,-0.2330094873905182
0.5337667465209961,0.39443376660346985,-0.2345210164785385
0.5299680233001709,0.39475545287132263,-0.2345634400844574
0.5261865854263306,0.3950124680995941,-0.23448200523853302
0.5588193535804749,0.3988507390022278,-0.08909137547016144
0.5218213200569153,0.3988688588142395,-0.09830787777900696
0.548548698425293,0.405852735042572,-0.20325596630573273
0.5325432419776917,0.40568462014198303,-0.20568270981311798
0.5923717021942139,0.43150949478149414,0.005194665864109993
0.4916291832923889,0.43414369225502014,0.01677580736577511
0.6502339839935303,0.4483267664909363,0.07851521670818329
0.4423261284828186,0.4532003402709961,0.1189471036195755
0.6051884293556213,0.47247323393821716,0.03821710869669914
0.4827817678451538,0.47488465905189514,0.1147787943482399
0.5964787602424622,0.47967004776000977,0.01169408019632101
0.49285972118377686,0.4823784828186035,0.0946323499083519
0.5893376469612122,0.47791290283203125,-0.007706061936914921
0.49935752153396606,0.4809829294681549,0.07938531041145325
0.5911695957183838,0.47522473335266113,0.029457462951540947
0.4974777102470398,0.47833451628685,0.10901903361082077
0.5764774084091187,0.522213339805603,0.002037914702668786
0.512934148311615,0.5229692459106445,-0.00200829328969121
0.5817720293998718,0.597368597984314,-0.045551929622888565
0.5098047256469727,0.5996679067611694,-0.03592942655086517
0.5858272910118103,0.6573749780654907,0.1785096973180771
0.504993200302124,0.6586723923683167,0.15629197657108307
0.5809155106544495,0.663344144821167,0.1914747804403305
0.5113989114761353,0.6645485758781433,0.16647012531757355
0.5863596200942993,0.6843336820602417,0.04370369389653206
0.5056122541427612,0.6855989098548889,0.006375832483172417
-
0.5400001406669617,0.4139308035373688,-0.29160621762275696
0.5459687113761902,0.4081636965274811,-0.2695857882499695
0.5501053929328918,0.4081543982028961,-0.2695838212966919
0.5536483526229858,0.4083002209663391,-0.26958373188972473
0.5337592363357544,0.4086025357246399,-0.26884859800338745
0.5299590826034546,0.4088422656059265,-0.2688707113265991
0.5261741280555725,0.4090653359889984,-0.26883503794670105
0.5588095188140869,0.41207900643348694,-0.13186633586883545
0.5218178629875183,0.4126865863800049,-0.13010428845882416
0.5484124422073364,0.4199022650718689,-0.2404945343732834
0.5325437188148499,0.419966459274292,-0.23993250727653503
0.5918058753013611,0.44472330808639526,-0.04720035195350647
0.491635262966156,0.4478882849216461,-0.01680319756269455
0.650508463382721,0.46211734414100647,-0.0069661615416407585
0.44238120317459106,0.46707096695899963,0.07751090824604034
0.6047796010971069,0.48636144399642944,-0.104618139564991
0.4837392568588257,0.48896461725234985,0.04873162508010864
0.5953150987625122,0.4936102032661438,-0.13967081904411316
0.4938822090625763,0.49685144424438477,0.025599252432584763
0.5878609418869019,0.4923045039176941,-0.1583465188741684
0.5004845857620239,0.4951969087123871,0.0095027144998312
0.5898792743682861,0.4896429181098938,-0.11339852213859558
0.49872347712516785,0.49271535873413086,0.04235963150858879
0.5764930248260498,0.5341695547103882,-0.0008713470306247473
0.5129466652870178,0.5350939035415649,0.0008695058641023934
0.5817855596542358,0.605887234210968,-0.025373736396431923
0.5089799165725708,0.6081985831260681,-0.028870845213532448
0.5840195417404175,0.660673975944519,0.22639594972133636
0.5055013298988342,0.6616788506507874,0.1691494584083557
0.5797078609466553,0.6674867272377014,0.2433088719844818
0.51180100440979,0.6693986654281616,0.1800764948129654
0.5840198993682861,0.6857748627662659,0.09241238981485367
0.5057244896888733,0.6861411333084106,0.023119373247027397
-
0.5399801135063171,0.42227903008461,-0.29039034247398376
0.5459595322608948,0.4173930287361145,-0.2666987478733063
0.5501016974449158,0.41742420196533203,-0.2667081356048584
0.5536239743232727,0.4174470901489258,-0.2667282223701477
0.5337507724761963,0.41799989342689514,-0.26658567786216736
0.5299467444419861,0.41839370131492615,-0.26659953594207764
0.5261348485946655,0.4188219904899597,-0.26656249165534973
0.5588776469230652,0.4216107726097107,-0.13092443346977234
0.5218408703804016,0.422804057598114,-0.13142777979373932
0.5483884215354919,0.42959317564964294,-0.24049536883831024
0.5325313806533813,0.42986249923706055,-0.24073722958564758
0.591727614402771,0.456387996673584,-0.0635363906621933
0.4927947223186493,0.4580906927585602,-0.02988547459244728
0.6503041982650757,0.47562193870544434,-0.06290470063686371
0.44474080204963684,0.47706571221351624,0.04411064833402634
0.601883590221405,0.49997085332870483,-0.1923808604478836
0.4863044321537018,0.49974551796913147,0.008347656577825546
0.5894724726676941,0.5065191984176636,-0.23387818038463593
0.4959782361984253,0.506656289100647,-0.018274473026394844
0.5823949575424194,0.5037916898727417,-0.24698583781719208
0.5023189783096313,0.5046727657318115,-0.03433508053421974
0.5852959752082825,0.5015797019004822,-0.19962385296821594
0.5007691383361816,0.502310037612915,0.001496653538197279
0.5764451026916504,0.5440711975097656,-0.0035318576265126467
0.5127827525138855,0.5449823141098022,0.0034871704410761595
0.5816667079925537,0.6156078577041626,-0.027530193328857422
0.5089951157569885,0.6154472827911377,-0.025746921077370644
0.5831410884857178,0.6620997190475464,0.2934402823448181
0.5063294768333435,0.6620191931724548,0.25017616152763367
0.5795373916625977,0.6677303314208984,0.31951576471328735
0.5123004913330078,0.6684117317199707,0.2714484930038452
0.5833469033241272,0.6851435899734497,0.17697307467460632
0.5058183670043945,0.6845039129257202,0.1302422136068344
-
0.5402426719665527,0.42585378885269165,-0.2854631543159485
0.5462674498558044,0.42145901918411255,-0.2621830403804779
0.5503249168395996,0.4214901924133301,-0.2621963620185852
0.5536643266677856,0.4215072989463806,-0.26222944259643555
0.534071147441864,0.42169809341430664,-0.26238805055618286
0.5301324725151062,0.42191463708877563,-0.2624058723449707
0.5263071656227112,0.42222079634666443,-0.26235431432724
0.5594178438186646,0.4245268702507019,-0.12801560759544373
0.5218742489814758,0.425598680973053,-0.12993791699409485
0.5486186146736145,0.4323388636112213,-0.23599101603031158
0.5329766869544983,0.4326466917991638,-0.23659951984882355
0.591720461845398,0.45820969343185425,-0.052826493978500366
0.49335557222366333,0.46086055040359497,-0.022954368963837624
0.6501794457435608,0.4790700078010559,-0.021792516112327576
0.44900402426719666,0.47980207204818726,0.06588691473007202
0.6019787192344666,0.5019703507423401,-0.1264883428812027
0.4878385663032532,0.5009497404098511,0.07828226685523987
0.5901415944099426,0.5094848871231079,-0.16290996968746185
0.4961809813976288,0.5090848207473755,0.05855700001120567
0.5830128192901611,0.505752444267273,-0.180111825466156
0.5023404359817505,0.5061503648757935,0.04397153481841087
0.5857537388801575,0.5033355951309204,-0.1346105933189392
0.5010591149330139,0.503602921962738,0.07364710420370102
0.5764390826225281,0.5453457832336426,-0.005400604568421841
0.5127782225608826,0.5464038848876953,0.0053625814616680145
0.5816812515258789,0.6173930168151855,-0.04168698564171791
0.5084103941917419,0.6175150871276855,-0.035502783954143524
0.5825743079185486,0.663001298904419,0.28244954347610474
0.5070829391479492,0.663677453994751,0.23836222290992737
0.5787097215652466,0.6677898168563843,0.3088267743587494
0.5134982466697693,0.6692341566085815,0.25966575741767883
0.5827953815460205,0.6857473850250244,0.17505787312984467
0.505889356136322,0.6856892108917236,0.12446217983961105
-
0.5405721664428711,0.4197823405265808,-0.26131388545036316
0.5467869639396667,0.41515833139419556,-0.23706530034542084
0.5505421757698059,0.4152244031429291,-0.2370613068342209
0.553740918636322,0.41531887650489807,-0.2371344417333603
0.5343666672706604,0.415628582239151,-0.23758816719055176
0.5302796959877014,0.4159947335720062,-0.23763275146484375
0.5264345407485962,0.4163776934146881,-0.23757745325565338
0.5597556829452515,0.41923874616622925,-0.10610257089138031
0.5221444368362427,0.42035579681396484,-0.10968625545501709
0.5490329265594482,0.42710185050964355,-0.21436677873134613
0.5332247614860535,0.4274774491786957,-0.21555736660957336
0.5928067564964294,0.4562317728996277,-0.03339581936597824
0.49468812346458435,0.45599108934402466,-0.02249136008322239
0.6512817740440369,0.474809467792511,0.0313478484749794
0.4513278007507324,0.47345638275146484,0.10474797338247299
0.602340042591095,0.4972841739654541,-0.007563266437500715
0.4897063672542572,0.49667638540267944,0.16469909250736237
0.5905736088752747,0.5037611126899719,-0.033885978162288666
0.49763497710227966,0.5038551092147827,0.14915984869003296
0.5834218859672546,0.5013623833656311,-0.050598304718732834
0.5042740106582642,0.5020871162414551,0.13781799376010895
0.5860623121261597,0.4996708035469055,-0.014635092578828335
0.5032840967178345,0.4998281002044678,0.16072805225849152
0.575975775718689,0.5431972742080688,-0.0043369801715016365
0.5123137831687927,0.5439848303794861,0.004346021916717291
0.5821508765220642,0.6167845726013184,-0.044802431017160416
0.5082643628120422,0.6162737607955933,-0.050841983407735825
0.5824134349822998,0.6638261675834656,0.30047884583473206
0.5082958936691284,0.6639907956123352,0.24922291934490204
0.5779525637626648,0.6691107153892517,0.32937440276145935
0.5149592757225037,0.6695623397827148,0.2730841338634491
0.5827614665031433,0.6864241361618042,0.19334863126277924
0.5065694451332092,0.6859385371208191,0.13395550847053528
-
0.5405881404876709,0.4124954640865326,-0.27626940608024597
0.546902060508728,0.40774068236351013,-0.2538347542285919
0.550707221031189,0.40778636932373047,-0.2538442611694336
0.5539036393165588,0.40786391496658325,-0.2538747489452362
0.5346266627311707,0.40808019042015076,-0.25303980708122253
0.5307081937789917,0.4083592891693115,-0.25307586789131165
0.5269651412963867,0.40862327814102173,-0.2530543804168701
0.5603053569793701,0.4115470051765442,-0.11996367573738098
0.5228163003921509,0.4124820828437805,-0.11684554070234299
0.5493465065956116,0.4194398820400238,-0.22695700824260712
0.5338021516799927,0.41958627104759216,-0.22624433040618896
0.5932804942131042,0.44720202684402466,-0.0409327857196331
0.4956260323524475,0.44822144508361816,-0.02537306398153305
0.652564525604248,0.4665471017360687,-0.06968140602111816
0.45255517959594727,0.4666432738304138,0.03048212081193924
0.6032415628433228,0.48860272765159607,-0.24485722184181213
0.49007001519203186,0.4886927604675293,-0.02502063289284706
0.5907049179077148,0.4955902099609375,-0.29156842827796936
0.49804186820983887,0.495966374874115,-0.05531187728047371
0.5842689275741577,0.49261489510536194,-0.3028135597705841
0.5046051740646362,0.49368295073509216,-0.06933008134365082
0.5872997045516968,0.49052324891090393,-0.2526730000972748
0.5036175847053528,0.49130815267562866,-0.0314536914229393
0.5754850506782532,0.536091685295105,-0.004271879326552153
0.5123399496078491,0.5367699265480042,0.004221782553941011
0.5817157030105591,0.6095138788223267,-0.030839236453175545
0.508290708065033,0.610673725605011,-0.03611862286925316
0.5825246572494507,0.6625790596008301,0.2697411775588989
0.5084647536277771,0.6626614332199097,0.24754072725772858
0.577951967716217,0.6680444478988647,0.2921435534954071
0.5151196718215942,0.6679283380508423,0.2680770754814148
0.5823386311531067,0.6846502423286438,0.14598213136196136
0.5065911412239075,0.6850709915161133,0.12089948356151581
-
0.5415418148040771,0.40112537145614624,-0.27238067984580994
0.5480430722236633,0.3962392807006836,-0.24931594729423523
0.5515891909599304,0.3963771462440491,-0.24931630492210388
0.5550343990325928,0.39655908942222595,-0.24934157729148865
0.5357869267463684,0.3962664306163788,-0.2518361508846283
0.5318231582641602,0.3964332342147827,-0.2518675923347473
0.5281285047531128,0.3965930640697479,-0.2518341541290283
0.5614417791366577,0.4005739092826843,-0.10009840130805969
0.5239050984382629,0.40021809935569763,-0.11284974217414856
0.5499483346939087,0.40834006667137146,-0.21653711795806885
0.5344431400299072,0.40852364897727966,-0.22013206779956818
0.5948452949523926,0.4357086718082428,0.01301551703363657
0.4959934651851654,0.4369339048862457,-0.01299706194549799
0.650404155254364,0.45688819885253906,0.09594456106424332
0.4536934196949005,0.45805972814559937,0.08624342083930969
0.6036621928215027,0.4768172800540924,0.03339322656393051
0.4930795431137085,0.47853007912635803,0.08430225402116776
0.5913156270980835,0.48240265250205994,0.003429837990552187
0.5024250745773315,0.4848552644252777,0.06256592273712158
0.5851110816001892,0.4805941581726074,-0.01893394999206066
0.5085650682449341,0.48334312438964844,0.04436696320772171
0.58803391456604,0.4786160886287689,0.02285911701619625
0.5069462060928345,0.48071831464767456,0.07821808010339737
0.5753999352455139,0.5272762179374695,0.0038795897271484137
0.5128570199012756,0.5277665257453918,-0.003921908792108297
0.5811287760734558,0.6008180379867554,-0.04080553725361824
0.5088071823120117,0.6010695099830627,-0.04121921956539154
0.5825532674789429,0.6602869033813477,0.22596041858196259
0.507611870765686,0.6606038808822632,0.20956531167030334
0.5783694386482239,0.6657781600952148,0.24327352643013
0.5133020877838135,0.6668081879615784,0.22512628138065338
0.5813015699386597,0.6838162541389465,0.07914458215236664
0.5074336528778076,0.6840196847915649,0.057950519025325775
-
0.541661262512207,0.3870285153388977,-0.27924323081970215
0.5485039353370667,0.3823859691619873,-0.2577650249004364
0.5520793199539185,0.3824859857559204,-0.2577584981918335
0.5557165145874023,0.3826197385787964,-0.2577460706233978
0.5359722971916199,0.3823077976703644,-0.25900375843048096
0.5320271253585815,0.3823985457420349,-0.25902438163757324
0.5284188389778137,0.3824717402458191,-0.2589965760707855
0.5618298649787903,0.38600772619247437,-0.11524222791194916
0.5246708393096924,0.38577622175216675,-0.12164720892906189
0.5502387285232544,0.39416345953941345,-0.22506558895111084
0.5346258282661438,0.3943825960159302,-0.22707326710224152
0.5950746536254883,0.42069607973098755,-0.004205069504678249
0.4964886009693146,0.42330852150917053,-0.016868894919753075
0.650364100933075,0.4449195861816406,0.00399522902444005
0.4532340168952942,0.44245877861976624,0.02897384762763977
0.6037233471870422,0.4636076092720032,-0.1536591351032257
0.49259138107299805,0.4619632661342621,-0.07089652121067047
0.5915791988372803,0.4685545861721039,-0.19589880108833313
0.5023146271705627,0.46848756074905396,-0.10528360307216644
0.5863844752311707,0.4640986919403076,-0.2089822143316269
0.5080100297927856,0.46400922536849976,-0.12042223662137985
0.589711606502533,0.46219882369041443,-0.16171205043792725
0.5065194964408875,0.4616881012916565,-0.07751258462667465
0.5754628777503967,0.5137242674827576,0.0023500334937125444
0.5141499638557434,0.5141903162002563,-0.0024974157568067312
0.5806868076324463,0.5854429006576538,-0.02400270849466324
0.509807288646698,0.5865546464920044,-0.01395589392632246
0.5840916633605957,0.6546443700790405,0.19876335561275482
0.5061002373695374,0.6548523306846619,0.1973004937171936
0.5809147953987122,0.6593407988548279,0.2107207477092743
0.5119855403900146,0.6596642136573792,0.20871898531913757
0.581401526927948,0.682106077671051,0.04170221462845802
0.5057933926582336,0.6814925074577332,0.043918073177337646
-
0.5424857139587402,0.3759474754333496,-0.29714474081993103
0.5494653582572937,0.37140247225761414,-0.27635782957077026
0.5532640814781189,0.3715026080608368,-0.27635329961776733
0.5571973919868469,0.3716578185558319,-0.27632009983062744
0.5365755558013916,0.3714293837547302,-0.27590563893318176
0.5326890349388123,0.3715859055519104,-0.2759306728839874
0.5291640758514404,0.3717370927333832,-0.2759026288986206
0.5627183318138123,0.3747137784957886,-0.13279668986797333
0.5254309773445129,0.3748699128627777,-0.1317322552204132
0.5510073900222778,0.38321569561958313,-0.24252057075500488
0.5353257656097412,0.38384029269218445,-0.24218885600566864
0.5972306728363037,0.40984630584716797,-0.020144956186413765
0.4966922402381897,0.41188326478004456,-0.01761576533317566
0.6506611108779907,0.43532976508140564,0.0035129573661834
0.45295169949531555,0.43235117197036743,0.02995392680168152
0.6041695475578308,0.45558828115463257,-0.13772037625312805
0.4887637197971344,0.4498596787452698,-0.07843905687332153
0.5927183628082275,0.4610518515110016,-0.17720866203308105
0.49956971406936646,0.4568260610103607,-0.11351505666971207
0.5883406400680542,0.45620226860046387,-0.19484028220176697
0.505756676197052,0.4514908194541931,-0.12751376628875732
0.5913392901420593,0.4540802836418152,-0.14684432744979858
0.5043102502822876,0.44922637939453125,-0.08490277081727982
0.5767033100128174,0.5021348595619202,0.0017729592509567738
0.5154220461845398,0.5031521320343018,-0.0019577103666961193
0.5794007182121277,0.5744225382804871,-0.01727670058608055
0.5110199451446533,0.5753446221351624,-0.008508022874593735
0.58487468957901,0.6436622142791748,0.20354942977428436
0.5059292316436768,0.6418905854225159,0.1984507441520691
0.5810386538505554,0.6490504145622253,0.21601220965385437
0.5120144486427307,0.647350549697876,0.21054252982139587
0.5820302963256836,0.6705896854400635,0.04864785447716713
0.5017155408859253,0.6692959666252136,0.04779430106282234
-
0.5428519248962402,0.367099791765213,-0.29014042019844055
0.5499314665794373,0.3618014454841614,-0.26870787143707275
0.5536604523658752,0.3620026409626007,-0.2687053680419922
0.5577895045280457,0.36220377683639526,-0.2686881422996521
0.5368790626525879,0.3619139790534973,-0.2682836949825287
0.5328545570373535,0.3621605932712555,-0.2683046758174896
0.5293042063713074,0.3625437021255493,-0.2682746648788452
0.5643109083175659,0.3665711283683777,-0.12730132043361664
0.5255918502807617,0.3672481179237366,-0.12682431936264038
0.5515444874763489,0.37484660744667053,-0.23678793013095856
0.535453200340271,0.3757880628108978,-0.23651254177093506
0.5980896949768066,0.40321022272109985,-0.023210972547531128
0.49682316184043884,0.4039115011692047,-0.015975067391991615
0.6517810225486755,0.42787012457847595,-0.008230673149228096
0.4537941813468933,0.42630457878112793,0.03992336988449097
0.6056239008903503,0.4473288059234619,-0.15824615955352783
0.4869137704372406,0.44336873292922974,-0.04635034501552582
0.5940937399864197,0.45231589674949646,-0.2004372775554657
0.4981481432914734,0.4499485492706299,-0.07947362959384918
0.5894511938095093,0.447205126285553,-0.2169639617204666
0.5046484470367432,0.4450104832649231,-0.0945841372013092
0.592299222946167,0.44507622718811035,-0.16739821434020996
0.5030444264411926,0.442710816860199,-0.05321021005511284
0.5777895450592041,0.4955732822418213,-0.0005581583245657384
0.5163928270339966,0.49650654196739197,0.0003842522273771465
0.5784145593643188,0.5688010454177856,-0.01278748270124197
0.5117431282997131,0.5681180357933044,-0.001381382462568581
0.5851062536239624,0.6356410980224609,0.20363260805606842
0.5062611699104309,0.633730947971344,0.19915945827960968
0.5810608267784119,0.6422551870346069,0.21562862396240234
0.5131583213806152,0.6403711438179016,0.21213214099407196
0.5843983292579651,0.6601750254631042,0.050815433263778687
0.49898165464401245,0.6579740643501282,0.052110396325588226
-
0.5437154769897461,0.36078721284866333,-0.27904435992240906
0.550121545791626,0.3554269075393677,-0.26059654355049133
0.5538067817687988,0.35557788610458374,-0.26059579849243164
0.5577866435050964,0.35586753487586975,-0.26058104634284973
0.5374029278755188,0.35600119829177856,-0.25764381885528564
0.5334910750389099,0.35647302865982056,-0.25764358043670654
0.5298709273338318,0.3568688929080963,-0.25762873888015747
0.5646896958351135,0.36035069823265076,-0.12402675300836563
0.5257359743118286,0.361671507358551,-0.11157438158988953
0.5522568225860596,0.36790788173675537,-0.22608090937137604
0.536236047744751,0.368423730134964,-0.2227804809808731
0.5997406840324402,0.3977988362312317,-0.012763867154717445
0.49726051092147827,0.3970598578453064,-0.006304407957941294
0.6549548506736755,0.4228188991546631,-0.0014145723544061184
0.45394769310951233,0.42108097672462463,0.04831772297620773
0.6106446981430054,0.43902772665023804,-0.14588230848312378
0.4858546853065491,0.43780046701431274,-0.03940201178193092
0.5987348556518555,0.44573622941970825,-0.18861716985702515
0.4971925914287567,0.4434804916381836,-0.07363851368427277
0.5931193828582764,0.4411793351173401,-0.20623160898685455
0.5037885904312134,0.4396114945411682,-0.09087880700826645
0.5953484773635864,0.43906378746032715,-0.15570499002933502
0.5020586848258972,0.43744951486587524,-0.04733502119779587
0.5791284441947937,0.48850902915000916,-0.0005194504046812654
0.5169094204902649,0.490102618932724,0.00035601970739662647
0.5782751441001892,0.562995970249176,-0.017308099195361137
0.5132836103439331,0.5629767775535583,-0.007046754006296396
0.5865508317947388,0.6292468309402466,0.194983571767807
0.5076596140861511,0.6297555565834045,0.18342727422714233
0.5813143253326416,0.6358972191810608,0.20706933736801147
0.5152135491371155,0.6366473436355591,0.1942916065454483
0.5935554504394531,0.6527335047721863,0.04212614521384239
0.4991774260997772,0.6531499624252319,0.02967303805053234
-
0.5455403923988342,0.3572789430618286,-0.255293607711792
0.5518103241920471,0.3527623116970062,-0.23542039096355438
0.5554160475730896,0.35289081931114197,-0.2354210764169693
0.5595254302024841,0.353137344121933,-0.23542726039886475
0.5392225980758667,0.3529413938522339,-0.2333400696516037
0.5350393652915955,0.3532142639160156,-0.23334291577339172
0.5312902927398682,0.35357967019081116,-0.23331120610237122
0.5660421252250671,0.35735994577407837,-0.10400723665952682
0.5263343453407288,0.3583163022994995,-0.09500019252300262
0.5536813735961914,0.3643314242362976,-0.20535577833652496
0.5379868149757385,0.364557683467865,-0.20297206938266754
0.6003034710884094,0.39372342824935913,-0.010567455552518368
0.49862098693847656,0.3941492736339569,-8.74978068168275e-05
0.658574640750885,0.41797691583633423,-0.020154550671577454
0.4532677233219147,0.4180290102958679,0.029772179201245308
0.6132830381393433,0.43588051199913025,-0.19345571100711823
0.48588234186172485,0.43533802032470703,-0.08618172258138657
0.6005828976631165,0.4442770481109619,-0.24135670065879822
0.4967963397502899,0.4427603781223297,-0.12420107424259186
0.593894898891449,0.4382980763912201,-0.25270840525627136
0.5037403702735901,0.43746957182884216,-0.1378149837255478
0.5962222218513489,0.4359847903251648,-0.20098264515399933
0.5020516514778137,0.43523845076560974,-0.09315423667430878
0.5802064538002014,0.48573175072669983,-0.00045998391578905284
0.5175463557243347,0.48616862297058105,0.0003041262971237302
0.5783507227897644,0.5576663613319397,-0.012312234379351139
0.514512300491333,0.5594571232795715,-0.009510403499007225
0.5889593362808228,0.6268348097801208,0.18408043682575226
0.5097023248672485,0.626289963722229,0.1740216612815857
0.5824254155158997,0.6333689093589783,0.19489257037639618
0.5166189670562744,0.6323379874229431,0.18367592990398407
0.6008386015892029,0.6508650183677673,0.03653603792190552
0.49982112646102905,0.651150107383728,0.024064188823103905
-
0.5477039217948914,0.357026070356369,-0.24709205329418182
0.5533466339111328,0.35230839252471924,-0.22624903917312622
0.5568144917488098,0.35246580839157104,-0.22625555098056793
0.5610965490341187,0.35261884331703186,-0.22626923024654388
0.5407224893569946,0.35230618715286255,-0.22649016976356506
0.5362529754638672,0.35253170132637024,-0.22650687396526337
0.5323535203933716,0.35281866788864136,-0.22647753357887268
0.5667321681976318,0.3567436635494232,-0.08939757943153381
0.5268967151641846,0.35782620310783386,-0.09093188494443893
0.5553260445594788,0.36431851983070374,-0.1950274556875229
0.5398114919662476,0.3648679256439209,-0.19558031857013702
0.6011888384819031,0.39320436120033264,0.005897523835301399
0.4988877475261688,0.393879234790802,4.274910679669119e-06
0.6601685285568237,0.41749686002731323,-0.010606225579977036
0.45314669609069824,0.4162713587284088,0.011576580815017223
0.6129415035247803,0.4356691837310791,-0.1856164038181305
0.4860008955001831,0.4331356883049011,-0.1145007312297821
0.6005184650421143,0.4423876404762268,-0.23364904522895813
0.49679505825042725,0.43971920013427734,-0.15330587327480316
0.5940969586372375,0.43708181381225586,-0.24278871715068817
0.5037296414375305,0.4344101548194885,-0.16805168986320496
0.5964720845222473,0.43468499183654785,-0.19244977831840515
0.5020866394042969,0.4322119653224945,-0.12178278714418411
0.5809972882270813,0.48449158668518066,0.0027414585929363966
0.5178050398826599,0.48479562997817993,-0.00284390477463603
0.580562949180603,0.5572528839111328,-0.012495781295001507
0.5154658555984497,0.5590274333953857,-0.010199212469160557
0.5918577909469604,0.6261515021324158,0.17451068758964539
0.5104119181632996,0.6244770288467407,0.1593858152627945
0.5840775370597839,0.6324339509010315,0.1844751387834549
0.5171274542808533,0.6297212839126587,0.1682639718055725
0.6028714776039124,0.64969801902771,0.024432996287941933
0.5024768114089966,0.6492882966995239,0.006327848881483078
-
0.5498191118240356,0.3574194610118866,-0.24017827212810516
0.555173933506012,0.352721631526947,-0.2192329615354538
0.5586097240447998,0.3528250455856323,-0.2192385345697403
0.5630331039428711,0.35297054052352905,-0.21925514936447144
0.5429295897483826,0.3527016341686249,-0.21930253505706787
0.5382105708122253,0.3528268039226532,-0.21931573748588562
0.5339484214782715,0.3530539870262146,-0.21928437054157257
0.5683591365814209,0.3568252921104431,-0.08245383203029633
0.5279789566993713,0.35741060972213745,-0.0838412344455719
0.556813657283783,0.36489298939704895,-0.1883276402950287
0.5412413477897644,0.36535778641700745,-0.1887519806623459
0.6027806401252747,0.3932616710662842,0.009059266187250614
0.4996824562549591,0.3940519690513611,0.010251929052174091
0.6603343486785889,0.41726723313331604,-0.006179077550768852
0.453088641166687,0.4166727662086487,0.027404874563217163
0.6130732893943787,0.43675607442855835,-0.17923405766487122
0.4856739044189453,0.4334178566932678,-0.08359765261411667
0.6005969047546387,0.4430995583534241,-0.22761952877044678
0.4966197907924652,0.4395829141139984,-0.11991969496011734
0.5942866206169128,0.438014417886734,-0.23737391829490662
0.5037215948104858,0.4344157576560974,-0.13533712923526764
0.596770167350769,0.4355366826057434,-0.186110258102417
0.5020825862884521,0.43222349882125854,-0.09084062278270721
0.582388699054718,0.4862461984157562,0.0030718392226845026
0.5184023976325989,0.48650503158569336,-0.0031515154987573624
0.5845581293106079,0.5594433546066284,-0.014784040860831738
0.516693115234375,0.5609079599380493,-0.017112672328948975
0.5945630669593811,0.6273972392082214,0.16917464137077332
0.5104206204414368,0.626137912273407,0.15481987595558167
0.5854813456535339,0.6339569687843323,0.1797412931919098
0.5171732306480408,0.631585955619812,0.16400019824504852
0.6033844351768494,0.6509205102920532,0.020490292459726334
0.5036640763282776,0.6506835222244263,0.002466533798724413
-
0.5511178970336914,0.36046260595321655,-0.26383650302886963
0.556053876876831,0.35533222556114197,-0.24242129921913147
0.5593466758728027,0.35547736287117004,-0.24242670834064484
0.5635759234428406,0.3556399941444397,-0.24245429039001465
0.5442498326301575,0.3553597331047058,-0.24443580210208893
0.5396672487258911,0.35550686717033386,-0.24444468319416046
0.5355387330055237,0.35573452711105347,-0.24443434178829193
0.5691624283790588,0.3594772219657898,-0.09852033108472824
0.529445230960846,0.36008670926094055,-0.10814347863197327
0.5577932000160217,0.36750680208206177,-0.20840775966644287
0.5429452061653137,0.3675955533981323,-0.21132515370845795
0.6034349799156189,0.3956225514411926,0.003922638483345509
0.5003762245178223,0.39572712779045105,-0.0026587990578264
0.6607326865196228,0.41899538040161133,0.028803355991840363
0.45374125242233276,0.41873639822006226,0.031124301254749298
0.6161414384841919,0.4387287199497223,-0.11919673532247543
0.48567554354667664,0.43643712997436523,-0.07068436592817307
0.6030489802360535,0.4455689787864685,-0.16372744739055634
0.4963879883289337,0.44247332215309143,-0.10352812707424164
0.5961877703666687,0.44086384773254395,-0.17574772238731384
0.5036934018135071,0.43800121545791626,-0.11144492775201797
0.5985131859779358,0.4383881986141205,-0.12620408833026886
0.5020589232444763,0.4355791509151459,-0.07304329425096512
0.582943320274353,0.4876438081264496,0.004723682999610901
0.51844722032547,0.4880547523498535,-0.004769958555698395
0.5876226425170898,0.5623937845230103,-0.027115842327475548
0.51668781042099,0.5623570680618286,-0.027188101783394814
0.59645015001297,0.6286841630935669,0.17043030261993408
0.5111621618270874,0.6274236440658569,0.15488915145397186
0.5874851942062378,0.6346902847290039,0.18190521001815796
0.517643928527832,0.6323551535606384,0.16477423906326294
0.6047051548957825,0.6529077291488647,0.01658383384346962
0.5066840648651123,0.6520363092422485,-0.0015697660855948925
-
0.5527294874191284,0.3639698028564453,-0.2622292637825012
0.5575988292694092,0.3589377701282501,-0.24012751877307892
0.5611714124679565,0.3590810000896454,-0.2401285618543625
0.5654878616333008,0.35925036668777466,-0.24016566574573517
0.5459087491035461,0.3589521050453186,-0.2420496791601181
0.5414742827415466,0.35911470651626587,-0.24206629395484924
0.5371253490447998,0.3593416213989258,-0.24204722046852112
0.5709893107414246,0.3630213439464569,-0.09532655775547028
0.5308241248130798,0.3637771010398865,-0.10313515365123749
0.5595537424087524,0.3710373640060425,-0.2068367600440979
0.5450869798660278,0.3712455928325653,-0.20924070477485657
0.6043580174446106,0.3989158868789673,0.010626236908137798
0.5013008713722229,0.399166077375412,0.006228962913155556
0.6636450886726379,0.42228859663009644,0.05098443478345871
0.45469215512275696,0.4216671884059906,0.0763082429766655
0.616990864276886,0.44205838441848755,-0.0724203959107399
0.48573973774909973,0.4398233890533447,0.009890574030578136
0.6048203110694885,0.44860410690307617,-0.11303921043872833
0.49641045928001404,0.446143239736557,-0.021492736414074898
0.5971903800964355,0.44417351484298706,-0.12703123688697815
0.5038889646530151,0.4419310688972473,-0.03939025476574898
0.5991978645324707,0.44170626997947693,-0.08010143041610718
0.5023438334465027,0.43956857919692993,0.002257916145026684
0.5834106802940369,0.4909072816371918,0.004571495112031698
0.5184028148651123,0.4914078712463379,-0.004633135627955198
0.5893214344978333,0.5638125538825989,-0.045897312462329865
0.5167003870010376,0.5629621744155884,-0.0352538637816906
0.5982050895690918,0.6306368708610535,0.16706711053848267
0.5118491053581238,0.6291199326515198,0.15262095630168915
0.5918508172035217,0.6359010934829712,0.17964759469032288
0.5183296799659729,0.6333522200584412,0.16266128420829773
0.6041926741600037,0.6549292206764221,0.015952924266457558
0.508260190486908,0.653651773929596,-0.0023667938075959682
-
0.5532128810882568,0.37054765224456787,-0.26047489047050476
0.5588610172271729,0.36626309156417847,-0.2375248372554779
0.5625823140144348,0.36649054288864136,-0.23752173781394958
0.5668074488639832,0.366699755191803,-0.2375488430261612
0.5467730760574341,0.3659825026988983,-0.2383633702993393
0.5423440933227539,0.36606565117836,-0.23838302493095398
0.5380796790122986,0.3662169575691223,-0.2383348047733307
0.571359395980835,0.36990976333618164,-0.09606228768825531
0.5323178768157959,0.36899077892303467,-0.1004180833697319
0.5598941445350647,0.37792426347732544,-0.2069075107574463
0.5453810095787048,0.3779447078704834,-0.20853102207183838
0.6042009592056274,0.40333056449890137,-0.013619983568787575
0.5017576813697815,0.40598660707473755,0.008368569426238537
0.6650713086128235,0.42776018381118774,-0.03002207726240158
0.45395076274871826,0.4260578155517578,0.06311957538127899
0.6169382333755493,0.44971156120300293,-0.19338075816631317
0.48652318120002747,0.4441449046134949,-0.03313286975026131
0.6045565605163574,0.457113116979599,-0.24179714918136597
0.4965580403804779,0.4522427022457123,-0.06940595805644989
0.5970433354377747,0.45176267623901367,-0.2508947551250458
0.5043464303016663,0.44758668541908264,-0.08052731305360794
0.5990377068519592,0.4495406150817871,-0.1996801793575287
0.5033045411109924,0.4453984797000885,-0.039286259561777115
0.583523154258728,0.4990050196647644,-0.0007694765808992088
0.518505871295929,0.49942144751548767,0.0007073170854710042
0.589982271194458,0.5729581713676453,-0.04683903977274895
0.5165960788726807,0.5754649639129639,-0.025400498881936073
0.5983296036720276,0.6339709758758545,0.17014926671981812
0.5125918984413147,0.6370246410369873,0.17052197456359863
0.5932755470275879,0.6402157545089722,0.18784889578819275
0.5187445878982544,0.6439460515975952,0.1818501353263855
0.6049253940582275,0.6608765721321106,0.02745595946907997
0.5098745822906494,0.6638662815093994,0.019750110805034637
-
0.5527815222740173,0.38264232873916626,-0.26565462350845337
0.5587961673736572,0.3782045543193817,-0.24198776483535767
0.5624827146530151,0.3784666657447815,-0.24198101460933685
0.5666967034339905,0.37891680002212524,-0.24199150502681732
0.5466091632843018,0.3779752552509308,-0.2418123185634613
0.5422988533973694,0.37811288237571716,-0.24184267222881317
0.5382716059684753,0.37832334637641907,-0.24178913235664368
0.5719137191772461,0.383621484041214,-0.09998054802417755
0.5328025221824646,0.38200390338897705,-0.10092411190271378
0.5597414374351501,0.39019909501075745,-0.21310320496559143
0.5449296236038208,0.38992947340011597,-0.21324247121810913
0.6044926643371582,0.4176119267940521,-0.017709996551275253
0.5030736923217773,0.41944751143455505,0.007231448777019978
0.6645457744598389,0.43950510025024414,-0.01536227110773325
0.45605605840682983,0.4365549087524414,0.0663142129778862
0.6164630651473999,0.4613574147224426,-0.14754484593868256
0.4866485297679901,0.45446810126304626,-0.013867485336959362
0.6043963432312012,0.4670773446559906,-0.189533069729805
0.4965415894985199,0.462708055973053,-0.04732755571603775
0.5976178646087646,0.4630056917667389,-0.20907270908355713
0.5043748617172241,0.45866823196411133,-0.06011967733502388
0.5998070240020752,0.4608490467071533,-0.1574830710887909
0.5034860372543335,0.45615801215171814,-0.020635906606912613
0.5835094451904297,0.511367917060852,-0.0010096019832417369
0.5189959406852722,0.5120345950126648,0.0009488187497481704
0.5909654498100281,0.585220456123352,-0.04744405671954155
0.5167958736419678,0.5882285833358765,-0.026305368170142174
0.5993224382400513,0.6421419978141785,0.19440388679504395
0.514077365398407,0.6470581293106079,0.1769184023141861
0.5948026776313782,0.6478500962257385,0.2125301957130432
0.5195349454879761,0.6535152196884155,0.18933753669261932
0.6060457229614258,0.6711512804031372,0.053481604903936386
0.5141323208808899,0.6759359240531921,0.026053907349705696
-
0.5533255934715271,0.39625829458236694,-0.2765030860900879
0.5593294501304626,0.39135098457336426,-0.2534177005290985
0.562961220741272,0.3915882110595703,-0.25340354442596436
0.5672256946563721,0.39190661907196045,-0.253414124250412
0.5472242832183838,0.39125972986221313,-0.25361520051956177
0.5429327487945557,0.39138323068618774,-0.25365009903907776
0.5392035841941833,0.3915163278579712,-0.25361281633377075
0.5731699466705322,0.3966255784034729,-0.11425221711397171
0.5335137844085693,0.39579057693481445,-0.11609998345375061
0.5602465867996216,0.40329137444496155,-0.22512345016002655
0.5453090071678162,0.4027648866176605,-0.22561195492744446
0.6052294969558716,0.43089738488197327,-0.023661872372031212
0.5045672655105591,0.43172675371170044,-0.008386945351958275
0.6649901270866394,0.4514633119106293,0.009245416149497032
0.45769110321998596,0.4490983486175537,0.06850491464138031
0.6163945198059082,0.4722747206687927,-0.08926983177661896
0.48877713084220886,0.46884721517562866,0.02929866500198841
0.6041091680526733,0.4783364236354828,-0.12686453759670258
0.4978122413158417,0.4753648340702057,0.0015270764706656337
0.5973638892173767,0.47524386644363403,-0.1438279002904892
0.5054342746734619,0.4722456932067871,-0.01328066736459732
0.5996485948562622,0.47274643182754517,-0.09783690422773361
0.5044944286346436,0.47000399231910706,0.022489897906780243
0.5839715600013733,0.5232342481613159,0.0004519237845670432
0.5197393894195557,0.5236886739730835,-0.0005066466401331127
0.5940580368041992,0.595572829246521,-0.04459957405924797
0.5171023011207581,0.5994796752929688,-0.022526660934090614
0.6002568006515503,0.6541351079940796,0.21681086719036102
0.515338659286499,0.6554909944534302,0.1934848129749298
0.5959182381629944,0.6594690084457397,0.23479332029819489
0.5200690627098083,0.6611517667770386,0.20746581256389618
0.6055755019187927,0.681110143661499,0.07834097743034363
0.5188491940498352,0.682673454284668,0.04755016043782234
-
0.5540390610694885,0.4096510410308838,-0.28293344378471375
0.5600749254226685,0.4041387438774109,-0.25969886779785156
0.5637102127075195,0.4043634533882141,-0.2596901059150696
0.5679841637611389,0.40465134382247925,-0.2596912682056427
0.5480639338493347,0.4040493071079254,-0.2578546106815338
0.5437280535697937,0.40422922372817993,-0.25787031650543213
0.5400159358978271,0.4043983519077301,-0.2578200101852417
0.5745185613632202,0.4095790386199951,-0.12390259653329849
0.5343571901321411,0.4084489941596985,-0.116805799305439
0.5607960224151611,0.41660991311073303,-0.23314577341079712
0.5458182692527771,0.41624802350997925,-0.23106911778450012
0.6055178046226501,0.44523316621780396,-0.05735955387353897
0.5051815509796143,0.44517430663108826,-0.02374444343149662
0.6688650250434875,0.4664158821105957,-0.1243240237236023
0.4585140347480774,0.46284541487693787,-0.028161637485027313
0.6161057949066162,0.48605823516845703,-0.3273163139820099
0.4912727475166321,0.48353227972984314,-0.1554103046655655
0.6039695739746094,0.49064189195632935,-0.3802213966846466
0.5013056993484497,0.4903546869754791,-0.19510890543460846
0.5971854329109192,0.4873439371585846,-0.3849940001964569
0.5088542699813843,0.4880475103855133,-0.2024989277124405
0.5996534824371338,0.48514795303344727,-0.3326095938682556
0.5075820684432983,0.48562532663345337,-0.1605874001979828
0.584545910358429,0.536037266254425,-0.00031202990794554353
0.5201950073242188,0.536403477191925,0.0002186836500186473
0.5968179702758789,0.6044797301292419,-0.04499243199825287
0.5171677470207214,0.6096718907356262,-0.022082699462771416
0.6010563373565674,0.6562809944152832,0.2609623074531555
0.5162957310676575,0.6580591797828674,0.2540573477745056
0.5969266295433044,0.6624216437339783,0.2852095365524292
0.5213140249252319,0.664361834526062,0.2755584120750427
0.606316864490509,0.6831028461456299,0.14190660417079926
0.518415629863739,0.684169352054596,0.133355051279068
-
0.5542779564857483,0.41855040192604065,-0.2809094190597534
0.5601888298988342,0.4138258397579193,-0.2559475302696228
0.5636919140815735,0.4139467179775238,-0.255941778421402
0.5679386258125305,0.4140927195549011,-0.25593847036361694
0.5483900904655457,0.4136561453342438,-0.2565937340259552
0.5440582036972046,0.4137900769710541,-0.2566041052341461
0.540178656578064,0.4139474928379059,-0.2565295398235321
0.5742546916007996,0.418689101934433,-0.12017874419689178
0.5349299311637878,0.41860824823379517,-0.1153823509812355
0.5613354444503784,0.42590492963790894,-0.2293122410774231
0.5463424921035767,0.4263239800930023,-0.22777165472507477
0.6059768199920654,0.4550822377204895,-0.04960020259022713
0.5052155256271362,0.45641326904296875,-0.033367983996868134
0.6680101752281189,0.47828251123428345,-0.10855980962514877
0.4601863920688629,0.47342807054519653,-0.0404108501970768
0.6159019470214844,0.49788063764572144,-0.30961257219314575
0.4939136207103729,0.49416571855545044,-0.15538281202316284
0.603798508644104,0.504491925239563,-0.36411044001579285
0.5020228624343872,0.500986635684967,-0.1950727254152298
0.5969547033309937,0.5008320212364197,-0.37186670303344727
0.5101341009140015,0.49853959679603577,-0.20268647372722626
0.5992723107337952,0.49861574172973633,-0.31655484437942505
0.5093713998794556,0.496343195438385,-0.16035766899585724
0.5852466821670532,0.5442653298377991,0.0017421285156160593
0.5202794075012207,0.545424222946167,-0.0018498104764148593
0.6009584069252014,0.612170398235321,-0.05628449469804764
0.5190238952636719,0.6161321401596069,-0.046667929738759995
0.6010492444038391,0.6574140787124634,0.2953854203224182
0.5199308395385742,0.6596959829330444,0.26775041222572327
0.5962486267089844,0.6615884900093079,0.3250036835670471
0.5248666405677795,0.6643030047416687,0.29364830255508423
0.6068235635757446,0.6834648847579956,0.18935760855674744
0.518470823764801,0.6836270689964294,0.15466372668743134
-
0.5541243553161621,0.4223783016204834,-0.2785572409629822
0.5600113868713379,0.4175986349582672,-0.25465428829193115
0.5635804533958435,0.4178086221218109,-0.2546359896659851
0.56780606508255,0.4180479049682617,-0.2546232342720032
0.5481789708137512,0.41766515374183655,-0.25516796112060547
0.5439491868019104,0.4178764224052429,-0.2551824450492859
0.540099561214447,0.4181503653526306,-0.255124568939209
0.5740223526954651,0.4216544032096863,-0.11866918206214905
0.534764289855957,0.4221811294555664,-0.11467254161834717
0.561453104019165,0.4290584921836853,-0.22714358568191528
0.5467458367347717,0.4288756251335144,-0.2260947823524475
0.6061764359474182,0.4564821124076843,-0.040984973311424255
0.5053139328956604,0.4583497643470764,-0.02819029986858368
0.6675139665603638,0.4810916483402252,-0.0965517982840538
0.4606981575489044,0.47681301832199097,-0.05744288116693497
0.6183465719223022,0.49949708580970764,-0.30810028314590454
0.4952384829521179,0.49651965498924255,-0.22151239216327667
0.6043481230735779,0.5056904554367065,-0.3641558885574341
0.5031940937042236,0.5043009519577026,-0.26717236638069153
0.5980488061904907,0.5014464855194092,-0.37071582674980164
0.5110207796096802,0.5014605522155762,-0.27524277567863464
0.6004998683929443,0.49960240721702576,-0.31469058990478516
0.5104799270629883,0.49933305382728577,-0.22757506370544434
0.5853890180587769,0.5449944734573364,0.0042174821719527245
0.5204537510871887,0.5454562902450562,-0.004328231792896986
0.601930558681488,0.6147745847702026,-0.05722663551568985
0.5207647681236267,0.6161812543869019,-0.040891047567129135
0.6011368632316589,0.6599643230438232,0.27240633964538574
0.5213030576705933,0.661281406879425,0.25314903259277344
0.595901608467102,0.6644555926322937,0.2983574867248535
0.5266361236572266,0.6658333539962769,0.27553611993789673
0.6081704497337341,0.6832501292228699,0.15875032544136047
0.519307017326355,0.6838638186454773,0.13162846863269806
-
0.5540065169334412,0.4165862202644348,-0.26912185549736023
0.5598844885826111,0.4118623733520508,-0.2450782209634781
0.5634832382202148,0.4120936989784241,-0.24509724974632263
0.5675145983695984,0.41227036714553833,-0.24512040615081787
0.5480274558067322,0.4118492007255554,-0.24460771679878235
0.543813943862915,0.41200360655784607,-0.24462424218654633
0.539957582950592,0.41222018003463745,-0.24458745121955872
0.5738973617553711,0.4166278839111328,-0.11104721575975418
0.5346655249595642,0.41664519906044006,-0.1065179854631424
0.5613659024238586,0.42368602752685547,-0.21965625882148743
0.5465819239616394,0.42372483015060425,-0.2185821682214737
0.6060853600502014,0.4525417387485504,-0.039024222642183304
0.5055563449859619,0.4528445303440094,-0.025875400751829147
0.6672036051750183,0.4756329655647278,-0.11300028860569
0.4615224599838257,0.4707179665565491,-0.05666571110486984
0.618058979511261,0.4948570728302002,-0.32312360405921936
0.49771371483802795,0.4927181303501129,-0.20198334753513336
0.6041210293769836,0.5010284185409546,-0.37833064794540405
0.505968451499939,0.4993407726287842,-0.24469725787639618
0.5979164838790894,0.49798232316970825,-0.38356319069862366
0.5131658911705017,0.49714231491088867,-0.2538379430770874
0.6004056930541992,0.4958975315093994,-0.3291703462600708
0.5120951533317566,0.49506959319114685,-0.20824256539344788
0.5853299498558044,0.5420385003089905,0.004841556306928396
0.520476222038269,0.5427572727203369,-0.004947076551616192
0.6015297770500183,0.6120796203613281,-0.05695945397019386
0.5217153429985046,0.6136906743049622,-0.02763213776051998
0.6010415554046631,0.6594060063362122,0.2741953730583191
0.5211746096611023,0.661932110786438,0.2475411295890808
0.5957894921302795,0.6644409894943237,0.29922834038734436
0.5265527367591858,0.6667652726173401,0.26748940348625183
0.607888400554657,0.6818925142288208,0.15622080862522125
0.5193396210670471,0.6838123202323914,0.11781631410121918
-
0.553496778011322,0.4095413088798523,-0.2768855094909668
0.5598183274269104,0.4047497808933258,-0.2537575662136078
0.563392698764801,0.4049513339996338,-0.25376200675964355
0.5674716234207153,0.4051596224308014,-0.2537972629070282
0.5479445457458496,0.4047624170780182,-0.25543907284736633
0.5437229871749878,0.4049253463745117,-0.2554681897163391
0.539863646030426,0.4051407277584076,-0.25544655323028564
0.5737805962562561,0.40940433740615845,-0.11757145822048187
0.5345690250396729,0.40939760208129883,-0.12494388967752457
0.5612655878067017,0.4166257381439209,-0.2265322208404541
0.5464388132095337,0.4167690873146057,-0.22864343225955963
0.6058285236358643,0.4451900124549866,-0.02891208790242672
0.5061642527580261,0.4457027316093445,-0.036022402346134186
0.6669691801071167,0.4688687324523926,0.03365442529320717
0.46150580048561096,0.4647243618965149,0.041986625641584396
0.6177893877029419,0.48868173360824585,-0.04383328929543495
0.49933505058288574,0.48494380712509155,0.04371703043580055
0.6043189167976379,0.4946940541267395,-0.07549735903739929
0.5078492760658264,0.4919706881046295,0.021505586802959442
0.5982781648635864,0.4907376766204834,-0.09419742971658707
0.514168918132782,0.48940509557724,0.0057432944886386395
0.6007488369941711,0.48874038457870483,-0.05275840684771538
0.5126561522483826,0.487122118473053,0.038110554218292236
0.5853109359741211,0.5354471802711487,0.008539902977645397
0.5209213495254517,0.5360760688781738,-0.00864185206592083
0.6011026501655579,0.6061801910400391,-0.03311961144208908
0.5214750170707703,0.6084035634994507,-0.032378531992435455
0.6011267900466919,0.6579282879829407,0.28867366909980774
0.5207115411758423,0.6603401899337769,0.24184554815292358
0.5967909693717957,0.6629258394241333,0.312791645526886
0.5261590480804443,0.6652823686599731,0.2629537284374237
0.6076900959014893,0.6813908815383911,0.16008901596069336
0.5195518732070923,0.6838789582252502,0.08773285895586014
-
0.5534301400184631,0.39688557386398315,-0.2803616523742676
0.5597527623176575,0.3925088942050934,-0.25854575634002686
0.5633233785629272,0.39274248480796814,-0.2585373520851135
0.5673382878303528,0.3929764926433563,-0.25854671001434326
0.5478543043136597,0.3922123312950134,-0.26034829020500183
0.54364413022995,0.3923412263393402,-0.2603779733181
0.5398017168045044,0.3924592137336731,-0.2603588402271271
0.5736719965934753,0.3968069553375244,-0.12057427316904068
0.534491240978241,0.39684030413627625,-0.128485769033432
0.5612033605575562,0.40469804406166077,-0.22883495688438416
0.5463482141494751,0.40494489669799805,-0.2311972975730896
0.6057952642440796,0.4312346875667572,-0.02120659500360489
0.5061103701591492,0.43292945623397827,-0.03136008232831955
0.6638002395629883,0.45235127210617065,0.047234222292900085
0.46143653988838196,0.45151981711387634,0.060009438544511795
0.6164880394935608,0.474426805973053,-0.03843287006020546
0.4985773265361786,0.4709956645965576,0.04444137215614319
0.6039784550666809,0.4802152216434479,-0.07147181034088135
0.5074654817581177,0.47722840309143066,0.019016774371266365
0.5980269312858582,0.4776846766471863,-0.09068423509597778
0.513473391532898,0.4744342267513275,0.004865243099629879
0.6005465388298035,0.47520169615745544,-0.04772799462080002
0.5121389031410217,0.47217684984207153,0.039115652441978455
0.5854418277740479,0.5249907970428467,0.008142347447574139
0.5215478539466858,0.526397168636322,-0.008242546580731869
0.6006233096122742,0.5979810953140259,-0.021946048364043236
0.5216226577758789,0.6000970602035522,-0.025139816105365753
0.6020255088806152,0.6564873456954956,0.2528887987136841
0.5195843577384949,0.6585856676101685,0.21401098370552063
0.5988765954971313,0.6615709066390991,0.26801684498786926
0.5239918828010559,0.6639482975006104,0.22917184233665466
0.6074774265289307,0.680668830871582,0.10097257792949677
0.5201303362846375,0.6829496622085571,0.06074874848127365
-
0.5526400208473206,0.38373270630836487,-0.28721630573272705
0.5594058036804199,0.37970107793807983,-0.2654177248477936
0.5632543563842773,0.37991711497306824,-0.26541706919670105
0.5670442581176758,0.38007521629333496,-0.26540714502334595
0.546909511089325,0.37946709990501404,-0.2659369707107544
0.5429074764251709,0.3796130120754242,-0.26596975326538086
0.5392277836799622,0.3797138035297394,-0.2659419775009155
0.5730605125427246,0.38336968421936035,-0.12410978972911835
0.5344318151473999,0.3832562565803528,-0.12736660242080688
0.5610816478729248,0.39128637313842773,-0.2340618520975113
0.5458881855010986,0.3916560709476471,-0.23498791456222534
0.605207085609436,0.4172489643096924,-0.021979087963700294
0.5060081481933594,0.4193324148654938,-0.02297562174499035
0.6635059714317322,0.43717485666275024,0.008924505673348904
0.45841559767723083,0.43885380029678345,0.042521730065345764
0.6187686920166016,0.45708245038986206,-0.11731664836406708
0.49711164832115173,0.456948459148407,-0.0072196610271930695
0.606705367565155,0.4646010398864746,-0.1595660150051117
0.5070875287055969,0.46332961320877075,-0.03667620196938515
0.599975049495697,0.4608924388885498,-0.172084242105484
0.513394296169281,0.4590805470943451,-0.05504240468144417
0.601912796497345,0.4586896002292633,-0.12464441359043121
0.5117859840393066,0.4570402204990387,-0.016314417123794556
0.5860769152641296,0.5121644735336304,0.003871323773637414
0.5223039388656616,0.5131970643997192,-0.004022175446152687
0.596844494342804,0.586077868938446,-0.018087640404701233
0.5217338800430298,0.5852064490318298,-0.010188253596425056
0.6029592156410217,0.6516541838645935,0.22047097980976105
0.517938494682312,0.6518318057060242,0.2062433809041977
0.6000261902809143,0.6565784811973572,0.23381708562374115
0.5215207934379578,0.6563047766685486,0.21907314658164978
0.6077837347984314,0.6777759194374084,0.06703861802816391
0.5198987126350403,0.6795311570167542,0.05430996045470238
-
0.552457869052887,0.37300053238868713,-0.31049859523773193
0.5592551827430725,0.3691401779651642,-0.2889379560947418
0.5632372498512268,0.36926043033599854,-0.2889237105846405
0.5668604969978333,0.36942628026008606,-0.2889215052127838
0.5465072393417358,0.3691989779472351,-0.2894676625728607
0.5425216555595398,0.3694661557674408,-0.2895054817199707
0.5388904809951782,0.3697141408920288,-0.28948187828063965
0.5727046728134155,0.3724299669265747,-0.14575457572937012
0.5342082977294922,0.3735608458518982,-0.14826726913452148
0.5610213875770569,0.38059595227241516,-0.2563912868499756
0.5458415746688843,0.38136598467826843,-0.2570998966693878
0.6053244471549988,0.40784162282943726,-0.030177641659975052
0.5044333934783936,0.4105428159236908,-0.02977723814547062
0.6635472774505615,0.42951250076293945,0.02983294613659382
0.4558763802051544,0.4310176968574524,0.05732578784227371
0.6188691258430481,0.4499127268791199,-0.06568492949008942
0.49362713098526,0.44827255606651306,0.021880004554986954
0.6067430973052979,0.4576348662376404,-0.10062523931264877
0.5061734318733215,0.455066055059433,-0.005657739005982876
0.6000888347625732,0.4521107077598572,-0.11876657605171204
0.5127094388008118,0.45014309883117676,-0.018492581322789192
0.6019108891487122,0.44978150725364685,-0.07430578768253326
0.5108118653297424,0.4480207860469818,0.01679944433271885
0.5872165560722351,0.5012044906616211,0.0038534188643097878
0.52263343334198,0.502410888671875,-0.004000695422291756
0.5940698981285095,0.5747079849243164,-0.011706553399562836
0.521784782409668,0.5759420394897461,-0.009023607708513737
0.6027894616127014,0.6395422220230103,0.22597013413906097
0.517644464969635,0.640536367893219,0.20663467049598694
0.5997506976127625,0.6438643336296082,0.24352027475833893
0.5215398073196411,0.6451178789138794,0.22139613330364227
0.6077336072921753,0.6665436625480652,0.08134375512599945
0.5175487995147705,0.6691597104072571,0.060385625809431076
-
0.5513641238212585,0.36535581946372986,-0.3000425696372986
0.5581055879592896,0.3608013987541199,-0.27758732438087463
0.5625064969062805,0.36100512742996216,-0.2775850296020508
0.5657904148101807,0.36124753952026367,-0.2775987386703491
0.5451259613037109,0.3607324957847595,-0.27940642833709717
0.5413219332695007,0.3609544634819031,-0.2794637382030487
0.5374671220779419,0.3612709939479828,-0.2794336676597595
0.5715464353561401,0.3649948537349701,-0.1369815468788147
0.5337944626808167,0.3662028908729553,-0.13389040529727936
0.5600573420524597,0.37307852506637573,-0.24775661528110504
0.5442124009132385,0.37353914976119995,-0.2528751492500305
0.605639636516571,0.4016195237636566,-0.026074187830090523
0.5032950639724731,0.4028337597846985,-0.017754007130861282
0.6635287404060364,0.4242056906223297,0.009830142371356487
0.4558022916316986,0.4268636703491211,0.046255189925432205
0.618678092956543,0.4432322084903717,-0.1102222204208374
0.491842657327652,0.4423605799674988,-0.04057612270116806
0.6066911220550537,0.4499126970767975,-0.15141282975673676
0.505160391330719,0.4482651650905609,-0.07655971497297287
0.5999942421913147,0.4454244077205658,-0.16516423225402832
0.5117174386978149,0.4442528188228607,-0.08934105932712555
0.6018911600112915,0.4428054392337799,-0.11798685044050217
0.5096132755279541,0.4422135353088379,-0.04661247879266739
0.587810754776001,0.49440446496009827,0.0019039581529796124
0.5227460265159607,0.49615931510925293,-0.002028658054769039
0.5923938155174255,0.5690904855728149,-0.011080055497586727
0.522236168384552,0.5704537630081177,-0.010435533709824085
0.601963996887207,0.6316946148872375,0.24438537657260895
0.5176162123680115,0.6329483389854431,0.20688855648040771
0.598770797252655,0.6374672651290894,0.2607412338256836
0.52193284034729,0.6384716629981995,0.22332285344600677
0.6066333651542664,0.657302975654602,0.08464827388525009
0.511807918548584,0.6602444648742676,0.06069944053888321
-
0.5499677658081055,0.3602975308895111,-0.2995366156101227
0.5561547875404358,0.3552226424217224,-0.2735050916671753
0.5606118440628052,0.3553885817527771,-0.2735061049461365
0.5642774105072021,0.35558241605758667,-0.27351757884025574
0.5438007116317749,0.35558265447616577,-0.27877727150917053
0.5401068925857544,0.35579559206962585,-0.2787635922431946
0.5363237857818604,0.3560739755630493,-0.2787554860115051
0.5701925158500671,0.3600092828273773,-0.13367564976215363
0.5326333045959473,0.36110058426856995,-0.13020971417427063
0.5586080551147461,0.3671455979347229,-0.24390216171741486
0.5428144335746765,0.36743471026420593,-0.24860532581806183
0.6056215167045593,0.3966035544872284,-0.031175872310996056
0.5026658177375793,0.3971191644668579,-0.015783844515681267
0.6634989380836487,0.4182932376861572,0.0035767664667218924
0.45416542887687683,0.4210101068019867,0.048458464443683624
0.621616542339325,0.4368358254432678,-0.1257684826850891
0.4913332164287567,0.43868955969810486,-0.02779163047671318
0.6082479953765869,0.44464021921157837,-0.16859081387519836
0.5049619078636169,0.4453376829624176,-0.060369063168764114
0.6012774705886841,0.44068822264671326,-0.1804259568452835
0.5114867091178894,0.44144192337989807,-0.07365363091230392
0.6028875112533569,0.4381278455257416,-0.13268505036830902
0.5092347264289856,0.43946510553359985,-0.034087199717760086
0.5879573822021484,0.48866525292396545,-0.0023939188104122877
0.5227158069610596,0.4901195466518402,0.0022999064531177282
0.5920591354370117,0.5632319450378418,-0.01136898621916771
0.5221865177154541,0.5638225078582764,-0.006236259825527668
0.601266622543335,0.6266054511070251,0.2310827672481537
0.5172661542892456,0.628012478351593,0.2008690983057022
0.5974286198616028,0.6330716013908386,0.24552592635154724
0.5220610499382019,0.6341369152069092,0.21363604068756104
0.6055267453193665,0.6517581939697266,0.08072870224714279
0.5094190239906311,0.6545061469078064,0.053790584206581116
-
0.5479558110237122,0.3581223487854004,-0.28378424048423767
0.5549759864807129,0.35344362258911133,-0.26119181513786316
0.5597558617591858,0.3536841869354248,-0.2611878216266632
0.563673734664917,0.3540836274623871,-0.2611955404281616
0.542528510093689,0.3533075153827667,-0.2616228461265564
0.5389223098754883,0.3535795509815216,-0.26163357496261597
0.5351287126541138,0.3539075255393982,-0.261604905128479
0.5696272850036621,0.3579849600791931,-0.12792116403579712
0.5320731997489929,0.35826823115348816,-0.11906597018241882
0.5566141605377197,0.3650887906551361,-0.23256853222846985
0.5409624576568604,0.3654854893684387,-0.2323412150144577
0.6049854755401611,0.3931000828742981,-0.030971836298704147
0.5019628405570984,0.3951854109764099,-0.010799608193337917
0.6635043025016785,0.41489729285240173,-0.014741973951458931
0.45157352089881897,0.4180530905723572,0.044727738946676254
0.6212174296379089,0.43552136421203613,-0.16978351771831512
0.49021467566490173,0.4346827566623688,-0.04402953013777733
0.6079596877098083,0.4449188709259033,-0.21566416323184967
0.5040903687477112,0.44231781363487244,-0.07954855263233185
0.601088285446167,0.4388807713985443,-0.2290949523448944
0.5103803873062134,0.43730640411376953,-0.08953959494829178
0.6027348637580872,0.4362512528896332,-0.17795421183109283
0.5080350637435913,0.4350875914096832,-0.049360454082489014
0.5879038572311401,0.48588091135025024,-0.002440731506794691
0.5227287411689758,0.486866295337677,0.0023463869001716375
0.5914377570152283,0.5582970976829529,-0.010920476168394089
0.5224323868751526,0.5606284737586975,-0.004831783473491669
0.6005610227584839,0.6265084743499756,0.21005766093730927
0.5172278881072998,0.626663088798523,0.19259300827980042
0.5954615473747253,0.6325004696846008,0.2228965163230896
0.5222989916801453,0.6326924562454224,0.20360440015792847
0.6055179834365845,0.6502328515052795,0.061780862510204315
0.5086680054664612,0.6528724431991577,0.042758092284202576
-
0.5479047894477844,0.35652080178260803,-0.27923092246055603
0.5549389719963074,0.35211268067359924,-0.2559010684490204
0.5596911907196045,0.35238510370254517,-0.25589990615844727
0.5634546875953674,0.35279637575149536,-0.2559164762496948
0.5424469709396362,0.3518597483634949,-0.25668877363204956
0.5387152433395386,0.3520132303237915,-0.25670766830444336
0.5347989201545715,0.35221660137176514,-0.25668323040008545
0.568839967250824,0.357319176197052,-0.12189114093780518
0.5314337015151978,0.35726165771484375,-0.11882846802473068
0.556422770023346,0.36412039399147034,-0.2289373129606247
0.5407817959785461,0.36386924982070923,-0.22963382303714752
0.6043103337287903,0.39357641339302063,-0.030742663890123367
0.5006117224693298,0.3945689797401428,-0.012719771824777126
0.6634953618049622,0.4136526584625244,-0.010366005823016167
0.45038196444511414,0.41717058420181274,0.032556161284446716
0.6190362572669983,0.43538928031921387,-0.1369846612215042
0.49015238881111145,0.434434175491333,-0.05011079087853432
0.6070557236671448,0.4438929557800293,-0.17854809761047363
0.504051923751831,0.44141021370887756,-0.08506862074136734
0.6002365350723267,0.4382990300655365,-0.1910494863986969
0.5102382302284241,0.43650364875793457,-0.09581099450588226
0.6019675135612488,0.4353848993778229,-0.1441204696893692
0.5077190399169922,0.43412619829177856,-0.055716726928949356
0.5878565907478333,0.48653021454811096,-0.002166540129110217
0.522714376449585,0.487229585647583,0.002069315640255809
0.5902258157730103,0.5582645535469055,-0.0037012838292866945
0.5224597454071045,0.5597254633903503,0.0012323264963924885
0.6000659465789795,0.6269761323928833,0.2067558318376541
0.5171970129013062,0.6260149478912354,0.19504714012145996
0.5944380164146423,0.6331380605697632,0.21880872547626495
0.522492527961731,0.6317638754844666,0.20626896619796753
0.6050913333892822,0.6505944132804871,0.05808458477258682
0.5085033178329468,0.6518215537071228,0.047817740589380264
-
0.5478154420852661,0.3585086464881897,-0.2626519203186035
0.5543125867843628,0.3539067506790161,-0.24032020568847656
0.5589544773101807,0.354005366563797,-0.2403152883052826
0.5627818703651428,0.35418033599853516,-0.2403368353843689
0.5419780015945435,0.35406655073165894,-0.24140165746212006
0.5381731390953064,0.3542863726615906,-0.2414238601922989
0.53416907787323,0.35456013679504395,-0.24142204225063324
0.5677708983421326,0.3581753373146057,-0.10235482454299927
0.5307568311691284,0.35925230383872986,-0.1058117225766182
0.5564206838607788,0.3656489849090576,-0.21065805852413177
0.5407809615135193,0.36594051122665405,-0.21206408739089966
0.6042702794075012,0.3942212760448456,-0.002373962663114071
0.49989843368530273,0.39595305919647217,-0.007344076409935951
0.6638616919517517,0.4146929681301117,0.044030316174030304
0.4506227374076843,0.4184644818305969,0.04504886269569397
0.6189826726913452,0.4373583197593689,-0.07032814621925354
0.4873760938644409,0.4352518618106842,-0.028756074607372284
0.6069656014442444,0.4448942542076111,-0.10951518267393112
0.5008997321128845,0.44236594438552856,-0.061973936855793
0.600121796131134,0.4397522807121277,-0.124261274933815
0.5079011917114258,0.43801742792129517,-0.0788322165608406
0.6019045114517212,0.43680667877197266,-0.07815303653478622
0.5054070949554443,0.43559274077415466,-0.036691851913928986
0.587809681892395,0.4881296753883362,0.0017920336686074734
0.5225063562393188,0.48928719758987427,-0.001839014352299273
0.5899264812469482,0.5611914396286011,-0.007690895814448595
0.5229637026786804,0.5615924000740051,-0.010925216600298882
0.5996081233024597,0.628343939781189,0.1899624466896057
0.5171623826026917,0.626589298248291,0.17455977201461792
0.5924627184867859,0.6348346471786499,0.20118016004562378
0.5224884152412415,0.6323742270469666,0.18491314351558685
0.6051055192947388,0.6522419452667236,0.0382598415017128
0.5086337327957153,0.6521557569503784,0.023672619834542274
-
0.5476962327957153,0.3628048300743103,-0.25773170590400696
0.5540324449539185,0.3577769696712494,-0.23419344425201416
0.5586386919021606,0.35787272453308105,-0.23417598009109497
0.5625059008598328,0.3580276370048523,-0.23421889543533325
0.5418652296066284,0.35793548822402954,-0.2367982715368271
0.538079559803009,0.3580901324748993,-0.23681654036045074
0.5341059565544128,0.35834795236587524,-0.23675312101840973
0.5676450729370117,0.362087219953537,-0.08856648206710815
0.530226469039917,0.36317145824432373,-0.10120564699172974
0.5564209222793579,0.3698057532310486,-0.20363156497478485
0.5407735705375671,0.3700654208660126,-0.20715215802192688
0.6042689681053162,0.3979247212409973,0.017536845058202744
0.4991741478443146,0.4000193178653717,0.005966227035969496
0.6640515327453613,0.4169344902038574,0.10186359286308289
0.4503108859062195,0.42117562890052795,0.10141480714082718
0.6190590858459473,0.43983617424964905,0.04509534686803818
0.4873470664024353,0.4386219382286072,0.08553672581911087
0.6070313453674316,0.44769030809402466,0.012330509722232819
0.5005600452423096,0.4458724856376648,0.06010528281331062
0.600074291229248,0.44341713190078735,-0.006270500831305981
0.5078762173652649,0.442394882440567,0.04231294244527817
0.6018590927124023,0.4407825469970703,0.03629448264837265
0.5054407119750977,0.4400048851966858,0.07809508591890335
0.5877749919891357,0.490304559469223,0.003692755475640297
0.5221736431121826,0.49189454317092896,-0.0036436610389500856
0.5893253684043884,0.5640421509742737,-0.02906327322125435
0.5228615403175354,0.5652270317077637,-0.03310096636414528
0.5994521379470825,0.629869818687439,0.18133895099163055
0.5171021223068237,0.6291651725769043,0.15691271424293518
0.5920192003250122,0.6363591551780701,0.19402402639389038
0.5225072503089905,0.634914755821228,0.16722607612609863
0.6055294275283813,0.6540991067886353,0.03455006703734398
0.5088271498680115,0.6545219421386719,0.0056158509105443954
-
0.5474271178245544,0.3652116358280182,-0.24271996319293976
0.5540182590484619,0.3597087264060974,-0.21795183420181274
0.5586419701576233,0.3596610128879547,-0.21791860461235046
0.5624950528144836,0.35951125621795654,-0.21796536445617676
0.5416519641876221,0.3603058457374573,-0.21975819766521454
0.5378811359405518,0.360409677028656,-0.21979758143424988
0.5338240265846252,0.36070775985717773,-0.21966493129730225
0.5677307844161987,0.3622257113456726,-0.07075884938240051
0.5299376249313354,0.3650891184806824,-0.08029942214488983
0.5564360022544861,0.37121206521987915,-0.1890261471271515
0.5405642986297607,0.37247341871261597,-0.19148391485214233
0.604266881942749,0.39933130145072937,0.030509617179632187
0.4992581307888031,0.40228271484375,0.03756194934248924
0.6643534898757935,0.4200459420681,0.1233636662364006
0.4480428397655487,0.4232305586338043,0.15828345715999603
0.6182347536087036,0.4416276812553406,0.10359404981136322
0.48738938570022583,0.43980827927589417,0.17190486192703247
0.6069794297218323,0.44939476251602173,0.07627338916063309
0.5002424716949463,0.44955572485923767,0.15136650204658508
0.6000157594680786,0.4436897337436676,0.05674333497881889
0.5077008008956909,0.4468201994895935,0.14011377096176147
0.6017577052116394,0.4408648908138275,0.0949016585946083
0.5054111480712891,0.44450289011001587,0.16768264770507812
0.5877417922019958,0.4926767945289612,0.003578530391678214
0.5219757556915283,0.49398574233055115,-0.0034853604156523943
0.5893781185150146,0.5651100873947144,-0.05388917028903961
0.5226578712463379,0.5657236576080322,-0.04640469700098038
0.5989147424697876,0.6300450563430786,0.1706094890832901
0.5170254707336426,0.6300912499427795,0.15003900229930878
0.5912055373191833,0.6378179788589478,0.1847635954618454
0.5225263237953186,0.6376607418060303,0.16076119244098663
0.6055063605308533,0.6553150415420532,0.032056160271167755
0.5090098977088928,0.6557701826095581,0.0039164177142083645
-
0.5471417903900146,0.3747271001338959,-0.20585452020168304
0.5539088845252991,0.37075111269950867,-0.1800205409526825
0.5585041642189026,0.3709077537059784,-0.17996107041835785
0.5623100996017456,0.3711373805999756,-0.18000859022140503
0.5416382551193237,0.37089574337005615,-0.18078666925430298
0.53788822889328,0.3710848093032837,-0.18084678053855896
0.5338535308837891,0.37133684754371643,-0.18066921830177307
0.5675331354141235,0.37569284439086914,-0.03868458420038223
0.5299715399742126,0.37653395533561707,-0.04421461373567581
0.5560999512672424,0.38175347447395325,-0.15601320564746857
0.5403582453727722,0.3818981349468231,-0.15726123750209808
0.6033047437667847,0.4095615744590759,0.04093988239765167
0.49931809306144714,0.4139111042022705,0.07059642672538757
0.6644196510314941,0.4267261028289795,0.13434621691703796
0.4474194347858429,0.4306759834289551,0.20268771052360535
0.6182205677032471,0.4516412317752838,0.1529504656791687
0.48824650049209595,0.45127129554748535,0.2505526542663574
0.6072111129760742,0.46008235216140747,0.1323598325252533
0.5001469254493713,0.46060317754745483,0.23481138050556183
0.6003116965293884,0.4555128514766693,0.11331593245267868
0.5074533820152283,0.45821627974510193,0.22739019989967346
0.6019447445869446,0.4527740478515625,0.14517292380332947
0.505361020565033,0.4553162455558777,0.2472252994775772
0.5871857404708862,0.5011206865310669,5.783213782706298e-05
0.521599531173706,0.5018231272697449,7.522535452153534e-05
0.5894520282745361,0.5743643045425415,-0.060354094952344894
0.5208851099014282,0.5775125026702881,-0.04375137388706207
0.5980494022369385,0.6390956044197083,0.16247700154781342
0.5171676874160767,0.6403915882110596,0.15347358584403992
0.5912818312644958,0.6462942361831665,0.17723621428012848
0.522798478603363,0.6478267908096313,0.16436554491519928
0.6043541431427002,0.6661838889122009,0.03104209713637829
0.509665310382843,0.6668612957000732,0.015411107800900936
-
0.5472807288169861,0.3902485966682434,-0.20829075574874878
0.5540483593940735,0.38502591848373413,-0.1847255527973175
0.5585781335830688,0.3852866291999817,-0.1846691071987152
0.5623831748962402,0.38558894395828247,-0.18472540378570557
0.5417279005050659,0.3853413462638855,-0.1862548142671585
0.5379251837730408,0.3855878710746765,-0.18631413578987122
0.5339141488075256,0.38570794463157654,-0.18614065647125244
0.5678398013114929,0.3903762698173523,-0.048448704183101654
0.5299168229103088,0.39036908745765686,-0.05848168209195137
0.5561391711235046,0.39739686250686646,-0.15972934663295746
0.5404285788536072,0.3974633514881134,-0.16235309839248657
0.602982223033905,0.42546090483665466,0.035283900797367096
0.4993399679660797,0.42776307463645935,0.059205856174230576
0.6640695929527283,0.4411260187625885,0.15514905750751495
0.44758719205856323,0.4419756829738617,0.21835628151893616
0.6160607933998108,0.4652501940727234,0.2117222398519516
0.48929673433303833,0.46612781286239624,0.31337544322013855
0.6067114472389221,0.472373902797699,0.20289169251918793
0.5002940893173218,0.4738839268684387,0.31145790219306946
0.599580705165863,0.46997180581092834,0.18586908280849457
0.5074625015258789,0.47330552339553833,0.3050740659236908
0.6012908220291138,0.46731582283973694,0.2062031477689743
0.5053730607032776,0.47034183144569397,0.312357097864151
0.5865539908409119,0.5146103501319885,-8.086134766926989e-05
0.5214701890945435,0.5160612463951111,0.00019732597866095603
0.5902324914932251,0.5879166126251221,-0.055769722908735275
0.5189400911331177,0.5910289287567139,-0.0426127053797245
0.5967304110527039,0.6518664956092834,0.16721715033054352
0.5171496272087097,0.6525331735610962,0.15446463227272034
0.5900244116783142,0.6591191291809082,0.18239770829677582
0.5227953791618347,0.658755898475647,0.16582921147346497
0.6013619899749756,0.6792805194854736,0.040865737944841385
0.5106378197669983,0.6787936091423035,0.021534105762839317
-
0.546658992767334,0.40433746576309204,-0.21073080599308014
0.5536935329437256,0.39887839555740356,-0.18890240788459778
0.5582208633422852,0.39904314279556274,-0.188833087682724
0.5621010661125183,0.39935097098350525,-0.18889480829238892
0.5414796471595764,0.3991585075855255,-0.18908105790615082
0.5377077460289001,0.39940664172172546,-0.1891472488641739
0.5338509678840637,0.39960429072380066,-0.1889844536781311
0.5678423047065735,0.4043605327606201,-0.059107568114995956
0.5299181342124939,0.40386801958084106,-0.06453918665647507
0.5556371212005615,0.4108011722564697,-0.16486158967018127
0.5398672819137573,0.41067075729370117,-0.1659870445728302
0.6026521921157837,0.43835800886154175,0.025784969329833984
0.4992668628692627,0.43995776772499084,0.05316605046391487
0.6640418767929077,0.45304304361343384,0.15281638503074646
0.44760391116142273,0.45490407943725586,0.22021768987178802
0.6155595779418945,0.47774457931518555,0.23333272337913513
0.4917474389076233,0.48003309965133667,0.3346426784992218
0.6059561371803284,0.4848034381866455,0.22972160577774048
0.5026293992996216,0.48862385749816895,0.33677318692207336
0.5982030630111694,0.483038991689682,0.21632128953933716
0.5091957449913025,0.48850640654563904,0.3330756723880768
0.5998101830482483,0.4807540476322174,0.23024046421051025
0.5070703625679016,0.4856643080711365,0.33489444851875305
0.5862614512443542,0.5261070132255554,-0.0002362563827773556
0.5210217833518982,0.5275591611862183,0.00033088040072470903
0.592662513256073,0.599351167678833,-0.052284013479948044
0.5180824995040894,0.6028984785079956,-0.03998414799571037
0.5957210659980774,0.6624267101287842,0.17374469339847565
0.517734169960022,0.6616154909133911,0.1608012169599533
0.5888932347297668,0.669813871383667,0.18961167335510254
0.523352861404419,0.668662428855896,0.17274083197116852
0.5960575342178345,0.6873753666877747,0.05376408249139786
0.5163648128509521,0.6883534789085388,0.03817334398627281
-
0.5471599102020264,0.41846293210983276,-0.21873214840888977
0.5539626479148865,0.4127744138240814,-0.1971023827791214
0.5583693385124207,0.4127962589263916,-0.1970779448747635
0.5621145963668823,0.4129825532436371,-0.19709496200084686
0.5419191718101501,0.4132739007472992,-0.1976819932460785
0.5380585193634033,0.41348886489868164,-0.19771085679531097
0.5341656804084778,0.4138251841068268,-0.19761112332344055
0.5678865909576416,0.4172792434692383,-0.0635235384106636
0.5299239158630371,0.41785675287246704,-0.0702829509973526
0.5560444593429565,0.42483848333358765,-0.1653401106595993
0.5405029058456421,0.42496219277381897,-0.1670793741941452
0.6026655435562134,0.45258912444114685,0.0093150082975626
0.49921074509620667,0.45228180289268494,0.04741496592760086
0.6657887101173401,0.4670073390007019,0.1197393611073494
0.44743725657463074,0.4683445990085602,0.18504303693771362
0.6145249009132385,0.49197322130203247,0.1577904224395752
0.49345481395721436,0.49398428201675415,0.2814072370529175
0.603901743888855,0.4992264211177826,0.14727747440338135
0.5031129717826843,0.5025195479393005,0.2785493731498718
0.5967646837234497,0.4974348545074463,0.13198746740818024
0.5099156498908997,0.501593291759491,0.27353569865226746
0.5987583994865417,0.4949769973754883,0.15302114188671112
0.5082613229751587,0.49889883399009705,0.2807072401046753
0.5858420133590698,0.537887454032898,-2.280075386806857e-05
0.5204687714576721,0.5393193960189819,0.0001157753576990217
0.5959295034408569,0.6082032918930054,-0.058489639312028885
0.5168578624725342,0.6123066544532776,-0.04451116546988487
0.5938199162483215,0.6633777618408203,0.21630588173866272
0.5193619132041931,0.6639962792396545,0.20009483397006989
0.5872470736503601,0.6714306473731995,0.23930488526821136
0.52511066198349,0.671787679195404,0.218557670712471
0.596422553062439,0.6878870725631714,0.11620619148015976
0.5180647373199463,0.6892558336257935,0.09167928993701935
-
0.5469763875007629,0.4277365207672119,-0.26878970861434937
0.553795576095581,0.4227352738380432,-0.2448822259902954
0.5581499934196472,0.42283353209495544,-0.2448863983154297
0.5618107914924622,0.42294079065322876,-0.24489280581474304
0.5417715907096863,0.42311516404151917,-0.2442505657672882
0.5379390120506287,0.42341917753219604,-0.24426651000976562
0.5340200662612915,0.42377009987831116,-0.24423927068710327
0.5674672722816467,0.42678770422935486,-0.11356602609157562
0.529974102973938,0.42765364050865173,-0.11192698031663895
0.5556363463401794,0.43463125824928284,-0.22031067311763763
0.5401918888092041,0.4347493648529053,-0.21984852850437164
0.6023820638656616,0.4617980420589447,-0.059704892337322235
0.49949127435684204,0.46280521154403687,-0.022120019420981407
0.6654611229896545,0.47975438833236694,-0.09395354241132736
0.44821447134017944,0.4784281849861145,0.01113356463611126
0.6102028489112854,0.5039761066436768,-0.25678014755249023
0.49204525351524353,0.5004979372024536,-0.05664912238717079
0.5996061563491821,0.5126043558120728,-0.30393150448799133
0.5019853115081787,0.508345365524292,-0.08653303235769272
0.5914092063903809,0.509583592414856,-0.3118438720703125
0.5091644525527954,0.5070670247077942,-0.09749048203229904
0.5936844944953918,0.5069366693496704,-0.26284584403038025
0.5074636936187744,0.504482626914978,-0.06196576729416847
0.5857114791870117,0.5477375984191895,-0.0020500521641224623
0.5200340747833252,0.5495530366897583,0.0020467624999582767
0.5970808863639832,0.6150709390640259,-0.09499409794807434
0.51677405834198,0.6178493499755859,-0.08237627893686295
0.5922088027000427,0.663751482963562,0.23865152895450592
0.5206504464149475,0.6656771898269653,0.2205764502286911
0.5856431126594543,0.6707473993301392,0.26651236414909363
0.5266723036766052,0.672454297542572,0.24537086486816406
0.5955868363380432,0.687341570854187,0.1323082447052002
0.5183202624320984,0.6884008646011353,0.11451239883899689
-
0.546974241733551,0.42867302894592285,-0.2672283351421356
0.5537108778953552,0.4236235022544861,-0.2442774474620819
0.5580372214317322,0.4237317144870758,-0.24419502913951874
0.561633825302124,0.4239225387573242,-0.24415208399295807
0.5417653322219849,0.4239761233329773,-0.24295108020305634
0.5379422307014465,0.42426085472106934,-0.24303124845027924
0.534027099609375,0.4244876503944397,-0.24291089177131653
0.5673370361328125,0.42751163244247437,-0.10433389991521835
0.5299720168113708,0.42832455039024353,-0.10524285584688187
0.5556459426879883,0.43493589758872986,-0.21481600403785706
0.5401999950408936,0.4351433217525482,-0.21473577618598938
0.602348804473877,0.46186795830726624,-0.03131667897105217
0.4995082914829254,0.4634128212928772,-0.005899692885577679
0.6623554825782776,0.48025307059288025,-0.002839612541720271
0.45222774147987366,0.4790054261684418,0.07576213777065277
0.6095832586288452,0.5028279423713684,-0.09024223685264587
0.4914452135562897,0.5006552338600159,0.0662539079785347
0.5989285707473755,0.5091709494590759,-0.1257258504629135
0.5004061460494995,0.5086098909378052,0.03628986328840256
0.5915682911872864,0.5062202215194702,-0.14033737778663635
0.5061669945716858,0.5063934922218323,0.004771299660205841
0.5938454270362854,0.5042124390602112,-0.09818506240844727
0.5048400163650513,0.5037587881088257,0.053869232535362244
0.5852805972099304,0.5473252534866333,-0.0019969805143773556
0.5197792649269104,0.5489673018455505,0.0019734182860702276
0.597154438495636,0.6168619990348816,-0.07633958756923676
0.5164850950241089,0.6175023317337036,-0.06782828271389008
0.5920857191085815,0.664608895778656,0.2550201117992401
0.5215060114860535,0.6651201844215393,0.23946179449558258
0.5850120782852173,0.6706632375717163,0.28167039155960083
0.5284879207611084,0.6708096265792847,0.262846976518631
0.5959508419036865,0.6875575184822083,0.15054142475128174
0.5183440446853638,0.6878290772438049,0.13302357494831085
-
0.5476065874099731,0.42119163274765015,-0.25097623467445374
0.5539032220840454,0.41660183668136597,-0.22519995272159576
0.5580980777740479,0.4166858196258545,-0.2251584231853485
0.5616344809532166,0.416812002658844,-0.22520782053470612
0.5418250560760498,0.4168362617492676,-0.22639067471027374
0.5379526615142822,0.41703373193740845,-0.2264491766691208
0.5340328812599182,0.41730594635009766,-0.22638282179832458
0.5668680667877197,0.4207030236721039,-0.08840743452310562
0.5299756526947021,0.4217739701271057,-0.09717372059822083
0.556260883808136,0.4283472001552582,-0.20186801254749298
0.5405636429786682,0.4288043975830078,-0.20449313521385193
0.6022704243659973,0.4576049745082855,-0.02001107484102249
0.4995255470275879,0.4582119584083557,-0.0022303310688585043
0.6624155044555664,0.47505417466163635,0.04020783305168152
0.4540072977542877,0.4715537428855896,0.1340257078409195
0.6092185378074646,0.4985859990119934,0.005837767850607634
0.4916582703590393,0.49545183777809143,0.21261800825595856
0.5976612567901611,0.5064781904220581,-0.021169491112232208
0.5006912350654602,0.5032438039779663,0.20062965154647827
0.5899056196212769,0.5041932463645935,-0.03954311087727547
0.5061979293823242,0.5014227628707886,0.1889183074235916
0.5924670100212097,0.5018886923789978,-0.0024026483297348022
0.5048969984054565,0.4989451467990875,0.208556666970253
0.5842980146408081,0.543007493019104,-0.0016962497029453516
0.5190423727035522,0.5450084209442139,0.0017129108309745789
0.5972004532814026,0.6154147386550903,-0.08244543522596359
0.5164257287979126,0.6159614324569702,-0.07345402240753174
0.5918475389480591,0.6629724502563477,0.2756098508834839
0.5223574638366699,0.6649556159973145,0.23820354044437408
0.5843170285224915,0.6686928868293762,0.3056977093219757
0.5295628905296326,0.670590341091156,0.26296716928482056
0.5961887240409851,0.6864895224571228,0.17496554553508759
0.5191161036491394,0.6882396936416626,0.12921810150146484
-
0.5472577214241028,0.4144373834133148,-0.2498815804719925
0.5536255836486816,0.4096311926841736,-0.22469060122966766
0.5577799677848816,0.40974146127700806,-0.22465132176876068
0.5613173246383667,0.4099087119102478,-0.22469988465309143
0.5417380332946777,0.4098285138607025,-0.225745290517807
0.5378543138504028,0.4100225567817688,-0.22579844295978546
0.534018337726593,0.4102717339992523,-0.22572386264801025
0.5661959052085876,0.41383248567581177,-0.08567317575216293
0.5299183130264282,0.41475600004196167,-0.09603322297334671
0.5556250810623169,0.42136725783348083,-0.20167748630046844
0.540207028388977,0.42163342237472534,-0.20352916419506073
0.600334882736206,0.4500770568847656,0.010878834873437881
0.4991729259490967,0.45085984468460083,0.018506916239857674
0.6603217124938965,0.4675660729408264,0.1461808979511261
0.4553263783454895,0.46615809202194214,0.18866173923015594
0.6093295812606812,0.491755872964859,0.1751096248626709
0.49198582768440247,0.4890800416469574,0.2735954821109772
0.5980652570724487,0.49980515241622925,0.16229210793972015
0.500764012336731,0.4967018961906433,0.2664923071861267
0.5903515219688416,0.49708813428878784,0.13958103954792023
0.5062671899795532,0.4948122501373291,0.2550217807292938
0.5928422212600708,0.49483782052993774,0.16680976748466492
0.5049322247505188,0.49228549003601074,0.2707974910736084
0.58399897813797,0.5367189645767212,0.0004299822903703898
0.5190478563308716,0.5385078191757202,-0.0004372657567728311
0.5968477725982666,0.6091176271438599,-0.07732266932725906
0.5160303115844727,0.6115350723266602,-0.07024327665567398
0.5919020175933838,0.66334468126297,0.26189103722572327
0.5222129225730896,0.6635795831680298,0.2340974658727646
0.5846050977706909,0.6687472462654114,0.28858447074890137
0.5292857885360718,0.6690859794616699,0.25735512375831604
0.5962393283843994,0.6864429116249084,0.1499238908290863
0.5193734169006348,0.6873072385787964,0.1159929558634758
-
0.5468928217887878,0.40155285596847534,-0.25376033782958984
0.5531460046768188,0.3967621922492981,-0.23078575730323792
0.5573511719703674,0.3968423306941986,-0.23075953125953674
0.5609451532363892,0.3968760371208191,-0.23079660534858704
0.5411768555641174,0.3971392512321472,-0.2326081097126007
0.537385880947113,0.3974202573299408,-0.23263956606388092
0.5336277484893799,0.39766544103622437,-0.23256388306617737
0.5656113624572754,0.4003869891166687,-0.0868293046951294
0.5298851728439331,0.40163248777389526,-0.0978248193860054
0.5553983449935913,0.40888285636901855,-0.20169533789157867
0.5398731827735901,0.40942493081092834,-0.2040649652481079
0.6003835201263428,0.43536263704299927,0.021210234612226486
0.49917152523994446,0.43728670477867126,0.01852966658771038
0.6560333967208862,0.4567403793334961,0.13294266164302826
0.45550045371055603,0.454226553440094,0.16596098244190216
0.6092974543571472,0.47797900438308716,0.10682233422994614
0.49334004521369934,0.4771157205104828,0.2095799744129181
0.5982044339179993,0.4838171899318695,0.08390597999095917
0.5027353763580322,0.4843893051147461,0.19615910947322845
0.5907083749771118,0.48159223794937134,0.06165781989693642
0.5087860226631165,0.48268628120422363,0.18584388494491577
0.5931000113487244,0.47947245836257935,0.09757553040981293
0.5071461796760559,0.48036330938339233,0.2058134526014328
0.5835884213447571,0.5273484587669373,0.0031388457864522934
0.5193309187889099,0.5289570093154907,-0.0031732155475765467
0.5933569669723511,0.600333034992218,-0.06846748292446136
0.5165824890136719,0.6038395166397095,-0.06590178608894348
0.5921158194541931,0.6618029475212097,0.24016405642032623
0.5205060243606567,0.661849319934845,0.2200642228126526
0.5871021747589111,0.6672958135604858,0.25926247239112854
0.5269094109535217,0.6683974862098694,0.23815646767616272
0.5950483679771423,0.685989260673523,0.09446841478347778
0.5200166702270508,0.686646044254303,0.07436221092939377
-
0.5467685461044312,0.3884856104850769,-0.2878664433956146
0.5531442165374756,0.3835696876049042,-0.2654852569103241
0.5573561191558838,0.3836894631385803,-0.26547905802726746
0.5609496235847473,0.38376379013061523,-0.26546961069107056
0.5410071611404419,0.38364118337631226,-0.26713207364082336
0.5372527241706848,0.38372790813446045,-0.26715347170829773
0.5334755182266235,0.38386040925979614,-0.2671108543872833
0.5656469464302063,0.3865658938884735,-0.11628858745098114
0.5297622084617615,0.3871786296367645,-0.12513335049152374
0.5553479194641113,0.3954371213912964,-0.23161369562149048
0.539713978767395,0.39614254236221313,-0.2339749038219452
0.5997487306594849,0.4206993579864502,0.003530551213771105
0.4986056983470917,0.42369404435157776,-0.0016466317465528846
0.6552971601486206,0.4406519830226898,0.07971832156181335
0.45527568459510803,0.44150200486183167,0.09559798985719681
0.6122198104858398,0.4615984857082367,-0.02304774895310402
0.4913973808288574,0.4604378342628479,0.04797547310590744
0.6024471521377563,0.46878838539123535,-0.05607305094599724
0.5013623237609863,0.46858805418014526,0.023110318928956985
0.5952056646347046,0.46412158012390137,-0.07794353365898132
0.5070745944976807,0.4638979434967041,0.007747973315417767
0.5966533422470093,0.46199503540992737,-0.033307623118162155
0.505475640296936,0.461270809173584,0.04272439703345299
0.5835895538330078,0.5148688554763794,0.002854835009202361
0.519385576248169,0.5162662267684937,-0.002936756005510688
0.5882711410522461,0.5860636234283447,-0.03632057458162308
0.5187967419624329,0.5881454348564148,-0.030256327241659164
0.5945649743080139,0.6562358140945435,0.20028042793273926
0.5176621079444885,0.6563707590103149,0.1885049045085907
0.5910500288009644,0.6609684824943542,0.21259357035160065
0.5233889818191528,0.6616130471229553,0.1998603194952011
0.5952472686767578,0.6852703094482422,0.04529818892478943
0.5182620286941528,0.6850789785385132,0.036078788340091705
-
0.5463642477989197,0.3785943388938904,-0.3073471188545227
0.5529622435569763,0.373496949672699,-0.28730374574661255
0.5573084950447083,0.3735632002353668,-0.2872966527938843
0.5609133243560791,0.3736250102519989,-0.28729045391082764
0.5403697490692139,0.37376856803894043,-0.2864556908607483
0.5365406274795532,0.37390899658203125,-0.2864767014980316
0.5326813459396362,0.37414872646331787,-0.2864367365837097
0.5656782984733582,0.3762253522872925,-0.1446547508239746
0.5291016697883606,0.37733185291290283,-0.14130359888076782
0.555229127407074,0.3857477307319641,-0.25286737084388733
0.5393680930137634,0.38657283782958984,-0.2518477439880371
0.5999294519424438,0.4100848138332367,-0.025067448616027832
0.4981091022491455,0.41315406560897827,-0.011727850884199142
0.6559028029441833,0.4316517412662506,0.05359840393066406
0.4545062482357025,0.43330422043800354,0.09250524640083313
0.6136291027069092,0.45334386825561523,-0.031343959271907806
0.4893389046192169,0.4506029188632965,0.054610125720500946
0.60336834192276,0.4609204828739166,-0.062188006937503815
0.5003501176834106,0.458038866519928,0.0302229356020689
0.5960407853126526,0.4552932381629944,-0.08315665274858475
0.5057786107063293,0.45264261960983276,0.015970395877957344
0.5974137783050537,0.4530249238014221,-0.04025545343756676
0.5041794776916504,0.45024222135543823,0.04955289512872696
0.584196925163269,0.503514289855957,0.0012397583341225982
0.5198214054107666,0.5051664113998413,-0.001349490019492805
0.5866619944572449,0.5768228769302368,-0.024517422541975975
0.5196020603179932,0.5781630873680115,-0.015700750052928925
0.5958794355392456,0.6446976065635681,0.2073063999414444
0.5158334374427795,0.6459862589836121,0.1921694576740265
0.5928332209587097,0.6502437591552734,0.22260066866874695
0.5213409066200256,0.650996208190918,0.20555587112903595
0.5953095555305481,0.6720527410507202,0.06091349571943283
0.5143209099769592,0.6756418943405151,0.045202165842056274
-
0.5453242063522339,0.37082529067993164,-0.29674583673477173
0.5520582795143127,0.36513563990592957,-0.2770783603191376
0.5565963387489319,0.3651438355445862,-0.27707439661026
0.5604550838470459,0.3652510941028595,-0.2770656943321228
0.5389329791069031,0.365359902381897,-0.27479395270347595
0.5348520874977112,0.3655881881713867,-0.2748117744922638
0.5314157009124756,0.365885853767395,-0.274774432182312
0.5654432773590088,0.36859822273254395,-0.13783518970012665
0.5286752581596375,0.36987045407295227,-0.12832853198051453
0.5543781518936157,0.378229022026062,-0.24357880651950836
0.5383110642433167,0.3789396286010742,-0.24078117311000824
0.6007920503616333,0.40412449836730957,-0.0270848348736763
0.49777883291244507,0.4059298634529114,-0.0056210532784461975
0.6563620567321777,0.4265735149383545,0.01092225406318903
0.4544123411178589,0.42871958017349243,0.08201564848423004
0.614488959312439,0.4474707543849945,-0.12217645347118378
0.48771965503692627,0.44470077753067017,0.013851463794708252
0.6037740707397461,0.454298198223114,-0.16077259182929993
0.499533474445343,0.4514438509941101,-0.0159137062728405
0.5960986614227295,0.4489780366420746,-0.17862489819526672
0.5053356289863586,0.44680243730545044,-0.03022024966776371
0.5975350737571716,0.44645118713378906,-0.13083450496196747
0.5036875605583191,0.44459208846092224,0.00784252118319273
0.5845749974250793,0.49693408608436584,-0.0023607034236192703
0.519908607006073,0.4984097480773926,0.0022454429417848587
0.585101306438446,0.5717215538024902,-0.016867555677890778
0.5201184749603271,0.572981595993042,-0.005235671531409025
0.5964166522026062,0.6376005411148071,0.21338652074337006
0.5152276754379272,0.6380161643028259,0.2047029286623001
0.5929722189903259,0.6439929008483887,0.22465406358242035
0.5210259556770325,0.6436103582382202,0.21570321917533875
0.5965687036514282,0.6640962362289429,0.06851659715175629
0.5105257034301758,0.6658406853675842,0.05386684834957123
-
0.5452059507369995,0.3653860092163086,-0.2880358397960663
0.5515528917312622,0.35973671078681946,-0.267416775226593
0.55613774061203,0.3596697449684143,-0.26741331815719604
0.5601322054862976,0.3596830368041992,-0.2674197256565094
0.538478672504425,0.36016330122947693,-0.2663874626159668
0.5343875288963318,0.36030906438827515,-0.2664059102535248
0.5308977961540222,0.36061570048332214,-0.26635926961898804
0.5653368830680847,0.3632151186466217,-0.12680117785930634
0.5275776386260986,0.36506012082099915,-0.12256311625242233
0.5542249083518982,0.37209662795066833,-0.23474225401878357
0.5380643606185913,0.372734010219574,-0.2334667146205902
0.6012315154075623,0.399712473154068,-0.022426992654800415
0.49703308939933777,0.40063533186912537,-0.0024814167991280556
0.6565830707550049,0.42062920331954956,0.03631385788321495
0.454169899225235,0.42418283224105835,0.08601289987564087
0.6162705421447754,0.44045448303222656,-0.0621810220181942
0.4864499866962433,0.439631849527359,0.023085491731762886
0.6042742729187012,0.4477249085903168,-0.09699220955371857
0.4987945556640625,0.44617947936058044,-0.006119952537119389
0.5967198014259338,0.4426582455635071,-0.11743030697107315
0.5050992369651794,0.4424861967563629,-0.021196316927671432
0.5981884002685547,0.4404672086238861,-0.07171262800693512
0.5032986402511597,0.4403166174888611,0.01662164367735386
0.5851561427116394,0.4896607995033264,-0.0023707733489573
0.5199962258338928,0.49174565076828003,0.002278803149238229
0.5852208733558655,0.5649365186691284,-0.022523432970046997
0.5200788378715515,0.56587815284729,-0.014915385283529758
0.5968381762504578,0.6322522759437561,0.1893814355134964
0.5149907469749451,0.633041501045227,0.17937299609184265
0.5927581787109375,0.6384724974632263,0.200110524892807
0.5211544632911682,0.6393052935600281,0.18871767818927765
0.5989018678665161,0.6580422520637512,0.035363856703042984
0.5073423385620117,0.6595515608787537,0.025346247479319572
-
0.5450567603111267,0.36268383264541626,-0.2617676258087158
0.551497220993042,0.35719677805900574,-0.24306324124336243
0.5561188459396362,0.35717302560806274,-0.24307884275913239
0.5601291060447693,0.35727447271347046,-0.24308721721172333
0.538244366645813,0.35752934217453003,-0.2407831996679306
0.5341182351112366,0.3577623963356018,-0.2408115118741989
0.5305407047271729,0.3580625653266907,-0.24080342054367065
0.5653544068336487,0.3604840636253357,-0.11136822402477264
0.5271068215370178,0.3615061342716217,-0.09989096224308014
0.5540799498558044,0.3698280453681946,-0.21068733930587769
0.5378919839859009,0.37076514959335327,-0.2077520340681076
0.6015093326568604,0.3957175016403198,-0.021212399005889893
0.49685558676719666,0.3980514705181122,-0.0021387303713709116
0.6603811383247375,0.41787290573120117,-0.015032162889838219
0.452770859003067,0.4209446907043457,0.030976902693510056
0.6169630885124207,0.4382748603820801,-0.18289881944656372
0.48604610562324524,0.4370863437652588,-0.08639393746852875
0.6043515205383301,0.447770893573761,-0.2289772629737854
0.49848106503486633,0.4447267949581146,-0.12405452877283096
0.5969768166542053,0.44142332673072815,-0.24058502912521362
0.5048277378082275,0.43936628103256226,-0.13662613928318024
0.5986644625663757,0.43885475397109985,-0.19011004269123077
0.5030642747879028,0.43710213899612427,-0.09284649044275284
0.5848539471626282,0.4897097647190094,-0.0022800127044320107
0.5196752548217773,0.4906885623931885,0.0021963512990623713
0.5855939388275146,0.5619796514511108,-0.017663586884737015
0.5204045176506042,0.5633297562599182,-0.013109824620187283
0.5969378352165222,0.6307072639465332,0.1892734169960022
0.5147577524185181,0.6304229497909546,0.17780134081840515
0.5923397541046143,0.6361619830131531,0.20110201835632324
0.5209975838661194,0.6360700726509094,0.18808358907699585
0.6023435592651367,0.6569651961326599,0.04042641445994377
0.5069127678871155,0.6562895774841309,0.027762915939092636
-
0.5450183153152466,0.36145415902137756,-0.25813502073287964
0.5513541102409363,0.35634663701057434,-0.23738804459571838
0.5559370517730713,0.35640212893486023,-0.23740091919898987
0.5600356459617615,0.35649973154067993,-0.23741844296455383
0.5381753444671631,0.3564499318599701,-0.23701754212379456
0.5340469479560852,0.3566301167011261,-0.23703965544700623
0.5303487181663513,0.3568708002567291,-0.2370227575302124
0.5648016929626465,0.359983891248703,-0.09925420582294464
0.5268344283103943,0.36055272817611694,-0.0975826159119606
0.5539863705635071,0.36848869919776917,-0.20529459416866302
0.537721574306488,0.36901289224624634,-0.20494946837425232
0.6012684106826782,0.39599883556365967,-0.005320864263921976
0.4959804117679596,0.39674466848373413,-0.0007936731562949717
0.660502016544342,0.417044073343277,0.017207417637109756
0.4511173665523529,0.41916990280151367,0.049192361533641815
0.6167476177215576,0.43918460607528687,-0.10994820296764374
0.485967755317688,0.43549489974975586,-0.041866742074489594
0.6043084859848022,0.4476619362831116,-0.1522841453552246
0.4984169900417328,0.4435071349143982,-0.07736623287200928
0.5969558358192444,0.4420761168003082,-0.1671786606311798
0.5048625469207764,0.4386233687400818,-0.09270449727773666
0.5986448526382446,0.4393388330936432,-0.11796741187572479
0.5030233860015869,0.4359722137451172,-0.04926445335149765
0.5846889615058899,0.48981475830078125,-0.0021465858444571495
0.519253134727478,0.4910511076450348,0.0020721713081002235
0.5859239101409912,0.5634714365005493,-0.018194586038589478
0.5203021764755249,0.5643841624259949,-0.013701701536774635
0.597296416759491,0.6307291984558105,0.1941421926021576
0.5144566297531128,0.6306699514389038,0.18051327764987946
0.5922291874885559,0.6368194818496704,0.20698988437652588
0.5208487510681152,0.636062741279602,0.19149121642112732
0.6028776168823242,0.6559300422668457,0.044288698583841324
0.5061994194984436,0.6550602912902832,0.029827957972884178
-
0.5450550317764282,0.3635205328464508,-0.2594662010669708
0.5512370467185974,0.35806697607040405,-0.23784510791301727
0.5556577444076538,0.35804563760757446,-0.23787416517734528
0.5597038865089417,0.3580225110054016,-0.23789700865745544
0.5382112264633179,0.35845962166786194,-0.23953993618488312
0.5340773463249207,0.35866087675094604,-0.23955214023590088
0.5303637385368347,0.3588758111000061,-0.23954281210899353
0.5640577673912048,0.36137837171554565,-0.0977008193731308
0.5268086194992065,0.36263132095336914,-0.09844837337732315
0.553989052772522,0.36997920274734497,-0.20681382715702057
0.5378885269165039,0.37026557326316833,-0.20556700229644775
0.6012550592422485,0.3963012993335724,0.007667305879294872
0.49596092104911804,0.39771193265914917,0.0002851727185770869
0.6605173945426941,0.41799670457839966,0.05500929802656174
0.45112326741218567,0.4213533401489258,0.06453561037778854
0.6168966293334961,0.4397575259208679,-0.1033751368522644
0.4859517812728882,0.437359094619751,-0.011856232769787312
0.6046721339225769,0.4477764666080475,-0.12900808453559875
0.4982355833053589,0.4449504017829895,-0.04473267123103142
0.5969406366348267,0.44289907813072205,-0.14145344495773315
0.5048996210098267,0.44069212675094604,-0.06298095732927322
0.5986545085906982,0.44015878438949585,-0.11595131456851959
0.503006637096405,0.4379867911338806,-0.019604239612817764
0.5845897197723389,0.4894999563694,-0.0010943514062091708
0.5189028978347778,0.4906638264656067,0.0010592712787911296
0.5861737728118896,0.5633252263069153,-0.022940170019865036
0.5201276540756226,0.5652341246604919,-0.01884021982550621
0.597706139087677,0.6312342882156372,0.1829463690519333
0.5139297842979431,0.6323599815368652,0.15855255722999573
0.5924816727638245,0.6371731162071228,0.19477182626724243
0.5207820534706116,0.6378167271614075,0.16777868568897247
0.6026840209960938,0.6573161482810974,0.03174532204866409
0.5055450201034546,0.6560860872268677,0.0026215892285108566
-
0.5449355840682983,0.36637216806411743,-0.270500123500824
0.5509113073348999,0.3608770966529846,-0.2475292831659317
0.5553451180458069,0.3608969748020172,-0.24754901230335236
0.5595128536224365,0.3609555959701538,-0.24757830798625946
0.5380979180335999,0.36110883951187134,-0.25055015087127686
0.5340253114700317,0.3613288998603821,-0.25056222081184387
0.5302290320396423,0.36159366369247437,-0.25052610039711
0.5640153884887695,0.3646698594093323,-0.09802708029747009
0.5265503525733948,0.36571770906448364,-0.10916510969400406
0.5538681745529175,0.37286248803138733,-0.21368011832237244
0.5378320217132568,0.37308722734451294,-0.21636953949928284
0.6010850071907043,0.3994287848472595,0.007093831431120634
0.495857834815979,0.4010745882987976,0.0010871702106669545
0.6604951620101929,0.4199433922767639,0.07085077464580536
0.45055538415908813,0.42411476373672485,0.07495692372322083
0.6156649589538574,0.44308286905288696,-0.04418131709098816
0.4858873188495636,0.4409707188606262,0.012248361483216286
0.6043529510498047,0.4503619074821472,-0.07970882207155228
0.4982096254825592,0.44826778769493103,-0.01608271151781082
0.5968621373176575,0.44615644216537476,-0.09996449947357178
0.504887044429779,0.44460010528564453,-0.03086935356259346
0.5984540581703186,0.4438711702823639,-0.05523642525076866
0.5028923749923706,0.4419410824775696,0.006665424443781376
0.5845933556556702,0.49060922861099243,-0.0009377303067594767
0.518908679485321,0.4922523498535156,0.0009261416853405535
0.5863471031188965,0.565938413143158,-0.027231160551309586
0.5201048254966736,0.5674798488616943,-0.030998805537819862
0.5978266596794128,0.6335290670394897,0.16316844522953033
0.5138174891471863,0.6341472864151001,0.13675829768180847
0.5924143195152283,0.6396480202674866,0.17354589700698853
0.5208108425140381,0.639961302280426,0.14436595141887665
0.6025456190109253,0.659096360206604,0.008812639862298965
0.505071759223938,0.6584469676017761,-0.022854182869195938
-
0.5440546870231628,0.36889898777008057,-0.2654034197330475
0.5506231784820557,0.3634338676929474,-0.24223090708255768
0.5550762414932251,0.36351561546325684,-0.24222661554813385
0.559360146522522,0.3635914623737335,-0.2422616332769394
0.5378276109695435,0.3637182116508484,-0.24351507425308228
0.5337858200073242,0.3639771342277527,-0.24354563653469086
0.5298824906349182,0.36420539021492004,-0.2434893250465393
0.5639703273773193,0.3672875761985779,-0.09810017794370651
0.526430070400238,0.3682233393192291,-0.1032480001449585
0.5529651045799255,0.3754473030567169,-0.21152636408805847
0.5368726849555969,0.3756119906902313,-0.2127038985490799
0.6006225347518921,0.40222054719924927,0.006687021814286709
0.4958838224411011,0.40298256278038025,0.010946252383291721
0.6604807376861572,0.4223036766052246,0.06627986580133438
0.4480348825454712,0.4259454607963562,0.11025512218475342
0.611085057258606,0.4442318379878998,-0.01303241215646267
0.48595982789993286,0.4420734941959381,0.08729160577058792
0.6014459133148193,0.4530430734157562,-0.04651753604412079
0.49822649359703064,0.4517921507358551,0.06181890517473221
0.5935342907905579,0.44828304648399353,-0.0638696476817131
0.5049040913581848,0.44779378175735474,0.047140933573246
0.5953313112258911,0.4459068775177002,-0.02101055160164833
0.5029146075248718,0.4453233778476715,0.08128701150417328
0.5845104455947876,0.4928654134273529,-0.000953572744037956
0.5187646150588989,0.494544118642807,0.0009523659246042371
0.5870894193649292,0.5672370195388794,-0.03377892076969147
0.5192480087280273,0.5699364542961121,-0.030932018533349037
0.5978221893310547,0.6346349120140076,0.17003992199897766
0.5134842991828918,0.6349470019340515,0.15050336718559265
0.5923666954040527,0.6411396861076355,0.18215984106063843
0.5206795930862427,0.6412402987480164,0.15983501076698303
0.602365255355835,0.6598261594772339,0.021614279597997665
0.5055139064788818,0.6597461104393005,-0.0023943567648530006
-
0.5439480543136597,0.37903955578804016,-0.28319796919822693
0.5506044626235962,0.37368983030319214,-0.2609502673149109
0.5550426840782166,0.3738083839416504,-0.26094403862953186
0.5593382120132446,0.3739235997200012,-0.2609650790691376
0.5378185510635376,0.37407559156417847,-0.25986146926879883
0.533797562122345,0.3744139075279236,-0.25987106561660767
0.529883086681366,0.37460529804229736,-0.2598090171813965
0.5638185143470764,0.3774736821651459,-0.12311745434999466
0.5264422297477722,0.37775924801826477,-0.11806004494428635
0.552635133266449,0.3865058124065399,-0.23145480453968048
0.5366335511207581,0.3868015706539154,-0.22999340295791626
0.5997560620307922,0.4123916029930115,-0.03737495094537735
0.4958995282649994,0.41487735509872437,-0.0004049621638841927
0.6602412462234497,0.4319632649421692,-0.013816535472869873
0.44716253876686096,0.4343377649784088,0.07898492366075516
0.6112759113311768,0.4531632959842682,-0.13922443985939026
0.4860854148864746,0.4553753435611725,0.013683577068150043
0.6024206876754761,0.46103692054748535,-0.17947331070899963
0.4980739951133728,0.4641973078250885,-0.015697337687015533
0.594821572303772,0.45676368474960327,-0.19483472406864166
0.5046244263648987,0.46024423837661743,-0.0306401327252388
0.5963914394378662,0.4542648196220398,-0.14700555801391602
0.5027186274528503,0.45739707350730896,0.007132526021450758
0.5843782424926758,0.5040358901023865,-0.004103037528693676
0.5181550979614258,0.5054918527603149,0.004076523706316948
0.5871291756629944,0.5778704285621643,-0.03573818504810333
0.5169633626937866,0.5825056433677673,-0.013559924438595772
0.5968945622444153,0.6389654874801636,0.2122999131679535
0.5135170221328735,0.642322301864624,0.20152027904987335
0.5919527411460876,0.6455228924751282,0.2300424724817276
0.520709753036499,0.6485910415649414,0.21467794477939606
0.6006053686141968,0.6669708490371704,0.07421702146530151
0.505551815032959,0.6695386171340942,0.05659956857562065
-
0.5438406467437744,0.392488569021225,-0.2924516797065735
0.5504939556121826,0.3871915936470032,-0.27107927203178406
0.5549401044845581,0.3872551918029785,-0.27107444405555725
0.5591994524002075,0.3874163031578064,-0.27109819650650024
0.5377712845802307,0.3874535858631134,-0.2701193392276764
0.5337789058685303,0.38750818371772766,-0.2701323330402374
0.5299012660980225,0.3876120150089264,-0.27008360624313354
0.5638220310211182,0.39129638671875,-0.13163945078849792
0.526452362537384,0.3910972476005554,-0.12805701792240143
0.5525771379470825,0.3991479277610779,-0.2397947758436203
0.5364548563957214,0.399223655462265,-0.23882801830768585
0.5991156697273254,0.4252604842185974,-0.038729891180992126
0.49590885639190674,0.42749080061912537,-0.007543786894530058
0.6601009368896484,0.444374144077301,0.0041703335009515285
0.4472784698009491,0.4456509053707123,0.07147186249494553
0.6112241744995117,0.4671720862388611,-0.10253720730543137
0.48613932728767395,0.46675968170166016,0.002146342536434531
0.6013200283050537,0.4733541011810303,-0.13931962847709656
0.4977574348449707,0.4741436839103699,-0.027194015681743622
0.5941243767738342,0.46988344192504883,-0.15665891766548157
0.5043249130249023,0.47133293747901917,-0.04405751824378967
0.5962913036346436,0.46745437383651733,-0.11056467890739441
0.5024943351745605,0.46886175870895386,-0.005633186548948288
0.584230363368988,0.5162502527236938,-0.004019585438072681
0.5181841850280762,0.5179204940795898,0.003988130949437618
0.5885076522827148,0.5888230204582214,-0.040817052125930786
0.5156180262565613,0.5935065746307373,-0.016756752505898476
0.5951282382011414,0.6490087509155273,0.21749475598335266
0.5138232707977295,0.64990234375,0.20793138444423676
0.5911697149276733,0.6555066704750061,0.2358311116695404
0.5207310914993286,0.6565319895744324,0.22276221215724945
0.5944481492042542,0.6788926124572754,0.0817682072520256
0.5085157752037048,0.6804641485214233,0.06939857453107834
-
0.5440033078193665,0.40655216574668884,-0.30724236369132996
0.5507956147193909,0.40086251497268677,-0.2857176959514618
0.55520099401474,0.4009180963039398,-0.2856962978839874
0.5593181848526001,0.40113386511802673,-0.28572529554367065
0.5381417870521545,0.40068870782852173,-0.2869899570941925
0.5340302586555481,0.40064018964767456,-0.287007212638855
0.5301843285560608,0.40057867765426636,-0.28694838285446167
0.5638576745986938,0.4049310088157654,-0.14782831072807312
0.5264577865600586,0.40401238203048706,-0.15519602596759796
0.5525833368301392,0.412923663854599,-0.2554100751876831
0.5364609360694885,0.41265735030174255,-0.2574867606163025
0.5985845923423767,0.4383774697780609,-0.05040755122900009
0.4949396848678589,0.44161003828048706,-0.04008275270462036
0.6603671312332153,0.4562285840511322,0.016835885122418404
0.4481380879878998,0.46004995703697205,0.05965658649802208
0.611327588558197,0.4799734950065613,-0.057230394333601
0.49086931347846985,0.48273149132728577,0.023691894486546516
0.6010964512825012,0.48628920316696167,-0.08533480763435364
0.5012887716293335,0.49022775888442993,0.00457143085077405
0.593758761882782,0.4838227331638336,-0.10286150872707367
0.507323682308197,0.48851680755615234,-0.009873139671981335
0.5960777401924133,0.4815569519996643,-0.0643516480922699
0.5057154893875122,0.4862540662288666,0.01838104799389839
0.5841590166091919,0.5270048379898071,-0.001378326560370624
0.5183471441268921,0.5289558172225952,0.0013411823892965913
0.5898803472518921,0.6010061502456665,-0.0329722985625267
0.5142583250999451,0.6049469709396362,-0.01806034706532955
0.5925202965736389,0.6594724059104919,0.2280702441930771
0.5138763189315796,0.659164547920227,0.20556078851222992
0.5886960029602051,0.6660547852516174,0.24666835367679596
0.5207496881484985,0.6664780378341675,0.22061432898044586
0.5905860066413879,0.686204195022583,0.10149398446083069
0.511796236038208,0.6871911287307739,0.0720171332359314
-
0.5443455576896667,0.4195834994316101,-0.3007989525794983
0.5510677099227905,0.4136973023414612,-0.27892130613327026
0.5554616451263428,0.41370153427124023,-0.27891629934310913
0.5593718886375427,0.4137863516807556,-0.2789442837238312
0.5385966897010803,0.4139321744441986,-0.27870675921440125
0.5345443487167358,0.41402703523635864,-0.2787194848060608
0.5306298732757568,0.41421183943748474,-0.27867379784584045
0.5641621947288513,0.4173572063446045,-0.14146669209003448
0.5265752077102661,0.4177764356136322,-0.14128509163856506
0.5530151128768921,0.4259163737297058,-0.24898916482925415
0.5371206402778625,0.4259212613105774,-0.24884097278118134
0.5987655520439148,0.45226040482521057,-0.06055767834186554
0.49496960639953613,0.4535202980041504,-0.03156490623950958
0.6629790663719177,0.46911224722862244,-0.06910477578639984
0.4500899910926819,0.4721449911594391,0.02508470043540001
0.6111399531364441,0.49338412284851074,-0.22178761661052704
0.4935697019100189,0.4952867925167084,-0.05030320957303047
0.5997791886329651,0.4991839826107025,-0.2662231922149658
0.5039912462234497,0.5030253529548645,-0.08234693855047226
0.5931288599967957,0.4967040419578552,-0.2770620882511139
0.510296106338501,0.5016193389892578,-0.09744905680418015
0.5956177115440369,0.49473538994789124,-0.2283659130334854
0.5086864233016968,0.49928227066993713,-0.05755607783794403
0.5838856101036072,0.5398192405700684,-0.004187025595456362
0.5181415677070618,0.5419083833694458,0.004157879389822483
0.592066764831543,0.6106712818145752,-0.04700580611824989
0.5130999684333801,0.614141047000885,-0.02494995854794979
0.5915042161941528,0.6625229120254517,0.2559143006801605
0.514987051486969,0.663968563079834,0.23743030428886414
0.587741494178772,0.6691160798072815,0.2797113060951233
0.5222615003585815,0.6711326837539673,0.25731635093688965
0.5882390737533569,0.6892722845077515,0.13356845080852509
0.5136705040931702,0.6898449659347534,0.11409245431423187
-
0.5444549322128296,0.42560243606567383,-0.29604583978652954
0.5511132478713989,0.4198235869407654,-0.27416467666625977
0.5554975867271423,0.41985782980918884,-0.27415475249290466
0.5593318939208984,0.4200283885002136,-0.27417805790901184
0.5386021137237549,0.4198583662509918,-0.27496299147605896
0.5345619320869446,0.41991645097732544,-0.274987131357193
0.5306370854377747,0.4201197028160095,-0.2749442756175995
0.5640241503715515,0.4236114025115967,-0.13547919690608978
0.5265946984291077,0.42358145117759705,-0.1365107297897339
0.55299973487854,0.4328285753726959,-0.24439018964767456
0.5371874570846558,0.43336039781570435,-0.24388417601585388
0.5982365608215332,0.45851024985313416,-0.0715072974562645
0.4951651692390442,0.4601489007472992,-0.02921435795724392
0.6630973219871521,0.4797581136226654,-0.13757440447807312
0.4507758617401123,0.479198694229126,-0.04749751091003418
0.6097368001937866,0.5028457045555115,-0.324832946062088
0.49327436089515686,0.5015888214111328,-0.20257438719272614
0.5960933566093445,0.5099310874938965,-0.37765222787857056
0.5036777853965759,0.5083276033401489,-0.24718421697616577
0.5889301896095276,0.5061426162719727,-0.38280951976776123
0.5100039839744568,0.5058768391609192,-0.2546654939651489
0.5922290086746216,0.50409334897995,-0.3295535743236542
0.5083814263343811,0.5037519335746765,-0.20889964699745178
0.583879292011261,0.5466281771659851,-0.00573649350553751
0.5178176164627075,0.5480749607086182,0.005649617873132229
0.5938960313796997,0.6181619167327881,-0.06331606954336166
0.5124834775924683,0.6197197437286377,-0.0311137642711401
0.5915208458900452,0.6639851927757263,0.2833936810493469
0.5168900489807129,0.6660190224647522,0.27527889609336853
0.5868586301803589,0.6700851321220398,0.3125236928462982
0.5249077677726746,0.6720954179763794,0.3007619082927704
0.5887932181358337,0.6883602142333984,0.17667607963085175
0.5160320997238159,0.6891762018203735,0.17085327208042145
-
0.5441734790802002,0.42311421036720276,-0.2623715400695801
0.5507544279098511,0.4176997244358063,-0.23847553133964539
0.5550726056098938,0.41770631074905396,-0.23848332464694977
0.5589019060134888,0.4177478849887848,-0.23854149878025055
0.5383138656616211,0.4179612696170807,-0.23901627957820892
0.5342988967895508,0.41802486777305603,-0.23903629183769226
0.5304329991340637,0.4182243347167969,-0.2389615774154663
0.5637285709381104,0.42091798782348633,-0.10077255964279175
0.5265235304832458,0.4219047427177429,-0.1033363863825798
0.5527090430259705,0.4297214150428772,-0.2118919938802719
0.5368204116821289,0.4297606945037842,-0.21250304579734802
0.5983125567436218,0.45733946561813354,-0.029516246169805527
0.49526745080947876,0.45735254883766174,-0.006542632821947336
0.6619492173194885,0.47711047530174255,-0.035814832895994186
0.45559799671173096,0.47688770294189453,0.09893834590911865
0.6095339059829712,0.49944424629211426,-0.13456378877162933
0.4940616488456726,0.4982973635196686,0.13258953392505646
0.5963696241378784,0.5056121349334717,-0.17118678987026215
0.5035529732704163,0.5052374601364136,0.1132928654551506
0.5893404483795166,0.5024524927139282,-0.18874967098236084
0.509918212890625,0.5033870935440063,0.10129822790622711
0.5924558043479919,0.5006589293479919,-0.14410433173179626
0.5083590745925903,0.5011419057846069,0.12863868474960327
0.583439290523529,0.5439421534538269,-0.0055168746039271355
0.5171436071395874,0.5450944304466248,0.005458618979901075
0.5942497849464417,0.6168454885482788,-0.06851540505886078
0.511886715888977,0.6172211766242981,-0.04286862909793854
0.5914501547813416,0.6646949052810669,0.2896439731121063
0.5173823833465576,0.6654594540596008,0.2674209475517273
0.5862534642219543,0.670091450214386,0.3196314871311188
0.5255496501922607,0.6714022755622864,0.2923216223716736
0.5896643400192261,0.6881768107414246,0.1865130513906479
0.5157526731491089,0.6883012056350708,0.1573362499475479
-
0.543766975402832,0.4147252142429352,-0.2682136595249176
0.5506200790405273,0.4098479151725769,-0.24355056881904602
0.5549453496932983,0.40990981459617615,-0.2435649037361145
0.5587159395217896,0.4100092053413391,-0.24363493919372559
0.5381788611412048,0.4097549021244049,-0.24594734609127045
0.5342193841934204,0.4097820222377777,-0.24600090086460114
0.5303464531898499,0.4099274277687073,-0.24599392712116241
0.5633628368377686,0.4129865765571594,-0.10187502950429916
0.5265722274780273,0.4133323132991791,-0.1117410734295845
0.5523794293403625,0.42182978987693787,-0.21625645458698273
0.5364074110984802,0.42175474762916565,-0.21923968195915222
0.5979210734367371,0.44878044724464417,-0.024503683671355247
0.4952867329120636,0.45083433389663696,-0.019559623673558235
0.661024272441864,0.4699573516845703,0.026102617383003235
0.4589419960975647,0.4682694375514984,0.08187677711248398
0.6096230149269104,0.49154606461524963,-0.056158218532800674
0.49593132734298706,0.49054819345474243,0.08536044508218765
0.5964769721031189,0.49833446741104126,-0.08775341510772705
0.5038124322891235,0.4981536269187927,0.06449384987354279
0.5896137356758118,0.4944828152656555,-0.10647083073854446
0.5100396871566772,0.49554675817489624,0.0479271300137043
0.5927157998085022,0.4920061230659485,-0.06498810648918152
0.5088067054748535,0.4931360185146332,0.0792950913310051
0.5830612778663635,0.538489580154419,0.0010220366530120373
0.5171525478363037,0.5401716232299805,-0.0010800668969750404
0.5943660140037537,0.6128095984458923,-0.06544200330972672
0.5120675563812256,0.6128503084182739,-0.05533091351389885
0.5914585590362549,0.6649287939071655,0.2836257517337799
0.5173741579055786,0.6638193726539612,0.2534898817539215
0.5856389403343201,0.6702101230621338,0.3100743889808655
0.525425374507904,0.6691916584968567,0.27709639072418213
0.5898427367210388,0.6880989074707031,0.1668044924736023
0.5158312320709229,0.687682032585144,0.13308903574943542
-
0.5422883629798889,0.4093218743801117,-0.24798813462257385
0.5492844581604004,0.4032946228981018,-0.22566144168376923
0.5536693334579468,0.4033668637275696,-0.22563612461090088
0.5577397346496582,0.40363067388534546,-0.22569160163402557
0.537260890007019,0.40303540229797363,-0.22520320117473602
0.5335177779197693,0.4029163718223572,-0.22523528337478638
0.5299464464187622,0.40288084745407104,-0.22512772679328918
0.5631095767021179,0.40763553977012634,-0.08282411098480225
0.526578962802887,0.4061848521232605,-0.08215703815221786
0.5511500835418701,0.4157642722129822,-0.1951281726360321
0.5356393456459045,0.4142550826072693,-0.19478128850460052
0.5979375839233398,0.4412793219089508,0.025095734745264053
0.4959791898727417,0.441336452960968,0.03721331059932709
0.6569591164588928,0.45913663506507874,0.1533913016319275
0.45942094922065735,0.4609215259552002,0.2028510570526123
0.6104617118835449,0.4799926280975342,0.17075520753860474
0.4960365295410156,0.4821341633796692,0.25549745559692383
0.5982242226600647,0.4865708351135254,0.15602080523967743
0.5040725469589233,0.4890097975730896,0.24463054537773132
0.5916178226470947,0.4844335913658142,0.1297815889120102
0.510165810585022,0.48802894353866577,0.22788074612617493
0.5938330292701721,0.48226577043533325,0.1609591543674469
0.5088635683059692,0.4859352707862854,0.25065749883651733
0.582913339138031,0.5336085557937622,0.001552435802295804
0.5176180601119995,0.5355785489082336,-0.0015927592758089304
0.5938372015953064,0.6103740334510803,-0.07051769644021988
0.5131024122238159,0.6124809384346008,-0.055140361189842224
0.5918622612953186,0.6626906991004944,0.2369583547115326
0.5170775651931763,0.6621828675270081,0.2107672542333603
0.5874190330505371,0.6680558919906616,0.2592717111110687
0.524526834487915,0.6674109101295471,0.22869382798671722
0.5903400182723999,0.6869369745254517,0.10575740784406662
0.51694256067276,0.6867907047271729,0.07118255645036697
-
0.5424513220787048,0.39082440733909607,-0.29175934195518494
0.5496202111244202,0.38501131534576416,-0.2708463966846466
0.5540379285812378,0.3851586580276489,-0.27084094285964966
0.5578206181526184,0.38544073700904846,-0.27083835005760193
0.5373247861862183,0.3848405182361603,-0.27210885286331177
0.5335364937782288,0.3849073052406311,-0.27212125062942505
0.529950737953186,0.3851267993450165,-0.27208057045936584
0.5631718039512634,0.38896554708480835,-0.12640251219272614
0.5265833139419556,0.38857996463775635,-0.133066326379776
0.5512738823890686,0.39811354875564575,-0.23669025301933289
0.5356593132019043,0.3981792628765106,-0.23861920833587646
0.5979434847831726,0.42305880784988403,0.001963874092325568
0.49601754546165466,0.42550188302993774,-0.007258151657879353
0.6563791036605835,0.4443233013153076,0.07274867594242096
0.4584314525127411,0.4458664357662201,0.09706191718578339
0.6101518869400024,0.4664173722267151,0.016338489949703217
0.4959116280078888,0.465749591588974,0.04522416368126869
0.5985243916511536,0.471515953540802,-0.01427407655864954
0.5048624277114868,0.472358375787735,0.019757049158215523
0.5928983092308044,0.4668601453304291,-0.030547430738806725
0.5104242563247681,0.4681686758995056,0.006155670154839754
0.5949189066886902,0.4649835228919983,0.009149376302957535
0.5088312029838562,0.4656895697116852,0.040843259543180466
0.582453727722168,0.5181413888931274,0.0013125573750585318
0.5178737044334412,0.5189987421035767,-0.0013588330475613475
0.5903164744377136,0.5902149081230164,-0.03635359928011894
0.5156111121177673,0.5920383334159851,-0.020887508988380432
0.5938664674758911,0.6600035429000854,0.2103327363729477
0.5152145028114319,0.6564926505088806,0.20268239080905914
0.5903947949409485,0.663934588432312,0.2244672179222107
0.522273063659668,0.6607189774513245,0.21624097228050232
0.590611457824707,0.6858755350112915,0.057338397949934006
0.516470730304718,0.6864501237869263,0.05517032369971275
-
0.5423879623413086,0.3799669146537781,-0.31383001804351807
0.5496438145637512,0.37378278374671936,-0.29450851678848267
0.5540657639503479,0.3739107847213745,-0.2945050299167633
0.5578292608261108,0.37411051988601685,-0.2944858968257904
0.5371034145355225,0.3738335967063904,-0.2927427291870117
0.5332568287849426,0.37401115894317627,-0.292767733335495
0.5295848250389099,0.37424832582473755,-0.2927294969558716
0.5635091066360474,0.3771480619907379,-0.15128876268863678
0.5265241265296936,0.37748855352401733,-0.14394691586494446
0.5513371229171753,0.38724684715270996,-0.25858378410339355
0.5356307625770569,0.38775065541267395,-0.2564026713371277
0.5987082123756409,0.4104108214378357,-0.028830310329794884
0.4959176778793335,0.4139752984046936,-0.010366613045334816
0.6565876603126526,0.4343007206916809,0.039529647678136826
0.4568193554878235,0.43573784828186035,0.07829375565052032
0.6103100776672363,0.4570298194885254,-0.0709964781999588
0.49110183119773865,0.4519367218017578,-0.0009144303621724248
0.5998907089233398,0.46258169412612915,-0.10418970137834549
0.5023242831230164,0.45873695611953735,-0.02927495166659355
0.5941491723060608,0.45706620812416077,-0.12493936717510223
0.5082820653915405,0.4531713128089905,-0.04177708551287651
0.595675528049469,0.4551011025905609,-0.07998808473348618
0.506660521030426,0.4509414732456207,-0.005577725823968649
0.584234356880188,0.5058971643447876,-0.0010530363069847226
0.5196046829223633,0.5071839094161987,0.0009295621421188116
0.5872831344604492,0.580186665058136,-0.028342843055725098
0.5166901350021362,0.5804771780967712,-0.004556436091661453
0.5946304798126221,0.6486561298370361,0.21856890618801117
0.5146344304084778,0.6467751264572144,0.21654456853866577
0.590975821018219,0.6526905298233032,0.23481385409832
0.5211719274520874,0.6511731147766113,0.22813691198825836
0.5905877351760864,0.6777623891830444,0.06813917309045792
0.514808714389801,0.6768733263015747,0.06543019413948059
-
0.5423683524131775,0.36953210830688477,-0.30299073457717896
0.5495389103889465,0.3637854754924774,-0.28242841362953186
0.5540372729301453,0.3638112246990204,-0.2824224531650543
0.5577945709228516,0.3639448583126068,-0.28241875767707825
0.5366976261138916,0.36409106850624084,-0.2811598777770996
0.5327486395835876,0.3644118010997772,-0.2811824679374695
0.5290647745132446,0.36478114128112793,-0.2811371684074402
0.5635132789611816,0.36730125546455383,-0.14034788310527802
0.5264233946800232,0.3690578043460846,-0.14044341444969177
0.5513595938682556,0.3769562840461731,-0.24880704283714294
0.5354774594306946,0.3778381645679474,-0.24765923619270325
0.5999062657356262,0.40270939469337463,-0.028455344960093498
0.49588415026664734,0.4055381417274475,-0.009517267346382141
0.6566553711891174,0.4269799590110779,0.0023464923724532127
0.4566555917263031,0.4303968548774719,0.046625666320323944
0.6096957921981812,0.44766029715538025,-0.13852143287658691
0.48924997448921204,0.44523245096206665,-0.06018086522817612
0.5996038317680359,0.4532037377357483,-0.17811821401119232
0.5014383792877197,0.4512592852115631,-0.09545376896858215
0.5937471389770508,0.44811710715293884,-0.19328072667121887
0.507502555847168,0.44535136222839355,-0.10785283148288727
0.5954596400260925,0.4458916187286377,-0.14623680710792542
0.5056977868080139,0.4432077407836914,-0.06613559275865555
0.5846400260925293,0.497628778219223,-0.002157362410798669
0.5197833180427551,0.4990463852882385,0.0020177646074444056
0.5870907306671143,0.5732673406600952,-0.025106705725193024
0.5186086297035217,0.5737140774726868,-7.455033482983708e-05
0.5950188636779785,0.6381217241287231,0.2316833883523941
0.5146483182907104,0.6374018788337708,0.2366550713777542
0.5912884473800659,0.6431958675384521,0.24629883468151093
0.521199643611908,0.6425096988677979,0.2509123682975769
0.5904229283332825,0.6681380867958069,0.07989800721406937
0.5108625888824463,0.6655071377754211,0.08275202661752701
-
0.5429873466491699,0.36187905073165894,-0.302240788936615
0.5496091842651367,0.35621365904808044,-0.2805792987346649
0.5540555119514465,0.3562676012516022,-0.2805691957473755
0.5578015446662903,0.3564392626285553,-0.2805957496166229
0.5368736386299133,0.35673969984054565,-0.2795133590698242
0.5329084396362305,0.35712167620658875,-0.2795746624469757
0.5292514562606812,0.3574332594871521,-0.279493510723114
0.5635164380073547,0.3604760468006134,-0.1384306699037552
0.5264021754264832,0.3614242970943451,-0.14024989306926727
0.5520146489143372,0.3691214323043823,-0.2483164221048355
0.5358432531356812,0.369493305683136,-0.24668250977993011
0.6007523536682129,0.39664226770401,-0.02380933240056038
0.4958457052707672,0.39836210012435913,-0.009114222601056099
0.6566479206085205,0.41824039816856384,0.03725152462720871
0.4563870429992676,0.42402714490890503,0.0581013523042202
0.6110193729400635,0.4388572573661804,-0.05979080870747566
0.48815634846687317,0.4387284219264984,-0.015889087691903114
0.5999794602394104,0.44529733061790466,-0.09318578243255615
0.5009681582450867,0.4439038634300232,-0.04744818061590195
0.5938828587532043,0.4414348006248474,-0.11428654938936234
0.5068714022636414,0.43953412771224976,-0.062369510531425476
0.5956363081932068,0.4392268657684326,-0.06941894441843033
0.5047860741615295,0.43747788667678833,-0.022445503622293472
0.585480809211731,0.4899846613407135,-0.004442302510142326
0.5202697515487671,0.4920486509799957,0.004379813093692064
0.5868146419525146,0.5657245516777039,-0.020314257591962814
0.5195614695549011,0.5663137435913086,-0.00420001707971096
0.5953866839408875,0.633013904094696,0.20227713882923126
0.5144194960594177,0.6321846842765808,0.20315992832183838
0.5916249752044678,0.6401740908622742,0.21345371007919312
0.5212149620056152,0.6395350694656372,0.21364031732082367
0.5905364751815796,0.6606396436691284,0.048738993704319
0.502687394618988,0.6573520302772522,0.05337956175208092
-
0.5430951714515686,0.35881540179252625,-0.2737443745136261
0.5498259663581848,0.3534320890903473,-0.25278574228286743
0.5543826222419739,0.3534848392009735,-0.252782940864563
0.5580008625984192,0.3536493182182312,-0.25279971957206726
0.5370593070983887,0.35363632440567017,-0.25237712264060974
0.5330950617790222,0.3538421094417572,-0.2523825466632843
0.5293263792991638,0.3541601300239563,-0.2523404061794281
0.5642635226249695,0.35716646909713745,-0.11228881776332855
0.5263553857803345,0.35815101861953735,-0.11255967617034912
0.552338182926178,0.3658730387687683,-0.22006693482398987
0.5360792279243469,0.3663659989833832,-0.21954487264156342
0.6008576154708862,0.3916760981082916,-0.005175350233912468
0.4972878694534302,0.3944191336631775,0.0020341305062174797
0.6557626724243164,0.4139694571495056,0.04742174595594406
0.45369401574134827,0.4194950461387634,0.05867532268166542
0.6105015873908997,0.4352776110172272,-0.061967600136995316
0.4883018136024475,0.4366978108882904,-0.03593071177601814
0.5998450517654419,0.4440481662750244,-0.09817883372306824
0.5011651515960693,0.4439331591129303,-0.07210889458656311
0.5935348868370056,0.43943309783935547,-0.11965418606996536
0.5075073838233948,0.43884801864624023,-0.08682678639888763
0.5952078700065613,0.4367600977420807,-0.07041008025407791
0.5054364204406738,0.43662023544311523,-0.04277493804693222
0.5859766602516174,0.48420801758766174,-0.004405554849654436
0.5209118127822876,0.48601388931274414,0.004351653158664703
0.5869518518447876,0.5581232309341431,-0.02511259913444519
0.520732045173645,0.5602422952651978,-0.00440251175314188
0.595754086971283,0.628488302230835,0.17179366946220398
0.5147479176521301,0.6288155317306519,0.1639767587184906
0.5916893482208252,0.6353996992111206,0.18186117708683014
0.5215975642204285,0.6360410451889038,0.1728140115737915
0.5922847986221313,0.6567042469978333,0.016770822927355766
0.504051148891449,0.6540723443031311,0.010851966217160225
-
0.5433346033096313,0.3564992845058441,-0.25701746344566345
0.5504494309425354,0.3512600064277649,-0.23447805643081665
0.5550950169563293,0.35137081146240234,-0.23448410630226135
0.5586052536964417,0.3516005873680115,-0.23448824882507324
0.5372997522354126,0.35125789046287537,-0.23544667661190033
0.5332167744636536,0.3514154553413391,-0.23544847965240479
0.5293686985969543,0.3516882061958313,-0.23540674149990082
0.5649430155754089,0.35559386014938354,-0.0915595069527626
0.5263463258743286,0.3561317026615143,-0.09668191522359848
0.5526831150054932,0.36362576484680176,-0.20273929834365845
0.5361708998680115,0.3640911281108856,-0.2040814906358719
0.6011434197425842,0.39136067032814026,0.004825240466743708
0.497207909822464,0.3936806619167328,0.006918013561517
0.6558564305305481,0.41319212317466736,0.04467255622148514
0.4532679319381714,0.418381929397583,0.02621789276599884
0.6106680631637573,0.43424859642982483,-0.10378528386354446
0.488363653421402,0.43210023641586304,-0.11061588674783707
0.6004638075828552,0.4424479901790619,-0.14688467979431152
0.500858724117279,0.43930038809776306,-0.15169702470302582
0.5936671495437622,0.4375363290309906,-0.16344761848449707
0.5072864294052124,0.4337131977081299,-0.1647263616323471
0.5952858328819275,0.43490615487098694,-0.1126365140080452
0.5052831172943115,0.43129125237464905,-0.11751074343919754
0.5861214399337769,0.4851645529270172,-0.004518203902989626
0.5208864808082581,0.48651647567749023,0.004468429367989302
0.586980402469635,0.5593240261077881,-0.02512259967625141
0.5218130350112915,0.5599210262298584,-0.009428502060472965
0.5967058539390564,0.6293976902961731,0.1840256303548813
0.5154086351394653,0.6276192665100098,0.17604884505271912
0.5923518538475037,0.6353557109832764,0.19583208858966827
0.5223067402839661,0.6339453458786011,0.18678626418113708
0.5939458608627319,0.6560022234916687,0.03324580565094948
0.5049116611480713,0.653048038482666,0.028426868841052055
-
0.5438608527183533,0.35754257440567017,-0.26256057620048523
0.5508909225463867,0.35213011503219604,-0.23958702385425568
0.5554001331329346,0.3521067500114441,-0.23958955705165863
0.5588396787643433,0.35225194692611694,-0.2395957112312317
0.5377336144447327,0.3525567054748535,-0.24078696966171265
0.533559262752533,0.3528842628002167,-0.24079538881778717
0.5296350121498108,0.3533172905445099,-0.24076180160045624
0.565035343170166,0.356219619512558,-0.09326321631669998
0.5263634920120239,0.35711944103240967,-0.10013213753700256
0.5533447265625,0.3643891215324402,-0.20763865113258362
0.5365732908248901,0.36487287282943726,-0.20928743481636047
0.6015863418579102,0.3917338252067566,0.008318023756146431
0.4968000650405884,0.3947008550167084,0.005057888571172953
0.6557390689849854,0.41285786032676697,0.06865879893302917
0.45251578092575073,0.41775965690612793,0.04880310222506523
0.610790491104126,0.4348531663417816,-0.03875299170613289
0.4882097542285919,0.43481478095054626,-0.03461429104208946
0.6009559035301208,0.4422973096370697,-0.07695470750331879
0.5006622076034546,0.4408823847770691,-0.06811999529600143
0.5938271284103394,0.4377545416355133,-0.09895307570695877
0.5072908401489258,0.4353414475917816,-0.09238998591899872
0.5953935980796814,0.4350810945034027,-0.04943889379501343
0.5052838921546936,0.43298348784446716,-0.04350455477833748
0.5865975618362427,0.48651280999183655,-0.0007907840772531927
0.520835816860199,0.48836779594421387,0.0007693359511904418
0.587151288986206,0.5595647096633911,-0.028884243220090866
0.522797167301178,0.5618993043899536,-0.026914887130260468
0.5968760848045349,0.6292041540145874,0.18287290632724762
0.5163272023200989,0.6288648247718811,0.16021417081356049
0.5923281908035278,0.6349974870681763,0.19552724063396454
0.5232377648353577,0.6345878839492798,0.17047429084777832
0.5953121781349182,0.6558743715286255,0.03205326572060585
0.5091457962989807,0.6546855568885803,0.006673616822808981
-
0.5459744334220886,0.36065584421157837,-0.25109609961509705
0.5523055791854858,0.35492151975631714,-0.2275368571281433
0.5564531087875366,0.35499149560928345,-0.2275465875864029
0.5596781969070435,0.3550116717815399,-0.22757044434547424
0.53935706615448,0.35523438453674316,-0.2312886118888855
0.5353155136108398,0.35540682077407837,-0.23129886388778687
0.5313735008239746,0.35549452900886536,-0.2312658727169037
0.5660204291343689,0.35876771807670593,-0.07700007408857346
0.5265827775001526,0.35962533950805664,-0.09458142518997192
0.5550063848495483,0.36749425530433655,-0.19371715188026428
0.53850919008255,0.3677515387535095,-0.19868338108062744
0.6023195385932922,0.3940989077091217,0.030102906748652458
0.4967905580997467,0.3959141671657562,0.006442064885050058
0.6557974815368652,0.41423138976097107,0.08769707381725311
0.4525456726551056,0.41983240842819214,0.05316954106092453
0.6112369894981384,0.4376230835914612,-0.0272983368486166
0.48845672607421875,0.43704456090927124,-0.026747697964310646
0.6014378666877747,0.44436970353126526,-0.0670628622174263
0.5006817579269409,0.4429006576538086,-0.05996566265821457
0.5941199660301208,0.440123975276947,-0.08632824569940567
0.5074926018714905,0.43843382596969604,-0.0802546814084053
0.5956429243087769,0.43781059980392456,-0.03726274520158768
0.5054839253425598,0.4358116686344147,-0.03471556678414345
0.5868887305259705,0.4878386855125427,0.0026719514280557632
0.5208140015602112,0.48950958251953125,-0.002629309892654419
0.5872175097465515,0.5617640018463135,-0.029207229614257812
0.5234026312828064,0.564111590385437,-0.0361531637609005
0.5973250865936279,0.6311115026473999,0.1724175065755844
0.5170024633407593,0.6303068399429321,0.14632894098758698
0.5925014615058899,0.637338399887085,0.1840154379606247
0.523835301399231,0.6361295580863953,0.15569989383220673
0.5968729257583618,0.6577364802360535,0.02087058685719967
0.5097888708114624,0.6560957431793213,-0.009881474077701569
-
0.5472598671913147,0.36414259672164917,-0.22201690077781677
0.5535003542900085,0.3586353361606598,-0.19807656109333038
0.5574836134910583,0.35862836241722107,-0.19804765284061432
0.5605806708335876,0.35866081714630127,-0.19810721278190613
0.5404013991355896,0.35894346237182617,-0.20106196403503418
0.5361112952232361,0.3591265380382538,-0.20107212662696838
0.5323939323425293,0.35928767919540405,-0.2009485512971878
0.5674273371696472,0.36201682686805725,-0.048401083797216415
0.5267146229743958,0.3631736636161804,-0.063177190721035
0.5565946698188782,0.37096089124679565,-0.16618649661540985
0.539820671081543,0.37136054039001465,-0.170134499669075
0.6036574244499207,0.3974558711051941,0.05946474149823189
0.4971001148223877,0.39922234416007996,0.0493679903447628
0.656352698802948,0.41733962297439575,0.15898843109607697
0.45223790407180786,0.4227774739265442,0.1717611849308014
0.6131862998008728,0.4398154616355896,0.13183274865150452
0.48985835909843445,0.4406220316886902,0.18512874841690063
0.603138267993927,0.4470399022102356,0.10328114032745361
0.5014479160308838,0.4468054175376892,0.1639704555273056
0.5957005023956299,0.4432528614997864,0.08187340945005417
0.5084348320960999,0.44187888503074646,0.14776554703712463
0.5969237089157104,0.44107502698898315,0.12197461724281311
0.5068144798278809,0.43907085061073303,0.17928294837474823
0.5871065855026245,0.49066251516342163,0.003140714718028903
0.5205055475234985,0.4922822415828705,-0.003019207390025258
0.588045060634613,0.5651800632476807,-0.060929786413908005
0.5233840942382812,0.566817045211792,-0.059067923575639725
0.5976033210754395,0.6330143213272095,0.1641138195991516
0.5185816287994385,0.6323218941688538,0.13736310601234436
0.5924736261367798,0.6391198039054871,0.17822255194187164
0.5253216028213501,0.6377476453781128,0.147991344332695
0.5986191034317017,0.6597552299499512,0.022840304300189018
0.5116740465164185,0.6581034660339355,-0.011514405719935894
-
0.5473952293395996,0.3671572804450989,-0.2313467264175415
0.553776741027832,0.36298155784606934,-0.20654141902923584
0.5579829216003418,0.36302584409713745,-0.20650942623615265
0.56108558177948,0.36313244700431824,-0.20655028522014618
0.5406152009963989,0.36322906613349915,-0.20897498726844788
0.5363466739654541,0.3635249733924866,-0.20900918543338776
0.5326866507530212,0.36377444863319397,-0.20888644456863403
0.567827045917511,0.3659994900226593,-0.06026657298207283
0.5269298553466797,0.366763710975647,-0.0723709687590599
0.5567723512649536,0.37497082352638245,-0.17776086926460266
0.5399793982505798,0.3756954073905945,-0.18092380464076996
0.6036005020141602,0.4003373980522156,0.036939240992069244
0.4970413148403168,0.40541505813598633,0.04227036237716675
0.6562960147857666,0.41880589723587036,0.12457263469696045
0.45040854811668396,0.4255918860435486,0.16134583950042725
0.6129794120788574,0.44088244438171387,0.10303424298763275
0.489803284406662,0.44360095262527466,0.1799280345439911
0.6030911207199097,0.4508991241455078,0.07523863762617111
0.5013464093208313,0.4524669051170349,0.15937890112400055
0.5956768989562988,0.4475472867488861,0.05409541726112366
0.5084142088890076,0.448202520608902,0.1472679078578949
0.5968694686889648,0.44467300176620483,0.09337177127599716
0.506813108921051,0.44544991850852966,0.17529438436031342
0.5871697068214417,0.4946058392524719,0.002813557395711541
0.5204633474349976,0.4967837333679199,-0.0026288293302059174
0.5882662534713745,0.5698450803756714,-0.05528499186038971
0.5237100124359131,0.5737603902816772,-0.049395959824323654
0.5975836515426636,0.6361725926399231,0.1634424477815628
0.5205564498901367,0.6369683146476746,0.14403299987316132
0.5925526022911072,0.6445326805114746,0.1764557808637619
0.5266337394714355,0.6432334184646606,0.1539599597454071
0.5986563563346863,0.6636878252029419,0.023579930886626244
0.513938844203949,0.6626943349838257,-0.0013892075512558222
-
0.5463085770606995,0.37907347083091736,-0.2547915577888489
0.5533785223960876,0.37449002265930176,-0.2312687188386917
0.5577210187911987,0.3745579719543457,-0.23123149573802948
0.5610030889511108,0.37474513053894043,-0.23124364018440247
0.540336549282074,0.3747904300689697,-0.2286977767944336
0.5361682176589966,0.3750966787338257,-0.22874313592910767
0.5324957370758057,0.37540119886398315,-0.22865265607833862
0.5677729845046997,0.37930828332901,-0.0938652902841568
0.5273643732070923,0.3793202042579651,-0.08419525623321533
0.5558683276176453,0.3866715729236603,-0.20519016683101654
0.5387561917304993,0.38710981607437134,-0.20259477198123932
0.6035340428352356,0.4135292172431946,-0.006871978286653757
0.4990181028842926,0.41681480407714844,0.038821760565042496
0.6573668122291565,0.4307462275028229,0.06522071361541748
0.44898533821105957,0.4358411729335785,0.1282155066728592
0.6129536628723145,0.4555496275424957,0.0530988909304142
0.488841712474823,0.4546657204627991,0.10057012736797333
0.6036652326583862,0.46249452233314514,0.04373256489634514
0.49860671162605286,0.4637099802494049,0.07398781180381775
0.5963993668556213,0.4590790271759033,0.021731480956077576
0.5061943531036377,0.46083393692970276,0.059590213000774384
0.5976881384849548,0.45671558380126953,0.04697801172733307
0.5054069757461548,0.458137184381485,0.09481815993785858
0.5869778394699097,0.5056447386741638,0.0009038705611601472
0.5204561352729797,0.5077134370803833,-0.0008245216449722648
0.5888032913208008,0.5805577635765076,-0.052093565464019775
0.5234009027481079,0.5866037011146545,-0.036293674260377884
0.5970609188079834,0.6455618143081665,0.17207349836826324
0.521539568901062,0.648339033126831,0.15045827627182007
0.5923314690589905,0.6534917950630188,0.185616597533226
0.52752685546875,0.6551894545555115,0.15851259231567383
0.598371148109436,0.6755846738815308,0.029898008331656456
0.5160773396492004,0.6759836673736572,0.004173257388174534
-
0.5463917851448059,0.3934463560581207,-0.21949803829193115
0.5534374117851257,0.3880496621131897,-0.19574099779129028
0.5578169226646423,0.3881777226924896,-0.19568271934986115
0.5612538456916809,0.3884379267692566,-0.19571129977703094
0.5406047701835632,0.38852840662002563,-0.19554515182971954
0.5366213321685791,0.3888341784477234,-0.19561083614826202
0.5329646468162537,0.3893035054206848,-0.19545990228652954
0.5688143968582153,0.3936646580696106,-0.05523192137479782
0.5285782814025879,0.3937789797782898,-0.05799253284931183
0.5562424063682556,0.40028685331344604,-0.16919732093811035
0.5393615365028381,0.4002207815647125,-0.16960661113262177
0.6041438579559326,0.4287583827972412,0.03873054310679436
0.50130695104599,0.43060237169265747,0.05817677825689316
0.6575620174407959,0.4441305100917816,0.16427017748355865
0.44904354214668274,0.450307697057724,0.2020660638809204
0.6129941940307617,0.4695615768432617,0.20652474462985992
0.4925762712955475,0.4715738892555237,0.2516521215438843
0.603728175163269,0.4750605523586273,0.19490477442741394
0.5032507181167603,0.479311466217041,0.24106788635253906
0.5967711806297302,0.4726385474205017,0.1737651526927948
0.5096814632415771,0.477681964635849,0.2320464849472046
0.5983467102050781,0.4704951345920563,0.19906114041805267
0.5077993273735046,0.4749356806278229,0.24932503700256348
0.5870027542114258,0.519295334815979,0.0014262874610722065
0.5209176540374756,0.5208865404129028,-0.0013782003661617637
0.5912627577781677,0.5949975252151489,-0.05680513754487038
0.5233713388442993,0.5981162786483765,-0.0503271110355854
0.597038745880127,0.6590787768363953,0.16238297522068024
0.5222919583320618,0.6603826284408569,0.13840104639530182
0.5921420454978943,0.6664679050445557,0.17642565071582794
0.5280030369758606,0.6675055027008057,0.14811235666275024
0.598918616771698,0.6871441602706909,0.030933065339922905
0.5215153098106384,0.688022255897522,-0.0008847048156894743
-
0.5466163158416748,0.4090215265750885,-0.2762742340564728
0.5539205074310303,0.403641939163208,-0.25439390540122986
0.5583635568618774,0.40369707345962524,-0.25434648990631104
0.5617989301681519,0.4038926959037781,-0.2543533444404602
0.5411052107810974,0.40397995710372925,-0.25394928455352783
0.5370973944664001,0.40411654114723206,-0.2539936602115631
0.5333752036094666,0.40421828627586365,-0.25392836332321167
0.5694202780723572,0.407828152179718,-0.11805862933397293
0.528890073299408,0.40798506140708923,-0.11884121596813202
0.5566031336784363,0.415677011013031,-0.226338729262352
0.5398482084274292,0.41526785492897034,-0.22640196979045868
0.6041106581687927,0.44222912192344666,-0.02163671888411045
0.5011563897132874,0.4440487325191498,-0.014310497790575027
0.6582304239273071,0.4580628275871277,0.08032763749361038
0.44899415969848633,0.46473509073257446,0.08412151038646698
0.6130022406578064,0.48330655694007874,0.13102419674396515
0.4980395436286926,0.4869783818721771,0.10717052966356277
0.6035924553871155,0.4897031784057617,0.1869053691625595
0.5094730854034424,0.4949219822883606,0.09187954664230347
0.5967528223991394,0.4878261089324951,0.1481570303440094
0.5157694220542908,0.49330177903175354,0.08882638812065125
0.5983295440673828,0.48537254333496094,0.13179004192352295
0.5133643746376038,0.49088653922080994,0.10559432953596115
0.5869261622428894,0.5322393774986267,0.002455574693158269
0.5211132764816284,0.533515453338623,-0.002441137796267867
0.5952118039131165,0.6069355010986328,-0.030293000862002373
0.5222575068473816,0.6096643805503845,-0.026736650615930557
0.5965845584869385,0.6656509637832642,0.22722157835960388
0.5225656032562256,0.6678849458694458,0.19105765223503113
0.5917665958404541,0.6723303198814392,0.2456260621547699
0.5282139778137207,0.6748086214065552,0.20512622594833374
0.5981491804122925,0.69070965051651,0.09991477429866791
0.5246328711509705,0.6932227611541748,0.05085830017924309
-
0.5487629175186157,0.4195471405982971,-0.285134494304657
0.5548938512802124,0.4137304723262787,-0.2609981298446655
0.5589379668235779,0.41366133093833923,-0.2609916627407074
0.562235951423645,0.4137722849845886,-0.2610178589820862
0.542388916015625,0.4147163927555084,-0.26042190194129944
0.5385417938232422,0.41514477133750916,-0.26045042276382446
0.534618616104126,0.41543474793434143,-0.2603953778743744
0.5695157647132874,0.4179649353027344,-0.12153738737106323
0.5295670628547668,0.41941553354263306,-0.12072392553091049
0.5577911734580994,0.42692360281944275,-0.23436085879802704
0.5419700741767883,0.42685824632644653,-0.2340201735496521
0.6042229533195496,0.45389169454574585,-0.04257313534617424
0.5017329454421997,0.4554775357246399,-0.012379596941173077
0.6607258915901184,0.47118863463401794,0.005568963475525379
0.4502612352371216,0.4760422110557556,0.09121427685022354
0.610698938369751,0.4984135031700134,-0.06399483978748322
0.5007207989692688,0.4986935257911682,0.10389450192451477
0.5989932417869568,0.5073069334030151,-0.09255307167768478
0.5112055540084839,0.5053855776786804,0.08540594577789307
0.5911856889724731,0.5046173334121704,-0.11083535850048065
0.518235445022583,0.5046277642250061,0.07560257613658905
0.5933157801628113,0.5018748044967651,-0.07154060155153275
0.5158344507217407,0.5021241903305054,0.10033050179481506
0.5869514346122742,0.5428588390350342,0.0004759930889122188
0.5211027264595032,0.5440115928649902,-0.0004899442428722978
0.6004205346107483,0.6136598587036133,-0.072236068546772
0.5217786431312561,0.6184624433517456,-0.044408317655324936
0.5951611995697021,0.6679657697677612,0.23830799758434296
0.5247079730033875,0.6701152324676514,0.2246071994304657
0.5898986458778381,0.6751558184623718,0.26256752014160156
0.5306382775306702,0.6776425838470459,0.2450876086950302
0.5981026887893677,0.6916463971138,0.12130410224199295
0.525357186794281,0.6947917938232422,0.10174758732318878
-
0.5488757491111755,0.42422762513160706,-0.28305691480636597
0.5550926923751831,0.41971033811569214,-0.2578792870044708
0.5590857863426208,0.4197634160518646,-0.25787752866744995
0.5622918009757996,0.4199117124080658,-0.2579071819782257
0.5427761077880859,0.4201338291168213,-0.25892874598503113
0.5387952327728271,0.42050591111183167,-0.25895488262176514
0.5350151062011719,0.4208293855190277,-0.2588995099067688
0.5694873332977295,0.4234674572944641,-0.118604376912117
0.5300952196121216,0.4241255819797516,-0.12534792721271515
0.5577943921089172,0.43153300881385803,-0.23249465227127075
0.542143702507019,0.4322342872619629,-0.23437178134918213
0.6036465167999268,0.45794877409935,-0.041025128215551376
0.501822292804718,0.46172967553138733,-0.02382480353116989
0.6583830118179321,0.478261798620224,0.025903619825839996
0.45284223556518555,0.4817834794521332,0.07237527519464493
0.6107572913169861,0.5036308765411377,-0.03682532161474228
0.5001571774482727,0.5034933090209961,0.0729958713054657
0.5991305112838745,0.5123808979988098,-0.06665816903114319
0.510453462600708,0.5110216736793518,0.05269207805395126
0.5914517641067505,0.5086716413497925,-0.08726923912763596
0.5174935460090637,0.5089967250823975,0.03979051485657692
0.5935938358306885,0.5061840415000916,-0.045554712414741516
0.5153033137321472,0.5064765214920044,0.06853830069303513
0.5870279669761658,0.5479083061218262,-0.0004062866501044482
0.5210369825363159,0.5493890643119812,0.0003605399979278445
0.6007859706878662,0.6185786724090576,-0.08167102187871933
0.5205316543579102,0.6210217475891113,-0.06615258008241653
0.5948755741119385,0.6681939363479614,0.25411951541900635
0.5250016450881958,0.6703739762306213,0.24017809331417084
0.5883738994598389,0.6748194098472595,0.2814537584781647
0.5320812463760376,0.6762770414352417,0.2653543949127197
0.5979175567626953,0.6920562982559204,0.14789806306362152
0.5249776840209961,0.6935858130455017,0.13663581013679504
-
0.5491676330566406,0.42098623514175415,-0.26017075777053833
0.5553958415985107,0.4157068133354187,-0.2349303513765335
0.5591905117034912,0.4157731533050537,-0.23494018614292145
0.5623500347137451,0.41588106751441956,-0.23499450087547302
0.5430698394775391,0.41615962982177734,-0.23564141988754272
0.5390392541885376,0.41646966338157654,-0.2356625646352768
0.5353302359580994,0.41695156693458557,-0.23563195765018463
0.5694549679756165,0.41980496048927307,-0.09738516062498093
0.5302301645278931,0.4204908311367035,-0.10081981867551804
0.5578678250312805,0.4279213845729828,-0.2102109044790268
0.5423063039779663,0.4278881549835205,-0.21132373809814453
0.6037994623184204,0.45675963163375854,-0.032581280916929245
0.5018472671508789,0.45716577768325806,-0.012479775585234165
0.6583809852600098,0.47503477334976196,0.0010921905050054193
0.4561712443828583,0.47702160477638245,0.06318113952875137
0.6107694506645203,0.49942952394485474,-0.1087496355175972
0.500529408454895,0.4984195828437805,0.054123952984809875
0.5988506078720093,0.5067450404167175,-0.14894385635852814
0.5102270245552063,0.5063812136650085,0.02787591889500618
0.5912668704986572,0.504381000995636,-0.1624830812215805
0.5172752141952515,0.5049839019775391,0.015483433380723
0.5934284329414368,0.5024847984313965,-0.11649022996425629
0.5152899026870728,0.5025040507316589,0.048620712012052536
0.5865910053253174,0.5451240539550781,0.0004636585363186896
0.5206270813941956,0.5465252995491028,-0.0004695829702541232
0.6010813117027283,0.6195645332336426,-0.07892254739999771
0.5204728841781616,0.6189252734184265,-0.06506353616714478
0.5947126746177673,0.668877899646759,0.2627675235271454
0.5255424976348877,0.670321524143219,0.24031789600849152
0.5874468684196472,0.674914538860321,0.2902018129825592
0.5331195592880249,0.6765321493148804,0.26423609256744385
0.5983175039291382,0.6923562288284302,0.14812593162059784
0.5251857042312622,0.6933850646018982,0.1213812381029129
-
0.5492422580718994,0.41274696588516235,-0.2761947512626648
0.5557945370674133,0.40749725699424744,-0.25005605816841125
0.5594988465309143,0.4075767397880554,-0.2500552833080292
0.5627954602241516,0.4076986312866211,-0.25009918212890625
0.5432711839675903,0.407733678817749,-0.25282737612724304
0.5392093658447266,0.40790849924087524,-0.2528812289237976
0.5355290174484253,0.4082036018371582,-0.25284966826438904
0.5696620941162109,0.41140198707580566,-0.10131280869245529
0.530255138874054,0.4118708074092865,-0.1145445704460144
0.5579375624656677,0.41984090209007263,-0.22168514132499695
0.5423765182495117,0.4197419285774231,-0.22562181949615479
0.603232204914093,0.447071373462677,-0.016056206077337265
0.5017834305763245,0.44868040084838867,-0.017937006428837776
0.658449113368988,0.4657537341117859,0.07185274362564087
0.45688873529434204,0.46871480345726013,0.07416696846485138
0.6125094294548035,0.4895515441894531,0.026675894856452942
0.503693163394928,0.49023374915122986,0.11528324335813522
0.5989870429039001,0.49743953347206116,-0.00037879630690440536
0.5145692825317383,0.49821215867996216,0.09813468903303146
0.5916646718978882,0.49428826570510864,-0.020064368844032288
0.5204682946205139,0.4959012567996979,0.08381302654743195
0.5943366885185242,0.4919434189796448,0.01776149682700634
0.5175349116325378,0.49323931336402893,0.11116517335176468
0.5863723158836365,0.538793683052063,0.006874010898172855
0.5206368565559387,0.5401965975761414,-0.006933055818080902
0.6003906726837158,0.6122995018959045,-0.05889834836125374
0.5202322006225586,0.6141453981399536,-0.06192118674516678
0.5946689248085022,0.6693066358566284,0.27386581897735596
0.525323212146759,0.6705061197280884,0.23803414404392242
0.5872005224227905,0.6748179197311401,0.2987832725048065
0.5328283905982971,0.6759993433952332,0.26042377948760986
0.598897397518158,0.6917124390602112,0.147504985332489
0.5254517793655396,0.6936438083648682,0.1069059818983078
-
0.5492119789123535,0.4046437740325928,-0.27399811148643494
0.5557162761688232,0.39871901273727417,-0.24865826964378357
0.5594474673271179,0.3987705111503601,-0.2486538141965866
0.5627517104148865,0.39882519841194153,-0.24869059026241302
0.5432602763175964,0.3991851508617401,-0.2513766288757324
0.5391826033592224,0.3993358016014099,-0.25142303109169006
0.5354987382888794,0.3992820680141449,-0.25138166546821594
0.5696442127227783,0.4029066562652588,-0.09699598699808121
0.5302507281303406,0.4030986428260803,-0.1125798225402832
0.5578807592391968,0.4114041328430176,-0.21966247260570526
0.542331337928772,0.4110492765903473,-0.223964124917984
0.6032973527908325,0.4373554289340973,0.023303909227252007
0.5018541216850281,0.43851080536842346,-0.012517925351858139
0.6565417647361755,0.4565311372280121,0.12898901104927063
0.45730310678482056,0.4580877721309662,0.08974539488554001
0.6129557490348816,0.4763992726802826,0.08291570097208023
0.5033040642738342,0.47790879011154175,0.1061764806509018
0.5998992323875427,0.482391357421875,0.05620644986629486
0.514454185962677,0.4847438931465149,0.08664815872907639
0.5928695201873779,0.48091214895248413,0.03072916343808174
0.5200520157814026,0.4833633005619049,0.0821520984172821
0.5954586267471313,0.47879862785339355,0.07168611884117126
0.5174118280410767,0.4810543656349182,0.10219985246658325
0.5856814384460449,0.5325803160667419,0.012311109341681004
0.5206387639045715,0.5344809889793396,-0.012380989268422127
0.5980576276779175,0.6067497730255127,-0.048621077090501785
0.5204258561134338,0.6097649335861206,-0.058143530040979385
0.5954168438911438,0.6676144003868103,0.22651156783103943
0.5235959887504578,0.6678954362869263,0.18089032173156738
0.5890570282936096,0.6732739806175232,0.24158582091331482
0.5291523337364197,0.6736000180244446,0.19450555741786957
0.5989925861358643,0.6909790635108948,0.0704290047287941
0.5262404680252075,0.6924523115158081,0.022179868072271347
-
0.549113929271698,0.38988810777664185,-0.2922222912311554
0.5556946992874146,0.3840053677558899,-0.2686469256877899
0.559431791305542,0.38416486978530884,-0.26863914728164673
0.5627350807189941,0.38434553146362305,-0.26862427592277527
0.5431521534919739,0.3839223086833954,-0.2702353596687317
0.539064884185791,0.38403162360191345,-0.27026861906051636
0.5354151725769043,0.3842414617538452,-0.2702295780181885
0.569599449634552,0.3879551887512207,-0.11683899909257889
0.5303084254264832,0.38787519931793213,-0.12650084495544434
0.5578010678291321,0.39711788296699524,-0.23578087985515594
0.5421515107154846,0.3975234925746918,-0.23842118680477142
0.6024127006530762,0.4216686189174652,0.0029471523594111204
0.5020437836647034,0.423410028219223,-0.01001324225217104
0.6550315618515015,0.44067102670669556,0.07993882149457932
0.4546583294868469,0.4410734176635742,0.08077207952737808
0.6129522323608398,0.4620727598667145,-0.013754349201917648
0.49668169021606445,0.4610312879085541,0.03049212321639061
0.6014061570167542,0.46893835067749023,-0.04739305004477501
0.507685124874115,0.46834081411361694,0.003823779057711363
0.594207763671875,0.46602147817611694,-0.06753680855035782
0.5135443210601807,0.4640652537345886,-0.008550101891160011
0.5966235995292664,0.46349436044692993,-0.023458776995539665
0.5115317106246948,0.4616122245788574,0.026172611862421036
0.5848796963691711,0.5167891979217529,0.0071386853232979774
0.5209710001945496,0.517649233341217,-0.007320337928831577
0.5912361145019531,0.5893620252609253,-0.03807959333062172
0.5207194685935974,0.5904948711395264,-0.033619191497564316
0.598530113697052,0.6630853414535522,0.18184450268745422
0.5191313624382019,0.6622653603553772,0.16740097105503082
0.5945292115211487,0.6683233380317688,0.19279435276985168
0.5237149000167847,0.6670090556144714,0.1778130680322647
0.5989624857902527,0.6888459920883179,0.024470161646604538
0.5236166715621948,0.689365029335022,0.010640880092978477
-
0.5490958094596863,0.38029801845550537,-0.29233062267303467
0.555806040763855,0.3742859959602356,-0.27022066712379456
0.559527575969696,0.3743508458137512,-0.27021288871765137
0.5628140568733215,0.37443238496780396,-0.27020666003227234
0.5431795120239258,0.37439101934432983,-0.27010253071784973
0.5391049981117249,0.3745856285095215,-0.27011412382125854
0.535493791103363,0.3748522400856018,-0.27006101608276367
0.5695804357528687,0.3773685395717621,-0.12217430770397186
0.5308118462562561,0.37804922461509705,-0.12373264133930206
0.5577968955039978,0.3871941864490509,-0.2365420162677765
0.5421568751335144,0.3878795802593231,-0.23687349259853363
0.6024564504623413,0.41096311807632446,-0.008820212446153164
0.5020159482955933,0.41209664940834045,0.0027687489055097103
0.655314028263092,0.43187540769577026,0.06251418590545654
0.45282554626464844,0.432079017162323,0.09740382432937622
0.6131013035774231,0.45449298620224,-0.02430112101137638
0.4902949333190918,0.4505794942378998,0.05184173956513405
0.6027956008911133,0.46233147382736206,-0.05890737101435661
0.5034704208374023,0.4578556418418884,0.025698553770780563
0.5955070853233337,0.45871514081954956,-0.07796978205442429
0.5092623233795166,0.452825129032135,0.011962251737713814
0.5973181128501892,0.4559803009033203,-0.032851267606019974
0.5070095062255859,0.45034369826316833,0.04687218740582466
0.584819495677948,0.5039927363395691,0.001128906267695129
0.5210341811180115,0.5053526163101196,-0.0012548796366900206
0.5875945687294006,0.5781558752059937,-0.03767464682459831
0.5208740830421448,0.5804726481437683,-0.023792488500475883
0.599679708480835,0.6492207646369934,0.18420225381851196
0.5172001123428345,0.6509267091751099,0.1756569892168045
0.5957613587379456,0.6547609567642212,0.1968669891357422
0.5221652388572693,0.6559099555015564,0.18764853477478027
0.5991201996803284,0.6755708456039429,0.02885485254228115
0.519260048866272,0.676906168460846,0.023648126050829887
-
0.5492495894432068,0.3713054060935974,-0.2956940829753876
0.5561034083366394,0.36561286449432373,-0.2735629379749298
0.559718132019043,0.36565834283828735,-0.27355414628982544
0.5631034970283508,0.36572590470314026,-0.2735426723957062
0.5432748794555664,0.36597901582717896,-0.2735568583011627
0.5391098856925964,0.3663274943828583,-0.2735689580440521
0.5354738831520081,0.3667505085468292,-0.27352625131607056
0.570104718208313,0.36954671144485474,-0.12585727870464325
0.53079754114151,0.37052351236343384,-0.1267789900302887
0.5578724145889282,0.37852048873901367,-0.23997150361537933
0.5421273708343506,0.3790486454963684,-0.24021795392036438
0.6030762791633606,0.40459927916526794,-0.01419872883707285
0.5015068650245667,0.4049210548400879,-0.00410498958081007
0.6555421352386475,0.42585521936416626,0.03830867260694504
0.45260778069496155,0.4269271492958069,0.07619638741016388
0.6131174564361572,0.4474005699157715,-0.06961275637149811
0.485975056886673,0.4431184232234955,0.020523179322481155
0.6029401421546936,0.4540674686431885,-0.10621073842048645
0.4998200237751007,0.45048385858535767,-0.009069004096090794
0.5955033898353577,0.44992977380752563,-0.12570954859256744
0.5064026117324829,0.4461718201637268,-0.023281484842300415
0.5973153114318848,0.44737234711647034,-0.079167939722538
0.5041333436965942,0.4437924325466156,0.014601531438529491
0.5849692821502686,0.4982777535915375,0.00020164238230790943
0.520996630191803,0.49947595596313477,-0.0003025673213414848
0.5863120555877686,0.5736480951309204,-0.016935989260673523
0.5210835337638855,0.5758056044578552,-0.010291351936757565
0.5994938611984253,0.6402755975723267,0.20469307899475098
0.5169750452041626,0.6413038969039917,0.19960036873817444
0.5953598618507385,0.6476262807846069,0.21308307349681854
0.5225077867507935,0.6474402546882629,0.21100963652133942
0.5990900993347168,0.666503369808197,0.045947737991809845
0.5152936577796936,0.66694575548172,0.041873998939991
-
0.549231231212616,0.3662409484386444,-0.2930227816104889
0.5559564232826233,0.3601137697696686,-0.27135470509529114
0.559655487537384,0.3602197468280792,-0.27134451270103455
0.562944769859314,0.3603627383708954,-0.27135756611824036
0.5431563258171082,0.360470712184906,-0.27144715189933777
0.5389688611030579,0.360683798789978,-0.2714587450027466
0.5351818203926086,0.36116108298301697,-0.2714024782180786
0.5699925422668457,0.36458417773246765,-0.12727071344852448
0.5301043391227722,0.3654499053955078,-0.12818826735019684
0.5578649044036865,0.37300223112106323,-0.23854884505271912
0.5421153903007507,0.3734149634838104,-0.2388334721326828
0.6032726168632507,0.3997572064399719,-0.013485739938914776
0.5001335740089417,0.40009087324142456,-0.004936834331601858
0.6555613875389099,0.42057889699935913,0.07704486697912216
0.45216572284698486,0.42296820878982544,0.10920175909996033
0.6131049990653992,0.44147175550460815,0.03047020733356476
0.485227108001709,0.4396703243255615,0.10872447490692139
0.602946400642395,0.4490610957145691,0.004376324359327555
0.49874788522720337,0.4459102749824524,0.08784275501966476
0.5956565737724304,0.444864422082901,-0.018399130553007126
0.5052741765975952,0.4422403872013092,0.07238317281007767
0.5974120497703552,0.44257086515426636,0.020739125087857246
0.5028245449066162,0.43990129232406616,0.10324450582265854
0.5850324034690857,0.4930914044380188,0.00019213915220461786
0.5209001898765564,0.4941014349460602,-0.00027340231463313103
0.5858314037322998,0.568806529045105,-0.024219226092100143
0.5208302140235901,0.570231556892395,-0.017265355214476585
0.5993182063102722,0.6347727179527283,0.20784318447113037
0.5163389444351196,0.6358202695846558,0.1985965073108673
0.5940238833427429,0.6413823366165161,0.2162056863307953
0.5224959850311279,0.6422148942947388,0.21073265373706818
0.599736750125885,0.66152423620224,0.04739952087402344
0.5111140608787537,0.6611403226852417,0.042356643825769424
-
0.5492404103279114,0.36360132694244385,-0.2641329765319824
0.5560106635093689,0.35870951414108276,-0.24386681616306305
0.5597962141036987,0.3587856888771057,-0.2438725084066391
0.5630216002464294,0.3589473366737366,-0.24389629065990448
0.5432168841362,0.35881808400154114,-0.2436792552471161
0.5390342473983765,0.3589830994606018,-0.24367879331111908
0.5352533459663391,0.35917168855667114,-0.24364762008190155
0.5699729919433594,0.3620356023311615,-0.10912932455539703
0.5301015377044678,0.3623095154762268,-0.10830588638782501
0.5578550696372986,0.37067118287086487,-0.21236133575439453
0.5421261787414551,0.3713206350803375,-0.21239350736141205
0.6031808257102966,0.39644983410835266,-0.012652675621211529
0.5001423954963684,0.39686188101768494,-0.004697198048233986
0.6556390523910522,0.4191421568393707,-0.0028756046667695045
0.45140886306762695,0.42052435874938965,0.0330129899084568
0.6130309700965881,0.4402708113193512,-0.16530372202396393
0.4859509766101837,0.4374099671840668,-0.07041444629430771
0.6029475927352905,0.4500337541103363,-0.21086162328720093
0.4986903667449951,0.4456709921360016,-0.10636365413665771
0.5956059694290161,0.44413548707962036,-0.22340494394302368
0.5053927302360535,0.44049176573753357,-0.12025326490402222
0.5973163843154907,0.44133076071739197,-0.17335496842861176
0.5031810998916626,0.4380624294281006,-0.0771767646074295
0.5845223069190979,0.49055448174476624,-0.00033512371010147035
0.52069491147995,0.4908221364021301,0.0002590977237559855
0.5860299468040466,0.5627373456954956,-0.02367357350885868
0.5201283097267151,0.5655633211135864,-0.01488039456307888
0.5975936651229858,0.6308261156082153,0.19636082649230957
0.5160560011863708,0.6317764520645142,0.1885911375284195
0.5899152159690857,0.6376851797103882,0.20795053243637085
0.5225141644477844,0.6381511688232422,0.19950230419635773
0.6009783148765564,0.6578174829483032,0.0488329716026783
0.5090441107749939,0.6571632027626038,0.038991160690784454
-
0.5498749017715454,0.36308616399765015,-0.24994680285453796
0.5562634468078613,0.3583291172981262,-0.2271706759929657
0.5600169897079468,0.35839271545410156,-0.22718393802642822
0.563137948513031,0.35847145318984985,-0.22721105813980103
0.5435648560523987,0.3584320545196533,-0.22911031544208527
0.5394090414047241,0.35862618684768677,-0.22911319136619568
0.535574197769165,0.35882478952407837,-0.22907748818397522
0.5697950720787048,0.36170995235443115,-0.08395685255527496
0.5301923751831055,0.36245280504226685,-0.09372695535421371
0.5582058429718018,0.36989516019821167,-0.19558875262737274
0.5425052046775818,0.37063491344451904,-0.19843250513076782
0.603026807308197,0.396684467792511,0.007009527646005154
0.4998341500759125,0.3966231942176819,-0.0020393352024257183
0.6556509733200073,0.4189976155757904,0.013314852491021156
0.45082172751426697,0.4191977381706238,0.000820417539216578
0.6129612922668457,0.4393838942050934,-0.1472613513469696
0.48653343319892883,0.43504318594932556,-0.13339917361736298
0.6029501557350159,0.44799184799194336,-0.19457826018333435
0.4990851879119873,0.44256892800331116,-0.17466232180595398
0.595632791519165,0.44252902269363403,-0.2081747055053711
0.505710244178772,0.43759140372276306,-0.18949949741363525
0.597378134727478,0.4396493434906006,-0.15595577657222748
0.5035673379898071,0.4351414144039154,-0.14126765727996826
0.5840697288513184,0.488947331905365,0.0007507085683755577
0.5202609896659851,0.4894760549068451,-0.0007977787172421813
0.586155891418457,0.5625895261764526,-0.024852173402905464
0.5179167985916138,0.5646178722381592,-0.018188271671533585
0.5959605574607849,0.630286693572998,0.19113388657569885
0.51496422290802,0.6306980848312378,0.179465651512146
0.5876131057739258,0.6365615725517273,0.2032722681760788
0.521950364112854,0.6363474726676941,0.19003334641456604
0.6010238528251648,0.6564428210258484,0.04221010580658913
0.5081701278686523,0.6556390523910522,0.028146136552095413
-
0.5494399666786194,0.3640685975551605,-0.24601775407791138
0.5558934807777405,0.35894179344177246,-0.22357690334320068
0.5597350001335144,0.3589688539505005,-0.22358597815036774
0.5629057884216309,0.3590802550315857,-0.22360827028751373
0.5433764457702637,0.35916075110435486,-0.225199893116951
0.5392633080482483,0.3593616187572479,-0.22520241141319275
0.5354525446891785,0.35972344875335693,-0.22516858577728271
0.5691629648208618,0.3631274700164795,-0.08174721151590347
0.5301110744476318,0.3632853925228119,-0.09035652130842209
0.557729959487915,0.3706355094909668,-0.19226019084453583
0.5420763492584229,0.37077632546424866,-0.19479039311408997
0.6025285720825195,0.39830729365348816,0.006951166316866875
0.4990669786930084,0.3980313837528229,0.0004531285376287997
0.654631495475769,0.4194857180118561,0.013400806114077568
0.45110058784484863,0.4211568832397461,0.007279654964804649
0.6128835082054138,0.4401392936706543,-0.13906438648700714
0.4865858256816864,0.43711286783218384,-0.12275639921426773
0.6028786301612854,0.4476667046546936,-0.18465177714824677
0.4990707337856293,0.444260835647583,-0.16266530752182007
0.5954386591911316,0.44343361258506775,-0.1981734335422516
0.5059033036231995,0.43964704871177673,-0.1792641133069992
0.5971636176109314,0.4408121109008789,-0.14704270660877228
0.5037798285484314,0.4372628331184387,-0.1312095820903778
0.584002673625946,0.4887310862541199,0.0007805789355188608
0.5198558568954468,0.4900631010532379,-0.0008234471315518022
0.5864036083221436,0.5621294975280762,-0.027158642187714577
0.5178739428520203,0.5645591020584106,-0.019972655922174454
0.5946200489997864,0.629708468914032,0.17195524275302887
0.5139965415000916,0.6309532523155212,0.15566124022006989
0.585359513759613,0.6352721452713013,0.18335522711277008
0.5216220617294312,0.6364951133728027,0.16456645727157593
0.6009802222251892,0.656918466091156,0.024386310949921608
0.5068257451057434,0.6566345691680908,0.0026480096857994795
-
0.549289345741272,0.3672730624675751,-0.2512705624103546
0.5557286143302917,0.36226046085357666,-0.22962242364883423
0.5596737265586853,0.3623174726963043,-0.2296179234981537
0.5628610253334045,0.36248254776000977,-0.22963352501392365
0.5432367920875549,0.3623821437358856,-0.23056040704250336
0.5391692519187927,0.36252468824386597,-0.2305799275636673
0.5353794693946838,0.36282801628112793,-0.23053956031799316
0.5690970420837402,0.36639079451560974,-0.08761579543352127
0.5299228429794312,0.36670276522636414,-0.0950353741645813
0.5576955080032349,0.37382060289382935,-0.19872398674488068
0.5419334769248962,0.37392476201057434,-0.20050552487373352
0.6024656295776367,0.4015369415283203,0.005070904735475779
0.4990343749523163,0.40113839507102966,0.0014629511861130595
0.6534013152122498,0.42198413610458374,0.017010077834129333
0.45156267285346985,0.4241611957550049,0.024430863559246063
0.6105130314826965,0.44363173842430115,-0.13704471290111542
0.4850115180015564,0.440034955739975,-0.09660430252552032
0.6019772887229919,0.45041424036026,-0.1833961308002472
0.4982683062553406,0.4467152953147888,-0.13577625155448914
0.5948612093925476,0.4464941918849945,-0.20029214024543762
0.5050144791603088,0.4428103566169739,-0.15379834175109863
0.5964130163192749,0.4442165493965149,-0.1465005874633789
0.5026249885559082,0.44038286805152893,-0.10539354383945465
0.5838664174079895,0.4911523759365082,0.0007887581014074385
0.5197252631187439,0.4925392270088196,-0.000825256749521941
0.5865809321403503,0.5663505792617798,-0.041110869497060776
0.5163459181785583,0.5683692097663879,-0.0303590539842844
0.593329131603241,0.6308873891830444,0.17010417580604553
0.512823760509491,0.6338708400726318,0.14686454832553864
0.5846775770187378,0.6365971565246582,0.18247613310813904
0.5211859345436096,0.6399880051612854,0.1553473025560379
0.5998750925064087,0.6581116318702698,0.018533170223236084
0.5065015554428101,0.6585959196090698,-0.01438049878925085
-
0.5486310720443726,0.3677412271499634,-0.2554820477962494
0.5554178953170776,0.36248475313186646,-0.2333691418170929
0.5595484375953674,0.3625646233558655,-0.2333669513463974
0.5627673864364624,0.3627515435218811,-0.23338524997234344
0.5427842736244202,0.3628520965576172,-0.2343735545873642
0.5389060378074646,0.3632185459136963,-0.2343895137310028
0.5351647138595581,0.3638055920600891,-0.23434443771839142
0.5689100027084351,0.36734533309936523,-0.09007082134485245
0.5298395752906799,0.3673514425754547,-0.09609811753034592
0.5573474168777466,0.3748595714569092,-0.20224253833293915
0.5414497256278992,0.3751920759677887,-0.20398713648319244
0.6016964912414551,0.40289273858070374,0.003244029125198722
0.49904733896255493,0.40155211091041565,0.005863735917955637
0.6531582474708557,0.42293494939804077,-0.007787943352013826
0.4509408175945282,0.42516183853149414,0.028826216235756874
0.6083041429519653,0.4453704357147217,-0.1821870356798172
0.48528391122817993,0.4417687952518463,-0.058167342096567154
0.60041344165802,0.452109158039093,-0.23287980258464813
0.49835315346717834,0.44878196716308594,-0.09405888617038727
0.5927944779396057,0.4470728933811188,-0.24558357894420624
0.5051782131195068,0.44484812021255493,-0.11090341955423355
0.5944405198097229,0.4450840353965759,-0.19052110612392426
0.5028311610221863,0.4431760311126709,-0.06582318246364594
0.5836914777755737,0.49154940247535706,0.0007117041386663914
0.5193982720375061,0.4941047728061676,-0.0007402520277537405
0.5870233774185181,0.5713110566139221,-0.050520848482847214
0.5150660872459412,0.5731813907623291,-0.034578993916511536
0.5908343195915222,0.6334320306777954,0.20189976692199707
0.5126429796218872,0.6356906294822693,0.17791393399238586
0.58242267370224,0.6394208669662476,0.22066321969032288
0.5211754441261292,0.6413964033126831,0.19180583953857422
0.5981128811836243,0.6603711843490601,0.06337101757526398
0.5062562823295593,0.6593154668807983,0.023058971390128136
-
0.5483434200286865,0.3797745108604431,-0.28506776690483093
0.5553038716316223,0.37538275122642517,-0.26136988401412964
0.5594989657402039,0.3755299746990204,-0.2613694369792938
0.5627047419548035,0.3756175935268402,-0.261391282081604
0.5427352786064148,0.3754667639732361,-0.26207566261291504
0.5388604998588562,0.37573713064193726,-0.2620793581008911
0.5351133346557617,0.37595871090888977,-0.2620165944099426
0.5682191252708435,0.3793942332267761,-0.11850673705339432
0.5298725366592407,0.3793894648551941,-0.1222022995352745
0.5570760369300842,0.3874574303627014,-0.23171380162239075
0.540952205657959,0.3876846432685852,-0.2328256219625473
0.6004224419593811,0.41352301836013794,-0.0331798754632473
0.49842455983161926,0.41432371735572815,-0.010739133693277836
0.6522461175918579,0.4355491101741791,-0.027220668271183968
0.44992002844810486,0.43511509895324707,0.0373074896633625
0.6095622777938843,0.45451053977012634,-0.1826617568731308
0.4854711890220642,0.45385169982910156,-0.05529903993010521
0.6020791530609131,0.4610464572906494,-0.22799119353294373
0.4984709918498993,0.4610009789466858,-0.09277704358100891
0.5949029922485352,0.45648568868637085,-0.2439655065536499
0.5052886605262756,0.45651721954345703,-0.10319268703460693
0.5964170098304749,0.4541773200035095,-0.19177886843681335
0.502984881401062,0.4541904330253601,-0.06471598148345947
0.5828095078468323,0.5037940740585327,-0.0016477983444929123
0.5184665322303772,0.5041268467903137,0.0016277149552479386
0.5871261358261108,0.5798800587654114,-0.05168600007891655
0.512963593006134,0.5840848684310913,-0.025453312322497368
0.5894636511802673,0.633931040763855,0.23872962594032288
0.512793242931366,0.6409330368041992,0.2097913920879364
0.5824534893035889,0.6406859159469604,0.26077553629875183
0.5211949944496155,0.6471750140190125,0.22499647736549377
0.5953622460365295,0.6628692150115967,0.10824170708656311
0.5067939758300781,0.6699087619781494,0.061097849160432816
-
0.548208475112915,0.39254558086395264,-0.2949175536632538
0.5551068782806396,0.3878362774848938,-0.270882785320282
0.5592032074928284,0.3880358636379242,-0.27089279890060425
0.5625393986701965,0.38826900720596313,-0.2709102928638458
0.5426897406578064,0.38792484998703003,-0.2722991406917572
0.5388246178627014,0.3881116509437561,-0.2723156809806824
0.5351015329360962,0.3882148563861847,-0.2722730338573456
0.5677955150604248,0.39228513836860657,-0.12408178299665451
0.529865026473999,0.39175945520401,-0.13155198097229004
0.556800901889801,0.39932212233543396,-0.2400072067975998
0.5408234596252441,0.39904481172561646,-0.24213729798793793
0.5990720987319946,0.42644214630126953,-0.0317826010286808
0.4978081285953522,0.4283876419067383,-0.02298135682940483
0.6519437432289124,0.4462065100669861,-0.007406493648886681
0.45049187541007996,0.4492228925228119,0.041176121681928635
0.6095641851425171,0.4683913290500641,-0.129835307598114
0.4870181679725647,0.4670141637325287,-0.026730110868811607
0.6015139818191528,0.4733444154262543,-0.16380326449871063
0.499571830034256,0.4733274579048157,-0.05586114525794983
0.5949007868766785,0.4699559807777405,-0.18935172259807587
0.5055468678474426,0.46988290548324585,-0.07077691704034805
0.5965338945388794,0.46789130568504333,-0.1421426385641098
0.503092348575592,0.4673738479614258,-0.03428508713841438
0.5815632939338684,0.5184625387191772,-0.00024986674543470144
0.5177440643310547,0.5187591910362244,0.00024054781533777714
0.5872058272361755,0.5914868116378784,-0.044639334082603455
0.5114601850509644,0.5935088396072388,-0.02549070306122303
0.586192786693573,0.641662061214447,0.25243330001831055
0.5128242373466492,0.6491624712944031,0.20870152115821838
0.5804948806762695,0.6475683450698853,0.27381452918052673
0.5208607912063599,0.6551942229270935,0.22338996827602386
0.592194676399231,0.6707926392555237,0.1242586225271225
0.5071482062339783,0.6771981120109558,0.06186937168240547
-
0.5482238531112671,0.40695881843566895,-0.29545390605926514
0.5550758838653564,0.4018401503562927,-0.2719912528991699
0.5591758489608765,0.4019806981086731,-0.27200374007225037
0.5625153183937073,0.40207070112228394,-0.27203458547592163
0.5426569581031799,0.40184515714645386,-0.27308526635169983
0.5387994050979614,0.40185338258743286,-0.2730958163738251
0.535078763961792,0.4017646908760071,-0.2730541229248047
0.5677188634872437,0.40596112608909607,-0.13004444539546967
0.5298125147819519,0.4055054187774658,-0.13563993573188782
0.5568071603775024,0.41343989968299866,-0.24226120114326477
0.5408681035041809,0.41309961676597595,-0.2439105212688446
0.5990992784500122,0.44021064043045044,-0.041109275072813034
0.4970453381538391,0.44155144691467285,-0.03429964557290077
0.6530188918113708,0.4598017632961273,-0.01419383566826582
0.45070186257362366,0.4625246524810791,0.03718506544828415
0.6095521450042725,0.4816989302635193,-0.13725987076759338
0.4893699288368225,0.4821527600288391,-0.014395096339285374
0.6004785299301147,0.4877873361110687,-0.17563213407993317
0.5012545585632324,0.4886646270751953,-0.04181858152151108
0.5941386818885803,0.48460450768470764,-0.19353288412094116
0.5069682002067566,0.48644036054611206,-0.058400120586156845
0.5961840152740479,0.4821162223815918,-0.14636532962322235
0.5045663118362427,0.4839569628238678,-0.021611183881759644
0.5807955265045166,0.5303599238395691,0.00127646722830832
0.5171765089035034,0.5310919880867004,-0.0012824918376281857
0.587282121181488,0.6031759977340698,-0.0412539467215538
0.5104084014892578,0.6039934754371643,-0.025211459025740623
0.5852755308151245,0.6511808037757874,0.2720685303211212
0.512300431728363,0.653748095035553,0.24163714051246643
0.5797327160835266,0.6569513082504272,0.29630014300346375
0.5202216506004333,0.6599616408348083,0.26134806871414185
0.5910235643386841,0.6787919402122498,0.15481755137443542
0.5073370337486267,0.6800944209098816,0.11358258873224258
-
0.5477264523506165,0.4168378710746765,-0.2904519736766815
0.5545099377632141,0.4117158055305481,-0.2671118974685669
0.5587214827537537,0.41193628311157227,-0.2671196460723877
0.5619746446609497,0.41206544637680054,-0.26714420318603516
0.5420708656311035,0.4118616580963135,-0.26956242322921753
0.5381740927696228,0.41210079193115234,-0.2695769965648651
0.5341542363166809,0.41228294372558594,-0.2695501446723938
0.566972017288208,0.4161463677883148,-0.12436864525079727
0.5295454263687134,0.41599494218826294,-0.13087333738803864
0.5561398863792419,0.4243127703666687,-0.2377588450908661
0.5402146577835083,0.42433619499206543,-0.23851726949214935
0.5988855361938477,0.4522075057029724,-0.05963682010769844
0.4970792531967163,0.45222902297973633,-0.030658017843961716
0.6545133590698242,0.4718094766139984,-0.1201646476984024
0.45067378878593445,0.47359007596969604,-0.051409345120191574
0.6083929538726807,0.4947110116481781,-0.30562251806259155
0.48957493901252747,0.4928379952907562,-0.20668275654315948
0.5964510440826416,0.5004497766494751,-0.35735103487968445
0.5013488531112671,0.49909305572509766,-0.25157037377357483
0.5908035635948181,0.4971793293952942,-0.363874226808548
0.5072523951530457,0.49623578786849976,-0.2597507834434509
0.5940256118774414,0.49506187438964844,-0.3112821578979492
0.504864513874054,0.49407535791397095,-0.2134949415922165
0.5797517895698547,0.5420307517051697,1.125214657804463e-05
0.515854001045227,0.5422624349594116,-9.532859257888049e-05
0.5899242162704468,0.61195307970047,-0.04874149337410927
0.5091915130615234,0.6126104593276978,-0.031589485704898834
0.5857182145118713,0.6547107696533203,0.31536614894866943
0.5126336216926575,0.6576579213142395,0.28471940755844116
0.5794844627380371,0.6595329642295837,0.3466719388961792
0.5212673544883728,0.6630401015281677,0.3113039433956146
0.5914562940597534,0.680225133895874,0.21846549212932587
0.5074735879898071,0.6807344555854797,0.18222682178020477
-
0.5464159250259399,0.4199519753456116,-0.28296542167663574
0.5533093810081482,0.4156869947910309,-0.25785332918167114
0.5575777888298035,0.4158421456813812,-0.25786781311035156
0.5610958337783813,0.4159899353981018,-0.25790905952453613
0.5410183668136597,0.41573554277420044,-0.25772467255592346
0.5371110439300537,0.4158787727355957,-0.25772935152053833
0.5329253077507019,0.4161226749420166,-0.25765493512153625
0.5661362409591675,0.4187825620174408,-0.12202312797307968
0.5287870764732361,0.419350802898407,-0.11872236430644989
0.5552106499671936,0.4266071915626526,-0.23404060304164886
0.5390481352806091,0.426683247089386,-0.23266872763633728
0.598447322845459,0.45427337288856506,-0.053753647953271866
0.49665769934654236,0.4551631510257721,-0.027121592313051224
0.6546074151992798,0.47583866119384766,-0.10834047198295593
0.4519524574279785,0.477621465921402,-0.06240691989660263
0.6084889769554138,0.49735012650489807,-0.289184033870697
0.4899214804172516,0.4957796633243561,-0.2303261011838913
0.5962250232696533,0.5040147304534912,-0.34010255336761475
0.5010578632354736,0.5029782056808472,-0.27641770243644714
0.5903885960578918,0.4995392858982086,-0.34859025478363037
0.5070760250091553,0.4993356168270111,-0.28190386295318604
0.5938548445701599,0.49741077423095703,-0.29532763361930847
0.5048857927322388,0.4970928728580475,-0.23594696819782257
0.57928466796875,0.5431760549545288,-0.0004680326965171844
0.514400064945221,0.5425730347633362,0.0003651816805358976
0.590502142906189,0.6130634546279907,-0.06615417450666428
0.5084705948829651,0.6126831769943237,-0.03741546347737312
0.5851389169692993,0.6564117670059204,0.28963151574134827
0.5127221345901489,0.6589681506156921,0.256120502948761
0.5781572461128235,0.6607784032821655,0.31911155581474304
0.5215030908584595,0.66431725025177,0.2789265513420105
0.5910786390304565,0.6806327104568481,0.19150471687316895
0.5075464248657227,0.6825476288795471,0.14472919702529907
-
0.5452727675437927,0.4153042435646057,-0.2762734293937683
0.551815390586853,0.4106723666191101,-0.2512030005455017
0.555959165096283,0.4107482433319092,-0.2512349486351013
0.5598129034042358,0.41079798340797424,-0.2512814402580261
0.5396772027015686,0.41108497977256775,-0.2500464916229248
0.5357676148414612,0.4113265573978424,-0.2500433325767517
0.5318121314048767,0.41149964928627014,-0.24998626112937927
0.5643453001976013,0.41399049758911133,-0.11434171348810196
0.528550386428833,0.4148713946342468,-0.10745149105787277
0.5541471838951111,0.4222997725009918,-0.22691494226455688
0.5380799770355225,0.4223574995994568,-0.22475670278072357
0.5983052253723145,0.45105037093162537,-0.04564570263028145
0.49657487869262695,0.45134076476097107,-0.025733230635523796
0.65478515625,0.4730004668235779,-0.11967121809720993
0.4550156891345978,0.47375544905662537,-0.07353878021240234
0.6077661514282227,0.49391335248947144,-0.33224451541900635
0.4923817217350006,0.4926494061946869,-0.2492600530385971
0.5951507091522217,0.49953192472457886,-0.38778936862945557
0.5025821328163147,0.49884313344955444,-0.297380656003952
0.5889185667037964,0.4962899684906006,-0.393539696931839
0.5085130333900452,0.4960865378379822,-0.30512264370918274
0.5921440720558167,0.4944264888763428,-0.33829623460769653
0.5066108703613281,0.4939854145050049,-0.25594040751457214
0.578420102596283,0.5389617681503296,0.0007500604842789471
0.5143980383872986,0.5388803482055664,-0.0008425300475209951
0.5904812812805176,0.6093308925628662,-0.06022897735238075
0.5087718963623047,0.6100478768348694,-0.034600235521793365
0.5852925777435303,0.657842755317688,0.2732548117637634
0.5131307244300842,0.6597874760627747,0.24838343262672424
0.5771068334579468,0.6631015539169312,0.29847779870033264
0.5217542052268982,0.6650162935256958,0.26893627643585205
0.5919529795646667,0.680202841758728,0.1600600928068161
0.5096119046211243,0.6820434331893921,0.12446606159210205
-
0.5443860292434692,0.40887993574142456,-0.2756473422050476
0.5512131452560425,0.4041053354740143,-0.25137579441070557
0.5554936528205872,0.40420645475387573,-0.2514062821865082
0.5594402551651001,0.40429943799972534,-0.2514551877975464
0.5388990044593811,0.4043746888637543,-0.2505829930305481
0.5350872278213501,0.40457892417907715,-0.2505827844142914
0.5312604904174805,0.4047514796257019,-0.2505267560482025
0.5641669631004333,0.407700777053833,-0.12031740695238113
0.5282117128372192,0.40824928879737854,-0.1116432175040245
0.5535141229629517,0.41586604714393616,-0.22683177888393402
0.5372609496116638,0.4159654974937439,-0.22474002838134766
0.5979010462760925,0.44375038146972656,-0.04377499595284462
0.49658945202827454,0.44432538747787476,-0.024883346632122993
0.6548767685890198,0.46501025557518005,-0.08359653502702713
0.45630598068237305,0.4674673080444336,0.019916709512472153
0.60785311460495,0.486471951007843,-0.2689860165119171
0.49256277084350586,0.4849618971347809,-0.029429741203784943
0.595441997051239,0.49255862832069397,-0.3362412452697754
0.5025027394294739,0.4916258752346039,-0.05820121243596077
0.5891337990760803,0.48894843459129333,-0.3406575322151184
0.5082491636276245,0.4884263575077057,-0.07205377519130707
0.5922334790229797,0.48691368103027344,-0.27402976155281067
0.5064666271209717,0.4861874580383301,-0.03559791296720505
0.5774833559989929,0.5330895185470581,0.0007171482429839671
0.5144112706184387,0.5332364439964294,-0.0008161564473994076
0.5890141129493713,0.6046687364578247,-0.027232937514781952
0.5089223980903625,0.6057565808296204,-0.017908401787281036
0.5855217576026917,0.6562351584434509,0.2669464349746704
0.5128809809684753,0.6580175757408142,0.24497373402118683
0.5781566500663757,0.6613762974739075,0.29025015234947205
0.520175039768219,0.6632531881332397,0.26383307576179504
0.5919833183288574,0.6795965433120728,0.15401054918766022
0.5099045038223267,0.6809636354446411,0.11483342200517654
-
0.5430463552474976,0.3936125636100769,-0.2765233516693115
0.5498972535133362,0.3894406259059906,-0.25445544719696045
0.554338812828064,0.38965681195259094,-0.2544669210910797
0.5584958791732788,0.38992294669151306,-0.2544935643672943
0.5375221967697144,0.38990652561187744,-0.25373706221580505
0.5337514877319336,0.3902890384197235,-0.2537404000759125
0.530306339263916,0.3906002938747406,-0.25369879603385925
0.5637949705123901,0.39460915327072144,-0.12045587599277496
0.5280739665031433,0.39530545473098755,-0.11484704911708832
0.5524991750717163,0.40157026052474976,-0.226948544383049
0.5362467765808105,0.4017382562160492,-0.22511984407901764
0.5979186296463013,0.4318639636039734,-0.02927391789853573
0.49650442600250244,0.4326191842556,-0.022971266880631447
0.6547237634658813,0.45223718881607056,-0.012734676711261272
0.4561397135257721,0.4531850218772888,0.0630326122045517
0.6079607009887695,0.4728347659111023,-0.15029558539390564
0.4920802116394043,0.46998730301856995,0.030778277665376663
0.5972263216972351,0.47681158781051636,-0.18984954059123993
0.5019559860229492,0.47633957862854004,0.005848887376487255
0.5921016335487366,0.47382307052612305,-0.20859231054782867
0.5075550675392151,0.4742833971977234,-0.009069046005606651
0.5942044854164124,0.4718891978263855,-0.1604406237602234
0.5060946345329285,0.47228556871414185,0.024913109838962555
0.5776408910751343,0.523764431476593,0.0016467770328745246
0.5149586796760559,0.5244251489639282,-0.0017637457931414247
0.588148295879364,0.5967727303504944,-0.030329087749123573
0.5116520524024963,0.5979979038238525,-0.019187627360224724
0.5869742631912231,0.6546703577041626,0.26553410291671753
0.5123547315597534,0.6579388976097107,0.23921902477741241
0.581635594367981,0.6603065729141235,0.28503644466400146
0.5190149545669556,0.660591721534729,0.25503015518188477
0.5916080474853516,0.6789084672927856,0.12601618468761444
0.5100131630897522,0.6809147596359253,0.09024187922477722
-
0.5426475405693054,0.3814214766025543,-0.2966710329055786
0.5497657656669617,0.37711477279663086,-0.2752646207809448
0.5542780756950378,0.37719979882240295,-0.2752564549446106
0.5584275722503662,0.37740081548690796,-0.2752477526664734
0.5371151566505432,0.37717241048812866,-0.27515965700149536
0.5332655310630798,0.3773450255393982,-0.27518516778945923
0.5298556685447693,0.3775990605354309,-0.27514803409576416
0.5636622309684753,0.38162609934806824,-0.13641968369483948
0.5277513861656189,0.3823229670524597,-0.13574789464473724
0.5523468852043152,0.38918009400367737,-0.244393453001976
0.5358440279960632,0.3893718421459198,-0.24427588284015656
0.5979164838790894,0.41819873452186584,-0.039053913205862045
0.49590805172920227,0.41845208406448364,-0.02502996101975441
0.6568813920021057,0.43749165534973145,-0.03008478507399559
0.45501992106437683,0.4374491572380066,0.040674056857824326
0.6097179651260376,0.45869413018226624,-0.19415214657783508
0.48949694633483887,0.4555965065956116,-0.03317500650882721
0.598978579044342,0.46457210183143616,-0.2374243140220642
0.4999004900455475,0.4631965160369873,-0.06533683836460114
0.5934380888938904,0.4597325325012207,-0.25034207105636597
0.5061860680580139,0.45924311876296997,-0.07865177094936371
0.5952774882316589,0.45774728059768677,-0.20207154750823975
0.5047751069068909,0.4569206237792969,-0.03946132957935333
0.5777304172515869,0.5100687742233276,-0.0014341387432068586
0.5151806473731995,0.5111027359962463,0.0012552962871268392
0.5825872421264648,0.5802596211433411,-0.012664226815104485
0.5129604935646057,0.5826717615127563,0.002012019045650959
0.5895892381668091,0.6457489728927612,0.23463819921016693
0.5118456482887268,0.6501449346542358,0.22974374890327454
0.5847424268722534,0.651711642742157,0.24883869290351868
0.5182464122772217,0.6536831259727478,0.2416381984949112
0.592003345489502,0.6756649613380432,0.08177714049816132
0.5096918344497681,0.6774967312812805,0.07634355127811432
-
0.5409971475601196,0.37209516763687134,-0.2994859516620636
0.5481967329978943,0.36701804399490356,-0.27976298332214355
0.552904486656189,0.36710864305496216,-0.27974799275398254
0.5574730634689331,0.36729079484939575,-0.27972638607025146
0.5352863073348999,0.3671506345272064,-0.2772381007671356
0.5314858555793762,0.36739999055862427,-0.277263879776001
0.5285891890525818,0.3677579462528229,-0.2772284746170044
0.5631920099258423,0.3712739050388336,-0.1414823681116104
0.5269947052001953,0.37242189049720764,-0.13164928555488586
0.551099419593811,0.37952354550361633,-0.24660536646842957
0.534720242023468,0.37991490960121155,-0.2437647432088852
0.5987875461578369,0.40751171112060547,-0.04055067151784897
0.49553197622299194,0.4084321856498718,-0.021029625087976456
0.6579805016517639,0.43014055490493774,-0.047172173857688904
0.45482733845710754,0.4298573136329651,0.01730603165924549
0.6103302240371704,0.4512510895729065,-0.22411289811134338
0.48541519045829773,0.44512471556663513,-0.12679819762706757
0.5994618535041809,0.45714491605758667,-0.26892566680908203
0.49680978059768677,0.4528978765010834,-0.16614986956119537
0.5934652090072632,0.4514925479888916,-0.28042587637901306
0.5036269426345825,0.4482077956199646,-0.1798577904701233
0.5953167080879211,0.4493809640407562,-0.2307814061641693
0.5020800828933716,0.44574078917503357,-0.13422223925590515
0.5787149667739868,0.49957627058029175,-0.002536059357225895
0.5157175660133362,0.5003852248191833,0.0023268184158951044
0.5802331566810608,0.5709921717643738,-0.012333180755376816
0.5145121812820435,0.5724122524261475,0.002837708918377757
0.5904905796051025,0.6364401578903198,0.23710185289382935
0.511885941028595,0.6378895044326782,0.23137575387954712
0.5860251784324646,0.6421309113502502,0.25618451833724976
0.5183553695678711,0.6426688432693481,0.24382786452770233
0.5920825004577637,0.665248692035675,0.09586424380540848
0.508842408657074,0.6661515235900879,0.08021622896194458
-
0.5409594774246216,0.36230772733688354,-0.291728138923645
0.5474420189857483,0.35740211606025696,-0.2725854814052582
0.5519890785217285,0.35756438970565796,-0.2725663483142853
0.556577742099762,0.35780349373817444,-0.2725166380405426
0.5350475907325745,0.35780468583106995,-0.2680540084838867
0.5312259197235107,0.35822296142578125,-0.26805436611175537
0.5282801389694214,0.3586377203464508,-0.2680441439151764
0.5625448226928711,0.3623749613761902,-0.1360696256160736
0.5262568593025208,0.36402958631515503,-0.11764709651470184
0.5507710576057434,0.3702535033226013,-0.23903536796569824
0.5344454646110535,0.3708178400993347,-0.2340034693479538
0.5989298820495605,0.40058645606040955,-0.03337034210562706
0.49550026655197144,0.4004599153995514,-0.01635289378464222
0.6585971713066101,0.4224154055118561,-0.046359479427337646
0.4548082649707794,0.4256037175655365,-0.008428624831140041
0.611853837966919,0.4428664743900299,-0.22010111808776855
0.4840298891067505,0.4396626949310303,-0.17178255319595337
0.5996724367141724,0.4487709403038025,-0.2664966881275177
0.49564504623413086,0.4462774693965912,-0.21617275476455688
0.5936793088912964,0.4441002309322357,-0.2784334123134613
0.5022362470626831,0.442340612411499,-0.23209495842456818
0.5956259965896606,0.44177141785621643,-0.22740758955478668
0.5004385709762573,0.43990883231163025,-0.18081989884376526
0.5796600580215454,0.4929889142513275,-0.002632260089740157
0.5161841511726379,0.49474257230758667,0.0024359356611967087
0.5803905725479126,0.565578818321228,-0.015756743028759956
0.5161082148551941,0.5660803318023682,-0.00024357615620829165
0.5905064940452576,0.6312434077262878,0.23909838497638702
0.5120721459388733,0.6304495334625244,0.23152081668376923
0.5858960151672363,0.6375511884689331,0.25671109557151794
0.5188125371932983,0.6363189220428467,0.24441483616828918
0.5914164185523987,0.6593180298805237,0.09032091498374939
0.5072206258773804,0.6581324338912964,0.08102799206972122
-
0.541042685508728,0.357866495847702,-0.29064229130744934
0.5476447343826294,0.3527248501777649,-0.27091139554977417
0.5521726608276367,0.352916955947876,-0.2708948850631714
0.5566859245300293,0.353233277797699,-0.27087289094924927
0.5352437496185303,0.3531889319419861,-0.2675330638885498
0.5313946008682251,0.35373231768608093,-0.2675352096557617
0.5282967686653137,0.35433679819107056,-0.26751792430877686
0.5625995397567749,0.3584716320037842,-0.13690029084682465
0.525413453578949,0.35974249243736267,-0.12165259569883347
0.5508536696434021,0.3647730350494385,-0.23908093571662903
0.5345637202262878,0.36531126499176025,-0.23484264314174652
0.5992050766944885,0.3962435722351074,-0.0410226434469223
0.495327889919281,0.3955921530723572,-0.018115438520908356
0.6612735390663147,0.4180777668952942,-0.05042409524321556
0.4527096152305603,0.41888898611068726,0.0014589539496228099
0.6135578751564026,0.43692341446876526,-0.2240453064441681
0.48368075489997864,0.43600839376449585,-0.13701936602592468
0.6003852486610413,0.44477787613868713,-0.26999548077583313
0.4948722720146179,0.4434691369533539,-0.18040962517261505
0.5941136479377747,0.4397324025630951,-0.2824740409851074
0.5020751953125,0.43924131989479065,-0.2009425312280655
0.5960149765014648,0.43761974573135376,-0.23174335062503815
0.5003059506416321,0.4371144771575928,-0.14764849841594696
0.5802861452102661,0.48654499650001526,-0.005195646546781063
0.5162618160247803,0.4882834553718567,0.005034802947193384
0.580575704574585,0.5587851405143738,-0.015354671515524387
0.5165599584579468,0.5601927042007446,-0.0037493703421205282
0.5904937982559204,0.6270090937614441,0.21033115684986115
0.5133530497550964,0.626379668712616,0.20496879518032074
0.5857906937599182,0.6339786648750305,0.2234247475862503
0.5207907557487488,0.6329573392868042,0.2164468616247177
0.591939389705658,0.6539077758789062,0.05940497666597366
0.505122184753418,0.6528955101966858,0.05748969316482544
-
0.5410647988319397,0.35556817054748535,-0.2885519862174988
0.5476974248886108,0.3515201210975647,-0.26636746525764465
0.5522292256355286,0.3517967164516449,-0.26636162400245667
0.5567445158958435,0.3521067500114441,-0.26634857058525085
0.5350922346115112,0.351604163646698,-0.2640942931175232
0.5311323404312134,0.35192379355430603,-0.2641056180000305
0.5278133153915405,0.3522856831550598,-0.26408442854881287
0.5625373125076294,0.3560228645801544,-0.12876690924167633
0.5245710015296936,0.35663050413131714,-0.11912930011749268
0.550261914730072,0.3628270924091339,-0.23697903752326965
0.5341604948043823,0.3633821904659271,-0.2336585819721222
0.5990956425666809,0.3935260474681854,-0.04034855216741562
0.4945440888404846,0.39508941769599915,-0.018676932901144028
0.6624972224235535,0.4154958128929138,-0.052635230123996735
0.4503299593925476,0.4164819121360779,-0.02986566163599491
0.6138153672218323,0.43490928411483765,-0.2269161492586136
0.4838826358318329,0.4327627122402191,-0.18711893260478973
0.600384533405304,0.4433814585208893,-0.274606317281723
0.49501410126686096,0.44012102484703064,-0.23224560916423798
0.5941010117530823,0.4371713101863861,-0.28526902198791504
0.5018336176872253,0.43501242995262146,-0.24131575226783752
0.5960507988929749,0.43470993638038635,-0.23400111496448517
0.5001285076141357,0.432741641998291,-0.19330660998821259
0.5802642107009888,0.48545655608177185,-0.004895011428743601
0.5162367224693298,0.48633021116256714,0.00474145170301199
0.5804620385169983,0.5562605261802673,-0.009896114468574524
0.516969621181488,0.5579141974449158,-0.0015760365640744567
0.5905174016952515,0.626158595085144,0.217549130320549
0.5140364170074463,0.6250566244125366,0.2077978104352951
0.5857425928115845,0.6331413984298706,0.23168562352657318
0.521213948726654,0.6312596797943115,0.2201458215713501
0.5949772596359253,0.6515739560127258,0.06953012943267822
0.5049380660057068,0.6502590775489807,0.0606250986456871
-
0.5411801934242249,0.3550778329372406,-0.24514850974082947
0.547797679901123,0.35036802291870117,-0.2235461324453354
0.5523215532302856,0.35064274072647095,-0.22354957461357117
0.556803286075592,0.351014643907547,-0.2235681116580963
0.5351749658584595,0.3502243459224701,-0.22219587862491608
0.5311856865882874,0.3504335284233093,-0.22219234704971313
0.5277299284934998,0.3507407009601593,-0.22215215861797333
0.5624641180038452,0.35567381978034973,-0.0904550775885582
0.5245345830917358,0.35574012994766235,-0.08494953066110611
0.5503138303756714,0.3623637855052948,-0.1955222636461258
0.5341932773590088,0.36253783106803894,-0.1938643753528595
0.5991074442863464,0.3936259150505066,-0.00939816702157259
0.4945663511753082,0.39424046874046326,0.010367494076490402
0.6634693741798401,0.41471442580223083,-0.019955715164542198
0.45004957914352417,0.4157840311527252,0.0385480560362339
0.6137734651565552,0.4355970323085785,-0.18442866206169128
0.4840245842933655,0.432241290807724,-0.061694834381341934
0.600415825843811,0.44340911507606506,-0.23265551030635834
0.4951421022415161,0.4398230016231537,-0.09744894504547119
0.5940930843353271,0.4378982186317444,-0.24349936842918396
0.5019460320472717,0.43572768568992615,-0.11177267134189606
0.596069872379303,0.43530577421188354,-0.1917056143283844
0.5002517104148865,0.43323221802711487,-0.06913414597511292
0.5802373886108398,0.48564523458480835,-0.00398303521797061
0.5161615610122681,0.4866887032985687,0.0038791345432400703
0.5802578926086426,0.5576430559158325,-0.01379857212305069
0.5194762945175171,0.5587812662124634,-0.002266825409606099
0.590575098991394,0.6270990967750549,0.186832994222641
0.5156766176223755,0.6247295141220093,0.1835319995880127
0.585342288017273,0.634143054485321,0.19823406636714935
0.522917628288269,0.6304259896278381,0.1939135193824768
0.5995264649391174,0.6514848470687866,0.0380973294377327
0.5053709149360657,0.649988055229187,0.03602251783013344
-
0.5409822463989258,0.35604527592658997,-0.24580448865890503
0.546974241733551,0.35156574845314026,-0.2228013128042221
0.551394522190094,0.3517259359359741,-0.22279708087444305
0.5558218359947205,0.35187533497810364,-0.22282017767429352
0.5347175598144531,0.3517455458641052,-0.2228635549545288
0.5307167768478394,0.3520445227622986,-0.22287920117378235
0.5273250341415405,0.3524259328842163,-0.22286827862262726
0.5617063045501709,0.3562600910663605,-0.08346046507358551
0.5242300033569336,0.3572245240211487,-0.08411160856485367
0.5500756502151489,0.36325889825820923,-0.19395214319229126
0.5340063571929932,0.36350804567337036,-0.1941022276878357
0.5987973213195801,0.3943532407283783,0.0074323732405900955
0.49432656168937683,0.3954060673713684,0.014297020621597767
0.663614809513092,0.415193647146225,0.03899968042969704
0.4499989449977875,0.4172755777835846,0.06642059981822968
0.6143518090248108,0.43709439039230347,-0.08603150397539139
0.48418664932250977,0.4336729943752289,-0.0055534509010612965
0.6007627844810486,0.4448164999485016,-0.12922075390815735
0.49496540427207947,0.4411213994026184,-0.03987039625644684
0.594088077545166,0.44032031297683716,-0.14424346387386322
0.5020310878753662,0.43769317865371704,-0.05748147517442703
0.596110463142395,0.4377687871456146,-0.09411750733852386
0.5003272294998169,0.4351736605167389,-0.014171462506055832
0.5806822776794434,0.48666995763778687,-0.0016525783576071262
0.516167938709259,0.48848390579223633,0.0016365263145416975
0.5804405808448792,0.5602474808692932,-0.015699729323387146
0.5201600790023804,0.5616024136543274,-0.014867660589516163
0.5906001925468445,0.6289790868759155,0.1853126585483551
0.516720175743103,0.6265838146209717,0.17052669823169708
0.585319459438324,0.6360067129135132,0.19677187502384186
0.5242193937301636,0.6325260400772095,0.18026897311210632
0.5990747809410095,0.6534596681594849,0.030033793300390244
0.5055729150772095,0.6518177390098572,0.01434613112360239
-
0.5409014225006104,0.35991793870925903,-0.23917177319526672
0.5466849207878113,0.3550375998020172,-0.21620382368564606
0.5511261224746704,0.35514941811561584,-0.21618075668811798
0.5555476546287537,0.35524141788482666,-0.21622823178768158
0.5345889329910278,0.35519909858703613,-0.2173864096403122
0.5305992364883423,0.3554607033729553,-0.21739201247692108
0.5271657109260559,0.3558191657066345,-0.21732068061828613
0.5614389777183533,0.35961249470710754,-0.07579361647367477
0.5237925052642822,0.3608522415161133,-0.08164075016975403
0.5498125553131104,0.36672085523605347,-0.18705131113529205
0.5338705778121948,0.36697566509246826,-0.18867672979831696
0.5987647771835327,0.3970300555229187,0.021092696115374565
0.49380847811698914,0.3983181118965149,0.027764860540628433
0.6633586287498474,0.4178510308265686,0.09843407571315765
0.4493843615055084,0.4201854169368744,0.13192062079906464
0.6144182085990906,0.43967294692993164,0.04906970635056496
0.48443692922592163,0.43790262937545776,0.12395878881216049
0.6008507609367371,0.44704675674438477,0.016572391614317894
0.49547940492630005,0.4449373185634613,0.09863236546516418
0.5941467881202698,0.44304442405700684,-0.000571119599044323
0.502477765083313,0.4417497515678406,0.08097407966852188
0.5961436629295349,0.44080573320388794,0.04141224920749664
0.5005943179130554,0.43931451439857483,0.11621823906898499
0.5815678834915161,0.4885217547416687,-0.0010128526482731104
0.5164161920547485,0.49013662338256836,0.001090995385311544
0.5805736780166626,0.5634934902191162,-0.02407691814005375
0.5209144949913025,0.5642356276512146,-0.028173372149467468
0.5906344652175903,0.6304830312728882,0.17741400003433228
0.5170949101448059,0.6284416317939758,0.15711084008216858
0.585277259349823,0.6373122930526733,0.18923664093017578
0.5244284272193909,0.6346550583839417,0.1665431708097458
0.5973139405250549,0.6551718711853027,0.027077792212367058
0.5057235956192017,0.65358567237854,0.0047088200226426125
-
0.5407456159591675,0.3601689040660858,-0.2544509768486023
0.5467211008071899,0.3555096983909607,-0.23320500552654266
0.5511673092842102,0.3554553687572479,-0.23316150903701782
0.5556000471115112,0.35546067357063293,-0.23321083188056946
0.5345736742019653,0.355813592672348,-0.23357678949832916
0.5305732488632202,0.3560589849948883,-0.23362606763839722
0.5271046757698059,0.3562537729740143,-0.23357759416103363
0.5614702701568604,0.3611253499984741,-0.10243450850248337
0.5236958861351013,0.36095771193504333,-0.10251392424106598
0.5496856570243835,0.3678527772426605,-0.20634526014328003
0.5336629152297974,0.3674210011959076,-0.206551656126976
0.5987429618835449,0.3989254832267761,9.431469516130164e-05
0.49362897872924805,0.3990568518638611,0.027411121875047684
0.6649222373962402,0.4196401536464691,0.054641544818878174
0.4470410645008087,0.4219777584075928,0.09924507141113281
0.6120191216468811,0.4424706995487213,-0.006253321189433336
0.48539701104164124,0.44083738327026367,0.07537663727998734
0.6000891923904419,0.45104774832725525,-0.03752608969807625
0.4964505136013031,0.44801101088523865,0.04902662709355354
0.5932812690734863,0.44753536581993103,-0.052799664437770844
0.5032151937484741,0.44516438245773315,0.03506985306739807
0.5950475335121155,0.44524794816970825,-0.012617327272891998
0.5013699531555176,0.44329753518104553,0.06902053207159042
0.581824779510498,0.49014702439308167,-0.001772968447767198
0.5164423584938049,0.49178099632263184,0.001850220374763012
0.5806705355644226,0.5663379430770874,-0.022578833624720573
0.5210462212562561,0.56647789478302,-0.023295827209949493
0.5905477404594421,0.6331696510314941,0.17620506882667542
0.5173481106758118,0.6305926442146301,0.16097640991210938
0.5852252840995789,0.6414017081260681,0.1871815323829651
0.5244206190109253,0.6385486125946045,0.1699533611536026
0.5947985649108887,0.65774005651474,0.02795715071260929
0.5060824751853943,0.6542822122573853,0.01188280712813139
-
0.5398415327072144,0.37250909209251404,-0.2791949212551117
0.5462799668312073,0.36794334650039673,-0.2585085332393646
0.5507412552833557,0.3680066466331482,-0.25847622752189636
0.5552283525466919,0.3680858016014099,-0.2585063874721527
0.5340369939804077,0.3681248426437378,-0.2561633288860321
0.5300841331481934,0.368389755487442,-0.256196528673172
0.526810348033905,0.36875611543655396,-0.2561410963535309
0.5611032247543335,0.37335139513015747,-0.1314288079738617
0.523718535900116,0.373802125453949,-0.12089626491069794
0.5491462349891663,0.3801015615463257,-0.23266907036304474
0.5330137610435486,0.38009119033813477,-0.22962631285190582
0.5980128645896912,0.40939706563949585,-0.044941246509552
0.4936828315258026,0.4123130440711975,0.0030846931040287018
0.6648972630500793,0.42713016271591187,0.032611433416604996
0.44538018107414246,0.43075910210609436,0.09113775193691254
0.6121066212654114,0.45146042108535767,-0.008943667635321617
0.48553845286369324,0.45185336470603943,0.0762433335185051
0.6010513305664062,0.4588964879512787,-0.03406192362308502
0.4965002238750458,0.46016925573349,0.054856542497873306
0.5944635272026062,0.4551141858100891,-0.05013761669397354
0.5032288432121277,0.45695561170578003,0.04123480245471001
0.5961238145828247,0.45280423760414124,-0.014773792587220669
0.5013967156410217,0.45445960760116577,0.07033860683441162
0.5816755294799805,0.502091109752655,-0.005748612806200981
0.516399085521698,0.5031224489212036,0.005752703174948692
0.580423891544342,0.5749207735061646,-0.022609222680330276
0.5208795666694641,0.5773675441741943,-0.0016304384917020798
0.5892170667648315,0.639684796333313,0.18667373061180115
0.5173079967498779,0.6390112638473511,0.17155256867408752
0.584930956363678,0.6484251618385315,0.199375718832016
0.5244022011756897,0.6472631692886353,0.17750850319862366
0.5904511213302612,0.6657403111457825,0.04115241765975952
0.5061722993850708,0.6630408763885498,0.040012177079916
-
0.539925217628479,0.38626521825790405,-0.2755866050720215
0.5463053584098816,0.3814738392829895,-0.2555750906467438
0.5507388710975647,0.38163644075393677,-0.25552675127983093
0.5551331639289856,0.38190144300460815,-0.25555163621902466
0.5340563654899597,0.3820715546607971,-0.25446200370788574
0.5301499962806702,0.38266217708587646,-0.2545030415058136
0.5269059538841248,0.3830881416797638,-0.2544202506542206
0.5608199834823608,0.3865169584751129,-0.1263917237520218
0.5237576961517334,0.387625128030777,-0.11834359914064407
0.5491688847541809,0.39336615800857544,-0.23158669471740723
0.5331631302833557,0.393790066242218,-0.2286323606967926
0.5978875756263733,0.4231557250022888,-0.03788737580180168
0.4936921298503876,0.4264371991157532,0.002745033474639058
0.664711058139801,0.4414270520210266,0.055743258446455
0.4455275237560272,0.4437796473503113,0.10457224398851395
0.6117219924926758,0.46532899141311646,0.025637205690145493
0.4861569404602051,0.4650518000125885,0.10115670412778854
0.6004281640052795,0.4716154634952545,0.0029255866538733244
0.4973204731941223,0.4724135398864746,0.08320335298776627
0.5940937995910645,0.46815866231918335,-0.013231800869107246
0.5038483738899231,0.4701352119445801,0.068809874355793
0.5960620641708374,0.46569758653640747,0.019794879481196404
0.5018137693405151,0.46756964921951294,0.09536062926054001
0.5818573236465454,0.5127757787704468,-0.0054530734196305275
0.5168365836143494,0.5148137211799622,0.005452282726764679
0.580493688583374,0.5850996971130371,-0.025489022955298424
0.5202541351318359,0.5881264805793762,-0.0046606240794062614
0.5884590148925781,0.6517910361289978,0.16756705939769745
0.5184304118156433,0.6496237516403198,0.1629301756620407
0.584829568862915,0.6601319909095764,0.17857833206653595
0.5251845717430115,0.6574265956878662,0.17146305739879608
0.589572548866272,0.6799963712692261,0.02878727577626705
0.5079637169837952,0.6764319539070129,0.028061864897608757
-
0.5399547815322876,0.4018997550010681,-0.2553769648075104
0.5463564395904541,0.39657261967658997,-0.23426838219165802
0.5507931709289551,0.39672595262527466,-0.23421388864517212
0.555148720741272,0.3969421684741974,-0.23424038290977478
0.5341138243675232,0.3966335654258728,-0.23561015725135803
0.5302093029022217,0.3968352675437927,-0.2356484979391098
0.5269435048103333,0.3969680666923523,-0.23553521931171417
0.5608399510383606,0.40177470445632935,-0.10246806591749191
0.5237210392951965,0.40164637565612793,-0.10984433442354202
0.549167275428772,0.40832358598709106,-0.20770548284053802
0.533195436000824,0.4082130491733551,-0.20959554612636566
0.5974122881889343,0.4364747107028961,-0.008619672618806362
0.4925282299518585,0.4400709271430969,0.006793694570660591
0.6647170782089233,0.45340976119041443,0.0973031148314476
0.44679298996925354,0.4592946171760559,0.1286008656024933
0.6123011112213135,0.47748905420303345,0.08749426156282425
0.4930257499217987,0.48196378350257874,0.14922402799129486
0.6006026864051819,0.48373255133628845,0.06959204375743866
0.5034330487251282,0.4900745451450348,0.13547880947589874
0.5940970778465271,0.4815894663333893,0.0536080077290535
0.5095537304878235,0.4884042739868164,0.1245633140206337
0.5960623621940613,0.4795202612876892,0.08193164318799973
0.5076929926872253,0.4860173165798187,0.14588648080825806
0.5820687413215637,0.5243116617202759,-0.003271793946623802
0.517080545425415,0.5267404913902283,0.0032799227628856897
0.5823580622673035,0.597745418548584,-0.02876511588692665
0.5195431709289551,0.600998044013977,-0.026409069076180458
0.5879914164543152,0.6627253293991089,0.16515307128429413
0.51986163854599,0.6626732349395752,0.14340811967849731
0.5844476222991943,0.671399712562561,0.17691397666931152
0.526325523853302,0.6695754528045654,0.1519370824098587
0.5877782106399536,0.6893448829650879,0.029517563059926033
0.5169114470481873,0.6890734434127808,0.002816550200805068
-
0.5400935411453247,0.41709479689598083,-0.3211907148361206
0.5464868545532227,0.4113115668296814,-0.2996803820133209
0.5508731007575989,0.4113942086696625,-0.2996663749217987
0.5551580786705017,0.41156506538391113,-0.2996872365474701
0.5342532396316528,0.4117355942726135,-0.29939383268356323
0.5303037166595459,0.41205233335494995,-0.2994133532047272
0.5270122289657593,0.4122788906097412,-0.29938313364982605
0.5608482956886292,0.415597140789032,-0.16099460422992706
0.5236856937408447,0.4160880446434021,-0.16074348986148834
0.5491872429847717,0.42324891686439514,-0.26882225275039673
0.5334316492080688,0.42339229583740234,-0.26877737045288086
0.597379207611084,0.45026764273643494,-0.06880313903093338
0.492291122674942,0.4520230293273926,-0.04450322687625885
0.6659413576126099,0.4666377902030945,-0.04284225031733513
0.4475979208946228,0.4713972508907318,0.04597946256399155
0.6129931211471558,0.49061280488967896,-0.17513948678970337
0.4937060475349426,0.49368685483932495,0.007685840595513582
0.6008816957473755,0.4961016774177551,-0.21372820436954498
0.5040668845176697,0.5013762712478638,-0.015843287110328674
0.5947018265724182,0.49367356300354004,-0.22889623045921326
0.5103765726089478,0.5001183152198792,-0.03322687745094299
0.5971266627311707,0.49143844842910767,-0.18285079300403595
0.5088447332382202,0.49783381819725037,0.001305367681197822
0.5831363201141357,0.5373280644416809,-0.0034054226707667112
0.5179312229156494,0.5398358106613159,0.0034051495604217052
0.5863894820213318,0.6087037920951843,-0.029638322070240974
0.5181937217712402,0.611860990524292,-0.020437899976968765
0.5858149528503418,0.667478621006012,0.22723057866096497
0.5209723711013794,0.6657408475875854,0.21587693691253662
0.5813596844673157,0.6747661232948303,0.24602268636226654
0.5278058648109436,0.6732484698295593,0.23151813447475433
0.5842984318733215,0.6914535760879517,0.09688099473714828
0.5188114047050476,0.6915610432624817,0.08228220045566559
-
0.5401386022567749,0.42479199171066284,-0.30268943309783936
0.546510636806488,0.42003703117370605,-0.2797620892524719
0.5509088635444641,0.420157253742218,-0.27975329756736755
0.555156946182251,0.42024293541908264,-0.2797786295413971
0.5342783331871033,0.4206421971321106,-0.2800244092941284
0.5303255915641785,0.42102375626564026,-0.28004318475723267
0.5270276069641113,0.42137402296066284,-0.28001129627227783
0.5607317686080933,0.42433270812034607,-0.14315584301948547
0.5237351059913635,0.4254559874534607,-0.1453084647655487
0.5491769909858704,0.43223053216934204,-0.25195133686065674
0.5334543585777283,0.43251627683639526,-0.2527717053890228
0.5973371863365173,0.46158114075660706,-0.06599059700965881
0.4923956096172333,0.46252313256263733,-0.041175272315740585
0.6653854250907898,0.4801104664802551,-0.045312315225601196
0.4535602629184723,0.4835817813873291,0.04154587909579277
0.6121810674667358,0.5040301084518433,-0.17045308649539948
0.494343101978302,0.503215491771698,0.005271199159324169
0.6000060439109802,0.5098205804824829,-0.2089979648590088
0.5049275159835815,0.5099064111709595,-0.020531101152300835
0.5937651991844177,0.5060253143310547,-0.22294561564922333
0.5114551782608032,0.5082265138626099,-0.03850981593132019
0.5964855551719666,0.5039095282554626,-0.17772893607616425
0.5094522833824158,0.5059642791748047,-0.002159658819437027
0.5832111239433289,0.5468968749046326,-0.008250869810581207
0.5178598761558533,0.549396276473999,0.008231003768742085
0.5883269906044006,0.6161476373672485,-0.07957791537046432
0.5154767632484436,0.6167581677436829,-0.04488411545753479
0.5848010182380676,0.6665067076683044,0.23501722514629364
0.5236627459526062,0.6662290692329407,0.2513291537761688
0.5804764032363892,0.6739231944084167,0.25964099168777466
0.5319862365722656,0.6727850437164307,0.2746204733848572
0.5839585065841675,0.6898849010467529,0.11492469906806946
0.5182672142982483,0.690086841583252,0.14012715220451355
-
0.5395972728729248,0.4265212118625641,-0.2980552315711975
0.546124279499054,0.4219730794429779,-0.276912659406662
0.5503156185150146,0.42203012108802795,-0.2768394351005554
0.5545634627342224,0.4221959710121155,-0.2768407166004181
0.5339751243591309,0.42268139123916626,-0.27573639154434204
0.5299806594848633,0.4230254292488098,-0.2757496237754822
0.5266528725624084,0.42334121465682983,-0.2756831645965576
0.5601727962493896,0.42573896050453186,-0.13747631013393402
0.5232729911804199,0.42698922753334045,-0.137643501162529
0.5485594272613525,0.4328368306159973,-0.24624282121658325
0.5328245759010315,0.4333406388759613,-0.2460196316242218
0.5968910455703735,0.46004706621170044,-0.060361720621585846
0.49241700768470764,0.4631594717502594,-0.03618481010198593
0.6648738384246826,0.4805600047111511,-0.08571887761354446
0.4568265378475189,0.482933908700943,0.027303524315357208
0.6120176911354065,0.5033833980560303,-0.2555156946182251
0.4959648549556732,0.5032398700714111,-0.012920303270220757
0.5996278524398804,0.5095064640045166,-0.30211594700813293
0.50704026222229,0.5108214616775513,-0.03994443267583847
0.5935154557228088,0.5051370859146118,-0.31406402587890625
0.5129719972610474,0.5081175565719604,-0.05228232219815254
0.596346378326416,0.5030873417854309,-0.2632299065589905
0.5106783509254456,0.505852997303009,-0.017734060063958168
0.5833374261856079,0.5469087362289429,-0.009707767516374588
0.5178331732749939,0.5487880706787109,0.009716064669191837
0.589471697807312,0.6185504794120789,-0.060873985290527344
0.5139078497886658,0.6173011064529419,-0.03792974725365639
0.5839508771896362,0.6668879985809326,0.26737532019615173
0.524970531463623,0.6674872040748596,0.2385154515504837
0.5784590244293213,0.6725361347198486,0.29313015937805176
0.5338577032089233,0.6738148927688599,0.2584463357925415
0.584474503993988,0.6899042129516602,0.15276452898979187
0.5185295939445496,0.6896235346794128,0.11685441434383392
-
0.5397378206253052,0.419769287109375,-0.2889961898326874
0.5461344718933105,0.41485342383384705,-0.2654300630092621
0.550344705581665,0.4148610234260559,-0.2653939127922058
0.5545364618301392,0.4150155186653137,-0.2654604911804199
0.5339885354042053,0.4152035713195801,-0.26489344239234924
0.5300185084342957,0.4154869019985199,-0.26490485668182373
0.5266730189323425,0.4158901274204254,-0.26487523317337036
0.5597703456878662,0.41889214515686035,-0.12952877581119537
0.5233413577079773,0.4200737476348877,-0.13074010610580444
0.5487594604492188,0.42697325348854065,-0.2398155778646469
0.5330105423927307,0.4273572862148285,-0.24016746878623962
0.596894383430481,0.45556625723838806,-0.05555114895105362
0.49258410930633545,0.4571146070957184,-0.028301313519477844
0.6645551323890686,0.47607120871543884,0.0050792028196156025
0.45699188113212585,0.47562575340270996,0.09095891565084457
0.6092543601989746,0.49934467673301697,-0.05227286368608475
0.4954877495765686,0.4975977838039398,0.11991161853075027
0.5967845320701599,0.5051075220108032,-0.08160337060689926
0.5066919326782227,0.5050031542778015,0.10157445073127747
0.5892328023910522,0.5020748972892761,-0.09754718095064163
0.5126718878746033,0.5027236938476562,0.08726164698600769
0.5918750166893005,0.5004462599754333,-0.05887841060757637
0.5103320479393005,0.5004404187202454,0.11425092816352844
0.5830252170562744,0.5436094403266907,-0.009545260109007359
0.5178053379058838,0.5455543994903564,0.009607004933059216
0.5897506475448608,0.6154269576072693,-0.06085535138845444
0.5134567022323608,0.6150698065757751,-0.044795021414756775
0.583507776260376,0.6664966940879822,0.2709171175956726
0.5249330997467041,0.6663333177566528,0.24665215611457825
0.577043354511261,0.6724668145179749,0.29707711935043335
0.5334084033966064,0.6721792221069336,0.26894667744636536
0.5838241577148438,0.6883847713470459,0.15308961272239685
0.5195480585098267,0.689228892326355,0.12579289078712463
-
0.5393697619438171,0.4125291407108307,-0.28743869066238403
0.545960545539856,0.40770262479782104,-0.26408621668815613
0.5502076148986816,0.4077301621437073,-0.26405760645866394
0.5543180108070374,0.4078754782676697,-0.26411372423171997
0.5339177250862122,0.40818482637405396,-0.26380684971809387
0.5300086736679077,0.4085146486759186,-0.2638184726238251
0.5266526937484741,0.4089590907096863,-0.2637840807437897
0.5596300363540649,0.41189828515052795,-0.12913991510868073
0.5233355760574341,0.41338053345680237,-0.12690392136573792
0.5482050776481628,0.4197080135345459,-0.23864200711250305
0.5324980020523071,0.42029517889022827,-0.24005576968193054
0.5961558222770691,0.44919973611831665,-0.032766520977020264
0.4928739368915558,0.45014065504074097,-0.016547029837965965
0.6639071106910706,0.4694298803806305,0.04332313686609268
0.45804375410079956,0.46928948163986206,0.10566269606351852
0.6093732118606567,0.49238520860671997,-0.023265492171049118
0.49673163890838623,0.4902407228946686,0.10598506778478622
0.5967866778373718,0.4982448220252991,-0.05336254462599754
0.5067551732063293,0.49764198064804077,0.08513405919075012
0.5895667672157288,0.4953988492488861,-0.07241567969322205
0.5129377841949463,0.49525290727615356,0.06767033040523529
0.5921910405158997,0.49367886781692505,-0.031516119837760925
0.5108711123466492,0.49295172095298767,0.09952978789806366
0.5827360153198242,0.5366252064704895,-0.0051065851002931595
0.5179384350776672,0.5384689569473267,0.005087867844849825
0.5885466933250427,0.6088898777961731,-0.05642852187156677
0.5135321021080017,0.6100717782974243,-0.040346089750528336
0.5842339396476746,0.6667279005050659,0.2487543374300003
0.5247718095779419,0.6653215289115906,0.23134829103946686
0.5781688094139099,0.672852635383606,0.2700037360191345
0.53331059217453,0.6711493134498596,0.2496575266122818
0.5841318964958191,0.6889092922210693,0.12719279527664185
0.5194683074951172,0.6883255839347839,0.1089550256729126
-
0.539405107498169,0.3973469138145447,-0.2863706052303314
0.5460710525512695,0.3924487829208374,-0.2632511258125305
0.5503367781639099,0.392633318901062,-0.2632279694080353
0.5543320775032043,0.3929809033870697,-0.2632766366004944
0.5339290499687195,0.39253318309783936,-0.2632371485233307
0.5300227403640747,0.3927754759788513,-0.26325294375419617
0.5266633629798889,0.39310067892074585,-0.26322141289711
0.5596578121185303,0.39718469977378845,-0.1217508614063263
0.5234056711196899,0.3976497948169708,-0.12567536532878876
0.5482382774353027,0.40490689873695374,-0.23717494308948517
0.5325087904930115,0.40542078018188477,-0.23950831592082977
0.5963993072509766,0.43345552682876587,-0.011262333020567894
0.4932454824447632,0.43607592582702637,-0.01487649418413639
0.6611316204071045,0.4524058699607849,0.06520475447177887
0.45798736810684204,0.4564642310142517,0.09312514960765839
0.6094802021980286,0.4756292700767517,-0.004152253735810518
0.4967553913593292,0.47581276297569275,0.1000664085149765
0.5968434810638428,0.4818277955055237,-0.0342429019510746
0.5064655542373657,0.4809139668941498,0.06945952028036118
0.5897925496101379,0.4791683554649353,-0.05488881096243858
0.5126723647117615,0.478311151266098,0.04840448871254921
0.5924121141433716,0.4768087863922119,-0.013571755960583687
0.5106300115585327,0.47624316811561584,0.09232566505670547
0.5824782252311707,0.5270426869392395,0.0015249626012519002
0.5180746912956238,0.5278468728065491,-0.0016286056488752365
0.5865106582641602,0.5999422073364258,-0.04563266783952713
0.5159381628036499,0.6000021696090698,-0.039397455751895905
0.5860151052474976,0.6642147898674011,0.2317512333393097
0.5207056403160095,0.6631239056587219,0.20909343659877777
0.5809623003005981,0.6709720492362976,0.24755024909973145
0.5273512005805969,0.6701431274414062,0.22329527139663696
0.584294319152832,0.6880519390106201,0.07948474586009979
0.5191642642021179,0.6874243021011353,0.057217661291360855
-
0.5394241809844971,0.3835696280002594,-0.28572598099708557
0.5461580157279968,0.3790055215358734,-0.26338285207748413
0.5505795478820801,0.37915223836898804,-0.2633681297302246
0.5543733835220337,0.37943190336227417,-0.26338687539100647
0.5339503288269043,0.379190593957901,-0.26307252049446106
0.5300418138504028,0.3795238435268402,-0.2630929946899414
0.5266714096069336,0.3798595070838928,-0.2630634307861328
0.5598976612091064,0.38294270634651184,-0.12533339858055115
0.5234107375144958,0.3838232159614563,-0.12555094063282013
0.548471212387085,0.3911558985710144,-0.2360028773546219
0.532633364200592,0.3916946351528168,-0.23833641409873962
0.5964056253433228,0.4177778661251068,-0.021712355315685272
0.4942117929458618,0.4218936860561371,-0.013302833773195744
0.6615009903907776,0.438358873128891,-0.015197568573057652
0.4578133523464203,0.4413883686065674,0.056509699672460556
0.6113455891609192,0.46014076471328735,-0.16803278028964996
0.4929333031177521,0.458742618560791,-0.03396594896912575
0.5999587774276733,0.4668433666229248,-0.21111547946929932
0.5021088719367981,0.46626704931259155,-0.06761196255683899
0.5925284624099731,0.4616614878177643,-0.22427955269813538
0.5094279646873474,0.4619268476963043,-0.08297381550073624
0.5945612788200378,0.4595997929573059,-0.1753242313861847
0.5080556273460388,0.4595286250114441,-0.040839605033397675
0.5822513103485107,0.5124527215957642,-0.0021628739777952433
0.5183069705963135,0.5140216946601868,0.0019693293143063784
0.5839046239852905,0.5840879678726196,-0.016473833471536636
0.5179011821746826,0.5852677822113037,-0.0029816636815667152
0.5910731554031372,0.6559215188026428,0.19853632152080536
0.5158816576004028,0.6543389558792114,0.20111434161663055
0.5887442827224731,0.6617199182510376,0.2090030461549759
0.5227416753768921,0.6597573161125183,0.2122901976108551
0.5844919681549072,0.6839816570281982,0.03937440365552902
0.5149959325790405,0.6820124387741089,0.04928664490580559
-
0.5393301248550415,0.3740980327129364,-0.2993929386138916
0.5461739301681519,0.3696891665458679,-0.27933233976364136
0.5505993962287903,0.3697879910469055,-0.27931469678878784
0.5543979406356812,0.369989812374115,-0.2792934775352478
0.5338984131813049,0.3700907528400421,-0.27665790915489197
0.5300541520118713,0.3704352080821991,-0.2766786813735962
0.5266664028167725,0.3707752227783203,-0.27664509415626526
0.5604025721549988,0.3733749985694885,-0.1422109156847
0.5235820412635803,0.3745250999927521,-0.13080650568008423
0.5485143661499023,0.38146716356277466,-0.24786639213562012
0.5326530933380127,0.38229450583457947,-0.24525006115436554
0.5972024202346802,0.40772777795791626,-0.03728555515408516
0.49437078833580017,0.41141319274902344,-0.01239244919270277
0.6631650328636169,0.42950788140296936,-0.0260842926800251
0.45724043250083923,0.4329090118408203,0.05459059774875641
0.6114243865013123,0.45176729559898376,-0.17044290900230408
0.4885662794113159,0.4481188654899597,-0.0354761965572834
0.5999431014060974,0.45781826972961426,-0.21170665323734283
0.49927428364753723,0.4556015431880951,-0.06893639266490936
0.5926741361618042,0.45211610198020935,-0.2256249040365219
0.506367027759552,0.45038604736328125,-0.0810970589518547
0.5947993993759155,0.45038238167762756,-0.17764808237552643
0.5052406191825867,0.448132187128067,-0.04128703847527504
0.5825075507164001,0.5015467405319214,-0.003380673471838236
0.5185778737068176,0.5033367872238159,0.003165596630424261
0.5829418897628784,0.5753753185272217,-0.017473289743065834
0.5196782946586609,0.576736330986023,0.0005392388557083905
0.5922805070877075,0.6455535888671875,0.2050372064113617
0.5143722295761108,0.6434147357940674,0.20650392770767212
0.5888504981994629,0.6514020562171936,0.21817196905612946
0.5215672850608826,0.6492812037467957,0.21636220812797546
0.5863115191459656,0.6746453046798706,0.05071020498871803
0.5081058740615845,0.6717260479927063,0.05579584464430809
-
0.5393884181976318,0.36732879281044006,-0.27813607454299927
0.5462977290153503,0.3625135123729706,-0.2575719356536865
0.5508050918579102,0.3626115918159485,-0.2575549781322479
0.5544850826263428,0.3627965748310089,-0.2575224041938782
0.5339112281799316,0.3628384470939636,-0.253900408744812
0.5300682783126831,0.3631839156150818,-0.2539174258708954
0.5266481637954712,0.3635946214199066,-0.2538784146308899
0.5611646175384521,0.3666995167732239,-0.12018060684204102
0.5236417651176453,0.36849477887153625,-0.10447900742292404
0.5487499833106995,0.374864786863327,-0.2263125479221344
0.5326603651046753,0.37567517161369324,-0.22190208733081818
0.5981950163841248,0.40233129262924194,-0.02679014392197132
0.4946633577346802,0.40426093339920044,0.0028729799669235945
0.6635419130325317,0.4237012267112732,-0.04289405420422554
0.45701277256011963,0.42817896604537964,0.03111005574464798
0.6119804382324219,0.44472450017929077,-0.21600180864334106
0.4867296516895294,0.44111043214797974,-0.09707669168710709
0.5998930335044861,0.4503203332424164,-0.2630496621131897
0.4981755018234253,0.44832977652549744,-0.13726161420345306
0.5928160548210144,0.4445860981941223,-0.27389711141586304
0.5052961707115173,0.4434084892272949,-0.14874567091464996
0.5949968695640564,0.44232314825057983,-0.22304071485996246
0.5040858387947083,0.44111403822898865,-0.10378046333789825
0.5829825401306152,0.4954001307487488,-0.004481928423047066
0.5190020799636841,0.49755898118019104,0.004284381400793791
0.5825999975204468,0.5695297122001648,-0.021299686282873154
0.5199754238128662,0.5704308152198792,-0.0019180452218279243
0.592125415802002,0.6366391777992249,0.2081853449344635
0.514153003692627,0.6357697248458862,0.21095477044582367
0.5884778499603271,0.6430452466011047,0.22308288514614105
0.5213000774383545,0.6423743367195129,0.22148483991622925
0.5871872305870056,0.6643054485321045,0.058370575308799744
0.5051032900810242,0.6617144346237183,0.058772265911102295
-
0.5394505262374878,0.3631272315979004,-0.2556617259979248
0.5463143587112427,0.3578348457813263,-0.23615479469299316
0.5508193373680115,0.3579813241958618,-0.23614390194416046
0.5544997453689575,0.35813087224960327,-0.23614397644996643
0.5339715480804443,0.3582058250904083,-0.23318909108638763
0.5301587581634521,0.3583734333515167,-0.23317423462867737
0.5267712473869324,0.3585909307003021,-0.2331285923719406
0.5612401962280273,0.362158864736557,-0.10151335597038269
0.5236508846282959,0.3633536696434021,-0.08804892003536224
0.5487786531448364,0.36983710527420044,-0.2041865885257721
0.5326678156852722,0.37013423442840576,-0.20039643347263336
0.5987449884414673,0.3980340361595154,-0.006539653521031141
0.4947223663330078,0.3989958167076111,0.013316696509718895
0.663535475730896,0.420110285282135,-0.026049138978123665
0.4567617177963257,0.42396777868270874,0.03277305141091347
0.6151579022407532,0.4380485415458679,-0.19592280685901642
0.48604515194892883,0.43734368681907654,-0.10232280194759369
0.6005614995956421,0.44347071647644043,-0.2436789870262146
0.49796101450920105,0.44249534606933594,-0.14308784902095795
0.5938706398010254,0.4392007887363434,-0.2546970248222351
0.5045709013938904,0.43901485204696655,-0.1581757366657257
0.5959573984146118,0.43727725744247437,-0.2033693492412567
0.5029947757720947,0.43701523542404175,-0.11060548573732376
0.5833355784416199,0.4897283911705017,-0.004536663182079792
0.5190482139587402,0.492116779088974,0.004361533559858799
0.5825698971748352,0.5629593729972839,-0.02372785471379757
0.52076256275177,0.5646305680274963,-0.005076488014310598
0.5921410918235779,0.6327520608901978,0.18140530586242676
0.5144467353820801,0.6310912370681763,0.18185308575630188
0.5883180499076843,0.6391021013259888,0.19240671396255493
0.5216465592384338,0.6378864049911499,0.19142545759677887
0.5884297490119934,0.6588778495788574,0.0239933542907238
0.5043982267379761,0.6568400859832764,0.027654403820633888
-
0.5401039123535156,0.36035972833633423,-0.23456160724163055
0.5473947525024414,0.3551061749458313,-0.21495912969112396
0.551883339881897,0.35520094633102417,-0.21496111154556274
0.5553192496299744,0.35550183057785034,-0.21497219800949097
0.5348238348960876,0.3552904427051544,-0.21210867166519165
0.5309064388275146,0.35551002621650696,-0.21209831535816193
0.5274089574813843,0.3559493124485016,-0.21203652024269104
0.562572717666626,0.3593677878379822,-0.08267684280872345
0.5237439274787903,0.3601042330265045,-0.07041947543621063
0.5492421388626099,0.36739152669906616,-0.1842108815908432
0.533406138420105,0.3679320812225342,-0.18077348172664642
0.5990518927574158,0.3942461609840393,-0.0007660804549232125
0.4960234463214874,0.39601030945777893,0.02332659624516964
0.6635843515396118,0.4179460406303406,-0.0487939715385437
0.45574039220809937,0.42092370986938477,-0.01498626358807087
0.6155996918678284,0.43581709265708923,-0.24539676308631897
0.48649317026138306,0.4353276193141937,-0.2177480310201645
0.6005932092666626,0.4443153440952301,-0.2970941364765167
0.4980887174606323,0.44224438071250916,-0.26740092039108276
0.5938633680343628,0.4384932518005371,-0.30298689007759094
0.5047628879547119,0.43743500113487244,-0.276412695646286
0.5960060954093933,0.43629583716392517,-0.25081244111061096
0.5031923055648804,0.43545570969581604,-0.22490225732326508
0.5833607316017151,0.48711639642715454,-0.005182722117751837
0.5190436244010925,0.48829975724220276,0.005034791771322489
0.5828620195388794,0.5609139204025269,-0.024379052221775055
0.5207692980766296,0.5621383190155029,-0.00739296805113554
0.5928786993026733,0.6308844685554504,0.16715411841869354
0.5145705938339233,0.6289706230163574,0.1690092235803604
0.5883970856666565,0.6370444297790527,0.17718860507011414
0.5217326283454895,0.6357104778289795,0.1780417114496231
0.5910399556159973,0.6571782827377319,0.0161775853484869
0.5035451054573059,0.6535326838493347,0.021091129630804062
-
0.542561948299408,0.359880656003952,-0.24074558913707733
0.5493860244750977,0.3549276888370514,-0.21884562075138092
0.5535011291503906,0.35501959919929504,-0.2188500016927719
0.5564866065979004,0.355159193277359,-0.21886509656906128
0.5367003679275513,0.3549741208553314,-0.21842239797115326
0.5324927568435669,0.3551448881626129,-0.21841496229171753
0.528798520565033,0.3553321361541748,-0.21835342049598694
0.5632311105728149,0.3589324355125427,-0.07953371852636337
0.5241343975067139,0.35963115096092224,-0.07871884107589722
0.5510445237159729,0.3671017289161682,-0.18834958970546722
0.5353360176086426,0.367465078830719,-0.18808981776237488
0.5993063449859619,0.39511770009994507,0.002434693044051528
0.4960378110408783,0.39603933691978455,0.01566186361014843
0.6637527942657471,0.4172135889530182,-0.04298751801252365
0.45584678649902344,0.42039427161216736,-0.013985652476549149
0.6162211894989014,0.43548884987831116,-0.23883935809135437
0.4865662455558777,0.4335905611515045,-0.1846476048231125
0.6009160876274109,0.44284170866012573,-0.2914723753929138
0.4979947805404663,0.44050031900405884,-0.2304675430059433
0.594481885433197,0.43773382902145386,-0.2981462776660919
0.5046704411506653,0.4354173541069031,-0.24266615509986877
0.5968974828720093,0.4354878067970276,-0.24514083564281464
0.5031769275665283,0.4331058859825134,-0.19244630634784698
0.5834517478942871,0.4873107969760895,-0.003975975327193737
0.5190409421920776,0.4881061911582947,0.0038732856046408415
0.5829914212226868,0.5623722672462463,-0.02221927046775818
0.5211786031723022,0.5620114207267761,-0.008762906305491924
0.593742847442627,0.6304630637168884,0.1824595332145691
0.5145776271820068,0.6278239488601685,0.17913343012332916
0.5882086753845215,0.6368370652198792,0.19494454562664032
0.5217655897140503,0.6340047121047974,0.1898270547389984
0.5950333476066589,0.6572665572166443,0.03386510908603668
0.5041589736938477,0.6527663469314575,0.031458914279937744
-
0.5439064502716064,0.3619843125343323,-0.22842144966125488
0.550136923789978,0.3566780686378479,-0.20735183358192444
0.5541432499885559,0.35662728548049927,-0.2073565572500229
0.5572768449783325,0.3566451668739319,-0.20737594366073608
0.537604033946991,0.35722875595092773,-0.20665815472602844
0.5336501002311707,0.3574795424938202,-0.20664800703525543
0.5298678278923035,0.35764187574386597,-0.20660410821437836
0.5638234615325928,0.3602902293205261,-0.0690646842122078
0.5245885252952576,0.36200016736984253,-0.06642334163188934
0.5522841811180115,0.36838680505752563,-0.17567896842956543
0.5369165539741516,0.36881011724472046,-0.1749662458896637
0.6003720760345459,0.39559489488601685,0.014064895920455456
0.4970046579837799,0.3971971869468689,0.026243748143315315
0.6635153293609619,0.41770562529563904,-0.02858859673142433
0.4561436176300049,0.4224661886692047,0.006702781189233065
0.6162012219429016,0.43676719069480896,-0.20251815021038055
0.48662349581718445,0.4357621669769287,-0.1499134600162506
0.6009007096290588,0.44378286600112915,-0.25190675258636475
0.4978792369365692,0.44171395897865295,-0.19415022432804108
0.5944710373878479,0.4389668107032776,-0.2612053453922272
0.5044892430305481,0.4368927478790283,-0.20965808629989624
0.5969234108924866,0.43644434213638306,-0.20923186838626862
0.5029360055923462,0.4348168969154358,-0.15888828039169312
0.5836748480796814,0.4890826642513275,-0.003639345755800605
0.5190407633781433,0.49049872159957886,0.0035723417531698942
0.5835568904876709,0.5639418959617615,-0.037251077592372894
0.5215650200843811,0.5641543865203857,-0.020864980295300484
0.5957965850830078,0.6321141123771667,0.15711353719234467
0.5146893262863159,0.6299074292182922,0.15339435636997223
0.5895816087722778,0.6388108730316162,0.1679157316684723
0.5218806266784668,0.6358087658882141,0.16221679747104645
0.5983391404151917,0.6583424210548401,0.005129704251885414
0.5047582983970642,0.6555978655815125,0.0012178304605185986
-
0.5451796650886536,0.3648061156272888,-0.2384524941444397
0.5511630177497864,0.3597226142883301,-0.21608120203018188
0.5551120638847351,0.3597474992275238,-0.2160775512456894
0.5582119822502136,0.3599017262458801,-0.21610209345817566
0.5386615991592407,0.3600788116455078,-0.21627908945083618
0.534684419631958,0.36028534173965454,-0.21627958118915558
0.5309624075889587,0.36060208082199097,-0.21623636782169342
0.5650107860565186,0.36373311281204224,-0.0751638412475586
0.5251240730285645,0.36511000990867615,-0.07677634060382843
0.5537601709365845,0.3712783753871918,-0.18562918901443481
0.5381276607513428,0.3717103600502014,-0.18587510287761688
0.6008620858192444,0.39945223927497864,0.013830982148647308
0.49786025285720825,0.3999636769294739,0.021362293511629105
0.66362065076828,0.4205562174320221,0.021814614534378052
0.4562652111053467,0.4245108962059021,0.0650019571185112
0.6156724095344543,0.44044288992881775,-0.1116001233458519
0.48656773567199707,0.43948596715927124,-0.005192707758396864
0.6008964776992798,0.4464801251888275,-0.1559007316827774
0.497811496257782,0.4450834393501282,-0.03906852751970291
0.5944898128509521,0.4420012831687927,-0.16732503473758698
0.5042937994003296,0.44130539894104004,-0.05710047483444214
0.5969635248184204,0.43990379571914673,-0.11883959174156189
0.5026007890701294,0.4391161799430847,-0.014029637910425663
0.5836883187294006,0.4915764331817627,-0.001883796532638371
0.5189738869667053,0.4931257367134094,0.0018926365301012993
0.58360755443573,0.5660594701766968,-0.0366080142557621
0.5214961767196655,0.567129909992218,-0.025524573400616646
0.5971913933753967,0.6337081789970398,0.16136692464351654
0.5147563815116882,0.6320664286613464,0.153213232755661
0.5907859206199646,0.6402539610862732,0.17202302813529968
0.5218822956085205,0.6378536820411682,0.1622302532196045
0.6016700267791748,0.6604332327842712,0.004856144543737173
0.5052292943000793,0.6574363708496094,-0.0021494750399142504
-
0.5451710820198059,0.3654351830482483,-0.24218133091926575
0.5516895651817322,0.3603433668613434,-0.21954245865345
0.5557464361190796,0.36037734150886536,-0.21953637897968292
0.558819591999054,0.3606354892253876,-0.21955561637878418
0.5391185283660889,0.36079835891723633,-0.21912574768066406
0.5351689457893372,0.3611253499984741,-0.21912962198257446
0.531592607498169,0.3614919185638428,-0.21907122433185577
0.5656499862670898,0.3651215434074402,-0.08007748425006866
0.5258793234825134,0.3664151728153229,-0.0786345824599266
0.5540156364440918,0.3727702498435974,-0.189956396818161
0.5382584929466248,0.37310904264450073,-0.18955349922180176
0.6008539199829102,0.4014660716056824,0.012243654578924179
0.4981476962566376,0.4009822905063629,0.020486215129494667
0.66410231590271,0.4219008982181549,-0.039865490049123764
0.45499512553215027,0.4260486662387848,0.032720740884542465
0.6116358637809753,0.4409657418727875,-0.22601142525672913
0.4874200224876404,0.44043245911598206,-0.10841497033834457
0.5992789268493652,0.44928058981895447,-0.2777675688266754
0.4986836612224579,0.44659218192100525,-0.15087229013442993
0.5934010148048401,0.44466060400009155,-0.281953364610672
0.5049130916595459,0.4423397481441498,-0.16313371062278748
0.5958355069160461,0.44192081689834595,-0.2309609055519104
0.5033721327781677,0.4397153854370117,-0.11577462404966354
0.5836871266365051,0.49176812171936035,-0.003361630020663142
0.5189343094825745,0.49388352036476135,0.0033471044152975082
0.5836794376373291,0.5670056939125061,-0.03911934047937393
0.5206276178359985,0.5722203850746155,-0.02109512686729431
0.5969332456588745,0.6348516345024109,0.16611218452453613
0.5147945284843445,0.633682131767273,0.16352713108062744
0.5906518697738647,0.6409727931022644,0.17810268700122833
0.5219540596008301,0.6402114629745483,0.173451766371727
0.602524995803833,0.6611326932907104,0.015330875292420387
0.5055646300315857,0.6604277491569519,0.012408585287630558
-
0.5461108088493347,0.37727436423301697,-0.2467273473739624
0.5529502034187317,0.3721373975276947,-0.22080452740192413
0.5567566156387329,0.372211754322052,-0.2207913100719452
0.5596395134925842,0.37232792377471924,-0.22080828249454498
0.5398020148277283,0.37245145440101624,-0.22308173775672913
0.5356774926185608,0.3728049397468567,-0.22309425473213196
0.5320523381233215,0.37312763929367065,-0.22298967838287354
0.5659228563308716,0.3761290907859802,-0.0836087092757225
0.526338517665863,0.37731724977493286,-0.08469969779253006
0.5548603534698486,0.38501158356666565,-0.19288350641727448
0.538796067237854,0.3857817053794861,-0.19549451768398285
0.6008281707763672,0.41195207834243774,0.009435721673071384
0.4979112446308136,0.4139368534088135,0.018214255571365356
0.6629214286804199,0.43345126509666443,-0.03170448914170265
0.45445796847343445,0.4363754391670227,0.04415607452392578
0.6110407710075378,0.4536142945289612,-0.20394988358020782
0.48732563853263855,0.45091885328292847,-0.0680776834487915
0.5992857813835144,0.4588407576084137,-0.2530317008495331
0.4984002411365509,0.4578898847103119,-0.10548161715269089
0.5934024453163147,0.45372065901756287,-0.2616117298603058
0.5047731399536133,0.4526015818119049,-0.11857421696186066
0.5958387851715088,0.4520138204097748,-0.21044908463954926
0.5033392310142517,0.45025157928466797,-0.07497692853212357
0.5835242867469788,0.5028976202011108,-0.0037862611934542656
0.518358588218689,0.5040404200553894,0.0037765030283480883
0.585147500038147,0.5761333703994751,-0.03917466849088669
0.5189383029937744,0.5821396708488464,-0.01794588752090931
0.5965631604194641,0.6407641172409058,0.17551013827323914
0.5148322582244873,0.6418051719665527,0.17634905874729156
0.5905022621154785,0.6477552056312561,0.18922223150730133
0.5219749212265015,0.64798504114151,0.1868818700313568
0.6014479994773865,0.6693955659866333,0.024309396743774414
0.5067359209060669,0.6702433824539185,0.024298114702105522
-
0.5460251569747925,0.3900274336338043,-0.27377697825431824
0.5528319478034973,0.384802907705307,-0.2512103021144867
0.5566868782043457,0.38495513796806335,-0.25121116638183594
0.5597563982009888,0.3851583003997803,-0.2512260675430298
0.5398389101028442,0.38521504402160645,-0.25032874941825867
0.535805344581604,0.38551053404808044,-0.2503419518470764
0.5321287512779236,0.3856506943702698,-0.2502758204936981
0.5660578608512878,0.389232873916626,-0.11450400948524475
0.5267900228500366,0.38943731784820557,-0.10970082879066467
0.5547934770584106,0.3970144987106323,-0.22252191603183746
0.5387114882469177,0.3970203995704651,-0.2215193659067154
0.6008053421974182,0.4237822890281677,-0.027759438380599022
0.49848878383636475,0.4269666075706482,0.006787240970879793
0.6619895100593567,0.44448909163475037,-0.0067824372090399265
0.45531371235847473,0.4490278363227844,0.07236356288194656
0.6106984615325928,0.4666658043861389,-0.10714022070169449
0.48798903822898865,0.46434730291366577,0.004258560016751289
0.5984286665916443,0.47095632553100586,-0.14284256100654602
0.4999382495880127,0.47071176767349243,-0.024026330560445786
0.5933674573898315,0.4670134484767914,-0.15969398617744446
0.5053292512893677,0.4664551317691803,-0.039270441979169846
0.59592604637146,0.46514892578125,-0.11497583240270615
0.5035386085510254,0.46408456563949585,-0.0029761737678200006
0.5833860039710999,0.5155192613601685,-0.0037974866572767496
0.5185109376907349,0.5163065791130066,0.0037853773683309555
0.5869320034980774,0.5884342789649963,-0.04376626014709473
0.5176379680633545,0.5925090909004211,-0.017898758873343468
0.5953799486160278,0.6508349180221558,0.1832170933485031
0.5148453116416931,0.6498587131500244,0.18477484583854675
0.5899612307548523,0.6576178669929504,0.19868731498718262
0.5219064354896545,0.6564129590988159,0.19678732752799988
0.5999685525894165,0.6801730990409851,0.0414431057870388
0.509811520576477,0.6793793439865112,0.04179743304848671
-
0.5463082790374756,0.40509501099586487,-0.2734820544719696
0.5530951023101807,0.3994998335838318,-0.25171959400177
0.5569326877593994,0.3995571732521057,-0.2517211139202118
0.5601487159729004,0.39983877539634705,-0.2517305314540863
0.5403326749801636,0.3995506167411804,-0.25055187940597534
0.5364779829978943,0.39948105812072754,-0.25055620074272156
0.532708466053009,0.39953359961509705,-0.250498503446579
0.5661675333976746,0.4037918448448181,-0.11774658411741257
0.5272255539894104,0.40299683809280396,-0.11257139593362808
0.5548837184906006,0.41157716512680054,-0.22318784892559052
0.5391083359718323,0.41135627031326294,-0.22189144790172577
0.6006619930267334,0.4367120862007141,-0.04126959294080734
0.4986570179462433,0.4393114447593689,-0.011329312808811665
0.6620065569877625,0.45660996437072754,-0.06766125559806824
0.45574718713760376,0.4624060094356537,0.010239661671221256
0.6122742295265198,0.4777994155883789,-0.2395845204591751
0.4938320517539978,0.4793148934841156,-0.09984464943408966
0.6004184484481812,0.48236536979675293,-0.28634998202323914
0.506984531879425,0.4847666621208191,-0.13528741896152496
0.5954262018203735,0.4786859154701233,-0.2960163950920105
0.5119509696960449,0.48197636008262634,-0.14647379517555237
0.598326563835144,0.47641634941101074,-0.24622635543346405
0.5092700123786926,0.4799632132053375,-0.10604649782180786
0.5833821892738342,0.5280613303184509,-0.0037277617957443
0.5190959572792053,0.5291308164596558,0.0037070726975798607
0.5886455178260803,0.5990472435951233,-0.04003969579935074
0.5165650248527527,0.6022206544876099,-0.009674154222011566
0.5944183468818665,0.6559675931930542,0.21858415007591248
0.5149350762367249,0.6568095684051514,0.20897172391414642
0.5884813666343689,0.662866473197937,0.23685546219348907
0.5219161510467529,0.6636610627174377,0.22313149273395538
0.5976896286010742,0.684341549873352,0.08764283359050751
0.5141230821609497,0.684820830821991,0.07230374217033386
-
0.5462898015975952,0.41493773460388184,-0.28107404708862305
0.5530582070350647,0.4097265601158142,-0.25769683718681335
0.556903064250946,0.4099128842353821,-0.2577030062675476
0.5600890517234802,0.410226047039032,-0.25772368907928467
0.5402833223342896,0.4101191461086273,-0.25518810749053955
0.5364251732826233,0.41046738624572754,-0.2551916837692261
0.5326622724533081,0.41084083914756775,-0.255135715007782
0.5661358833312988,0.4145375192165375,-0.12361278384923935
0.5275261998176575,0.4143143594264984,-0.11297085881233215
0.5548670887947083,0.42161059379577637,-0.23193544149398804
0.5390470027923584,0.4215168356895447,-0.22884148359298706
0.6006460189819336,0.4507327079772949,-0.06007549911737442
0.49914953112602234,0.45146363973617554,-0.019970711320638657
0.6629422903060913,0.4698737561702728,-0.11368482559919357
0.45654815435409546,0.4747988283634186,-0.013278484344482422
0.6122862696647644,0.49230989813804626,-0.3003126084804535
0.49762827157974243,0.4932996332645416,-0.13567160069942474
0.6000020503997803,0.4968086779117584,-0.3506854772567749
0.5097846388816833,0.4987879693508148,-0.17512451112270355
0.5952136516571045,0.49304500222206116,-0.3588322401046753
0.5151914954185486,0.49659013748168945,-0.185006782412529
0.5983078479766846,0.49097496271133423,-0.3064891993999481
0.5122822523117065,0.4944070875644684,-0.14214441180229187
0.5829342603683472,0.5398832559585571,-0.0038234787061810493
0.5190443992614746,0.5405102968215942,0.0037866642232984304
0.5910625457763672,0.6108303070068359,-0.046156421303749084
0.514480710029602,0.6127452254295349,-0.01610257290303707
0.5927000045776367,0.6601313352584839,0.2599613070487976
0.516224205493927,0.6605628728866577,0.2575395107269287
0.5871191620826721,0.6678705811500549,0.28443363308906555
0.5235599279403687,0.6682075262069702,0.279109925031662
0.5972187519073486,0.6848662495613098,0.14358501136302948
0.514875054359436,0.6838217377662659,0.14152468740940094
-
0.5462402701377869,0.42172884941101074,-0.2771959602832794
0.5530046820640564,0.4174892008304596,-0.25362589955329895
0.5568586587905884,0.41758713126182556,-0.253627747297287
0.5599167943000793,0.4176657795906067,-0.2536429762840271
0.5402796268463135,0.4176550805568695,-0.25193965435028076
0.5364186763763428,0.4179486334323883,-0.25194376707077026
0.5327282547950745,0.41828447580337524,-0.2518945336341858
0.5658471584320068,0.4209078848361969,-0.11912593990564346
0.5279465317726135,0.42179545760154724,-0.10950003564357758
0.554833173751831,0.4287734925746918,-0.22749599814414978
0.5391873121261597,0.42969077825546265,-0.22498713433742523
0.6005899906158447,0.45782142877578735,-0.05887584760785103
0.4992048144340515,0.4594988226890564,-0.018107809126377106
0.6632716655731201,0.4808301329612732,-0.13426339626312256
0.4567148983478546,0.4826946258544922,-0.08783970773220062
0.6120404005050659,0.5022557377815247,-0.3247741162776947
0.4961724281311035,0.49949440360069275,-0.3058057427406311
0.5988607406616211,0.5086382031440735,-0.37820789217948914
0.5068501234054565,0.5058150291442871,-0.35977089405059814
0.593223512172699,0.504534125328064,-0.38312220573425293
0.5141710638999939,0.5024945139884949,-0.36395716667175293
0.5965889692306519,0.5023090839385986,-0.3292320966720581
0.5120651125907898,0.5005658864974976,-0.3127082288265228
0.5829067230224609,0.5458402037620544,-0.003883990691974759
0.5188280940055847,0.5465080142021179,0.003827799577265978
0.5935330986976624,0.6164207458496094,-0.08218605816364288
0.5136438012123108,0.6175069808959961,-0.03372478857636452
0.5922387838363647,0.6602054834365845,0.26621943712234497
0.5172725915908813,0.6609980463981628,0.28141701221466064
0.5856645703315735,0.6665547490119934,0.2953921854496002
0.5258774757385254,0.6671544909477234,0.30786457657814026
0.5973353385925293,0.6845811605453491,0.16650645434856415
0.5152195692062378,0.6839747428894043,0.18597975373268127
-
0.5462194085121155,0.4235913157463074,-0.2765885293483734
0.5523911714553833,0.4185069501399994,-0.25191530585289
0.5562334060668945,0.4186113774776459,-0.2519412934780121
0.5592924952507019,0.4187294542789459,-0.2519834637641907
0.5402567386627197,0.4187332093715668,-0.24972288310527802
0.5363951325416565,0.4189494252204895,-0.24974355101585388
0.5327221155166626,0.41928964853286743,-0.24970181286334991
0.5652856230735779,0.4222680628299713,-0.11722204089164734
0.5279374718666077,0.4237363338470459,-0.10763707756996155
0.5547349452972412,0.42973366379737854,-0.22537676990032196
0.5391956567764282,0.4299768805503845,-0.22355826199054718
0.6006634831428528,0.4581105709075928,-0.05067024752497673
0.49915483593940735,0.4590388238430023,-0.023499388247728348
0.6632699966430664,0.48133760690689087,-0.13239258527755737
0.4574406147003174,0.48405200242996216,-0.11275431513786316
0.6120280027389526,0.5019366145133972,-0.33762091398239136
0.4957088828086853,0.4999729096889496,-0.3377620279788971
0.5985518097877502,0.507206916809082,-0.3911086320877075
0.5064935684204102,0.5068398118019104,-0.3930351138114929
0.5930130481719971,0.5029137134552002,-0.39368346333503723
0.5135628581047058,0.5031260848045349,-0.39419156312942505
0.5962889790534973,0.5012723207473755,-0.34166333079338074
0.511478066444397,0.501289963722229,-0.3430361747741699
0.5829038619995117,0.5454862713813782,-0.004126697313040495
0.5186725854873657,0.5459754467010498,0.004045247100293636
0.5951363444328308,0.6176548004150391,-0.08095881342887878
0.5114840865135193,0.6165187358856201,-0.03323885053396225
0.5918503999710083,0.6619243621826172,0.24961310625076294
0.5188303589820862,0.6617125868797302,0.25743356347084045
0.5842000842094421,0.6676488518714905,0.27568182349205017
0.5281482934951782,0.6674466729164124,0.2799789607524872
0.5973851680755615,0.6849503517150879,0.1434938907623291
0.5156893730163574,0.6846984624862671,0.15124084055423737
-
0.5460507869720459,0.41824397444725037,-0.27324143052101135
0.5521060824394226,0.41340547800064087,-0.24725717306137085
0.5559602379798889,0.4135493338108063,-0.24728678166866302
0.5588703155517578,0.41376572847366333,-0.24733637273311615
0.5400265455245972,0.4135732650756836,-0.24361510574817657
0.5362244844436646,0.4137619137763977,-0.24361656606197357
0.5325040221214294,0.41403260827064514,-0.2435673028230667
0.5643528699874878,0.417795330286026,-0.11456755548715591
0.5279325246810913,0.41877880692481995,-0.09839319437742233
0.5545151829719543,0.42516154050827026,-0.2247561514377594
0.5390633940696716,0.42539840936660767,-0.22049666941165924
0.6004387140274048,0.4540861248970032,-0.05218798294663429
0.49911943078041077,0.45481857657432556,-0.02016570419073105
0.6621920466423035,0.47637996077537537,-0.13717277348041534
0.4579226076602936,0.47749820351600647,-0.10618481040000916
0.611167848110199,0.49736911058425903,-0.3373272716999054
0.4940715432167053,0.4938158392906189,-0.32523012161254883
0.5980702638626099,0.5026174783706665,-0.39100438356399536
0.5041922330856323,0.5002669095993042,-0.37988269329071045
0.5920305252075195,0.49918144941329956,-0.3969666659832001
0.5115050673484802,0.49692434072494507,-0.383224755525589
0.5950023531913757,0.4974386692047119,-0.3425866961479187
0.5098868012428284,0.4950912594795227,-0.33180996775627136
0.5819495916366577,0.5418114066123962,-0.004072594456374645
0.5178753137588501,0.5427455902099609,0.003981560003012419
0.5962939858436584,0.6154220104217529,-0.07125671952962875
0.5107302069664001,0.6141289472579956,-0.035325609147548676
0.5916833877563477,0.6617908477783203,0.26283031702041626
0.5195039510726929,0.6613031625747681,0.25589606165885925
0.5837895274162292,0.6671388745307922,0.28965550661087036
0.5284090042114258,0.6673154830932617,0.27848657965660095
0.5973881483078003,0.6842907667160034,0.15577203035354614
0.5163925886154175,0.683963418006897,0.1444305181503296
-
0.5447412729263306,0.41299715638160706,-0.27257320284843445
0.5512851476669312,0.4082098603248596,-0.24691782891750336
0.5553469061851501,0.4083532691001892,-0.2469424307346344
0.5584250092506409,0.4085496962070465,-0.24698643386363983
0.5393354892730713,0.4083772599697113,-0.24297906458377838
0.535578191280365,0.4085536599159241,-0.24298161268234253
0.5317566990852356,0.40882205963134766,-0.24292877316474915
0.5641695857048035,0.41233062744140625,-0.11314314603805542
0.5278418660163879,0.41314977407455444,-0.09541604667901993
0.5537002086639404,0.41980797052383423,-0.22327910363674164
0.5380844473838806,0.4200105667114258,-0.2198777049779892
0.5996050238609314,0.44793766736984253,-0.04856052249670029
0.49957674741744995,0.44980311393737793,-0.017472799867391586
0.6626411080360413,0.47007280588150024,-0.13243108987808228
0.45789024233818054,0.4717737138271332,-0.06552647799253464
0.6112674474716187,0.49061113595962524,-0.33712238073349
0.4942549467086792,0.4884853959083557,-0.23669050633907318
0.5977116227149963,0.49649468064308167,-0.39077767729759216
0.5041281580924988,0.4952033460140228,-0.2831228971481323
0.5918970108032227,0.4922323226928711,-0.3944135308265686
0.5114066004753113,0.491424024105072,-0.29016146063804626
0.5950156450271606,0.4902949929237366,-0.34195780754089355
0.5097130537033081,0.4894239902496338,-0.24312299489974976
0.5811702013015747,0.5374961495399475,-0.0026591301430016756
0.5178769826889038,0.538193941116333,0.0025278963148593903
0.5960301160812378,0.6106919646263123,-0.06975279748439789
0.5109636187553406,0.6120465397834778,-0.04075797647237778
0.5916677117347717,0.6610269546508789,0.27080100774765015
0.519453227519989,0.6609814763069153,0.26393795013427734
0.5838132500648499,0.6666637659072876,0.29732581973075867
0.528194785118103,0.6664786338806152,0.2883543372154236
0.5974116921424866,0.683585524559021,0.15884371101856232
0.516429603099823,0.684266209602356,0.1516409069299698
-
0.5437158942222595,0.41220083832740784,-0.28333625197410583
0.5503324270248413,0.4070301949977875,-0.2603301703929901
0.5545592308044434,0.4073010981082916,-0.2603297233581543
0.5579625368118286,0.4077056050300598,-0.2603548765182495
0.538485050201416,0.40735572576522827,-0.25802597403526306
0.5347570180892944,0.4081084728240967,-0.25804322957992554
0.5311676263809204,0.40853351354599,-0.25800466537475586
0.5638080835342407,0.4121464788913727,-0.12505118548870087
0.5275235772132874,0.4128180146217346,-0.11468109488487244
0.5528625249862671,0.41787680983543396,-0.2332315444946289
0.5372838377952576,0.41770148277282715,-0.23072072863578796
0.5988023281097412,0.44726991653442383,-0.04662196338176727
0.49949920177459717,0.44666171073913574,-0.02692917175590992
0.6619380712509155,0.46263208985328674,-0.07970809191465378
0.456909716129303,0.4673357605934143,-0.019631043076515198
0.6113470792770386,0.4838798940181732,-0.23868738114833832
0.49415460228919983,0.4862767159938812,-0.11658407747745514
0.5977210402488708,0.49061304330825806,-0.28399142622947693
0.5040351152420044,0.4943779408931732,-0.1529102623462677
0.5921089053153992,0.48682183027267456,-0.29376220703125
0.5111332535743713,0.4903140962123871,-0.16411499679088593
0.5950940847396851,0.48492637276649475,-0.24518011510372162
0.5095783472061157,0.48853716254234314,-0.12272094190120697
0.5808168053627014,0.5343813300132751,0.0010221764678135514
0.517769992351532,0.5354123711585999,-0.0011858553625643253
0.595462441444397,0.6102198958396912,-0.046002939343452454
0.5110941529273987,0.6099517941474915,-0.03756721690297127
0.5918577313423157,0.6597930788993835,0.27008745074272156
0.5193799734115601,0.6598362326622009,0.25391075015068054
0.5846726894378662,0.6655975580215454,0.29402080178260803
0.5276210308074951,0.6653094291687012,0.27583056688308716
0.5973948836326599,0.6829748153686523,0.14656251668930054
0.5172661542892456,0.6839059591293335,0.1330643892288208
-
0.5428379774093628,0.40498629212379456,-0.28173092007637024
0.5495648384094238,0.3997606337070465,-0.2591645121574402
0.5539520382881165,0.400096595287323,-0.25916123390197754
0.557575523853302,0.40041834115982056,-0.25918352603912354
0.5374753475189209,0.3999477028846741,-0.258163720369339
0.5338169932365417,0.40040841698646545,-0.2581813931465149
0.5305481553077698,0.4006860852241516,-0.25814613699913025
0.563484251499176,0.4046878218650818,-0.12096096575260162
0.5272389054298401,0.4051240086555481,-0.11460979282855988
0.5517464876174927,0.4109257757663727,-0.23004557192325592
0.5359461307525635,0.4107899069786072,-0.22841572761535645
0.5984087586402893,0.438080370426178,-0.01915961317718029
0.4987453818321228,0.43868622183799744,-0.023407984524965286
0.6611654758453369,0.4540237486362457,-0.012185083702206612
0.45619794726371765,0.46005576848983765,0.010948989540338516
0.6122013926506042,0.4755250811576843,-0.1548377424478531
0.49003860354423523,0.47378644347190857,-0.08218283951282501
0.5985836982727051,0.48068422079086304,-0.1968597173690796
0.5009876489639282,0.4797230362892151,-0.11791495233774185
0.5928205847740173,0.47688931226730347,-0.20855340361595154
0.5068860054016113,0.47592025995254517,-0.1302095502614975
0.5955922603607178,0.47474512457847595,-0.1618851274251938
0.505099892616272,0.47385209798812866,-0.08868222683668137
0.5806213617324829,0.5271594524383545,0.005327179562300444
0.5177688598632812,0.529403030872345,-0.005462272558361292
0.594861626625061,0.6044187545776367,-0.03758529946208
0.5120951533317566,0.6068486571311951,-0.035742878913879395
0.5923681259155273,0.6593728065490723,0.25864723324775696
0.518889307975769,0.6591227650642395,0.2407054305076599
0.5853065252304077,0.6651439666748047,0.2825915515422821
0.5262868404388428,0.6646631360054016,0.2596653997898102
0.5982721447944641,0.682808518409729,0.12619346380233765
0.5172038078308105,0.6833416223526001,0.09662593901157379
-
0.5423402190208435,0.4007713198661804,-0.275040864944458
0.548975944519043,0.3955598771572113,-0.2538062632083893
0.5535533428192139,0.39583951234817505,-0.25378966331481934
0.5573006272315979,0.3961505889892578,-0.2537972927093506
0.5366711616516113,0.39549919962882996,-0.25435778498649597
0.5329039096832275,0.3957853615283966,-0.25438305735588074
0.529523491859436,0.396096408367157,-0.25436142086982727
0.5631601810455322,0.40062060952186584,-0.11215656995773315
0.5263460278511047,0.40087828040122986,-0.11199048161506653
0.5511676073074341,0.4067601263523102,-0.22123120725154877
0.5351223349571228,0.4066230356693268,-0.22111102938652039
0.5978737473487854,0.431800901889801,-0.007012660149484873
0.49707576632499695,0.4346070885658264,-0.009742039255797863
0.6611430048942566,0.44809216260910034,-0.014258244074881077
0.454746276140213,0.45601916313171387,0.021333379670977592
0.6135144829750061,0.47035709023475647,-0.1774381697177887
0.4858952760696411,0.46797066926956177,-0.0860089361667633
0.600040853023529,0.4751027524471283,-0.22374273836612701
0.49711912870407104,0.4732591509819031,-0.1241169273853302
0.5940574407577515,0.4711308479309082,-0.23372934758663177
0.5025403499603271,0.469357967376709,-0.13622839748859406
0.5966249704360962,0.46907225251197815,-0.1844715178012848
0.5007496476173401,0.46730273962020874,-0.09291558712720871
0.5805262327194214,0.5222755074501038,0.005623511038720608
0.5177623629570007,0.5250243544578552,-0.005745719652622938
0.592886209487915,0.5981104373931885,-0.03390965610742569
0.5141645073890686,0.6024014949798584,-0.035071004182100296
0.592673122882843,0.6589198112487793,0.24271783232688904
0.5182629227638245,0.6588138341903687,0.2216939777135849
0.586679220199585,0.6647664308547974,0.2606275677680969
0.5243521928787231,0.6644494533538818,0.23825182020664215
0.5981976389884949,0.6825591325759888,0.09353666007518768
0.5175702571868896,0.6832905411720276,0.07365171611309052
-
0.5418198704719543,0.39944159984588623,-0.27344459295272827
0.5484352707862854,0.39459577202796936,-0.25365525484085083
0.5530576705932617,0.39471369981765747,-0.25364387035369873
0.5569855570793152,0.39487963914871216,-0.2536589503288269
0.5360425710678101,0.39472806453704834,-0.2540750205516815
0.5321686863899231,0.39489978551864624,-0.254098504781723
0.5285917520523071,0.395206093788147,-0.2540700137615204
0.562715470790863,0.3980986475944519,-0.1120256632566452
0.5255671739578247,0.3990750312805176,-0.11179690808057785
0.5507990717887878,0.4052964150905609,-0.21936175227165222
0.5345587134361267,0.40562281012535095,-0.2187042385339737
0.5970370173454285,0.42907992005348206,-0.011990869417786598
0.4966322183609009,0.4323497414588928,-0.006367543712258339
0.6609547734260559,0.4453049600124359,-0.036460790783166885
0.4529377520084381,0.4540081024169922,0.005795086268335581
0.6141237020492554,0.4673861563205719,-0.20607884228229523
0.4841243028640747,0.46642857789993286,-0.11834222078323364
0.600875735282898,0.4716300070285797,-0.25308957695961
0.49576589465141296,0.47074541449546814,-0.15869873762130737
0.5946874618530273,0.4679895043373108,-0.26280224323272705
0.5010315179824829,0.46719542145729065,-0.1698489785194397
0.5970890522003174,0.46642541885375977,-0.2127140909433365
0.499009907245636,0.46558189392089844,-0.12550733983516693
0.5805108547210693,0.5203924775123596,0.0048812758177518845
0.5175556540489197,0.5231577754020691,-0.0050001973286271095
0.5911514163017273,0.5948066711425781,-0.031922344118356705
0.515971302986145,0.5998790860176086,-0.03009643778204918
0.59271639585495,0.6585030555725098,0.2380659580230713
0.5181931257247925,0.6582921743392944,0.22145335376262665
0.5868335962295532,0.6645445227622986,0.2555820047855377
0.5242515802383423,0.6637049913406372,0.2384631633758545
0.5981359481811523,0.6824299097061157,0.093268021941185
0.5179545283317566,0.6822563409805298,0.08001203835010529
-
0.5413777828216553,0.3995532989501953,-0.27646762132644653
0.5481936931610107,0.39482706785202026,-0.25574788451194763
0.5528824925422668,0.3949425518512726,-0.2557404637336731
0.5568710565567017,0.395074725151062,-0.25575608015060425
0.535522997379303,0.3950001001358032,-0.2556298077106476
0.5316437482833862,0.3951701819896698,-0.25564804673194885
0.5279783606529236,0.3954465985298157,-0.25561144948005676
0.5624856948852539,0.3979716897010803,-0.11671172082424164
0.5251041650772095,0.39889395236968994,-0.11544385552406311
0.5504143238067627,0.4055704176425934,-0.22358649969100952
0.5342377424240112,0.4059534966945648,-0.2231547236442566
0.5960261821746826,0.42839545011520386,-0.016479941084980965
0.4966435730457306,0.4325841963291168,-0.011428986676037312
0.6609529256820679,0.4445340633392334,-0.04471312463283539
0.45006227493286133,0.45435285568237305,0.002655908465385437
0.6144655346870422,0.4680057466030121,-0.21338026225566864
0.48457327485084534,0.4669124186038971,-0.12904895842075348
0.6009201407432556,0.4730597138404846,-0.2610527575016022
0.49620798230171204,0.4716947078704834,-0.16962836682796478
0.5949780344963074,0.4689205288887024,-0.2693417966365814
0.5016117691993713,0.46808868646621704,-0.17804260551929474
0.5974339842796326,0.46729883551597595,-0.21954089403152466
0.4996563792228699,0.46653205156326294,-0.13488569855690002
0.5805501341819763,0.5203077793121338,0.004509852733463049
0.5175362229347229,0.522283136844635,-0.004626926500350237
0.5893024802207947,0.5939196348190308,-0.02357369475066662
0.5177254676818848,0.5981159210205078,-0.019187062978744507
0.5927268862724304,0.6584566235542297,0.2322435975074768
0.5182304382324219,0.6578155755996704,0.21550162136554718
0.5869333148002625,0.6644582152366638,0.24866674840450287
0.524244487285614,0.6635344624519348,0.2309459000825882
0.5961217284202576,0.6820247173309326,0.08665553480386734
0.5198461413383484,0.6808966398239136,0.07277096062898636
-
0.541078507900238,0.40021029114723206,-0.27089253067970276
0.5478234887123108,0.3958131670951843,-0.249793142080307
0.5524212121963501,0.3959844410419464,-0.2497941106557846
0.5565356612205505,0.3960883617401123,-0.24981719255447388
0.5351225733757019,0.39569172263145447,-0.2502659559249878
0.5312530994415283,0.3957863450050354,-0.25028496980667114
0.5275306105613708,0.3959469497203827,-0.25023508071899414
0.5613007545471191,0.3987954556941986,-0.11590350419282913
0.5247538685798645,0.39918601512908936,-0.11354391276836395
0.5497961044311523,0.40632423758506775,-0.22056470811367035
0.533521294593811,0.4065415859222412,-0.2209329754114151
0.5946459174156189,0.4295559525489807,-0.024881737306714058
0.49582111835479736,0.43266016244888306,-0.010348347947001457
0.6609599590301514,0.4458281397819519,-0.046892616897821426
0.44899460673332214,0.45513638854026794,0.011462662369012833
0.6144395470619202,0.46908116340637207,-0.21548819541931152
0.48462915420532227,0.468433678150177,-0.09320815652608871
0.6008705496788025,0.4747487008571625,-0.26288139820098877
0.4965054392814636,0.4734417498111725,-0.12947212159633636
0.5947229862213135,0.4705122113227844,-0.27018800377845764
0.5017797946929932,0.46976861357688904,-0.13663069903850555
0.5973705053329468,0.4686465263366699,-0.22126272320747375
0.49952277541160583,0.46795034408569336,-0.09786232560873032
0.5805380344390869,0.520966649055481,0.0009721459355205297
0.5176440477371216,0.5228673219680786,-0.001085491618141532
0.5867152810096741,0.5946215987205505,-0.023221861571073532
0.5187242031097412,0.5984392762184143,-0.008215023204684258
0.5925125479698181,0.6586317420005798,0.21291391551494598
0.5182796120643616,0.6578705906867981,0.20389008522033691
0.5869655013084412,0.6647657155990601,0.22763332724571228
0.5242392420768738,0.6634214520454407,0.21716739237308502
0.5941352248191833,0.6819514632225037,0.06871090829372406
0.5209071636199951,0.6804968118667603,0.06237645074725151
-
0.540324330329895,0.4030689597129822,-0.25286152958869934
0.5463380813598633,0.3981773257255554,-0.23113015294075012
0.5508575439453125,0.3983055651187897,-0.23113718628883362
0.555026650428772,0.3984396457672119,-0.2311607152223587
0.5342742204666138,0.3984682559967041,-0.2311042994260788
0.5305049419403076,0.3987763524055481,-0.23111800849437714
0.5269723534584045,0.39887160062789917,-0.23106595873832703
0.5596867799758911,0.4014155864715576,-0.10143734514713287
0.5243527889251709,0.40182217955589294,-0.1007479652762413
0.5487725138664246,0.4090939164161682,-0.20471617579460144
0.5328315496444702,0.4093465209007263,-0.2047213912010193
0.5943009257316589,0.43139591813087463,-0.024732233956456184
0.4953087568283081,0.4363931119441986,-0.005988077260553837
0.6614759564399719,0.4471183717250824,-0.049308937042951584
0.44932448863983154,0.45951205492019653,0.014212111942470074
0.6146998405456543,0.4698351323604584,-0.2067672163248062
0.48507702350616455,0.47116318345069885,-0.08323203772306442
0.6008715033531189,0.475941002368927,-0.25378888845443726
0.49872729182243347,0.4778013825416565,-0.11887840926647186
0.5947133302688599,0.4714391827583313,-0.261089950799942
0.503394603729248,0.47322216629981995,-0.12843887507915497
0.5973671674728394,0.4689233899116516,-0.2124665081501007
0.5000907778739929,0.4704083502292633,-0.08873406797647476
0.5805200338363647,0.5243759155273438,-0.00035403421497903764
0.5176674723625183,0.5251299738883972,0.0002640745078679174
0.5852361917495728,0.595005452632904,-0.01918291300535202
0.5197662115097046,0.5984866619110107,-0.0028178435750305653
0.5913510918617249,0.6595412492752075,0.1948426365852356
0.5193058252334595,0.6586664915084839,0.1896388977766037
0.5848330855369568,0.6660221219062805,0.20747119188308716
0.5253019332885742,0.6644046306610107,0.20086468756198883
0.5934244990348816,0.6820001602172852,0.05221300199627876
0.5219994783401489,0.6804702877998352,0.04969451203942299
-
0.5399956107139587,0.4069443643093109,-0.2556215822696686
0.5455771684646606,0.4016604423522949,-0.23298223316669464
0.5500444173812866,0.4016554355621338,-0.23297791182994843
0.5540164709091187,0.4016675353050232,-0.23300637304782867
0.5339109897613525,0.40170150995254517,-0.23340989649295807
0.5302432775497437,0.401784747838974,-0.2334281951189041
0.5268192887306213,0.4018891751766205,-0.23340266942977905
0.5588446855545044,0.4046595096588135,-0.10224287211894989
0.5240104794502258,0.4052802622318268,-0.1089082583785057
0.5480776429176331,0.4125673770904541,-0.20724934339523315
0.5324667096138,0.41278213262557983,-0.20572678744792938
0.5940462946891785,0.43551596999168396,-0.02065509371459484
0.4936043322086334,0.4410971999168396,-0.009407980367541313
0.6601932644844055,0.45284971594810486,-0.013860105536878109
0.44983619451522827,0.4653395116329193,0.029102187603712082
0.6146425008773804,0.47560110688209534,-0.16554103791713715
0.48502591252326965,0.47613948583602905,-0.053608715534210205
0.6004260182380676,0.48167309165000916,-0.21062543988227844
0.4984661936759949,0.4827147126197815,-0.08651146292686462
0.5943830013275146,0.4774561822414398,-0.22222283482551575
0.5029537081718445,0.47816410660743713,-0.10073385387659073
0.597274661064148,0.4747273921966553,-0.1728897988796234
0.499896377325058,0.4755339026451111,-0.06035958230495453
0.5803930163383484,0.5277926921844482,0.0007590443128719926
0.517447829246521,0.5280246138572693,-0.000824352668132633
0.5849140882492065,0.5970557332038879,-0.01780468039214611
0.5209636092185974,0.5993404984474182,-0.006016488652676344
0.5911142826080322,0.6597984433174133,0.20624391734600067
0.52032870054245,0.6591373085975647,0.19625797867774963
0.584027886390686,0.6663752794265747,0.22103390097618103
0.5261679291725159,0.664742648601532,0.20899726450443268
0.593317985534668,0.682196319103241,0.06501960009336472
0.5231049656867981,0.6805518865585327,0.05533171072602272
-
0.5399964451789856,0.4076111912727356,-0.25909993052482605
0.545353889465332,0.40223774313926697,-0.23530924320220947
0.5497409701347351,0.4022678732872009,-0.2353297919034958
0.5534452795982361,0.40229830145835876,-0.2353443205356598
0.5339338779449463,0.4023313522338867,-0.23682186007499695
0.5302546620368958,0.40247684717178345,-0.23682372272014618
0.5268566608428955,0.402582585811615,-0.2367752343416214
0.5580936670303345,0.4051927626132965,-0.10336931049823761
0.5239101648330688,0.4057978689670563,-0.10871750861406326
0.5479294657707214,0.41329488158226013,-0.20798596739768982
0.5325287580490112,0.4134535789489746,-0.2082853764295578
0.5941006541252136,0.4381089210510254,-0.021335314959287643
0.4930660128593445,0.44287458062171936,-0.011432145722210407
0.6584898233413696,0.45951566100120544,-0.06157757341861725
0.4524541199207306,0.4696362614631653,-0.048625025898218155
0.6138241291046143,0.4796110689640045,-0.2675953209400177
0.48617494106292725,0.4804905354976654,-0.24562528729438782
0.6000568270683289,0.4848039746284485,-0.3222068250179291
0.4987336993217468,0.4860002100467682,-0.29531288146972656
0.5935871601104736,0.48034992814064026,-0.32841286063194275
0.5030715465545654,0.48182860016822815,-0.30559736490249634
0.5968495607376099,0.4776425361633301,-0.27347132563591003
0.500302255153656,0.4795458912849426,-0.25322747230529785
0.5802122950553894,0.5294262170791626,0.0007435393054038286
0.5174307227134705,0.5295203924179077,-0.0008099394617602229
0.5841622948646545,0.5977782607078552,-0.02029031701385975
0.5217165946960449,0.60000079870224,-0.006817616987973452
0.5908965468406677,0.6597809791564941,0.21450752019882202
0.5210695266723633,0.6590773463249207,0.20957912504673004
0.5836805701255798,0.6662706136703491,0.22897794842720032
0.5272015929222107,0.6646901965141296,0.2231847196817398
0.5932592153549194,0.6822059154510498,0.07311444729566574
0.5234739780426025,0.6805739402770996,0.07192584872245789
-
0.5397726893424988,0.40731287002563477,-0.2601515054702759
0.5450165271759033,0.40202459692955017,-0.23694568872451782
0.5493914484977722,0.4021284580230713,-0.2369631826877594
0.5531592965126038,0.4022347033023834,-0.23697927594184875
0.53364098072052,0.4022241234779358,-0.23758305609226227
0.5299423336982727,0.402488648891449,-0.23758180439472198
0.5265548825263977,0.40260404348373413,-0.2375311702489853
0.5577102899551392,0.4052676260471344,-0.10286436229944229
0.5236943364143372,0.4057673513889313,-0.10522330552339554
0.5476406216621399,0.41330742835998535,-0.20916788280010223
0.5323365330696106,0.4134141504764557,-0.2092224359512329
0.59408038854599,0.43891263008117676,-0.022856082767248154
0.492479145526886,0.4432894289493561,-0.011478887870907784
0.6569990515708923,0.4610097408294678,-0.07504693418741226
0.45417913794517517,0.47050803899765015,-0.05004198104143143
0.6132795810699463,0.48005738854408264,-0.2752140760421753
0.4888485372066498,0.48125511407852173,-0.2355375736951828
0.5996198654174805,0.4855056405067444,-0.32881584763526917
0.5016040205955505,0.4867674708366394,-0.2835635244846344
0.5932317972183228,0.48091721534729004,-0.3349447250366211
0.5058584809303284,0.4828403890132904,-0.2940574586391449
0.5966552495956421,0.478226900100708,-0.28101617097854614
0.5032292008399963,0.4806806147098541,-0.24314171075820923
0.5800808072090149,0.5299897789955139,-2.710637818381656e-05
0.5172232389450073,0.5301076769828796,-4.7141707909759134e-05
0.5838334560394287,0.5983791351318359,-0.020905647426843643
0.5217921137809753,0.6006401777267456,-0.0015388978645205498
0.5906239151954651,0.6599178910255432,0.2157043069601059
0.5217287540435791,0.6592225432395935,0.21417483687400818
0.5835915207862854,0.6663707494735718,0.23156395554542542
0.5281365513801575,0.6648437976837158,0.22722108662128448
0.5929628014564514,0.6823333501815796,0.07623661309480667
0.5234279632568359,0.680600643157959,0.07700756192207336
-
0.5395810604095459,0.4070349335670471,-0.24776838719844818
0.5447230339050293,0.40180620551109314,-0.22546330094337463
0.5490952134132385,0.40192142128944397,-0.22547556459903717
0.5529676675796509,0.4020506739616394,-0.225485160946846
0.533311128616333,0.4020408093929291,-0.2259153127670288
0.5295578241348267,0.4023365080356598,-0.22591380774974823
0.5261549353599548,0.40246447920799255,-0.2258560210466385
0.5574831366539001,0.4051739275455475,-0.09162531793117523
0.5234372615814209,0.40566015243530273,-0.09408020228147507
0.5475584864616394,0.4131791591644287,-0.19753962755203247
0.5321901440620422,0.4132962226867676,-0.19807542860507965
0.5939845442771912,0.43871039152145386,-0.015080461278557777
0.4920441806316376,0.44288820028305054,-0.0067182728089392185
0.6566701531410217,0.45991596579551697,-0.055609315633773804
0.45417481660842896,0.4690573215484619,-0.03676560893654823
0.6124589443206787,0.4795805513858795,-0.24176637828350067
0.4888383746147156,0.48030486702919006,-0.202577605843544
0.5991266965866089,0.4850623607635498,-0.2933753728866577
0.501359760761261,0.48593848943710327,-0.24695269763469696
0.592659056186676,0.4804657995700836,-0.2998471260070801
0.5056091547012329,0.4820367693901062,-0.25746116042137146
0.595876932144165,0.47789597511291504,-0.2474808394908905
0.5030898451805115,0.47993212938308716,-0.20957420766353607
0.5798850655555725,0.5298072099685669,9.648168634157628e-05
0.5169349312782288,0.5299756526947021,-0.00017195279360748827
0.5836150050163269,0.5983816385269165,-0.01904379203915596
0.522161066532135,0.600628674030304,-0.003334640758112073
0.5904669761657715,0.6598838567733765,0.2054026871919632
0.521972119808197,0.6591486930847168,0.1996549814939499
0.5833215713500977,0.6666711568832397,0.21896591782569885
0.528375506401062,0.6647793650627136,0.21142302453517914
0.5928859710693359,0.682308554649353,0.06493090838193893
0.5232831239700317,0.6805593371391296,0.06120162457227707
-
0.5395084619522095,0.4068217873573303,-0.24446402490139008
0.544616162776947,0.4016227126121521,-0.22325727343559265
0.5489656925201416,0.40174436569213867,-0.22326825559139252
0.5529044270515442,0.4018825888633728,-0.22328752279281616
0.5331159234046936,0.40185657143592834,-0.2238832712173462
0.5292878746986389,0.40214842557907104,-0.22388412058353424
0.5258612036705017,0.4022921621799469,-0.22383716702461243
0.5573833584785461,0.4050331115722656,-0.09113853424787521
0.5231857895851135,0.40553703904151917,-0.09410611540079117
0.5475565791130066,0.41298192739486694,-0.19474956393241882
0.5320746302604675,0.41312193870544434,-0.19565026462078094
0.5940144062042236,0.43845510482788086,-0.010462683625519276
0.49196505546569824,0.4427059292793274,-0.005801693070679903
0.6566929817199707,0.45966392755508423,-0.029340319335460663
0.454115092754364,0.46810460090637207,0.005881124641746283
0.612549364566803,0.4791431427001953,-0.195219025015831
0.4883975088596344,0.47935551404953003,-0.09952642768621445
0.5991294384002686,0.48490867018699646,-0.24155516922473907
0.5009279251098633,0.4858672618865967,-0.13406245410442352
0.5927067399024963,0.4803956151008606,-0.2501218020915985
0.5053730607032776,0.4815557599067688,-0.14791978895664215
0.5959228277206421,0.47777241468429565,-0.20153993368148804
0.5027880072593689,0.4789624810218811,-0.10643166303634644
0.5797337293624878,0.5296832919120789,0.000558089988771826
0.5165585279464722,0.5298987627029419,-0.000623722851742059
0.5830383896827698,0.5981106758117676,-0.016305429860949516
0.5227343440055847,0.6002033352851868,-0.004688716027885675
0.5901014804840088,0.6599249243736267,0.19372181594371796
0.5220485329627991,0.6590828895568848,0.18972232937812805
0.5829554796218872,0.6670925617218018,0.205851748585701
0.5284987688064575,0.6647164821624756,0.2010246217250824
0.5928279161453247,0.6822900772094727,0.051627300679683685
0.5231798887252808,0.6804260611534119,0.05070585757493973
-
0.5395196080207825,0.40670546889305115,-0.2471502274274826
0.5446527600288391,0.4015292525291443,-0.22599752247333527
0.5490029454231262,0.4016457498073578,-0.2260039895772934
0.552934467792511,0.40178126096725464,-0.22602373361587524
0.533134400844574,0.4017883241176605,-0.22665095329284668
0.5292869210243225,0.4021119177341461,-0.22665604948997498
0.5258352756500244,0.40226492285728455,-0.22661170363426208
0.557443380355835,0.40495896339416504,-0.09322071075439453
0.5230785608291626,0.4054996967315674,-0.09532206505537033
0.5475834608078003,0.4128938317298889,-0.19719965755939484
0.5320953726768494,0.41306859254837036,-0.1982382833957672
0.5940387845039368,0.4382920265197754,-0.009962700307369232
0.4919665455818176,0.44240275025367737,-0.005984612740576267
0.6570307612419128,0.4585973620414734,-0.02065517008304596
0.453218549489975,0.4655245244503021,0.020065460354089737
0.6125749945640564,0.4780830442905426,-0.17975765466690063
0.4872259795665741,0.4773734211921692,-0.0707804411649704
0.5992240309715271,0.4846210479736328,-0.22496625781059265
0.4996483325958252,0.4850820004940033,-0.10420724004507065
0.5927399396896362,0.48003047704696655,-0.2339937835931778
0.5046082139015198,0.4807937741279602,-0.11746246367692947
0.5959247946739197,0.4774530827999115,-0.18629515171051025
0.5020754337310791,0.4778645932674408,-0.07753488421440125
0.5797306299209595,0.5295698046684265,0.0007390515529550612
0.5163832902908325,0.5298436284065247,-0.0008018158259801567
0.5823709964752197,0.5980316400527954,-0.012578742578625679
0.5228935480117798,0.6000970602035522,-0.004191240761429071
0.5899648666381836,0.6599129438400269,0.19542141258716583
0.5220016241073608,0.6590503454208374,0.18951824307441711
0.5829195380210876,0.6671451330184937,0.2077372819185257
0.5284538865089417,0.6646655797958374,0.20095103979110718
0.5926415920257568,0.6822468042373657,0.05239547789096832
0.5229820013046265,0.680296778678894,0.05008586123585701
-
0.5395278334617615,0.4066561162471771,-0.24916493892669678
0.5446830987930298,0.401491641998291,-0.22713792324066162
0.5490512251853943,0.4016095995903015,-0.22714725136756897
0.5529828667640686,0.40173882246017456,-0.22716397047042847
0.533149778842926,0.4017619490623474,-0.22685353457927704
0.5293040871620178,0.4021046757698059,-0.22685419023036957
0.5258445739746094,0.4022585451602936,-0.22679977118968964
0.5574785470962524,0.4049341678619385,-0.09529391676187515
0.5230312943458557,0.4054749011993408,-0.10109414160251617
0.547673225402832,0.41285523772239685,-0.1987045258283615
0.5321051478385925,0.4130464196205139,-0.19854125380516052
0.5940908193588257,0.4381524622440338,-0.011924984864890575
0.49201279878616333,0.44220542907714844,-0.008249822072684765
0.6576521992683411,0.4580624997615814,-0.02478019706904888
0.45157602429389954,0.4636314809322357,0.021834440529346466
0.6126230955123901,0.4777449667453766,-0.18480084836483002
0.4870305359363556,0.4768075942993164,-0.06263629347085953
0.5993433594703674,0.4845138192176819,-0.23013049364089966
0.4994584321975708,0.48484092950820923,-0.09486263245344162
0.5927876234054565,0.47988811135292053,-0.23876437544822693
0.5045662522315979,0.4806322455406189,-0.10763058066368103
0.5959275364875793,0.477361261844635,-0.1911407858133316
0.5019960999488831,0.4775174558162689,-0.06896427273750305
0.579729437828064,0.529417872428894,0.0009442820446565747
0.516370952129364,0.5298212766647339,-0.0010083181550726295
0.5820263028144836,0.5979514718055725,-0.00829334370791912
0.5231117010116577,0.5999632477760315,-0.0022792380768805742
0.5898295044898987,0.6598911285400391,0.19736942648887634
0.5219736099243164,0.6590253710746765,0.19031234085559845
0.5828726887702942,0.667136549949646,0.2097352296113968
0.5284259915351868,0.6646316647529602,0.20174331963062286
0.5925607681274414,0.6821673512458801,0.054704565554857254
0.5228317975997925,0.680094301700592,0.0510043129324913
-
0.5398672223091125,0.4072193205356598,-0.2506807744503021
0.5453166961669922,0.40198713541030884,-0.2286553531885147
0.549522340297699,0.4020780026912689,-0.22866486012935638
0.5532742142677307,0.40214452147483826,-0.22868391871452332
0.5334944128990173,0.4022603929042816,-0.2281058430671692
0.5295027494430542,0.402588427066803,-0.22810590267181396
0.5260390639305115,0.40272584557533264,-0.22805021703243256
0.5575989484786987,0.40528130531311035,-0.09604858607053757
0.5230341553688049,0.40580207109451294,-0.10263063758611679
0.5480501651763916,0.4131782650947571,-0.20025743544101715
0.5324428677558899,0.4133604168891907,-0.20008759200572968
0.5942279100418091,0.43804430961608887,-0.012665958143770695
0.4920489490032196,0.44209814071655273,-0.008508683182299137
0.6577316522598267,0.4577656388282776,-0.025445302948355675
0.44976839423179626,0.463273823261261,0.019555430859327316
0.6125203371047974,0.4776858389377594,-0.19004783034324646
0.48629412055015564,0.4766922891139984,-0.07214777916669846
0.5993129014968872,0.48430681228637695,-0.23652254045009613
0.4990275204181671,0.4846910834312439,-0.10520854592323303
0.592775821685791,0.47970500588417053,-0.24526506662368774
0.5043882727622986,0.48054733872413635,-0.11780499666929245
0.5958352088928223,0.4772264361381531,-0.19646990299224854
0.5016858577728271,0.47747501730918884,-0.07831257581710815
0.5796579718589783,0.5293081402778625,0.0017875304911285639
0.5163564682006836,0.5297157168388367,-0.0018533597467467189
0.5819946527481079,0.5979716777801514,-0.00937400572001934
0.5233331322669983,0.599870502948761,-0.0030836465302854776
0.589611291885376,0.6598708629608154,0.19982361793518066
0.5219435095787048,0.6590012907981873,0.19143691658973694
0.582608699798584,0.6671257019042969,0.21278151869773865
0.5284126400947571,0.6646170020103455,0.2032429575920105
0.5925658345222473,0.6820861101150513,0.05820540338754654
0.5228155255317688,0.6799405217170715,0.05207324028015137
-
0.5401648879051208,0.40930598974227905,-0.2514784336090088
0.5457603931427002,0.4037265181541443,-0.22970230877399445
0.5498640537261963,0.4036376476287842,-0.2297109216451645
0.5535017251968384,0.40365052223205566,-0.2297300100326538
0.5339838862419128,0.4039464592933655,-0.22935329377651215
0.5300242304801941,0.4039594531059265,-0.22935540974140167
0.5265290141105652,0.40396198630332947,-0.22930261492729187
0.557946503162384,0.40656375885009766,-0.09639643877744675
0.5231391191482544,0.40730899572372437,-0.10240516811609268
0.5484330654144287,0.41484206914901733,-0.2007327377796173
0.53317791223526,0.41500324010849,-0.2011086344718933
0.5945589542388916,0.4381478726863861,-0.012029396370053291
0.4921875,0.44190922379493713,-0.007677553687244654
0.657806396484375,0.4577176570892334,-0.026428304612636566
0.4487892687320709,0.4632453918457031,0.0004229767946526408
0.612091064453125,0.4779406189918518,-0.20531684160232544
0.48522546887397766,0.47657886147499084,-0.13510338962078094
0.5991053581237793,0.4842251241207123,-0.25398221611976624
0.49857252836227417,0.48449763655662537,-0.17337943613529205
0.5926517844200134,0.47968626022338867,-0.2612457871437073
0.5039384961128235,0.4804568886756897,-0.18564632534980774
0.5956459045410156,0.4772769808769226,-0.211110919713974
0.5010011792182922,0.47739386558532715,-0.14161698520183563
0.5795246362686157,0.5292338728904724,0.001997285522520542
0.5163156390190125,0.5296306014060974,-0.002063083928078413
0.5819665193557739,0.5979704260826111,-0.011046858504414558
0.523524284362793,0.5997198820114136,-0.003946910612285137
0.5894491672515869,0.6598531007766724,0.19438132643699646
0.5219238996505737,0.6589779257774353,0.18617458641529083
0.5823284387588501,0.6671074032783508,0.20663321018218994
0.5283367037773132,0.6646095514297485,0.19745169579982758
0.5925746560096741,0.6820003986358643,0.05164235457777977
0.522776186466217,0.6798873543739319,0.045559052377939224
-
0.5404834747314453,0.4109160900115967,-0.24595879018306732
0.5460324883460999,0.4051099717617035,-0.22483378648757935
0.5500702261924744,0.40492111444473267,-0.22483882308006287
0.5536251664161682,0.4048442244529724,-0.22484900057315826
0.5344930291175842,0.4053763747215271,-0.22547808289527893
0.5307055711746216,0.4053431451320648,-0.2254810482263565
0.5271775722503662,0.4053616523742676,-0.22543108463287354
0.5583372712135315,0.4078032970428467,-0.08912129700183868
0.5233054161071777,0.4088926911354065,-0.09560929238796234
0.5488525032997131,0.41606417298316956,-0.19424594938755035
0.5339183211326599,0.41636547446250916,-0.19566822052001953
0.5947064161300659,0.4383711814880371,-0.004480348434299231
0.49227604269981384,0.44179874658584595,-0.003487455192953348
0.6571648716926575,0.45809751749038696,-0.02807091549038887
0.4484912157058716,0.4632449150085449,-0.011722677387297153
0.611513614654541,0.4783017635345459,-0.2055988311767578
0.4847069978713989,0.4765615463256836,-0.16023574769496918
0.598858118057251,0.48426246643066406,-0.25407588481903076
0.498321533203125,0.4843173027038574,-0.20056334137916565
0.5925057530403137,0.4798664450645447,-0.2615211606025696
0.5036702752113342,0.4803486466407776,-0.21267729997634888
0.5954197645187378,0.4775293469429016,-0.21146386861801147
0.5006303787231445,0.4773763120174408,-0.16714850068092346
0.5794323086738586,0.5291844606399536,0.0028117031324654818
0.5163123607635498,0.5295535326004028,-0.002868959680199623
0.582008421421051,0.5979700088500977,-0.012844386510550976
0.5238856673240662,0.599544882774353,-0.009870619513094425
0.5893256068229675,0.6598386764526367,0.18617044389247894
0.5219032764434814,0.6589522361755371,0.17683474719524384
0.5819705724716187,0.6671019792556763,0.1978650987148285
0.5282538533210754,0.6645857095718384,0.1876046508550644
0.5926369428634644,0.6818946599960327,0.04240258038043976
0.5228020548820496,0.6797908544540405,0.03499932214617729
-
0.5408587455749512,0.4127419590950012,-0.2453799545764923
0.5464742183685303,0.4068360924720764,-0.22434574365615845
0.5504710078239441,0.4066106677055359,-0.22434982657432556
0.553893506526947,0.406430721282959,-0.22435516119003296
0.5350585579872131,0.40707331895828247,-0.22557733952999115
0.5312620997428894,0.4069992005825043,-0.22558161616325378
0.5276798009872437,0.40704649686813354,-0.22553306818008423
0.5588737726211548,0.40920138359069824,-0.08616930991411209
0.5233936309814453,0.41012996435165405,-0.09441323578357697
0.5492336750030518,0.41781172156333923,-0.19259071350097656
0.5344004034996033,0.4180084764957428,-0.19478783011436462
0.594718873500824,0.43853551149368286,0.0021377713419497013
0.49232155084609985,0.4417897164821625,-0.001092781312763691
0.6563239097595215,0.45828860998153687,-0.018988797441124916
0.44853612780570984,0.46324482560157776,-0.019965970888733864
0.6112412810325623,0.4785117506980896,-0.19398316740989685
0.4845253825187683,0.4765486717224121,-0.1812526136636734
0.5986411571502686,0.4843136668205261,-0.24282263219356537
0.4981810748577118,0.48420268297195435,-0.22364017367362976
0.5924112796783447,0.48001202940940857,-0.2508721947669983
0.5034821629524231,0.4802730083465576,-0.23584628105163574
0.5953073501586914,0.4777117669582367,-0.200093075633049
0.50044846534729,0.477274090051651,-0.18838948011398315
0.5793217420578003,0.5291337370872498,0.0032651913352310658
0.5162992477416992,0.5295076966285706,-0.003312420565634966
0.5820313692092896,0.5979441404342651,-0.01557058934122324
0.5241155624389648,0.5994163751602173,-0.014043296687304974
0.5893019437789917,0.6598294973373413,0.18290318548679352
0.5218931436538696,0.6589219570159912,0.17194849252700806
0.5818425416946411,0.6670812368392944,0.1944049596786499
0.5280619859695435,0.6645601987838745,0.1825423389673233
0.5926810503005981,0.6818041205406189,0.03809317946434021
0.5228200554847717,0.6797752976417542,0.028960078954696655
-
0.5411568880081177,0.41402357816696167,-0.24471904337406158
0.5468154549598694,0.4082455635070801,-0.22365593910217285
0.5506947636604309,0.40796932578086853,-0.22365756332874298
0.554046094417572,0.4077051281929016,-0.22366291284561157
0.5356825590133667,0.4086057245731354,-0.2252291589975357
0.5319271087646484,0.4085310995578766,-0.22523444890975952
0.5284373164176941,0.40854865312576294,-0.2251901477575302
0.5591904520988464,0.41019096970558167,-0.08451530337333679
0.5237013697624207,0.41120481491088867,-0.09360689669847488
0.5495205521583557,0.41885027289390564,-0.19146211445331573
0.5349745154380798,0.4190612733364105,-0.19401755928993225
0.5947417616844177,0.4387456774711609,0.006646741647273302
0.4926053285598755,0.44172582030296326,0.0008017868385650218
0.6553903222084045,0.45865076780319214,0.00032944485428743064
0.4484694302082062,0.46320581436157227,-0.007349622901529074
0.6108660101890564,0.47858986258506775,-0.1621939092874527
0.4844749867916107,0.47654157876968384,-0.15744782984256744
0.5985410213470459,0.4843063950538635,-0.2093619704246521
0.4981457591056824,0.48409637808799744,-0.1980878859758377
0.5923570990562439,0.4800373911857605,-0.21951088309288025
0.503451943397522,0.48025187849998474,-0.2175895869731903
0.5952001214027405,0.4777648448944092,-0.16907216608524323
0.5003933310508728,0.47724342346191406,-0.16598619520664215
0.5793102979660034,0.5291228890419006,0.0037802017759531736
0.5163245797157288,0.5294588804244995,-0.0038070555310696363
0.5820618271827698,0.5979067087173462,-0.02013722062110901
0.5243086218833923,0.5993587970733643,-0.01927529089152813
0.5893024206161499,0.659813404083252,0.18112660944461823
0.5218754410743713,0.6588894724845886,0.16876979172229767
0.581822395324707,0.6670610308647156,0.19291314482688904
0.5278204083442688,0.6645535230636597,0.1795070618391037
0.5928055644035339,0.6817421317100525,0.03635163977742195
0.5228086113929749,0.6797731518745422,0.024726195260882378
-
0.5420302748680115,0.4156816899776459,-0.24805866181850433
0.5475960373878479,0.4100607931613922,-0.22664856910705566
0.551417887210846,0.4097972810268402,-0.22664515674114227
0.5545448064804077,0.409548819065094,-0.22665856778621674
0.5367312431335449,0.4104049801826477,-0.22984129190444946
0.5330538153648376,0.4103606641292572,-0.22984935343265533
0.5296262502670288,0.41023117303848267,-0.22981120645999908
0.5600681900978088,0.4115675389766693,-0.08641055226325989
0.5240266919136047,0.41261887550354004,-0.09874597936868668
0.5502996444702148,0.4206094741821289,-0.1920832097530365
0.5361063480377197,0.42088866233825684,-0.1972043812274933
0.59475177526474,0.4390818476676941,0.010956033132970333
0.4928906261920929,0.44172734022140503,0.0005190182127989829
0.6542688012123108,0.458794504404068,0.048928696662187576
0.4485118091106415,0.46299609541893005,0.050097137689590454
0.6106809973716736,0.478658527135849,-0.06981652230024338
0.484607994556427,0.47656020522117615,-0.015536339022219181
0.598538875579834,0.4843067526817322,-0.11047736555337906
0.49821752309799194,0.4840153753757477,-0.04519253224134445
0.5923606157302856,0.48010554909706116,-0.12616588175296783
0.5036329627037048,0.48005563020706177,-0.06124510243535042
0.5951825380325317,0.4778846800327301,-0.07846182584762573
0.5006098747253418,0.4771385192871094,-0.022227030247449875
0.5793158411979675,0.5291269421577454,0.004483639728277922
0.5164267420768738,0.5294436812400818,-0.00446954695507884
0.5820794701576233,0.5978999733924866,-0.026286892592906952
0.5244511961936951,0.5993403196334839,-0.02635209634900093
0.5893088579177856,0.6598076820373535,0.17399723827838898
0.5218576788902283,0.6588701009750366,0.1592268943786621
0.581832230091095,0.6670205593109131,0.18554286658763885
0.5276747941970825,0.6645296216011047,0.1695384681224823
0.5928112864494324,0.6817249655723572,0.030052054673433304
0.5227933526039124,0.6797746419906616,0.01505266036838293
-
0.5430436134338379,0.41734448075294495,-0.2545758783817291
0.5486268401145935,0.41163867712020874,-0.2331075668334961
0.5524011254310608,0.4114011228084564,-0.23310402035713196
0.5552517771720886,0.41117483377456665,-0.2331215739250183
0.5376964807510376,0.41181454062461853,-0.2374306172132492
0.5340142250061035,0.41172510385513306,-0.23744362592697144
0.5306729078292847,0.4115164875984192,-0.23740939795970917
0.5611629486083984,0.4126845896244049,-0.08649633824825287
0.524346113204956,0.41356611251831055,-0.10707622021436691
0.550971508026123,0.4223043918609619,-0.19682203233242035
0.5370133519172668,0.4224931597709656,-0.2036948800086975
0.5947611331939697,0.4392905831336975,0.013110906817018986
0.49305617809295654,0.4418100416660309,-0.001287329476326704
0.6535258293151855,0.45882129669189453,0.052975594997406006
0.4485132396221161,0.4626774191856384,0.04445292800664902
0.6105028986930847,0.47873011231422424,-0.069745734333992
0.48485100269317627,0.47658342123031616,-0.027149759232997894
0.5985394716262817,0.48430657386779785,-0.11080106347799301
0.4982443153858185,0.48399338126182556,-0.05735216289758682
0.5923691987991333,0.48017042875289917,-0.12575477361679077
0.5037187337875366,0.47993144392967224,-0.07299450784921646
0.5951790809631348,0.47800034284591675,-0.07816851884126663
0.5008077621459961,0.4770697057247162,-0.03356458246707916
0.5793440341949463,0.5291420221328735,0.0059227487072348595
0.5165923833847046,0.529459536075592,-0.0058746119029819965
0.5821231603622437,0.5979207754135132,-0.028307326138019562
0.5246814489364624,0.5993458032608032,-0.03017709031701088
0.5893243551254272,0.6597939133644104,0.17519651353359222
0.5218364000320435,0.6588515043258667,0.15805678069591522
0.5818362236022949,0.6670030355453491,0.1870807707309723
0.5275350213050842,0.6645047664642334,0.1687001883983612
0.5928162336349487,0.681715726852417,0.03192798048257828
0.52295982837677,0.6797715425491333,0.013501760549843311
-
0.544609010219574,0.4190031886100769,-0.2578222453594208
0.5501248836517334,0.41313156485557556,-0.23679235577583313
0.5536552667617798,0.41286301612854004,-0.23678840696811676
0.5563830733299255,0.4126693308353424,-0.23681114614009857
0.5391517281532288,0.4132155478000641,-0.24156594276428223
0.5353696942329407,0.41305357217788696,-0.2415824830532074
0.5320739150047302,0.41292792558670044,-0.2415490746498108
0.5624654293060303,0.41375666856765747,-0.08693166822195053
0.5248152613639832,0.41446250677108765,-0.11200882494449615
0.5519974827766418,0.42410367727279663,-0.19937165081501007
0.5383469462394714,0.4244050085544586,-0.2069559097290039
0.5948283076286316,0.43942660093307495,0.01660715788602829
0.4935320019721985,0.4418005347251892,-0.0030842635314911604
0.6532249450683594,0.45889195799827576,0.0652690902352333
0.44854408502578735,0.4622074067592621,0.04919058084487915
0.6102375984191895,0.4788517355918884,-0.047593872994184494
0.48497191071510315,0.4766325354576111,-0.010485874488949776
0.5985263586044312,0.4843579828739166,-0.08656735718250275
0.4982452690601349,0.48397594690322876,-0.038428016006946564
0.5923644304275513,0.4802897572517395,-0.10247326642274857
0.5037834048271179,0.47982245683670044,-0.054494623094797134
0.5951595306396484,0.47815996408462524,-0.056223392486572266
0.50100177526474,0.4771427512168884,-0.016761131584644318
0.579407811164856,0.5292546153068542,0.007581615354865789
0.5168281197547913,0.5295097827911377,-0.007512216921895742
0.5821383595466614,0.5981388092041016,-0.031987566500902176
0.5249527096748352,0.59942227602005,-0.03676958754658699
0.5893712639808655,0.6597850322723389,0.17573921382427216
0.5218176245689392,0.6588348746299744,0.15638916194438934
0.5818818211555481,0.6669942140579224,0.18812114000320435
0.5274360775947571,0.6644518375396729,0.16766488552093506
0.5928247570991516,0.6818583011627197,0.03409479558467865
0.5230299830436707,0.6797699928283691,0.013440386392176151
-
0.5463650226593018,0.41978970170021057,-0.2564017176628113
0.5518057346343994,0.413677841424942,-0.2353481501340866
0.5548946857452393,0.41338759660720825,-0.2353399097919464
0.5577462911605835,0.4131518006324768,-0.23537284135818481
0.5407280921936035,0.41378921270370483,-0.2409089356660843
0.5367143750190735,0.413627564907074,-0.24091650545597076
0.5332722067832947,0.41350826621055603,-0.24088317155838013
0.5636395215988159,0.41412535309791565,-0.08484538644552231
0.5253944396972656,0.4148421287536621,-0.1102854385972023
0.553251326084137,0.4248223900794983,-0.19740596413612366
0.5398815274238586,0.4252682328224182,-0.2058306336402893
0.5950020551681519,0.4394853711128235,0.0266706682741642
0.4943981170654297,0.4417966306209564,-0.0013020378537476063
0.6529788374900818,0.45897412300109863,0.09111542254686356
0.4485735595226288,0.4614795744419098,0.07572967559099197
0.6101519465446472,0.4789160192012787,-0.003050783183425665
0.48535871505737305,0.47673749923706055,0.04570797458291054
0.598527193069458,0.48443490266799927,-0.03970644623041153
0.4984482526779175,0.48392143845558167,0.021271923556923866
0.5923658013343811,0.48047852516174316,-0.05720659717917442
0.5040834546089172,0.47981786727905273,0.0046137357130646706
0.5951594710350037,0.4783502221107483,-0.01226454135030508
0.5014086961746216,0.47730594873428345,0.03959092125296593
0.5794686079025269,0.5293692350387573,0.009207184426486492
0.5170061588287354,0.529568076133728,-0.009110962972044945
0.5821746587753296,0.5983017683029175,-0.03543166443705559
0.525138795375824,0.5995041728019714,-0.043448034673929214
0.5894016027450562,0.6597768068313599,0.17661288380622864
0.5218042731285095,0.6588213443756104,0.15647846460342407
0.5819253325462341,0.666953980922699,0.18948215246200562
0.5273461937904358,0.6644074320793152,0.16843171417713165
0.5928320288658142,0.681966245174408,0.03604756295681
0.5231489539146423,0.6797729134559631,0.015120129100978374
-
0.5473363399505615,0.4216770529747009,-0.2504158318042755
0.5529240369796753,0.41578301787376404,-0.2302905023097992
0.5558941960334778,0.41542062163352966,-0.23027858138084412
0.559090793132782,0.41506296396255493,-0.23031917214393616
0.5418795943260193,0.41565999388694763,-0.23637616634368896
0.5378774404525757,0.41530632972717285,-0.23639920353889465
0.534272313117981,0.41499853134155273,-0.23635061085224152
0.5650189518928528,0.41547369956970215,-0.08077003061771393
0.5261899828910828,0.41563281416893005,-0.10827764123678207
0.5537887811660767,0.42653441429138184,-0.19172421097755432
0.5405275821685791,0.4270220398902893,-0.19981621205806732
0.5951042771339417,0.43950581550598145,0.03447156026959419
0.4950007498264313,0.44178637862205505,0.01011095754802227
0.6528268456459045,0.459033727645874,0.10698205232620239
0.44859373569488525,0.460574209690094,0.1046980544924736
0.6098558306694031,0.47901883721351624,0.02514297515153885
0.4854416251182556,0.4767966866493225,0.08792272955179214
0.5984694361686707,0.48454076051712036,-0.009457414038479328
0.4984731376171112,0.48389458656311035,0.06571470946073532
0.5922808051109314,0.48068395256996155,-0.027352651581168175
0.5042595863342285,0.47989311814308167,0.0494396835565567
0.5950871706008911,0.478565514087677,0.016048531979322433
0.5016497373580933,0.47752442955970764,0.0820905938744545
0.579501748085022,0.5294115543365479,0.009201103821396828
0.517168402671814,0.5295678973197937,-0.009095358662307262
0.5821964144706726,0.5983312129974365,-0.04160939157009125
0.5254279375076294,0.5995127558708191,-0.0496114082634449
0.589410126209259,0.659769594669342,0.16527678072452545
0.5217927098274231,0.6587939858436584,0.1461421698331833
0.58204585313797,0.6668832302093506,0.1779036670923233
0.5272745490074158,0.6643458604812622,0.1577196568250656
0.5927731990814209,0.6820811629295349,0.026764029636979103
0.5232338905334473,0.6797716617584229,0.005977037362754345
-
0.5476769804954529,0.4232049584388733,-0.22316515445709229
0.5533475875854492,0.41714638471603394,-0.20420682430267334
0.5563180446624756,0.4168071746826172,-0.20418673753738403
0.5597012639045715,0.4163516163825989,-0.20423422753810883
0.542373538017273,0.4170917570590973,-0.2090347856283188
0.5383474826812744,0.4167649745941162,-0.20906692743301392
0.5347283482551575,0.41646328568458557,-0.20899374783039093
0.5657848119735718,0.4164136052131653,-0.0602196529507637
0.5267104506492615,0.4167192876338959,-0.08395729959011078
0.5541273355484009,0.4277117848396301,-0.1668645292520523
0.5408512949943542,0.4284278452396393,-0.17354199290275574
0.5953781008720398,0.4394969940185547,0.053915951400995255
0.4959893226623535,0.4417794346809387,0.03551418334245682
0.6527498364448547,0.4590834975242615,0.1379876732826233
0.44861099123954773,0.4593241214752197,0.150023952126503
0.6093347072601318,0.4791781008243561,0.08288001269102097
0.4857082664966583,0.476952463388443,0.16193777322769165
0.5983242988586426,0.48472699522972107,0.05234014615416527
0.4985579550266266,0.48391836881637573,0.1436208337545395
0.5921313166618347,0.4810798764228821,0.03462102264165878
0.5045673251152039,0.4801117479801178,0.12794466316699982
0.59493088722229,0.4789804518222809,0.0742129385471344
0.5021102428436279,0.4778901934623718,0.15642531216144562
0.5795481204986572,0.5294113755226135,0.008980910293757915
0.5173441767692566,0.5295623540878296,-0.008891724981367588
0.5822033286094666,0.5983312726020813,-0.04885360971093178
0.5257143378257751,0.5994958877563477,-0.056132081896066666
0.5894190669059753,0.6597719788551331,0.14556743204593658
0.5217505693435669,0.6587315797805786,0.12875664234161377
0.582329273223877,0.6668580770492554,0.15715545415878296
0.5270785689353943,0.6642909646034241,0.13917994499206543
0.592445433139801,0.6821109652519226,0.008406457491219044
0.5232475996017456,0.6797566413879395,-0.009742893278598785
-
0.5480952262878418,0.4242784380912781,-0.1967012882232666
0.5538907647132874,0.4181504249572754,-0.17742811143398285
0.5568247437477112,0.41788434982299805,-0.17740261554718018
0.5603834986686707,0.41743016242980957,-0.1774580031633377
0.5430578589439392,0.41799646615982056,-0.18182504177093506
0.5390558242797852,0.4176158308982849,-0.18185676634311676
0.5354248285293579,0.4172506332397461,-0.18175643682479858
0.5665274262428284,0.41716593503952026,-0.0339086689054966
0.5274914503097534,0.41717976331710815,-0.05631794407963753
0.5544357895851135,0.4283415377140045,-0.14075227081775665
0.5412467122077942,0.4290274977684021,-0.14704233407974243
0.5956934094429016,0.43948620557785034,0.0783080980181694
0.4972043037414551,0.4416789412498474,0.06268883496522903
0.6526271104812622,0.4590638279914856,0.16579754650592804
0.44882550835609436,0.45835742354393005,0.1768641620874405
0.6092615127563477,0.47919121384620667,0.12499892711639404
0.48634105920791626,0.47734755277633667,0.1897173374891281
0.59832364320755,0.4848118722438812,0.09608233720064163
0.4988801181316376,0.48409217596054077,0.17141079902648926
0.5921133160591125,0.4813242554664612,0.07938144356012344
0.5052092671394348,0.48050832748413086,0.1570161134004593
0.5948812961578369,0.4792289137840271,0.11690089851617813
0.5028795003890991,0.4783596396446228,0.18457092344760895
0.5795707106590271,0.5294035077095032,0.008849249221384525
0.5174441933631897,0.5294939279556274,-0.008699406869709492
0.5822142362594604,0.5983096361160278,-0.057656414806842804
0.5259250402450562,0.599463939666748,-0.06395743787288666
0.5894441604614258,0.659772515296936,0.13147762417793274
0.5217386484146118,0.6587036848068237,0.1177445650100708
0.5826201438903809,0.6668413281440735,0.14296969771385193
0.5270156860351562,0.6642714142799377,0.12812116742134094
0.5922873020172119,0.682135820388794,-0.0022433993872255087
0.5232625603675842,0.6797581911087036,-0.016970319673419
-
0.5487046241760254,0.4249609112739563,-0.17986080050468445
0.5546025037765503,0.41878896951675415,-0.16017287969589233
0.5575530529022217,0.4185246527194977,-0.16014310717582703
0.561321496963501,0.41804060339927673,-0.1602049469947815
0.543786883354187,0.41868099570274353,-0.16450266540050507
0.5397627949714661,0.41832098364830017,-0.1645345389842987
0.5360445976257324,0.4179302155971527,-0.1644037365913391
0.567435085773468,0.417520135641098,-0.014406195841729641
0.5281548500061035,0.4175778925418854,-0.037218254059553146
0.5549681186676025,0.42868274450302124,-0.12315212935209274
0.5419048070907593,0.42933887243270874,-0.1295008659362793
0.5960415601730347,0.4394598603248596,0.09783835709095001
0.49815064668655396,0.44152361154556274,0.0860482007265091
0.6522339582443237,0.45905643701553345,0.19363121688365936
0.4491134583950043,0.45719847083091736,0.2127932906150818
0.6091978549957275,0.47920289635658264,0.17204128205776215
0.48698437213897705,0.4775957465171814,0.23910997807979584
0.5983613133430481,0.48496001958847046,0.146871879696846
0.4991721212863922,0.48425811529159546,0.2244049459695816
0.592112123966217,0.4815787672996521,0.1298947036266327
0.5055517554283142,0.4809127449989319,0.21071885526180267
0.5948350429534912,0.47946348786354065,0.16429486870765686
0.503341019153595,0.4787796437740326,0.23473308980464935
0.5795847177505493,0.5293374061584473,0.008285089395940304
0.5175203680992126,0.5293506383895874,-0.008065829984843731
0.5822264552116394,0.5982972383499146,-0.06582558155059814
0.526044487953186,0.599449634552002,-0.07022003829479218
0.5894991159439087,0.6597765684127808,0.12187419831752777
0.521727979183197,0.6586989164352417,0.11025349050760269
0.5828231573104858,0.6668246984481812,0.13355711102485657
0.5269848704338074,0.6642600297927856,0.12046299874782562
0.5922262668609619,0.6821602582931519,-0.008120914921164513
0.5232776403427124,0.679797887802124,-0.02191915176808834
-
0.5499469637870789,0.4255029261112213,-0.1574418544769287
0.5555442571640015,0.41939282417297363,-0.13635435700416565
0.5584812760353088,0.4191123843193054,-0.1363237202167511
0.562418520450592,0.4186265468597412,-0.13639260828495026
0.5448710322380066,0.41924160718917847,-0.14148570597171783
0.5408805012702942,0.4189223647117615,-0.141509547829628
0.5369476079940796,0.41852617263793945,-0.14132902026176453
0.5680409073829651,0.41800564527511597,0.012808363884687424
0.5287169218063354,0.4181181788444519,-0.014477738179266453
0.5558716058731079,0.4291233420372009,-0.10005777329206467
0.5429732799530029,0.42978471517562866,-0.10762299597263336
0.5962215662002563,0.4393633306026459,0.12065530568361282
0.49842172861099243,0.44151410460472107,0.11200609058141708
0.6521036624908447,0.4588393270969391,0.22632326185703278
0.449539452791214,0.4568753242492676,0.2508559823036194
0.6091814041137695,0.47920292615890503,0.2328709214925766
0.4882798492908478,0.4780365824699402,0.29734304547309875
0.5984307527542114,0.48510098457336426,0.21245047450065613
0.5000539422035217,0.4847933351993561,0.2866640090942383
0.5921120047569275,0.4818217158317566,0.19557690620422363
0.5063347816467285,0.48190465569496155,0.2759019732475281
0.5948003530502319,0.4796801507472992,0.22562740743160248
0.5042363405227661,0.47972163558006287,0.29463785886764526
0.5796220898628235,0.5293188691139221,0.007156348787248135
0.5175628066062927,0.5293141007423401,-0.006869874428957701
0.5822328925132751,0.5982959866523743,-0.07508548349142075
0.5262265205383301,0.5994501709938049,-0.07565834373235703
0.5895608067512512,0.6597804427146912,0.11200106143951416
0.5217515230178833,0.6586889028549194,0.10421918332576752
0.5830497741699219,0.666792631149292,0.12387694418430328
0.5269688367843628,0.6642460227012634,0.114263154566288
0.59212726354599,0.6821597814559937,-0.013177070766687393
0.5232924222946167,0.6798461675643921,-0.024101434275507927
-
0.5514894127845764,0.42660340666770935,-0.14513812959194183
0.5567145347595215,0.4207684397697449,-0.12431525439023972
0.5597205758094788,0.4203883111476898,-0.12428895384073257
0.5636447668075562,0.4198131561279297,-0.12436897307634354
0.5464131832122803,0.420581191778183,-0.12968161702156067
0.542251467704773,0.4201979637145996,-0.12969927489757538
0.5381476283073425,0.4197468161582947,-0.12950122356414795
0.5687533617019653,0.41866016387939453,0.02498098462820053
0.5292633771896362,0.418888658285141,-0.0035300212912261486
0.5570361614227295,0.43002694845199585,-0.08748460561037064
0.5445109009742737,0.43072962760925293,-0.09544304013252258
0.5965420007705688,0.4390626847743988,0.13185055553913116
0.49855923652648926,0.44150644540786743,0.1261952519416809
0.6521310806274414,0.45863619446754456,0.2412884533405304
0.4499315619468689,0.45662230253219604,0.2696768343448639
0.6091660857200623,0.4791997969150543,0.2570786476135254
0.48927658796310425,0.4782540798187256,0.3248714208602905
0.5984896421432495,0.48519691824913025,0.23747609555721283
0.5006541609764099,0.48502713441848755,0.31555095314979553
0.5921080708503723,0.48196107149124146,0.22130876779556274
0.5068720579147339,0.4823504388332367,0.3052624464035034
0.5947533249855042,0.47980254888534546,0.25030821561813354
0.5049152970314026,0.4801555573940277,0.32234591245651245
0.5797110795974731,0.5292879343032837,0.005907285958528519
0.5175973773002625,0.5292662382125854,-0.0055721476674079895
0.5822679996490479,0.598276674747467,-0.07915829122066498
0.5263888835906982,0.5994352698326111,-0.07821258157491684
0.589634895324707,0.6597838997840881,0.1060301885008812
0.5217750668525696,0.6586824655532837,0.10247723013162613
0.5832617282867432,0.6667848825454712,0.11791090667247772
0.5269559621810913,0.6642343401908875,0.11276983469724655
0.5920867323875427,0.6821566820144653,-0.01745501533150673
0.523291826248169,0.6798632740974426,-0.024343615397810936
-
0.5525100827217102,0.42724132537841797,-0.1413002759218216
0.5576279759407043,0.42140036821365356,-0.12092773616313934
0.5608367919921875,0.42099469900131226,-0.12090634554624557
0.5647652745246887,0.42039623856544495,-0.12099750339984894
0.5474036931991577,0.4210970401763916,-0.12643273174762726
0.543148934841156,0.42065444588661194,-0.12645187973976135
0.5389397740364075,0.42013058066368103,-0.12624460458755493
0.5696410536766052,0.4189094007015228,0.027325885370373726
0.529541015625,0.4190848469734192,-0.0019069977570325136
0.557839035987854,0.43076348304748535,-0.08390872925519943
0.5453085899353027,0.43137750029563904,-0.0920928567647934
0.5969023704528809,0.4389069974422455,0.13443878293037415
0.498510479927063,0.44150352478027344,0.12963733077049255
0.6521859169006348,0.4584965705871582,0.2516443431377411
0.4505906105041504,0.45650917291641235,0.2812024652957916
0.6090753674507141,0.4793212413787842,0.2833739221096039
0.49065452814102173,0.4784901738166809,0.354452520608902
0.5984605550765991,0.48546338081359863,0.2657822370529175
0.5016964673995972,0.4854285717010498,0.3476516306400299
0.5918737053871155,0.482321560382843,0.2502179741859436
0.5079923272132874,0.48310238122940063,0.33777526021003723
0.5944514274597168,0.48020243644714355,0.2771395444869995
0.5061702132225037,0.48085203766822815,0.3522852659225464
0.5798171758651733,0.5292845964431763,0.00487389974296093
0.5176218152046204,0.5292499661445618,-0.0045000482350587845
0.5823022723197937,0.5982534885406494,-0.07831182330846786
0.5264262557029724,0.5994355082511902,-0.07586203515529633
0.5897048711776733,0.6597688794136047,0.10987576097249985
0.5217734575271606,0.6586773991584778,0.10700821131467819
0.5834381580352783,0.6667225956916809,0.12219640612602234
0.52689528465271,0.6642251014709473,0.11768478900194168
0.592084527015686,0.6821200251579285,-0.01237273495644331
0.5232915878295898,0.6798790693283081,-0.01943318359553814
-
0.5524222254753113,0.4279133677482605,-0.1269935667514801
0.5577360391616821,0.4221580922603607,-0.10749199986457825
0.5610110759735107,0.4217401146888733,-0.10746875405311584
0.5650594234466553,0.42113828659057617,-0.10756658017635345
0.5473191738128662,0.4218127727508545,-0.11208157986402512
0.5430497527122498,0.421372652053833,-0.11210290342569351
0.5388853549957275,0.4208403527736664,-0.11188924312591553
0.5703065395355225,0.4193938672542572,0.03786034509539604
0.5295619368553162,0.41964244842529297,0.01264932006597519
0.5580024123191833,0.4316079020500183,-0.07063256204128265
0.5451532006263733,0.43212684988975525,-0.07765277475118637
0.5976241230964661,0.43882936239242554,0.1433771699666977
0.4984998404979706,0.44150176644325256,0.14523425698280334
0.6525372862815857,0.458434522151947,0.2638336718082428
0.45130226016044617,0.45615553855895996,0.30453726649284363
0.6088994145393372,0.479604572057724,0.3083125650882721
0.4912218749523163,0.47850996255874634,0.3910439908504486
0.5982242226600647,0.4858524799346924,0.29145193099975586
0.5019000768661499,0.48548874258995056,0.3849150836467743
0.591400682926178,0.4828551411628723,0.27695053815841675
0.5083516240119934,0.48319610953330994,0.3756449520587921
0.5939343571662903,0.48080945014953613,0.30263885855674744
0.5067296624183655,0.4809325635433197,0.38882458209991455
0.5800549983978271,0.529258131980896,0.0032644676975905895
0.5176656246185303,0.5292198657989502,-0.002851541619747877
0.5823527574539185,0.5982032418251038,-0.07804306596517563
0.5264604091644287,0.5994309186935425,-0.07367468625307083
0.5897225141525269,0.6597675681114197,0.1103632003068924
0.5217708349227905,0.658673882484436,0.10972755402326584
0.5835116505622864,0.6667134761810303,0.12284541875123978
0.526837944984436,0.6642253994941711,0.12059856951236725
0.5920870304107666,0.6820627450942993,-0.011213158257305622
0.5232911705970764,0.6799125671386719,-0.01660529337823391
-
0.5522217750549316,0.42834073305130005,-0.12129650264978409
0.5576440691947937,0.4225267767906189,-0.10221731662750244
0.5609188675880432,0.4221111834049225,-0.10219210386276245
0.5649926662445068,0.42150506377220154,-0.10228963196277618
0.5471014380455017,0.4222162365913391,-0.10634613782167435
0.5428511500358582,0.4218049645423889,-0.1063653826713562
0.5387255549430847,0.42132800817489624,-0.10615076124668121
0.5704484581947327,0.4196836054325104,0.0414508655667305
0.5295411348342896,0.4202001094818115,0.01834934763610363
0.5579784512519836,0.4321250021457672,-0.0654919371008873
0.5449768900871277,0.43264371156692505,-0.07190988957881927
0.5980179905891418,0.43882712721824646,0.14617490768432617
0.4985651969909668,0.4414978623390198,0.149648055434227
0.6530110836029053,0.4583721160888672,0.26399439573287964
0.4517393410205841,0.45595064759254456,0.30593687295913696
0.6088609099388123,0.47971558570861816,0.3074227571487427
0.49116337299346924,0.47849851846694946,0.389196515083313
0.5981465578079224,0.4860503673553467,0.2902798056602478
0.5018854737281799,0.4854848384857178,0.3821178078651428
0.5912118554115295,0.4830755293369293,0.2761896252632141
0.5083087682723999,0.48314332962036133,0.3732379972934723
0.5937339067459106,0.4810292720794678,0.30182796716690063
0.5067111253738403,0.48089390993118286,0.3868428170681
0.5802118182182312,0.5292166471481323,0.002219533547759056
0.5176985263824463,0.529211699962616,-0.0017965866718441248
0.5824282765388489,0.5981746912002563,-0.07825300097465515
0.5264669060707092,0.5994316339492798,-0.07367318123579025
0.589728057384491,0.6597920656204224,0.10969454795122147
0.5217645168304443,0.6586848497390747,0.10996118932962418
0.5835301876068115,0.6667091250419617,0.12223652750253677
0.526787281036377,0.6642279028892517,0.12103615701198578
0.5920966863632202,0.682059645652771,-0.010611172765493393
0.523286759853363,0.6800065040588379,-0.01494269073009491
-
0.5520845055580139,0.4286782145500183,-0.11556090414524078
0.5576122999191284,0.4227726459503174,-0.0966745913028717
0.5608965754508972,0.422382652759552,-0.09665094316005707
0.5650020837783813,0.4218079447746277,-0.09675116837024689
0.5469505190849304,0.42243796586990356,-0.10067533701658249
0.542707085609436,0.42202791571617126,-0.10069727152585983
0.5386049151420593,0.4215717911720276,-0.1004796028137207
0.5706304907798767,0.420022577047348,0.04731026664376259
0.5295186638832092,0.4204442501068115,0.024477355182170868
0.557971715927124,0.4325462281703949,-0.05957650765776634
0.5448525547981262,0.4330216944217682,-0.06590995192527771
0.5984193682670593,0.438842236995697,0.15341199934482574
0.49862226843833923,0.4414958357810974,0.15645676851272583
0.6537132859230042,0.4582543969154358,0.27442899346351624
0.45188239216804504,0.4557742476463318,0.3137153089046478
0.6088621020317078,0.47978082299232483,0.3237144351005554
0.4910925030708313,0.4784880578517914,0.39976784586906433
0.5981144309043884,0.48623529076576233,0.30675944685935974
0.5018565654754639,0.48546847701072693,0.3927325904369354
0.5911293625831604,0.4833289682865143,0.29322388768196106
0.5082727074623108,0.48308950662612915,0.38392531871795654
0.5936472415924072,0.48125964403152466,0.3182924687862396
0.5066715478897095,0.48084601759910583,0.3974319398403168
0.5803514122962952,0.5291142463684082,0.0016685390146449208
0.5177536606788635,0.5291699171066284,-0.0012382353888824582
0.5824964046478271,0.5980821847915649,-0.07692581415176392
0.5264824032783508,0.5994088053703308,-0.07357671856880188
0.58973228931427,0.6598048210144043,0.1083701103925705
0.5217475295066833,0.6586952209472656,0.10973525792360306
0.5835317969322205,0.6667166948318481,0.12066435068845749
0.5266715884208679,0.664243757724762,0.12086021900177002
0.5921881198883057,0.6820586919784546,-0.011986877769231796
0.5232478380203247,0.6800830960273743,-0.014718874357640743
-
0.5519846677780151,0.4295724332332611,-0.1057492047548294
0.5575450658798218,0.4234697222709656,-0.08694949001073837
0.5608170628547668,0.4230929911136627,-0.08692463487386703
0.5649030208587646,0.4225131571292877,-0.08701413869857788
0.5468326807022095,0.4231347441673279,-0.09088260680437088
0.5425984859466553,0.42267975211143494,-0.09090445935726166
0.538514256477356,0.4222033619880676,-0.09069739282131195
0.5705679059028625,0.4205251634120941,0.056756410747766495
0.5294994711875916,0.4209107756614685,0.03406514227390289
0.5579156875610352,0.43335145711898804,-0.04979091137647629
0.5447624921798706,0.43365174531936646,-0.05608644336462021
0.598478376865387,0.4388574957847595,0.16201379895210266
0.4986352324485779,0.4414873719215393,0.16238173842430115
0.6539270877838135,0.4579870104789734,0.27620500326156616
0.45218488574028015,0.45546573400497437,0.3138318955898285
0.6088841557502747,0.479836642742157,0.3150985538959503
0.49103495478630066,0.47840991616249084,0.39192211627960205
0.5981000065803528,0.486339807510376,0.29676127433776855
0.5017275810241699,0.4854598045349121,0.3837525248527527
0.5910862684249878,0.4834809899330139,0.2834920287132263
0.5082549452781677,0.4830339550971985,0.3744853138923645
0.5935993790626526,0.4814065098762512,0.3094310760498047
0.506639838218689,0.48079580068588257,0.38931718468666077
0.5804013609886169,0.5290133357048035,0.0016231396002694964
0.5178143978118896,0.52914959192276,-0.0011997492983937263
0.5825996994972229,0.597919225692749,-0.07593746483325958
0.5265071392059326,0.5993632078170776,-0.07432940602302551
0.5897311568260193,0.6598180532455444,0.0991905927658081
0.5217447876930237,0.6587128043174744,0.10143257677555084
0.5834187269210815,0.6667715311050415,0.11020979285240173
0.5266624689102173,0.6643008589744568,0.1116177961230278
0.592253565788269,0.6820603013038635,-0.023004701361060143
0.523189902305603,0.6801180839538574,-0.023996006697416306
-
0.5519176721572876,0.42990678548812866,-0.09713626652956009
0.5574817061424255,0.42371755838394165,-0.07780050486326218
0.5607517957687378,0.4233180582523346,-0.0777723640203476
0.5648226141929626,0.42270055413246155,-0.07785430550575256
0.5467444062232971,0.42343902587890625,-0.08185718953609467
0.5425184369087219,0.423010915517807,-0.08188048750162125
0.5384652018547058,0.42253977060317993,-0.08167906105518341
0.5704872012138367,0.4206508696079254,0.06592658907175064
0.5295080542564392,0.4212183952331543,0.04271915182471275
0.5578724145889282,0.4335867464542389,-0.041480567306280136
0.5446876287460327,0.4337884485721588,-0.04791061580181122
0.598478376865387,0.4388566017150879,0.16888587176799774
0.49873679876327515,0.4414152503013611,0.16703778505325317
0.6541275382041931,0.45760488510131836,0.2784172594547272
0.4528510272502899,0.45494866371154785,0.317264586687088
0.608917772769928,0.47986263036727905,0.31308043003082275
0.4910833537578583,0.4783315062522888,0.3951096832752228
0.5980933904647827,0.48640647530555725,0.2939743399620056
0.5016835927963257,0.4854533076286316,0.38651353120803833
0.5910516381263733,0.48361116647720337,0.2806756794452667
0.5082307457923889,0.4829956889152527,0.37694597244262695
0.5935662388801575,0.4815356731414795,0.3071972131729126
0.5067095756530762,0.4807698130607605,0.39237305521965027
0.580413281917572,0.5289128422737122,0.001665209885686636
0.5178364515304565,0.5291094183921814,-0.0012510428205132484
0.5826675295829773,0.5977485775947571,-0.07512511312961578
0.526531457901001,0.599240243434906,-0.07502807676792145
0.5897313356399536,0.6598284244537354,0.0942581370472908
0.5217387676239014,0.6587439775466919,0.09666982293128967
0.5832568407058716,0.6668639779090881,0.10457004606723785
0.5266508460044861,0.6644133925437927,0.10634351521730423
0.5923106670379639,0.6820593476295471,-0.02953009307384491
0.5230175256729126,0.6801427006721497,-0.029458317905664444
-
0.5519009828567505,0.4304600656032562,-0.09110178053379059
0.5574334859848022,0.42415767908096313,-0.07186846435070038
0.5607035756111145,0.42369693517684937,-0.07183890789747238
0.5647636651992798,0.4230214059352875,-0.07192318141460419
0.5466852188110352,0.4240630567073822,-0.07541272789239883
0.5424568057060242,0.4236763119697571,-0.07543452829122543
0.5384458303451538,0.4231995642185211,-0.07523155212402344
0.5704257488250732,0.420897901058197,0.07047879695892334
0.5295683741569519,0.4217873215675354,0.04971238598227501
0.5578387975692749,0.4339528977870941,-0.0360831618309021
0.5446407794952393,0.43415313959121704,-0.04181981086730957
0.5985729098320007,0.4388555884361267,0.17121650278568268
0.49900680780410767,0.44134634733200073,0.1739109307527542
0.6551477909088135,0.4569876194000244,0.28124305605888367
0.4534666836261749,0.4545113146305084,0.3266295790672302
0.6092785000801086,0.4798123836517334,0.3222607672214508
0.4913256764411926,0.47830238938331604,0.4081038534641266
0.5982353687286377,0.48640522360801697,0.3037707209587097
0.5016565918922424,0.4854399561882019,0.3997657895088196
0.5910837054252625,0.48361721634864807,0.29080724716186523
0.5082816481590271,0.4830029010772705,0.3902086615562439
0.5935906171798706,0.4815348982810974,0.3166198134422302
0.506937563419342,0.4808014929294586,0.4052238464355469
0.5804598331451416,0.5288379192352295,0.001344560761936009
0.5179004669189453,0.5290858745574951,-0.0009323396370746195
0.5826864242553711,0.5975553393363953,-0.07597362250089645
0.5265910029411316,0.5991551280021667,-0.07496660202741623
0.5897347331047058,0.6598299741744995,0.09384361654520035
0.5217356085777283,0.6587457060813904,0.09868471324443817
0.5832474231719971,0.6668726801872253,0.10436266660690308
0.5266402959823608,0.6644355654716492,0.10866867750883102
0.5923265814781189,0.6820586919784546,-0.030578110367059708
0.522969126701355,0.680144190788269,-0.027684619650244713
-
0.5505731701850891,0.4318615794181824,-0.06679247319698334
0.5565457940101624,0.4257904589176178,-0.048705000430345535
0.5599499344825745,0.4253501892089844,-0.04866981506347656
0.5637650489807129,0.4246969223022461,-0.04875318706035614
0.5456565618515015,0.4255438446998596,-0.05064922943711281
0.5417602062225342,0.4250885546207428,-0.050670865923166275
0.5379893183708191,0.42451152205467224,-0.05046040564775467
0.5700504183769226,0.4220253825187683,0.08788157999515533
0.5295183062553406,0.42272478342056274,0.07420632243156433
0.5570070743560791,0.4352480471134186,-0.013918154872953892
0.5439795255661011,0.435072124004364,-0.017616000026464462
0.5986066460609436,0.43890994787216187,0.18124109506607056
0.499044805765152,0.4413357675075531,0.1972404420375824
0.655916154384613,0.4562792181968689,0.29279232025146484
0.4538734555244446,0.45406168699264526,0.3522052466869354
0.609281599521637,0.4797908663749695,0.35368409752845764
0.49153298139572144,0.4782927632331848,0.4380755126476288
0.5981582403182983,0.486405611038208,0.3375113308429718
0.5016365051269531,0.48543065786361694,0.43039771914482117
0.590912401676178,0.48366156220436096,0.3261588215827942
0.5082980394363403,0.48303738236427307,0.4211147427558899
0.5934346318244934,0.48162251710891724,0.34905752539634705
0.5070656538009644,0.4808843731880188,0.43480384349823
0.5804861187934875,0.5287548899650574,-0.0003411484358366579
0.5179384350776672,0.5290587544441223,0.0007528356509283185
0.5826975703239441,0.5973784923553467,-0.0753326267004013
0.5266916751861572,0.599057137966156,-0.07768024504184723
0.589737057685852,0.6598304510116577,0.08565104007720947
0.5217300653457642,0.658701479434967,0.09334681928157806
0.5832366943359375,0.6668763160705566,0.09512687474489212
0.5266302227973938,0.6644354462623596,0.10330897569656372
0.5923354029655457,0.6820582151412964,-0.040103085339069366
0.5227907299995422,0.6800469756126404,-0.03272497281432152
-
0.5496830344200134,0.43289875984191895,-0.06259983032941818
0.5558469295501709,0.42696985602378845,-0.045384593307971954
0.5593926310539246,0.42655181884765625,-0.04534501954913139
0.5631252527236938,0.42590609192848206,-0.0454244390130043
0.5449171662330627,0.42675280570983887,-0.04640578851103783
0.5413098931312561,0.42631611227989197,-0.04642554372549057
0.537708044052124,0.42574015259742737,-0.046219438314437866
0.5698667764663696,0.4229765832424164,0.08883653581142426
0.52949458360672,0.42375463247299194,0.0795353502035141
0.55650395154953,0.43622177839279175,-0.010301630012691021
0.5436582565307617,0.43594008684158325,-0.012764059007167816
0.5986245274543762,0.43890610337257385,0.18157772719860077
0.4994546175003052,0.4412580132484436,0.20135512948036194
0.6576805710792542,0.4555776119232178,0.2849784791469574
0.4539005756378174,0.45341092348098755,0.3504788279533386
0.6093517541885376,0.47961798310279846,0.3378016948699951
0.49168476462364197,0.47820529341697693,0.4275093376636505
0.5981788039207458,0.4863293170928955,0.32011833786964417
0.5016142129898071,0.48533421754837036,0.41840073466300964
0.5909132957458496,0.48360830545425415,0.3096429705619812
0.5082978010177612,0.48302826285362244,0.4096326231956482
0.5934428572654724,0.4815945625305176,0.33334171772003174
0.507139265537262,0.4808692932128906,0.42419514060020447
0.5806324481964111,0.5287114381790161,-0.0017994549125432968
0.5180116891860962,0.5290451049804688,0.0022016391158103943
0.5827029943466187,0.5972440838813782,-0.07479655742645264
0.5267924070358276,0.5989990234375,-0.07710292935371399
0.5897455215454102,0.6598334312438965,0.0841899961233139
0.5217309594154358,0.6586750149726868,0.0960225984454155
0.5832383632659912,0.6668866872787476,0.09353186190128326
0.5266184210777283,0.6644384264945984,0.1059340164065361
0.5923418402671814,0.6820563077926636,-0.04208563268184662
0.5226743221282959,0.6799907088279724,-0.030011972412467003
-
0.5491467714309692,0.43326741456985474,-0.04863337054848671
0.555399477481842,0.4274177551269531,-0.03149932995438576
0.5590322613716125,0.4270288348197937,-0.03145654872059822
0.5627305507659912,0.4264071583747864,-0.03153727948665619
0.5444533228874207,0.42723822593688965,-0.03213481977581978
0.541046142578125,0.4268481731414795,-0.0321536511182785
0.5375686287879944,0.42632541060447693,-0.03194601088762283
0.569762110710144,0.4235232472419739,0.10071556270122528
0.5294865965843201,0.4244762063026428,0.09333465248346329
0.5562843084335327,0.43658003211021423,0.0028101748321205378
0.5435125827789307,0.4363170266151428,0.000874104502145201
0.598650336265564,0.43886566162109375,0.1903252899646759
0.5001158714294434,0.44112929701805115,0.21242421865463257
0.6583483815193176,0.4546352028846741,0.2923194468021393
0.4539516866207123,0.45254215598106384,0.36258262395858765
0.609616219997406,0.47903117537498474,0.35321760177612305
0.4918677806854248,0.47808870673179626,0.44161784648895264
0.5983827710151672,0.48605161905288696,0.3367123603820801
0.5015778541564941,0.4852566123008728,0.43287962675094604
0.5910307765007019,0.4833163321018219,0.32708799839019775
0.508305013179779,0.48301833868026733,0.4238665997982025
0.5935901403427124,0.4812663495540619,0.3492007255554199
0.5072335004806519,0.48085784912109375,0.43800345063209534
0.5807883143424988,0.5286210179328918,-0.0029626551549881697
0.5180438756942749,0.5290093421936035,0.0033503498416393995
0.5827131867408752,0.5971179604530334,-0.07451815903186798
0.5268633365631104,0.598913848400116,-0.07673422992229462
0.5897508859634399,0.6598441004753113,0.08119786530733109
0.5217301845550537,0.6586675047874451,0.09549633413553238
0.5832434296607971,0.6669062972068787,0.09024178236722946
0.5266087651252747,0.6644629836082458,0.10517675429582596
0.5923444032669067,0.6820560097694397,-0.044816043227910995
0.5225299000740051,0.6799479722976685,-0.02978472225368023
-
0.5485759377479553,0.4334678053855896,-0.056164178997278214
0.5549110174179077,0.42782720923423767,-0.040138717740774155
0.5585919618606567,0.42751169204711914,-0.04009447246789932
0.5622114539146423,0.4269563555717468,-0.04018275812268257
0.5441180467605591,0.4275592267513275,-0.04063880816102028
0.540864884853363,0.42716941237449646,-0.04065857082605362
0.5374895930290222,0.426647812128067,-0.04045218601822853
0.5695046186447144,0.4240247309207916,0.09005235135555267
0.5294824838638306,0.4247306287288666,0.08317700028419495
0.5559229254722595,0.43676692247390747,-0.005249864421784878
0.543310284614563,0.43640631437301636,-0.00699377479031682
0.5986663699150085,0.43884897232055664,0.18069925904273987
0.5002091526985168,0.441112220287323,0.20545659959316254
0.6583396196365356,0.4540809988975525,0.2958579361438751
0.45476701855659485,0.4522099494934082,0.367204874753952
0.6096282601356506,0.4788081645965576,0.38060471415519714
0.49220114946365356,0.47808265686035156,0.46300023794174194
0.5984492301940918,0.4858552813529968,0.36896708607673645
0.5015922784805298,0.4852755665779114,0.45829832553863525
0.5910561680793762,0.4830889105796814,0.3585059344768524
0.5084666013717651,0.4831172823905945,0.44735556840896606
0.5936001539230347,0.48102039098739624,0.37720727920532227
0.5075162053108215,0.48096972703933716,0.45901426672935486
0.5810133814811707,0.5284647345542908,-0.004125229548662901
0.5181009769439697,0.5289160013198853,0.004505127668380737
0.5827227830886841,0.5969455242156982,-0.07151868939399719
0.5268778204917908,0.5988024473190308,-0.07593731582164764
0.5897545218467712,0.6598861217498779,0.07505124807357788
0.5217476487159729,0.6586844325065613,0.08779935538768768
0.5832269191741943,0.6669937968254089,0.08304885029792786
0.5266529321670532,0.6646489500999451,0.09691473841667175
0.5923769474029541,0.6820530295372009,-0.051369305700063705
0.5222138166427612,0.6799391508102417,-0.03741183131933212
-
0.5478971004486084,0.43378743529319763,-0.05023211985826492
0.5543221235275269,0.42823320627212524,-0.03491182252764702
0.5580686926841736,0.42796510457992554,-0.03486322611570358
0.5616260766983032,0.42747053503990173,-0.03494955971837044
0.5436363220214844,0.42790788412094116,-0.03470836579799652
0.5404902696609497,0.427516371011734,-0.03472509980201721
0.5371930599212646,0.42699161171913147,-0.03451623022556305
0.5692138671875,0.42459431290626526,0.09215055406093597
0.5294609665870667,0.4250086843967438,0.08857320994138718
0.555458128452301,0.4371197819709778,-0.00037703587440773845
0.5429142713546753,0.4366428852081299,-0.00121288129594177
0.5986585021018982,0.4388481080532074,0.18012936413288116
0.5003572106361389,0.44109970331192017,0.21013903617858887
0.6582973599433899,0.4537198543548584,0.2975839376449585
0.4556428790092468,0.4519988000392914,0.3718871772289276
0.6096328496932983,0.47868576645851135,0.3887307047843933
0.49261683225631714,0.47807878255844116,0.46549585461616516
0.5984541177749634,0.48570379614830017,0.3778362572193146
0.5016918778419495,0.48527926206588745,0.4605342149734497
0.5910577774047852,0.48298245668411255,0.3674153685569763
0.5086038112640381,0.48316115140914917,0.4494796395301819
0.5936005711555481,0.48092684149742126,0.3854198157787323
0.5076947808265686,0.4810181260108948,0.46131643652915955
0.5812278389930725,0.5283042192459106,-0.0054493132047355175
0.5182217955589294,0.5287659764289856,0.005815865471959114
0.5827320218086243,0.5968414545059204,-0.06870247423648834
0.5268816947937012,0.5987051725387573,-0.07540636509656906
0.5897645950317383,0.6599147319793701,0.07137297093868256
0.5217632055282593,0.6587175130844116,0.08585316687822342
0.5832027792930603,0.6670474410057068,0.078804612159729
0.526706337928772,0.6648267507553101,0.09470700472593307
0.5924002528190613,0.6820391416549683,-0.05542239174246788
0.5219363570213318,0.6799371242523193,-0.03863144293427467
-
0.5473652482032776,0.4338019788265228,-0.0436406284570694
0.5537740588188171,0.428243488073349,-0.02796013280749321
0.5575743913650513,0.4279611110687256,-0.027918199077248573
0.5611152052879333,0.42745909094810486,-0.028005341067910194
0.5432581305503845,0.4279605746269226,-0.027169987559318542
0.5402414202690125,0.4275844991207123,-0.02718445286154747
0.5370274186134338,0.42707404494285583,-0.026973864063620567
0.5688658952713013,0.42465052008628845,0.09929823130369186
0.5294561386108398,0.4250992238521576,0.09874411672353745
0.5551065802574158,0.4371309280395508,0.0061628734692931175
0.5427261590957642,0.43663787841796875,0.006180711090564728
0.5986393094062805,0.4388105869293213,0.184927836060524
0.5007542371749878,0.4410701394081116,0.21920953691005707
0.658257782459259,0.4535095691680908,0.2944740056991577
0.45628148317337036,0.45175203680992126,0.37812522053718567
0.609639048576355,0.4785207211971283,0.3754163086414337
0.49305832386016846,0.4780765473842621,0.46528494358062744
0.5984930396080017,0.4855439066886902,0.3623191714286804
0.5017915964126587,0.48528075218200684,0.4594157040119171
0.5910820364952087,0.4828646779060364,0.3521406948566437
0.5086758732795715,0.48320698738098145,0.4484364688396454
0.5936073064804077,0.4807995855808258,0.3717796802520752
0.5077937245368958,0.48104429244995117,0.460949569940567
0.5815133452415466,0.5282549858093262,-0.006284693256020546
0.5185151100158691,0.5286823511123657,0.00664570601657033
0.5827380418777466,0.5967590808868408,-0.0687083825469017
0.5268853306770325,0.5986034274101257,-0.07421401143074036
0.5898072719573975,0.6599211096763611,0.07104220241308212
0.5217627882957458,0.6587222814559937,0.08712899684906006
0.583202600479126,0.6670703291893005,0.07875459641218185
0.5267113447189331,0.6648932099342346,0.09600313752889633
0.5924414992332458,0.6820279955863953,-0.0559118315577507
0.5216520428657532,0.6799198389053345,-0.03757645934820175
-
0.5466358661651611,0.4337708353996277,-0.04379850625991821
0.5530709028244019,0.42824679613113403,-0.028276991099119186
0.5569242835044861,0.4279528260231018,-0.028236402198672295
0.5604829788208008,0.427450954914093,-0.02832031436264515
0.5427770614624023,0.42799311876296997,-0.02681669406592846
0.5398667454719543,0.4276255965232849,-0.02683328464627266
0.5367438197135925,0.4271244406700134,-0.02662414126098156
0.5684776902198792,0.4247056841850281,0.09891191124916077
0.5294564962387085,0.42514142394065857,0.10145846754312515
0.5545850396156311,0.4370853006839752,0.005965909920632839
0.5423734784126282,0.4365782141685486,0.006919721141457558
0.5986204147338867,0.43878373503685,0.18586605787277222
0.5013071298599243,0.4410324692726135,0.22115261852741241
0.6582747101783752,0.4535287320613861,0.2903580665588379
0.4568345844745636,0.45173677802085876,0.3784746527671814
0.6096429824829102,0.47847113013267517,0.36448079347610474
0.4934282600879669,0.4780700206756592,0.46050575375556946
0.5985238552093506,0.4854772984981537,0.3506958484649658
0.5019314885139465,0.48528972268104553,0.45414435863494873
0.591093897819519,0.48282256722450256,0.3406924903392792
0.5087672472000122,0.48324671387672424,0.4433884024620056
0.5936076641082764,0.4807610511779785,0.3607790172100067
0.5078905820846558,0.4810542166233063,0.4563165307044983
0.5817079544067383,0.5282310843467712,-0.006717545911669731
0.5187981724739075,0.5286028385162354,0.007065155543386936
0.5827456712722778,0.596706748008728,-0.06858021020889282
0.5268999338150024,0.5985122919082642,-0.07086264342069626
0.5898240208625793,0.6599305868148804,0.07043012231588364
0.5217562913894653,0.6587223410606384,0.08826261758804321
0.5831997394561768,0.6670995950698853,0.07816551625728607
0.5267091989517212,0.6649165153503418,0.09703560173511505
0.5924863815307617,0.6820231676101685,-0.05604787915945053
0.5214834213256836,0.6799150109291077,-0.036311227828264236
-
0.5462040901184082,0.4339548647403717,-0.041784606873989105
0.5526192784309387,0.42848390340805054,-0.02657894231379032
0.5564754605293274,0.42816442251205444,-0.026537971571087837
0.560056209564209,0.4276544153690338,-0.026619572192430496
0.5425047874450684,0.42824888229370117,-0.024717368185520172
0.5396544337272644,0.42786431312561035,-0.02473250776529312
0.5365994572639465,0.42735329270362854,-0.02452554740011692
0.5681917071342468,0.42478370666503906,0.10025408118963242
0.5294744968414307,0.4252432882785797,0.10465650260448456
0.5543028712272644,0.43719473481178284,0.00800901185721159
0.5421879887580872,0.4366393983364105,0.009504028595983982
0.5986360907554626,0.4387553334236145,0.1880502700805664
0.5017853379249573,0.44098562002182007,0.22395187616348267
0.6584057807922363,0.4535987377166748,0.29038017988204956
0.4572899341583252,0.4517807066440582,0.37964537739753723
0.6097659468650818,0.47844910621643066,0.3633060157299042
0.49386316537857056,0.47808408737182617,0.45807668566703796
0.5986595153808594,0.4854612350463867,0.3495386838912964
0.5022988319396973,0.48533278703689575,0.45151180028915405
0.5912123918533325,0.48279914259910583,0.33992627263069153
0.5091184973716736,0.4833076000213623,0.4403708279132843
0.593682587146759,0.48072558641433716,0.35981521010398865
0.5081964135169983,0.48108571767807007,0.45378631353378296
0.5818343162536621,0.5281866788864136,-0.0069852485321462154
0.5189642310142517,0.5285121202468872,0.0073247929103672504
0.5827521085739136,0.5966742634773254,-0.06860631704330444
0.5269138813018799,0.598433256149292,-0.06904122233390808
0.5898449420928955,0.6599611639976501,0.06788671016693115
0.521754801273346,0.6587416529655457,0.08777838945388794
0.5832001566886902,0.6671621799468994,0.07542126625776291
0.5267083644866943,0.6649879217147827,0.09627189487218857
0.5925069451332092,0.6820237040519714,-0.059147097170352936
0.5213780999183655,0.6799324750900269,-0.036790862679481506
-
0.5461543202400208,0.4339122176170349,-0.04053790122270584
0.5525684952735901,0.42852354049682617,-0.02479199878871441
0.5564060807228088,0.4281984865665436,-0.0247501153498888
0.5599820613861084,0.4276832938194275,-0.024824392050504684
0.5424967408180237,0.4282557964324951,-0.02338596247136593
0.5396523475646973,0.4278547763824463,-0.02339790388941765
0.5365948677062988,0.4273297190666199,-0.023187052458524704
0.568086564540863,0.4247545301914215,0.10291365534067154
0.5295819640159607,0.4252111315727234,0.10515361279249191
0.554226279258728,0.4371277689933777,0.009400048293173313
0.5421576499938965,0.43656834959983826,0.010264480486512184
0.5986359119415283,0.43875232338905334,0.18966081738471985
0.5022403001785278,0.4409691393375397,0.2237672358751297
0.6584698557853699,0.4536091387271881,0.29091355204582214
0.45737865567207336,0.4518311619758606,0.3742714822292328
0.6097673177719116,0.47856634855270386,0.35916751623153687
0.49423983693122864,0.4781419336795807,0.4475986361503601
0.5986806154251099,0.48547810316085815,0.3445488512516022
0.5027554631233215,0.4853779673576355,0.440254807472229
0.5912424921989441,0.4828200340270996,0.334481418132782
0.5095582604408264,0.48333939909935,0.4293724000453949
0.5936965942382812,0.48075467348098755,0.3554644286632538
0.5085560083389282,0.48110970854759216,0.44348055124282837
0.5819109678268433,0.528126060962677,-0.0069341096095740795
0.5191579461097717,0.5283838510513306,0.007272317074239254
0.5827622413635254,0.5965911149978638,-0.06751299649477005
0.5269432663917542,0.5982953310012817,-0.0661771222949028
0.589870810508728,0.660011887550354,0.06320380419492722
0.5217675566673279,0.6587891578674316,0.08447974175214767
0.5831868648529053,0.6672680377960205,0.06974868476390839
0.5267783403396606,0.6651252508163452,0.09204192459583282
0.5925114750862122,0.6820203065872192,-0.06555305421352386
0.5213298797607422,0.6799312829971313,-0.0402512364089489
-
0.5460429191589355,0.4340691566467285,-0.03733013942837715
0.5525292158126831,0.4287368655204773,-0.021657437086105347
0.5563774704933167,0.4283617436885834,-0.02161491848528385
0.5599595904350281,0.42781537771224976,-0.02168254926800728
0.5424206852912903,0.42851510643959045,-0.02014153264462948
0.5395559668540955,0.42808836698532104,-0.020149562507867813
0.5365093946456909,0.42754507064819336,-0.019935788586735725
0.5680742859840393,0.4247897267341614,0.10658400505781174
0.5295824408531189,0.4252992570400238,0.10918497294187546
0.5541484951972961,0.43718042969703674,0.012933372519910336
0.542053759098053,0.43658289313316345,0.013912932947278023
0.5986551642417908,0.438749223947525,0.194151371717453
0.5025635361671448,0.44096511602401733,0.22717605531215668
0.658619225025177,0.4536724090576172,0.2946307361125946
0.45742443203926086,0.4518698751926422,0.372233122587204
0.6097687482833862,0.47865405678749084,0.35973918437957764
0.49443283677101135,0.47814327478408813,0.44592398405075073
0.5986960530281067,0.48550277948379517,0.3447486460208893
0.5030226111412048,0.48537763953208923,0.4352346658706665
0.5912733674049377,0.48283472657203674,0.33472028374671936
0.5098914504051208,0.48333749175071716,0.42289263010025024
0.5937206149101257,0.4807644784450531,0.3560250997543335
0.5088539719581604,0.4811069965362549,0.4407537579536438
0.582003653049469,0.5280547142028809,-0.0068855625577270985
0.5194138288497925,0.5282880663871765,0.007220400031656027
0.5827788710594177,0.5965112447738647,-0.06691937893629074
0.5269597768783569,0.5981988310813904,-0.06467695534229279
0.5898882150650024,0.6600643396377563,0.0628134086728096
0.521797239780426,0.6588924527168274,0.08322224020957947
0.5831855535507202,0.6673625111579895,0.06923948228359222
0.5268720388412476,0.6653143167495728,0.0905083417892456
0.5925113558769226,0.6820188760757446,-0.0671914592385292
0.521327793598175,0.679960310459137,-0.042474426329135895
-
0.5459309816360474,0.4345208704471588,-0.03888440132141113
0.5524944067001343,0.42922577261924744,-0.02367682196199894
0.55635666847229,0.4287678599357605,-0.023630455136299133
0.5599524974822998,0.42816391587257385,-0.023695627227425575
0.5423243045806885,0.4290640354156494,-0.02208089455962181
0.5394333004951477,0.42858919501304626,-0.022090760990977287
0.5363714098930359,0.42801108956336975,-0.021877089515328407
0.5680675506591797,0.42498621344566345,0.10445535182952881
0.5295768976211548,0.4255515933036804,0.1072191670536995
0.5540850162506104,0.43751102685928345,0.011580982245504856
0.541957437992096,0.4368568956851959,0.012631564401090145
0.5987229347229004,0.4387466013431549,0.19346389174461365
0.5028297305107117,0.4409618377685547,0.22674736380577087
0.6588897109031677,0.45373502373695374,0.295749306678772
0.45747193694114685,0.45190638303756714,0.3730485737323761
0.609878420829773,0.4787368178367615,0.3617284595966339
0.4945974051952362,0.4781413674354553,0.4416425824165344
0.5987091064453125,0.485537052154541,0.3470804989337921
0.5032459497451782,0.4853738248348236,0.4321492910385132
0.5913035869598389,0.48286476731300354,0.33720213174819946
0.5102097392082214,0.48333558440208435,0.42056944966316223
0.593772828578949,0.48078522086143494,0.3581800162792206
0.5091710686683655,0.4811049997806549,0.43701574206352234
0.5820984840393066,0.5280177593231201,-0.006891683209687471
0.5195878148078918,0.5282447338104248,0.0072217523120343685
0.5827851891517639,0.5964823961257935,-0.06668516993522644
0.5269719362258911,0.5981490612030029,-0.06389451771974564
0.5899108052253723,0.6601003408432007,0.06381825357675552
0.5218185782432556,0.6589598059654236,0.08390770852565765
0.5831924676895142,0.6674184203147888,0.07043735682964325
0.5269180536270142,0.6654348373413086,0.0913911908864975
0.5925140976905823,0.6820204257965088,-0.0665849819779396
0.5213503837585449,0.6800034642219543,-0.04218653216958046
-
0.5459296703338623,0.4346729815006256,-0.04230082780122757
0.5525007247924805,0.42941102385520935,-0.025650806725025177
0.5563669204711914,0.4289233684539795,-0.025612857192754745
0.5599714517593384,0.4283027648925781,-0.025690145790576935
0.5423113703727722,0.4292685091495514,-0.024913689121603966
0.5394148230552673,0.42877426743507385,-0.024924471974372864
0.5363494157791138,0.4281761646270752,-0.024716835469007492
0.5681150555610657,0.4250940680503845,0.10408490151166916
0.5295767784118652,0.425628125667572,0.10334619879722595
0.5540845394134521,0.4376426637172699,0.008139070123434067
0.5419325828552246,0.4369664192199707,0.008345488458871841
0.5988869071006775,0.43874454498291016,0.19105443358421326
0.5028663277626038,0.4409588873386383,0.2216169834136963
0.65936678647995,0.4538983702659607,0.29468488693237305
0.45749232172966003,0.451922744512558,0.36957231163978577
0.6099131107330322,0.47890764474868774,0.3614806830883026
0.49483370780944824,0.47814440727233887,0.4393768608570099
0.5986995697021484,0.4856145977973938,0.34710443019866943
0.5036659836769104,0.4853734076023102,0.43045535683631897
0.5912898182868958,0.482927143573761,0.3369843363761902
0.5105738043785095,0.4833343029022217,0.419069766998291
0.59377121925354,0.4808456301689148,0.3579087257385254
0.509484589099884,0.48110443353652954,0.43495267629623413
0.5821730494499207,0.5279508233070374,-0.006815384607762098
0.5196857452392578,0.5281794667243958,0.00714597525075078
0.5827906727790833,0.5964090824127197,-0.06577104330062866
0.5269933342933655,0.5980663299560547,-0.06402759253978729
0.5899201035499573,0.6601102352142334,0.06373921781778336
0.5218412280082703,0.6589990854263306,0.08214535564184189
0.5831822156906128,0.6674655675888062,0.07015302777290344
0.5270135402679443,0.665523886680603,0.08957637846469879
0.5925148725509644,0.6820170879364014,-0.06754062324762344
0.5213450789451599,0.6800109148025513,-0.04515394568443298
-
0.5459355711936951,0.43512773513793945,-0.04955947771668434
0.5525219440460205,0.4298788905143738,-0.03571903333067894
0.556403636932373,0.4293479323387146,-0.03566791117191315
0.5600244402885437,0.4287032186985016,-0.03573073074221611
0.5423091650009155,0.4297703206539154,-0.034359049052000046
0.5394096970558167,0.42925649881362915,-0.03437524288892746
0.5363296270370483,0.4286283552646637,-0.03417101874947548
0.5682283639907837,0.42549389600753784,0.0912122055888176
0.5295687913894653,0.42594394087791443,0.09270978718996048
0.5541087985038757,0.43821874260902405,0.0011370343854650855
0.5419274568557739,0.4374966621398926,0.0019527873955667019
0.5990232825279236,0.438742458820343,0.18363921344280243
0.5028939843177795,0.4409526288509369,0.21532370150089264
0.6598314642906189,0.4542248249053955,0.29034772515296936
0.457584410905838,0.45194798707962036,0.36122122406959534
0.6099068522453308,0.4791196286678314,0.35855838656425476
0.495067298412323,0.47814369201660156,0.4263039827346802
0.5985553860664368,0.4856678545475006,0.34524452686309814
0.5040143132209778,0.4853690564632416,0.41840264201164246
0.5910781025886536,0.48298653960227966,0.33612045645713806
0.5108715295791626,0.48333173990249634,0.40640437602996826
0.5936307907104492,0.48092493414878845,0.355633407831192
0.5097617506980896,0.4811035990715027,0.4219125509262085
0.5822611451148987,0.5278871059417725,-0.006758277770131826
0.5197849273681641,0.528135359287262,0.007088965270668268
0.582800567150116,0.5963426232337952,-0.06330689787864685
0.527032196521759,0.5980044603347778,-0.06318868696689606
0.5899260640144348,0.6601240634918213,0.0636979267001152
0.5218801498413086,0.6590259671211243,0.08278518170118332
0.5831558704376221,0.6675300002098083,0.06979283690452576
0.5271263718605042,0.6655915379524231,0.09027376025915146
0.5925139784812927,0.6820148229598999,-0.06856247782707214
0.5213383436203003,0.6800113916397095,-0.04452246427536011
-
0.5459818243980408,0.43562015891075134,-0.050750456750392914
0.5525975823402405,0.4304162561893463,-0.03780730441212654
0.5564902424812317,0.4298672676086426,-0.03775222599506378
0.5601326823234558,0.4292081892490387,-0.037811748683452606
0.5423197150230408,0.43030619621276855,-0.03632558137178421
0.5394145846366882,0.4297821521759033,-0.036342229694128036
0.5363218784332275,0.4291154444217682,-0.03613574057817459
0.5683950781822205,0.42599955201148987,0.08842182159423828
0.5295679569244385,0.4262998104095459,0.09003198146820068
0.5541759729385376,0.43878287076950073,-6.878136628074571e-05
0.5419356226921082,0.4379884600639343,0.0010024611838161945
0.5991061925888062,0.4387504458427429,0.18111731112003326
0.502914547920227,0.4409487247467041,0.21392907202243805
0.6602410078048706,0.4544822573661804,0.28670087456703186
0.45772093534469604,0.4519725739955902,0.3585452735424042
0.6099280118942261,0.4792584478855133,0.352228581905365
0.4951975643634796,0.47814375162124634,0.4218582212924957
0.5985202193260193,0.4857333302497864,0.3384884297847748
0.5041794776916504,0.48536667227745056,0.4141756594181061
0.5910350680351257,0.4830581545829773,0.3293735086917877
0.5110512971878052,0.48333048820495605,0.40200015902519226
0.5936127305030823,0.48099637031555176,0.3493020832538605
0.5099522471427917,0.48110541701316833,0.4174748659133911
0.5822939276695251,0.5278564095497131,-0.006734189111739397
0.5198462009429932,0.5281186699867249,0.007063887547701597
0.58281409740448,0.5963041186332703,-0.06217643991112709
0.5270552039146423,0.5979785919189453,-0.06205318868160248
0.5899385809898376,0.6601368188858032,0.06320857256650925
0.5219117403030396,0.6590539813041687,0.08317936956882477
0.5831369757652283,0.6675821542739868,0.0691109374165535
0.5272517800331116,0.6656762361526489,0.09063389897346497
0.5925145745277405,0.6820139288902283,-0.06911137700080872
0.5213117003440857,0.6800116300582886,-0.043929968029260635
-
0.5459876656532288,0.4361913800239563,-0.05654187873005867
0.552625298500061,0.4310618042945862,-0.044136300683021545
0.5565193891525269,0.430537611246109,-0.044078923761844635
0.5601725578308105,0.42989134788513184,-0.04414048045873642
0.5423225164413452,0.43091052770614624,-0.04251974821090698
0.5394150018692017,0.43037500977516174,-0.04253886267542839
0.5363156795501709,0.4296686053276062,-0.04233235865831375
0.5684970617294312,0.42673546075820923,0.08117621392011642
0.5295703411102295,0.4267134666442871,0.08356667309999466
0.5541883111000061,0.4394184947013855,-0.0059669483453035355
0.541932225227356,0.43853330612182617,-0.004767833277583122
0.5991432070732117,0.4387769103050232,0.1746366173028946
0.5029230117797852,0.44094768166542053,0.20856475830078125
0.6603765487670898,0.45469531416893005,0.2801072895526886
0.4579751193523407,0.4519936144351959,0.3556385040283203
0.609988808631897,0.4793475270271301,0.34592220187187195
0.49531635642051697,0.4781430661678314,0.42132094502449036
0.5985194444656372,0.4857555329799652,0.3322407901287079
0.5042726993560791,0.48536229133605957,0.4141225516796112
0.5910316109657288,0.4830837845802307,0.3226800262928009
0.5111912488937378,0.48332977294921875,0.4018741250038147
0.5936131477355957,0.48102593421936035,0.3428163230419159
0.5101233720779419,0.48111051321029663,0.41695064306259155
0.5822998285293579,0.5278428792953491,-0.00674721272662282
0.5198688507080078,0.5281112194061279,0.007074255496263504
0.5828194618225098,0.5962879657745361,-0.06178436800837517
0.5270735025405884,0.5979626774787903,-0.06136611849069595
0.5899494886398315,0.6601502895355225,0.06242287531495094
0.5219528675079346,0.6590680480003357,0.08343309909105301
0.5831067562103271,0.6676288843154907,0.06821151822805405
0.5273829698562622,0.6657175421714783,0.0908634215593338
0.5925158858299255,0.6820131540298462,-0.06971859931945801
0.5212957859039307,0.6800044775009155,-0.04350973665714264
-
0.5459918975830078,0.436881959438324,-0.07039758563041687
0.552645742893219,0.4317285120487213,-0.058270592242479324
0.5565453767776489,0.43125343322753906,-0.05821223929524422
0.5602143406867981,0.4306390881538391,-0.05827954784035683
0.5423223972320557,0.43154293298721313,-0.05642428249120712
0.5394132137298584,0.43100327253341675,-0.05644771829247475
0.5362989902496338,0.4302695691585541,-0.056240975856781006
0.5686442255973816,0.4275887608528137,0.0670851469039917
0.5295692086219788,0.4272323250770569,0.07087691873311996
0.5542186498641968,0.44029751420021057,-0.019527040421962738
0.5419291853904724,0.43927058577537537,-0.018141424283385277
0.5992926955223083,0.4388423562049866,0.16273245215415955
0.5029194951057434,0.4409509301185608,0.1988598108291626
0.6606159806251526,0.45493993163108826,0.2688426077365875
0.4584440588951111,0.45201268792152405,0.35170236229896545
0.6102551817893982,0.4793957769870758,0.33529162406921387
0.49535229802131653,0.47813844680786133,0.4212678372859955
0.5985866189002991,0.485765278339386,0.3215261697769165
0.5042939782142639,0.485359251499176,0.4144868552684784
0.591124415397644,0.4830966889858246,0.31123805046081543
0.5112451910972595,0.48333296179771423,0.4019697308540344
0.5937475562095642,0.481039434671402,0.3319215774536133
0.510200560092926,0.48112425208091736,0.4168035387992859
0.5823326706886292,0.5278390049934387,-0.006858601234853268
0.5198875665664673,0.5281066298484802,0.007183786015957594
0.5828348994255066,0.5962809324264526,-0.061912789940834045
0.527077853679657,0.5979516506195068,-0.061635635793209076
0.5899532437324524,0.6601524353027344,0.06249833106994629
0.5219939947128296,0.6590852737426758,0.08349648863077164
0.5830614566802979,0.6676519513130188,0.06837540864944458
0.5275132656097412,0.6657596230506897,0.09091751277446747
0.592516303062439,0.6820088624954224,-0.06978204846382141
0.5212624669075012,0.6800033450126648,-0.04378950223326683
-
0.5460169911384583,0.43732553720474243,-0.08777342736721039
0.5527046918869019,0.43215423822402954,-0.07625767588615417
0.5566105246543884,0.43173694610595703,-0.07619702816009521
0.5603051781654358,0.43117713928222656,-0.0762653797864914
0.5423294305801392,0.4319304823875427,-0.07409496605396271
0.5394162535667419,0.4313931465148926,-0.07412463426589966
0.536293089389801,0.4306471347808838,-0.07392171025276184
0.5688748955726624,0.4283119738101959,0.04854634776711464
0.5295717716217041,0.42761674523353577,0.05396994575858116
0.5542659759521484,0.4409712255001068,-0.03680374473333359
0.5419264435768127,0.4398189187049866,-0.03505571931600571
0.5994982719421387,0.43893861770629883,0.14701257646083832
0.5029242634773254,0.44094911217689514,0.18453341722488403
0.6607096791267395,0.4552042484283447,0.2535739243030548
0.45885196328163147,0.4520304799079895,0.3400365710258484
0.6105579733848572,0.4794633388519287,0.31817591190338135
0.4953483045101166,0.4781254231929779,0.41008996963500977
0.5987173914909363,0.48577451705932617,0.304203063249588
0.504278302192688,0.4853461682796478,0.40367263555526733
0.591318666934967,0.48310819268226624,0.29295453429222107
0.5112432837486267,0.4833294451236725,0.3902124762535095
0.5939611196517944,0.48105400800704956,0.31446775794029236
0.5102009177207947,0.48112502694129944,0.4053867757320404
0.5823689103126526,0.5278300642967224,-0.007008807733654976
0.5198945999145508,0.5281039476394653,0.0073305098339915276
0.5828495621681213,0.5962632894515991,-0.06161718815565109
0.5270828008651733,0.597938060760498,-0.061593856662511826
0.5899575352668762,0.6601548194885254,0.062297578901052475
0.5220289826393127,0.6590955257415771,0.08344613760709763
0.5830236673355103,0.6676701307296753,0.06806453317403793
0.5276092290878296,0.6657945513725281,0.09077460318803787
0.5925167202949524,0.6819934844970703,-0.07038652151823044
0.521201491355896,0.6799821853637695,-0.0442691445350647
-
0.5460227727890015,0.43756619095802307,-0.09131015092134476
0.5527293086051941,0.43240681290626526,-0.07992266118526459
0.5566402077674866,0.43202996253967285,-0.07986192405223846
0.5603556632995605,0.431511253118515,-0.07993008941411972
0.5423304438591003,0.4321902394294739,-0.07749918848276138
0.5394154191017151,0.43167251348495483,-0.07752799987792969
0.5362880825996399,0.4309343695640564,-0.07732634246349335
0.5691155791282654,0.4288126528263092,0.043920133262872696
0.5295859575271606,0.4279353618621826,0.050700802356004715
0.5542945861816406,0.4413488507270813,-0.04069368913769722
0.54192054271698,0.4401565492153168,-0.0385962538421154
0.59980708360672,0.4389958381652832,0.1419834941625595
0.503000020980835,0.4409213066101074,0.18015950918197632
0.6607702970504761,0.45544344186782837,0.24653294682502747
0.45910030603408813,0.45204582810401917,0.3334246277809143
0.6109856963157654,0.47949162125587463,0.3076908588409424
0.49534112215042114,0.47811970114707947,0.3999682664871216
0.5989391803741455,0.4857763648033142,0.2931000292301178
0.504270076751709,0.4853440225124359,0.3927839398384094
0.5916121602058411,0.4831105172634125,0.28164318203926086
0.5112416744232178,0.4833287298679352,0.37931114435195923
0.5942699909210205,0.48105674982070923,0.3038666248321533
0.5102004408836365,0.4811268746852875,0.39518868923187256
0.5824134945869446,0.5278266668319702,-0.007138452958315611
0.5199086666107178,0.528092622756958,0.0074556740000844
0.5828859806060791,0.5962405204772949,-0.061383526772260666
0.5270870327949524,0.597913384437561,-0.06074851006269455
0.5899614095687866,0.6601591110229492,0.06203955411911011
0.5220508575439453,0.6590974926948547,0.08354490995407104
0.5830113887786865,0.6676804423332214,0.06772086769342422
0.5276449918746948,0.665795624256134,0.09093683958053589
0.592521071434021,0.6819653511047363,-0.0709182471036911
0.5212040543556213,0.679939866065979,-0.04404810443520546
-
0.5460601449012756,0.437697172164917,-0.08442793041467667
0.5528161525726318,0.43245959281921387,-0.07141727209091187
0.5567508339881897,0.4320793151855469,-0.07136090844869614
0.5605047345161438,0.4315662980079651,-0.07143029570579529
0.5423359870910645,0.43226855993270874,-0.06979774683713913
0.5394143462181091,0.43175944685935974,-0.06982391327619553
0.5362739562988281,0.43102771043777466,-0.06961873173713684
0.5694124102592468,0.4289645552635193,0.05437595024704933
0.5295983552932739,0.4280949532985687,0.05794018507003784
0.554398775100708,0.44156408309936523,-0.03345656767487526
0.5419194102287292,0.440382182598114,-0.03260756656527519
0.600131630897522,0.4390529692173004,0.15036541223526
0.5031884908676147,0.4408869743347168,0.1857084333896637
0.6608617305755615,0.45568546652793884,0.25487881898880005
0.45922359824180603,0.4520561695098877,0.3378409147262573
0.6115720272064209,0.4794953763484955,0.31451651453971863
0.49533846974372864,0.47811761498451233,0.40229830145835876
0.5992836952209473,0.4857753813266754,0.29976168274879456
0.5042635202407837,0.48534029722213745,0.39476513862609863
0.5920913219451904,0.48309627175331116,0.28894346952438354
0.5112409591674805,0.483328253030777,0.3814868628978729
0.5947437882423401,0.48103612661361694,0.3108392059803009
0.5102026462554932,0.48113197088241577,0.39756345748901367
0.5824471712112427,0.5278225541114807,-0.0071298726834356785
0.5199286341667175,0.528080403804779,0.007447085343301296
0.5829382538795471,0.5962312817573547,-0.06125170737504959
0.5270939469337463,0.5978841781616211,-0.06027984246611595
0.5899827480316162,0.6601732969284058,0.06165051832795143
0.5220670700073242,0.6590882539749146,0.08362964540719986
0.5830085873603821,0.6677072644233704,0.06728488951921463
0.5276476740837097,0.6657641530036926,0.09105752408504486
0.5925359725952148,0.6819072961807251,-0.07117737084627151
0.5213001370429993,0.6798972487449646,-0.04394838213920593
-
0.5461125373840332,0.437755286693573,-0.08059509843587875
0.5529330968856812,0.43247753381729126,-0.06738288700580597
0.5568951368331909,0.4321025311946869,-0.06732841581106186
0.5606915354728699,0.4316022992134094,-0.06739778816699982
0.5423561930656433,0.4322890341281891,-0.06581465899944305
0.5394182205200195,0.4317818284034729,-0.0658380314707756
0.5362681150436401,0.43105393648147583,-0.06563229113817215
0.5697182416915894,0.4290866255760193,0.05861373618245125
0.5296503901481628,0.42816343903541565,0.06175266206264496
0.5545221567153931,0.4416515827178955,-0.029681049287319183
0.5419266223907471,0.4404830038547516,-0.02898268774151802
0.6004551649093628,0.4391615390777588,0.15398342907428741
0.5034528374671936,0.44085103273391724,0.18851475417613983
0.6609272956848145,0.4561080038547516,0.2586040198802948
0.4592958688735962,0.4520567059516907,0.33963048458099365
0.6119877099990845,0.4794995188713074,0.316925585269928
0.4953305423259735,0.47810807824134827,0.4031822979450226
0.5995227098464966,0.48577412962913513,0.30195945501327515
0.5042282938957214,0.485318124294281,0.3955337405204773
0.5923600196838379,0.48309460282325745,0.2915186882019043
0.5112250447273254,0.48331791162490845,0.38223859667778015
0.5950190424919128,0.4810342788696289,0.3133557438850403
0.5101960897445679,0.48113131523132324,0.39839446544647217
0.5824580788612366,0.5278188586235046,-0.006966516841202974
0.5199443101882935,0.5280758142471313,0.00727621978148818
0.5830467939376831,0.5962352752685547,-0.06167127937078476
0.5271047949790955,0.597880482673645,-0.06037820875644684
0.590006411075592,0.6602177023887634,0.06191658973693848
0.5220704674720764,0.6590669751167297,0.08427178859710693
0.5830057263374329,0.667765200138092,0.06766384094953537
0.5275987982749939,0.6656626462936401,0.09181539714336395
0.5926336050033569,0.6818804144859314,-0.07068641483783722
0.5215848684310913,0.6798698902130127,-0.04342956095933914
-
