0.48464295268058777,0.36320531368255615,-0.45408517122268677
0.49249109625816345,0.3559418320655823,-0.4349862337112427
0.4982348084449768,0.3558296859264374,-0.43492305278778076
0.5029048323631287,0.35595154762268066,-0.4349119961261749
0.47621047496795654,0.3566158711910248,-0.433319628238678
0.47077712416648865,0.3571202754974365,-0.4333783984184265
0.465742290019989,0.3577690124511719,-0.43334290385246277
0.5102059245109558,0.36005139350891113,-0.27806222438812256
0.4618068337440491,0.36289024353027344,-0.273538738489151
0.4953001141548157,0.3717714250087738,-0.39238467812538147
0.4764292538166046,0.373049795627594,-0.39120781421661377
0.5610201954841614,0.40549522638320923,-0.13971291482448578
0.428737610578537,0.40768593549728394,-0.13223043084144592
0.6260761618614197,0.446843683719635,-0.06161728873848915
0.35740819573402405,0.44167274236679077,-0.04776429757475853
0.5655007362365723,0.48078402876853943,-0.1565365493297577
0.4074050784111023,0.47674888372421265,-0.12177299708127975
0.5479406118392944,0.49153703451156616,-0.1913648545742035
0.41956251859664917,0.48774653673171997,-0.151350736618042
0.5413386225700378,0.4845358729362488,-0.20753590762615204
0.42882344126701355,0.4812449514865875,-0.16933420300483704
0.5455119013786316,0.4812949597835541,-0.16119198501110077
0.4271700978279114,0.47793206572532654,-0.12774063646793365
0.5314475297927856,0.5207962989807129,0.005427837371826172
0.45658019185066223,0.5209475755691528,-0.005523527506738901
0.5338541865348816,0.6042957901954651,0.039719901978969574
0.4409498870372772,0.608466625213623,-0.014551169238984585
0.5383880734443665,0.6846193671226501,0.2542620003223419
0.4372667968273163,0.6867443919181824,0.16996370255947113
0.5275331735610962,0.6951079964637756,0.26595908403396606
0.44644635915756226,0.696171760559082,0.17833708226680756
0.554267406463623,0.7102060914039612,0.09066647291183472
0.4345376789569855,0.7139959931373596,-0.006686690263450146
-
0.4844392240047455,0.3634195923805237,-0.45779335498809814
0.49229511618614197,0.3560737669467926,-0.43924570083618164
0.4980258047580719,0.35599347949028015,-0.4391879141330719
0.5028404593467712,0.35608482360839844,-0.43917709589004517
0.47609537839889526,0.356792151927948,-0.43762797117233276
0.47068965435028076,0.3572975993156433,-0.4376823902130127
0.46572211384773254,0.35789868235588074,-0.43765708804130554
0.510099470615387,0.3601667284965515,-0.2818976044654846
0.4617999494075775,0.36290305852890015,-0.2779774069786072
0.4950985908508301,0.3718940019607544,-0.3955772817134857
0.4758323132991791,0.3730544447898865,-0.3945910930633545
0.5613986253738403,0.40541839599609375,-0.1428348273038864
0.42761823534965515,0.4073118567466736,-0.134443998336792
0.6261876225471497,0.4463989734649658,-0.06840915232896805
0.35741934180259705,0.44170111417770386,-0.05073985457420349
0.5670629143714905,0.4805787205696106,-0.18031983077526093
0.4080241322517395,0.47701722383499146,-0.13334333896636963
0.5488683581352234,0.49146217107772827,-0.21826951205730438
0.4203263521194458,0.4878994822502136,-0.16459187865257263
0.5422627925872803,0.4843563139438629,-0.23416051268577576
0.42956554889678955,0.4813452661037445,-0.1842978298664093
0.5468416213989258,0.4810120165348053,-0.18531347811222076
0.42771556973457336,0.47796010971069336,-0.14031140506267548
0.531446099281311,0.5209136009216309,0.004899919964373112
0.4563045799732208,0.5209272503852844,-0.005002391058951616
0.5337734818458557,0.6050824522972107,0.03901607543230057
0.44090569019317627,0.6079155802726746,0.011068863794207573
0.5386003851890564,0.6845999360084534,0.2399640828371048
0.4348248839378357,0.6854037642478943,0.21257160604000092
0.5273659825325012,0.6951119303703308,0.25004738569259644
0.4419369697570801,0.6938556432723999,0.22301000356674194
0.5540938973426819,0.7111302018165588,0.07187234610319138
0.43377044796943665,0.7137311697006226,0.04314606636762619
-
0.4843674600124359,0.3639470934867859,-0.4593150317668915
0.4922429919242859,0.35648515820503235,-0.44117996096611023
0.4979645609855652,0.3564562201499939,-0.4411242604255676
0.5028167963027954,0.3565080165863037,-0.4411129951477051
0.47605958580970764,0.35726189613342285,-0.43958133459091187
0.47067803144454956,0.3577752709388733,-0.4396340250968933
0.4657227396965027,0.3582884669303894,-0.43961191177368164
0.5100529789924622,0.36047279834747314,-0.28387096524238586
0.46180179715156555,0.36302563548088074,-0.28012335300445557
0.49502572417259216,0.37218013405799866,-0.3968580961227417
0.47553497552871704,0.3731899857521057,-0.395927757024765
0.5616693496704102,0.4053254723548889,-0.14418578147888184
0.427212655544281,0.40704774856567383,-0.134958878159523
0.6263064742088318,0.44595861434936523,-0.06992537528276443
0.3574499487876892,0.44170165061950684,-0.05100174620747566
0.5680859684944153,0.48036471009254456,-0.18369002640247345
0.40858641266822815,0.4771897792816162,-0.1348274052143097
0.5495577454566956,0.49137386679649353,-0.22186137735843658
0.421095073223114,0.4879681169986725,-0.16621926426887512
0.5429801344871521,0.4842279851436615,-0.23820450901985168
0.43018022179603577,0.48139625787734985,-0.1862797886133194
0.5477466583251953,0.48080238699913025,-0.18892315030097961
0.42819222807884216,0.47797316312789917,-0.14195950329303741
0.5314468741416931,0.5210261344909668,0.004075300879776478
0.45614996552467346,0.5209194421768188,-0.004178368020802736
0.5336673855781555,0.6055381298065186,0.03863709419965744
0.4408566653728485,0.6075628995895386,0.017223168164491653
0.5388317108154297,0.6845623254776001,0.2341737598180771
0.43350744247436523,0.6848015785217285,0.21727974712848663
0.5273156762123108,0.6951059103012085,0.2437949776649475
0.4400627911090851,0.6930055618286133,0.22755104303359985
0.5537835955619812,0.711425244808197,0.06559716165065765
0.4328945577144623,0.7135223150253296,0.04838649556040764
-
0.48434099555015564,0.3642198443412781,-0.4591657817363739
0.4922226369380951,0.3566895127296448,-0.44100862741470337
0.4979381263256073,0.35668855905532837,-0.44095298647880554
0.5028097033500671,0.35672086477279663,-0.44094163179397583
0.47604990005493164,0.35749363899230957,-0.43944215774536133
0.47067561745643616,0.35801953077316284,-0.4394945800304413
0.465726375579834,0.3584887981414795,-0.43947169184684753
0.510028600692749,0.3606473207473755,-0.2837822139263153
0.46180200576782227,0.3630860447883606,-0.28022491931915283
0.4950052499771118,0.3723602592945099,-0.39674660563468933
0.47536325454711914,0.37327367067337036,-0.39583778381347656
0.5618454813957214,0.4052433371543884,-0.1442713886499405
0.4268515408039093,0.4068755507469177,-0.13494537770748138
0.62639319896698,0.4456845223903656,-0.07007845491170883
0.35751691460609436,0.4417068362236023,-0.05088517814874649
0.5686841607093811,0.4801865518093109,-0.18395744264125824
0.4090549051761627,0.4773055613040924,-0.13342849910259247
0.5500257015228271,0.491293728351593,-0.22208578884601593
0.4216468036174774,0.48800745606422424,-0.1644672304391861
0.543487012386322,0.4841056764125824,-0.2384321391582489
0.43059974908828735,0.48142895102500916,-0.1841963827610016
0.5483226180076599,0.48061466217041016,-0.1892206370830536
0.42853695154190063,0.47798100113868713,-0.1403583586215973
0.5314521193504333,0.5211021304130554,0.0035272256936877966
0.4560803771018982,0.5209136605262756,-0.003629472805187106
0.5335804224014282,0.6058261394500732,0.038400012999773026
0.4408056139945984,0.6073403358459473,0.018758499994874
0.5390496850013733,0.6845157146453857,0.23299197852611542
0.4327578544616699,0.684450626373291,0.21823309361934662
0.5272781848907471,0.6950939893722534,0.2426663488149643
0.4393143057823181,0.692489504814148,0.22846315801143646
0.5536292791366577,0.711539626121521,0.06508079916238785
0.43217772245407104,0.7133738398551941,0.049837108701467514
-
0.48432624340057373,0.36440473794937134,-0.4589776396751404
0.4922046363353729,0.35684606432914734,-0.44093841314315796
0.4979197084903717,0.35686901211738586,-0.4408807158470154
0.5028049945831299,0.35689395666122437,-0.4408697783946991
0.4760485291481018,0.3576560616493225,-0.43934741616249084
0.47068122029304504,0.35818877816200256,-0.43940141797065735
0.46575477719306946,0.3586258292198181,-0.43937644362449646
0.5100162029266357,0.3607935905456543,-0.2836463153362274
0.46181565523147583,0.3631308674812317,-0.2799641788005829
0.49500176310539246,0.37250199913978577,-0.3964921832084656
0.4752857983112335,0.37333792448043823,-0.3956396281719208
0.5620030760765076,0.4051847457885742,-0.14415636658668518
0.426639586687088,0.4067308008670807,-0.13457466661930084
0.6264873147010803,0.44550782442092896,-0.06998035311698914
0.3576270341873169,0.44170698523521423,-0.049667857587337494
0.5688831210136414,0.48007774353027344,-0.18449722230434418
0.40938350558280945,0.4773830473423004,-0.13293591141700745
0.5501548051834106,0.49123167991638184,-0.22282691299915314
0.4219966530799866,0.48803263902664185,-0.16361068189144135
0.5436633825302124,0.48400554060935974,-0.23920416831970215
0.4308742880821228,0.4814673066139221,-0.18293048441410065
0.5485009551048279,0.48047471046447754,-0.1897883266210556
0.4287847876548767,0.47799333930015564,-0.13957881927490234
0.5314522385597229,0.521182119846344,0.0031518538016825914
0.4560087323188782,0.5209110975265503,-0.003252509981393814
0.533525824546814,0.6059944033622742,0.03832957521080971
0.44072967767715454,0.6072261929512024,0.019322680309414864
0.5392104387283325,0.6844419240951538,0.2333793044090271
0.4322893023490906,0.6842701435089111,0.21873684227466583
0.5272493362426758,0.6950551271438599,0.24319423735141754
0.43896612524986267,0.6921850442886353,0.22898933291435242
0.5535860061645508,0.7115302085876465,0.06614942103624344
0.4317088723182678,0.7133151292800903,0.050603531301021576
-
0.4843217134475708,0.36448878049850464,-0.4592739939689636
0.492191344499588,0.35693085193634033,-0.44114938378334045
0.49790602922439575,0.35696643590927124,-0.4410935342311859
0.5028030872344971,0.35698744654655457,-0.44108328223228455
0.4760473370552063,0.3577389121055603,-0.43970391154289246
0.47068583965301514,0.35827556252479553,-0.43975701928138733
0.46577703952789307,0.3586944341659546,-0.4397326111793518
0.509996235370636,0.36089110374450684,-0.28366759419441223
0.4618186950683594,0.36315324902534485,-0.28062641620635986
0.49500030279159546,0.3725810945034027,-0.3966785967350006
0.47523829340934753,0.3733659088611603,-0.39598557353019714
0.5620989799499512,0.4051178991794586,-0.1442151963710785
0.4264006018638611,0.4066586494445801,-0.1348000466823578
0.6265589594841003,0.4453302323818207,-0.06973985582590103
0.3576907217502594,0.44172176718711853,-0.04964816942811012
0.5689981579780579,0.4800528585910797,-0.1828453242778778
0.4097091555595398,0.4775236248970032,-0.13237397372722626
0.5502598881721497,0.49122539162635803,-0.22088445723056793
0.4223030209541321,0.4881000518798828,-0.1631448119878769
0.5437788367271423,0.48398393392562866,-0.23736602067947388
0.4311560392379761,0.481534868478775,-0.1827429085969925
0.5486024022102356,0.48043757677078247,-0.18813252449035645
0.4290267527103424,0.47802862524986267,-0.1391199380159378
0.5314565300941467,0.5212324857711792,0.0028637456707656384
0.4559343457221985,0.5209099054336548,-0.002962156431749463
0.5334505438804626,0.6061050295829773,0.03798956423997879
0.44067642092704773,0.6071663498878479,0.01966666989028454
0.5392941832542419,0.6843959093093872,0.2336985468864441
0.4320504367351532,0.6842009425163269,0.21976865828037262
0.5271551012992859,0.6950432062149048,0.2436155378818512
0.43903690576553345,0.6920942068099976,0.23006217181682587
0.5535494685173035,0.7115238308906555,0.06702736765146255
0.431112676858902,0.7133030295372009,0.05191817134618759
-
0.4843154549598694,0.36460158228874207,-0.45928826928138733
0.49218350648880005,0.35704749822616577,-0.4411582052707672
0.49789828062057495,0.3570961356163025,-0.4411029815673828
0.5028015971183777,0.35711684823036194,-0.44109272956848145
0.47604620456695557,0.35784071683883667,-0.4397334158420563
0.4706912040710449,0.35837286710739136,-0.43978649377822876
0.4658014178276062,0.35877054929733276,-0.43976283073425293
0.50998854637146,0.3610208034515381,-0.2837493121623993
0.4618300497531891,0.36318352818489075,-0.2808583080768585
0.4949972331523895,0.37269166111946106,-0.39671212434768677
0.4751904308795929,0.37342435121536255,-0.3960438072681427
0.562183678150177,0.4051007330417633,-0.14442120492458344
0.426263689994812,0.40658703446388245,-0.13490590453147888
0.6266559958457947,0.4452435076236725,-0.07002633064985275
0.35780712962150574,0.44173693656921387,-0.049646034836769104
0.5690469145774841,0.48003220558166504,-0.1829540878534317
0.4100072681903839,0.47765135765075684,-0.13209563493728638
0.5502989888191223,0.49121204018592834,-0.22092387080192566
0.42255842685699463,0.48814454674720764,-0.16289983689785004
0.543833315372467,0.48395317792892456,-0.23724128305912018
0.4313768744468689,0.48158755898475647,-0.18264387547969818
0.5486447215080261,0.4804011285305023,-0.18817028403282166
0.42922794818878174,0.4780649244785309,-0.1389165222644806
0.5314581990242004,0.5212918519973755,0.0026470532175153494
0.45587578415870667,0.5209086537361145,-0.002744054887443781
0.53340083360672,0.6061491370201111,0.03768877312541008
0.44062963128089905,0.6071172952651978,0.01931648515164852
0.5393936634063721,0.6843372583389282,0.23225943744182587
0.4319053590297699,0.6841686367988586,0.21805430948734283
0.5271265506744385,0.6950223445892334,0.24201346933841705
0.4390794634819031,0.6920584440231323,0.22818486392498016
0.5535365343093872,0.7114996314048767,0.06592349708080292
0.4307938516139984,0.7132974863052368,0.05017833039164543
-
0.4842880964279175,0.36470329761505127,-0.4591483771800995
0.492158979177475,0.3571473956108093,-0.4411265552043915
0.4978771209716797,0.35720136761665344,-0.4410708248615265
0.5027948021888733,0.35722285509109497,-0.4410604238510132
0.4760323464870453,0.3579401969909668,-0.4396992027759552
0.47069087624549866,0.3584645688533783,-0.43975210189819336
0.4658110737800598,0.3588447868824005,-0.4397299587726593
0.5099800825119019,0.361129492521286,-0.2836669981479645
0.4618421792984009,0.3632194399833679,-0.28072673082351685
0.4949856698513031,0.37280407547950745,-0.3966149687767029
0.47512850165367126,0.3734990954399109,-0.3959142863750458
0.5622657537460327,0.40508824586868286,-0.14441366493701935
0.4261898100376129,0.4065256118774414,-0.13477110862731934
0.6267307996749878,0.4451759457588196,-0.06993449479341507
0.35791897773742676,0.441739946603775,-0.049061164259910583
0.5690767765045166,0.4800102114677429,-0.1817503571510315
0.4101972281932831,0.4777282774448395,-0.13151679933071136
0.5503212213516235,0.4911978840827942,-0.2194458693265915
0.4227293133735657,0.4881696105003357,-0.1623232662677765
0.5438570380210876,0.48391881585121155,-0.2356998175382614
0.43153390288352966,0.48162370920181274,-0.18235085904598236
0.5486592054367065,0.48036113381385803,-0.18689696490764618
0.429370254278183,0.4780905246734619,-0.13847574591636658
0.5314585566520691,0.5213382244110107,0.002392002148553729
0.45582208037376404,0.5209065675735474,-0.002488020109012723
0.5333392024040222,0.6061753630638123,0.037061888724565506
0.4405898153781891,0.6070816516876221,0.018902791664004326
0.5394995808601379,0.6842657327651978,0.23048008978366852
0.43180301785469055,0.6841648817062378,0.21611690521240234
0.5271236896514893,0.694963812828064,0.24011936783790588
0.43913978338241577,0.6920605897903442,0.226101815700531
0.5535084009170532,0.7114535570144653,0.06458857655525208
0.4305100440979004,0.7133007049560547,0.0484611950814724
-
0.48425471782684326,0.36480337381362915,-0.459097295999527
0.49212485551834106,0.3572581112384796,-0.4410807192325592
0.49784788489341736,0.3573160171508789,-0.4410250782966614
0.5027792453765869,0.357338011264801,-0.4410146474838257
0.4760100841522217,0.3580453097820282,-0.43963584303855896
0.4706883430480957,0.3585571050643921,-0.43968912959098816
0.46581560373306274,0.3589216470718384,-0.4396672248840332
0.5099640488624573,0.36122336983680725,-0.2838064730167389
0.4618494212627411,0.3632616400718689,-0.28075286746025085
0.4949679970741272,0.37290722131729126,-0.396593302488327
0.47507065534591675,0.37357741594314575,-0.39587435126304626
0.562358021736145,0.4050773084163666,-0.14440421760082245
0.42609378695487976,0.40649300813674927,-0.13479943573474884
0.6267919540405273,0.4451286196708679,-0.06978009641170502
0.3580029010772705,0.4417542815208435,-0.049055203795433044
0.5691356062889099,0.47998785972595215,-0.1811988353729248
0.4103110134601593,0.47780904173851013,-0.1313701570034027
0.5503934025764465,0.4911854863166809,-0.21878764033317566
0.42283520102500916,0.48819130659103394,-0.16220414638519287
0.5439199805259705,0.4838971495628357,-0.2349749505519867
0.4316229522228241,0.4816510081291199,-0.18223819136619568
0.5487193465232849,0.48033228516578674,-0.1862911432981491
0.42946040630340576,0.4781162142753601,-0.13834258913993835
0.5314629673957825,0.5213630795478821,0.0022782315500080585
0.45579656958580017,0.5208998918533325,-0.002373509807512164
0.5332680940628052,0.6061974763870239,0.03654152527451515
0.4405534565448761,0.6070623993873596,0.018294619396328926
0.539592981338501,0.6842182278633118,0.22946539521217346
0.4317331612110138,0.6841683983802795,0.21489834785461426
0.5271207094192505,0.694911539554596,0.23904350399971008
0.43919652700424194,0.692064642906189,0.22481916844844818
0.5535055994987488,0.7114292979240417,0.0636763721704483
0.4302609860897064,0.713309109210968,0.04720388352870941
-
0.48420271277427673,0.36490577459335327,-0.4604584276676178
0.4920731782913208,0.35736083984375,-0.4427421987056732
0.49781009554862976,0.3574145436286926,-0.44268444180488586
0.5027613639831543,0.3574344515800476,-0.44267335534095764
0.4759630858898163,0.35814785957336426,-0.44109347462654114
0.47067779302597046,0.35864365100860596,-0.4411483407020569
0.46581733226776123,0.35899466276168823,-0.44112810492515564
0.5099570155143738,0.3612866997718811,-0.2859567105770111
0.46186256408691406,0.36329910159111023,-0.2819840908050537
0.4949454069137573,0.37300658226013184,-0.39797523617744446
0.47501134872436523,0.37365490198135376,-0.39701905846595764
0.5625282526016235,0.4050733149051666,-0.1451832503080368
0.42608213424682617,0.40643221139907837,-0.13591669499874115
0.6269158124923706,0.4451262354850769,-0.06967280060052872
0.3581140339374542,0.4417531490325928,-0.05070604756474495
0.5691595077514648,0.4799878001213074,-0.1805216670036316
0.4103873372077942,0.47787389159202576,-0.13425126671791077
0.550401508808136,0.4911860525608063,-0.21767204999923706
0.4229223430156708,0.4882211685180664,-0.16539423167705536
0.5439226627349854,0.4838954508304596,-0.23371030390262604
0.43171238899230957,0.4816876947879791,-0.1853439062833786
0.5487220287322998,0.4803317189216614,-0.18547214567661285
0.42954763770103455,0.47814351320266724,-0.14127038419246674
0.531468391418457,0.5213806629180908,0.0022742003202438354
0.4557779133319855,0.5208898186683655,-0.0023697877768427134
0.5331941246986389,0.606216549873352,0.036138106137514114
0.44054803252220154,0.6070290803909302,0.0176533330231905
0.5396676659584045,0.6841964721679688,0.22980152070522308
0.4317365884780884,0.6841775178909302,0.21462585031986237
0.5271065831184387,0.6948692202568054,0.23949496448040009
0.43925267457962036,0.6920896768569946,0.22462187707424164
0.5535060167312622,0.7114332914352417,0.06401649117469788
0.43016260862350464,0.7133297324180603,0.0468265675008297
-
0.4840907156467438,0.36493954062461853,-0.461822509765625
0.49195238947868347,0.3574022650718689,-0.44423165917396545
0.49771648645401,0.3574523627758026,-0.4441719055175781
0.5027104020118713,0.3574734628200531,-0.44416099786758423
0.47587230801582336,0.3581915497779846,-0.4423926770687103
0.470647394657135,0.35867759585380554,-0.44244885444641113
0.46581441164016724,0.3590202033519745,-0.4424292743206024
0.5099297165870667,0.36130958795547485,-0.28768014907836914
0.4618716239929199,0.3633108139038086,-0.2828528881072998
0.4948710501194,0.3730318248271942,-0.39937570691108704
0.4749242663383484,0.3736666738986969,-0.3981702923774719
0.5626369714736938,0.4050649106502533,-0.14601477980613708
0.4260721504688263,0.4063822627067566,-0.13684791326522827
0.6270260214805603,0.44510579109191895,-0.06963226199150085
0.3582185208797455,0.4417494833469391,-0.05173275247216225
0.5692036151885986,0.4799874722957611,-0.17775903642177582
0.41043463349342346,0.4779180586338043,-0.13523317873477936
0.5504190325737,0.4911876618862152,-0.21417146921157837
0.42298921942710876,0.48822903633117676,-0.16647237539291382
0.5439273715019226,0.48390159010887146,-0.23015820980072021
0.43176960945129395,0.481700599193573,-0.18619507551193237
0.5487369298934937,0.48033928871154785,-0.18256032466888428
0.4295976758003235,0.47815442085266113,-0.14219802618026733
0.5314698815345764,0.5213897824287415,0.002275636652484536
0.45574381947517395,0.5208739042282104,-0.002371372189372778
0.5331411361694336,0.6062300801277161,0.03575514256954193
0.44054022431373596,0.6070189476013184,0.017251860350370407
0.539762556552887,0.6841741800308228,0.23047854006290436
0.43173858523368835,0.684180498123169,0.21570977568626404
0.5271027684211731,0.6948360204696655,0.2402496188879013
0.4392974078655243,0.6920854449272156,0.22593799233436584
0.5535045862197876,0.7114286422729492,0.06469424813985825
0.430080384016037,0.7133394479751587,0.04787619784474373
-
0.4839280843734741,0.3649658262729645,-0.46367695927619934
0.4917875826358795,0.3574380576610565,-0.44623926281929016
0.4975905418395996,0.35748687386512756,-0.4461778998374939
0.502637505531311,0.3575112521648407,-0.4461664855480194
0.47573480010032654,0.3582227826118469,-0.4441879689693451
0.47058969736099243,0.35869818925857544,-0.4442455768585205
0.46579715609550476,0.3590333163738251,-0.444227010011673
0.5098953247070312,0.36132827401161194,-0.28992441296577454
0.46187350153923035,0.3633134961128235,-0.2841621935367584
0.49472808837890625,0.37304991483688354,-0.4012712836265564
0.4747805595397949,0.3736715316772461,-0.39979273080825806
0.5627055764198303,0.4050580859184265,-0.14761637151241302
0.4260565936565399,0.4063325822353363,-0.1379062682390213
0.6270890235900879,0.44510307908058167,-0.07001323997974396
0.35826876759529114,0.44174879789352417,-0.0528181716799736
0.5691961050033569,0.4799906611442566,-0.17764900624752045
0.4104445278644562,0.47794923186302185,-0.13668033480644226
0.5503501892089844,0.4911910891532898,-0.21385206282138824
0.4230198264122009,0.4882313311100006,-0.16801173985004425
0.5438305735588074,0.4839092195034027,-0.2296612411737442
0.4317823052406311,0.48170381784439087,-0.18759234249591827
0.548698902130127,0.48034873604774475,-0.18232084810733795
0.4296078085899353,0.4781574606895447,-0.14360913634300232
0.5314705967903137,0.5213950872421265,0.0022764832247048616
0.4556984007358551,0.5208556652069092,-0.0023724690545350313
0.5330806970596313,0.60624098777771,0.03509826585650444
0.44053536653518677,0.6070049405097961,0.016866184771060944
0.5398327708244324,0.6841628551483154,0.23094519972801208
0.4317329525947571,0.6841822862625122,0.21608759462833405
0.5271005630493164,0.6948090195655823,0.2407880425453186
0.43930524587631226,0.6920748353004456,0.2264394611120224
0.5535029768943787,0.7114317417144775,0.06514628976583481
0.43006041646003723,0.7133568525314331,0.048081111162900925
-
0.4838641583919525,0.3649764657020569,-0.46588394045829773
0.4917292594909668,0.3574526906013489,-0.4483409523963928
0.4975471496582031,0.35750189423561096,-0.4482782185077667
0.502615749835968,0.35752731561660767,-0.4482667148113251
0.47568830847740173,0.3582349121570587,-0.44645386934280396
0.4705709218978882,0.35870665311813354,-0.4465136229991913
0.4657938778400421,0.35903844237327576,-0.4464954733848572
0.5098841190338135,0.3613383173942566,-0.29134273529052734
0.46187540888786316,0.36331671476364136,-0.2862667739391327
0.4946671724319458,0.37305769324302673,-0.4031858742237091
0.47472041845321655,0.3736744523048401,-0.40190789103507996
0.5627748966217041,0.40504375100135803,-0.1479540765285492
0.42601868510246277,0.4063054621219635,-0.13976040482521057
0.6271669864654541,0.44510191679000854,-0.06971924751996994
0.35828453302383423,0.441755473613739,-0.05492839217185974
0.5691837072372437,0.47999271750450134,-0.17478181421756744
0.41044506430625916,0.4779853820800781,-0.13933157920837402
0.5502715706825256,0.4911928176879883,-0.21054527163505554
0.423027366399765,0.48823848366737366,-0.17084026336669922
0.543754518032074,0.48391667008399963,-0.22630494832992554
0.4317837953567505,0.4817085862159729,-0.1904015839099884
0.5486748814582825,0.48035725951194763,-0.17937403917312622
0.4296095073223114,0.47816118597984314,-0.14623311161994934
0.5314726233482361,0.5213981866836548,0.0023051933385431767
0.45566314458847046,0.5208435654640198,-0.0024017388932406902
0.5329946875572205,0.6062440276145935,0.03503056615591049
0.44053107500076294,0.6069836020469666,0.016569990664720535
0.5398900508880615,0.6841601133346558,0.23125723004341125
0.43173858523368835,0.6841942667961121,0.2156345546245575
0.5270946621894836,0.6948026418685913,0.24115091562271118
0.43932002782821655,0.6920870542526245,0.22592653334140778
0.5535416007041931,0.7114354968070984,0.06541315466165543
0.4299072325229645,0.713409960269928,0.04733116924762726
-
0.48384344577789307,0.3649769127368927,-0.46705639362335205
0.49169230461120605,0.3574538826942444,-0.44940489530563354
0.4975185692310333,0.3575025200843811,-0.4493423402309418
0.5025977492332458,0.3575282394886017,-0.44933009147644043
0.47566476464271545,0.3582361340522766,-0.44752994179725647
0.470560759305954,0.3587077260017395,-0.447589248418808
0.4657929241657257,0.35903987288475037,-0.4475702941417694
0.5098724961280823,0.3613387942314148,-0.2920076251029968
0.46187663078308105,0.3633197844028473,-0.28694984316825867
0.49465417861938477,0.37305784225463867,-0.4042257070541382
0.4747127592563629,0.37367215752601624,-0.4029523730278015
0.5628340244293213,0.40502920746803284,-0.14836382865905762
0.42601266503334045,0.40626755356788635,-0.14018060266971588
0.6271898746490479,0.4451059401035309,-0.06966318935155869
0.3583812415599823,0.44175463914871216,-0.05490865185856819
0.5691214203834534,0.4799931049346924,-0.17471252381801605
0.41044434905052185,0.477989137172699,-0.13921402394771576
0.5500977039337158,0.4911922514438629,-0.21049776673316956
0.42302560806274414,0.4882417321205139,-0.17079852521419525
0.5436134934425354,0.48391374945640564,-0.22629277408123016
0.43178069591522217,0.48171114921569824,-0.19062088429927826
0.5486047863960266,0.48035693168640137,-0.1793108582496643
0.42960917949676514,0.4781622886657715,-0.14623039960861206
0.531461775302887,0.5214068293571472,0.0023025444243103266
0.45561933517456055,0.5208359956741333,-0.002399320248514414
0.5328972935676575,0.6062368154525757,0.035096947103738785
0.4405275583267212,0.6069737672805786,0.01680733822286129
0.5399417877197266,0.6841309070587158,0.23272991180419922
0.43174630403518677,0.684198796749115,0.2175687849521637
0.5270921587944031,0.6947023868560791,0.24278153479099274
0.43934762477874756,0.6920973658561707,0.22799602150917053
0.5535393357276917,0.711436927318573,0.06631863117218018
0.4297369718551636,0.7134256362915039,0.04901670292019844
-
0.48383843898773193,0.36497336626052856,-0.46835076808929443
0.491686075925827,0.357450932264328,-0.45053544640541077
0.4975121319293976,0.3574989438056946,-0.4504736661911011
0.5025928616523743,0.3575243651866913,-0.4504605233669281
0.4756597876548767,0.35823434591293335,-0.44871628284454346
0.470559298992157,0.3587070405483246,-0.4487747251987457
0.46579745411872864,0.35904017090797424,-0.44875526428222656
0.5098661780357361,0.36133167147636414,-0.2925809323787689
0.4618760943412781,0.3633222281932831,-0.2878063917160034
0.494651198387146,0.37305381894111633,-0.4053400754928589
0.4747130870819092,0.3736597001552582,-0.4041535258293152
0.5628730654716492,0.4050254821777344,-0.14911401271820068
0.4259840250015259,0.4062255024909973,-0.14077068865299225
0.6271975040435791,0.4451236128807068,-0.07093751430511475
0.3584703803062439,0.4417547285556793,-0.05595193803310394
0.5689727663993835,0.47999852895736694,-0.1784665882587433
0.4104434549808502,0.47799259424209595,-0.1422296166419983
0.5498117804527283,0.4911932051181793,-0.215208500623703
0.42302432656288147,0.48824459314346313,-0.17430773377418518
0.5433456301689148,0.4839056432247162,-0.23094463348388672
0.4317765533924103,0.48170867562294006,-0.1945512294769287
0.5484421253204346,0.48035377264022827,-0.18309900164604187
0.42960602045059204,0.4781584143638611,-0.14948385953903198
0.5314483642578125,0.5214272737503052,0.002299486193805933
0.45558711886405945,0.5208337306976318,-0.0023965907748788595
0.5327511429786682,0.6062045693397522,0.03512818366289139
0.4405256509780884,0.6069656610488892,0.01714588887989521
0.5399612188339233,0.6840896606445312,0.23463548719882965
0.4317508637905121,0.6842027902603149,0.21992942690849304
0.5270884037017822,0.6946077346801758,0.24494889378547668
0.43936020135879517,0.6921018362045288,0.23056912422180176
0.5535548329353333,0.7114390134811401,0.06820093840360641
0.42959433794021606,0.7134479880332947,0.05136806145310402
-
0.4838334321975708,0.3649735450744629,-0.47110554575920105
0.49167972803115845,0.3574486970901489,-0.4534010887145996
0.49750736355781555,0.3574947118759155,-0.4533383548259735
0.5025888681411743,0.35751837491989136,-0.4533233642578125
0.47565239667892456,0.35823434591293335,-0.45141974091529846
0.4705546200275421,0.35870733857154846,-0.45147836208343506
0.4657970368862152,0.35904112458229065,-0.4514586925506592
0.5098607540130615,0.3613130748271942,-0.29529184103012085
0.4618735909461975,0.36332395672798157,-0.28992322087287903
0.4946477711200714,0.37305310368537903,-0.40801841020584106
0.4747091829776764,0.3736579120159149,-0.40664881467819214
0.5629414319992065,0.40501970052719116,-0.15166133642196655
0.4259701073169708,0.40616878867149353,-0.142257958650589
0.6272087693214417,0.4451553225517273,-0.07453665137290955
0.35850974917411804,0.44175419211387634,-0.05814073979854584
0.5688486099243164,0.4800063669681549,-0.18420033156871796
0.4104282259941101,0.47799962759017944,-0.14673025906085968
0.5495715737342834,0.49119672179222107,-0.2215566784143448
0.4230140745639801,0.4882543981075287,-0.17913928627967834
0.5430862307548523,0.48389631509780884,-0.23716704547405243
0.43176597356796265,0.48170965909957886,-0.19961310923099518
0.5482951402664185,0.4803501069545746,-0.1887822449207306
0.429593026638031,0.4781583845615387,-0.15414024889469147
0.5314421653747559,0.5214453935623169,0.0022884199861437082
0.4555484652519226,0.5208322405815125,-0.0023863520473241806
0.5326545834541321,0.6061412692070007,0.03529994934797287
0.44052183628082275,0.6069582104682922,0.01772509329020977
0.5399863123893738,0.6840490102767944,0.23585908114910126
0.4317563474178314,0.6842039823532104,0.22166235744953156
0.5270822048187256,0.6945406198501587,0.24625970423221588
0.43937399983406067,0.6921021342277527,0.23238608241081238
0.553662121295929,0.7114418745040894,0.0693679228425026
0.4295102059841156,0.7134785056114197,0.05307334288954735
-
0.4838303327560425,0.3649735152721405,-0.47156256437301636
0.4916733503341675,0.3574445843696594,-0.4538896679878235
0.49750128388404846,0.35748884081840515,-0.4538274109363556
0.5025849938392639,0.357510507106781,-0.4538125693798065
0.47564780712127686,0.35823121666908264,-0.45195120573043823
0.47055262327194214,0.35870489478111267,-0.4520091116428375
0.46579840779304504,0.3590394854545593,-0.4519879221916199
0.509856104850769,0.36129623651504517,-0.2958875298500061
0.4618709683418274,0.3633204400539398,-0.29076817631721497
0.49464553594589233,0.3730519413948059,-0.40851864218711853
0.4747064709663391,0.3736551105976105,-0.4072176218032837
0.5629778504371643,0.4050130248069763,-0.15240949392318726
0.42594510316848755,0.4061037600040436,-0.14322422444820404
0.6272236108779907,0.4451867640018463,-0.07537230849266052
0.35854488611221313,0.4417543411254883,-0.05898231267929077
0.5687259435653687,0.48000773787498474,-0.1848556101322174
0.41042155027389526,0.47800207138061523,-0.1464850902557373
0.5493822693824768,0.49119552969932556,-0.22218619287014008
0.42300939559936523,0.4882565140724182,-0.1785794198513031
0.5428707003593445,0.48387590050697327,-0.23764745891094208
0.4317626655101776,0.48170527815818787,-0.19897329807281494
0.5481595993041992,0.4803415834903717,-0.18937453627586365
0.42958521842956543,0.47815370559692383,-0.15382304787635803
0.5314140319824219,0.5214730501174927,0.0022947746329009533
0.45548245310783386,0.5208327770233154,-0.0023931243922561407
0.532572329044342,0.6061333417892456,0.03550257533788681
0.4405148923397064,0.6069531440734863,0.018087776377797127
0.5399948954582214,0.6840305328369141,0.23596839606761932
0.43176159262657166,0.6842008233070374,0.2221115529537201
0.5270500183105469,0.6945163011550903,0.24635033309459686
0.4393936097621918,0.6921008825302124,0.23283538222312927
0.5537931323051453,0.711459219455719,0.06957966834306717
0.4294968843460083,0.7135037183761597,0.05384296178817749
-
0.4838424324989319,0.36496567726135254,-0.47127118706703186
0.4916750192642212,0.35742515325546265,-0.45356059074401855
0.4975028932094574,0.35746753215789795,-0.45349904894828796
0.5025873780250549,0.3574860692024231,-0.4534842073917389
0.47565197944641113,0.35821059346199036,-0.4517071545124054
0.4705551564693451,0.358688622713089,-0.4517649710178375
0.46580392122268677,0.359026163816452,-0.4517436921596527
0.5098535418510437,0.36126548051834106,-0.2955481708049774
0.4618667662143707,0.3633083701133728,-0.2908438444137573
0.49466001987457275,0.37304452061653137,-0.4082385301589966
0.47471508383750916,0.3736421763896942,-0.407052606344223
0.5629850625991821,0.40500277280807495,-0.15225793421268463
0.42592206597328186,0.406049907207489,-0.1433030515909195
0.6272413730621338,0.44519415497779846,-0.07515418529510498
0.3585805296897888,0.4417478144168854,-0.05888974294066429
0.5686585903167725,0.4799880087375641,-0.18436290323734283
0.4103788137435913,0.47800716757774353,-0.14565983414649963
0.5493049025535583,0.49116307497024536,-0.221596822142601
0.4229825735092163,0.4882700443267822,-0.17756295204162598
0.5427865982055664,0.48382291197776794,-0.23711778223514557
0.43173399567604065,0.4817063808441162,-0.1978943943977356
0.5480941534042358,0.4803089499473572,-0.18891292810440063
0.42955124378204346,0.4781545102596283,-0.15294942259788513
0.5314082503318787,0.5214771032333374,0.0023048757575452328
0.45547497272491455,0.5208180546760559,-0.00240306812338531
0.5324869155883789,0.6061068773269653,0.035778261721134186
0.44051218032836914,0.6069492697715759,0.018000159412622452
0.5400025844573975,0.6840237379074097,0.23399467766284943
0.4317578673362732,0.6842070817947388,0.22050687670707703
0.5269988179206848,0.6945096254348755,0.2438601851463318
0.4394040107727051,0.6921183466911316,0.23087561130523682
0.5540802478790283,0.7114731073379517,0.06708662956953049
0.4295194745063782,0.7135504484176636,0.05157514661550522
-
0.48388463258743286,0.36493149399757385,-0.47106775641441345
0.49169543385505676,0.35737597942352295,-0.4534483253955841
0.4975218176841736,0.3574140667915344,-0.45338618755340576
0.5026049017906189,0.357427179813385,-0.45337173342704773
0.4756792187690735,0.35815975069999695,-0.4514276683330536
0.4705709218978882,0.3586486876010895,-0.4514854848384857
0.46582043170928955,0.35899361968040466,-0.4514645040035248
0.5098588466644287,0.3612109124660492,-0.2947632074356079
0.4618626534938812,0.36328744888305664,-0.29058319330215454
0.49470821022987366,0.3730212152004242,-0.4081416726112366
0.474764883518219,0.37360355257987976,-0.406814306974411
0.5629900693893433,0.40499773621559143,-0.15103283524513245
0.42588090896606445,0.40599900484085083,-0.14319075644016266
0.6272630095481873,0.445198118686676,-0.07345721870660782
0.35862481594085693,0.4417359232902527,-0.05869471654295921
0.5685970187187195,0.47996678948402405,-0.18276534974575043
0.4103541374206543,0.47800979018211365,-0.14528769254684448
0.5492309927940369,0.4911319315433502,-0.21999701857566833
0.42297470569610596,0.48828619718551636,-0.1767425686120987
0.5426850914955139,0.4837832450866699,-0.23534980416297913
0.43172523379325867,0.4817090928554535,-0.19752584397792816
0.5480188131332397,0.4802786409854889,-0.18722344934940338
0.42953571677207947,0.4781557619571686,-0.15265199542045593
0.5314009785652161,0.521480917930603,0.0024987654760479927
0.455466628074646,0.5208070874214172,-0.002594168297946453
0.5324259996414185,0.6060479879379272,0.036710720509290695
0.4405093789100647,0.6069477796554565,0.01763114705681801
0.5400081872940063,0.684020459651947,0.23052944242954254
0.4317525625228882,0.6842414140701294,0.21559454500675201
0.5269349813461304,0.694506049156189,0.2396593689918518
0.4394095242023468,0.6921802759170532,0.22530265152454376
0.5544475317001343,0.71147620677948,0.06287046521902084
0.42957165837287903,0.7135964632034302,0.045430272817611694
-
0.48393458127975464,0.36488544940948486,-0.4685044288635254
0.4917266070842743,0.3573220670223236,-0.4506267011165619
0.4975486695766449,0.3573586344718933,-0.45056694746017456
0.5026257634162903,0.3573700785636902,-0.4505518972873688
0.47571805119514465,0.3581002652645111,-0.44907259941101074
0.470592200756073,0.3586008548736572,-0.4491288959980011
0.46584007143974304,0.3589547276496887,-0.44910672307014465
0.5098667144775391,0.3611745238304138,-0.2918030023574829
0.4618549048900604,0.3632648289203644,-0.28938230872154236
0.49476465582847595,0.37299075722694397,-0.40550360083580017
0.4748142957687378,0.37355393171310425,-0.40480494499206543
0.5629982352256775,0.4050028920173645,-0.14905589818954468
0.42581504583358765,0.40596142411231995,-0.1426001638174057
0.6272709965705872,0.44522276520729065,-0.07195588946342468
0.35867348313331604,0.44171127676963806,-0.05759139731526375
0.5684476494789124,0.4799426198005676,-0.18145260214805603
0.41031917929649353,0.4780184328556061,-0.1413034349679947
0.5491318702697754,0.49109894037246704,-0.21872074902057648
0.4229489266872406,0.48832374811172485,-0.17191912233829498
0.542546808719635,0.48371630907058716,-0.2338401824235916
0.43170008063316345,0.481729120016098,-0.19301725924015045
0.5478812456130981,0.48022517561912537,-0.18580362200737
0.42950552701950073,0.4781695306301117,-0.14868709444999695
0.5313869118690491,0.5214890241622925,0.0026308170054107904
0.45543256402015686,0.5208052396774292,-0.0027239026967436075
0.5323925614356995,0.606021523475647,0.036977626383304596
0.44050681591033936,0.6069507598876953,0.017086466774344444
0.5400134325027466,0.6840121150016785,0.22770193219184875
0.43175143003463745,0.6842645406723022,0.21188488602638245
0.5268996953964233,0.6945034861564636,0.23653662204742432
0.4394177794456482,0.6922205686569214,0.22130876779556274
0.5547590255737305,0.7114717364311218,0.06030472740530968
0.4296691119670868,0.7136223316192627,0.04185666888952255
-
0.4839774966239929,0.3648187518119812,-0.4662070870399475
0.49175214767456055,0.3572594225406647,-0.4481599032878876
0.4975730776786804,0.3572949767112732,-0.44810181856155396
0.5026467442512512,0.3573058843612671,-0.4480878710746765
0.47575145959854126,0.3580290377140045,-0.44686761498451233
0.4706101715564728,0.35854074358940125,-0.4469233751296997
0.4658558666706085,0.3589034676551819,-0.44690072536468506
0.5098792314529419,0.361133873462677,-0.28959333896636963
0.46185070276260376,0.36323636770248413,-0.2881753146648407
0.49481338262557983,0.3729408383369446,-0.40332281589508057
0.4748617708683014,0.37347811460494995,-0.4029856026172638
0.5630046725273132,0.40501147508621216,-0.14774207770824432
0.4257826805114746,0.40593379735946655,-0.14207181334495544
0.6272865533828735,0.44528332352638245,-0.07154573500156403
0.3586997091770172,0.4416830539703369,-0.056850116699934006
0.5682263970375061,0.47991490364074707,-0.18066859245300293
0.4102521538734436,0.4780212938785553,-0.13795611262321472
0.5489124059677124,0.49104857444763184,-0.21777334809303284
0.42290157079696655,0.48834314942359924,-0.16779807209968567
0.5422614812850952,0.48364320397377014,-0.2323645055294037
0.4316524863243103,0.48173922300338745,-0.18880140781402588
0.5475828051567078,0.48017144203186035,-0.18480131030082703
0.429446280002594,0.4781750738620758,-0.14523500204086304
0.5313767194747925,0.5214924812316895,0.0028001447208225727
0.45542624592781067,0.5207875967025757,-0.0028911279514431953
0.5323503017425537,0.6060009002685547,0.037207506597042084
0.44050517678260803,0.6069537997245789,0.016032349318265915
0.5400416851043701,0.6840065121650696,0.221797376871109
0.43175017833709717,0.6843098402023315,0.205771341919899
0.5268892645835876,0.6945292949676514,0.22994810342788696
0.43942344188690186,0.6922826170921326,0.21467117965221405
0.5551646947860718,0.7114653587341309,0.05394637957215309
0.4297746419906616,0.7136545181274414,0.035473890602588654
-
0.48398929834365845,0.36476829648017883,-0.46617668867111206
0.4917599558830261,0.35720372200012207,-0.4480992555618286
0.4975837171077728,0.35723763704299927,-0.44804131984710693
0.5026569962501526,0.3572485148906708,-0.4480271339416504
0.47575896978378296,0.3579714298248291,-0.4468245506286621
0.4706140160560608,0.358489066362381,-0.4468805193901062
0.46586066484451294,0.3588581085205078,-0.4468582272529602
0.5098856091499329,0.3610988259315491,-0.28934887051582336
0.4618467688560486,0.3632040321826935,-0.28808778524398804
0.4948357045650482,0.37289977073669434,-0.40324148535728455
0.47487717866897583,0.3734211325645447,-0.4029412567615509
0.5630106329917908,0.4050120711326599,-0.1473289430141449
0.425763875246048,0.4059079587459564,-0.1419415920972824
0.6273082494735718,0.44528770446777344,-0.07147707045078278
0.35870715975761414,0.4416148066520691,-0.056628406047821045
0.5681461691856384,0.47987431287765503,-0.18062926828861237
0.41018545627593994,0.47802990674972534,-0.13761864602565765
0.5488736033439636,0.4910132884979248,-0.2177879363298416
0.422851026058197,0.4883919656276703,-0.16758283972740173
0.5422030091285706,0.48360148072242737,-0.23254184424877167
0.4316050112247467,0.48177385330200195,-0.18857665359973907
0.5474919080734253,0.4801303446292877,-0.18483096361160278
0.42939436435699463,0.47820568084716797,-0.14489614963531494
0.5313730239868164,0.52150559425354,0.0029852858278900385
0.4554143249988556,0.5207858085632324,-0.0030734280589967966
0.5322915315628052,0.6059988737106323,0.039376333355903625
0.44050338864326477,0.6069669723510742,0.015972457826137543
0.540048360824585,0.6840018033981323,0.2231188714504242
0.43173620104789734,0.6844232082366943,0.2061612904071808
0.5268471837043762,0.6945388913154602,0.23170265555381775
0.4394143521785736,0.6924334764480591,0.2151896357536316
0.5554607510566711,0.7114585638046265,0.05558231845498085
0.4298025369644165,0.7136915326118469,0.03547300025820732
-
0.48400449752807617,0.36472848057746887,-0.46613553166389465
0.49177414178848267,0.357164204120636,-0.4480345547199249
0.49759894609451294,0.3571988046169281,-0.44797658920288086
0.502668559551239,0.3572107255458832,-0.44796210527420044
0.4757777452468872,0.3579297959804535,-0.44676268100738525
0.4706268608570099,0.35845285654067993,-0.4468187987804413
0.46587449312210083,0.35882696509361267,-0.44679683446884155
0.5098930597305298,0.36108261346817017,-0.28919392824172974
0.4618462026119232,0.3631841242313385,-0.2879692614078522
0.49485957622528076,0.3728676438331604,-0.4031737744808197
0.47489771246910095,0.37337666749954224,-0.4028875529766083
0.5630127191543579,0.40501275658607483,-0.14720971882343292
0.4257541596889496,0.40588027238845825,-0.14189167320728302
0.6273355484008789,0.4452902674674988,-0.07164698839187622
0.358717143535614,0.4415281414985657,-0.05660148710012436
0.5681232213973999,0.4798506200313568,-0.1817074418067932
0.41008639335632324,0.47804221510887146,-0.13765381276607513
0.5488685965538025,0.4909988343715668,-0.2191675752401352
0.42274171113967896,0.4884726405143738,-0.16760776937007904
0.5421894788742065,0.4835835099220276,-0.23418226838111877
0.4315488040447235,0.48184075951576233,-0.18862031400203705
0.5474568009376526,0.4801104962825775,-0.1860460340976715
0.4293343722820282,0.47825950384140015,-0.1449318826198578
0.5313671827316284,0.5215240120887756,0.0032201558351516724
0.4553941488265991,0.5207837820053101,-0.0033068014308810234
0.5322461724281311,0.6059852838516235,0.0408075712621212
0.44050174951553345,0.6069883704185486,0.015859665349125862
0.5400540828704834,0.6839982867240906,0.22381307184696198
0.43171751499176025,0.6845096349716187,0.2064182311296463
0.5268163084983826,0.6945397257804871,0.2326734960079193
0.4393920600414276,0.69254469871521,0.21552589535713196
0.5556666254997253,0.7114471197128296,0.056450579315423965
0.42983755469322205,0.7137061357498169,0.035414453595876694
-
0.48402002453804016,0.36470314860343933,-0.46613621711730957
0.4917905628681183,0.35713991522789,-0.4480304718017578
0.49761471152305603,0.35717537999153137,-0.4479726254940033
0.5026806592941284,0.3571876883506775,-0.4479580819606781
0.47580015659332275,0.35790422558784485,-0.44676029682159424
0.47064241766929626,0.3584316074848175,-0.44681650400161743
0.4658893942832947,0.35880881547927856,-0.44679462909698486
0.5099009275436401,0.361071914434433,-0.2890360653400421
0.4618457853794098,0.363170325756073,-0.2879345715045929
0.4948848783969879,0.372844934463501,-0.4031568765640259
0.4749155640602112,0.37334394454956055,-0.402877539396286
0.5630062818527222,0.40501531958580017,-0.14681023359298706
0.425750195980072,0.40585628151893616,-0.1418772041797638
0.627342164516449,0.4452972412109375,-0.07163631170988083
0.35872870683670044,0.44146281480789185,-0.056570593267679214
0.5680902004241943,0.4798301160335541,-0.18244074285030365
0.4099890887737274,0.4780561029911041,-0.13770326972007751
0.5488649010658264,0.49098214507102966,-0.220145121216774
0.4226381182670593,0.4885437488555908,-0.16763387620449066
0.5421590805053711,0.4835635721683502,-0.23535487055778503
0.43146854639053345,0.48190999031066895,-0.18880347907543182
0.5474066138267517,0.4800902307033539,-0.1868990808725357
0.42926025390625,0.4783172011375427,-0.1450127512216568
0.5313574075698853,0.5215266942977905,0.0034284472931176424
0.4553743898868561,0.5207743644714355,-0.003512447001412511
0.5322058796882629,0.6059533357620239,0.04199902340769768
0.44050052762031555,0.6069899797439575,0.015538227744400501
0.5400582551956177,0.6839944124221802,0.22335118055343628
0.4317035973072052,0.6846040487289429,0.2040538340806961
0.5268035531044006,0.6945621371269226,0.23174156248569489
0.43938446044921875,0.6927123069763184,0.21276022493839264
0.5559763312339783,0.7114313840866089,0.055428214371204376
0.42984798550605774,0.7137274146080017,0.03171034902334213
-
0.48403680324554443,0.3646854758262634,-0.4660279452800751
0.4918055236339569,0.3571225702762604,-0.4478279948234558
0.4976271390914917,0.35715916752815247,-0.44777098298072815
0.502690315246582,0.3571717143058777,-0.4477566182613373
0.47582247853279114,0.3578841984272003,-0.44664230942726135
0.4706581234931946,0.35841459035873413,-0.44669875502586365
0.46590375900268555,0.3587939143180847,-0.44667714834213257
0.5099054574966431,0.36106613278388977,-0.28831061720848083
0.46184399724006653,0.3631606101989746,-0.287739634513855
0.49490368366241455,0.37282663583755493,-0.40289780497550964
0.4749329388141632,0.37331724166870117,-0.4027431607246399
0.5629861950874329,0.40501561760902405,-0.14556030929088593
0.42572376132011414,0.4058409333229065,-0.14152871072292328
0.6273521780967712,0.4452994465827942,-0.07064705342054367
0.3587498962879181,0.44142070412635803,-0.055552102625370026
0.5680838227272034,0.479800283908844,-0.18236921727657318
0.4098855257034302,0.47806739807128906,-0.13629625737667084
0.5488641262054443,0.4909535348415375,-0.2199867069721222
0.42252179980278015,0.4886184632778168,-0.1663593351840973
0.5421549677848816,0.48353368043899536,-0.23524068295955658
0.4313739240169525,0.48199838399887085,-0.18773996829986572
0.5473957657814026,0.4800625443458557,-0.18681028485298157
0.4291735291481018,0.4783845543861389,-0.14368528127670288
0.5313355922698975,0.5215293765068054,0.0036887999158352613
0.45532384514808655,0.5207637548446655,-0.003769265254959464
0.5321613550186157,0.6059286594390869,0.04306775704026222
0.44050008058547974,0.6069986820220947,0.01532385777682066
0.5400623083114624,0.6839913129806519,0.22386419773101807
0.4316844642162323,0.6846796274185181,0.2039337009191513
0.5267942547798157,0.6945858597755432,0.23230041563510895
0.43937432765960693,0.6928168535232544,0.2126564085483551
0.5563123226165771,0.7114026546478271,0.05591814965009689
0.429871529340744,0.7137396335601807,0.03114626184105873
-
0.4840744733810425,0.3646804690361023,-0.4660334587097168
0.4918540418148041,0.357119619846344,-0.4478254020214081
0.49766549468040466,0.3571568727493286,-0.44776856899261475
0.5027142763137817,0.3571692109107971,-0.4477542042732239
0.4758799970149994,0.3578757643699646,-0.4466448128223419
0.4706994891166687,0.3584063649177551,-0.446701318025589
0.4659416973590851,0.35878509283065796,-0.4466798007488251
0.5099169015884399,0.36106356978416443,-0.2880725860595703
0.4618433713912964,0.36314982175827026,-0.2877192199230194
0.4949519634246826,0.37281471490859985,-0.40287289023399353
0.4749663174152374,0.3732946217060089,-0.40273433923721313
0.5629702806472778,0.4050152897834778,-0.1451358199119568
0.4256998300552368,0.4058235287666321,-0.14135535061359406
0.6273589730262756,0.445301353931427,-0.07063400000333786
0.3587856590747833,0.44138580560684204,-0.05516799911856651
0.5680778622627258,0.4797806739807129,-0.18388506770133972
0.4098028838634491,0.47807198762893677,-0.13632401823997498
0.5488614439964294,0.4909350275993347,-0.22226651012897491
0.42241689562797546,0.4886585772037506,-0.16647598147392273
0.5421499609947205,0.48349660634994507,-0.23792873322963715
0.43129968643188477,0.48204296827316284,-0.18775732815265656
0.5473827719688416,0.4800315499305725,-0.1885869950056076
0.4291119873523712,0.4784189760684967,-0.14372596144676208
0.5313252210617065,0.5215325355529785,0.003919830080121756
0.45527008175849915,0.5207533836364746,-0.0039968774653971195
0.5321546792984009,0.6058682203292847,0.04386424645781517
0.44047218561172485,0.6070049405097961,0.015127856284379959
0.5400630235671997,0.6839879751205444,0.22397954761981964
0.43164095282554626,0.684773325920105,0.20336493849754333
0.5267415642738342,0.6946737766265869,0.2322826385498047
0.439361035823822,0.6929944753646851,0.21198879182338715
0.5565643906593323,0.7113580703735352,0.055660270154476166
0.42987489700317383,0.7137417793273926,0.029917581006884575
-
0.4841291606426239,0.3646768629550934,-0.4657553434371948
0.4919169843196869,0.3571160137653351,-0.44739511609077454
0.4977109134197235,0.35715416073799133,-0.4473404884338379
0.5027421116828918,0.35716667771339417,-0.44732704758644104
0.47595927119255066,0.35786789655685425,-0.4463464021682739
0.4707569181919098,0.3583996593952179,-0.44640329480171204
0.46599119901657104,0.3587787449359894,-0.446382611989975
0.5099273324012756,0.36106133460998535,-0.2869836986064911
0.4618436098098755,0.3631431758403778,-0.28724974393844604
0.4950164258480072,0.37280282378196716,-0.40235671401023865
0.47501978278160095,0.37327179312705994,-0.40239983797073364
0.5629535913467407,0.4050135016441345,-0.14407125115394592
0.425681471824646,0.4058031141757965,-0.14056532084941864
0.6273701786994934,0.4453026354312897,-0.07061691582202911
0.35881707072257996,0.44134873151779175,-0.05398887023329735
0.5680604577064514,0.47975650429725647,-0.18580250442028046
0.4095683991909027,0.47806721925735474,-0.1356867104768753
0.5488342642784119,0.49090084433555603,-0.22489672899246216
0.42219194769859314,0.4886719286441803,-0.1659974455833435
0.5421076416969299,0.48343223333358765,-0.24059918522834778
0.43113449215888977,0.4820522367954254,-0.18756505846977234
0.5473335385322571,0.4799777865409851,-0.19063256680965424
0.4289610981941223,0.4784218370914459,-0.14321266114711761
0.5313060283660889,0.5215343236923218,0.00412513455376029
0.45521485805511475,0.5207188129425049,-0.004198417533189058
0.5321296453475952,0.6058496236801147,0.04374989867210388
0.4404258728027344,0.6070042848587036,0.01419574860483408
0.5400658845901489,0.6839958429336548,0.22248174250125885
0.4316105246543884,0.6848653554916382,0.20110923051834106
0.5266982316970825,0.6948148608207703,0.23042461276054382
0.4393588602542877,0.6931585073471069,0.20947924256324768
0.5568112134933472,0.711344838142395,0.053240690380334854
0.4298786520957947,0.7137406468391418,0.026573318988084793
-
0.4842287302017212,0.3646710515022278,-0.4657508432865143
0.492031067609787,0.3571116328239441,-0.44733572006225586
0.4977918267250061,0.35715094208717346,-0.44728168845176697
0.5027911067008972,0.3571641147136688,-0.44726845622062683
0.4761066138744354,0.357854425907135,-0.446336030960083
0.47086265683174133,0.3583875894546509,-0.4463929831981659
0.4660780727863312,0.3587678372859955,-0.44637244939804077
0.5099422931671143,0.36105936765670776,-0.28658443689346313
0.46184709668159485,0.36313480138778687,-0.28723838925361633
0.49510225653648376,0.3727912902832031,-0.4022964835166931
0.4751102924346924,0.3732486665248871,-0.402394562959671
0.5629392266273499,0.40501275658607483,-0.1439051479101181
0.42566853761672974,0.40578851103782654,-0.14047794044017792
0.6273896098136902,0.4453066885471344,-0.07081731408834457
0.3588421642780304,0.4413147568702698,-0.05386636406183243
0.568041205406189,0.4797382950782776,-0.1875072866678238
0.4093772768974304,0.4780663549900055,-0.13559940457344055
0.5487880110740662,0.49087172746658325,-0.22684960067272186
0.4220137596130371,0.488689661026001,-0.16596637666225433
0.54206383228302,0.48337119817733765,-0.24256689846515656
0.4310028851032257,0.48206955194473267,-0.18758924305438995
0.547292947769165,0.4799292981624603,-0.1923958957195282
0.42884212732315063,0.47843098640441895,-0.14315566420555115
0.5313031673431396,0.5215355157852173,0.004250135738402605
0.4551895558834076,0.5206990838050842,-0.004320754669606686
0.5321134924888611,0.6058197021484375,0.043981775641441345
0.4403863549232483,0.6070039868354797,0.01395124290138483
0.5400687456130981,0.6839954257011414,0.22264310717582703
0.431589812040329,0.684953510761261,0.2008924037218094
0.5266778469085693,0.6948891878128052,0.23060041666030884
0.43935954570770264,0.6933185458183289,0.2092640995979309
0.5569738745689392,0.7113047242164612,0.053409066051244736
0.4298805296421051,0.713737428188324,0.026263399049639702
-
0.4843405485153198,0.3646680414676666,-0.4655720591545105
0.4921492338180542,0.3571093678474426,-0.44701075553894043
0.4978739321231842,0.3571488559246063,-0.44695812463760376
0.5028412342071533,0.3571620583534241,-0.4469456970691681
0.4762590527534485,0.3578450679779053,-0.4461402893066406
0.4709748923778534,0.35837918519973755,-0.4461973309516907
0.4661698639392853,0.358760267496109,-0.4461769163608551
0.5099535584449768,0.3610576391220093,-0.2859140634536743
0.46184948086738586,0.36312898993492126,-0.28709352016448975
0.49518999457359314,0.37278178334236145,-0.4019964039325714
0.47521477937698364,0.3732297122478485,-0.40225377678871155
0.5629193782806396,0.4050122797489166,-0.14361031353473663
0.4256497621536255,0.405782550573349,-0.14019717276096344
0.627410352230072,0.44531282782554626,-0.07088188081979752
0.35886985063552856,0.4412987232208252,-0.05316572263836861
0.5680224299430847,0.4797215461730957,-0.18844152987003326
0.40925174951553345,0.4780607223510742,-0.13423307240009308
0.5487523674964905,0.49084416031837463,-0.22795377671718597
0.4218938946723938,0.4886935353279114,-0.16454021632671356
0.542037308216095,0.4833218455314636,-0.243714839220047
0.430907279253006,0.48207348585128784,-0.18641826510429382
0.5472736954689026,0.47988611459732056,-0.19338279962539673
0.42875781655311584,0.478433758020401,-0.14184652268886566
0.5312997698783875,0.5215352773666382,0.004338169936090708
0.455165833234787,0.5206772089004517,-0.004406367894262075
0.5320892333984375,0.6057955026626587,0.043998729437589645
0.4403664767742157,0.6070083379745483,0.01376658771187067
0.5400710105895996,0.6839944124221802,0.2225300520658493
0.43157556653022766,0.6850208044052124,0.2007007598876953
0.5266422033309937,0.6949306726455688,0.23045232892036438
0.4393610656261444,0.6934536099433899,0.20907628536224365
0.5571150183677673,0.711274266242981,0.05325322598218918
0.42988327145576477,0.7137347459793091,0.026111720129847527
-
0.48445451259613037,0.36467018723487854,-0.46558189392089844
0.4922941029071808,0.3571103513240814,-0.447004497051239
0.49797385931015015,0.3571498990058899,-0.446951687335968
0.5028984546661377,0.35716310143470764,-0.4469391703605652
0.47641289234161377,0.35784149169921875,-0.4461652934551239
0.47108450531959534,0.3583756983280182,-0.44622230529785156
0.4662535786628723,0.35875722765922546,-0.4462015926837921
0.5099768042564392,0.3610624372959137,-0.28573304414749146
0.4618492126464844,0.3631279468536377,-0.287240594625473
0.49529826641082764,0.3727782964706421,-0.4019840657711029
0.47529762983322144,0.3732265830039978,-0.40229442715644836
0.5629173517227173,0.4050322473049164,-0.1432114541530609
0.4255872964859009,0.4057775139808655,-0.14030571281909943
0.6274164319038391,0.44535428285598755,-0.06879853457212448
0.3588828146457672,0.4412946105003357,-0.05328236147761345
0.5678890943527222,0.4797247052192688,-0.18346144258975983
0.40922659635543823,0.4780616760253906,-0.13438576459884644
0.548565685749054,0.4908568263053894,-0.22210218012332916
0.42186999320983887,0.4886992871761322,-0.16463454067707062
0.5418616533279419,0.48331794142723083,-0.23781375586986542
0.4308687448501587,0.482086718082428,-0.186647430062294
0.5470774173736572,0.47988390922546387,-0.188288152217865
0.42873090505599976,0.4784441590309143,-0.14203788340091705
0.5312974452972412,0.521532416343689,0.004507224541157484
0.455156534910202,0.5206676125526428,-0.0045753950253129005
0.5320779085159302,0.6057809591293335,0.044055428355932236
0.44034186005592346,0.6070239543914795,0.013433299958705902
0.5400683879852295,0.6839960217475891,0.2223157435655594
0.4315548837184906,0.6850255727767944,0.20057764649391174
0.5265617370605469,0.6949682235717773,0.23016762733459473
0.4393605589866638,0.6934540271759033,0.20898869633674622
0.5573538541793823,0.7112722992897034,0.052800439298152924
0.4298992156982422,0.7137270569801331,0.02622564136981964
-
0.48464876413345337,0.3646846413612366,-0.4671493470668793
0.49257421493530273,0.35712140798568726,-0.4482137858867645
0.49817609786987305,0.35715848207473755,-0.4481576383113861
0.5030285120010376,0.357170432806015,-0.4481443166732788
0.4766625165939331,0.35784170031547546,-0.4478010833263397
0.4712562561035156,0.35837528109550476,-0.44785669445991516
0.46636611223220825,0.35875749588012695,-0.44783228635787964
0.5100314021110535,0.3610756993293762,-0.2860177457332611
0.46184852719306946,0.3631284832954407,-0.28900644183158875
0.4954749643802643,0.3727788031101227,-0.40303343534469604
0.4754297435283661,0.37322285771369934,-0.403925359249115
0.5629169344902039,0.4050438404083252,-0.14338183403015137
0.42552095651626587,0.4057706892490387,-0.14119012653827667
0.6274242997169495,0.4454335570335388,-0.06833956390619278
0.3588898479938507,0.4412916600704193,-0.05410613492131233
0.5677863359451294,0.47977036237716675,-0.18176589906215668
0.40916967391967773,0.4780595302581787,-0.13541461527347565
0.5484730005264282,0.49096542596817017,-0.2199765294790268
0.4218214154243469,0.48870354890823364,-0.16571912169456482
0.5417630672454834,0.48339027166366577,-0.2359386384487152
0.430791437625885,0.4820985198020935,-0.1877421885728836
0.5469263792037964,0.47995084524154663,-0.18664798140525818
0.4286695718765259,0.47845277190208435,-0.1430787593126297
0.5312955975532532,0.5215340852737427,0.00451311469078064
0.45514488220214844,0.5206648111343384,-0.00458179134875536
0.5320608615875244,0.6057772636413574,0.04317687824368477
0.4403277039527893,0.6070312857627869,0.013429193757474422
0.5400310754776001,0.683993399143219,0.22613953053951263
0.4315405488014221,0.6849761009216309,0.2054263800382614
0.526465892791748,0.6949555277824402,0.23490016162395477
0.4393209218978882,0.6933224201202393,0.21467867493629456
0.5574891567230225,0.711283266544342,0.05730578675866127
0.43001264333724976,0.7137264609336853,0.03222569823265076
-
0.4848017394542694,0.3646931052207947,-0.46752187609672546
0.49278292059898376,0.3571275472640991,-0.44846010208129883
0.4983311593532562,0.3571625351905823,-0.44840294122695923
0.5031293630599976,0.35717371106147766,-0.4483892321586609
0.47684913873672485,0.3578410744667053,-0.4482029676437378
0.47138696908950806,0.3583745062351227,-0.4482579529285431
0.4664546847343445,0.35875755548477173,-0.4482324421405792
0.5100743174552917,0.3610830307006836,-0.28603383898735046
0.461847722530365,0.36312925815582275,-0.28954434394836426
0.49562373757362366,0.3727779984474182,-0.4032503366470337
0.4755387306213379,0.3732197880744934,-0.40435799956321716
0.5629150867462158,0.40505680441856384,-0.14340153336524963
0.4254673719406128,0.4057652950286865,-0.14151881635189056
0.6274324655532837,0.44550007581710815,-0.06791350990533829
0.35889217257499695,0.4412882924079895,-0.054497621953487396
0.5676645636558533,0.4798104166984558,-0.18070347607135773
0.40912023186683655,0.47805818915367126,-0.13566254079341888
0.5483621954917908,0.4910508096218109,-0.21864835917949677
0.4217820465564728,0.4887070655822754,-0.16591747105121613
0.5416524410247803,0.4834505617618561,-0.2346804291009903
0.43072471022605896,0.48211103677749634,-0.18792088329792023
0.5467638373374939,0.480006605386734,-0.18560540676116943
0.428616464138031,0.4784625172615051,-0.14331121742725372
0.5312933325767517,0.5215351581573486,0.0045166052877902985
0.45513471961021423,0.5206621885299683,-0.004585604649037123
0.5320375561714172,0.6057685017585754,0.04275495558977127
0.44031307101249695,0.6070365905761719,0.013420055620372295
0.5399954319000244,0.6839892268180847,0.227706640958786
0.4315219819545746,0.6849533319473267,0.20698513090610504
0.5263920426368713,0.6949459910392761,0.2367236614227295
0.4392894208431244,0.6932493448257446,0.21642547845840454
0.5575650334358215,0.7112843990325928,0.05922398716211319
0.43008100986480713,0.713727593421936,0.034185443073511124
-
0.4849705994129181,0.3647114336490631,-0.46762534976005554
0.4930135905742645,0.357140451669693,-0.4485134482383728
0.4985078275203705,0.3571713864803314,-0.4484561085700989
0.5032456517219543,0.3571808636188507,-0.448442280292511
0.4770357310771942,0.3578444719314575,-0.44831910729408264
0.47151878476142883,0.3583771586418152,-0.4483736753463745
0.46653786301612854,0.3587615191936493,-0.44834762811660767
0.5101341605186462,0.3610919117927551,-0.2860259711742401
0.46184730529785156,0.3631328344345093,-0.2897002398967743
0.49577730894088745,0.3727792501449585,-0.4032875597476959
0.4756520092487335,0.3732174336910248,-0.40447747707366943
0.5629138350486755,0.40506768226623535,-0.14342054724693298
0.4254333972930908,0.40576061606407166,-0.14152920246124268
0.6274398565292358,0.44555315375328064,-0.06780478358268738
0.35889726877212524,0.4412859082221985,-0.05449773371219635
0.5675235390663147,0.4798366129398346,-0.1807325929403305
0.409074068069458,0.4780581593513489,-0.13566796481609344
0.5482168197631836,0.4910925328731537,-0.2187025547027588
0.42173513770103455,0.4887128472328186,-0.1659330576658249
0.541505753993988,0.48347583413124084,-0.23472262918949127
0.4306602478027344,0.48212671279907227,-0.1879112869501114
0.5465864539146423,0.48003268241882324,-0.18563595414161682
0.42856842279434204,0.4784751832485199,-0.143308624625206
0.5312912464141846,0.5215374231338501,0.004521180409938097
0.455126017332077,0.5206597447395325,-0.004590299446135759
0.5320286750793457,0.605765163898468,0.04229354113340378
0.440293550491333,0.6070427298545837,0.013418267481029034
0.5399608016014099,0.6839866638183594,0.22862659394741058
0.43150097131729126,0.6849287152290344,0.20810523629188538
0.5263333320617676,0.6949335336685181,0.2377765029668808
0.43925362825393677,0.693184494972229,0.2176397293806076
0.557645857334137,0.7112957239151001,0.060316748917102814
0.43014830350875854,0.7137272953987122,0.03548351302742958
-
0.4851454496383667,0.36473336815834045,-0.46824583411216736
0.4932022988796234,0.3571568727493286,-0.4490034282207489
0.4986448585987091,0.3571823835372925,-0.44894587993621826
0.5033316016197205,0.35718920826911926,-0.4489319622516632
0.47721561789512634,0.3578510880470276,-0.44900351762771606
0.4716514050960541,0.3583817183971405,-0.4490576982498169
0.46662911772727966,0.35876744985580444,-0.44903111457824707
0.5101652145385742,0.3610963225364685,-0.28604599833488464
0.461847186088562,0.363136887550354,-0.29036378860473633
0.4959220588207245,0.37278038263320923,-0.4036363363265991
0.47577905654907227,0.37321725487709045,-0.40506938099861145
0.5628965497016907,0.4050717353820801,-0.14343568682670593
0.42541033029556274,0.40575680136680603,-0.14170025289058685
0.6274462938308716,0.44561466574668884,-0.0676501989364624
0.35890159010887146,0.4412790834903717,-0.054512299597263336
0.5674094557762146,0.47985735535621643,-0.18077513575553894
0.40905478596687317,0.47805866599082947,-0.13567674160003662
0.5480533838272095,0.4911145567893982,-0.21873857080936432
0.4217003285884857,0.4887199401855469,-0.1659521907567978
0.5413505434989929,0.4834865629673004,-0.2347600907087326
0.43060654401779175,0.482147216796875,-0.1879214197397232
0.5464058518409729,0.48004937171936035,-0.18566547334194183
0.42853790521621704,0.4784943163394928,-0.14331354200839996
0.5312866568565369,0.5215383768081665,0.004529222380369902
0.4551192820072174,0.5206577181816101,-0.00459845969453454
0.5319863557815552,0.6057621240615845,0.042238570749759674
0.4402959644794464,0.60704505443573,0.01341787725687027
0.5399414300918579,0.6839844584465027,0.23036694526672363
0.43148189783096313,0.6849194765090942,0.2092231959104538
0.5262889266014099,0.6949046850204468,0.23967446386814117
0.43921318650245667,0.6931648254394531,0.21883828938007355
0.5576764941215515,0.7113342881202698,0.06193869560956955
0.4301753044128418,0.7137275338172913,0.036431267857551575
-
0.48523151874542236,0.3647661805152893,-0.4685867726802826
0.49329453706741333,0.3571825325489044,-0.4493153989315033
0.49871206283569336,0.3572025001049042,-0.4492577910423279
0.5033757090568542,0.3572062849998474,-0.44924357533454895
0.477293998003006,0.35786885023117065,-0.4493623375892639
0.4717074930667877,0.35839593410491943,-0.4494163990020752
0.4666690528392792,0.35878312587738037,-0.44938990473747253
0.5101858377456665,0.36110419034957886,-0.28609031438827515
0.4618440270423889,0.3631534278392792,-0.29059794545173645
0.4960182309150696,0.3727847933769226,-0.4038488268852234
0.47584402561187744,0.3732221722602844,-0.4053451120853424
0.5628907680511475,0.4050769805908203,-0.14344795048236847
0.42540299892425537,0.4057547152042389,-0.14172887802124023
0.62745201587677,0.4456820487976074,-0.06758212298154831
0.3589073121547699,0.44127577543258667,-0.05453640967607498
0.567232608795166,0.4798858165740967,-0.18080991506576538
0.40902698040008545,0.478059858083725,-0.1359301209449768
0.5477805137634277,0.4911379814147949,-0.21878975629806519
0.4216492474079132,0.48873287439346313,-0.16626518964767456
0.5410894155502319,0.4834982454776764,-0.2347913682460785
0.430554062128067,0.48217201232910156,-0.18830057978630066
0.5461445450782776,0.48006755113601685,-0.18570081889629364
0.4285079538822174,0.47851628065109253,-0.1435908079147339
0.5312777161598206,0.5215412378311157,0.004533939994871616
0.4551136791706085,0.5206557512283325,-0.0046033780090510845
0.5319544076919556,0.6057577729225159,0.04223087802529335
0.440296471118927,0.6070540547370911,0.013407603837549686
0.5399293303489685,0.6839801669120789,0.2311285436153412
0.43145468831062317,0.6849198341369629,0.20922504365444183
0.5262640118598938,0.6948715448379517,0.24044013023376465
0.4391635060310364,0.693164587020874,0.2187948375940323
0.5577033758163452,0.7113600969314575,0.06269112974405289
0.43019020557403564,0.7137238383293152,0.036375030875205994
-
0.4852871298789978,0.36484092473983765,-0.46905434131622314
0.4933447539806366,0.35724014043807983,-0.4498143792152405
0.4987451434135437,0.3572468161582947,-0.4497566521167755
0.5033961534500122,0.35724300146102905,-0.44974207878112793
0.4773416221141815,0.3579343259334564,-0.4498617351055145
0.4717453122138977,0.3584509491920471,-0.44991591572761536
0.4667005240917206,0.3588413596153259,-0.4498901069164276
0.5101936459541321,0.3611147999763489,-0.2863187789916992
0.4618408977985382,0.36321699619293213,-0.2908976972103119
0.4960903227329254,0.37279918789863586,-0.4041943848133087
0.4758962392807007,0.3732483983039856,-0.4057030975818634
0.5628836154937744,0.40508612990379333,-0.14346741139888763
0.42539265751838684,0.4057568907737732,-0.1417597383260727
0.6274569630622864,0.4457661509513855,-0.06755046546459198
0.3589121997356415,0.4412689805030823,-0.05464994162321091
0.5671215057373047,0.4799066185951233,-0.18082492053508759
0.4090004861354828,0.47806215286254883,-0.13686831295490265
0.5475862622261047,0.4911564290523529,-0.2188381850719452
0.4215967059135437,0.4887484014034271,-0.16736342012882233
0.5409228205680847,0.4835126996040344,-0.23493798077106476
0.4304988384246826,0.482198566198349,-0.18948395550251007
0.5459718704223633,0.48009175062179565,-0.18575017154216766
0.42847540974617004,0.47854217886924744,-0.14457696676254272
0.5312682390213013,0.5215453505516052,0.0045377095229923725
0.45511001348495483,0.5206537246704102,-0.004607132636010647
0.5319255590438843,0.605754017829895,0.04221748560667038
0.4403008818626404,0.6070564389228821,0.013262392021715641
0.5399177670478821,0.6839786767959595,0.230976402759552
0.4314337968826294,0.6849179267883301,0.20905780792236328
0.5262349843978882,0.694853663444519,0.24022223055362701
0.4391061067581177,0.6931570172309875,0.21859940886497498
0.5577329993247986,0.7113742828369141,0.06257239729166031
0.43023261427879333,0.71371990442276,0.03588443994522095
-
0.4853117763996124,0.36491212248802185,-0.46903106570243835
0.4933626055717468,0.3573009669780731,-0.44980189204216003
0.4987545311450958,0.35729971528053284,-0.44974416494369507
0.5034016370773315,0.35729116201400757,-0.44972965121269226
0.4773619472980499,0.35799503326416016,-0.44984346628189087
0.47176381945610046,0.35850054025650024,-0.44989773631095886
0.46671783924102783,0.35889187455177307,-0.44987207651138306
0.5101979374885559,0.36113664507865906,-0.28630635142326355
0.4618375599384308,0.3632735013961792,-0.2908671498298645
0.4961228370666504,0.3728176951408386,-0.4041449725627899
0.47592294216156006,0.37327539920806885,-0.4056728482246399
0.5628675818443298,0.4050927758216858,-0.14328788220882416
0.42538413405418396,0.4057563841342926,-0.1416199505329132
0.6274604201316833,0.4458100199699402,-0.06666091084480286
0.35891854763031006,0.4412527084350586,-0.054320383816957474
0.5670759081840515,0.4799070954322815,-0.17948512732982635
0.4089440703392029,0.47806110978126526,-0.13643629848957062
0.547450065612793,0.4911562502384186,-0.217404305934906
0.4215177297592163,0.48875266313552856,-0.16684478521347046
0.5407965779304504,0.48351263999938965,-0.23355111479759216
0.4304247200489044,0.4822067618370056,-0.18892066180706024
0.5458579659461975,0.48009294271469116,-0.1844409555196762
0.4284196197986603,0.47855037450790405,-0.14412063360214233
0.5312460660934448,0.5215442180633545,0.004547473043203354
0.45510581135749817,0.5206375122070312,-0.004616888239979744
0.531889796257019,0.6057518720626831,0.04153459146618843
0.44030290842056274,0.6070589423179626,0.012707016430795193
0.5399078130722046,0.6839770078659058,0.2294965535402298
0.4314235746860504,0.684918224811554,0.20759597420692444
0.5262078046798706,0.6948350071907043,0.23857814073562622
0.4390789568424225,0.6931546330451965,0.2169771045446396
0.5577380061149597,0.7114008665084839,0.060573700815439224
0.43027666211128235,0.7137181162834167,0.03409052640199661
-
0.4853172302246094,0.36499202251434326,-0.46952760219573975
0.49336645007133484,0.3573593497276306,-0.45045584440231323
0.49876120686531067,0.35734689235687256,-0.45039838552474976
0.5034084916114807,0.3573306202888489,-0.4503835439682007
0.47736862301826477,0.3580680787563324,-0.45044177770614624
0.4717719554901123,0.3585629165172577,-0.4504964053630829
0.4667280912399292,0.3589545488357544,-0.4504709541797638
0.510202169418335,0.3611487150192261,-0.2870408296585083
0.4618287682533264,0.36333853006362915,-0.2914128303527832
0.4961338937282562,0.37284380197525024,-0.4046369194984436
0.47592994570732117,0.37332451343536377,-0.4060937166213989
0.5628584623336792,0.405102401971817,-0.143516406416893
0.42537689208984375,0.40575751662254333,-0.14189879596233368
0.6274600028991699,0.44583743810653687,-0.06728632748126984
0.35892266035079956,0.4412493109703064,-0.05436438322067261
0.5670672655105591,0.47990965843200684,-0.1822197437286377
0.4089260399341583,0.47806039452552795,-0.13629235327243805
0.547443151473999,0.4911557137966156,-0.22072601318359375
0.4214995801448822,0.488758385181427,-0.16661494970321655
0.5407910943031311,0.4835177958011627,-0.23688757419586182
0.43039199709892273,0.4822131097316742,-0.18864263594150543
0.5458489060401917,0.4800986647605896,-0.18727122247219086
0.42838671803474426,0.4785557687282562,-0.14393605291843414
0.5312181711196899,0.5215510129928589,0.004665294196456671
0.45510223507881165,0.5206357836723328,-0.004734580870717764
0.5318726301193237,0.6057487726211548,0.041889891028404236
0.44031065702438354,0.6070703864097595,0.012551731429994106
0.5398839116096497,0.6839674115180969,0.23042991757392883
0.43141838908195496,0.6849183440208435,0.2074756622314453
0.526191234588623,0.6948238611221313,0.23954527080059052
0.43904632329940796,0.6931535005569458,0.21684856712818146
0.5577868819236755,0.7114012241363525,0.06168993189930916
0.43048298358917236,0.7137153744697571,0.03376804292201996
-
0.4853251278400421,0.36504602432250977,-0.4701123535633087
0.4933720529079437,0.3573956787586212,-0.45118531584739685
0.49876803159713745,0.357376366853714,-0.4511285126209259
0.5034155249595642,0.35735490918159485,-0.45111384987831116
0.4773741364479065,0.35811764001846313,-0.4511188566684723
0.471779465675354,0.35860681533813477,-0.4511742889881134
0.46673762798309326,0.35899850726127625,-0.4511494040489197
0.510206937789917,0.3611549437046051,-0.2878727912902832
0.4618178904056549,0.36338016390800476,-0.2920307517051697
0.4961402416229248,0.3728625178337097,-0.40521499514579773
0.47593969106674194,0.3733614683151245,-0.4065994620323181
0.5628542304039001,0.4051116108894348,-0.14378437399864197
0.4253726601600647,0.40575870871543884,-0.14227476716041565
0.6274626851081848,0.4458674490451813,-0.06809293478727341
0.3589264452457428,0.4412462115287781,-0.0544048510491848
0.567055344581604,0.4799105226993561,-0.18402816355228424
0.4089188575744629,0.4780605435371399,-0.13592591881752014
0.547437310218811,0.49115434288978577,-0.22273053228855133
0.4214901924133301,0.4887631833553314,-0.16607652604579926
0.5407845377922058,0.48352116346359253,-0.23866556584835052
0.430376261472702,0.4822182059288025,-0.18806129693984985
0.5458418726921082,0.48010197281837463,-0.189028799533844
0.4283699095249176,0.47856059670448303,-0.14351527392864227
0.5311947464942932,0.5215567350387573,0.004777042660862207
0.45509108901023865,0.5206339955329895,-0.004845867864787579
0.531853199005127,0.6057451367378235,0.04249303787946701
0.4403172731399536,0.6070725917816162,0.01254452858120203
0.5398434400558472,0.683955729007721,0.23082351684570312
0.43141332268714905,0.6849232912063599,0.20741471648216248
0.5261569023132324,0.6948164701461792,0.23989389836788177
0.4390368163585663,0.6931632161140442,0.2167661041021347
0.5578160881996155,0.7113939523696899,0.06221895292401314
0.43057259917259216,0.7137095928192139,0.0335790291428566
-
0.4853324890136719,0.3650927245616913,-0.47030994296073914
0.493377149105072,0.35742899775505066,-0.4514426290988922
0.49877387285232544,0.3574034571647644,-0.451386034488678
0.5034226179122925,0.35737743973731995,-0.451371431350708
0.4773727059364319,0.35816338658332825,-0.45136159658432007
0.4717801511287689,0.35864704847335815,-0.4514172077178955
0.46674102544784546,0.3590386211872101,-0.4513922929763794
0.5102118849754333,0.3611607551574707,-0.2880801856517792
0.4617975056171417,0.3634223937988281,-0.2921818196773529
0.49614888429641724,0.3728792667388916,-0.405378520488739
0.4759460389614105,0.3733941912651062,-0.40673714876174927
0.5628436803817749,0.405118465423584,-0.14370238780975342
0.42536789178848267,0.4057613015174866,-0.1424642950296402
0.6274650692939758,0.4458874762058258,-0.06796494871377945
0.35892969369888306,0.4412437379360199,-0.05442265421152115
0.5670458078384399,0.4799111783504486,-0.1840139627456665
0.4089079201221466,0.47806137800216675,-0.13548867404460907
0.5474331974983215,0.4911530613899231,-0.22267311811447144
0.42147907614707947,0.48876628279685974,-0.1654871255159378
0.5407797694206238,0.4835274815559387,-0.2386409342288971
0.4303653836250305,0.482221782207489,-0.18747149407863617
0.5458370447158813,0.4801078736782074,-0.1890077143907547
0.4283595085144043,0.4785647988319397,-0.1430385857820511
0.5311658382415771,0.521558940410614,0.0052100419998168945
0.4550745189189911,0.5206324458122253,-0.00527822645381093
0.5318419933319092,0.6057446599006653,0.042883530259132385
0.44031792879104614,0.6070870161056519,0.011938552372157574
0.5398173928260803,0.6839538812637329,0.2311253845691681
0.43140923976898193,0.6849331259727478,0.20644649863243103
0.5261241793632507,0.6948198080062866,0.24016933143138885
0.43902260065078735,0.6931675672531128,0.21569429337978363
0.557947039604187,0.7113942503929138,0.06258350610733032
0.43069490790367126,0.713716447353363,0.0320047102868557
-
0.4853387475013733,0.36513859033584595,-0.4703759551048279
0.4933816194534302,0.3574620485305786,-0.4515375792980194
0.49877890944480896,0.35743048787117004,-0.4514811635017395
0.5034287571907043,0.35740000009536743,-0.4514666795730591
0.47737205028533936,0.35820919275283813,-0.4514656364917755
0.47178107500076294,0.35868746042251587,-0.45152169466018677
0.46674418449401855,0.35907965898513794,-0.451496958732605
0.5102161765098572,0.3611679673194885,-0.28811097145080566
0.4617801606655121,0.36346739530563354,-0.29223212599754333
0.49615478515625,0.3728998303413391,-0.40541088581085205
0.4759525656700134,0.3734307885169983,-0.40676888823509216
0.5628408193588257,0.40512457489967346,-0.14301173388957977
0.42536213994026184,0.4057618975639343,-0.1426113098859787
0.6274669766426086,0.44590750336647034,-0.06650599092245102
0.35893332958221436,0.4412415623664856,-0.0544244721531868
0.5670144557952881,0.47991815209388733,-0.18192040920257568
0.408901184797287,0.4780634045600891,-0.13462266325950623
0.5474252104759216,0.49115386605262756,-0.2205251008272171
0.42147204279899597,0.48876872658729553,-0.16439568996429443
0.5407758355140686,0.4835485517978668,-0.23632706701755524
0.4303531348705292,0.4822250306606293,-0.18640092015266418
0.5458275079727173,0.4801253378391266,-0.18690070509910583
0.42834803462028503,0.4785682260990143,-0.14211899042129517
0.5311487317085266,0.5215617418289185,0.005872081499546766
0.45505958795547485,0.5206283330917358,-0.005937275011092424
0.5318343639373779,0.6057420969009399,0.04385965317487717
0.44031837582588196,0.6070953607559204,0.010791500099003315
0.539768636226654,0.6839522123336792,0.2313636839389801
0.43140342831611633,0.6849536895751953,0.20368199050426483
0.5260652899742126,0.6948217153549194,0.2403368055820465
0.43900352716445923,0.6931943297386169,0.21263302862644196
0.558021605014801,0.7113913297653198,0.06278259307146072
0.4307999610900879,0.7137160301208496,0.02799803763628006
-
0.485342413187027,0.365206241607666,-0.4722389578819275
0.4933831989765167,0.35751184821128845,-0.4533965587615967
0.4987809360027313,0.3574751615524292,-0.45333999395370483
0.5034334063529968,0.3574407696723938,-0.45332586765289307
0.4773651957511902,0.35826629400253296,-0.4533982574939728
0.4717782735824585,0.3587343990802765,-0.45345577597618103
0.46674415469169617,0.359125554561615,-0.4534320533275604
0.5102202892303467,0.36118417978286743,-0.28919509053230286
0.46176913380622864,0.3635075092315674,-0.29358258843421936
0.4961628317832947,0.3729345500469208,-0.40691515803337097
0.475955069065094,0.37348300218582153,-0.4083378314971924
0.5628260970115662,0.40513506531715393,-0.14301075041294098
0.4253571331501007,0.405764639377594,-0.1437969207763672
0.6274704933166504,0.4459225535392761,-0.06647440791130066
0.35893622040748596,0.4412391781806946,-0.05546873062849045
0.5670082569122314,0.4799240231513977,-0.18237264454364777
0.40889421105384827,0.4780716896057129,-0.13576841354370117
0.5474205613136292,0.4911561608314514,-0.22127166390419006
0.4214670956134796,0.48877254128456116,-0.16579148173332214
0.5407750606536865,0.48357129096984863,-0.2370886504650116
0.4303402900695801,0.48222875595092773,-0.1879681944847107
0.5458228588104248,0.48014241456985474,-0.18741688132286072
0.4283392131328583,0.4785746932029724,-0.14330759644508362
0.5311448574066162,0.5215628743171692,0.006433113943785429
0.45505452156066895,0.5206266641616821,-0.006499207578599453
0.5318207144737244,0.6057487726211548,0.04431241750717163
0.4403117597103119,0.6071407794952393,0.010491859167814255
0.5397641658782959,0.6839552521705627,0.232954740524292
0.4313838481903076,0.6849780678749084,0.2037423700094223
0.5260571837425232,0.6948578357696533,0.242011159658432
0.4389837086200714,0.6932075619697571,0.212714284658432
0.5582395195960999,0.711382269859314,0.06384920328855515
0.4308646023273468,0.713716447353363,0.02818457782268524
-
0.4853419065475464,0.3652583658695221,-0.47236132621765137
0.49338221549987793,0.357549786567688,-0.4535427391529083
0.4987820088863373,0.35750794410705566,-0.45348620414733887
0.5034373998641968,0.3574690520763397,-0.4534720480442047
0.4773479998111725,0.3583138585090637,-0.4534958600997925
0.4717673063278198,0.35877448320388794,-0.45355331897735596
0.46673572063446045,0.3591651916503906,-0.45352956652641296
0.510223388671875,0.3611927628517151,-0.2893686890602112
0.4617559313774109,0.3635396361351013,-0.2935869097709656
0.49616944789886475,0.3729607164859772,-0.4070515036582947
0.4759507477283478,0.3735226094722748,-0.40841424465179443
0.5628222823143005,0.40514642000198364,-0.1430138200521469
0.4253537952899933,0.40576472878456116,-0.14380504190921783
0.6274726986885071,0.44594502449035645,-0.06658586114645004
0.358939528465271,0.44123682379722595,-0.05559220910072327
0.5669403672218323,0.4799346923828125,-0.18286149203777313
0.40888798236846924,0.4780758023262024,-0.13623224198818207
0.5473715662956238,0.4911564290523529,-0.2218385487794876
0.42146268486976624,0.4887751638889313,-0.1663314253091812
0.5407370924949646,0.48358073830604553,-0.23743514716625214
0.43033090233802795,0.48223167657852173,-0.18846121430397034
0.5457833409309387,0.48015475273132324,-0.18782760202884674
0.42833268642425537,0.47857722640037537,-0.14376796782016754
0.5311383008956909,0.521565854549408,0.0065319715067744255
0.45505061745643616,0.520627498626709,-0.006598764564841986
0.5318098664283752,0.6057562828063965,0.04430260881781578
0.4403008222579956,0.607169508934021,0.010399782098829746
0.5397465229034424,0.6839569807052612,0.23287352919578552
0.431348979473114,0.6850124001502991,0.2038014978170395
0.5260317325592041,0.6948719620704651,0.24191594123840332
0.4389658272266388,0.6932386159896851,0.21278561651706696
0.5583208203315735,0.7113599181175232,0.06383466720581055
0.43088653683662415,0.7137175798416138,0.028276504948735237
-
0.48533567786216736,0.3652897775173187,-0.47301816940307617
0.4933762550354004,0.35757291316986084,-0.4542444050312042
0.4987805187702179,0.3575279414653778,-0.4541876018047333
0.5034403800964355,0.3574855923652649,-0.45417335629463196
0.47731733322143555,0.3583468198776245,-0.45411965250968933
0.4717455506324768,0.3588041663169861,-0.45417746901512146
0.46671754121780396,0.3591955304145813,-0.45415374636650085
0.5102266669273376,0.3611987233161926,-0.29015132784843445
0.4617381691932678,0.3635663390159607,-0.29402604699134827
0.4961731731891632,0.37297767400741577,-0.4077405631542206
0.47593817114830017,0.3735516667366028,-0.4089963138103485
0.5628198385238647,0.40515875816345215,-0.14334386587142944
0.4253503084182739,0.405766099691391,-0.14420542120933533
0.6274746656417847,0.44596463441848755,-0.0675639733672142
0.3589426279067993,0.4412347376346588,-0.056138504296541214
0.5668861865997314,0.47994232177734375,-0.18444155156612396
0.40888234972953796,0.4780794680118561,-0.13690297305583954
0.547332227230072,0.491156667470932,-0.22352910041809082
0.4214570224285126,0.4887775778770447,-0.16703550517559052
0.5406970381736755,0.4835902154445648,-0.23881760239601135
0.4303228557109833,0.4822341799736023,-0.18909551203250885
0.5457437038421631,0.48016658425331116,-0.18928609788417816
0.4283231496810913,0.47858041524887085,-0.14442001283168793
0.5311338901519775,0.5215715765953064,0.0066338153555989265
0.4550471305847168,0.5206314921379089,-0.006701346021145582
0.5318006277084351,0.6057597994804382,0.04444475844502449
0.4402856230735779,0.60719233751297,0.010397069156169891
0.5397414565086365,0.6839572191238403,0.23310160636901855
0.4313378632068634,0.6850422620773315,0.20382076501846313
0.5260198712348938,0.6948840618133545,0.2421424388885498
0.4389604330062866,0.6932669878005981,0.21280114352703094
0.5583869218826294,0.7113237977027893,0.06406824290752411
0.43089306354522705,0.7137176990509033,0.028393326327204704
-
0.4852994680404663,0.36530381441116333,-0.47324153780937195
0.4933461546897888,0.35758501291275024,-0.4545195400714874
0.4987633526325226,0.3575402498245239,-0.45446208119392395
0.5034360289573669,0.3574976325035095,-0.45444777607917786
0.4772564470767975,0.35836246609687805,-0.45430463552474976
0.47170290350914,0.3588181436061859,-0.4543628394603729
0.46668505668640137,0.35920897126197815,-0.4543391764163971
0.5102295279502869,0.36120930314064026,-0.29074665904045105
0.461717426776886,0.36357802152633667,-0.29416999220848083
0.49614807963371277,0.3729883134365082,-0.40808215737342834
0.47589021921157837,0.3735673725605011,-0.40921440720558167
0.562814474105835,0.40516766905784607,-0.143830806016922
0.425346702337265,0.40576642751693726,-0.14442236721515656
0.62747722864151,0.4459783136844635,-0.06860853731632233
0.3589462637901306,0.4412328600883484,-0.05674687400460243
0.5668346285820007,0.47994574904441833,-0.18500001728534698
0.4088752865791321,0.47808241844177246,-0.1378830522298813
0.5472996234893799,0.49115410447120667,-0.22398124635219574
0.42145246267318726,0.48877963423728943,-0.1680569350719452
0.5406500101089478,0.48359203338623047,-0.23910388350486755
0.4303120970726013,0.48223599791526794,-0.18995437026023865
0.5456972718238831,0.4801713526248932,-0.1897411197423935
0.4283066987991333,0.4785834848880768,-0.14535684883594513
0.5311287641525269,0.5215729475021362,0.006663821637630463
0.45504239201545715,0.5206307768821716,-0.006732095032930374
0.5317855477333069,0.6057552695274353,0.044523801654577255
0.4402810335159302,0.6072004437446594,0.010386059060692787
0.5397337675094604,0.6839576959609985,0.23285283148288727
0.43133074045181274,0.6850850582122803,0.20352192223072052
0.5260027050971985,0.6949013471603394,0.24180403351783752
0.438957542181015,0.6933313012123108,0.21244104206562042
0.5584201216697693,0.7112731337547302,0.06374867260456085
0.43090084195137024,0.7137176394462585,0.02790217101573944
-
0.48524555563926697,0.36532196402549744,-0.4730972349643707
0.49329325556755066,0.35760197043418884,-0.4544169008731842
0.49872660636901855,0.35755667090415955,-0.454359233379364
0.5034180283546448,0.3575139045715332,-0.45434460043907166
0.47717514634132385,0.35838383436203003,-0.45415544509887695
0.4716453552246094,0.3588358163833618,-0.4542137086391449
0.46664416790008545,0.35922563076019287,-0.45419007539749146
0.5102258920669556,0.3612228035926819,-0.2907368838787079
0.46169018745422363,0.3635930120944977,-0.2939893901348114
0.4961022138595581,0.3729976713657379,-0.40798860788345337
0.4758281707763672,0.3735813498497009,-0.4090563952922821
0.5627994537353516,0.4051719605922699,-0.14371530711650848
0.425338476896286,0.4057696461677551,-0.1444012075662613
0.6274790167808533,0.44598421454429626,-0.0684305727481842
0.35896289348602295,0.4412308633327484,-0.0567365363240242
0.5667869448661804,0.479947030544281,-0.18457122147083282
0.40887102484703064,0.47808700799942017,-0.1378483921289444
0.5472720861434937,0.4911508560180664,-0.22352856397628784
0.42144596576690674,0.4887808859348297,-0.16801072657108307
0.540624737739563,0.4835945665836334,-0.23851722478866577
0.43030208349227905,0.48223787546157837,-0.1899155080318451
0.5456690788269043,0.4801742136478424,-0.1892632097005844
0.42829611897468567,0.47858723998069763,-0.14532439410686493
0.5311239957809448,0.5215736627578735,0.00685171689838171
0.4550429880619049,0.5206236243247986,-0.006921827793121338
0.5317760705947876,0.6057529449462891,0.04450184851884842
0.44028154015541077,0.6072095036506653,0.010310525074601173
0.5397084355354309,0.6839617490768433,0.23224057257175446
0.431318998336792,0.6850966215133667,0.2035129964351654
0.5259786248207092,0.6949359178543091,0.2410995066165924
0.438951700925827,0.6933389902114868,0.2124423086643219
0.5584694147109985,0.7112642526626587,0.06304764002561569
0.43093177676200867,0.7137176990509033,0.027905508875846863
-
0.4851856231689453,0.3653314709663391,-0.47275084257125854
0.49323466420173645,0.35761022567749023,-0.45412343740463257
0.4986874461174011,0.3575648069381714,-0.45406532287597656
0.50339674949646,0.3575221002101898,-0.4540500342845917
0.47708287835121155,0.35839730501174927,-0.4537753760814667
0.4715782701969147,0.35884764790534973,-0.45383360981941223
0.4665970802307129,0.3592371344566345,-0.45380985736846924
0.5102238059043884,0.36123043298721313,-0.2906300127506256
0.4616678059101105,0.3636032044887543,-0.293521910905838
0.4960536062717438,0.37300196290016174,-0.4077318012714386
0.47576311230659485,0.37359076738357544,-0.40868374705314636
0.562785267829895,0.4051763117313385,-0.14343759417533875
0.42533203959465027,0.40577465295791626,-0.14425382018089294
0.6274809241294861,0.4459877610206604,-0.06785320490598679
0.3589872121810913,0.4412292540073395,-0.05643997713923454
0.5667238235473633,0.47994858026504517,-0.18347004055976868
0.4088665544986725,0.47808998823165894,-0.137070894241333
0.5472368001937866,0.49114537239074707,-0.2223660945892334
0.42143410444259644,0.4887806475162506,-0.1671554297208786
0.540597677230835,0.4835960268974304,-0.2372319996356964
0.4302941560745239,0.4822392463684082,-0.1891273558139801
0.5456374883651733,0.48017603158950806,-0.1881086528301239
0.4282900393009186,0.4785892069339752,-0.14457440376281738
0.5311203598976135,0.5215834379196167,0.007098734378814697
0.4550428092479706,0.5206243395805359,-0.007170370779931545
0.531769871711731,0.6057525873184204,0.044794272631406784
0.44028204679489136,0.607229471206665,0.010181501507759094
0.5396714806556702,0.6839624643325806,0.23335838317871094
0.4313143491744995,0.6850986480712891,0.20353928208351135
0.5259362459182739,0.6949414014816284,0.24235354363918304
0.43894827365875244,0.6933407187461853,0.21247310936450958
0.5584955811500549,0.7112554311752319,0.06457678973674774
0.43097493052482605,0.7137175798416138,0.027959944680333138
-
0.48508957028388977,0.3653588891029358,-0.4723239541053772
0.4931287169456482,0.35763147473335266,-0.45381808280944824
0.49862268567085266,0.35758501291275024,-0.45375972986221313
0.503359317779541,0.357543021440506,-0.4537438154220581
0.4769320487976074,0.3584247827529907,-0.4533330798149109
0.47147682309150696,0.3588690459728241,-0.4533914029598236
0.466532438993454,0.35925695300102234,-0.45336833596229553
0.5102206468582153,0.3612439036369324,-0.29060932993888855
0.46165144443511963,0.3636156916618347,-0.2929917573928833
0.4959922432899475,0.3730168044567108,-0.40745052695274353
0.4756748676300049,0.3736177086830139,-0.40821176767349243
0.5627697706222534,0.40517908334732056,-0.14335736632347107
0.42532798647880554,0.40577706694602966,-0.14407768845558167
0.62748122215271,0.44599246978759766,-0.06779161095619202
0.3590048551559448,0.4412274956703186,-0.05627802386879921
0.5667163133621216,0.47995004057884216,-0.18346650898456573
0.40886253118515015,0.478095144033432,-0.1369459182024002
0.5472292304039001,0.4911412298679352,-0.22236302495002747
0.4214259386062622,0.48878130316734314,-0.16706059873104095
0.5405908226966858,0.4835975766181946,-0.23724444210529327
0.430288702249527,0.4822404980659485,-0.18905951082706451
0.5456292033195496,0.4801778197288513,-0.18810850381851196
0.4282824695110321,0.47859352827072144,-0.14447133243083954
0.5311136245727539,0.5215884447097778,0.007229542825371027
0.45504045486450195,0.5206238031387329,-0.007302356418222189
0.5317638516426086,0.6057540774345398,0.04489919915795326
0.4402807056903839,0.6072567701339722,0.01017247699201107
0.5396374464035034,0.6839648485183716,0.23362486064434052
0.4313095808029175,0.6851032376289368,0.2036125808954239
0.5259023308753967,0.6949493288993835,0.24264439940452576
0.438944548368454,0.6933457255363464,0.21256713569164276
0.5585023164749146,0.7112504243850708,0.0649225264787674
0.4310053586959839,0.7137194871902466,0.02802172675728798
-
0.4849754869937897,0.36538124084472656,-0.4720592796802521
0.49300894141197205,0.357649564743042,-0.45362600684165955
0.49854809045791626,0.35760295391082764,-0.4535673260688782
0.5033131837844849,0.3575628101825714,-0.45355096459388733
0.4767765402793884,0.35844677686691284,-0.4530629515647888
0.47137129306793213,0.3588859736919403,-0.4531210660934448
0.4664633572101593,0.35927221179008484,-0.45309820771217346
0.5102164149284363,0.3612593710422516,-0.2905750274658203
0.46163108944892883,0.3636240065097809,-0.29261425137519836
0.4959109425544739,0.37302982807159424,-0.40724796056747437
0.4755682647228241,0.3736380338668823,-0.4078948497772217
0.5627562999725342,0.405181884765625,-0.14318230748176575
0.4253055155277252,0.4057796001434326,-0.14395208656787872
0.6274794340133667,0.4459988474845886,-0.06753838807344437
0.3590407371520996,0.44124722480773926,-0.056216225028038025
0.5667028427124023,0.4799507260322571,-0.18346334993839264
0.4088802635669708,0.47810426354408264,-0.1370008885860443
0.547234833240509,0.4911390244960785,-0.22238285839557648
0.4214259684085846,0.48878008127212524,-0.16718758642673492
0.5405974984169006,0.4835994839668274,-0.23729032278060913
0.4302873909473419,0.4822418689727783,-0.1892492026090622
0.5456283092498779,0.48017939925193787,-0.18810901045799255
0.42828577756881714,0.47859811782836914,-0.1445537805557251
0.5311099886894226,0.5215929746627808,0.007456762250512838
0.4550407826900482,0.5206235647201538,-0.007531679235398769
0.5317586064338684,0.6057568788528442,0.04487399011850357
0.44028064608573914,0.6072838306427002,0.010014483705163002
0.5396109819412231,0.6839686632156372,0.23379972577095032
0.4313012361526489,0.6851061582565308,0.20376382768154144
0.5258818864822388,0.694963812828064,0.242875337600708
0.43892887234687805,0.6933465600013733,0.21278834342956543
0.5585474371910095,0.7112482786178589,0.06514717638492584
0.43107616901397705,0.7137215733528137,0.028207439929246902
-
0.4848794639110565,0.36539700627326965,-0.46996650099754333
0.49289581179618835,0.3576657772064209,-0.4517509937286377
0.49847161769866943,0.35761910676956177,-0.4516938030719757
0.5032644867897034,0.3575812578201294,-0.4516771137714386
0.47665145993232727,0.35846513509750366,-0.45102742314338684
0.4712899625301361,0.35890015959739685,-0.4510851204395294
0.46641218662261963,0.3592851459980011,-0.4510640501976013
0.5102077722549438,0.3612755835056305,-0.2898291349411011
0.46161890029907227,0.3636338710784912,-0.29114028811454773
0.4958363473415375,0.37304264307022095,-0.4056014120578766
0.47548919916152954,0.37365642189979553,-0.40601760149002075
0.5627405047416687,0.4051867127418518,-0.14294268190860748
0.4252934455871582,0.4057801365852356,-0.1431506723165512
0.6274784803390503,0.446004718542099,-0.06768102943897247
0.3590613603591919,0.4412608742713928,-0.055523574352264404
0.5667111277580261,0.4799479842185974,-0.18504774570465088
0.4088900685310364,0.4781118333339691,-0.13650000095367432
0.5472844243049622,0.4911332130432129,-0.22443218529224396
0.42143020033836365,0.4887789785861969,-0.16664667427539825
0.5406526923179626,0.4836001992225647,-0.23945681750774384
0.43029260635375977,0.4822429120540619,-0.18877610564231873
0.5456830859184265,0.48017987608909607,-0.18977317214012146
0.42828914523124695,0.478600412607193,-0.14407579600811005
0.5311057567596436,0.5215944051742554,0.007507896516472101
0.45504215359687805,0.5206220149993896,-0.0075830076821148396
0.5317553877830505,0.6057555675506592,0.044853709638118744
0.44027969241142273,0.6072887182235718,0.009999748319387436
0.539588987827301,0.6839720606803894,0.22907215356826782
0.43129587173461914,0.6851082444190979,0.20197422802448273
0.5257988572120667,0.6949864625930786,0.23744076490402222
0.43892401456832886,0.6933571100234985,0.21073167026042938
0.5586550831794739,0.7112467288970947,0.06033371388912201
0.43108314275741577,0.7137255072593689,0.026946650817990303
-
0.4847525358200073,0.3654002547264099,-0.4689323902130127
0.4927443265914917,0.3576695919036865,-0.4508214592933655
0.498371958732605,0.35762259364128113,-0.45076438784599304
0.5031996369361877,0.357584148645401,-0.45074716210365295
0.47650277614593506,0.35846900939941406,-0.44995760917663574
0.4711991250514984,0.35890454053878784,-0.4500150978565216
0.46635717153549194,0.35929009318351746,-0.44999492168426514
0.5101980566978455,0.36127814650535583,-0.28958001732826233
0.4616137742996216,0.3636382222175598,-0.29029107093811035
0.49571457505226135,0.3730461299419403,-0.40485328435897827
0.4753890037536621,0.37365904450416565,-0.40508514642715454
0.5627179741859436,0.4051893353462219,-0.1429198980331421
0.4252828061580658,0.40577831864356995,-0.1426292359828949
0.6274787187576294,0.4460087716579437,-0.06803630292415619
0.3590884804725647,0.4412820339202881,-0.05517079681158066
0.5667470097541809,0.47993960976600647,-0.18621790409088135
0.4089008867740631,0.478116512298584,-0.13646629452705383
0.5473400354385376,0.4911261200904846,-0.22570854425430298
0.421432763338089,0.4887780547142029,-0.16661842167377472
0.5407247543334961,0.4835994839668274,-0.24072100222110748
0.4302968382835388,0.4822438657283783,-0.1887502819299698
0.5457707643508911,0.4801787734031677,-0.19093020260334015
0.42829495668411255,0.4786028265953064,-0.14404629170894623
0.5311024785041809,0.5215959548950195,0.007515001110732555
0.4550410807132721,0.5206195712089539,-0.007590292487293482
0.5317497849464417,0.6057401895523071,0.04485052078962326
0.44027552008628845,0.6072934865951538,0.010006573982536793
0.5395478010177612,0.6839724183082581,0.22700908780097961
0.43129128217697144,0.6851112246513367,0.20096634328365326
0.5257183313369751,0.6949893236160278,0.23513983190059662
0.4389238655567169,0.6933683156967163,0.20957690477371216
0.5587059259414673,0.7112413644790649,0.05834602937102318
0.43108659982681274,0.7137285470962524,0.026279311627149582
-
0.4846206605434418,0.3654111325740814,-0.4679693877696991
0.49258095026016235,0.35767629742622375,-0.449967622756958
0.4982542395591736,0.3576282858848572,-0.44991084933280945
0.5031186938285828,0.35759031772613525,-0.4498932361602783
0.47635266184806824,0.3584739863872528,-0.44898977875709534
0.47110992670059204,0.3589074909687042,-0.4490475058555603
0.46630510687828064,0.3592941462993622,-0.44902944564819336
0.5101729035377502,0.36128097772598267,-0.2893078029155731
0.46160888671875,0.3636404573917389,-0.2894376218318939
0.4955765902996063,0.3730536103248596,-0.4041060507297516
0.475290983915329,0.3736688494682312,-0.4041677713394165
0.562694251537323,0.4051918387413025,-0.1428239643573761
0.4252755343914032,0.40576687455177307,-0.1421988308429718
0.6274788975715637,0.44600144028663635,-0.06830962002277374
0.35910725593566895,0.44129323959350586,-0.055074695497751236
0.5668538808822632,0.47992056608200073,-0.1880323886871338
0.40890997648239136,0.47812119126319885,-0.1368093341588974
0.547461211681366,0.4911041259765625,-0.22785471379756927
0.42143580317497253,0.4887778162956238,-0.16711731255054474
0.5408785939216614,0.4835919737815857,-0.24307015538215637
0.4303002655506134,0.48224419355392456,-0.18932920694351196
0.5459636449813843,0.4801698327064514,-0.1928638517856598
0.4282974600791931,0.4786054491996765,-0.1444370597600937
0.5310990214347839,0.52159583568573,0.0075486949644982815
0.4550401568412781,0.5206116437911987,-0.007624246645718813
0.5317460298538208,0.605725109577179,0.044845957309007645
0.4402656853199005,0.6072982549667358,0.009957690723240376
0.5395163893699646,0.683973491191864,0.22515305876731873
0.43128687143325806,0.6851158142089844,0.19957026839256287
0.5256579518318176,0.6949935555458069,0.23310032486915588
0.43892449140548706,0.6933866739273071,0.20803014934062958
0.5587577223777771,0.7112388610839844,0.056329090148210526
0.4310906231403351,0.7137285470962524,0.024974266067147255
-
0.48450663685798645,0.3654190003871918,-0.4677521288394928
0.4924243986606598,0.3576807975769043,-0.44979146122932434
0.4981353282928467,0.35763174295425415,-0.449734628200531
0.5030345320701599,0.3575940728187561,-0.4497167468070984
0.476222962141037,0.35847708582878113,-0.44876834750175476
0.4710366427898407,0.35891103744506836,-0.4488264322280884
0.4662645161151886,0.3592981994152069,-0.44880935549736023
0.5101354122161865,0.36128419637680054,-0.28930240869522095
0.4616037607192993,0.36364081501960754,-0.2892122268676758
0.49544140696525574,0.37306302785873413,-0.4039594531059265
0.47521811723709106,0.3736812174320221,-0.40395036339759827
0.5626879334449768,0.40519362688064575,-0.14281988143920898
0.42526355385780334,0.4057592749595642,-0.14213019609451294
0.6274790167808533,0.44598594307899475,-0.06846647709608078
0.35912173986434937,0.4413163661956787,-0.05507281795144081
0.5670950412750244,0.4798770844936371,-0.1891208291053772
0.408935010433197,0.4781305193901062,-0.13751079142093658
0.5477738976478577,0.4910701811313629,-0.22913163900375366
0.4214434325695038,0.488778293132782,-0.1680566370487213
0.5412217974662781,0.4835754930973053,-0.2446189820766449
0.4303029775619507,0.4822441637516022,-0.19040773808956146
0.5463494658470154,0.48014646768569946,-0.19407659769058228
0.42829862236976624,0.4786073565483093,-0.14521847665309906
0.531096339225769,0.521595299243927,0.007633709814399481
0.4550388753414154,0.5206056833267212,-0.007709852419793606
0.5317426323890686,0.6056970357894897,0.0448438785970211
0.44026094675064087,0.6073020696640015,0.009855671785771847
0.5394962430000305,0.6839734315872192,0.22476311028003693
0.43127602338790894,0.6851184368133545,0.19904810190200806
0.5256245136260986,0.6949971914291382,0.23272350430488586
0.43892237544059753,0.6933978796005249,0.20750366151332855
0.5588210821151733,0.7112234234809875,0.05585864558815956
0.43109390139579773,0.7137147784233093,0.024451395496726036
-
0.48443955183029175,0.36542466282844543,-0.46720176935195923
0.4923214912414551,0.3576855957508087,-0.44924110174179077
0.4980677664279938,0.35763654112815857,-0.4491839110851288
0.5029901266098022,0.3575989902019501,-0.44916635751724243
0.47611871361732483,0.358481764793396,-0.4482133090496063
0.47097769379615784,0.35891491174697876,-0.4482709765434265
0.4662335216999054,0.35930049419403076,-0.4482535421848297
0.5101209282875061,0.3612862825393677,-0.28886619210243225
0.46159857511520386,0.36363258957862854,-0.28859612345695496
0.4953843057155609,0.3730710744857788,-0.40339934825897217
0.47518256306648254,0.37368887662887573,-0.4033701717853546
0.5626825094223022,0.4051958918571472,-0.1421726495027542
0.4252585470676422,0.4057532846927643,-0.14170971512794495
0.6274831295013428,0.44597283005714417,-0.06739982962608337
0.35912612080574036,0.44132763147354126,-0.05502249300479889
0.5672513246536255,0.47984781861305237,-0.18770623207092285
0.4089890420436859,0.4781404435634613,-0.13833466172218323
0.5479502081871033,0.49104371666908264,-0.22764421999454498
0.4214784801006317,0.4887777268886566,-0.16911152005195618
0.5414544343948364,0.4835604131221771,-0.24318087100982666
0.43033167719841003,0.4822424054145813,-0.1915099024772644
0.5465710759162903,0.4801258146762848,-0.19264431297779083
0.4283224642276764,0.4786086082458496,-0.1460956186056137
0.5310936570167542,0.5215919017791748,0.007666034623980522
0.45503494143486023,0.5205970406532288,-0.007742799818515778
0.5317396521568298,0.6056792736053467,0.04440116882324219
0.44025975465774536,0.6073043942451477,0.009616057388484478
0.5394582748413086,0.6839746236801147,0.2235986292362213
0.4312713146209717,0.6851204037666321,0.1987079232931137
0.5255634784698486,0.695022463798523,0.2315344512462616
0.43892037868499756,0.6934004426002502,0.20718564093112946
0.5588296055793762,0.7111905813217163,0.05425209924578667
0.4310981333255768,0.7137149572372437,0.024080663919448853
-
0.48436403274536133,0.36542922258377075,-0.46703869104385376
0.4922056794166565,0.35768815875053406,-0.4490765333175659
0.49799004197120667,0.3576393723487854,-0.44901910424232483
0.5029388666152954,0.3576022982597351,-0.4490014314651489
0.47600945830345154,0.3584841191768646,-0.44803881645202637
0.4709136486053467,0.3589162230491638,-0.4480963945388794
0.46619653701782227,0.3592991530895233,-0.448078989982605
0.510100245475769,0.36128631234169006,-0.28878340125083923
0.46159493923187256,0.3636201322078705,-0.2884073555469513
0.4953148365020752,0.3730759024620056,-0.40324774384498596
0.47513580322265625,0.3736923635005951,-0.40320533514022827
0.562678337097168,0.4051976799964905,-0.14214426279067993
0.42525434494018555,0.40574902296066284,-0.14160166680812836
0.6274846196174622,0.4459660053253174,-0.06740275770425797
0.3591327667236328,0.4413381516933441,-0.055106014013290405
0.5672682523727417,0.47983846068382263,-0.1876172423362732
0.4090460538864136,0.47814804315567017,-0.13950708508491516
0.5479535460472107,0.49101343750953674,-0.22752666473388672
0.4215533435344696,0.4887743890285492,-0.17041946947574615
0.5414778590202332,0.48353710770606995,-0.24299922585487366
0.4303613305091858,0.48223811388015747,-0.19268351793289185
0.5465962886810303,0.4801076352596283,-0.19251738488674164
0.4283480644226074,0.47860845923423767,-0.1472453624010086
0.531091570854187,0.5215926170349121,0.007669421844184399
0.4550337791442871,0.5205957889556885,-0.007746467832475901
0.5317369699478149,0.6056579351425171,0.04421979933977127
0.44025883078575134,0.607306957244873,0.009575417265295982
0.5394280552864075,0.6839756965637207,0.22334548830986023
0.4312632977962494,0.6851282119750977,0.19854705035686493
0.5255158543586731,0.695042073726654,0.23132053017616272
0.43891867995262146,0.6934177279472351,0.207039013504982
0.5588422417640686,0.7111680507659912,0.05402605980634689
0.43110132217407227,0.7137165069580078,0.02398580126464367
-
0.48425614833831787,0.36542636156082153,-0.4660930931568146
0.49205029010772705,0.3576863706111908,-0.448228657245636
0.49789169430732727,0.3576391935348511,-0.44817009568214417
0.5028715133666992,0.3576037585735321,-0.4481521248817444
0.47587066888809204,0.35848337411880493,-0.44706061482429504
0.47083601355552673,0.3589148223400116,-0.4471179246902466
0.4661515951156616,0.3592947721481323,-0.4471004009246826
0.5100815892219543,0.3612836003303528,-0.28845369815826416
0.46159031987190247,0.36360299587249756,-0.2874789535999298
0.49523892998695374,0.3730796277523041,-0.4025053381919861
0.4750785827636719,0.373696506023407,-0.40229278802871704
0.562673032283783,0.4051992893218994,-0.14198853075504303
0.42525583505630493,0.40574273467063904,-0.14128068089485168
0.6274840831756592,0.4459627568721771,-0.06716335564851761
0.3591387867927551,0.4413440227508545,-0.05515900254249573
0.5672821998596191,0.4798334538936615,-0.18547238409519196
0.40912315249443054,0.47815361618995667,-0.1399410516023636
0.547961413860321,0.49099332094192505,-0.22477467358112335
0.42164990305900574,0.488760769367218,-0.17080910503864288
0.5415088534355164,0.48352155089378357,-0.23986123502254486
0.430411696434021,0.4822250306606293,-0.19288721680641174
0.5466204881668091,0.48009759187698364,-0.19013002514839172
0.4283866584300995,0.4786044955253601,-0.14761075377464294
0.5310875177383423,0.5215941071510315,0.007705570664256811
0.45503097772598267,0.5205946564674377,-0.00778405275195837
0.5317347049713135,0.605638861656189,0.04372407868504524
0.44025781750679016,0.6073092222213745,0.009250441566109657
0.539388120174408,0.6839773058891296,0.22216667234897614
0.43125271797180176,0.6851304769515991,0.197565495967865
0.5254631042480469,0.695067286491394,0.23011574149131775
0.43890655040740967,0.69342041015625,0.20604108273983002
0.5588480830192566,0.711155891418457,0.05299016088247299
0.4311133921146393,0.7137159705162048,0.023274479433894157
-
0.4841476082801819,0.3654232621192932,-0.4657226502895355
0.4919254779815674,0.35768574476242065,-0.4478967487812042
0.4978124797344208,0.3576396107673645,-0.4478376507759094
0.5028173923492432,0.35760563611984253,-0.4478195905685425
0.4757542610168457,0.35848385095596313,-0.44667646288871765
0.4707692563533783,0.35891473293304443,-0.44673389196395874
0.4661118686199188,0.3592926859855652,-0.4467167258262634
0.5100695490837097,0.36128419637680054,-0.28831133246421814
0.4615863263607025,0.36359041929244995,-0.28703612089157104
0.49515506625175476,0.37308377027511597,-0.4021916389465332
0.4750162661075592,0.373700350522995,-0.40190503001213074
0.56266850233078,0.4052007794380188,-0.14187487959861755
0.42525309324264526,0.4057360291481018,-0.14111238718032837
0.627481997013092,0.4459543824195862,-0.06671013683080673
0.3591441214084625,0.4413509964942932,-0.055375099182128906
0.5672909617424011,0.4798230230808258,-0.18338152766227722
0.4091441333293915,0.4781557023525238,-0.14137671887874603
0.5479644536972046,0.49097195267677307,-0.2223549336194992
0.42170029878616333,0.48874539136886597,-0.17244836688041687
0.5415188670158386,0.48350709676742554,-0.23744453489780426
0.43043696880340576,0.4822106957435608,-0.19441097974777222
0.546626627445221,0.4800858497619629,-0.18796537816524506
0.42840006947517395,0.47859829664230347,-0.14905431866645813
0.5310845375061035,0.5215964913368225,0.00773483794182539
0.4550188183784485,0.5205935835838318,-0.007814045995473862
0.5317369103431702,0.6056111454963684,0.04363631457090378
0.44025662541389465,0.6073101758956909,0.009075533598661423
0.5393623113632202,0.6839791536331177,0.22154808044433594
0.43124762177467346,0.6851378679275513,0.19670893251895905
0.5254374146461487,0.6950918436050415,0.2294425368309021
0.43890491127967834,0.6934331655502319,0.20512975752353668
0.5588505864143372,0.7111242413520813,0.052361276000738144
0.4311302900314331,0.7137138843536377,0.022478856146335602
-
0.4840887784957886,0.36539992690086365,-0.4657423794269562
0.49183374643325806,0.3576720654964447,-0.44786009192466736
0.4977489411830902,0.3576306998729706,-0.447801411151886
0.5027750730514526,0.3576013147830963,-0.4477834403514862
0.475676953792572,0.3584735691547394,-0.4466707110404968
0.470724880695343,0.35890600085258484,-0.44672825932502747
0.466086208820343,0.35928139090538025,-0.44671157002449036
0.5100484490394592,0.36128222942352295,-0.2879650890827179
0.4615834951400757,0.3635713458061218,-0.28680169582366943
0.4951239228248596,0.37308621406555176,-0.40214136242866516
0.4749859571456909,0.3736935257911682,-0.40188926458358765
0.5626575350761414,0.4051986336708069,-0.14133979380130768
0.42524275183677673,0.40573492646217346,-0.14093367755413055
0.6274706721305847,0.44593650102615356,-0.06583887338638306
0.35913747549057007,0.4413560926914215,-0.0555739626288414
0.5673147439956665,0.4797789454460144,-0.18315137922763824
0.40913835167884827,0.47815829515457153,-0.14418530464172363
0.5479848384857178,0.4909183979034424,-0.22229401767253876
0.4216999113559723,0.48873862624168396,-0.17606806755065918
0.5415488481521606,0.4834607243537903,-0.23750479519367218
0.43043437600135803,0.48219457268714905,-0.19862952828407288
0.546649158000946,0.480034738779068,-0.18785804510116577
0.4283871054649353,0.47859054803848267,-0.15220630168914795
0.5310817360877991,0.5215969681739807,0.007746715098619461
0.4549959897994995,0.5205931067466736,-0.007825634442269802
0.5317506790161133,0.6055641770362854,0.04395661503076553
0.44024038314819336,0.6073113679885864,0.009098084643483162
0.5393072962760925,0.6839869022369385,0.22178460657596588
0.4312414824962616,0.6851567029953003,0.19682331383228302
0.5253750681877136,0.695148229598999,0.2297172099351883
0.438930481672287,0.6934868097305298,0.20526203513145447
0.5587489604949951,0.7110770344734192,0.052274901419878006
0.4311337471008301,0.713692307472229,0.022346191108226776
-
0.48406198620796204,0.36537966132164,-0.4659847319126129
0.49178802967071533,0.3576590418815613,-0.4479868710041046
0.49772152304649353,0.35762280225753784,-0.4479287564754486
0.50275719165802,0.3575971722602844,-0.4479108452796936
0.47563493251800537,0.3584657609462738,-0.4468505382537842
0.47069981694221497,0.3589007556438446,-0.4469084143638611
0.46607258915901184,0.3592756390571594,-0.4468930959701538
0.5100446939468384,0.36128097772598267,-0.287908673286438
0.4615800082683563,0.3635633587837219,-0.28682470321655273
0.49511969089508057,0.37308913469314575,-0.40222930908203125
0.4749811291694641,0.37369152903556824,-0.4020329713821411
0.562651515007019,0.4051910936832428,-0.1410871148109436
0.4252346158027649,0.40573444962501526,-0.14093369245529175
0.6274504661560059,0.44591498374938965,-0.06506389379501343
0.3591294586658478,0.4413573145866394,-0.05630316212773323
0.5673303604125977,0.47975921630859375,-0.1829257607460022
0.4091278612613678,0.47816070914268494,-0.14747463166713715
0.5479967594146729,0.49088922142982483,-0.22221951186656952
0.42169898748397827,0.48873385787010193,-0.17993248999118805
0.5415623188018799,0.4834373891353607,-0.23755384981632233
0.43042895197868347,0.4821814000606537,-0.20289786159992218
0.5466593503952026,0.48001042008399963,-0.18775509297847748
0.42836934328079224,0.4785832464694977,-0.15573501586914062
0.5310794115066528,0.521598219871521,0.007750742137432098
0.4549872875213623,0.5205953121185303,-0.007829846814274788
0.5317631363868713,0.6055256128311157,0.0447014756500721
0.44022661447525024,0.6073108911514282,0.009139448404312134
0.5392709970474243,0.6839919686317444,0.22310569882392883
0.4312358498573303,0.6851758360862732,0.19693033397197723
0.5253444910049438,0.6951598525047302,0.23098698258399963
0.4389623999595642,0.6935323476791382,0.20533061027526855
0.5586508512496948,0.7110220789909363,0.052690859884023666
0.4311375617980957,0.7136779427528381,0.02238314598798752
-
0.4840323030948639,0.3653385639190674,-0.4660097658634186
0.491738498210907,0.3576356768608093,-0.44800153374671936
0.4976903200149536,0.3576067388057709,-0.4479433596134186
0.50273597240448,0.35758668184280396,-0.44792553782463074
0.475595086812973,0.35844895243644714,-0.4468601644039154
0.4706748127937317,0.3588884472846985,-0.44691789150238037
0.46605825424194336,0.35926324129104614,-0.4469021260738373
0.5100407600402832,0.3612767159938812,-0.2877345085144043
0.4615768492221832,0.36355093121528625,-0.2868470549583435
0.49511516094207764,0.37308308482170105,-0.4022396206855774
0.4749755561351776,0.3736681342124939,-0.4020496904850006
0.5626471638679504,0.40518689155578613,-0.14080490171909332
0.42522260546684265,0.4057336449623108,-0.14097145199775696
0.6274341940879822,0.44591158628463745,-0.06437231600284576
0.35909920930862427,0.44135889410972595,-0.05713723599910736
0.567335307598114,0.47975167632102966,-0.18229569494724274
0.4091198444366455,0.47816285490989685,-0.1490393429994583
0.5480027794837952,0.49087825417518616,-0.22166283428668976
0.421697735786438,0.4887326657772064,-0.1815202534198761
0.5415663123130798,0.4834325909614563,-0.23727330565452576
0.4304240643978119,0.48217564821243286,-0.20449885725975037
0.5466597080230713,0.48000502586364746,-0.18724362552165985
0.4283541738986969,0.47858038544654846,-0.1573290377855301
0.5310773253440857,0.5215984582901001,0.007777951657772064
0.4549819231033325,0.5205973982810974,-0.00785673875361681
0.5317739844322205,0.6054859757423401,0.04481612145900726
0.4402163326740265,0.607310950756073,0.009145530872046947
0.539246678352356,0.6840009093284607,0.22318346798419952
0.4312323331832886,0.6851948499679565,0.19699181616306305
0.5253105759620667,0.695207953453064,0.23106975853443146
0.4389774799346924,0.6935802698135376,0.20541654527187347
0.5586169958114624,0.7109764814376831,0.052625469863414764
0.4311397969722748,0.7136624455451965,0.022361578419804573
-
0.4839570224285126,0.3653291165828705,-0.4657902121543884
0.49164411425590515,0.3576303720474243,-0.4477517306804657
0.4976193308830261,0.35760441422462463,-0.44769465923309326
0.5026807188987732,0.35758668184280396,-0.4476776421070099
0.4755214750766754,0.358445942401886,-0.4466029703617096
0.47062423825263977,0.358885794878006,-0.4466612637042999
0.4660227596759796,0.3592601716518402,-0.44664686918258667
0.5100235342979431,0.3612770438194275,-0.2876192629337311
0.461574524641037,0.3635454475879669,-0.286594033241272
0.4950779378414154,0.3730848431587219,-0.40207770466804504
0.47493231296539307,0.37366583943367004,-0.40186798572540283
0.5626601576805115,0.4051876664161682,-0.14082422852516174
0.4252012372016907,0.40573176741600037,-0.14096641540527344
0.6274334788322449,0.4459293782711029,-0.0646858662366867
0.3590530455112457,0.4413602352142334,-0.05715317651629448
0.5673391819000244,0.4797506332397461,-0.18261873722076416
0.40908047556877136,0.47815242409706116,-0.14850042760372162
0.5480131506919861,0.4908739924430847,-0.2220029979944229
0.4216601848602295,0.488724946975708,-0.18078428506851196
0.5415681004524231,0.4834369122982025,-0.23768696188926697
0.43038210272789,0.4821564555168152,-0.20364810526371002
0.546649694442749,0.48001155257225037,-0.1875811219215393
0.4282926917076111,0.4785616993904114,-0.1567080318927765
0.5310665369033813,0.521598756313324,0.007798283826559782
0.4549265503883362,0.5205956101417542,-0.007876715622842312
0.5317815542221069,0.6054754257202148,0.044751230627298355
0.44021424651145935,0.6073142290115356,0.00898487027734518
0.5392366051673889,0.6840018033981323,0.222545325756073
0.43122756481170654,0.6852556467056274,0.19630099833011627
0.5252918004989624,0.695210874080658,0.23035894334316254
0.43898680806159973,0.6938664317131042,0.20465153455734253
0.5584191083908081,0.7109611630439758,0.05224568024277687
0.43113595247268677,0.713547945022583,0.02139970287680626
-
0.48390862345695496,0.36531922221183777,-0.46560901403427124
0.491593599319458,0.3576265275478363,-0.44755908846855164
0.49757930636405945,0.357602596282959,-0.4475025534629822
0.5026511549949646,0.3575863242149353,-0.44748589396476746
0.4754738211631775,0.35844433307647705,-0.44641757011413574
0.47059130668640137,0.35888463258743286,-0.44647637009620667
0.46599990129470825,0.35925883054733276,-0.44646304845809937
0.510014533996582,0.3612767457962036,-0.2874374985694885
0.46157172322273254,0.3635409474372864,-0.2863469421863556
0.49505576491355896,0.3730863034725189,-0.40189480781555176
0.47490745782852173,0.37366238236427307,-0.40168243646621704
0.562670111656189,0.4051879942417145,-0.14063628017902374
0.425193190574646,0.40572935342788696,-0.14095528423786163
0.6274296641349792,0.4459424614906311,-0.06443678587675095
0.35901200771331787,0.44136151671409607,-0.057215262204408646
0.5673608779907227,0.4797496199607849,-0.18220344185829163
0.40901806950569153,0.47814732789993286,-0.14806412160396576
0.5480451583862305,0.4908713698387146,-0.22152917087078094
0.4216095507144928,0.4887239336967468,-0.18016941845417023
0.5415805578231812,0.48344945907592773,-0.23736408352851868
0.4303341805934906,0.4821534752845764,-0.20293717086315155
0.5466509461402893,0.48002123832702637,-0.18722003698349
0.42822328209877014,0.4785563349723816,-0.15622033178806305
0.5310531854629517,0.5216019749641418,0.007874663919210434
0.4548673927783966,0.5205954313278198,-0.007952068001031876
0.531782329082489,0.6054538488388062,0.044911518692970276
0.44021233916282654,0.6073160767555237,0.008384641259908676
0.5392123460769653,0.6840004324913025,0.22256401181221008
0.4312211871147156,0.6853209733963013,0.19462178647518158
0.5252810716629028,0.6952071189880371,0.23039285838603973
0.43898800015449524,0.6940986514091492,0.20281991362571716
0.5582574009895325,0.710953950881958,0.052267078310251236
0.4311369061470032,0.7135170698165894,0.018868999555706978
-
0.48382940888404846,0.3652889132499695,-0.4641605019569397
0.4914992153644562,0.35759925842285156,-0.4461251497268677
0.4975016415119171,0.35757750272750854,-0.44607052206993103
0.5026007890701294,0.3575669527053833,-0.4460548758506775
0.47538021206855774,0.3584350645542145,-0.44488322734832764
0.4705149233341217,0.3588781952857971,-0.44494205713272095
0.4659411609172821,0.3592537045478821,-0.444929838180542
0.5100038051605225,0.3612627387046814,-0.28637975454330444
0.4615647494792938,0.36353570222854614,-0.2846916615962982
0.4950183928012848,0.3730791509151459,-0.4006035327911377
0.47486060857772827,0.3736504018306732,-0.40023741126060486
0.5626837611198425,0.40518873929977417,-0.1400526463985443
0.42518898844718933,0.4057280123233795,-0.14007019996643066
0.6274266839027405,0.44595733284950256,-0.06410418450832367
0.3589766323566437,0.4413627088069916,-0.05651390925049782
0.5673737525939941,0.47975173592567444,-0.18139496445655823
0.40898215770721436,0.47814545035362244,-0.1465996354818344
0.5480584502220154,0.4908727705478668,-0.2205837517976761
0.4215795695781708,0.48872360587120056,-0.17861241102218628
0.5415851473808289,0.4834674000740051,-0.23647308349609375
0.43030357360839844,0.48215216398239136,-0.20123209059238434
0.5466514229774475,0.48003602027893066,-0.18641477823257446
0.4281763434410095,0.47855344414711,-0.15474075078964233
0.5310333967208862,0.5216132402420044,0.007882535457611084
0.45478612184524536,0.5205980539321899,-0.007959953509271145
0.5317772626876831,0.6054503321647644,0.04493565112352371
0.4402056336402893,0.6073230504989624,0.008237858302891254
0.5391927361488342,0.6840012073516846,0.22262659668922424
0.43120938539505005,0.6853880286216736,0.19391824305057526
0.5252714157104492,0.6952089667320251,0.23046769201755524
0.4389885663986206,0.694313645362854,0.20206981897354126
0.5581636428833008,0.7109506726264954,0.05233197659254074
0.43113887310028076,0.7135081887245178,0.01806761883199215
-
0.48364830017089844,0.3652629256248474,-0.4631916582584381
0.49129921197891235,0.35757920145988464,-0.4452466368675232
0.4973377585411072,0.35755616426467896,-0.4451921284198761
0.5024921298027039,0.3575516641139984,-0.4451765716075897
0.4751705527305603,0.35843008756637573,-0.4438275694847107
0.4703522026538849,0.3588731586933136,-0.4438866078853607
0.4658169746398926,0.3592495918273926,-0.4438744783401489
0.50997394323349,0.36125385761260986,-0.2859162986278534
0.4615369141101837,0.3635326623916626,-0.28340330719947815
0.4948975145816803,0.3730715811252594,-0.3998080790042877
0.4747302532196045,0.37363916635513306,-0.3992083668708801
0.5626943111419678,0.4051915109157562,-0.1397683471441269
0.42518556118011475,0.4057275652885437,-0.13919298350811005
0.6274223923683167,0.4459742605686188,-0.0637296810746193
0.3589438199996948,0.4413621425628662,-0.05541085824370384
0.5673755407333374,0.4797642230987549,-0.17929121851921082
0.4089491069316864,0.4781440198421478,-0.14393110573291779
0.5480635762214661,0.49087977409362793,-0.21800647675991058
0.421541690826416,0.4887251853942871,-0.17550796270370483
0.541587233543396,0.48349064588546753,-0.23377816379070282
0.4302656948566437,0.4821528494358063,-0.19781003892421722
0.5466482639312744,0.4800586700439453,-0.1841897815465927
0.42812755703926086,0.4785531461238861,-0.15195004642009735
0.5310174226760864,0.5216216444969177,0.007889232598245144
0.4547337293624878,0.5205997228622437,-0.00796666368842125
0.5317742824554443,0.6054390668869019,0.04494447261095047
0.44019219279289246,0.6073311567306519,0.007737395353615284
0.539168119430542,0.6840074062347412,0.22267265617847443
0.4311956763267517,0.6854757070541382,0.19223976135253906
0.5252631306648254,0.6952329874038696,0.23052340745925903
0.4389893114566803,0.6945449709892273,0.2002631574869156
0.5581575632095337,0.710945725440979,0.05235092341899872
0.4311393201351166,0.7135070562362671,0.016149725764989853
-
0.4835740327835083,0.36525002121925354,-0.4619501829147339
0.49122315645217896,0.3575677275657654,-0.4439631700515747
0.4972822964191437,0.35754644870758057,-0.44390952587127686
0.5024598240852356,0.3575451672077179,-0.44389474391937256
0.4750650227069855,0.3584260046482086,-0.44257545471191406
0.47026434540748596,0.35886913537979126,-0.4426344633102417
0.4657454192638397,0.3592458665370941,-0.44262176752090454
0.5099700689315796,0.3612481355667114,-0.2846181392669678
0.46151554584503174,0.36353036761283875,-0.28214210271835327
0.49486133456230164,0.3730689287185669,-0.3985547721385956
0.47466927766799927,0.37363284826278687,-0.39797523617744446
0.5627111196517944,0.40519198775291443,-0.13836495578289032
0.4251812696456909,0.405726820230484,-0.13839538395404816
0.6274157762527466,0.4459913372993469,-0.06246654689311981
0.3589331805706024,0.44136255979537964,-0.054604314267635345
0.5673772692680359,0.47976818680763245,-0.17781893908977509
0.40892502665519714,0.47814422845840454,-0.14253942668437958
0.5480722188949585,0.49087992310523987,-0.21656012535095215
0.42151662707328796,0.4887334704399109,-0.1739967167377472
0.5415902733802795,0.4834970533847809,-0.23212775588035583
0.4302401542663574,0.4821581244468689,-0.1963367909193039
0.5466476678848267,0.4800655245780945,-0.1826445758342743
0.4280942678451538,0.4785543978214264,-0.15055514872074127
0.5310114026069641,0.5216312408447266,0.007938295602798462
0.454698771238327,0.5206024050712585,-0.00801478885114193
0.5317745804786682,0.6054301261901855,0.04466809332370758
0.44018426537513733,0.6073424816131592,0.007352772168815136
0.5391556620597839,0.6840262413024902,0.22161820530891418
0.43119192123413086,0.6855482459068298,0.19165706634521484
0.5252514481544495,0.6953010559082031,0.22937065362930298
0.4389953911304474,0.6946967840194702,0.19966718554496765
0.558159351348877,0.7109419107437134,0.0515010692179203
0.4311394989490509,0.7135077714920044,0.015509075485169888
-
0.4834155738353729,0.36524704098701477,-0.4603833556175232
0.4910695254802704,0.3575649857521057,-0.4424443542957306
0.4971570372581482,0.3575426936149597,-0.44238996505737305
0.5023748874664307,0.35754314064979553,-0.44237518310546875
0.4748760163784027,0.3584260642528534,-0.44101375341415405
0.47010645270347595,0.35886865854263306,-0.44107306003570557
0.4656228721141815,0.3592453598976135,-0.44105973839759827
0.509955108165741,0.3612462282180786,-0.2832934558391571
0.4614700675010681,0.3635294437408447,-0.2805846333503723
0.49474307894706726,0.3730681240558624,-0.39704230427742004
0.47452595829963684,0.37363171577453613,-0.39639967679977417
0.5627161264419556,0.4051938056945801,-0.13647878170013428
0.4251754879951477,0.40572938323020935,-0.13718439638614655
0.6274113059043884,0.4459933638572693,-0.058495812118053436
0.3588894307613373,0.4413643479347229,-0.05314595252275467
0.5673860311508179,0.4797685146331787,-0.16990670561790466
0.4089058041572571,0.47813916206359863,-0.13963866233825684
0.5481005311012268,0.4908788800239563,-0.20779094099998474
0.42149895429611206,0.48873424530029297,-0.17073941230773926
0.5416187644004822,0.4834977984428406,-0.22319994866847992
0.43022218346595764,0.48215848207473755,-0.19287601113319397
0.5466553568840027,0.4800662100315094,-0.17458271980285645
0.4280770719051361,0.4785540699958801,-0.1475123018026352
0.5310080051422119,0.5216392278671265,0.007954783737659454
0.4546652138233185,0.5206052660942078,-0.008030574768781662
0.5317761898040771,0.6054317355155945,0.04482538253068924
0.4401775300502777,0.6073659062385559,0.006119451951235533
0.5391457676887512,0.6840459704399109,0.22191011905670166
0.4311871826648712,0.6856452226638794,0.18825124204158783
0.525241494178772,0.6953590512275696,0.22967670857906342
0.4390248954296112,0.6948584318161011,0.19601552188396454
0.5581638216972351,0.7109380960464478,0.05204327404499054
0.43111860752105713,0.713532567024231,0.011437632143497467
-
0.4833436608314514,0.3652458190917969,-0.46019604802131653
0.4910103678703308,0.3575640320777893,-0.44219890236854553
0.4971112608909607,0.35754191875457764,-0.44214460253715515
0.5023407936096191,0.3575432598590851,-0.4421299397945404
0.4747767448425293,0.35842928290367126,-0.4408535063266754
0.4700168967247009,0.35887038707733154,-0.440912663936615
0.46554726362228394,0.3592475652694702,-0.4408988952636719
0.509948194026947,0.3612458109855652,-0.2828090786933899
0.4614311158657074,0.3635309934616089,-0.28048861026763916
0.49469274282455444,0.37307003140449524,-0.3967570960521698
0.4744420051574707,0.3736330568790436,-0.39622870087623596
0.5627201199531555,0.40519651770591736,-0.13578654825687408
0.42516082525253296,0.4057398736476898,-0.13689182698726654
0.627409815788269,0.4459965229034424,-0.0568523183465004
0.35880738496780396,0.4413800835609436,-0.05265073850750923
0.5674144625663757,0.47976794838905334,-0.16824139654636383
0.4089033007621765,0.47813740372657776,-0.13885925710201263
0.5481382012367249,0.4908764958381653,-0.20616395771503448
0.4214935600757599,0.48873481154441833,-0.16991864144802094
0.5416731238365173,0.48349729180336,-0.22183622419834137
0.430208295583725,0.48215848207473755,-0.19208982586860657
0.546685516834259,0.48006558418273926,-0.1730303019285202
0.42806416749954224,0.4785538613796234,-0.1467195451259613
0.5310059189796448,0.5216629505157471,0.007942614145576954
0.45462068915367126,0.5206343531608582,-0.008016977459192276
0.5317800641059875,0.6054368019104004,0.0450393408536911
0.4401577413082123,0.6073957681655884,0.005782414227724075
0.5391253232955933,0.6840656399726868,0.22288398444652557
0.4311864972114563,0.685731053352356,0.18759983777999878
0.5252256393432617,0.6954063177108765,0.2307242900133133
0.4391011595726013,0.6949995756149292,0.1953299194574356
0.5581711530685425,0.710935652256012,0.05346578359603882
0.43104901909828186,0.7135450839996338,0.010760888457298279
-
0.48317277431488037,0.36525049805641174,-0.45862698554992676
0.4908507764339447,0.35756751894950867,-0.44074609875679016
0.4969700574874878,0.3575429618358612,-0.4406915307044983
0.5022244453430176,0.35754555463790894,-0.44067665934562683
0.47460243105888367,0.35843828320503235,-0.43915149569511414
0.4698854088783264,0.35887449979782104,-0.43921011686325073
0.4654451608657837,0.3592512011528015,-0.43919774889945984
0.5098862051963806,0.361245334148407,-0.28218874335289
0.4614013731479645,0.36353087425231934,-0.2788681983947754
0.4945359230041504,0.3730776011943817,-0.3955767750740051
0.4742753207683563,0.3736385703086853,-0.39473894238471985
0.5627192258834839,0.4051992893218994,-0.1358780711889267
0.4251400828361511,0.405745267868042,-0.1357201784849167
0.6274091005325317,0.44599980115890503,-0.05758713185787201
0.358667254447937,0.44140124320983887,-0.05268716439604759
0.5674363970756531,0.4797648787498474,-0.16847869753837585
0.4089007079601288,0.47813764214515686,-0.13976070284843445
0.5481453537940979,0.4908658564090729,-0.2067972868680954
0.4214878976345062,0.48873838782310486,-0.17101803421974182
0.5416910648345947,0.48348623514175415,-0.22283203899860382
0.430195152759552,0.48216208815574646,-0.19286634027957916
0.5466986894607544,0.48005446791648865,-0.17350086569786072
0.4280531108379364,0.47855621576309204,-0.14757058024406433
0.5310033559799194,0.5216774940490723,0.007705362513661385
0.4545849561691284,0.5206514596939087,-0.007779394276440144
0.5317809581756592,0.6054373979568481,0.04460403695702553
0.44013717770576477,0.6074284315109253,0.0057958876714110374
0.5391099452972412,0.6840828061103821,0.22182118892669678
0.4311838746070862,0.6857955455780029,0.18719522655010223
0.5252179503440857,0.695429265499115,0.22959233820438385
0.43915897607803345,0.6950852870941162,0.1948888599872589
0.5581631660461426,0.7109329700469971,0.052767064422369
0.43100249767303467,0.7135640382766724,0.01091501023620367
-
0.48310422897338867,0.3652786910533905,-0.4577391445636749
0.49076804518699646,0.35760262608528137,-0.43985363841056824
0.4968945384025574,0.357571005821228,-0.439799040555954
0.502148449420929,0.35757333040237427,-0.43978533148765564
0.4745257496833801,0.3584687113761902,-0.4383012652397156
0.46982526779174805,0.3588942289352417,-0.43835943937301636
0.46539992094039917,0.3592701554298401,-0.43834739923477173
0.5098233819007874,0.3612511157989502,-0.2815817892551422
0.4613837003707886,0.3635384142398834,-0.2784181237220764
0.4944651424884796,0.37308377027511597,-0.3947937488555908
0.4742037355899811,0.3736438453197479,-0.39401888847351074
0.5626880526542664,0.40519970655441284,-0.13594336807727814
0.42513614892959595,0.40574416518211365,-0.1350410282611847
0.6274094581604004,0.44600096344947815,-0.0588579960167408
0.35853147506713867,0.44140878319740295,-0.05270276963710785
0.5674384236335754,0.47976475954055786,-0.1697729378938675
0.40889278054237366,0.4781358242034912,-0.1411529928445816
0.5481360554695129,0.49085479974746704,-0.20785291492938995
0.4214755892753601,0.4887387752532959,-0.1725831776857376
0.5416922569274902,0.4834781289100647,-0.22348102927207947
0.4301708936691284,0.4821604788303375,-0.194085031747818
0.5466969013214111,0.4800487160682678,-0.17455396056175232
0.4280335009098053,0.4785545766353607,-0.14886729419231415
0.5310017466545105,0.5216699838638306,0.007323828060179949
0.4545767605304718,0.520646870136261,-0.00739634782075882
0.531783938407898,0.6054383516311646,0.04281582310795784
0.4401073455810547,0.6074486970901489,0.005631124135106802
0.5391020178794861,0.684095561504364,0.21710249781608582
0.4311813712120056,0.6858615279197693,0.1846010386943817
0.5252065658569336,0.695443332195282,0.22456204891204834
0.4391830563545227,0.6951773166656494,0.19204360246658325
0.558150053024292,0.7109312415122986,0.04807286709547043
0.43096795678138733,0.7135927081108093,0.008898330852389336
-
0.48309168219566345,0.3652782738208771,-0.4578537046909332
0.4907616972923279,0.3576071262359619,-0.43989303708076477
0.49688720703125,0.3575761318206787,-0.439837783575058
0.502136766910553,0.35757872462272644,-0.439823180437088
0.47451379895210266,0.35847288370132446,-0.43840470910072327
0.4698115885257721,0.3588976562023163,-0.4384632110595703
0.46538665890693665,0.3592739999294281,-0.4384528398513794
0.509786069393158,0.36125072836875916,-0.28162065148353577
0.46137747168540955,0.36354854702949524,-0.27880895137786865
0.49446144700050354,0.3730841875076294,-0.3949151635169983
0.47419509291648865,0.3736371695995331,-0.3942897319793701
0.5626871585845947,0.40520086884498596,-0.1365555077791214
0.42512229084968567,0.40575170516967773,-0.13536639511585236
0.6274129748344421,0.44600921869277954,-0.060837093740701675
0.35822728276252747,0.44142642617225647,-0.053348757326602936
0.5676048994064331,0.4797585606575012,-0.1755443662405014
0.40882763266563416,0.4781094491481781,-0.14201322197914124
0.5483036637306213,0.49085015058517456,-0.21426397562026978
0.4214252531528473,0.488722026348114,-0.17348980903625488
0.5419423580169678,0.48347777128219604,-0.2307264804840088
0.4301021099090576,0.4821348786354065,-0.1951415240764618
0.546934187412262,0.4800446629524231,-0.18073323369026184
0.4279683828353882,0.47853127121925354,-0.14978834986686707
0.5310007929801941,0.5216718912124634,0.0071728122420609
0.45456668734550476,0.5206610560417175,-0.007242135237902403
0.5317846536636353,0.6054322719573975,0.04263241961598396
0.4400833249092102,0.6074563264846802,0.005530746653676033
0.5390934944152832,0.6841017007827759,0.21733678877353668
0.4311787784099579,0.6859222054481506,0.18473775684833527
0.5251963138580322,0.6954476833343506,0.22484223544597626
0.4392184913158417,0.6952539682388306,0.19222886860370636
0.5581508278846741,0.710925817489624,0.04814090207219124
0.4308551251888275,0.7136051654815674,0.008958251215517521
-
0.48311784863471985,0.3653087317943573,-0.45900091528892517
0.4907814562320709,0.3576640784740448,-0.4407148063182831
0.4968806505203247,0.3576382100582123,-0.4406597912311554
0.5021250247955322,0.35764363408088684,-0.4406487047672272
0.4745652973651886,0.35850846767425537,-0.4397755563259125
0.46983516216278076,0.358927845954895,-0.439834326505661
0.46539780497550964,0.35930702090263367,-0.43982386589050293
0.5097611546516418,0.36129915714263916,-0.2816731631755829
0.4613721966743469,0.36361053586006165,-0.2810356616973877
0.4944842457771301,0.3731010854244232,-0.39567407965660095
0.4742114543914795,0.3736375868320465,-0.3957677185535431
0.5626823902130127,0.4052106440067291,-0.13663557171821594
0.4250902831554413,0.4057752192020416,-0.13669811189174652
0.6274099349975586,0.4460163116455078,-0.060809724032878876
0.3577926754951477,0.44142788648605347,-0.054351016879081726
0.5678694248199463,0.4797136187553406,-0.17561675608158112
0.4087767004966736,0.477955162525177,-0.14203426241874695
0.5485928654670715,0.49081945419311523,-0.2143174111843109
0.42139652371406555,0.4885576665401459,-0.1734878569841385
0.5422899723052979,0.4834713339805603,-0.23074477910995483
0.43003129959106445,0.48200544714927673,-0.19515255093574524
0.5472421646118164,0.4800267815589905,-0.1807946264743805
0.42790383100509644,0.478416383266449,-0.14979827404022217
0.531003475189209,0.5216611623764038,0.007074827793985605
0.45456141233444214,0.5206615328788757,-0.007140350993722677
0.5317860245704651,0.6054266691207886,0.042540084570646286
0.440072238445282,0.6074592471122742,0.004845507442951202
0.5390810370445251,0.6841101050376892,0.2173839807510376
0.43117645382881165,0.6859642267227173,0.18331462144851685
0.5251887440681458,0.6954513788223267,0.22487473487854004
0.4392549693584442,0.6953003406524658,0.19068707525730133
0.5581293106079102,0.710922360420227,0.047632068395614624
0.43078476190567017,0.7136267423629761,0.0067797633819282055
-
0.4831657111644745,0.36548882722854614,-0.46127960085868835
0.4908463656902313,0.35789310932159424,-0.44289207458496094
0.49689245223999023,0.3578454852104187,-0.44283777475357056
0.5021201968193054,0.35784751176834106,-0.442829966545105
0.47466033697128296,0.3586781919002533,-0.44234466552734375
0.46988189220428467,0.3590565025806427,-0.44240349531173706
0.46541592478752136,0.3594341278076172,-0.44239312410354614
0.509745180606842,0.3614373505115509,-0.2830014228820801
0.46136221289634705,0.36374399065971375,-0.28430384397506714
0.49452170729637146,0.37318235635757446,-0.3976477384567261
0.4742347002029419,0.3736881613731384,-0.3982674181461334
0.5626698732376099,0.4052201807498932,-0.13826203346252441
0.42505624890327454,0.4057825207710266,-0.1384114921092987
0.6273651719093323,0.44601455330848694,-0.06277380138635635
0.35745683312416077,0.4414285719394684,-0.05533955991268158
0.5682466626167297,0.4796004295349121,-0.18077091872692108
0.40858718752861023,0.47786110639572144,-0.14214253425598145
0.548885703086853,0.4907166361808777,-0.22003953158855438
0.42125794291496277,0.488422155380249,-0.17350701987743378
0.5426079034805298,0.48342472314834595,-0.2374187707901001
0.42978206276893616,0.48191994428634644,-0.19520032405853271
0.5475741624832153,0.47996386885643005,-0.1864299178123474
0.4276752471923828,0.4783448278903961,-0.14990130066871643
0.5310019254684448,0.5216475129127502,0.006925318855792284
0.45455577969551086,0.5206621885299683,-0.006986233871430159
0.5317878127098083,0.6054175496101379,0.04229843616485596
0.4400458037853241,0.6074625253677368,0.0044926744885742664
0.5390662550926208,0.6841140985488892,0.2170230895280838
0.4311791658401489,0.686002790927887,0.1822948306798935
0.5251815319061279,0.6954543590545654,0.2244604378938675
0.4393649697303772,0.6953519582748413,0.18955326080322266
0.5581294298171997,0.7109198570251465,0.046986840665340424
0.4306798577308655,0.7136425971984863,0.005448124837130308
-
0.4829995930194855,0.36584481596946716,-0.4612555205821991
0.490707129240036,0.35828396677970886,-0.44288524985313416
0.4967094957828522,0.3581940233707428,-0.4428307116031647
0.5019122362136841,0.3581925332546234,-0.44282302260398865
0.47459855675697327,0.35892730951309204,-0.44232290983200073
0.46982312202453613,0.35923194885253906,-0.4423814117908478
0.4653691053390503,0.35958388447761536,-0.4423709511756897
0.509506344795227,0.36170849204063416,-0.28300410509109497
0.46124860644340515,0.3638722598552704,-0.28425276279449463
0.49423396587371826,0.37336501479148865,-0.3976418673992157
0.47402992844581604,0.37384212017059326,-0.39825576543807983
0.562329113483429,0.40522462129592896,-0.13831962645053864
0.4248126149177551,0.4057820737361908,-0.13847331702709198
0.6271063089370728,0.44599756598472595,-0.0630333200097084
0.3572503924369812,0.44142404198646545,-0.05604251101613045
0.5682994723320007,0.47955211997032166,-0.18108288943767548
0.4081905484199524,0.4777012765407562,-0.14237922430038452
0.548888087272644,0.490675151348114,-0.22032150626182556
0.42091962695121765,0.4883367121219635,-0.1736348420381546
0.5426434278488159,0.4834027886390686,-0.23778127133846283
0.42940008640289307,0.4818820059299469,-0.19534245133399963
0.5476382970809937,0.47992390394210815,-0.18678119778633118
0.42733174562454224,0.47829046845436096,-0.15014183521270752
0.5309013724327087,0.5216361880302429,0.007013015449047089
0.45447230339050293,0.5206648707389832,-0.007071915548294783
0.5317980647087097,0.6053555607795715,0.04164518788456917
0.43999749422073364,0.6074643135070801,0.0024599190801382065
0.5389934778213501,0.6841171383857727,0.21539141237735748
0.4311833679676056,0.686028778553009,0.1781633198261261
0.5251198410987854,0.695455014705658,0.222711980342865
0.43948909640312195,0.6953834891319275,0.18513594567775726
0.5581764578819275,0.710915207862854,0.045695457607507706
0.4305627644062042,0.7136604189872742,0.0012223701924085617
-
0.48271381855010986,0.3663807809352875,-0.4607558250427246
0.4905109405517578,0.3587471544742584,-0.4424300193786621
0.49648648500442505,0.3586162328720093,-0.44237610697746277
0.501674473285675,0.3585927486419678,-0.4423689842224121
0.47443297505378723,0.3592379093170166,-0.44171375036239624
0.46964266896247864,0.3594588041305542,-0.4417690634727478
0.46522945165634155,0.35977280139923096,-0.4417576789855957
0.5091939568519592,0.361998051404953,-0.2826409935951233
0.4609462320804596,0.36400464177131653,-0.2834271192550659
0.4937552511692047,0.37370485067367554,-0.39722082018852234
0.4735822081565857,0.3741620182991028,-0.39768099784851074
0.5617259740829468,0.40525203943252563,-0.13852617144584656
0.4243183434009552,0.4057936668395996,-0.1367691308259964
0.6268156170845032,0.4459959864616394,-0.06547592580318451
0.35721269249916077,0.4414200782775879,-0.05412336811423302
0.5677400827407837,0.47957223653793335,-0.18590259552001953
0.40770047903060913,0.47753262519836426,-0.14013467729091644
0.5484007000923157,0.49068158864974976,-0.22580163180828094
0.4204699993133545,0.48825186491012573,-0.17110241949558258
0.5422820448875427,0.48342737555503845,-0.24302281439304352
0.4290602505207062,0.48186254501342773,-0.19317084550857544
0.5472230315208435,0.479949414730072,-0.19153444468975067
0.42703309655189514,0.4782567024230957,-0.14804472029209137
0.5306448340415955,0.5216373205184937,0.0067095099948346615
0.45439931750297546,0.5207299590110779,-0.006764300167560577
0.5318158268928528,0.605337917804718,0.0417240709066391
0.4398130178451538,0.6074686646461487,0.0028568897396326065
0.5389646887779236,0.6841074228286743,0.21653705835342407
0.4311886727809906,0.6860567331314087,0.17885327339172363
0.5250977277755737,0.6953878402709961,0.2240140736103058
0.43966013193130493,0.6953855156898499,0.18601642549037933
0.5581752061843872,0.7108778357505798,0.047103919088840485
0.43053504824638367,0.7136790752410889,0.001909324200823903
-
0.4826464056968689,0.36699801683425903,-0.45969805121421814
0.49045801162719727,0.35925358533859253,-0.4415576159954071
0.4963679015636444,0.35905763506889343,-0.4415033459663391
0.5015319585800171,0.3589971661567688,-0.441496878862381
0.47441524267196655,0.3596506416797638,-0.4409254193305969
0.46959102153778076,0.3597724437713623,-0.4409775733947754
0.46517786383628845,0.36005598306655884,-0.44096216559410095
0.5089057683944702,0.36227428913116455,-0.28185003995895386
0.4607035219669342,0.36419984698295593,-0.2831073999404907
0.49356910586357117,0.37424302101135254,-0.3961314260959625
0.47343865036964417,0.37466591596603394,-0.39672738313674927
0.5612301230430603,0.4053366184234619,-0.13793683052062988
0.42379844188690186,0.40580153465270996,-0.13600754737854004
0.626231849193573,0.4459962248802185,-0.06399405747652054
0.3571520447731018,0.44139567017555237,-0.05182943865656853
0.567109227180481,0.47964149713516235,-0.18353617191314697
0.4067692160606384,0.4772692620754242,-0.13601525127887726
0.5479673743247986,0.49070364236831665,-0.2232433706521988
0.419619083404541,0.4881685674190521,-0.16612502932548523
0.5420043468475342,0.4834994673728943,-0.24048078060150146
0.4283337891101837,0.4817814826965332,-0.18852034211158752
0.5469635725021362,0.48002228140830994,-0.18915526568889618
0.4262518286705017,0.4781459867954254,-0.14396104216575623
0.5303277373313904,0.5216267704963684,0.006718924269080162
0.45420825481414795,0.5207408666610718,-0.006772933527827263
0.531805157661438,0.6051554679870605,0.040065374225378036
0.4397059679031372,0.6074339747428894,0.002188077662140131
0.5389573574066162,0.6841016411781311,0.21208110451698303
0.43118777871131897,0.686063826084137,0.1780479997396469
0.525090217590332,0.6953665018081665,0.21925708651542664
0.43966594338417053,0.6953414082527161,0.18516755104064941
0.558170735836029,0.7108344435691833,0.042596545070409775
0.4305840730667114,0.7136407494544983,0.0016997731290757656
-
0.48235443234443665,0.36746513843536377,-0.44849568605422974
0.4901077151298523,0.35969388484954834,-0.43039992451667786
0.49584993720054626,0.3594720959663391,-0.43035125732421875
0.50098717212677,0.35935908555984497,-0.4303487241268158
0.47416767477989197,0.36001116037368774,-0.43026232719421387
0.4692862927913666,0.36008331179618835,-0.43030667304992676
0.4649561941623688,0.3603425621986389,-0.4302864968776703
0.5082846283912659,0.36256152391433716,-0.26999303698539734
0.46023961901664734,0.3644583821296692,-0.27322128415107727
0.4930768609046936,0.374627023935318,-0.3845052123069763
0.4730270802974701,0.37505581974983215,-0.3856017589569092
0.5603559613227844,0.40534305572509766,-0.12358012795448303
0.4228968024253845,0.40579813718795776,-0.12764021754264832
0.6245327591896057,0.4456804692745209,-0.038296010345220566
0.3567270040512085,0.44128045439720154,-0.04332558065652847
0.5674309134483337,0.47952407598495483,-0.15211595594882965
0.4056282043457031,0.4770902991294861,-0.12811128795146942
0.548780083656311,0.49064797163009644,-0.19020980596542358
0.41859081387519836,0.4881463646888733,-0.158249631524086
0.5424795746803284,0.48354005813598633,-0.20949846506118774
0.42751824855804443,0.48172497749328613,-0.18122868239879608
0.5475054979324341,0.48003822565078735,-0.15876825153827667
0.42525508999824524,0.47806745767593384,-0.13637185096740723
0.5299250483512878,0.5216041803359985,0.006739901844412088
0.4538458585739136,0.520748496055603,-0.006790355313569307
0.5316303968429565,0.6048799157142639,0.0390857569873333
0.4395657479763031,0.6073750257492065,-0.00020444019173737615
0.538933277130127,0.6840938329696655,0.20989438891410828
0.43116170167922974,0.686058521270752,0.17410336434841156
0.525083065032959,0.6953118443489075,0.216868057847023
0.4396025240421295,0.6951914429664612,0.18101537227630615
0.5581212639808655,0.7108210325241089,0.038688480854034424
0.4307161569595337,0.7135777473449707,-0.0029005887918174267
-
0.48211467266082764,0.36761370301246643,-0.4274621307849884
0.489644318819046,0.35986602306365967,-0.4084162712097168
0.49523431062698364,0.3596499264240265,-0.4083738923072815
0.5003265738487244,0.35952627658843994,-0.4083716869354248
0.4737648367881775,0.36014777421951294,-0.40892693400382996
0.4688526690006256,0.36021310091018677,-0.4089612364768982
0.4645865559577942,0.36046603322029114,-0.40893954038619995
0.5074902772903442,0.3627498149871826,-0.24796268343925476
0.4593333303928375,0.36461716890335083,-0.2539333701133728
0.4925319254398346,0.37480390071868896,-0.3639194369316101
0.4726546108722687,0.37523171305656433,-0.3657628893852234
0.5589250922203064,0.40537697076797485,-0.10495245456695557
0.4213864207267761,0.4058827757835388,-0.11365359276533127
0.6223306655883789,0.4455189108848572,-0.017964869737625122
0.3560796082019806,0.44122594594955444,-0.03170953318476677
0.56840580701828,0.479374498128891,-0.13463959097862244
0.40395644307136536,0.47696787118911743,-0.11777446419000626
0.5505442023277283,0.49057069420814514,-0.1729627102613449
0.41708502173423767,0.4881322383880615,-0.1479739248752594
0.5435476303100586,0.48354023694992065,-0.19352410733699799
0.42595016956329346,0.4817226827144623,-0.171705424785614
0.5485184192657471,0.48003140091896057,-0.14210250973701477
0.4235477149486542,0.4780605435371399,-0.12646478414535522
0.5290229916572571,0.521604061126709,0.006813202518969774
0.4530855417251587,0.5208019018173218,-0.0068567171692848206
0.5313027501106262,0.6046062111854553,0.03314913064241409
0.4393714964389801,0.6073278188705444,-0.004138869699090719
0.5389171838760376,0.6841071248054504,0.1966472864151001
0.4311109185218811,0.6860625743865967,0.1671561300754547
0.525077760219574,0.6953142285346985,0.20268861949443817
0.43944478034973145,0.6951500177383423,0.17366264760494232
0.5580639839172363,0.710838258266449,0.023588981479406357
0.43099603056907654,0.7135546803474426,-0.00956184882670641
-
0.48168325424194336,0.36775365471839905,-0.4301721453666687
0.4891401529312134,0.3599332869052887,-0.4110429584980011
0.49464789032936096,0.35971105098724365,-0.4110047519207001
0.49970054626464844,0.35958045721054077,-0.411001980304718
0.47320154309272766,0.3602551221847534,-0.411334365606308
0.46821725368499756,0.3603328764438629,-0.41136839985847473
0.4640151560306549,0.36058300733566284,-0.411349356174469
0.5067889094352722,0.36278364062309265,-0.249801903963089
0.45842987298965454,0.36473548412323,-0.2547370493412018
0.4919200539588928,0.3749675154685974,-0.36627256870269775
0.47209882736206055,0.37545615434646606,-0.36782100796699524
0.5577545166015625,0.40537890791893005,-0.10728853940963745
0.42031195759773254,0.4059685170650482,-0.11260136216878891
0.6209119558334351,0.4454636573791504,-0.025314677506685257
0.3557049632072449,0.44131001830101013,-0.03266214579343796
0.5684008002281189,0.479398638010025,-0.1467045396566391
0.40305963158607483,0.4769538342952728,-0.12062974274158478
0.5505879521369934,0.490569531917572,-0.18535850942134857
0.4162549376487732,0.48814040422439575,-0.14860863983631134
0.5436146855354309,0.48357176780700684,-0.20360349118709564
0.42479056119918823,0.4817906320095062,-0.17516769468784332
0.5485239028930664,0.4800906181335449,-0.15337727963924408
0.4225442111492157,0.47809797525405884,-0.12789511680603027
0.5279188752174377,0.521591067314148,0.006496685557067394
0.45209935307502747,0.5208626389503479,-0.006534826010465622
0.530759334564209,0.6044095754623413,0.029520394280552864
0.43912506103515625,0.6073092222213745,-0.0035494454205036163
0.5389038920402527,0.6841616034507751,0.19346264004707336
0.43110793828964233,0.6861058473587036,0.16936445236206055
0.5251547694206238,0.6953644752502441,0.1993926763534546
0.4393686056137085,0.6951936483383179,0.17607149481773376
0.5576944947242737,0.7108519077301025,0.01873030886054039
0.4314461648464203,0.713497519493103,-0.007362231146544218
-
0.4811786711215973,0.36792129278182983,-0.42612114548683167
0.4885192811489105,0.3600026071071625,-0.40692970156669617
0.4939877688884735,0.35976868867874146,-0.4068935811519623
0.4989790916442871,0.3596242070198059,-0.40688785910606384
0.47243690490722656,0.3603512644767761,-0.4074500501155853
0.46737951040267944,0.360441654920578,-0.40748196840286255
0.463257372379303,0.3606836497783661,-0.40746062994003296
0.505931556224823,0.3627980053424835,-0.2470572590827942
0.4573807716369629,0.36485105752944946,-0.25296148657798767
0.4913233518600464,0.3752012252807617,-0.36281242966651917
0.47147437930107117,0.3757260739803314,-0.36462581157684326
0.5565245151519775,0.40538138151168823,-0.10707742720842361
0.4189348518848419,0.40602049231529236,-0.11215174943208694
0.6185364127159119,0.445308119058609,-0.026838557794690132
0.35426563024520874,0.4415855407714844,-0.03359771892428398
0.5683700442314148,0.4793938994407654,-0.15146015584468842
0.4015406668186188,0.47677725553512573,-0.12134506553411484
0.5505856275558472,0.49058085680007935,-0.19065439701080322
0.41495341062545776,0.4881042540073395,-0.15177547931671143
0.5435869693756104,0.48367446660995483,-0.20852671563625336
0.4230266511440277,0.481727659702301,-0.1803065687417984
0.5484510064125061,0.4801514744758606,-0.1582385003566742
0.4207441210746765,0.4780192971229553,-0.13033238053321838
0.5267428159713745,0.5215908885002136,0.006419571116566658
0.4512454867362976,0.5208731889724731,-0.006458498537540436
0.5303283929824829,0.6042718887329102,0.02637791447341442
0.43872424960136414,0.6073052287101746,-0.0036460410337895155
0.5388891696929932,0.6841639280319214,0.18720948696136475
0.43111008405685425,0.6861119270324707,0.1682564914226532
0.5251465439796448,0.6953650712966919,0.19282156229019165
0.4393741488456726,0.6951963305473328,0.1748216450214386
0.5576942563056946,0.7108584642410278,0.014978365041315556
0.4314461052417755,0.7133716940879822,-0.0071219694800674915
-
0.47939157485961914,0.36795464158058167,-0.4294329881668091
0.4867077171802521,0.36002928018569946,-0.41071459650993347
0.4920606315135956,0.3598180115222931,-0.4106714129447937
0.49713578820228577,0.35967427492141724,-0.4106692373752594
0.4705348610877991,0.3603695034980774,-0.4103160798549652
0.46555599570274353,0.3604812026023865,-0.41035905480384827
0.4614178538322449,0.360716849565506,-0.4103383421897888
0.5043753981590271,0.36286941170692444,-0.2503470182418823
0.45541122555732727,0.3649003803730011,-0.25549885630607605
0.48942553997039795,0.3752857744693756,-0.3658831715583801
0.469599187374115,0.37579450011253357,-0.366388201713562
0.5546262860298157,0.4053833484649658,-0.11129550635814667
0.4157404601573944,0.40612277388572693,-0.1147027462720871
0.6166667342185974,0.44523516297340393,-0.03317119926214218
0.35171130299568176,0.44210028648376465,-0.04382631927728653
0.5677098631858826,0.4794716238975525,-0.1704692393541336
0.400344580411911,0.4767496585845947,-0.15348920226097107
0.5503262281417847,0.49062061309814453,-0.2122286707162857
0.4134339690208435,0.4880519509315491,-0.18782730400562286
0.5432779788970947,0.48373547196388245,-0.2340928465127945
0.42151403427124023,0.48162776231765747,-0.21428754925727844
0.5480677485466003,0.4802435040473938,-0.17881610989570618
0.41918835043907166,0.4779520034790039,-0.163388192653656
0.5253251194953918,0.5216664671897888,0.005753790028393269
0.45010384917259216,0.5209623575210571,-0.005806485190987587
0.5300324559211731,0.6042238473892212,0.027453994378447533
0.43811142444610596,0.6073021292686462,-0.00041043947567231953
0.5388818383216858,0.6841669678688049,0.191239595413208
0.43109944462776184,0.6861153841018677,0.17464801669120789
0.5251432061195374,0.695369303226471,0.19723007082939148
0.43937525153160095,0.6952020525932312,0.18166802823543549
0.5577277541160583,0.7108983993530273,0.019834447652101517
0.43143489956855774,0.7132579684257507,0.0034367418847978115
-
0.47754356265068054,0.36804404854774475,-0.4530830383300781
0.48494309186935425,0.36005720496177673,-0.4343923032283783
0.49026528000831604,0.3598523437976837,-0.4343424439430237
0.4953536093235016,0.3596991002559662,-0.4343224763870239
0.4686242341995239,0.36040836572647095,-0.43467408418655396
0.463703453540802,0.36054614186286926,-0.43472519516944885
0.45960214734077454,0.3607727885246277,-0.4347095787525177
0.5028233528137207,0.36287733912467957,-0.2735893130302429
0.45352211594581604,0.3649407625198364,-0.2797008156776428
0.48767217993736267,0.3753668963909149,-0.38921919465065
0.4677862524986267,0.3758998513221741,-0.39079686999320984
0.5529868006706238,0.4053650498390198,-0.13458114862442017
0.4134833812713623,0.40619081258773804,-0.1376337856054306
0.614922821521759,0.4452378749847412,-0.07075666636228561
0.34807252883911133,0.44271212816238403,-0.07791657000780106
0.565562903881073,0.47981294989585876,-0.2144160121679306
0.3980562090873718,0.4767554700374603,-0.20009943842887878
0.5490727424621582,0.49082985520362854,-0.25835269689559937
0.41155973076820374,0.48802071809768677,-0.23720002174377441
0.54194176197052,0.48398345708847046,-0.27827543020248413
0.419546514749527,0.48154062032699585,-0.2607458233833313
0.5464738607406616,0.48053494095802307,-0.22193950414657593
0.41709989309310913,0.4779132902622223,-0.20914337038993835
0.5235570073127747,0.521808922290802,0.005758613348007202
0.4486238360404968,0.5210120677947998,-0.005810040049254894
0.5296543836593628,0.6041644811630249,0.028558196499943733
0.4374939501285553,0.6072885990142822,0.0038914638571441174
0.5388756394386292,0.68418288230896,0.19498416781425476
0.4310630261898041,0.6861180663108826,0.18583554029464722
0.5251951217651367,0.695415735244751,0.20117653906345367
0.43921178579330444,0.6952060461044312,0.19385789334774017
0.557287871837616,0.710922360420227,0.0255616195499897
0.43164604902267456,0.7132555842399597,0.01601925864815712
-
0.4753726124763489,0.36804458498954773,-0.4598105251789093
0.48297208547592163,0.3600497841835022,-0.44072726368904114
0.48821479082107544,0.3598438799381256,-0.4406774342060089
0.49328339099884033,0.35969099402427673,-0.44065824151039124
0.46665695309638977,0.36040717363357544,-0.4411991536617279
0.4618121385574341,0.3605464994907379,-0.4412473142147064
0.45763909816741943,0.36077335476875305,-0.44122785329818726
0.500785768032074,0.3628160357475281,-0.27946168184280396
0.4515332579612732,0.3649415671825409,-0.28594398498535156
0.4856834411621094,0.3753642737865448,-0.39580753445625305
0.4658461809158325,0.3758999705314636,-0.3977071940898895
0.5511252880096436,0.4053094983100891,-0.13906337320804596
0.4113643765449524,0.40629929304122925,-0.14195165038108826
0.6134710311889648,0.44523659348487854,-0.0651492327451706
0.3447360098361969,0.4433123469352722,-0.07485194504261017
0.5623486638069153,0.48008280992507935,-0.19959139823913574
0.3959488272666931,0.4767790734767914,-0.18572711944580078
0.5472502112388611,0.4910499155521393,-0.24238048493862152
0.4100121855735779,0.48801860213279724,-0.22103500366210938
0.5402423143386841,0.48425063490867615,-0.2611561715602875
0.4174584746360779,0.4814453721046448,-0.2435888946056366
0.5443306565284729,0.48079952597618103,-0.20658285915851593
0.4149089753627777,0.4778546392917633,-0.19416622817516327
0.52204430103302,0.5222848653793335,0.005341486074030399
0.4472079873085022,0.5213746428489685,-0.005410062149167061
0.5292843580245972,0.6042255163192749,0.034914448857307434
0.4364112913608551,0.6072956323623657,0.01131675485521555
0.5388695001602173,0.684197187423706,0.20875763893127441
0.43094462156295776,0.6861447095870972,0.1978100687265396
0.5252097845077515,0.6954168081283569,0.21578432619571686
0.4390518069267273,0.6952390670776367,0.20645542442798615
0.5570767521858215,0.7109500169754028,0.0415995791554451
0.43172234296798706,0.7132352590560913,0.028848571702837944
-
0.4738802909851074,0.36804142594337463,-0.4590719938278198
0.4814188778400421,0.3600286841392517,-0.4400230348110199
0.48664066195487976,0.35982581973075867,-0.43997472524642944
0.49164941906929016,0.3596770167350769,-0.4399619698524475
0.4650077819824219,0.3603881001472473,-0.44076940417289734
0.46013858914375305,0.3605286180973053,-0.44081395864486694
0.4558773338794708,0.36075833439826965,-0.44078466296195984
0.4987456500530243,0.362737238407135,-0.27899959683418274
0.4490754008293152,0.36493679881095886,-0.28654181957244873
0.4841422736644745,0.37536194920539856,-0.39508429169654846
0.4642656445503235,0.37589845061302185,-0.39727601408958435
0.549446165561676,0.4051743447780609,-0.1374741494655609
0.40885311365127563,0.4064880907535553,-0.14130312204360962
0.611907422542572,0.4451225697994232,-0.06191299110651016
0.3419584333896637,0.44379863142967224,-0.07139109820127487
0.560681164264679,0.480081170797348,-0.1838800460100174
0.3938467800617218,0.4767787456512451,-0.1652696579694748
0.5455901622772217,0.49106186628341675,-0.22266192734241486
0.4081650972366333,0.4880101680755615,-0.19644281268119812
0.539069652557373,0.48430413007736206,-0.24314244091510773
0.41539138555526733,0.48130112886428833,-0.21687081456184387
0.5431331992149353,0.4808347225189209,-0.19123567640781403
0.4128767251968384,0.477744996547699,-0.17191475629806519
0.5212817788124084,0.5222724676132202,0.005114676430821419
0.44614559412002563,0.5214159488677979,-0.005188686773180962
0.5291224718093872,0.6046096682548523,0.03452439233660698
0.4357597231864929,0.6073132753372192,0.011518208310008049
0.538864016532898,0.6843166351318359,0.21016627550125122
0.4309212267398834,0.6861489415168762,0.19828470051288605
0.5251979231834412,0.695459246635437,0.2175309956073761
0.4390490651130676,0.6952458620071411,0.2069198191165924
0.5565489530563354,0.7111271619796753,0.04315318539738655
0.4316164553165436,0.7132344841957092,0.029172545298933983
-
0.47238388657569885,0.3680266737937927,-0.4609820544719696
0.47969216108322144,0.35995709896087646,-0.4416942894458771
0.48491206765174866,0.35976168513298035,-0.4416455924510956
0.48987922072410583,0.3596300780773163,-0.4416337013244629
0.4632541537284851,0.3603297173976898,-0.4426300525665283
0.4583686292171478,0.3604760766029358,-0.442674845457077
0.45407232642173767,0.3607202470302582,-0.4426380693912506
0.4966735541820526,0.36260730028152466,-0.27977168560028076
0.446601539850235,0.3649260103702545,-0.2878177762031555
0.4825615882873535,0.3753513693809509,-0.3966628313064575
0.4625526964664459,0.37589386105537415,-0.39908310770988464
0.5471840500831604,0.40499454736709595,-0.13770651817321777
0.406436949968338,0.40678805112838745,-0.14030146598815918
0.6105237603187561,0.4447292387485504,-0.059894461184740067
0.34047675132751465,0.4441414475440979,-0.061960287392139435
0.5587595105171204,0.4799344539642334,-0.1823454052209854
0.39205268025398254,0.47678646445274353,-0.14073611795902252
0.5430376529693604,0.49092620611190796,-0.22145716845989227
0.40665489435195923,0.48800820112228394,-0.17060039937496185
0.5369197130203247,0.4842298626899719,-0.2417251616716385
0.41398146748542786,0.48127079010009766,-0.1904778778553009
0.5410265326499939,0.48077741265296936,-0.18956506252288818
0.4115060269832611,0.4777270257472992,-0.1469714343547821
0.520157516002655,0.522189736366272,0.004366643726825714
0.4442698657512665,0.521430492401123,-0.004441616125404835
0.5289986729621887,0.6045898199081421,0.03686826676130295
0.43526339530944824,0.6073178648948669,0.011072480119764805
0.5388732552528381,0.6843191385269165,0.2228759378194809
0.4306514859199524,0.686237633228302,0.19660860300064087
0.5254252552986145,0.695407509803772,0.23137584328651428
0.43838563561439514,0.6954500079154968,0.2050599902868271
0.5554155111312866,0.7112208008766174,0.05491239205002785
0.4316754937171936,0.7132484912872314,0.02554336190223694
-
0.4709826707839966,0.3679076135158539,-0.4681897461414337
0.47815343737602234,0.3598039746284485,-0.4487495422363281
0.4833921194076538,0.35962992906570435,-0.4486934244632721
0.4882938265800476,0.3595411479473114,-0.4486730694770813
0.4618898034095764,0.36019641160964966,-0.449419230222702
0.4570033550262451,0.36034494638442993,-0.449470192193985
0.4529108703136444,0.3606160879135132,-0.4494374096393585
0.49496981501579285,0.3624849021434784,-0.2875538170337677
0.44547784328460693,0.3648812770843506,-0.2943541407585144
0.48115411400794983,0.375253289937973,-0.40431615710258484
0.4611950218677521,0.3757860064506531,-0.4064004719257355
0.5457181334495544,0.40487027168273926,-0.14991220831871033
0.40503981709480286,0.4070116877555847,-0.1459580808877945
0.6094709038734436,0.44449955224990845,-0.07210734486579895
0.3388040363788605,0.44440898299217224,-0.06683036684989929
0.5568013191223145,0.48001593351364136,-0.19240207970142365
0.3904537260532379,0.4767901301383972,-0.15512028336524963
0.5412795543670654,0.49096518754959106,-0.23155005276203156
0.40533047914505005,0.48800674080848694,-0.18736855685710907
0.5350843071937561,0.48426541686058044,-0.25146448612213135
0.41258129477500916,0.48124122619628906,-0.20636363327503204
0.5390082597732544,0.4808486998081207,-0.19936035573482513
0.4099370837211609,0.47770485281944275,-0.1614736169576645
0.5197985768318176,0.5221242904663086,0.0023565522860735655
0.44358837604522705,0.5214486718177795,-0.002453938592225313
0.5288868546485901,0.6043328046798706,0.039596330374479294
0.43481045961380005,0.6072548627853394,0.004688978660851717
0.5389838218688965,0.6842692494392395,0.23377640545368195
0.43060803413391113,0.6862422227859497,0.19428761303424835
0.5261937975883484,0.6951454281806946,0.24297334253787994
0.4382133483886719,0.6954569220542908,0.20380796492099762
0.5533711910247803,0.711127519607544,0.06603403389453888
0.43164193630218506,0.7132334113121033,0.023513317108154297
-
0.4693894386291504,0.36788108944892883,-0.4802037179470062
0.47646966576576233,0.3597971498966217,-0.46020257472991943
0.4816749095916748,0.3596256375312805,-0.4601440131664276
0.4866093397140503,0.35953807830810547,-0.46012789011001587
0.46040043234825134,0.3601894974708557,-0.4608750343322754
0.4555690288543701,0.36033791303634644,-0.4609338939189911
0.45159175992012024,0.3606087565422058,-0.46091052889823914
0.49337056279182434,0.36247581243515015,-0.29613006114959717
0.44473588466644287,0.3648614287376404,-0.30272117257118225
0.4797362983226776,0.3752220571041107,-0.41513121128082275
0.45970746874809265,0.3757440447807312,-0.4172167479991913
0.5444681644439697,0.40477776527404785,-0.15734311938285828
0.40299779176712036,0.4070473313331604,-0.15511228144168854
0.6091436147689819,0.4444960057735443,-0.0803714245557785
0.33610352873802185,0.4446712136268616,-0.08600166440010071
0.5552477836608887,0.4807310998439789,-0.20086227357387543
0.38829249143600464,0.4767701029777527,-0.19635812938213348
0.5399836301803589,0.4914685785770416,-0.24074113368988037
0.4033321440219879,0.48793020844459534,-0.23393993079662323
0.5336556434631348,0.4846317172050476,-0.2606590986251831
0.4105626344680786,0.48095232248306274,-0.25437089800834656
0.5373616218566895,0.4813095033168793,-0.20787771046161652
0.4079899787902832,0.4774492383003235,-0.20415888726711273
0.5193774700164795,0.5221210718154907,0.0014711788389831781
0.44264739751815796,0.5216813683509827,-0.0015855691162869334
0.5289393663406372,0.6041893362998962,0.03945707902312279
0.43411609530448914,0.6073771715164185,0.003020418342202902
0.5389909148216248,0.6840550303459167,0.24779130518436432
0.43061116337776184,0.6862446069717407,0.2021685540676117
0.5263669490814209,0.6946858167648315,0.2588796019554138
0.4383007884025574,0.6954863667488098,0.21299536526203156
0.5523622035980225,0.7107435464859009,0.08247823268175125
0.43136483430862427,0.7131950855255127,0.03229780122637749
-
0.4682343304157257,0.36795487999916077,-0.4988322854042053
0.4754149913787842,0.35985031723976135,-0.47952553629875183
0.4807402789592743,0.3596755862236023,-0.4794592261314392
0.485685259103775,0.35957133769989014,-0.4794462025165558
0.45921266078948975,0.3602578043937683,-0.47970831394195557
0.45430848002433777,0.3604263663291931,-0.47977346181869507
0.450409471988678,0.3606901168823242,-0.4797460734844208
0.49269312620162964,0.36249861121177673,-0.3135993480682373
0.44388091564178467,0.36490821838378906,-0.318421334028244
0.4789125621318817,0.37528538703918457,-0.4326622784137726
0.4587036669254303,0.37581685185432434,-0.434256374835968
0.543851912021637,0.4046989381313324,-0.16950684785842896
0.4026232063770294,0.4071381986141205,-0.1644042283296585
0.6092841625213623,0.444326788187027,-0.0911068469285965
0.3345842659473419,0.44480380415916443,-0.08914975821971893
0.554108202457428,0.48166149854660034,-0.2094261199235916
0.3874985873699188,0.476743221282959,-0.19233205914497375
0.53883957862854,0.492110013961792,-0.24923460185527802
0.402633935213089,0.4878675043582916,-0.2281269133090973
0.53238445520401,0.4850934147834778,-0.2681730389595032
0.409940242767334,0.4809010624885559,-0.24800582230091095
0.536122739315033,0.48188668489456177,-0.21572551131248474
0.4073554575443268,0.477409690618515,-0.1995580941438675
0.5190471410751343,0.5221184492111206,0.0013016629964113235
0.44207480549812317,0.5218685865402222,-0.0014212375972419977
0.529077410697937,0.6042283773422241,0.03940504044294357
0.4338749051094055,0.6076180934906006,0.0006137731252238154
0.5389804244041443,0.683956503868103,0.26101815700531006
0.43065792322158813,0.6863036155700684,0.20787745714187622
0.5263696908950806,0.6943341493606567,0.27373504638671875
0.43851178884506226,0.6955229043960571,0.21958766877651215
0.5524391531944275,0.7107006311416626,0.09632265567779541
0.4313453137874603,0.7133477926254272,0.03638240322470665
-
0.467253714799881,0.3681126832962036,-0.5019835829734802
0.4744206666946411,0.35993891954421997,-0.4836066663265228
0.4798181354999542,0.3597405254840851,-0.48353418707847595
0.48480236530303955,0.35960298776626587,-0.48352473974227905
0.45805782079696655,0.36040201783180237,-0.4838809072971344
0.45307692885398865,0.3606032431125641,-0.48395130038261414
0.4491885006427765,0.3608521521091461,-0.4839227497577667
0.49199673533439636,0.3625103533267975,-0.3194533586502075
0.44296497106552124,0.36506879329681396,-0.32434117794036865
0.47809141874313354,0.37537288665771484,-0.43618765473365784
0.45768508315086365,0.3760101795196533,-0.4378014802932739
0.5440114140510559,0.40465909242630005,-0.16985511779785156
0.40277421474456787,0.40714240074157715,-0.1708795577287674
0.6095807552337646,0.4443747401237488,-0.08486159890890121
0.3338804543018341,0.44511231780052185,-0.08733223378658295
0.5525805354118347,0.48187416791915894,-0.2075822353363037
0.387848824262619,0.4765986502170563,-0.18539121747016907
0.5370391607284546,0.49222293496131897,-0.2410777360200882
0.4027736783027649,0.4876388609409332,-0.22259396314620972
0.5307067632675171,0.485177218914032,-0.2587118446826935
0.4101179242134094,0.48073920607566833,-0.2461477518081665
0.5345773696899414,0.48200640082359314,-0.21210558712482452
0.407479852437973,0.4772348403930664,-0.1947079300880432
0.5187013149261475,0.5220885872840881,0.0014501732075586915
0.44152146577835083,0.5219196677207947,-0.0015740508679300547
0.5290468335151672,0.604349672794342,0.03959161043167114
0.4338842034339905,0.6078153252601624,0.006866210140287876
0.539154052734375,0.6836894750595093,0.26503872871398926
0.43069639801979065,0.6863536834716797,0.21794089674949646
0.5266690850257874,0.6940642595291138,0.27789247035980225
0.4387555718421936,0.6955394148826599,0.22951200604438782
0.5526090264320374,0.7106753587722778,0.10172533243894577
0.43137508630752563,0.7135679721832275,0.047147735953330994
-
0.467244029045105,0.3686768412590027,-0.4988846182823181
0.4742983877658844,0.36037543416023254,-0.48036545515060425
0.4795849621295929,0.36009520292282104,-0.48030000925064087
0.48454251885414124,0.35984137654304504,-0.4802919030189514
0.45809638500213623,0.36093154549598694,-0.48085686564445496
0.45298850536346436,0.3611283004283905,-0.48092037439346313
0.4490973949432373,0.3613741099834442,-0.48089176416397095
0.4915843904018402,0.36266642808914185,-0.31652864813804626
0.44285160303115845,0.36559826135635376,-0.3225512206554413
0.47792232036590576,0.3757491707801819,-0.43334048986434937
0.4577372968196869,0.37659913301467896,-0.4352641999721527
0.544169545173645,0.40465837717056274,-0.16978195309638977
0.40310579538345337,0.40719181299209595,-0.1685951203107834
0.6097848415374756,0.4448773264884949,-0.08978331089019775
0.3327970802783966,0.4451495110988617,-0.08888927102088928
0.552671492099762,0.48199597001075745,-0.20916502177715302
0.3878319561481476,0.4766843318939209,-0.18540483713150024
0.5370458960533142,0.49225884675979614,-0.2467687875032425
0.4027091860771179,0.4877395033836365,-0.21999242901802063
0.5305660963058472,0.4851899743080139,-0.2649206519126892
0.41022545099258423,0.48081547021865845,-0.24108536541461945
0.5345146656036377,0.48203244805336,-0.2147708535194397
0.4074521064758301,0.4772791862487793,-0.193123459815979
0.5183941125869751,0.5220558047294617,0.0014250093372538686
0.44165581464767456,0.5219430923461914,-0.001544947037473321
0.5286903381347656,0.6040863394737244,0.04331137239933014
0.43363669514656067,0.6078358888626099,0.008471720851957798
0.5402032732963562,0.6834793090820312,0.25493544340133667
0.430679589509964,0.686359167098999,0.2176515758037567
0.5277097225189209,0.6938878297805786,0.26660358905792236
0.438728928565979,0.6955400705337524,0.22812116146087646
0.5528680086135864,0.7104604244232178,0.09021030366420746
0.4313186705112457,0.7135727405548096,0.04599715396761894
-
0.4671553671360016,0.3689501881599426,-0.49503979086875916
0.4740998446941376,0.3606005311012268,-0.47613435983657837
0.4793711006641388,0.3602667450904846,-0.47606515884399414
0.48435792326927185,0.35995110869407654,-0.476052850484848
0.45800814032554626,0.3612213432788849,-0.477037250995636
0.45283520221710205,0.3614139258861542,-0.4771032929420471
0.4489244818687439,0.36166924238204956,-0.4770733416080475
0.4914970099925995,0.362746000289917,-0.31261366605758667
0.4427420198917389,0.3658904433250427,-0.321125864982605
0.4777736961841583,0.37593814730644226,-0.42982882261276245
0.45774558186531067,0.37686887383461,-0.43232235312461853
0.5444112420082092,0.4046327471733093,-0.16538552939891815
0.40346428751945496,0.4071922302246094,-0.16805966198444366
0.609933614730835,0.44541135430336,-0.0870434045791626
0.33358967304229736,0.44516104459762573,-0.08520039916038513
0.5522667765617371,0.48210424184799194,-0.20680738985538483
0.3881443738937378,0.4767676293849945,-0.1834808588027954
0.5364881753921509,0.4922911524772644,-0.24580517411231995
0.4029492139816284,0.4877714514732361,-0.21814952790737152
0.5299790501594543,0.4852348268032074,-0.2638726234436035
0.41043299436569214,0.48083487153053284,-0.23884595930576324
0.5340512990951538,0.4820936620235443,-0.21266837418079376
0.4076248109340668,0.4772920608520508,-0.19114960730075836
0.5184783935546875,0.522103488445282,0.0012767106527462602
0.4417317807674408,0.522084653377533,-0.0013920249184593558
0.5284878611564636,0.6041178107261658,0.04497958719730377
0.433056503534317,0.607872724533081,0.010630203410983086
0.5410569310188293,0.6834818720817566,0.24957449734210968
0.43062007427215576,0.6863621473312378,0.2124238908290863
0.5286067128181458,0.6938844323158264,0.26041626930236816
0.43869248032569885,0.6955395340919495,0.2225295603275299
0.55400151014328,0.7104966044425964,0.0840335562825203
0.43109893798828125,0.7135979533195496,0.04038405418395996
-
0.4672350585460663,0.3689959645271301,-0.4914337992668152
0.4741480052471161,0.3606649935245514,-0.4729863107204437
0.4794018268585205,0.36031511425971985,-0.47292670607566833
0.48437488079071045,0.35999053716659546,-0.47291624546051025
0.4581715166568756,0.36129504442214966,-0.4731041491031647
0.45298677682876587,0.3614663779735565,-0.47316569089889526
0.44898495078086853,0.3617289066314697,-0.4731423258781433
0.49152371287345886,0.36279693245887756,-0.31121325492858887
0.44289878010749817,0.3659020662307739,-0.3157863914966583
0.47771763801574707,0.3759680390357971,-0.42668071389198303
0.45785409212112427,0.3768841624259949,-0.42818278074264526
0.5445424914360046,0.4046241343021393,-0.17075815796852112
0.40368831157684326,0.4070512354373932,-0.16427196562290192
0.6099694967269897,0.44615116715431213,-0.1138051375746727
0.333999365568161,0.44515496492385864,-0.09633643180131912
0.5524824857711792,0.4821853041648865,-0.24738723039627075
0.3883625566959381,0.4768136143684387,-0.21395522356033325
0.536637008190155,0.49232959747314453,-0.2902300953865051
0.40312960743904114,0.4878471791744232,-0.25174465775489807
0.530170738697052,0.48531651496887207,-0.30640727281570435
0.41059646010398865,0.4808691143989563,-0.27150988578796387
0.5342695713043213,0.4821992516517639,-0.2528698444366455
0.4078161418437958,0.47730714082717896,-0.22183765470981598
0.5185467600822449,0.5223754048347473,-3.132879646727815e-05
0.4422081708908081,0.5223144292831421,-8.568071643821895e-05
0.5282659530639648,0.604173481464386,0.044557392597198486
0.43291643261909485,0.6078875064849854,0.014131903648376465
0.5418761372566223,0.6836772561073303,0.24293820559978485
0.430619478225708,0.6863805055618286,0.21205751597881317
0.5300560593605042,0.694150447845459,0.25233566761016846
0.4387168884277344,0.695543646812439,0.2218969613313675
0.5543969869613647,0.7105053067207336,0.07599183171987534
0.43092724680900574,0.7136040329933167,0.043374598026275635
-
0.46737974882125854,0.36906638741493225,-0.5054498910903931
0.4742644429206848,0.3607195019721985,-0.4885188341140747
0.4794689118862152,0.3603369891643524,-0.48846328258514404
0.4844226539134979,0.36001724004745483,-0.48846375942230225
0.45829087495803833,0.36143267154693604,-0.4872704744338989
0.4531587064266205,0.3615870773792267,-0.48733752965927124
0.44912973046302795,0.36185920238494873,-0.48732173442840576
0.4916130006313324,0.3628183603286743,-0.3267129361629486
0.44306695461273193,0.3659292757511139,-0.324545681476593
0.4777962267398834,0.3760449290275574,-0.44003716111183167
0.45798182487487793,0.37698689103126526,-0.43963292241096497
0.5462736487388611,0.40451034903526306,-0.18201662600040436
0.40426525473594666,0.40684714913368225,-0.17022448778152466
0.6115313768386841,0.4462730288505554,-0.12569543719291687
0.33417850732803345,0.44514602422714233,-0.10485769808292389
0.5540811419487,0.4820639491081238,-0.26245003938674927
0.3884674608707428,0.47678154706954956,-0.2226414531469345
0.5387593507766724,0.4922596514225006,-0.30633682012557983
0.403200626373291,0.48788371682167053,-0.2608681321144104
0.5320039391517639,0.48527494072914124,-0.32324907183647156
0.41106879711151123,0.4808826446533203,-0.28083336353302
0.5358915328979492,0.4821339547634125,-0.2682921290397644
0.4082792401313782,0.47730836272239685,-0.23050278425216675
0.5193039178848267,0.5223751664161682,-0.0005985131720080972
0.4430040121078491,0.5223273038864136,0.00048546039033681154
0.5280399918556213,0.6041767597198486,0.04222853481769562
0.4327634572982788,0.6079680323600769,0.01683073490858078
0.5423126220703125,0.6837989687919617,0.24309603869915009
0.4306182563304901,0.6863780617713928,0.22261083126068115
0.530808687210083,0.6942674517631531,0.2531600892543793
0.4387194812297821,0.6954525113105774,0.2336130142211914
0.5545904040336609,0.7106090784072876,0.07630845159292221
0.4309231638908386,0.7135877013206482,0.05601997300982475
-
0.46743130683898926,0.36906200647354126,-0.49563661217689514
0.47430941462516785,0.36070793867111206,-0.4816625416278839
0.47949549555778503,0.3603117763996124,-0.48161277174949646
0.48445412516593933,0.3600037097930908,-0.48160693049430847
0.4584784507751465,0.36143508553504944,-0.4768196642398834
0.453323096036911,0.36158961057662964,-0.4768790900707245
0.4491906464099884,0.3618740439414978,-0.4768699109554291
0.4917740821838379,0.3628219664096832,-0.3216712176799774
0.44358742237091064,0.36594587564468384,-0.3123043179512024
0.47790148854255676,0.37604790925979614,-0.4336554706096649
0.45819875597953796,0.3769899010658264,-0.4289972484111786
0.5480048060417175,0.4042019844055176,-0.17610789835453033
0.40737250447273254,0.4067952632904053,-0.16041763126850128
0.6125901937484741,0.44625672698020935,-0.11416357010602951
0.33603084087371826,0.44493135809898376,-0.0941615179181099
0.5541973114013672,0.48195680975914,-0.2422477751970291
0.38857582211494446,0.4766678214073181,-0.20623092353343964
0.5389735698699951,0.49220409989356995,-0.2838914096355438
0.40336737036705017,0.48789137601852417,-0.24112918972969055
0.5324447154998779,0.4852495789527893,-0.3014051020145416
0.4116770923137665,0.48096585273742676,-0.2605033814907074
0.5362640023231506,0.48207807540893555,-0.24811086058616638
0.4090360999107361,0.4773408770561218,-0.21428023278713226
0.5197654962539673,0.522372841835022,-0.0006282307440415025
0.44382959604263306,0.5223387479782104,0.0005185572081245482
0.5278350114822388,0.6040061712265015,0.0422433577477932
0.43276986479759216,0.6079649925231934,0.019854828715324402
0.5423476099967957,0.6838677525520325,0.22649256885051727
0.4306170642375946,0.6863601803779602,0.22166769206523895
0.5308941602706909,0.6945040225982666,0.23434461653232574
0.43862420320510864,0.6953936815261841,0.23025602102279663
0.5546708106994629,0.710612952709198,0.05799416825175285
0.43105635046958923,0.7135629057884216,0.0541631318628788
-
0.467893123626709,0.36894434690475464,-0.4875572919845581
0.47483333945274353,0.3605284094810486,-0.47297999262809753
0.48006027936935425,0.3601278066635132,-0.47292980551719666
0.4849185645580292,0.3598576486110687,-0.47291597723960876
0.45922011137008667,0.36139029264450073,-0.4685596525669098
0.45398271083831787,0.36156079173088074,-0.4686172902584076
0.4494897723197937,0.3618660569190979,-0.46860793232917786
0.4925464689731598,0.36279210448265076,-0.31712013483047485
0.44436582922935486,0.3659452795982361,-0.30549463629722595
0.47859328985214233,0.3760142922401428,-0.425873726606369
0.45883268117904663,0.376985102891922,-0.42170462012290955
0.5493494868278503,0.40405529737472534,-0.17487360537052155
0.4100264608860016,0.40674668550491333,-0.15570294857025146
0.6137971878051758,0.44624534249305725,-0.10803844779729843
0.3397888243198395,0.4449315071105957,-0.09222552180290222
0.5546439290046692,0.48189058899879456,-0.23433232307434082
0.3898627758026123,0.47679194808006287,-0.20099957287311554
0.5393974184989929,0.49220043420791626,-0.27552539110183716
0.40445399284362793,0.48805680871009827,-0.23575197160243988
0.5328779220581055,0.4851419925689697,-0.293234646320343
0.41301968693733215,0.4811604619026184,-0.25544053316116333
0.5366833806037903,0.48195958137512207,-0.24027979373931885
0.41037482023239136,0.47750577330589294,-0.20876432955265045
0.5209134817123413,0.5223139524459839,-0.0005583356833085418
0.44558462500572205,0.5223295092582703,0.00044999204692430794
0.5276695489883423,0.6039301156997681,0.04071773216128349
0.43279799818992615,0.607941746711731,0.01869085431098938
0.542326807975769,0.6839694976806641,0.21212047338485718
0.4306712746620178,0.6862812042236328,0.20674851536750793
0.5308440923690796,0.6947003602981567,0.21899312734603882
0.43862420320510864,0.6952261924743652,0.21406956017017365
0.5552804470062256,0.7108289003372192,0.042142339050769806
0.4313746690750122,0.7135617733001709,0.03727537393569946
-
0.4686258137226105,0.3683128356933594,-0.4835487902164459
0.47561582922935486,0.36006003618240356,-0.4680328071117401
0.4808816611766815,0.3596780300140381,-0.46798256039619446
0.485646516084671,0.3594198524951935,-0.4679628610610962
0.46006372570991516,0.36111265420913696,-0.46386340260505676
0.4547654390335083,0.3613514304161072,-0.4639238715171814
0.4500128924846649,0.3617222309112549,-0.4639180898666382
0.49378132820129395,0.3625842034816742,-0.3115496039390564
0.4455028474330902,0.36591094732284546,-0.2992382347583771
0.47976455092430115,0.37550681829452515,-0.42116624116897583
0.4597235918045044,0.37656429409980774,-0.4172910153865814
0.5513168573379517,0.40393343567848206,-0.16743169724941254
0.4132174253463745,0.40669217705726624,-0.14898082613945007
0.6155138611793518,0.4463907778263092,-0.09633062034845352
0.34330564737319946,0.4447719156742096,-0.07536680996417999
0.5555797815322876,0.4818779528141022,-0.21132291853427887
0.39371711015701294,0.47710543870925903,-0.17722119390964508
0.5399137735366821,0.49221864342689514,-0.24963438510894775
0.40763330459594727,0.4883181154727936,-0.21054798364639282
0.5334681868553162,0.4851028025150299,-0.2671442925930023
0.41673609614372253,0.4817379117012024,-0.23147521913051605
0.5373334884643555,0.48192253708839417,-0.21675404906272888
0.4145199656486511,0.478067010641098,-0.18514923751354218
0.5225115418434143,0.5222269296646118,-0.0005116817192174494
0.4475908577442169,0.5222898721694946,0.0004045798268634826
0.5275809168815613,0.6038674116134644,0.037646517157554626
0.4330541789531708,0.6075858473777771,0.01171835232526064
0.5423091650009155,0.6841094493865967,0.20677651464939117
0.4307853579521179,0.6862204074859619,0.19384153187274933
0.5307965874671936,0.6950581669807434,0.21342168748378754
0.4386371970176697,0.695132851600647,0.20133808255195618
0.5555155277252197,0.7110040783882141,0.034123703837394714
0.43159544467926025,0.713569164276123,0.01937936432659626
-
0.4696679711341858,0.3678276538848877,-0.45788413286209106
0.47691789269447327,0.35971057415008545,-0.44022539258003235
0.4820902645587921,0.3593583405017853,-0.44018474221229553
0.48669543862342834,0.359117329120636,-0.4401721656322479
0.4615682363510132,0.36086708307266235,-0.43781954050064087
0.4563243091106415,0.36115026473999023,-0.4378693103790283
0.4514601528644562,0.3615565896034241,-0.43785154819488525
0.49533945322036743,0.3624531626701355,-0.2820369303226471
0.4473648965358734,0.36587855219841003,-0.27490583062171936
0.4811334013938904,0.37508299946784973,-0.3948798179626465
0.461000919342041,0.37609511613845825,-0.39284825325012207
0.5524831414222717,0.4038497507572174,-0.1365087479352951
0.41572824120521545,0.40660372376441956,-0.12763653695583344
0.6166252493858337,0.44627445936203003,-0.05548059567809105
0.3482513725757599,0.4443611204624176,-0.04493142291903496
0.5605500340461731,0.48120784759521484,-0.1699294149875641
0.39486852288246155,0.47721442580223083,-0.1452571600675583
0.5439817309379578,0.4920043349266052,-0.20762744545936584
0.4084925651550293,0.4884257912635803,-0.17850694060325623
0.5375931859016418,0.4847438931465149,-0.2277013510465622
0.4179480969905853,0.4818486273288727,-0.20130297541618347
0.5418182611465454,0.48149996995925903,-0.1766894906759262
0.41565123200416565,0.4781714975833893,-0.15388105809688568
0.5236215591430664,0.5219713449478149,-5.068957034382038e-05
0.4486638009548187,0.5220274329185486,-4.065004031872377e-05
0.52772456407547,0.6039739847183228,0.03308954834938049
0.4335036277770996,0.6075848340988159,0.009142066352069378
0.5421891212463379,0.6842378377914429,0.20129920542240143
0.431071400642395,0.6862165331840515,0.18681158125400543
0.530469536781311,0.6954246759414673,0.20784035325050354
0.43914467096328735,0.6950436234474182,0.1940326690673828
0.5564817190170288,0.7112228870391846,0.027998361736536026
0.43169105052948,0.713722288608551,0.01110320258885622
-
0.47185665369033813,0.36781877279281616,-0.44725701212882996
0.4793056547641754,0.3597107529640198,-0.42830073833465576
0.4843430519104004,0.35936036705970764,-0.4282577633857727
0.4886419475078583,0.3591197729110718,-0.4282536804676056
0.463927298784256,0.3608664870262146,-0.4284127950668335
0.45869606733322144,0.3611491024494171,-0.4284607768058777
0.45372048020362854,0.3615470230579376,-0.4284335672855377
0.497408390045166,0.3624882400035858,-0.26444050669670105
0.44907236099243164,0.36588019132614136,-0.26786473393440247
0.483346551656723,0.37508612871170044,-0.38193970918655396
0.4629593789577484,0.37608233094215393,-0.3830114006996155
0.5536019802093506,0.40382105112075806,-0.10900512337684631
0.4170665442943573,0.4066062867641449,-0.12289103120565414
0.6172289252281189,0.44607964158058167,-0.008193859830498695
0.35213202238082886,0.44388794898986816,-0.03474796190857887
0.5635213851928711,0.4806544780731201,-0.11331920325756073
0.39808768033981323,0.47721123695373535,-0.12802547216415405
0.5460934638977051,0.4917926788330078,-0.1493573933839798
0.41111886501312256,0.48841428756713867,-0.16051100194454193
0.5398114323616028,0.48457351326942444,-0.17073336243629456
0.4204706847667694,0.4818522036075592,-0.18550997972488403
0.5442489981651306,0.48125776648521423,-0.12087076157331467
0.418411523103714,0.47817784547805786,-0.13708889484405518
0.5249044895172119,0.5214189887046814,0.004346752073615789
0.449704647064209,0.5216415524482727,-0.004397308453917503
0.5285678505897522,0.6039801836013794,0.02291690744459629
0.43415915966033936,0.6075233221054077,-0.004629155155271292
0.5419211387634277,0.6846868991851807,0.18822994828224182
0.43124809861183167,0.6858439445495605,0.1740032285451889
0.5296543836593628,0.6967101693153381,0.19397664070129395
0.4394044578075409,0.6940547227859497,0.18106664717197418
0.558946967124939,0.711859405040741,0.00878498051315546
0.4320034980773926,0.7138018608093262,-0.005936100613325834
-
0.47300320863723755,0.3678148090839386,-0.43676745891571045
0.48055729269981384,0.35971128940582275,-0.4184097647666931
0.48560667037963867,0.3593621253967285,-0.41836899518966675
0.4898664355278015,0.3591223359107971,-0.41836661100387573
0.4651384651660919,0.3608659505844116,-0.4174235761165619
0.4599572420120239,0.3611468970775604,-0.4174674153327942
0.45496538281440735,0.36153489351272583,-0.4174357056617737
0.4989877939224243,0.36253422498703003,-0.25803637504577637
0.4504619240760803,0.3658848702907562,-0.25613415241241455
0.48456141352653503,0.37508776783943176,-0.3728020489215851
0.46414604783058167,0.3760671019554138,-0.37237808108329773
0.5550181865692139,0.40380996465682983,-0.10607864707708359
0.41944703459739685,0.4066064953804016,-0.11327854543924332
0.6188016533851624,0.4460689425468445,-0.011275630444288254
0.35498443245887756,0.443331241607666,-0.02043667435646057
0.564857006072998,0.48059797286987305,-0.10964006930589676
0.4001081585884094,0.47709959745407104,-0.10402612388134003
0.5470430254936218,0.49177202582359314,-0.14421556890010834
0.41279441118240356,0.4883085787296295,-0.1345078945159912
0.5409424304962158,0.48449477553367615,-0.16299986839294434
0.4223516583442688,0.4818190038204193,-0.1585971564054489
0.5453522205352783,0.48117202520370483,-0.11577772349119186
0.42036309838294983,0.47815412282943726,-0.1127164214849472
0.5254707336425781,0.5213493704795837,0.005470386706292629
0.4501226246356964,0.5215734243392944,-0.0055155521258711815
0.528930127620697,0.6041201949119568,0.022120624780654907
0.43496111035346985,0.6075759530067444,-0.004911049269139767
0.5416427254676819,0.6851276159286499,0.19111162424087524
0.4315761923789978,0.6857122778892517,0.1758519411087036
0.5290499329566956,0.6974807977676392,0.19750355184078217
0.4398743808269501,0.6935914754867554,0.18330883979797363
0.560198187828064,0.7122754454612732,0.0142269441857934
0.43203672766685486,0.7139502167701721,-0.002465987578034401
-
0.47422778606414795,0.367819607257843,-0.43878987431526184
0.48191946744918823,0.35972827672958374,-0.4201394319534302
0.48697203397750854,0.3593906760215759,-0.4201001822948456
0.4911952018737793,0.35916680097579956,-0.42009785771369934
0.4665089547634125,0.360869824886322,-0.41976284980773926
0.46135708689689636,0.3611459732055664,-0.41980814933776855
0.4563715159893036,0.3615260720252991,-0.41978272795677185
0.500582218170166,0.3626326024532318,-0.2576643228530884
0.45178884267807007,0.3658839762210846,-0.2586301863193512
0.48575541377067566,0.3751029372215271,-0.3739173114299774
0.4653718173503876,0.3760669529438019,-0.3743225038051605
0.556068480014801,0.4037555754184723,-0.10276298224925995
0.4201785922050476,0.40659481287002563,-0.1154065877199173
0.619931697845459,0.44602376222610474,-0.0063453190959990025
0.3568046987056732,0.443215548992157,-0.028061429038643837
0.5660603642463684,0.48058420419692993,-0.10981426388025284
0.40210261940956116,0.4771054685115814,-0.12377221882343292
0.5481355786323547,0.49173909425735474,-0.14559979736804962
0.4145679771900177,0.4882982671260834,-0.15629777312278748
0.5419651865959167,0.48446783423423767,-0.1649719476699829
0.42421412467956543,0.48181620240211487,-0.18084143102169037
0.5463649034500122,0.4811520576477051,-0.11631166934967041
0.422163724899292,0.4781520962715149,-0.13281692564487457
0.5265282988548279,0.5211883783340454,0.006811010651290417
0.4511699974536896,0.5213438272476196,-0.006852090824395418
0.529599130153656,0.6040975451469421,0.017868323251605034
0.43604767322540283,0.6076139211654663,-0.012829670682549477
0.5416314005851746,0.6858118772506714,0.17622141540050507
0.4318058490753174,0.6859273910522461,0.15943017601966858
0.5288520455360413,0.698884129524231,0.18118764460086823
0.44052669405937195,0.6940408945083618,0.1657872349023819
0.560795783996582,0.7127242088317871,-0.0011680892203003168
0.4314432740211487,0.714037299156189,-0.019532371312379837
-
0.47523069381713867,0.36777612566947937,-0.4389456808567047
0.4828644096851349,0.35970339179039,-0.4205135405063629
0.4878956377506256,0.3593754470348358,-0.420470654964447
0.4921727180480957,0.3591609299182892,-0.4204655885696411
0.4675024747848511,0.3608340620994568,-0.4196944832801819
0.46231311559677124,0.3611040711402893,-0.41974180936813354
0.45734071731567383,0.36146897077560425,-0.4197200834751129
0.5017468929290771,0.36265188455581665,-0.2599048316478729
0.4526844918727875,0.36588311195373535,-0.2588860094547272
0.486653208732605,0.3750883936882019,-0.3749202787876129
0.46636641025543213,0.3760313391685486,-0.37477439641952515
0.5572180151939392,0.4037208557128906,-0.1092144101858139
0.420958936214447,0.40658682584762573,-0.1169925257563591
0.6207200288772583,0.44602423906326294,-0.020366447046399117
0.3584068715572357,0.4430077075958252,-0.030704528093338013
0.566032350063324,0.48058000206947327,-0.1253165304660797
0.40454742312431335,0.47716403007507324,-0.12298967689275742
0.5481857061386108,0.4916105270385742,-0.16118153929710388
0.4167766273021698,0.4883155822753906,-0.1549510508775711
0.5422424077987671,0.4841598868370056,-0.17983004450798035
0.42632928490638733,0.4818685054779053,-0.17940904200077057
0.5466511845588684,0.48098236322402954,-0.13146401941776276
0.4244399070739746,0.47820860147476196,-0.13196776807308197
0.528069257736206,0.5208402276039124,0.006702599115669727
0.45243534445762634,0.521011233329773,-0.0067466492764651775
0.5305024981498718,0.6040350198745728,0.01773691363632679
0.4371207058429718,0.6076176762580872,-0.012099583633244038
0.5416276454925537,0.6861313581466675,0.17509832978248596
0.431904137134552,0.6860557198524475,0.15779522061347961
0.5287646055221558,0.6994043588638306,0.18008553981781006
0.4408770203590393,0.6943943500518799,0.16396351158618927
0.5609661340713501,0.7129462957382202,-0.002516350243240595
0.43093499541282654,0.714063823223114,-0.02084205485880375
-
0.47657859325408936,0.36775368452072144,-0.4321926236152649
0.48421618342399597,0.3596794605255127,-0.4134153127670288
0.4892389476299286,0.3593579828739166,-0.4133754372596741
0.49354422092437744,0.3591505289077759,-0.41336941719055176
0.4687151610851288,0.36081600189208984,-0.4130254089832306
0.46347448229789734,0.3610876500606537,-0.41306835412979126
0.4584726095199585,0.36144474148750305,-0.41304686665534973
0.5033113360404968,0.3626594841480255,-0.25182071328163147
0.45363855361938477,0.3658939301967621,-0.2527444362640381
0.4880763292312622,0.3750705122947693,-0.3678589165210724
0.46779364347457886,0.3760063052177429,-0.3682842552661896
0.5583032369613647,0.4037189483642578,-0.10111590474843979
0.4225328266620636,0.4065791964530945,-0.11232050508260727
0.6213605999946594,0.44620785117149353,-0.012535333633422852
0.36022326350212097,0.4421999454498291,-0.022603170946240425
0.5657395124435425,0.4806414246559143,-0.11856036633253098
0.40643996000289917,0.47716885805130005,-0.10765086114406586
0.5480756163597107,0.49160900712013245,-0.15478304028511047
0.41856926679611206,0.4883077144622803,-0.13838164508342743
0.542224645614624,0.4840584695339203,-0.17287315428256989
0.4280872046947479,0.4819217622280121,-0.16352057456970215
0.546566903591156,0.48093080520629883,-0.12457917630672455
0.4262862205505371,0.4782646596431732,-0.11665494740009308
0.5291510820388794,0.5207671523094177,0.007474413141608238
0.4534977674484253,0.5209332704544067,-0.007511820178478956
0.5315587520599365,0.6040449738502502,0.01872965693473816
0.43813031911849976,0.6076885461807251,-0.011674918234348297
0.5416331887245178,0.686376690864563,0.17697639763355255
0.43196699023246765,0.686099112033844,0.15853799879550934
0.5287066698074341,0.6997060775756836,0.18209360539913177
0.440991073846817,0.6945598721504211,0.16470827162265778
0.5611867904663086,0.713119626045227,-0.0007573750335723162
0.4307398200035095,0.7140794396400452,-0.0208889152854681
-
0.4773925244808197,0.36776214838027954,-0.4267842173576355
0.4851260185241699,0.3596797585487366,-0.40871840715408325
0.4902491271495819,0.3593585789203644,-0.4086785614490509
0.4946690797805786,0.35915181040763855,-0.4086647927761078
0.4693973660469055,0.3608204424381256,-0.40770140290260315
0.4641381502151489,0.36109083890914917,-0.40774357318878174
0.45910635590553284,0.36144569516181946,-0.40772515535354614
0.5047560930252075,0.36268025636672974,-0.2504458725452423
0.45433494448661804,0.3659457266330719,-0.24888530373573303
0.48914259672164917,0.37507736682891846,-0.3637409508228302
0.46861425042152405,0.3760204017162323,-0.3634071350097656
0.5595174431800842,0.4037289023399353,-0.10386137664318085
0.42402711510658264,0.40652304887771606,-0.10990699380636215
0.6224415898323059,0.4465351700782776,-0.021055102348327637
0.36082667112350464,0.4417046010494232,-0.022248243913054466
0.5656182169914246,0.48087698221206665,-0.12985771894454956
0.40795373916625977,0.47718295454978943,-0.1056804209947586
0.5480117797851562,0.4916776716709137,-0.16671480238437653
0.4201675355434418,0.4882989823818207,-0.13573358952999115
0.5421311855316162,0.4840579926967621,-0.18437762558460236
0.4295220375061035,0.4819307327270508,-0.15973858535289764
0.5464354753494263,0.4809363782405853,-0.13570831716060638
0.42762094736099243,0.47828108072280884,-0.1141745001077652
0.5302708745002747,0.5208092927932739,0.007405954413115978
0.45451584458351135,0.5209372043609619,-0.007443716749548912
0.5325857400894165,0.6041847467422485,0.01797754317522049
0.438983291387558,0.6077818870544434,-0.011369548738002777
0.5416433811187744,0.6865535974502563,0.17433935403823853
0.4319799542427063,0.6862631440162659,0.15472178161144257
0.5286288261413574,0.6999315023422241,0.17937302589416504
0.44103702902793884,0.6949598789215088,0.16053201258182526
0.5614805817604065,0.7132741212844849,-0.0004813013947568834
0.430419385433197,0.7141236662864685,-0.023174956440925598
-
0.4783022999763489,0.36817753314971924,-0.4277680218219757
0.4860239326953888,0.36006051301956177,-0.4097369313240051
0.4912491738796234,0.3597556948661804,-0.4096967577934265
0.49567684531211853,0.3595723509788513,-0.4096859097480774
0.4702973961830139,0.3611428141593933,-0.40883564949035645
0.46515363454818726,0.36139869689941406,-0.40887969732284546
0.4601128101348877,0.36174535751342773,-0.40886417031288147
0.5060576796531677,0.36319831013679504,-0.2507363557815552
0.4552742838859558,0.3662724196910858,-0.24968299269676208
0.490003764629364,0.3754193186759949,-0.36428409814834595
0.46947944164276123,0.37634745240211487,-0.36410611867904663
0.5601667761802673,0.4037737250328064,-0.10303068906068802
0.42538630962371826,0.4064432680606842,-0.10906359553337097
0.6235030293464661,0.44659096002578735,-0.01943320594727993
0.3617897033691406,0.44130292534828186,-0.023101042956113815
0.5656853318214417,0.480879008769989,-0.12976863980293274
0.409010112285614,0.4771975874900818,-0.11084599047899246
0.5481158494949341,0.4916708469390869,-0.16732041537761688
0.42130953073501587,0.4882529675960541,-0.14177386462688446
0.542084276676178,0.4840533137321472,-0.18535743653774261
0.4307064116001129,0.4819273352622986,-0.16580234467983246
0.5464804768562317,0.48093312978744507,-0.13580918312072754
0.42864295840263367,0.4782814085483551,-0.11937550455331802
0.5314440131187439,0.5208133459091187,0.00752635020762682
0.4553983807563782,0.5208795666694641,-0.007559487596154213
0.5334386825561523,0.6042693853378296,0.015177205204963684
0.4394855499267578,0.6077843308448792,-0.014370845630764961
0.5416713953018188,0.6867220997810364,0.16849501430988312
0.43198221921920776,0.6864325404167175,0.14718961715698242
0.5285294651985168,0.700190544128418,0.1732124388217926
0.4410400390625,0.6953088045120239,0.15251554548740387
0.5621822476387024,0.7133744359016418,-0.00650905491784215
0.4301045835018158,0.7141462564468384,-0.03220001235604286
-
0.47923579812049866,0.3686569035053253,-0.4291372001171112
0.487035870552063,0.36050301790237427,-0.41139113903045654
0.4923100471496582,0.3601900339126587,-0.41134774684906006
0.49672695994377136,0.3599885106086731,-0.41133469343185425
0.47123298048973083,0.3615688681602478,-0.41031506657600403
0.4661664664745331,0.36182859539985657,-0.4103613495826721
0.461156964302063,0.36219510436058044,-0.4103447496891022
0.5072532892227173,0.3635386824607849,-0.25281205773353577
0.45633143186569214,0.3666347861289978,-0.251095175743103
0.49104422330856323,0.3758139908313751,-0.3656981885433197
0.47047191858291626,0.37671250104904175,-0.3653092682361603
0.5610929727554321,0.40388840436935425,-0.10403338819742203
0.42657583951950073,0.40634411573410034,-0.1089564710855484
0.6244741678237915,0.446716845035553,-0.01760227605700493
0.3628162741661072,0.44117850065231323,-0.020476095378398895
0.5658754706382751,0.4809434413909912,-0.1255009025335312
0.4098747670650482,0.4772114157676697,-0.10811959207057953
0.548310399055481,0.4917445182800293,-0.1625121682882309
0.42203232645988464,0.488237202167511,-0.13891449570655823
0.5420824289321899,0.4842069149017334,-0.1809324026107788
0.4316014051437378,0.4819261431694031,-0.16271266341209412
0.5465977787971497,0.48104530572891235,-0.13152483105659485
0.4294566214084625,0.4782818853855133,-0.11643992364406586
0.5320280194282532,0.5208835005760193,0.007503556553274393
0.4558873474597931,0.5208777189254761,-0.007535113953053951
0.5340319871902466,0.6043245792388916,0.0141691192984581
0.4397611916065216,0.6077863574028015,-0.01622426137328148
0.5416781306266785,0.6867631673812866,0.16862426698207855
0.4320788085460663,0.6865225434303284,0.14443211257457733
0.5283306241035461,0.7001374959945679,0.17355462908744812
0.4411604106426239,0.6955947279930115,0.14972345530986786
0.5628706812858582,0.7134755849838257,-0.005225367844104767
0.42971959710121155,0.7141467332839966,-0.03552775830030441
-
0.48016175627708435,0.3690643012523651,-0.43347597122192383
0.4880456328392029,0.3609054982662201,-0.41597509384155273
0.4933421313762665,0.360578715801239,-0.4159353971481323
0.49773988127708435,0.36034727096557617,-0.4159201681613922
0.4722028970718384,0.3619459271430969,-0.4148736298084259
0.4671904146671295,0.36220401525497437,-0.41492512822151184
0.4621811807155609,0.3625824749469757,-0.4149130880832672
0.5082329511642456,0.36378633975982666,-0.25430530309677124
0.45724961161613464,0.3668905198574066,-0.25233161449432373
0.4920501708984375,0.37619155645370483,-0.368271142244339
0.47145524621009827,0.37703070044517517,-0.3678220212459564
0.562240481376648,0.40397173166275024,-0.10645971447229385
0.42737817764282227,0.40629297494888306,-0.11089437454938889
0.6252155303955078,0.446910560131073,-0.019960200414061546
0.3634391725063324,0.44108685851097107,-0.023340292274951935
0.5662186741828918,0.4810214638710022,-0.12966638803482056
0.41044262051582336,0.47721242904663086,-0.11304542422294617
0.5486239790916443,0.4918418824672699,-0.16690561175346375
0.42237725853919983,0.4882346987724304,-0.14435644447803497
0.5421890020370483,0.4844536781311035,-0.18527604639530182
0.4320610463619232,0.481931209564209,-0.16804693639278412
0.5468281507492065,0.4812502861022949,-0.13578270375728607
0.4299505352973938,0.4782857298851013,-0.12147539108991623
0.5324699878692627,0.5209069848060608,0.007657193578779697
0.4562203586101532,0.5208150148391724,-0.007684989832341671
0.5345578789710999,0.6043424606323242,0.015105203725397587
0.4398721158504486,0.6077749133110046,-0.015442714095115662
0.5416771173477173,0.6868379712104797,0.1725587099790573
0.4321070909500122,0.6865525245666504,0.14927881956100464
0.5281342267990112,0.7002008557319641,0.17782184481620789
0.4411662220954895,0.6956988573074341,0.15501537919044495
0.5633804202079773,0.7135084867477417,-0.002044504275545478
0.4296967089176178,0.7141010761260986,-0.0318337082862854
-
0.4808560311794281,0.3692678213119507,-0.44516944885253906
0.48904773592948914,0.36106231808662415,-0.42829594016075134
0.4944087862968445,0.36073556542396545,-0.42825430631637573
0.4988359808921814,0.36050426959991455,-0.4282372295856476
0.47305670380592346,0.36208829283714294,-0.426127552986145
0.46804797649383545,0.3623387813568115,-0.42617905139923096
0.4629916250705719,0.3627125322818756,-0.42616239190101624
0.5094751119613647,0.3639496862888336,-0.2682783901691437
0.45803773403167725,0.36701011657714844,-0.2615470886230469
0.4928196370601654,0.37644070386886597,-0.3806209862232208
0.47213631868362427,0.3772399127483368,-0.37880799174308777
0.5635114312171936,0.40401411056518555,-0.11891026049852371
0.4281204342842102,0.40627098083496094,-0.11298640817403793
0.626268744468689,0.44719719886779785,-0.04075056314468384
0.36417466402053833,0.44098415970802307,-0.025176260620355606
0.5668538212776184,0.48103633522987366,-0.15700362622737885
0.4107787609100342,0.4772775173187256,-0.11553684622049332
0.5492083430290222,0.491873562335968,-0.1957736611366272
0.42252621054649353,0.48825234174728394,-0.14701074361801147
0.5426414012908936,0.4844996929168701,-0.21431401371955872
0.43208566308021545,0.48197561502456665,-0.17076300084590912
0.5474616289138794,0.4812825322151184,-0.16315504908561707
0.4300324022769928,0.4783286452293396,-0.1240064948797226
0.5330535173416138,0.5209065675735474,0.007213834207504988
0.45673221349716187,0.5206044912338257,-0.007238880731165409
0.5350981950759888,0.6043466925621033,0.015233221463859081
0.4398980438709259,0.6076610088348389,-0.013788116164505482
0.5416754484176636,0.6868337988853455,0.17367658019065857
0.4321407377719879,0.6865538358688354,0.15049222111701965
0.5280663967132568,0.700161337852478,0.179098978638649
0.44135868549346924,0.6957115530967712,0.15681926906108856
0.5633527636528015,0.7134878635406494,-0.0009201935608871281
0.42957738041877747,0.7138907313346863,-0.02858721651136875
-
0.4817396402359009,0.369499146938324,-0.4510786235332489
0.4899744391441345,0.36127734184265137,-0.43468937277793884
0.49537116289138794,0.36092647910118103,-0.4346456229686737
0.4997764229774475,0.36068037152290344,-0.4346252381801605
0.474037766456604,0.3623346984386444,-0.43217796087265015
0.4690262973308563,0.36260902881622314,-0.4322303831577301
0.46394622325897217,0.363018661737442,-0.43221744894981384
0.5103441476821899,0.3640637695789337,-0.2760329246520996
0.45896270871162415,0.36727282404899597,-0.2677652835845947
0.49373897910118103,0.37666305899620056,-0.3870742917060852
0.4731971323490143,0.3774927258491516,-0.3848005533218384
0.5642550587654114,0.40407055616378784,-0.12565189599990845
0.42906269431114197,0.40619468688964844,-0.1174183338880539
0.627342164516449,0.44741377234458923,-0.05169789493083954
0.36513569951057434,0.4407668113708496,-0.028503118082880974
0.5684682726860046,0.4809660017490387,-0.17749956250190735
0.411153107881546,0.47735467553138733,-0.12343256920576096
0.5506254434585571,0.4918292164802551,-0.2183401882648468
0.4228758215904236,0.488300085067749,-0.15571096539497375
0.54414963722229,0.48440712690353394,-0.23765625059604645
0.4322528541088104,0.4820343554019928,-0.1800011247396469
0.5490907430648804,0.4811568260192871,-0.18421068787574768
0.4302986264228821,0.4783862233161926,-0.13214311003684998
0.533722996711731,0.5208770036697388,0.007194127421826124
0.45742857456207275,0.5204702615737915,-0.007219851016998291
0.5355920791625977,0.6043118834495544,0.01784447953104973
0.4399774670600891,0.6073518395423889,-0.013606144115328789
0.5417083501815796,0.6866044998168945,0.176621213555336
0.4321449398994446,0.686538815498352,0.15261372923851013
0.5280846953392029,0.6994389891624451,0.18211981654167175
0.4414094388484955,0.6957101225852966,0.15902160108089447
0.5633164048194885,0.7131990194320679,0.003081138012930751
0.42962968349456787,0.7133029103279114,-0.02624674327671528
-
0.48266932368278503,0.3697039484977722,-0.46058663725852966
0.4909164011478424,0.3614557683467865,-0.44451403617858887
0.49635031819343567,0.3610718548297882,-0.44447293877601624
0.5007062554359436,0.3607969582080841,-0.4444524645805359
0.47496193647384644,0.36251765489578247,-0.44187283515930176
0.46993690729141235,0.3627902865409851,-0.44192859530448914
0.46482598781585693,0.36320093274116516,-0.4419178068637848
0.5110459923744202,0.3640740215778351,-0.28639084100723267
0.4598659574985504,0.36733174324035645,-0.27773454785346985
0.49452441930770874,0.3768406808376312,-0.3967347741127014
0.4740838408470154,0.3776666522026062,-0.39433401823043823
0.5647972822189331,0.4041356146335602,-0.13688690960407257
0.4294896721839905,0.40614813566207886,-0.12457408010959625
0.6282395720481873,0.4475538730621338,-0.0679827481508255
0.36627209186553955,0.4407634735107422,-0.03269416093826294
0.5694150924682617,0.4808942377567291,-0.19712482392787933
0.41145625710487366,0.47741103172302246,-0.12807001173496246
0.5512076020240784,0.4917699694633484,-0.2385750710964203
0.4232664704322815,0.4883480668067932,-0.16031014919281006
0.5448280572891235,0.4843056797981262,-0.257287859916687
0.43262946605682373,0.4821695387363434,-0.1850023865699768
0.5498232841491699,0.48101574182510376,-0.20361685752868652
0.4308711588382721,0.4785255789756775,-0.1369396150112152
0.5340859293937683,0.5207890272140503,0.006815155502408743
0.4578327536582947,0.5203005075454712,-0.006837374530732632
0.5358694791793823,0.6042705774307251,0.01855440065264702
0.440029114484787,0.6070694327354431,-0.01371784321963787
0.5417720079421997,0.6864635348320007,0.1776832640171051
0.4322018027305603,0.6865202784538269,0.1534445583820343
0.5281901359558105,0.6989906430244446,0.18316103518009186
0.4417361319065094,0.6957088112831116,0.15966108441352844
0.5632967948913574,0.712981641292572,0.004367257468402386
0.4296343922615051,0.7127088308334351,-0.02658816985785961
-
0.48307350277900696,0.369746595621109,-0.4594334065914154
0.49127405881881714,0.3614889979362488,-0.44311732053756714
0.49678659439086914,0.3610946834087372,-0.44307878613471985
0.5011587142944336,0.36081814765930176,-0.44306325912475586
0.4754008948802948,0.3625490665435791,-0.44053009152412415
0.47041141986846924,0.3628167510032654,-0.44058409333229065
0.46530061960220337,0.363220751285553,-0.44057053327560425
0.5114328265190125,0.3640734553337097,-0.28490298986434937
0.4605739116668701,0.36733031272888184,-0.2765013873577118
0.49485066533088684,0.3768979609012604,-0.3956127464771271
0.4745224118232727,0.37770989537239075,-0.3932812511920929
0.5651293992996216,0.4041599631309509,-0.1356581300497055
0.4300089180469513,0.406080424785614,-0.12452992051839828
0.6285348534584045,0.44759297370910645,-0.06431830674409866
0.3672298789024353,0.44068390130996704,-0.02930135279893875
0.5698448419570923,0.48080459237098694,-0.18908339738845825
0.4117053151130676,0.4774130880832672,-0.12180458009243011
0.551430881023407,0.49171462655067444,-0.22946660220623016
0.42344242334365845,0.48834991455078125,-0.1531875729560852
0.5450823903083801,0.484182745218277,-0.24814118444919586
0.43285492062568665,0.482210248708725,-0.17809024453163147
0.5501260161399841,0.4808310866355896,-0.19545985758304596
0.43118640780448914,0.4785728454589844,-0.1307307779788971
0.5340914130210876,0.5207305550575256,0.005937186069786549
0.45785290002822876,0.5201576352119446,-0.005952456034719944
0.5360060930252075,0.6041791439056396,0.018288997933268547
0.4400864839553833,0.6068215370178223,-0.013631513342261314
0.5418081879615784,0.686360776424408,0.17814315855503082
0.4322437345981598,0.6865063905715942,0.15432670712471008
0.5282576084136963,0.6986668109893799,0.1836497038602829
0.4420372545719147,0.6957133412361145,0.1605553925037384
0.5632473826408386,0.7127942442893982,0.0043977973982691765
0.42950257658958435,0.712348222732544,-0.025643160566687584
-
0.48306605219841003,0.36980050802230835,-0.4591722786426544
0.4912661612033844,0.3615422546863556,-0.4415535032749176
0.4968305826187134,0.36112916469573975,-0.44151464104652405
0.5012906193733215,0.36084944009780884,-0.4415004849433899
0.4755372405052185,0.36258959770202637,-0.44016626477241516
0.4705584943294525,0.3628494143486023,-0.44022026658058167
0.4654676616191864,0.36324650049209595,-0.4402035176753998
0.511559247970581,0.3640827536582947,-0.283635675907135
0.46112561225891113,0.3673281967639923,-0.276133269071579
0.4947952330112457,0.3769984841346741,-0.39423027634620667
0.47456490993499756,0.3777558207511902,-0.3928845226764679
0.5654328465461731,0.40427106618881226,-0.13567475974559784
0.43033531308174133,0.40597009658813477,-0.12302491068840027
0.6286808848381042,0.44760751724243164,-0.06408942490816116
0.36756837368011475,0.4405788779258728,-0.026672346517443657
0.5703116059303284,0.4807531237602234,-0.18609634041786194
0.41165632009506226,0.4774055480957031,-0.1174381673336029
0.5519497990608215,0.49168530106544495,-0.22555109858512878
0.4233684241771698,0.4883393347263336,-0.1478930413722992
0.5455919504165649,0.4841303825378418,-0.24411216378211975
0.43287327885627747,0.4822150766849518,-0.17260369658470154
0.5506625771522522,0.4807248115539551,-0.1922679841518402
0.43123725056648254,0.478581964969635,-0.12634645402431488
0.5340801477432251,0.5207403302192688,0.005285271909087896
0.45782729983329773,0.5201294422149658,-0.005303037352859974
0.5361341834068298,0.6041799187660217,0.01653103157877922
0.4401119351387024,0.6067198514938354,-0.01358860731124878
0.541841447353363,0.6863220930099487,0.17544902861118317
0.4321770668029785,0.6865047812461853,0.1539216786623001
0.5282862782478333,0.6984777450561523,0.18081505596637726
0.442022442817688,0.6957308053970337,0.1597556471824646
0.5632346272468567,0.7126951217651367,0.002359668491408229
0.4293106496334076,0.7122785449028015,-0.025575943291187286
-
0.4831431210041046,0.36986666917800903,-0.4547420144081116
0.4914139211177826,0.3616185188293457,-0.43894726037979126
0.49702897667884827,0.3611924350261688,-0.4389069378376007
0.5015436410903931,0.3609163165092468,-0.43889254331588745
0.47579994797706604,0.36263686418533325,-0.43575093150138855
0.4708408713340759,0.3628854751586914,-0.43580374121665955
0.46575987339019775,0.36327213048934937,-0.4357874095439911
0.5117492079734802,0.36414214968681335,-0.2823198437690735
0.4617326557636261,0.36732640862464905,-0.2732965350151062
0.49482956528663635,0.377088725566864,-0.3925613462924957
0.474677711725235,0.3777928948402405,-0.38917893171310425
0.5655630826950073,0.4044438302516937,-0.13510534167289734
0.4307391345500946,0.4058307111263275,-0.12228020280599594
0.6292385458946228,0.4476358890533447,-0.06414810568094254
0.36794692277908325,0.44041261076927185,-0.025838753208518028
0.5708066821098328,0.4807371497154236,-0.18522381782531738
0.41156256198883057,0.47733718156814575,-0.1130729466676712
0.5524046421051025,0.4916841387748718,-0.22482545673847198
0.42327165603637695,0.48828262090682983,-0.14262382686138153
0.5460125803947449,0.4841221272945404,-0.24271215498447418
0.43284597992897034,0.48220720887184143,-0.16723546385765076
0.5510780215263367,0.48069363832473755,-0.19113174080848694
0.43123629689216614,0.47857674956321716,-0.12192411720752716
0.5340307950973511,0.5207756757736206,0.005536302458494902
0.4577922523021698,0.5200960636138916,-0.0055612423457205296
0.5362067818641663,0.6042340993881226,0.0167547594755888
0.44019731879234314,0.6067084074020386,-0.013464972376823425
0.5417510271072388,0.6863154172897339,0.1757543534040451
0.4321795701980591,0.6865119934082031,0.154193714261055
0.5279795527458191,0.6984747648239136,0.18121083080768585
0.4419999122619629,0.6957243084907532,0.16001752018928528
0.563305139541626,0.7125698328018188,0.002772473031654954
0.42931216955184937,0.7120575904846191,-0.02531951293349266
-
0.48334142565727234,0.36993128061294556,-0.44961056113243103
0.49170371890068054,0.36172881722450256,-0.43367427587509155
0.49738943576812744,0.3612986207008362,-0.4336346387863159
0.5019432306289673,0.36102476716041565,-0.4336182177066803
0.47606632113456726,0.36269351840019226,-0.43066635727882385
0.47111251950263977,0.36292603611946106,-0.4307197034358978
0.46602410078048706,0.3633005917072296,-0.4307062029838562
0.5120715498924255,0.3642350137233734,-0.2776506543159485
0.46211540699005127,0.36732587218284607,-0.26882821321487427
0.4950236976146698,0.37716609239578247,-0.3874114453792572
0.4748438000679016,0.3778296113014221,-0.384415864944458
0.5655124187469482,0.40460604429244995,-0.1291016787290573
0.43110448122024536,0.40567249059677124,-0.12017063796520233
0.6297286152839661,0.4476066529750824,-0.05745777115225792
0.36833563446998596,0.44025176763534546,-0.022596200928092003
0.5711731910705566,0.4806773066520691,-0.18498893082141876
0.41152653098106384,0.47725409269332886,-0.10637321323156357
0.5526731014251709,0.4916449189186096,-0.22240757942199707
0.42319992184638977,0.48820367455482483,-0.13593615591526031
0.5462542772293091,0.48407894372940063,-0.24031934142112732
0.4328649640083313,0.4821986258029938,-0.16174012422561646
0.551298201084137,0.48062533140182495,-0.19046753644943237
0.4313015043735504,0.4785706102848053,-0.11552400887012482
0.5339975953102112,0.5207828283309937,0.007147854659706354
0.4577561318874359,0.5200268030166626,-0.007173512596637011
0.5362411737442017,0.6042345762252808,0.017298536375164986
0.440278023481369,0.6067025065422058,-0.013806064613163471
0.541737973690033,0.6862813234329224,0.17600439488887787
0.43230345845222473,0.6865296959877014,0.15341876447200775
0.5276692509651184,0.6984738111495972,0.18147052824497223
0.442168653011322,0.6957253813743591,0.15918520092964172
0.5639759302139282,0.7123705148696899,0.004729901440441608
0.4292680025100708,0.7119179964065552,-0.026077475398778915
-
0.48358264565467834,0.3699585497379303,-0.4500807523727417
0.4920269548892975,0.3617834448814392,-0.43405190110206604
0.4977765679359436,0.36135217547416687,-0.4340115487575531
0.5023619532585144,0.36108142137527466,-0.43399327993392944
0.4763074517250061,0.36271533370018005,-0.4311283528804779
0.4713400900363922,0.36293670535087585,-0.431181937456131
0.4662274718284607,0.36330533027648926,-0.4311698377132416
0.512365996837616,0.3642886281013489,-0.2777191996574402
0.46231478452682495,0.3673245310783386,-0.2690254747867584
0.4952429533004761,0.37720248103141785,-0.3876510262489319
0.4749820828437805,0.37784236669540405,-0.3847945034503937
0.5654606223106384,0.4047301411628723,-0.12898419797420502
0.43121710419654846,0.40558090806007385,-0.12022199481725693
0.6300221085548401,0.44757479429244995,-0.0575033500790596
0.3685169219970703,0.4401718080043793,-0.023108292371034622
0.571406900882721,0.4805232584476471,-0.18803191184997559
0.41147953271865845,0.477150022983551,-0.10764524340629578
0.5527888536453247,0.491530179977417,-0.22908136248588562
0.4231591522693634,0.4880446493625641,-0.13685342669487
0.5463376641273499,0.48399215936660767,-0.24778500199317932
0.43282952904701233,0.48216667771339417,-0.1629018932580948
0.5513513088226318,0.4805198311805725,-0.19448652863502502
0.431290864944458,0.47855085134506226,-0.11627943068742752
0.5339584946632385,0.5208673477172852,0.0074007343500852585
0.4577285647392273,0.5200297832489014,-0.00742887519299984
0.5362920761108398,0.6043223738670349,0.023169415071606636
0.4404122233390808,0.6068578958511353,-0.010852445848286152
0.5417301654815674,0.6862034201622009,0.18873384594917297
0.43275800347328186,0.6865621209144592,0.1609216183423996
0.5275716185569763,0.6984549164772034,0.1949145495891571
0.4429279863834381,0.6957381963729858,0.1671103537082672
0.5639863014221191,0.7122810482978821,0.016995038837194443
0.42943158745765686,0.7119850516319275,-0.019517967477440834
-
0.48365509510040283,0.3699822425842285,-0.45463481545448303
0.4921492338180542,0.3618294894695282,-0.4389619529247284
0.49794039130210876,0.36139416694641113,-0.43891873955726624
0.5025931596755981,0.36112216114997864,-0.43890008330345154
0.4763849973678589,0.36273813247680664,-0.435712993144989
0.47139519453048706,0.36294955015182495,-0.4357668459415436
0.46629083156585693,0.3633118271827698,-0.4357560873031616
0.5124903917312622,0.364327073097229,-0.2829838991165161
0.4624050557613373,0.3673233091831207,-0.27226752042770386
0.49532780051231384,0.37723270058631897,-0.3919315040111542
0.47500079870224,0.377861887216568,-0.3887077867984772
0.5655315518379211,0.4048515856266022,-0.13265030086040497
0.4313253164291382,0.4055015444755554,-0.12135066837072372
0.6302957534790039,0.4476100504398346,-0.060355864465236664
0.3685925006866455,0.44005608558654785,-0.023268073797225952
0.5714287161827087,0.48049435019493103,-0.1884811967611313
0.4114499092102051,0.4771048426628113,-0.10880342125892639
0.5528056025505066,0.4915047585964203,-0.22935715317726135
0.4231197237968445,0.48794883489608765,-0.13806182146072388
0.5463427901268005,0.4839335083961487,-0.2480711191892624
0.432796448469162,0.4821321964263916,-0.16373464465141296
0.5513428449630737,0.4804656505584717,-0.1949469894170761
0.4312637448310852,0.47853079438209534,-0.11734437942504883
0.5339322090148926,0.5210837125778198,0.00714480085298419
0.45771580934524536,0.5200930833816528,-0.007174748927354813
0.536314070224762,0.6044442057609558,0.028716452419757843
0.44057613611221313,0.6071291565895081,-0.0035523097030818462
0.5417482852935791,0.6861639618873596,0.20044802129268646
0.43313461542129517,0.6865710020065308,0.173097625374794
0.5275850296020508,0.6984420418739319,0.20726396143436432
0.44355183839797974,0.6957534551620483,0.17989905178546906
0.5639281272888184,0.7122811675071716,0.028007205575704575
0.4296337962150574,0.7123634815216064,-0.0065809814259409904
-
0.48367828130722046,0.3699822425842285,-0.45773205161094666
0.49221086502075195,0.3618314862251282,-0.44214147329330444
0.49801403284072876,0.36139440536499023,-0.4420994222164154
0.5027265548706055,0.3611220717430115,-0.4420810639858246
0.47643253207206726,0.3627420663833618,-0.43873703479766846
0.4714260995388031,0.3629509508609772,-0.43879035115242004
0.4663470387458801,0.3633122444152832,-0.43878212571144104
0.5125083923339844,0.3643270432949066,-0.28553998470306396
0.46254852414131165,0.3673142194747925,-0.2737928628921509
0.4953739047050476,0.37723246216773987,-0.3945516347885132
0.4750107228755951,0.3778632581233978,-0.391105055809021
0.565628707408905,0.40490856766700745,-0.13323231041431427
0.43150949478149414,0.40544581413269043,-0.12261279672384262
0.6305363774299622,0.4476117193698883,-0.059818580746650696
0.368621289730072,0.440011203289032,-0.0279089268296957
0.5717257261276245,0.4803927540779114,-0.18777015805244446
0.41145452857017517,0.4770680069923401,-0.12213212996721268
0.5531415939331055,0.4914627969264984,-0.2290542870759964
0.4230753183364868,0.487860769033432,-0.15465210378170013
0.5466718673706055,0.48389798402786255,-0.24826201796531677
0.432767778635025,0.4820496141910553,-0.18053105473518372
0.5515744686126709,0.48041024804115295,-0.19449438154697418
0.43123316764831543,0.47846922278404236,-0.13145500421524048
0.5339046716690063,0.5213280916213989,0.007140487898141146
0.45769020915031433,0.5201936364173889,-0.007171519100666046
0.5363301038742065,0.6046366691589355,0.03313063085079193
0.440659761428833,0.6074796915054321,0.0009504274348728359
0.5417764186859131,0.6861597299575806,0.20730836689472198
0.43328437209129333,0.6865570545196533,0.18145105242729187
0.5276549458503723,0.6984426975250244,0.21436946094036102
0.4436599612236023,0.6957398653030396,0.1887744516134262
0.5638988614082336,0.7123998403549194,0.03509203717112541
0.4301043152809143,0.7126039266586304,0.0028423299081623554
-
0.48376405239105225,0.3700163960456848,-0.4611542522907257
0.4923357367515564,0.36187952756881714,-0.4456383287906647
0.4981539845466614,0.3614286780357361,-0.44559890031814575
0.50291508436203,0.36114412546157837,-0.44558095932006836
0.4765263497829437,0.36279359459877014,-0.4424193203449249
0.47150883078575134,0.3629913926124573,-0.44247016310691833
0.4664483070373535,0.36334025859832764,-0.44246184825897217
0.5125496983528137,0.3643304705619812,-0.2880631685256958
0.4627131223678589,0.3673091530799866,-0.27674737572669983
0.4955087900161743,0.3772587776184082,-0.39738035202026367
0.4750990867614746,0.377889484167099,-0.3941223621368408
0.5656780004501343,0.40493208169937134,-0.1340240240097046
0.43155550956726074,0.40542539954185486,-0.12638086080551147
0.6306842565536499,0.4476121962070465,-0.060811083763837814
0.368601530790329,0.4399909973144531,-0.04246087744832039
0.5721226334571838,0.48032665252685547,-0.19364234805107117
0.4114377796649933,0.4770335257053375,-0.15287354588508606
0.553539514541626,0.4914420545101166,-0.23629319667816162
0.4230438768863678,0.4877583086490631,-0.1885738968849182
0.547193169593811,0.4838644862174988,-0.25624874234199524
0.4327535927295685,0.4818976819515228,-0.21494610607624054
0.5520121455192566,0.4803646504878998,-0.20085754990577698
0.4312078654766083,0.47834545373916626,-0.1629561334848404
0.5338220596313477,0.5215241312980652,0.0072905826382339
0.45764803886413574,0.5203055143356323,-0.007326147519052029
0.5363333225250244,0.6047087907791138,0.03348442539572716
0.4406600892543793,0.607654333114624,0.0016375062987208366
0.5417932271957397,0.6861652135848999,0.20527693629264832
0.4334193766117096,0.6865491271018982,0.18088695406913757
0.5276731848716736,0.6984864473342896,0.21205128729343414
0.4437578320503235,0.6957558393478394,0.18813718855381012
0.5638808012008667,0.7125550508499146,0.03357348218560219
0.4305049777030945,0.7126378417015076,0.003295681905001402
-
0.4838212728500366,0.3700733780860901,-0.46201714873313904
0.49242642521858215,0.361945241689682,-0.44637349247932434
0.498251348733902,0.3614746630191803,-0.4463363587856293
0.5030550956726074,0.36116960644721985,-0.4463194012641907
0.4765925109386444,0.36288052797317505,-0.44335153698921204
0.4715630114078522,0.36307206749916077,-0.44340115785598755
0.46651801466941833,0.36340922117233276,-0.4433932900428772
0.5125769972801208,0.36433058977127075,-0.2881529629230499
0.4628698527812958,0.3673076033592224,-0.2774464190006256
0.49563270807266235,0.37728726863861084,-0.3979266583919525
0.4751984179019928,0.3779250383377075,-0.3948858082294464
0.5657243728637695,0.40493398904800415,-0.13383890688419342
0.4316093921661377,0.4054131507873535,-0.12734615802764893
0.6307557821273804,0.4476134777069092,-0.06074962019920349
0.3685591518878937,0.4399332106113434,-0.0464700423181057
0.5723015666007996,0.48023542761802673,-0.19464081525802612
0.41141945123672485,0.47693634033203125,-0.1596631109714508
0.5537290573120117,0.4913567006587982,-0.2374090999364853
0.423016220331192,0.487592875957489,-0.19576358795166016
0.5476153492927551,0.48373547196388245,-0.25737011432647705
0.43271976709365845,0.4817175269126892,-0.22202757000923157
0.5523586273193359,0.48024803400039673,-0.20194514095783234
0.43116968870162964,0.4781935214996338,-0.16977819800376892
0.5337082147598267,0.5216594934463501,0.007337244227528572
0.457575261592865,0.5203927159309387,-0.007374417036771774
0.5363489389419556,0.6047159433364868,0.03302306681871414
0.4406622648239136,0.6077209711074829,0.001473638229072094
0.5418543219566345,0.686177134513855,0.20347951352596283
0.4335857927799225,0.6865459680557251,0.17940567433834076
0.5277489423751831,0.6984888911247253,0.2100721001625061
0.44385358691215515,0.6958390474319458,0.18647907674312592
0.5638724565505981,0.712698221206665,0.0313466377556324
0.4308702349662781,0.7126682996749878,0.0014636281412094831
-
0.4838341474533081,0.3701484799385071,-0.4614792764186859
0.49248313903808594,0.36201590299606323,-0.4459121823310852
0.49832162261009216,0.36152276396751404,-0.4458746314048767
0.5031734704971313,0.3611917197704315,-0.4458581805229187
0.4766138792037964,0.36296558380126953,-0.4428601562976837
0.47157028317451477,0.36314842104911804,-0.44291001558303833
0.4665428698062897,0.3634658455848694,-0.4429013431072235
0.5126253366470337,0.3643190264701843,-0.2881975471973419
0.46301567554473877,0.3672894835472107,-0.2772584557533264
0.495705246925354,0.3773186504840851,-0.3975309133529663
0.47523415088653564,0.37796440720558167,-0.39447733759880066
0.5657601356506348,0.4049310088157654,-0.13379816710948944
0.4316452145576477,0.40538841485977173,-0.12712949514389038
0.6307758092880249,0.44761332869529724,-0.06044594570994377
0.3685310482978821,0.4398171901702881,-0.04411627724766731
0.5723990797996521,0.4802023768424988,-0.19291971623897552
0.41140443086624146,0.476796954870224,-0.15050330758094788
0.5538027286529541,0.49134188890457153,-0.23535150289535522
0.4229939877986908,0.48742207884788513,-0.18490983545780182
0.5478417873382568,0.48370853066444397,-0.2548179030418396
0.43260928988456726,0.48148781061172485,-0.21070024371147156
0.5525362491607666,0.480219304561615,-0.1999477744102478
0.43101856112480164,0.477977454662323,-0.16022561490535736
0.5336220264434814,0.5217037796974182,0.007332922425121069
0.4575020968914032,0.5204541087150574,-0.007369919680058956
0.5363889336585999,0.6046997308731079,0.0327887162566185
0.4406806528568268,0.60772705078125,0.0009374898509122431
0.5419385433197021,0.6861847639083862,0.20330128073692322
0.4337325096130371,0.6864794492721558,0.17775291204452515
0.5279375910758972,0.6985093355178833,0.2099389135837555
0.4439592957496643,0.695839524269104,0.18468651175498962
0.5638846158981323,0.7127413749694824,0.030588125810027122
0.4308692514896393,0.712673544883728,-0.00020775455050170422
-
0.48385968804359436,0.3701736330986023,-0.46057409048080444
0.4925493896007538,0.3620399832725525,-0.4452662467956543
0.4984022378921509,0.3615386188030243,-0.44522997736930847
0.5032920241355896,0.3611988127231598,-0.44521209597587585
0.47665342688560486,0.36299389600753784,-0.44199180603027344
0.4715975522994995,0.3631734848022461,-0.4420391917228699
0.46658778190612793,0.3634836971759796,-0.44203025102615356
0.5127021074295044,0.3643125593662262,-0.28796422481536865
0.4631809592247009,0.36726751923561096,-0.27615663409233093
0.49579674005508423,0.37732839584350586,-0.39673903584480286
0.47529137134552,0.3779727816581726,-0.3934166431427002
0.5657849907875061,0.4049223065376282,-0.13358533382415771
0.4316536486148834,0.4053614139556885,-0.12705126404762268
0.6308065056800842,0.4475834369659424,-0.060300953686237335
0.3685522675514221,0.43965673446655273,-0.04377368837594986
0.5725775957107544,0.4801770746707916,-0.19215592741966248
0.41139358282089233,0.4766036570072174,-0.15124699473381042
0.5538854598999023,0.4913386404514313,-0.23432832956314087
0.4229826331138611,0.48720818758010864,-0.1857910305261612
0.5480133295059204,0.4836866855621338,-0.2537041902542114
0.43251335620880127,0.481206476688385,-0.21170268952846527
0.5526993870735168,0.480187326669693,-0.19915354251861572
0.43089357018470764,0.47770923376083374,-0.16107410192489624
0.5335254669189453,0.5217593908309937,0.0074094487354159355
0.4573899507522583,0.5205108523368835,-0.00744932284578681
0.5364358425140381,0.6046785116195679,0.03176981210708618
0.44067662954330444,0.6077191829681396,0.0006775003857910633
0.5419701933860779,0.6862004995346069,0.1980472356081009
0.43382561206817627,0.6864132285118103,0.17685961723327637
0.5280013084411621,0.6986100673675537,0.20412883162498474
0.4440040588378906,0.6957958340644836,0.18369515240192413
0.5648024082183838,0.7127472162246704,0.026645787060260773
0.4308207631111145,0.7126588225364685,-0.0009427125914953649
-
0.48388993740081787,0.37021321058273315,-0.46035856008529663
0.4926285147666931,0.36208245158195496,-0.4449966847896576
0.4984910190105438,0.3615759015083313,-0.4449593126773834
0.5034176707267761,0.361224502325058,-0.44494107365608215
0.4767191708087921,0.3630342185497284,-0.44175419211387634
0.4716538190841675,0.36321088671684265,-0.44180208444595337
0.46666234731674194,0.36351248621940613,-0.4417925179004669
0.5128058791160583,0.3643158972263336,-0.28770849108695984
0.46335652470588684,0.36726486682891846,-0.2760464549064636
0.49584656953811646,0.3773593604564667,-0.3965687155723572
0.47534048557281494,0.3779911398887634,-0.3932831585407257
0.5658068060874939,0.4049193859100342,-0.13365128636360168
0.4316684603691101,0.4053448736667633,-0.12720800936222076
0.6308470964431763,0.4475800096988678,-0.06339812278747559
0.3685874044895172,0.4395574927330017,-0.045075103640556335
0.5726287961006165,0.4801613390445709,-0.19809108972549438
0.4113858640193939,0.4765028953552246,-0.15346354246139526
0.553884744644165,0.4913358688354492,-0.24074698984622955
0.42296627163887024,0.4870535433292389,-0.18806518614292145
0.5480310320854187,0.48365360498428345,-0.25948822498321533
0.43242576718330383,0.4809977114200592,-0.21421295404434204
0.5527114272117615,0.4801533818244934,-0.2049231231212616
0.43077903985977173,0.4775242209434509,-0.16338558495044708
0.5334306359291077,0.5218244791030884,0.007827161811292171
0.4573086202144623,0.5205458998680115,-0.007875798270106316
0.5365014672279358,0.6046731472015381,0.031191827729344368
0.440674364566803,0.6077032089233398,-0.00036617956357076764
0.5419740080833435,0.6862424612045288,0.19439445436000824
0.4338598847389221,0.6863558888435364,0.17531920969486237
0.5280251502990723,0.6987521052360535,0.20013779401779175
0.44400346279144287,0.695691704750061,0.18204481899738312
0.5654844641685486,0.7127664685249329,0.022565660998225212
0.4308241605758667,0.7126561999320984,-0.001861532568000257
-
0.4839343726634979,0.3703228831291199,-0.46035316586494446
0.4927210807800293,0.3621991276741028,-0.4450475573539734
0.49857795238494873,0.36168938875198364,-0.44500845670700073
0.5035390853881836,0.3613157570362091,-0.4449901282787323
0.47682470083236694,0.36316078901290894,-0.44176673889160156
0.471770703792572,0.36333781480789185,-0.4418155550956726
0.46680310368537903,0.36362168192863464,-0.4418052136898041
0.5129199028015137,0.36435768008232117,-0.2881437838077545
0.4635837972164154,0.36727163195610046,-0.27624380588531494
0.49589020013809204,0.3774465322494507,-0.3966861665248871
0.47540462017059326,0.3780543804168701,-0.3933578133583069
0.5658261775970459,0.4049275815486908,-0.13460955023765564
0.43165871500968933,0.405341774225235,-0.12709417939186096
0.6308442950248718,0.44757118821144104,-0.0641595870256424
0.36873337626457214,0.4395064413547516,-0.04383470118045807
0.5726351737976074,0.48015809059143066,-0.19760727882385254
0.41133999824523926,0.4763912558555603,-0.15255329012870789
0.5538797378540039,0.4913558065891266,-0.24011372029781342
0.4229004383087158,0.4869077801704407,-0.18649327754974365
0.5480261445045471,0.4836505949497223,-0.2589377164840698
0.4321870505809784,0.4808260500431061,-0.2133251428604126
0.552705705165863,0.4801490306854248,-0.20436695218086243
0.430517315864563,0.4773623049259186,-0.16323134303092957
0.5332318544387817,0.5218256711959839,0.008040840737521648
0.4571656882762909,0.5205253958702087,-0.008096189238131046
0.5365216732025146,0.6045800447463989,0.02785780094563961
0.44072213768959045,0.6075148582458496,-0.002273634308949113
0.5419741868972778,0.6862422227859497,0.1878506988286972
0.4339160919189453,0.6861838102340698,0.17325717210769653
0.5281356573104858,0.6987512707710266,0.1932629644870758
0.44397222995758057,0.6953476667404175,0.17992089688777924
0.5654646158218384,0.7127670049667358,0.013932375237345695
0.43127191066741943,0.7125784158706665,-0.004030786454677582
-
0.4839906096458435,0.37045198678970337,-0.46016302704811096
0.4928109347820282,0.3623198866844177,-0.44487762451171875
0.4986594319343567,0.3618016839027405,-0.4448380768299103
0.5036571025848389,0.36140352487564087,-0.44481971859931946
0.47693154215812683,0.3633127212524414,-0.44156545400619507
0.47190144658088684,0.3634941279888153,-0.44161444902420044
0.466958224773407,0.3637680411338806,-0.44160377979278564
0.5130460858345032,0.3643914759159088,-0.2883930802345276
0.46382370591163635,0.36729589104652405,-0.2761452794075012
0.495964378118515,0.3775392174720764,-0.3965613543987274
0.4754965901374817,0.3781357407569885,-0.39322328567504883
0.5658907294273376,0.40493354201316833,-0.13568870723247528
0.43167316913604736,0.405336856842041,-0.1265496015548706
0.6308375597000122,0.447570264339447,-0.06466128677129745
0.368866890668869,0.4394461512565613,-0.039256151765584946
0.5726084113121033,0.4802016615867615,-0.19646818935871124
0.4112917184829712,0.4763372540473938,-0.1450582891702652
0.5538135766983032,0.4914326071739197,-0.2387346625328064
0.42283326387405396,0.48682746291160583,-0.17808757722377777
0.5478925108909607,0.4836534857749939,-0.2576431930065155
0.43195855617523193,0.48072344064712524,-0.205749973654747
0.552599310874939,0.48015350103378296,-0.20319049060344696
0.43027228116989136,0.47726306319236755,-0.15578553080558777
0.533102810382843,0.5218364000320435,0.008037910796701908
0.45707061886787415,0.5205100774765015,-0.008093164302408695
0.5365307927131653,0.6045094728469849,0.02528698369860649
0.4407665729522705,0.607267439365387,-0.0031562382355332375
0.5419735312461853,0.6862345337867737,0.18411190807819366
0.4339791536331177,0.6860605478286743,0.1714451164007187
0.5282666683197021,0.6987243890762329,0.18947114050388336
0.4439341723918915,0.6951056718826294,0.17802104353904724
0.5654445886611938,0.712760865688324,0.010044153779745102
0.43164464831352234,0.712541401386261,-0.005597348790615797
-
0.48402997851371765,0.37048760056495667,-0.4601389169692993
0.4928681254386902,0.3623577058315277,-0.44498515129089355
0.4987107515335083,0.36183470487594604,-0.444943904876709
0.5037456750869751,0.3614242672920227,-0.4449256956577301
0.4770375192165375,0.36336103081703186,-0.44153061509132385
0.4720465838909149,0.36354419589042664,-0.441580593585968
0.46714290976524353,0.36381641030311584,-0.44156959652900696
0.5131638646125793,0.3643960654735565,-0.28942662477493286
0.46412187814712524,0.367299884557724,-0.2762420177459717
0.49603039026260376,0.37755414843559265,-0.39679697155952454
0.4755994975566864,0.37814992666244507,-0.39326149225234985
0.5660219192504883,0.4049904942512512,-0.1377527415752411
0.4317125976085663,0.40533336997032166,-0.12647531926631927
0.630832314491272,0.4476248323917389,-0.0651538223028183
0.36889538168907166,0.4394288659095764,-0.03598705306649208
0.5724942088127136,0.48026084899902344,-0.19467544555664062
0.4112469553947449,0.47633567452430725,-0.1321779489517212
0.5536147356033325,0.49154001474380493,-0.23556005954742432
0.42281851172447205,0.4868204593658447,-0.16323307156562805
0.547631561756134,0.4836752414703369,-0.25400882959365845
0.4317575693130493,0.48069173097610474,-0.18969108164310455
0.552386999130249,0.4801713824272156,-0.20097562670707703
0.43003925681114197,0.47723278403282166,-0.1420133113861084
0.5329967737197876,0.5218556523323059,0.008028427138924599
0.4569700360298157,0.5205103754997253,-0.008084796369075775
0.5365351438522339,0.6044505834579468,0.023426411673426628
0.44086503982543945,0.607093334197998,-0.004184454679489136
0.5419590473175049,0.6862224340438843,0.18132761120796204
0.43399909138679504,0.6859363317489624,0.16961191594600677
0.5283306241035461,0.6986426115036011,0.18667155504226685
0.44381043314933777,0.6948879957199097,0.17617084085941315
0.5652817487716675,0.7127484083175659,0.006941784638911486
0.4321311414241791,0.7124297022819519,-0.007235418539494276
-
0.48404380679130554,0.37048351764678955,-0.46003931760787964
0.4928814768791199,0.3623531460762024,-0.4448798596858978
0.49872198700904846,0.36182910203933716,-0.444838285446167
0.5037844777107239,0.36141437292099,-0.44482022523880005
0.47709402441978455,0.3633604943752289,-0.44143036007881165
0.4721153676509857,0.363544762134552,-0.4414801299571991
0.46724990010261536,0.36381787061691284,-0.44146889448165894
0.5132378935813904,0.3643866181373596,-0.2898441255092621
0.4643175005912781,0.367292195558548,-0.27619293332099915
0.4960584342479706,0.3775288760662079,-0.3967820405960083
0.47567421197891235,0.37813788652420044,-0.3931891918182373
0.566181480884552,0.40503206849098206,-0.13898463547229767
0.43177032470703125,0.4053186774253845,-0.1264335811138153
0.6308281421661377,0.4476608335971832,-0.06573303788900375
0.36892229318618774,0.43939894437789917,-0.03405521437525749
0.5724405646324158,0.4802895188331604,-0.19286473095417023
0.41119423508644104,0.4763498902320862,-0.12642686069011688
0.5535174012184143,0.4915975034236908,-0.23285770416259766
0.4227939546108246,0.4868246018886566,-0.15693050622940063
0.5474907159805298,0.4836907386779785,-0.25100988149642944
0.43152767419815063,0.48068660497665405,-0.18281935155391693
0.5522816181182861,0.4801807403564453,-0.1988878697156906
0.4297611117362976,0.47722649574279785,-0.13591691851615906
0.5328903198242188,0.5218572020530701,0.008066851645708084
0.456892728805542,0.5204979777336121,-0.008125769905745983
0.5365436673164368,0.6043685674667358,0.02262023463845253
0.44096723198890686,0.6069246530532837,-0.005256899632513523
0.5418922305107117,0.6861978769302368,0.18030910193920135
0.43399420380592346,0.6858023405075073,0.16807936131954193
0.5283743143081665,0.6985047459602356,0.1857108175754547
0.44316565990448,0.6946291327476501,0.17469759285449982
0.564918577671051,0.7126730680465698,0.005928900558501482
0.43306779861450195,0.7123209238052368,-0.008653078228235245
-
0.484141081571579,0.37029460072517395,-0.46183061599731445
0.49294501543045044,0.36213234066963196,-0.4465770721435547
0.49878886342048645,0.3616040050983429,-0.4465327858924866
0.5038658380508423,0.3612103760242462,-0.4465141296386719
0.4771920442581177,0.3632156252861023,-0.44296181201934814
0.4721953570842743,0.3634292185306549,-0.4430168569087982
0.46734094619750977,0.3637460470199585,-0.44300925731658936
0.5133233070373535,0.3642946481704712,-0.2908470034599304
0.46438416838645935,0.3672632575035095,-0.27686768770217896
0.49613723158836365,0.3773058354854584,-0.39850547909736633
0.4757823944091797,0.3780284523963928,-0.39471113681793213
0.5663410425186157,0.4050644040107727,-0.13898123800754547
0.4317834675312042,0.4053068161010742,-0.12688781321048737
0.6308212876319885,0.44767332077026367,-0.06506317108869553
0.3689708709716797,0.4393640160560608,-0.03398279473185539
0.5724174976348877,0.48031944036483765,-0.18746206164360046
0.4111761748790741,0.4763794541358948,-0.1268726885318756
0.5534603595733643,0.4916318356990814,-0.22717702388763428
0.42276620864868164,0.4868517816066742,-0.15804071724414825
0.5474215149879456,0.48370257019996643,-0.24602249264717102
0.431329607963562,0.4806883931159973,-0.18417659401893616
0.5522335767745972,0.48019057512283325,-0.19378836452960968
0.4295535087585449,0.4772265553474426,-0.1365009844303131
0.5328510999679565,0.521858274936676,0.008345451205968857
0.4568421542644501,0.520484209060669,-0.008407809771597385
0.5365961790084839,0.6043422818183899,0.02398134581744671
0.44106894731521606,0.6068135499954224,-0.005291336216032505
0.5418418645858765,0.6861790418624878,0.18526232242584229
0.4339847266674042,0.6857739686965942,0.16927364468574524
0.5284066200256348,0.6983470320701599,0.19099126756191254
0.4425395131111145,0.6945806741714478,0.17607572674751282
0.5646019577980042,0.7125392556190491,0.008136380463838577
0.43364864587783813,0.7122399806976318,-0.008596866391599178
-
0.4842909872531891,0.36990511417388916,-0.46452850103378296
0.49303388595581055,0.36170312762260437,-0.449054092168808
0.4988830089569092,0.36118778586387634,-0.4490073323249817
0.503965437412262,0.36083975434303284,-0.44898876547813416
0.4772874712944031,0.3628859221935272,-0.4452880322933197
0.47226837277412415,0.3631376624107361,-0.4453487694263458
0.4674183428287506,0.3635270893573761,-0.44534364342689514
0.5133818984031677,0.3640824854373932,-0.29264193773269653
0.46441712975502014,0.36719197034835815,-0.2781691551208496
0.49628400802612305,0.3769369423389435,-0.4011582136154175
0.4759281277656555,0.37780678272247314,-0.397158145904541
0.5665814876556396,0.4051162302494049,-0.13977578282356262
0.43180105090141296,0.4053031802177429,-0.12870129942893982
0.6308251023292542,0.44773659110069275,-0.06488070636987686
0.3690147399902344,0.43930429220199585,-0.03522297367453575
0.5723830461502075,0.4803527891635895,-0.18473054468631744
0.41116470098495483,0.4764145314693451,-0.12768083810806274
0.5533650517463684,0.4916502833366394,-0.2241666316986084
0.42272910475730896,0.48688164353370667,-0.15914033353328705
0.5473418831825256,0.4837067723274231,-0.24315863847732544
0.43115705251693726,0.48069000244140625,-0.1852332502603531
0.5521774291992188,0.48019760847091675,-0.19110354781150818
0.4293825328350067,0.4772263467311859,-0.13729169964790344
0.5328282117843628,0.5218552350997925,0.008577695116400719
0.45682016015052795,0.5204731822013855,-0.008641031570732594
0.5366866588592529,0.6043254137039185,0.024708561599254608
0.44119882583618164,0.6066733598709106,-0.006493247114121914
0.5418616533279419,0.6861815452575684,0.18786631524562836
0.4340170621871948,0.6857783198356628,0.16926437616348267
0.5285535454750061,0.6983469128608704,0.19372132420539856
0.4425133168697357,0.6946262121200562,0.17605654895305634
0.5645477771759033,0.7123960852622986,0.00965856108814478
0.43367406725883484,0.7122193574905396,-0.009722338989377022
-
0.4844411313533783,0.36969977617263794,-0.4652213752269745
0.4931337535381317,0.36148184537887573,-0.4496596157550812
0.4989836812019348,0.36097097396850586,-0.44961273670196533
0.5040779709815979,0.3606431186199188,-0.449594110250473
0.47738146781921387,0.36271923780441284,-0.4459608793258667
0.4723381996154785,0.36299413442611694,-0.4460233449935913
0.46748843789100647,0.3634192943572998,-0.4460187554359436
0.5134523510932922,0.3639644980430603,-0.29315003752708435
0.46444061398506165,0.36715051531791687,-0.27899783849716187
0.4964282512664795,0.37672922015190125,-0.40189826488494873
0.47605100274086,0.37769967317581177,-0.39798203110694885
0.5667486786842346,0.4051474928855896,-0.14019393920898438
0.4318269193172455,0.40529823303222656,-0.1307794749736786
0.6308789849281311,0.4477871060371399,-0.06508822739124298
0.3690148591995239,0.43930163979530334,-0.040591463446617126
0.5723889470100403,0.4803691804409027,-0.18489590287208557
0.4111514091491699,0.4764842391014099,-0.1353580355644226
0.5533769130706787,0.4916609227657318,-0.2245383858680725
0.4227045178413391,0.4869319796562195,-0.1676320880651474
0.547359824180603,0.4837154448032379,-0.24352781474590302
0.43109944462776184,0.48069286346435547,-0.19328570365905762
0.5521932244300842,0.4802023768424988,-0.19129511713981628
0.42929184436798096,0.4772264361381531,-0.14486762881278992
0.5328088402748108,0.5218359231948853,0.008947600610554218
0.4568013846874237,0.5204588174819946,-0.009011778049170971
0.5367835760116577,0.6042795181274414,0.024522360414266586
0.4412899911403656,0.606523871421814,-0.010365843772888184
0.54194176197052,0.6862199902534485,0.1868143081665039
0.43411123752593994,0.6858064532279968,0.1636078804731369
0.5287995338439941,0.69847172498703,0.192518949508667
0.442548930644989,0.694757342338562,0.17013870179653168
0.5645588636398315,0.7121977210044861,0.009522565640509129
0.43366312980651855,0.7122094035148621,-0.01719915308058262
-
0.4846189320087433,0.3695855140686035,-0.4648323059082031
0.4932451546192169,0.3613770306110382,-0.448879212141037
0.4990856647491455,0.3608693480491638,-0.44883355498313904
0.5041872262954712,0.36055228114128113,-0.44881558418273926
0.4775058627128601,0.3626323342323303,-0.44536256790161133
0.4724371135234833,0.36291542649269104,-0.44542747735977173
0.46757957339286804,0.36335664987564087,-0.4454247057437897
0.5135143399238586,0.3639075756072998,-0.29154279828071594
0.46446216106414795,0.3671187162399292,-0.27828142046928406
0.49658024311065674,0.3766043782234192,-0.40134912729263306
0.4761815071105957,0.3776337206363678,-0.39762333035469055
0.566805899143219,0.40515488386154175,-0.1386578381061554
0.4318516254425049,0.4052824079990387,-0.13053879141807556
0.6309832334518433,0.4477905333042145,-0.06341682374477386
0.3690166175365448,0.43929773569107056,-0.041567835956811905
0.5724374055862427,0.48037075996398926,-0.18308304250240326
0.4111431837081909,0.4765605926513672,-0.13927637040615082
0.5533959865570068,0.49166345596313477,-0.2231266051530838
0.4226846992969513,0.4870121479034424,-0.17245356738567352
0.5473883152008057,0.4837161600589752,-0.24235303699970245
0.4310416281223297,0.4807095527648926,-0.19830019772052765
0.5522378087043762,0.480201780796051,-0.18965135514736176
0.4292190670967102,0.4772337079048157,-0.14893825352191925
0.5327873826026917,0.5217803120613098,0.009500352665781975
0.4568021595478058,0.5204190611839294,-0.009562436491250992
0.5368376970291138,0.6042524576187134,0.023979896679520607
0.44137731194496155,0.6064022779464722,-0.01543492916971445
0.5420236587524414,0.6862510442733765,0.18442225456237793
0.4341714084148407,0.685944676399231,0.15455977618694305
0.5290156602859497,0.6986246705055237,0.1898832768201828
0.44261348247528076,0.695115864276886,0.16061408817768097
0.5646708011627197,0.7119767069816589,0.008169630542397499
0.4336566925048828,0.7122130393981934,-0.027848847210407257
-
0.48474499583244324,0.3694225549697876,-0.46287766098976135
0.493308424949646,0.3612439036369324,-0.4465992748737335
0.4991472065448761,0.36074745655059814,-0.4465549886226654
0.5042592287063599,0.3604477345943451,-0.44653749465942383
0.4775735139846802,0.3624933958053589,-0.44313931465148926
0.4724864959716797,0.36277782917022705,-0.44320377707481384
0.46762967109680176,0.36323240399360657,-0.4432007372379303
0.5135509371757507,0.3638296127319336,-0.28907883167266846
0.4644714891910553,0.3670502305030823,-0.276076078414917
0.49668586254119873,0.37643885612487793,-0.39946794509887695
0.4762590229511261,0.3775230050086975,-0.3958110511302948
0.5668518543243408,0.40516892075538635,-0.13709235191345215
0.43187591433525085,0.405268132686615,-0.1298978328704834
0.6310898065567017,0.4478057026863098,-0.0626009926199913
0.3690257668495178,0.4392845034599304,-0.041311606764793396
0.5724765658378601,0.48037609457969666,-0.1824168562889099
0.4111334979534149,0.4765954613685608,-0.13916315138339996
0.553400993347168,0.4916691184043884,-0.2226664423942566
0.4226725399494171,0.48707231879234314,-0.17233896255493164
0.5474098920822144,0.4837167263031006,-0.24177289009094238
0.430958092212677,0.4807279706001282,-0.19823962450027466
0.5522685647010803,0.4802013039588928,-0.18896378576755524
0.4291294515132904,0.4772399365901947,-0.14885398745536804
0.532770574092865,0.5217370986938477,0.009745028801262379
0.45680126547813416,0.5203936696052551,-0.009806573390960693
0.5368723273277283,0.6042270064353943,0.023670310154557228
0.4414340555667877,0.6063333749771118,-0.01640561781823635
0.5420661568641663,0.6862754225730896,0.1833612471818924
0.4342137277126312,0.6860307455062866,0.15340639650821686
0.5291434526443481,0.6987340450286865,0.18875141441822052
0.4426884949207306,0.6953635811805725,0.15944425761699677
0.5647740960121155,0.7118322253227234,0.007616329938173294
0.43361741304397583,0.7122195959091187,-0.02875300869345665
-
0.48486560583114624,0.369331955909729,-0.4616348147392273
0.49337124824523926,0.36118167638778687,-0.445133239030838
0.4992061257362366,0.3606911301612854,-0.4450894296169281
0.504325270652771,0.3604010343551636,-0.44507163763046265
0.4776463806629181,0.36241477727890015,-0.4418179392814636
0.4725404977798462,0.36269158124923706,-0.44188180565834045
0.4676821529865265,0.3631457984447479,-0.4418783485889435
0.5135788917541504,0.3637937307357788,-0.28731438517570496
0.4644782543182373,0.3669899106025696,-0.2750243842601776
0.4967726469039917,0.37635430693626404,-0.3981976807117462
0.4763358235359192,0.37745437026023865,-0.3947404623031616
0.5668673515319824,0.405184268951416,-0.13560527563095093
0.4318779706954956,0.4052645266056061,-0.12965421378612518
0.6312083005905151,0.44782137870788574,-0.061459027230739594
0.3690328001976013,0.4392727017402649,-0.04119665175676346
0.5725026726722717,0.48038309812545776,-0.18228326737880707
0.41112878918647766,0.4766150116920471,-0.1394636482000351
0.5534146428108215,0.4916781783103943,-0.22275874018669128
0.42265748977661133,0.48709815740585327,-0.17279650270938873
0.5474341511726379,0.4837208390235901,-0.24187509715557098
0.4309227466583252,0.4807300567626953,-0.19876058399677277
0.5522979497909546,0.48020225763320923,-0.18886660039424896
0.42908474802970886,0.47724008560180664,-0.14918152987957
0.5327634215354919,0.5217019319534302,0.0101570850238204
0.45679715275764465,0.5203801393508911,-0.010219586081802845
0.5368838906288147,0.6042191386222839,0.023671068251132965
0.44145533442497253,0.606312096118927,-0.017045192420482635
0.5420919060707092,0.6862916350364685,0.18329636752605438
0.43424302339553833,0.6861196756362915,0.15301625430583954
0.5292049646377563,0.6987999677658081,0.18868638575077057
0.4427655041217804,0.6954838633537292,0.15909714996814728
0.5648670792579651,0.7117131948471069,0.007785009685903788
0.4336109161376953,0.7122668027877808,-0.0289999321103096
-
0.48511603474617004,0.36919254064559937,-0.4596629738807678
0.49351218342781067,0.3610844016075134,-0.4427250027656555
0.4993349313735962,0.36060619354248047,-0.4426833987236023
0.5044349431991577,0.3603341579437256,-0.4426659941673279
0.47778618335723877,0.36229169368743896,-0.4398382902145386
0.47265246510505676,0.36255133152008057,-0.4399010241031647
0.4677680432796478,0.36300399899482727,-0.43989694118499756
0.5136050581932068,0.36374539136886597,-0.2838849723339081
0.4644814431667328,0.3669184148311615,-0.2736020088195801
0.49696969985961914,0.376234769821167,-0.39600375294685364
0.47649842500686646,0.3773573040962219,-0.39310649037361145
0.5668711066246033,0.4051886200904846,-0.1322195678949356
0.4318789541721344,0.4052596688270569,-0.12956203520298004
0.6312358975410461,0.4478228688240051,-0.05914292484521866
0.3690328896045685,0.43926143646240234,-0.04140480235219002
0.5725448131561279,0.48038142919540405,-0.18236246705055237
0.4111228883266449,0.47663038969039917,-0.13970835506916046
0.5534456372261047,0.4916791021823883,-0.22291265428066254
0.4226458668708801,0.48712700605392456,-0.1731574386358261
0.5474643111228943,0.48372429609298706,-0.24199993908405304
0.4308893382549286,0.4807308614253998,-0.19928376376628876
0.5523316264152527,0.48020297288894653,-0.18898668885231018
0.42904549837112427,0.47723865509033203,-0.14947551488876343
0.5327451825141907,0.5216560959815979,0.01138337329030037
0.4568019509315491,0.5203667879104614,-0.011447743512690067
0.5369102358818054,0.6041699051856995,0.02406267821788788
0.44146889448165894,0.606239914894104,-0.01781518943607807
0.5421152710914612,0.6863086223602295,0.18338128924369812
0.4342863857746124,0.6861461400985718,0.15266236662864685
0.5292865633964539,0.6988701820373535,0.1887974888086319
0.44279056787490845,0.6955276727676392,0.15879477560520172
0.5650120377540588,0.7115868926048279,0.007941702380776405
0.4336005449295044,0.7122741937637329,-0.02928832918405533
-
0.4853663146495819,0.36908939480781555,-0.45704567432403564
0.49365878105163574,0.3610072433948517,-0.43978458642959595
0.49946776032447815,0.36053961515426636,-0.4397439658641815
0.5045424699783325,0.360282838344574,-0.4397267699241638
0.4779262840747833,0.3621947169303894,-0.4373021423816681
0.47276997566223145,0.3624412417411804,-0.43736305832862854
0.4678570330142975,0.3628937304019928,-0.43735775351524353
0.5136308670043945,0.3637124001979828,-0.28016141057014465
0.4644874632358551,0.36686787009239197,-0.2717447578907013
0.49718135595321655,0.37614428997039795,-0.393172025680542
0.47666260600090027,0.3772899806499481,-0.3908342719078064
0.5668735504150391,0.40520206093788147,-0.12830707430839539
0.4318814277648926,0.4052557349205017,-0.12911313772201538
0.6312601566314697,0.4478221833705902,-0.055281300097703934
0.3690260946750641,0.4392433166503906,-0.0413520522415638
0.5726189613342285,0.4803773760795593,-0.18094520270824432
0.41111788153648376,0.4766482412815094,-0.13959918916225433
0.5535306930541992,0.49167904257774353,-0.22216209769248962
0.42263585329055786,0.48715752363204956,-0.17298530042171478
0.5475569367408752,0.48372983932495117,-0.2413490265607834
0.4308699667453766,0.48073357343673706,-0.19911299645900726
0.55241858959198,0.48020482063293457,-0.18774579465389252
0.4290192425251007,0.4772387444972992,-0.14935322105884552
0.5327382683753967,0.5216159224510193,0.01255918201059103
0.45682066679000854,0.5203453302383423,-0.012623620219528675
0.5369288325309753,0.6040970087051392,0.024326343089342117
0.441488653421402,0.6061350107192993,-0.01867726817727089
0.542120635509491,0.6863185167312622,0.18342329561710358
0.4343093931674957,0.6861600279808044,0.15189312398433685
0.5293083190917969,0.6989181041717529,0.18881626427173615
0.4428011476993561,0.695555567741394,0.15802225470542908
0.565166175365448,0.7115084528923035,0.008095691911876202
0.4335917532444,0.7122816443443298,-0.02997519262135029
-
0.4855312705039978,0.36901575326919556,-0.45566993951797485
0.4937368929386139,0.36095401644706726,-0.43842706084251404
0.499539315700531,0.3604971170425415,-0.43838611245155334
0.5046048164367676,0.36025315523147583,-0.43836885690689087
0.4780001640319824,0.36211809515953064,-0.43598097562789917
0.47282662987709045,0.36235612630844116,-0.43604129552841187
0.46790096163749695,0.362810343503952,-0.43603575229644775
0.5136374831199646,0.36369946599006653,-0.2789401710033417
0.46448850631713867,0.3668358027935028,-0.27066749334335327
0.4973122179508209,0.3760910928249359,-0.3918236494064331
0.476757675409317,0.3772588074207306,-0.38955768942832947
0.566876232624054,0.40521740913391113,-0.1270028054714203
0.43188539147377014,0.405254989862442,-0.12865810096263885
0.6312806606292725,0.44783514738082886,-0.05476532131433487
0.36902257800102234,0.4392266273498535,-0.041297025978565216
0.5726278424263,0.4803737699985504,-0.18109972774982452
0.4111134111881256,0.47668519616127014,-0.1395014375448227
0.5535316467285156,0.49167686700820923,-0.22219300270080566
0.4226204454898834,0.48720043897628784,-0.17285160720348358
0.5475599765777588,0.4837302565574646,-0.24141161143779755
0.4308394193649292,0.4807438254356384,-0.1990102082490921
0.5524244904518127,0.48020464181900024,-0.18788819015026093
0.428988516330719,0.47724390029907227,-0.14925506711006165
0.5327244400978088,0.5215381979942322,0.01333869993686676
0.45685896277427673,0.5202950239181519,-0.013405770994722843
0.5369381308555603,0.6040181517601013,0.02432575821876526
0.4415235221385956,0.6060311198234558,-0.02003014087677002
0.5421308875083923,0.6863266825675964,0.1825527548789978
0.43433934450149536,0.6861798763275146,0.1495833396911621
0.5293519496917725,0.6989617943763733,0.18775369226932526
0.4428168535232544,0.6955983638763428,0.15557576715946198
0.5652807950973511,0.7114533185958862,0.0071986038237810135
0.43358513712882996,0.7123109102249146,-0.03252838924527168
-
0.48565053939819336,0.36897557973861694,-0.45468589663505554
0.4937911033630371,0.36092740297317505,-0.437258243560791
0.4995889961719513,0.3604775667190552,-0.43721699714660645
0.504652738571167,0.36024209856987,-0.43719956278800964
0.4780530631542206,0.36206409335136414,-0.43500709533691406
0.4728628695011139,0.36228829622268677,-0.4350670278072357
0.46793052554130554,0.36273616552352905,-0.4350610375404358
0.5136410593986511,0.36369797587394714,-0.277077853679657
0.4644886553287506,0.3667975962162018,-0.26979607343673706
0.49738791584968567,0.3760775327682495,-0.39064255356788635
0.4768208861351013,0.3772498667240143,-0.38863855600357056
0.5668764114379883,0.40523988008499146,-0.12453113496303558
0.43187862634658813,0.40526944398880005,-0.128343865275383
0.631290853023529,0.4478406012058258,-0.05226875841617584
0.3690207302570343,0.43922409415245056,-0.041285887360572815
0.5726568102836609,0.4803709387779236,-0.18008366227149963
0.4111422300338745,0.4767448306083679,-0.13943301141262054
0.5535675287246704,0.4916728436946869,-0.2216780185699463
0.42261141538619995,0.48724284768104553,-0.17281152307987213
0.5476045608520508,0.48373255133628845,-0.24090030789375305
0.430825799703598,0.4807533621788025,-0.19910681247711182
0.5524628758430481,0.4802052974700928,-0.18697834014892578
0.4289742410182953,0.4772510528564453,-0.14921069145202637
0.5327126979827881,0.5215026140213013,0.014233664609491825
0.4568893015384674,0.5202706456184387,-0.014300440438091755
0.5369536280632019,0.6039687395095825,0.024388132616877556
0.44155412912368774,0.6059120893478394,-0.022544829174876213
0.5421343445777893,0.6863335967063904,0.18229416012763977
0.43436530232429504,0.6861964464187622,0.14694489538669586
0.5293569564819336,0.6989962458610535,0.1873948872089386
0.4428364932537079,0.695651650428772,0.15288005769252777
0.5654323697090149,0.7114308476448059,0.00678741792216897
0.43357962369918823,0.7123466730117798,-0.03578329458832741
-
0.4856741726398468,0.3689621090888977,-0.45468494296073914
0.493796169757843,0.36091917753219604,-0.43729642033576965
0.4995945692062378,0.36047205328941345,-0.4372548460960388
0.5046576857566833,0.3602392077445984,-0.4372374713420868
0.4780585467815399,0.3620316982269287,-0.4350081980228424
0.47286978363990784,0.36224180459976196,-0.43506813049316406
0.4679366648197174,0.3626769185066223,-0.4350619912147522
0.5136364102363586,0.36369237303733826,-0.2772347927093506
0.4644720256328583,0.3667423129081726,-0.26976650953292847
0.497392475605011,0.3760741949081421,-0.3906628489494324
0.47682714462280273,0.3772440552711487,-0.3886183500289917
0.5668593645095825,0.4052572250366211,-0.12481705099344254
0.4318521320819855,0.4052869379520416,-0.1282949596643448
0.6312928795814514,0.4478487968444824,-0.052758168429136276
0.3690209984779358,0.4392344057559967,-0.041745807975530624
0.5726519823074341,0.48036694526672363,-0.18078358471393585
0.4112725257873535,0.4768143594264984,-0.14015761017799377
0.5535673499107361,0.4916597306728363,-0.2228194773197174
0.42265018820762634,0.4872933030128479,-0.17379850149154663
0.5476122498512268,0.4837326109409332,-0.24192653596401215
0.4308169186115265,0.4807688295841217,-0.20023556053638458
0.5524678230285645,0.4802030622959137,-0.18770582973957062
0.428966224193573,0.47726258635520935,-0.1500076949596405
0.5327007174491882,0.5214458107948303,0.014487450942397118
0.4569237232208252,0.5202131271362305,-0.014554043300449848
0.5369603633880615,0.603929877281189,0.023988842964172363
0.44158896803855896,0.6058526635169983,-0.025411387905478477
0.5421653985977173,0.6863507032394409,0.18029393255710602
0.4343714118003845,0.6862651705741882,0.14308197796344757
0.5293785333633423,0.6990799307823181,0.18515464663505554
0.44285881519317627,0.6958504319190979,0.14884841442108154
0.5655251145362854,0.7114073038101196,0.004234958440065384
0.43349698185920715,0.7123830914497375,-0.04048532992601395
-
0.4856790006160736,0.3689572215080261,-0.4547887444496155
0.4938010275363922,0.3609183430671692,-0.43743884563446045
0.49959927797317505,0.36047181487083435,-0.4373970925807953
0.5046638250350952,0.3602396845817566,-0.4373798072338104
0.4780634641647339,0.3620077073574066,-0.4351310729980469
0.4728703498840332,0.3621997833251953,-0.43519097566604614
0.4679427146911621,0.36261433362960815,-0.43518468737602234
0.5136181116104126,0.36369049549102783,-0.2771534323692322
0.4644448459148407,0.3666623532772064,-0.2698451280593872
0.49738815426826477,0.37607428431510925,-0.3907630145549774
0.47682011127471924,0.37723666429519653,-0.3886914849281311
0.5668244957923889,0.4052681028842926,-0.1242985650897026
0.43176519870758057,0.4053085744380951,-0.1282528191804886
0.6312803626060486,0.4478493630886078,-0.05249132961034775
0.36901623010635376,0.43926143646240234,-0.042448051273822784
0.5726712942123413,0.48035088181495667,-0.18086329102516174
0.41144099831581116,0.4769269526004791,-0.14195631444454193
0.5536369681358337,0.49164462089538574,-0.22291573882102966
0.4227061867713928,0.4873819351196289,-0.17611053586006165
0.5477282404899597,0.4837295413017273,-0.24206486344337463
0.4308314025402069,0.4808156490325928,-0.20272350311279297
0.5525526404380798,0.48019012808799744,-0.18775027990341187
0.4289913475513458,0.4773022532463074,-0.15189193189144135
0.5326905846595764,0.5213927626609802,0.014757002703845501
0.45693647861480713,0.5201588273048401,-0.014822672121226788
0.5369659066200256,0.6039220690727234,0.0236152783036232
0.4416210949420929,0.6058157086372375,-0.02786019630730152
0.5421772003173828,0.6863753199577332,0.17921297252178192
0.43438026309013367,0.6863454580307007,0.14027851819992065
0.5293875336647034,0.699191689491272,0.18396778404712677
0.44286736845970154,0.6960840821266174,0.14594557881355286
0.5655999779701233,0.7113998532295227,0.0027342685498297215
0.4333736002445221,0.7124422788619995,-0.04404376819729805
-
0.4856303632259369,0.3689568042755127,-0.45485788583755493
0.49374398589134216,0.3609223961830139,-0.43757104873657227
0.49955588579177856,0.360478013753891,-0.43752923607826233
0.5046485662460327,0.36024710536003113,-0.4375119209289551
0.4780181050300598,0.3619968295097351,-0.43522635102272034
0.4728201925754547,0.3621765971183777,-0.43528610467910767
0.4679354429244995,0.36257272958755493,-0.43527981638908386
0.5135875940322876,0.3636903762817383,-0.27716749906539917
0.4644222557544708,0.3665994107723236,-0.26985469460487366
0.4973159432411194,0.3760776221752167,-0.39085811376571655
0.4767642617225647,0.3772296905517578,-0.3887479901313782
0.5667609572410583,0.40527668595314026,-0.12411703169345856
0.43167880177497864,0.4053317904472351,-0.12823405861854553
0.6312409043312073,0.4478406310081482,-0.053132884204387665
0.3689807057380676,0.4393106997013092,-0.04422284662723541
0.5727083683013916,0.48029398918151855,-0.18709449470043182
0.4116419553756714,0.4770907461643219,-0.1461118459701538
0.5537063479423523,0.49158772826194763,-0.23037970066070557
0.4228189289569855,0.4875081181526184,-0.18090002238750458
0.5478429794311523,0.483706533908844,-0.24917607009410858
0.43089044094085693,0.4809146523475647,-0.2074931412935257
0.5526384115219116,0.4801486134529114,-0.1941169798374176
0.42905884981155396,0.477386474609375,-0.15606288611888885
0.5326830744743347,0.5213751196861267,0.014964291825890541
0.45693668723106384,0.5201420783996582,-0.015030626207590103
0.5369682908058167,0.6039166450500488,0.023544223979115486
0.44163596630096436,0.6057702302932739,-0.028196115046739578
0.5421834588050842,0.6864007711410522,0.17898108065128326
0.43436399102211,0.6863791346549988,0.14046533405780792
0.5293808579444885,0.6993018388748169,0.18372029066085815
0.4428519010543823,0.6961784958839417,0.14620287716388702
0.5656206607818604,0.7113925218582153,0.0023359113838523626
0.4333283007144928,0.7124506235122681,-0.043744441121816635
-
0.48543137311935425,0.3689572811126709,-0.45489561557769775
0.4935525357723236,0.36092865467071533,-0.43761757016181946
0.49940410256385803,0.3604874014854431,-0.4375755786895752
0.5045667290687561,0.3602551519870758,-0.43755823373794556
0.4778286814689636,0.36198973655700684,-0.4352470338344574
0.4726420044898987,0.3621641993522644,-0.4353070855140686
0.467878520488739,0.3625471293926239,-0.4353008270263672
0.5135271549224854,0.3636903166770935,-0.2771786153316498
0.4643661379814148,0.3665488064289093,-0.26961007714271545
0.4970847964286804,0.3760834038257599,-0.3908507823944092
0.476561576128006,0.377226322889328,-0.3887030780315399
0.5666877031326294,0.40527963638305664,-0.12356109917163849
0.43159767985343933,0.40533646941185,-0.12790623307228088
0.6311953067779541,0.4478064477443695,-0.05204107612371445
0.36896055936813354,0.4393270015716553,-0.04394223541021347
0.5727437734603882,0.48025017976760864,-0.18425840139389038
0.4118505120277405,0.47728508710861206,-0.14606055617332458
0.553790807723999,0.49153462052345276,-0.22733376920223236
0.42293068766593933,0.48765915632247925,-0.18056994676589966
0.5479689836502075,0.48368754982948303,-0.24626727402210236
0.43096810579299927,0.48104992508888245,-0.20713405311107635
0.5527272820472717,0.4801170825958252,-0.191313698887825
0.42917725443840027,0.47751814126968384,-0.15597844123840332
0.5326774716377258,0.5213316679000854,0.015052654780447483
0.45693439245224,0.5200991034507751,-0.015117836184799671
0.5369551777839661,0.6039086580276489,0.022848250344395638
0.44164565205574036,0.6057232022285461,-0.030355259776115417
0.5421932339668274,0.6864298582077026,0.17739415168762207
0.4343418478965759,0.686429500579834,0.1369871199131012
0.529380738735199,0.6994825601577759,0.1820145696401596
0.4428277015686035,0.696297287940979,0.14254486560821533
0.5656265616416931,0.7113685011863708,0.0002879289095290005
0.43332239985466003,0.712474524974823,-0.048236146569252014
-
0.48514869809150696,0.36898675560951233,-0.45517289638519287
0.4932820200920105,0.3609732985496521,-0.4379725158214569
0.4991651773452759,0.3605397939682007,-0.43792933225631714
0.5044355988502502,0.36029550433158875,-0.4379122853279114
0.4775829017162323,0.36199384927749634,-0.43551984429359436
0.4724249541759491,0.3621654212474823,-0.4355812072753906
0.4678063988685608,0.3625444769859314,-0.43557408452033997
0.5134558081626892,0.36369937658309937,-0.27746233344078064
0.46433478593826294,0.36654242873191833,-0.2696286737918854
0.49677667021751404,0.3761289715766907,-0.39104413986206055
0.476327121257782,0.377232164144516,-0.3888111114501953
0.5666095614433289,0.4052879214286804,-0.12371170520782471
0.4315298795700073,0.4053473472595215,-0.12722505629062653
0.6311157941818237,0.44777026772499084,-0.04990891367197037
0.36895161867141724,0.4393661916255951,-0.039134781807661057
0.5728219151496887,0.48018941283226013,-0.17744216322898865
0.4120064973831177,0.4774238169193268,-0.1366782933473587
0.5539476871490479,0.4914548397064209,-0.21940332651138306
0.4230068325996399,0.4877628684043884,-0.17008739709854126
0.5482051372528076,0.4836560785770416,-0.23879358172416687
0.43102744221687317,0.4811553359031677,-0.19655823707580566
0.552878737449646,0.48007073998451233,-0.18447861075401306
0.42927664518356323,0.4776260256767273,-0.14631950855255127
0.5326641798019409,0.521228551864624,0.015024680644273758
0.4569337069988251,0.5199583768844604,-0.015088592655956745
0.5369192957878113,0.603862464427948,0.02160273864865303
0.44166815280914307,0.6056451201438904,-0.031267862766981125
0.5421999096870422,0.6864339113235474,0.17574883997440338
0.4343310594558716,0.6864623427391052,0.1340174376964569
0.5293844938278198,0.6995508074760437,0.18032430112361908
0.44282421469688416,0.6963738203048706,0.13929986953735352
0.5656129121780396,0.7113144993782043,-0.0019816982094198465
0.4333247244358063,0.7124962210655212,-0.052203476428985596
-
0.4846608340740204,0.36899298429489136,-0.45673513412475586
0.49284109473228455,0.3609864115715027,-0.4398149847984314
0.4987725615501404,0.3605634272098541,-0.4397681653499603
0.5041773915290833,0.3603135347366333,-0.4397512972354889
0.4771266579627991,0.3619906008243561,-0.4370512366294861
0.47205716371536255,0.3621613383293152,-0.4371146261692047
0.46765175461769104,0.3625335097312927,-0.43710535764694214
0.5133351683616638,0.36370566487312317,-0.2798461616039276
0.46424445509910583,0.36652451753616333,-0.2704595923423767
0.4962403476238251,0.3761516511440277,-0.3926375210285187
0.47586843371391296,0.37723034620285034,-0.38999858498573303
0.5664955377578735,0.4052920937538147,-0.12462444603443146
0.431418776512146,0.4053816795349121,-0.12682881951332092
0.6310338377952576,0.44772252440452576,-0.049418408423662186
0.3689243197441101,0.43945178389549255,-0.034139133989810944
0.5728419423103333,0.4801318049430847,-0.17254586517810822
0.4122748374938965,0.4776018559932709,-0.12716184556484222
0.5539884567260742,0.4913727343082428,-0.2135210633277893
0.42317116260528564,0.4878685474395752,-0.1594664752483368
0.5482884049415588,0.4836196005344391,-0.23302938044071198
0.43116429448127747,0.4812862277030945,-0.18567325174808502
0.5529244542121887,0.48002728819847107,-0.17943181097507477
0.4294704496860504,0.47776931524276733,-0.13654348254203796
0.5326499342918396,0.5211016535758972,0.014402455650269985
0.4569331407546997,0.5197919011116028,-0.014462543651461601
0.5368878245353699,0.6038271188735962,0.020355762913823128
0.4416792690753937,0.6055417656898499,-0.030744655057787895
0.5422057509422302,0.6864365339279175,0.17517253756523132
0.43431776762008667,0.6864657998085022,0.13493892550468445
0.529387891292572,0.6995803117752075,0.17980998754501343
0.4428214728832245,0.6963954567909241,0.14025545120239258
0.5654809474945068,0.711292564868927,-0.0034041153267025948
0.4333197772502899,0.7125160098075867,-0.05147967487573624
-
0.48408952355384827,0.3690018057823181,-0.4584679901599884
0.4923419952392578,0.36099761724472046,-0.4420344829559326
0.49830567836761475,0.3605864644050598,-0.44198480248451233
0.5038501024246216,0.36032891273498535,-0.4419684410095215
0.4766232669353485,0.36198729276657104,-0.4388664662837982
0.4716539680957794,0.3621585965156555,-0.4389308989048004
0.4674690365791321,0.3625258803367615,-0.4389192759990692
0.5131829380989075,0.36370939016342163,-0.28336670994758606
0.46415436267852783,0.3665021061897278,-0.2718075215816498
0.49558013677597046,0.37617823481559753,-0.394622266292572
0.47535502910614014,0.37722915410995483,-0.39143258333206177
0.5663962364196777,0.4052954614162445,-0.1273297518491745
0.431233286857605,0.4054158627986908,-0.12637245655059814
0.630946934223175,0.4476783275604248,-0.049271468073129654
0.36888012290000916,0.4395787715911865,-0.02931826561689377
0.5729051232337952,0.4800606667995453,-0.16788744926452637
0.4125496745109558,0.47776275873184204,-0.11870017647743225
0.5541251301765442,0.49130624532699585,-0.20762629806995392
0.4233431816101074,0.4879482388496399,-0.15006433427333832
0.5484327673912048,0.48361101746559143,-0.22745512425899506
0.43130379915237427,0.48138517141342163,-0.17579150199890137
0.5530112385749817,0.48001179099082947,-0.1747007668018341
0.42965465784072876,0.4778873026371002,-0.12780888378620148
0.5326371788978577,0.5210232138633728,0.012658576481044292
0.4569198191165924,0.5196967124938965,-0.012710643000900745
0.5368406772613525,0.6038116812705994,0.019306739792227745
0.4416876435279846,0.6054724454879761,-0.02917342260479927
0.5422104597091675,0.6864351034164429,0.17525510489940643
0.4343036711215973,0.6864694356918335,0.13630710542201996
0.5294026136398315,0.699576735496521,0.17998042702674866
0.4428221881389618,0.6964030265808105,0.14146247506141663
0.5650174617767334,0.7112655639648438,-0.0034834821708500385
0.4333093464374542,0.7125514149665833,-0.05114427208900452
-
0.4837948679924011,0.3689998984336853,-0.46116384863853455
0.4920792877674103,0.36099666357040405,-0.4450100064277649
0.4980684518814087,0.36058759689331055,-0.44495975971221924
0.5036708116531372,0.36032965779304504,-0.44494369626045227
0.47634103894233704,0.3619581460952759,-0.44157904386520386
0.4714322090148926,0.36213022470474243,-0.44164374470710754
0.4673541188240051,0.36248815059661865,-0.4416317343711853
0.513059675693512,0.36370643973350525,-0.28709569573402405
0.4640882611274719,0.366446316242218,-0.2742031216621399
0.4951600432395935,0.37618499994277954,-0.3975103199481964
0.47502997517585754,0.37721914052963257,-0.3939377963542938
0.5662779211997986,0.40529972314834595,-0.13190512359142303
0.431058794260025,0.4054332375526428,-0.12635837495326996
0.6308289170265198,0.44767460227012634,-0.051758866757154465
0.36883044242858887,0.43970149755477905,-0.028943009674549103
0.5729021430015564,0.4800470769405365,-0.16935810446739197
0.41278359293937683,0.4779784083366394,-0.11947702616453171
0.5541287660598755,0.49129223823547363,-0.20981952548027039
0.4234887957572937,0.4880383014678955,-0.15106365084648132
0.548435628414154,0.4836130142211914,-0.22946849465370178
0.43139639496803284,0.481480211019516,-0.17659109830856323
0.5530125498771667,0.48001107573509216,-0.17624744772911072
0.4297717213630676,0.47801461815834045,-0.12856541574001312
0.5326205492019653,0.5209742188453674,0.01097620464861393
0.45691239833831787,0.5196126699447632,-0.011027630418539047
0.5367375016212463,0.6037889719009399,0.018672849982976913
0.4416927695274353,0.6053258180618286,-0.0266122929751873
0.5422143340110779,0.6864320039749146,0.1753873974084854
0.4342806041240692,0.6864616274833679,0.14003928005695343
0.5294215679168701,0.6995591521263123,0.18016168475151062
0.4427982270717621,0.6963945627212524,0.14532454311847687
0.5644165277481079,0.711260199546814,-0.0036689883563667536
0.4333065152168274,0.7125866413116455,-0.04761412367224693
-
0.48352470993995667,0.3690113425254822,-0.46348172426223755
0.4918769299983978,0.3610062003135681,-0.4474855959415436
0.4978654086589813,0.3606046736240387,-0.4474344551563263
0.5035162568092346,0.36034077405929565,-0.447419136762619
0.47613322734832764,0.36195603013038635,-0.4439369738101959
0.47125884890556335,0.36212772130966187,-0.4440010190010071
0.46726328134536743,0.3624809980392456,-0.44398757815361023
0.5129535794258118,0.36370813846588135,-0.28968721628189087
0.4640345275402069,0.36642566323280334,-0.276243656873703
0.4947753846645355,0.3762156069278717,-0.39981499314308167
0.47474226355552673,0.3772178888320923,-0.3960755169391632
0.5661715865135193,0.4053098261356354,-0.13453197479248047
0.4308285117149353,0.4054450988769531,-0.12630552053451538
0.6307426691055298,0.4476660192012787,-0.05314880982041359
0.36880069971084595,0.43978410959243774,-0.027976319193840027
0.5729163885116577,0.4800025522708893,-0.17043153941631317
0.4128606617450714,0.47809353470802307,-0.11935853958129883
0.5541501641273499,0.49124956130981445,-0.21113404631614685
0.4235236644744873,0.4880739748477936,-0.15101686120033264
0.5484517216682434,0.48360997438430786,-0.23070813715457916
0.43140920996665955,0.48152488470077515,-0.1765652745962143
0.5530275702476501,0.48000603914260864,-0.17733612656593323
0.42978665232658386,0.4780770242214203,-0.12847371399402618
0.5325831174850464,0.5209136009216309,0.009471259079873562
0.4568903148174286,0.5195008516311646,-0.009524746797978878
0.5366138219833374,0.6037602424621582,0.018102005124092102
0.44172701239585876,0.6052370667457581,-0.02375631593167782
0.5422174334526062,0.6864226460456848,0.17549684643745422
0.4342747628688812,0.6864632964134216,0.14387360215187073
0.529455840587616,0.6994937658309937,0.1803005039691925
0.442797988653183,0.6963964104652405,0.14926685392856598
0.5638649463653564,0.7112566232681274,-0.003998291213065386
0.4333036243915558,0.7126432657241821,-0.04361821338534355
-
0.4832611382007599,0.3690442442893982,-0.46489110589027405
0.4916800260543823,0.3610404133796692,-0.44903677701950073
0.49765196442604065,0.3606535792350769,-0.44898584485054016
0.5033512115478516,0.36037635803222656,-0.4489719271659851
0.4759416878223419,0.36195608973503113,-0.4453181028366089
0.47109323740005493,0.3621264696121216,-0.44538068771362305
0.46717584133148193,0.3624778687953949,-0.4453667104244232
0.5128381252288818,0.36371785402297974,-0.29177412390708923
0.46397989988327026,0.3664151430130005,-0.2775464355945587
0.49440160393714905,0.3762621283531189,-0.40140390396118164
0.4744473695755005,0.3772188127040863,-0.39744284749031067
0.5660499334335327,0.4053173065185547,-0.13794445991516113
0.4305984079837799,0.4054495692253113,-0.1261756420135498
0.6306954026222229,0.4476567208766937,-0.057917553931474686
0.368783175945282,0.4398713707923889,-0.02764767035841942
0.5729098320007324,0.47999367117881775,-0.17479318380355835
0.4128747284412384,0.4781411290168762,-0.12011664360761642
0.5541523694992065,0.4912412166595459,-0.21467182040214539
0.42352625727653503,0.4880855679512024,-0.15190903842449188
0.5484511256217957,0.48361319303512573,-0.23432280123233795
0.4314091205596924,0.48153987526893616,-0.17738498747348785
0.5530233979225159,0.48000550270080566,-0.18142420053482056
0.4297865033149719,0.4780992567539215,-0.12926529347896576
0.5325148105621338,0.5208390355110168,0.0077387564815580845
0.45685434341430664,0.5193678140640259,-0.007797410245984793
0.5364336371421814,0.6037108302116394,0.01759292371571064
0.4417371153831482,0.605201244354248,-0.01934199407696724
0.5422210693359375,0.6864095330238342,0.17558008432388306
0.43426641821861267,0.6864631772041321,0.14896811544895172
0.5295051336288452,0.6993968486785889,0.1804025024175644
0.442788302898407,0.6963926553726196,0.15451298654079437
0.563324511051178,0.7112640142440796,-0.004257268272340298
0.43330034613609314,0.7126964926719666,-0.03727810084819794
-
0.4831119477748871,0.3690761923789978,-0.46499162912368774
0.49157336354255676,0.36107727885246277,-0.4490838348865509
0.49753227829933167,0.3606981337070465,-0.44903355836868286
0.5032500624656677,0.3604061007499695,-0.44901978969573975
0.475830614566803,0.3619620203971863,-0.4453970193862915
0.47098684310913086,0.3621305823326111,-0.4454587697982788
0.46711617708206177,0.36247605085372925,-0.4454460144042969
0.5127502679824829,0.363724023103714,-0.2917354702949524
0.4639337658882141,0.3664080500602722,-0.2776655852794647
0.4942030906677246,0.37628766894340515,-0.401509165763855
0.4742710590362549,0.37722131609916687,-0.39758068323135376
0.5659567713737488,0.4053219258785248,-0.13848863542079926
0.4304461181163788,0.4054482579231262,-0.12601575255393982
0.6306325197219849,0.44763293862342834,-0.06082078069448471
0.3687766492366791,0.43992725014686584,-0.028190769255161285
0.5728978514671326,0.47997617721557617,-0.1809614598751068
0.4128668010234833,0.4781535565853119,-0.1226092129945755
0.5541555881500244,0.4912257790565491,-0.2212243378162384
0.42350298166275024,0.48808804154396057,-0.15493743121623993
0.5484502911567688,0.48361319303512573,-0.24064767360687256
0.4313722848892212,0.48153766989707947,-0.18012604117393494
0.5530195832252502,0.48000413179397583,-0.18750661611557007
0.42974141240119934,0.4780992567539215,-0.13179276883602142
0.5324532985687256,0.5207298398017883,0.0069212112575769424
0.45684686303138733,0.5192305445671082,-0.0069868597202003
0.5362588167190552,0.6035962700843811,0.017455022782087326
0.4417458474636078,0.6051599383354187,-0.016567019745707512
0.5422205924987793,0.6863745450973511,0.1756352037191391
0.4342583417892456,0.6864207983016968,0.1514488160610199
0.5295344591140747,0.6992307901382446,0.1804858148097992
0.44275230169296265,0.6962793469429016,0.1570305973291397
0.5627517104148865,0.7112704515457153,-0.004694966599345207
0.43334659934043884,0.7127133011817932,-0.034149643033742905
-
0.4830377697944641,0.36911916732788086,-0.4649431109428406
0.49151748418807983,0.36113256216049194,-0.4489456117153168
0.4974600374698639,0.3607625365257263,-0.4488956332206726
0.5031862854957581,0.3604549765586853,-0.44888195395469666
0.47577744722366333,0.3619765341281891,-0.44537946581840515
0.470925897359848,0.36214083433151245,-0.4454405605792999
0.46708276867866516,0.36247745156288147,-0.4454284608364105
0.5126742720603943,0.3637368381023407,-0.291274756193161
0.4638979732990265,0.3664016127586365,-0.2777274250984192
0.49408191442489624,0.3763151466846466,-0.40134650468826294
0.47417140007019043,0.37722742557525635,-0.39756613969802856
0.5658392906188965,0.4053265452384949,-0.13785821199417114
0.43029454350471497,0.4054439663887024,-0.12584054470062256
0.6305356621742249,0.4475698471069336,-0.06033933535218239
0.3687731921672821,0.4399394989013672,-0.02861599624156952
0.5728965997695923,0.4799146056175232,-0.1812194436788559
0.4128433167934418,0.4781549870967865,-0.12454412132501602
0.554170548915863,0.49117130041122437,-0.2216418832540512
0.42346319556236267,0.48807138204574585,-0.15732716023921967
0.548463761806488,0.4836084842681885,-0.2411828637123108
0.431304931640625,0.4815239906311035,-0.18283578753471375
0.5530242919921875,0.47999152541160583,-0.18784528970718384
0.42966753244400024,0.4780913293361664,-0.13390466570854187
0.5323994755744934,0.5206111669540405,0.0067060855217278
0.456837922334671,0.5190913677215576,-0.006773287896066904
0.5360881090164185,0.6034632921218872,0.017471814528107643
0.44175371527671814,0.6051340699195862,-0.015277175232768059
0.5422078967094421,0.6863271594047546,0.1756718009710312
0.43425697088241577,0.6863574385643005,0.15294739603996277
0.5295390486717224,0.6990999579429626,0.18055161833763123
0.44275060296058655,0.6961053013801575,0.15852753818035126
0.5624956488609314,0.7113109827041626,-0.004774230532348156
0.43335163593292236,0.7127456665039062,-0.03261607885360718
-
0.4829927682876587,0.36914941668510437,-0.4640120267868042
0.4914996325969696,0.3611607849597931,-0.447775274515152
0.49743643403053284,0.36079517006874084,-0.4477255046367645
0.5031617879867554,0.36048099398612976,-0.4477124810218811
0.47574856877326965,0.3619841933250427,-0.4444211423397064
0.4708836078643799,0.3621470630168915,-0.44448062777519226
0.467055082321167,0.3624776601791382,-0.4444703757762909
0.512627899646759,0.36374613642692566,-0.2892584800720215
0.4638398587703705,0.36639603972435,-0.2768712639808655
0.4940200448036194,0.3763248324394226,-0.4001915752887726
0.4740718901157379,0.37723350524902344,-0.39670684933662415
0.565703809261322,0.4053495526313782,-0.1356963962316513
0.4301774799823761,0.4054392874240875,-0.12506745755672455
0.630420446395874,0.447559654712677,-0.06010867655277252
0.3687687814235687,0.439962774515152,-0.02881685271859169
0.5727440118789673,0.4798898696899414,-0.18237170577049255
0.41275787353515625,0.47813668847084045,-0.12797635793685913
0.5540735721588135,0.4911373257637024,-0.22354216873645782
0.4233289361000061,0.48799067735671997,-0.16134017705917358
0.548378050327301,0.4835929274559021,-0.2426670342683792
0.431158185005188,0.48142796754837036,-0.18739904463291168
0.5529165267944336,0.4799705445766449,-0.1889660656452179
0.429520845413208,0.4780036509037018,-0.13757053017616272
0.5322929620742798,0.5205445289611816,0.0068289716728031635
0.45682835578918457,0.5190302729606628,-0.00689387321472168
0.5358702540397644,0.6033975481987,0.017399862408638
0.44176048040390015,0.605128824710846,-0.015465770848095417
0.5421943068504333,0.6863154172897339,0.1754300445318222
0.4342541992664337,0.6862967610359192,0.15266932547092438
0.5295170545578003,0.699101984500885,0.18032625317573547
0.4427433907985687,0.695898175239563,0.15823794901371002
0.5624737739562988,0.7114614844322205,-0.0055990032851696014
0.43335580825805664,0.7128070592880249,-0.032793253660202026
-
0.48295560479164124,0.36916449666023254,-0.4612712562084198
0.4914853274822235,0.3611697852611542,-0.44461923837661743
0.4974169433116913,0.3608057200908661,-0.44457104802131653
0.503138542175293,0.3604888319969177,-0.4445571005344391
0.4757251739501953,0.3619856536388397,-0.44152960181236267
0.4708506166934967,0.36214858293533325,-0.44158685207366943
0.46703019738197327,0.36247649788856506,-0.4415796399116516
0.5125811100006104,0.36374765634536743,-0.28536275029182434
0.4637860059738159,0.36639243364334106,-0.27425944805145264
0.4939732551574707,0.3763275742530823,-0.397305428981781
0.4739961326122284,0.37723618745803833,-0.3941783010959625
0.5655485987663269,0.40537723898887634,-0.13218943774700165
0.4300902485847473,0.4054358899593353,-0.12374730408191681
0.6303393840789795,0.4475482106208801,-0.05907617136836052
0.3687651753425598,0.4400036931037903,-0.03003149852156639
0.5725937485694885,0.4798739552497864,-0.18359459936618805
0.4126940965652466,0.47811323404312134,-0.13377413153648376
0.5540028214454651,0.49112486839294434,-0.22552227973937988
0.42322251200675964,0.48793143033981323,-0.16806325316429138
0.5483250021934509,0.483591228723526,-0.24453355371952057
0.43105536699295044,0.4813658595085144,-0.1942146122455597
0.552840530872345,0.47996267676353455,-0.1902782917022705
0.4294220507144928,0.4779393672943115,-0.14347794651985168
0.5321915149688721,0.5205048322677612,0.006959631573408842
0.456819623708725,0.5189905166625977,-0.007031903602182865
0.5357014536857605,0.6033631563186646,0.017452357336878777
0.4417656660079956,0.6051250696182251,-0.015373258851468563
0.5421565175056458,0.6863049268722534,0.17546479403972626
0.43424713611602783,0.6862226724624634,0.15260235965251923
0.5294406414031982,0.699103832244873,0.18037182092666626
0.44271811842918396,0.6956563591957092,0.15816685557365417
0.5624639391899109,0.7116485834121704,-0.005500711966305971
0.43334656953811646,0.7128490805625916,-0.032592788338661194
-
0.48287972807884216,0.36916667222976685,-0.45725077390670776
0.4914436340332031,0.36117011308670044,-0.44039005041122437
0.49736854434013367,0.3608079254627228,-0.4403432607650757
0.5030783414840698,0.3604902923107147,-0.44032901525497437
0.4756656587123871,0.3619772791862488,-0.43737003207206726
0.4707951545715332,0.36214274168014526,-0.4374254047870636
0.46698519587516785,0.36246660351753235,-0.437420517206192
0.5124861598014832,0.36374518275260925,-0.28140923380851746
0.4637104868888855,0.3663794696331024,-0.27069535851478577
0.493891179561615,0.37632453441619873,-0.3935135006904602
0.47388124465942383,0.3772345781326294,-0.3905094265937805
0.5653553605079651,0.40540385246276855,-0.12941914796829224
0.4300326108932495,0.40542832016944885,-0.12227179110050201
0.6302781701087952,0.44754505157470703,-0.058696065098047256
0.3687584400177002,0.4400169849395752,-0.031109841540455818
0.5723408460617065,0.47985920310020447,-0.18475230038166046
0.41259753704071045,0.4780558943748474,-0.13557443022727966
0.5538448095321655,0.4911127984523773,-0.22709691524505615
0.42308151721954346,0.4878562092781067,-0.1698637306690216
0.5482171177864075,0.48358315229415894,-0.24586834013462067
0.4309428632259369,0.4813118577003479,-0.19581709802150726
0.552708625793457,0.4799421727657318,-0.1914292871952057
0.42931535840034485,0.4778808057308197,-0.14521709084510803
0.5320932269096375,0.5204765796661377,0.007321068085730076
0.4568134844303131,0.5189691185951233,-0.007401957642287016
0.5355607271194458,0.6033579111099243,0.017667649313807487
0.44178640842437744,0.6051227450370789,-0.0149809205904603
0.542091429233551,0.6862989068031311,0.1754751056432724
0.43424609303474426,0.6861273646354675,0.152727872133255
0.5292764902114868,0.6991143226623535,0.18038664758205414
0.4427095651626587,0.6953853368759155,0.15829692780971527
0.5624680519104004,0.711867094039917,-0.005367306526750326
0.43332529067993164,0.7128633260726929,-0.031695060431957245
-
0.4827896058559418,0.36916548013687134,-0.45191797614097595
0.49137771129608154,0.3611629009246826,-0.43515294790267944
0.49729007482528687,0.3608032464981079,-0.4351067543029785
0.5029840469360352,0.36048322916030884,-0.4350925385951996
0.4755873382091522,0.3619624972343445,-0.4319853186607361
0.47073155641555786,0.36213168501853943,-0.4320390820503235
0.4669342041015625,0.3624502718448639,-0.4320354461669922
0.5123735070228577,0.36373171210289,-0.27743959426879883
0.4636480212211609,0.3663575053215027,-0.26610928773880005
0.49380746483802795,0.37630510330200195,-0.38875168561935425
0.4737728238105774,0.3772299885749817,-0.3855694532394409
0.5652068853378296,0.40542006492614746,-0.1270122230052948
0.4300156831741333,0.40541356801986694,-0.12020016461610794
0.6302036643028259,0.44754448533058167,-0.05852546542882919
0.3687536418437958,0.44002166390419006,-0.03172741457819939
0.5721662640571594,0.47984737157821655,-0.18733543157577515
0.4125174582004547,0.47801095247268677,-0.13614563643932343
0.5537043213844299,0.4910964369773865,-0.23000073432922363
0.4229828715324402,0.48779815435409546,-0.17021308839321136
0.5481350421905518,0.4835604727268219,-0.24808116257190704
0.43088141083717346,0.481265127658844,-0.19593024253845215
0.5526083707809448,0.4799123704433441,-0.19381678104400635
0.4292626678943634,0.4778313636779785,-0.14568442106246948
0.5320218801498413,0.5204475522041321,0.007618879433721304
0.45681169629096985,0.5189511775970459,-0.007708271965384483
0.5354729294776917,0.6033493280410767,0.017538094893097878
0.44181811809539795,0.605120062828064,-0.015099277719855309
0.5420066118240356,0.6862929463386536,0.17389051616191864
0.4342554807662964,0.6860492825508118,0.15227016806602478
0.5290411710739136,0.699127197265625,0.17873668670654297
0.4427225887775421,0.6952025890350342,0.157745361328125
0.5624857544898987,0.7120293378829956,-0.00600399449467659
0.4332982897758484,0.7128793597221375,-0.03190918266773224
-
0.4826681315898895,0.3691394329071045,-0.447708398103714
0.4912816882133484,0.3611159920692444,-0.43092837929725647
0.4971950650215149,0.3607613146305084,-0.4308830797672272
0.5028781294822693,0.36043840646743774,-0.4308679699897766
0.4754559099674225,0.36191555857658386,-0.42772483825683594
0.47063061594963074,0.36209648847579956,-0.427776038646698
0.46685370802879333,0.36241012811660767,-0.4277718961238861
0.5122573375701904,0.36368024349212646,-0.2736749053001404
0.4635675549507141,0.3663184940814972,-0.2621711194515228
0.49373486638069153,0.376250684261322,-0.3847855031490326
0.4736477732658386,0.37720751762390137,-0.3815573453903198
0.5651060938835144,0.4054514765739441,-0.12473814189434052
0.43000221252441406,0.40540438890457153,-0.1185402050614357
0.6300978064537048,0.44758716225624084,-0.0597662553191185
0.3687506914138794,0.4400100111961365,-0.03234604373574257
0.5716027021408081,0.4798426628112793,-0.19579023122787476
0.41249045729637146,0.4779675006866455,-0.1360470950603485
0.5531725883483887,0.4910910725593567,-0.23945145308971405
0.42291709780693054,0.48776039481163025,-0.1699918508529663
0.5477656126022339,0.48353442549705505,-0.25661709904670715
0.43085557222366333,0.481243371963501,-0.19563429057598114
0.5522363185882568,0.4798871576786041,-0.20209863781929016
0.42925193905830383,0.4778040945529938,-0.14554506540298462
0.5319133400917053,0.520443320274353,0.008376221172511578
0.4568049907684326,0.5189473628997803,-0.008477065712213516
0.5353943109512329,0.6033466458320618,0.01865372620522976
0.44183647632598877,0.6051234006881714,-0.01413241121917963
0.5419027805328369,0.6862882971763611,0.17495447397232056
0.43425360321998596,0.6859204173088074,0.15376593172550201
0.5286783576011658,0.6991426348686218,0.17990565299987793
0.4427239000797272,0.6949201822280884,0.1594243049621582
0.5625483393669128,0.7121087312698364,-0.0036684039514511824
0.43329688906669617,0.712879478931427,-0.028367117047309875
-
0.4825111925601959,0.36906617879867554,-0.44524264335632324
0.4911346733570099,0.3610382080078125,-0.4285350739955902
0.49704885482788086,0.36069443821907043,-0.42849001288414
0.5027294754981995,0.36037278175354004,-0.4284757077693939
0.4752855896949768,0.3618311285972595,-0.4251457154750824
0.47050535678863525,0.3620285093784332,-0.42519596219062805
0.4667526185512543,0.3623357117176056,-0.42519116401672363
0.5121064782142639,0.3635987937450409,-0.2718481421470642
0.46346843242645264,0.36625564098358154,-0.2595132887363434
0.49363791942596436,0.3761518597602844,-0.38257598876953125
0.47351476550102234,0.377145379781723,-0.37910720705986023
0.5650042295455933,0.40546756982803345,-0.12373479455709457
0.42998677492141724,0.4053945541381836,-0.116693876683712
0.6300244927406311,0.4476284086704254,-0.060239531099796295
0.3687480092048645,0.4399961531162262,-0.03229299560189247
0.5711506605148315,0.4798470139503479,-0.1964704990386963
0.41245126724243164,0.4779283106327057,-0.13465827703475952
0.5527633428573608,0.49108609557151794,-0.23994134366512299
0.4228385388851166,0.4877398908138275,-0.1683167815208435
0.5474532842636108,0.4835244119167328,-0.25686296820640564
0.43082770705223083,0.48122888803482056,-0.19355693459510803
0.5519112348556519,0.4798800051212311,-0.2026377171278
0.42923980951309204,0.4777805805206299,-0.14402037858963013
0.5318074822425842,0.5204395651817322,0.008689060807228088
0.4567946493625641,0.5189443826675415,-0.008795022033154964
0.5352948307991028,0.6033417582511902,0.018998512998223305
0.4418468475341797,0.6051297783851624,-0.013395338319242
0.541796863079071,0.6862834095954895,0.17524681985378265
0.4342530071735382,0.6858539581298828,0.15478168427944183
0.5283052325248718,0.6991752982139587,0.1802573949098587
0.44273829460144043,0.6947762966156006,0.16053740680217743
0.5625885725021362,0.712187647819519,-0.002772699808701873
0.43328148126602173,0.7128716111183167,-0.02645241655409336
-
0.48240599036216736,0.3689822256565094,-0.4443848133087158
0.4910425543785095,0.3609638512134552,-0.4276791512966156
0.4969674348831177,0.3606293499469757,-0.42763519287109375
0.5026464462280273,0.36031147837638855,-0.4276215732097626
0.47516584396362305,0.3617481589317322,-0.42425766587257385
0.470417857170105,0.36195728182792664,-0.424307256937027
0.4666804373264313,0.3622577488422394,-0.4243019223213196
0.5120106339454651,0.3635317385196686,-0.2709505259990692
0.4633874297142029,0.3661978840827942,-0.25839266180992126
0.4935872256755829,0.3760543465614319,-0.3816770911216736
0.4734238088130951,0.37708109617233276,-0.37814754247665405
0.5649727582931519,0.4054759442806244,-0.122898630797863
0.42997631430625916,0.40538468956947327,-0.11545690894126892
0.6299477815628052,0.44764527678489685,-0.060146793723106384
0.36874911189079285,0.4399942457675934,-0.0322992317378521
0.5708834528923035,0.4798470437526703,-0.19501546025276184
0.41241297125816345,0.4778966009616852,-0.1346001774072647
0.5525100231170654,0.49108070135116577,-0.23815606534481049
0.42274394631385803,0.48773613572120667,-0.16826094686985016
0.5472628474235535,0.4834858477115631,-0.2554071247577667
0.4308074414730072,0.48122555017471313,-0.19354994595050812
0.5517112016677856,0.47985753417015076,-0.20125660300254822
0.42923593521118164,0.4777713418006897,-0.14398731291294098
0.5317412614822388,0.5204392671585083,0.00879694614559412
0.4567917585372925,0.518949031829834,-0.00890485942363739
0.5352262854576111,0.6033459305763245,0.019151655957102776
0.4418562948703766,0.6051416397094727,-0.012631062418222427
0.5416939854621887,0.686282217502594,0.1754225194454193
0.43425849080085754,0.685792863368988,0.15586590766906738
0.5279436111450195,0.6992014646530151,0.18046756088733673
0.4427897036075592,0.6946529746055603,0.16168449819087982
0.5626099109649658,0.7122553586959839,-0.0023291786201298237
0.4332757592201233,0.7128661870956421,-0.024853499606251717
-
0.4822940528392792,0.3689458966255188,-0.4452320635318756
0.4909375011920929,0.36092716455459595,-0.42863044142723083
0.496859073638916,0.3605976104736328,-0.42858603596687317
0.5025380253791809,0.3602791428565979,-0.428571879863739
0.4750501811504364,0.36170607805252075,-0.4251488447189331
0.470328688621521,0.3619219958782196,-0.4251993000507355
0.46661046147346497,0.36221712827682495,-0.42519378662109375
0.511900782585144,0.36348626017570496,-0.27185261249542236
0.46331384778022766,0.3661590814590454,-0.25903478264808655
0.49350324273109436,0.3760039508342743,-0.38247963786125183
0.4733331501483917,0.3770505487918854,-0.37885618209838867
0.5649546384811401,0.40548911690711975,-0.12324544787406921
0.4299200773239136,0.4053724706172943,-0.11553671211004257
0.6299088001251221,0.4476528763771057,-0.06042416766285896
0.36874717473983765,0.43999505043029785,-0.03250521421432495
0.5708803534507751,0.47984495759010315,-0.19547970592975616
0.4122880697250366,0.47786745429039,-0.1363501250743866
0.5525149703025818,0.4910762310028076,-0.23864082992076874
0.42258143424987793,0.48773568868637085,-0.17037533223628998
0.5472630262374878,0.4834705889225006,-0.25588735938072205
0.4307636618614197,0.4812246263027191,-0.19578847289085388
0.5517129898071289,0.47984814643859863,-0.20170874893665314
0.4292089641094208,0.4777666926383972,-0.14587536454200745
0.531682014465332,0.5204417705535889,0.008821357972919941
0.4567881226539612,0.518978476524353,-0.008927610702812672
0.5351636409759521,0.6033508777618408,0.01936320774257183
0.4418642818927765,0.6051647067070007,-0.011884213425219059
0.5416308641433716,0.6862809062004089,0.17584598064422607
0.4342765808105469,0.68576979637146,0.15681572258472443
0.5276522040367126,0.6992207169532776,0.18095868825912476
0.4429202079772949,0.6946215629577637,0.16268299520015717
0.5626268982887268,0.712295413017273,-0.001446286216378212
0.4332623779773712,0.7128661870956421,-0.023523978888988495
-
0.4820152223110199,0.3689325749874115,-0.44510573148727417
0.49068519473075867,0.3609112501144409,-0.4287411570549011
0.49654117226600647,0.3605863153934479,-0.4286961853504181
0.5022247433662415,0.36026641726493835,-0.4286823272705078
0.4748486280441284,0.3616885542869568,-0.42493459582328796
0.4701809287071228,0.3619091808795929,-0.4249855875968933
0.46649548411369324,0.36220237612724304,-0.4249805808067322
0.5116776823997498,0.3634693920612335,-0.2724592387676239
0.4632474184036255,0.3661486506462097,-0.25865858793258667
0.49325940012931824,0.3759825527667999,-0.38268834352493286
0.47315216064453125,0.3770347535610199,-0.37866443395614624
0.5649397373199463,0.40551304817199707,-0.12351438403129578
0.4298803508281708,0.40537023544311523,-0.11482274532318115
0.6298099756240845,0.4476671814918518,-0.060377053916454315
0.3687478005886078,0.439995139837265,-0.03140943497419357
0.5707866549491882,0.4798518717288971,-0.1931585967540741
0.41216686367988586,0.4778173565864563,-0.1343722939491272
0.5524530410766602,0.49107295274734497,-0.23549491167068481
0.42245009541511536,0.48771747946739197,-0.16794244945049286
0.5471768975257874,0.4834676682949066,-0.25210922956466675
0.43071243166923523,0.48120617866516113,-0.1930828094482422
0.551664412021637,0.4798445701599121,-0.19895176589488983
0.4291671812534332,0.47773662209510803,-0.14382778108119965
0.531527042388916,0.5204399824142456,0.008748415857553482
0.456781804561615,0.5189821720123291,-0.008854653686285019
0.5350538492202759,0.6033231616020203,0.018827715888619423
0.4418710172176361,0.60516357421875,-0.011668532155454159
0.5415865778923035,0.6862760782241821,0.1749783158302307
0.43428292870521545,0.6857185959815979,0.15663130581378937
0.5274314284324646,0.6992337107658386,0.18010783195495605
0.44300752878189087,0.6945717334747314,0.16246779263019562
0.5626929402351379,0.7123291492462158,-0.0018465707544237375
0.43317365646362305,0.7128664255142212,-0.023731274530291557
-
0.4816925823688507,0.368929922580719,-0.44300463795661926
0.49042800068855286,0.36090850830078125,-0.42696961760520935
0.4962190091609955,0.3605857491493225,-0.4269249737262726
0.5019148588180542,0.3602656424045563,-0.4269118905067444
0.47465527057647705,0.3616786301136017,-0.4227505028247833
0.4700462818145752,0.36189889907836914,-0.4228001534938812
0.4663884937763214,0.3621864914894104,-0.4227943420410156
0.5114680528640747,0.3634680211544037,-0.2722541391849518
0.4632096290588379,0.36613279581069946,-0.2566010653972626
0.49290186166763306,0.37598127126693726,-0.38119056820869446
0.47294384241104126,0.37702590227127075,-0.3766123056411743
0.5649263858795166,0.4055241048336029,-0.12373510748147964
0.42982855439186096,0.40536969900131226,-0.11304207891225815
0.6297229528427124,0.4476648271083832,-0.06016475707292557
0.3687463104724884,0.43999505043029785,-0.029645122587680817
0.5707756876945496,0.4798513948917389,-0.18924777209758759
0.41210126876831055,0.4777894616127014,-0.1322535127401352
0.5524501204490662,0.491070419549942,-0.23091652989387512
0.4223823547363281,0.4877054691314697,-0.16555164754390717
0.5471665859222412,0.4834569990634918,-0.2472640722990036
0.4306724965572357,0.481194406747818,-0.1903984695672989
0.5516617894172668,0.4798373579978943,-0.19475388526916504
0.4291347563266754,0.47771739959716797,-0.14161832630634308
0.5313868522644043,0.520448625087738,0.008605822920799255
0.45677122473716736,0.5189984440803528,-0.008711501955986023
0.5349871516227722,0.6033186912536621,0.018116643652319908
0.44187334179878235,0.6051632165908813,-0.011563345789909363
0.5415385961532593,0.6862646341323853,0.1734980195760727
0.4342804253101349,0.6856752038002014,0.1565072238445282
0.5272788405418396,0.699236273765564,0.17863258719444275
0.44304358959198,0.6945387721061707,0.16233618557453156
0.5627003908157349,0.7123442888259888,-0.002378028817474842
0.4330931305885315,0.7128654718399048,-0.023854168131947517
-
0.4814401865005493,0.36892950534820557,-0.44355151057243347
0.49023228883743286,0.3609064817428589,-0.4275510907173157
0.49597662687301636,0.36058491468429565,-0.4275060296058655
0.5016741156578064,0.36026424169540405,-0.42749255895614624
0.4744987189769745,0.3616746664047241,-0.4233233630657196
0.46993425488471985,0.36189505457878113,-0.4233734607696533
0.46629735827445984,0.3621799051761627,-0.42336755990982056
0.5112786889076233,0.363463819026947,-0.27284759283065796
0.4631820321083069,0.3661206364631653,-0.2571215331554413
0.4926166832447052,0.3759811222553253,-0.38168835639953613
0.4727722704410553,0.3770241141319275,-0.3771216869354248
0.5649163722991943,0.4055575430393219,-0.12647069990634918
0.42974424362182617,0.40537089109420776,-0.11336027830839157
0.6297000646591187,0.4477023482322693,-0.06624311953783035
0.3687388598918915,0.4400378167629242,-0.030669672414660454
0.5706784725189209,0.4798993170261383,-0.19691988825798035
0.4119850695133209,0.4777775704860687,-0.13597281277179718
0.5523701310157776,0.4910756051540375,-0.23913292586803436
0.4222792685031891,0.4877031743526459,-0.1696501523256302
0.5470354557037354,0.483454167842865,-0.2547309100627899
0.4306250214576721,0.4811893105506897,-0.19423948228359222
0.5515667200088501,0.4798361361026764,-0.20213499665260315
0.4290938973426819,0.4777067303657532,-0.1453111469745636
0.5312572717666626,0.5204611420631409,0.008459540084004402
0.4567264914512634,0.5190150737762451,-0.00857015885412693
0.5348908305168152,0.6033161878585815,0.017658622935414314
0.44187816977500916,0.6051641702651978,-0.011010191403329372
0.541497528553009,0.686259925365448,0.17265865206718445
0.43427520990371704,0.6856366395950317,0.15653839707374573
0.5271302461624146,0.6992453336715698,0.1778261661529541
0.4430549144744873,0.6945180892944336,0.16238225996494293
0.5627069473266602,0.7123627662658691,-0.0027378390077501535
0.4330817759037018,0.7128512263298035,-0.022852890193462372
-
0.48138806223869324,0.36892199516296387,-0.4430590867996216
0.49018678069114685,0.3608962893486023,-0.4270997643470764
0.49592065811157227,0.36057719588279724,-0.42705467343330383
0.5016047358512878,0.3602566719055176,-0.4270404875278473
0.4744575619697571,0.36165910959243774,-0.4228249490261078
0.4699057340621948,0.36187830567359924,-0.4228747487068176
0.46627044677734375,0.36215758323669434,-0.4228686988353729
0.5111640095710754,0.36345553398132324,-0.27290818095207214
0.4631573259830475,0.3661027252674103,-0.25684651732444763
0.4925336539745331,0.3759762644767761,-0.38139423727989197
0.4727210998535156,0.37701505422592163,-0.3767431080341339
0.5649095177650452,0.405590683221817,-0.1265331655740738
0.42965012788772583,0.40537548065185547,-0.11342322826385498
0.6296690702438354,0.44770240783691406,-0.06668713688850403
0.3687358796596527,0.44006842374801636,-0.030759749934077263
0.5706530809402466,0.4799219071865082,-0.1991284042596817
0.4117622673511505,0.4777447581291199,-0.13640162348747253
0.5523665547370911,0.491077184677124,-0.24180467426776886
0.42209291458129883,0.4876936972141266,-0.17016571760177612
0.5469899773597717,0.4834534227848053,-0.257597953081131
0.4305369555950165,0.48117583990097046,-0.19488444924354553
0.5515384078025818,0.47984060645103455,-0.20452569425106049
0.4290122985839844,0.477684885263443,-0.14577904343605042
0.5311370491981506,0.5204774141311646,0.008457278832793236
0.45665451884269714,0.5190340280532837,-0.0085685970261693
0.5348137617111206,0.6033145189285278,0.017594071105122566
0.4418816864490509,0.6051664352416992,-0.010842851363122463
0.5414566397666931,0.686253547668457,0.1725570261478424
0.43426546454429626,0.6856033205986023,0.15654276311397552
0.5269821286201477,0.6992589235305786,0.177734836935997
0.44306525588035583,0.6945082545280457,0.16239869594573975
0.562713623046875,0.7123711705207825,-0.002748065395280719
0.43305128812789917,0.7128328680992126,-0.0224764421582222
-
0.4812431037425995,0.36880844831466675,-0.4427199959754944
0.4900703728199005,0.360810786485672,-0.42679959535598755
0.49578994512557983,0.36050957441329956,-0.4267539083957672
0.5014758706092834,0.3602040112018585,-0.42673906683921814
0.47436782717704773,0.361547589302063,-0.42238426208496094
0.46985718607902527,0.361770898103714,-0.42243456840515137
0.466220885515213,0.36203840374946594,-0.4224291145801544
0.5110204219818115,0.36342084407806396,-0.27305328845977783
0.4631374776363373,0.3660133481025696,-0.2564491033554077
0.49238890409469604,0.3759051263332367,-0.381287544965744
0.47262945771217346,0.37690502405166626,-0.37646326422691345
0.5649018883705139,0.4056052267551422,-0.1270264983177185
0.42952656745910645,0.4053838849067688,-0.11342289298772812
0.6296104192733765,0.4477042555809021,-0.06669841706752777
0.36872392892837524,0.44013747572898865,-0.03080041892826557
0.5704787969589233,0.47996774315834045,-0.19813914597034454
0.4114890992641449,0.4777131974697113,-0.1364504098892212
0.5522291660308838,0.49109262228012085,-0.24074186384677887
0.4219088554382324,0.4876863360404968,-0.17023621499538422
0.5467385649681091,0.483469158411026,-0.2568950355052948
0.430448055267334,0.48116451501846313,-0.19493603706359863
0.5513441562652588,0.47986969351768494,-0.20368345081806183
0.42891925573349,0.47766584157943726,-0.14582251012325287
0.53104567527771,0.520512580871582,0.008393114432692528
0.45658764243125916,0.5190826654434204,-0.008506085723638535
0.534757673740387,0.603312611579895,0.01757415197789669
0.441885381937027,0.6051708459854126,-0.010515114292502403
0.541432797908783,0.6862480044364929,0.1725982278585434
0.4342648684978485,0.6855932474136353,0.15683135390281677
0.5268293023109436,0.6992782950401306,0.17778250575065613
0.44312596321105957,0.6945103406906128,0.1627321094274521
0.5627192854881287,0.7123731374740601,-0.0026999579276889563
0.43302658200263977,0.7128292918205261,-0.021589769050478935
-
0.481159508228302,0.36869341135025024,-0.44279447197914124
0.4899917244911194,0.36072880029678345,-0.42681193351745605
0.4957117736339569,0.3604431450366974,-0.42676621675491333
0.5014020800590515,0.36015284061431885,-0.42675119638442993
0.47429296374320984,0.3614482581615448,-0.42242923378944397
0.4698127806186676,0.36167973279953003,-0.4224797189235687
0.4661729633808136,0.3619423806667328,-0.42247429490089417
0.510922372341156,0.36338844895362854,-0.273080050945282
0.4630962908267975,0.365949422121048,-0.25643718242645264
0.4923233389854431,0.3758355975151062,-0.3813360333442688
0.47257667779922485,0.3768051266670227,-0.37653544545173645
0.5648961663246155,0.4056167006492615,-0.12711688876152039
0.42941170930862427,0.4054044187068939,-0.11352862417697906
0.629544198513031,0.4477054476737976,-0.06711035966873169
0.36871254444122314,0.4401777386665344,-0.030948437750339508
0.5703234076499939,0.48000749945640564,-0.1990838646888733
0.41133078932762146,0.47770005464553833,-0.13638105988502502
0.5521050095558167,0.49109944701194763,-0.24189671874046326
0.42179837822914124,0.48768478631973267,-0.17016275227069855
0.5465139746665955,0.4834791123867035,-0.258052796125412
0.4303748607635498,0.4811632037162781,-0.19491031765937805
0.551182210445404,0.4798908233642578,-0.20466162264347076
0.42884206771850586,0.4776626229286194,-0.14576022326946259
0.5309692025184631,0.5205446481704712,0.00839801225811243
0.4565160572528839,0.5191361904144287,-0.008510874584317207
0.5347185134887695,0.6033135652542114,0.017689164727926254
0.4418851137161255,0.6051880717277527,-0.010198096744716167
0.5414109230041504,0.686242401599884,0.173199862241745
0.4342573881149292,0.6855889558792114,0.1579563170671463
0.5266562104225159,0.6992936134338379,0.17849348485469818
0.44317886233329773,0.6945444345474243,0.16398285329341888
0.5627240538597107,0.7123748064041138,-0.0015375082148239017
0.4329518675804138,0.7128061056137085,-0.020141370594501495
-
0.48107650876045227,0.3686177730560303,-0.4413922131061554
0.4899219870567322,0.36066335439682007,-0.42547890543937683
0.4956408143043518,0.3603833317756653,-0.4254342019557953
0.5013332962989807,0.3601019084453583,-0.4254191219806671
0.474208801984787,0.3613859713077545,-0.42094895243644714
0.46974971890449524,0.36162522435188293,-0.4209989309310913
0.46611011028289795,0.3618859648704529,-0.42099353671073914
0.5108266472816467,0.36334162950515747,-0.2724456489086151
0.46303918957710266,0.36591050028800964,-0.25495222210884094
0.49227195978164673,0.3757721483707428,-0.3801880180835724
0.472521036863327,0.37672311067581177,-0.37515929341316223
0.5648893713951111,0.405622661113739,-0.12712304294109344
0.4292975962162018,0.4054350256919861,-0.11246902495622635
0.6294700503349304,0.4477047026157379,-0.06736849248409271
0.3687063753604889,0.4402100443840027,-0.029481416568160057
0.5701892971992493,0.4800339639186859,-0.19938407838344574
0.4111418128013611,0.4776974320411682,-0.13230617344379425
0.5519524216651917,0.4911049008369446,-0.2421857863664627
0.42161834239959717,0.48769649863243103,-0.16575486958026886
0.5462769865989685,0.48348212242126465,-0.25840961933135986
0.43026450276374817,0.48118487000465393,-0.19045919179916382
0.5510132312774658,0.47989973425865173,-0.20498500764369965
0.42874258756637573,0.47766929864883423,-0.14163780212402344
0.5308772921562195,0.5205928087234497,0.008294804021716118
0.45643216371536255,0.5191971063613892,-0.008406922221183777
0.5346788763999939,0.6033227443695068,0.017791690304875374
0.44188740849494934,0.6052144169807434,-0.009431228041648865
0.5413900017738342,0.6862335801124573,0.1738760620355606
0.4342542886734009,0.685581624507904,0.1592942178249359
0.5266044735908508,0.6992949843406677,0.1792902797460556
0.4432576596736908,0.6945452690124512,0.1654311865568161
0.5627233386039734,0.7123745083808899,-0.000470478757051751
0.43288806080818176,0.7127714157104492,-0.018310219049453735
-
0.4810231626033783,0.3685671389102936,-0.4414312243461609
0.4898632764816284,0.3606141209602356,-0.4254356324672699
0.4955705404281616,0.3603385090827942,-0.42539146542549133
0.5012561082839966,0.36006298661231995,-0.425376296043396
0.4741520881652832,0.36133643984794617,-0.4209662973880768
0.4697090983390808,0.36157920956611633,-0.4210165739059448
0.46606799960136414,0.3618367314338684,-0.42101147770881653
0.5107144713401794,0.36329370737075806,-0.27226611971855164
0.4630005359649658,0.365866482257843,-0.25487974286079407
0.4922254681587219,0.37572187185287476,-0.38015124201774597
0.47248488664627075,0.3766527771949768,-0.3751797080039978
0.5648730397224426,0.4056265354156494,-0.1271272599697113
0.42907842993736267,0.4054654538631439,-0.11225148290395737
0.6294084787368774,0.4476889967918396,-0.06734512001276016
0.368679940700531,0.440324604511261,-0.028643665835261345
0.5701418519020081,0.480050265789032,-0.20029443502426147
0.41107508540153503,0.47770124673843384,-0.13094758987426758
0.5519020557403564,0.49110525846481323,-0.24332474172115326
0.42157283425331116,0.48774653673171997,-0.1644848883152008
0.5462095737457275,0.48348087072372437,-0.2596149146556854
0.430257111787796,0.4812467694282532,-0.18940849602222443
0.5509604215621948,0.47990068793296814,-0.20594558119773865
0.4287354052066803,0.4777125418186188,-0.1403472125530243
0.5308018326759338,0.5206495523452759,0.008198333904147148
0.4563312530517578,0.5192955732345581,-0.008309473283588886
0.5346613526344299,0.6033303141593933,0.018064923584461212
0.44188961386680603,0.6052365899085999,-0.008707636967301369
0.5413819551467896,0.6862210035324097,0.17561855912208557
0.4342494010925293,0.685578465461731,0.16121968626976013
0.52656090259552,0.6992917656898499,0.18119502067565918
0.44330745935440063,0.6945496797561646,0.16747897863388062
0.5626780390739441,0.7123796343803406,0.0011506809387356043
0.432843953371048,0.7127493023872375,-0.016504978761076927
-
0.4809983968734741,0.3685140311717987,-0.4406513571739197
0.4898141622543335,0.36056116223335266,-0.42457881569862366
0.49550193548202515,0.36028701066970825,-0.42453494668006897
0.5011694431304932,0.36001771688461304,-0.4245205223560333
0.47410985827445984,0.3612944483757019,-0.42023366689682007
0.4696781635284424,0.36154428124427795,-0.4202839732170105
0.466033011674881,0.3618052005767822,-0.42027854919433594
0.5105854868888855,0.3632309138774872,-0.27126964926719666
0.4629581868648529,0.36584925651550293,-0.2542760968208313
0.49220505356788635,0.37565916776657104,-0.37929636240005493
0.47247040271759033,0.37658631801605225,-0.37445709109306335
0.5648432374000549,0.40563392639160156,-0.12635508179664612
0.42891451716423035,0.4054720401763916,-0.11190848052501678
0.6293424367904663,0.44760313630104065,-0.06717438995838165
0.3686390817165375,0.44040828943252563,-0.027919085696339607
0.5701414942741394,0.4800495505332947,-0.19995537400245667
0.41099846363067627,0.47770485281944275,-0.12899814546108246
0.5518994927406311,0.49108943343162537,-0.24297067523002625
0.4215014576911926,0.487825870513916,-0.16243253648281097
0.5461912751197815,0.483462393283844,-0.2593110501766205
0.43022865056991577,0.4813571870326996,-0.18758553266525269
0.5509516596794128,0.4798906445503235,-0.2056373953819275
0.4287216067314148,0.47779399156570435,-0.13845095038414001
0.5307362675666809,0.520659327507019,0.008196593262255192
0.45618999004364014,0.5193396806716919,-0.008307344280183315
0.5346493721008301,0.6033450365066528,0.018116451799869537
0.44189453125,0.6052460074424744,-0.00875029619783163
0.5413769483566284,0.6861940622329712,0.1758810430765152
0.434248685836792,0.6855746507644653,0.16099905967712402
0.5265585780143738,0.6992861032485962,0.18146981298923492
0.4434351325035095,0.6945594549179077,0.16721464693546295
0.5626468658447266,0.7123780846595764,0.0014288724632933736
0.4327485263347626,0.7127562761306763,-0.01695864647626877
-
0.4809889495372772,0.3684779405593872,-0.43946757912635803
0.4897705912590027,0.36053356528282166,-0.42333510518074036
0.49543479084968567,0.3602606952190399,-0.4232914447784424
0.5010769963264465,0.35999345779418945,-0.4232789874076843
0.4740833640098572,0.3612743020057678,-0.4191964864730835
0.46965962648391724,0.36152976751327515,-0.41924721002578735
0.46601659059524536,0.36179566383361816,-0.41924184560775757
0.5104386806488037,0.3631792664527893,-0.2695024609565735
0.4629296064376831,0.36584287881851196,-0.25338923931121826
0.49219995737075806,0.3756062686443329,-0.3778400123119354
0.47246479988098145,0.37654104828834534,-0.3732702434062958
0.5647907853126526,0.405608594417572,-0.12315338104963303
0.4288374185562134,0.40546998381614685,-0.11133286356925964
0.6293103098869324,0.44728073477745056,-0.05663638189435005
0.3685944974422455,0.4404107630252838,-0.027293512597680092
0.570213258266449,0.480030357837677,-0.1829259842634201
0.41091296076774597,0.47770315408706665,-0.12813863158226013
0.5519640445709229,0.49106255173683167,-0.22480159997940063
0.421416699886322,0.4878520965576172,-0.16158093512058258
0.546208918094635,0.4834553599357605,-0.24188081920146942
0.43020859360694885,0.4814074635505676,-0.18688161671161652
0.5509702563285828,0.4798858165740967,-0.18879324197769165
0.42871251702308655,0.47783327102661133,-0.13765308260917664
0.5306839346885681,0.5206462144851685,0.008264701813459396
0.4560316801071167,0.5193415880203247,-0.008372289128601551
0.5346400141716003,0.6033468842506409,0.018086180090904236
0.44191259145736694,0.6052488088607788,-0.009509275667369366
0.5414040684700012,0.6861799955368042,0.1757792830467224
0.4342479705810547,0.6855725049972534,0.15937237441539764
0.5265771150588989,0.6992841362953186,0.18135297298431396
0.4434967041015625,0.6945671439170837,0.1654687523841858
0.5626004338264465,0.712369978427887,0.0013880057958886027
0.4326742887496948,0.7127602100372314,-0.018911560997366905
-
0.48096439242362976,0.3683416545391083,-0.43660566210746765
0.48968201875686646,0.3604183793067932,-0.42044830322265625
0.4952956736087799,0.3601519465446472,-0.4204051196575165
0.5009115934371948,0.35990336537361145,-0.42039498686790466
0.4740283191204071,0.36115413904190063,-0.41640451550483704
0.46961891651153564,0.36141714453697205,-0.4164541959762573
0.465971976518631,0.3616846203804016,-0.4164476692676544
0.5102142691612244,0.36301347613334656,-0.26727020740509033
0.46287137269973755,0.36575746536254883,-0.2515295743942261
0.4921905994415283,0.3754398226737976,-0.3752550780773163
0.4724513590335846,0.37638646364212036,-0.37081626057624817
0.5647264719009399,0.40553969144821167,-0.12183339893817902
0.4287269711494446,0.40541329979896545,-0.11049704998731613
0.6292824149131775,0.44711747765541077,-0.05409175157546997
0.36853763461112976,0.44041308760643005,-0.027034936472773552
0.5702120065689087,0.48002976179122925,-0.17789798974990845
0.41084277629852295,0.4777044355869293,-0.12806715071201324
0.5519457459449768,0.4910627007484436,-0.21907132863998413
0.4213460683822632,0.48790401220321655,-0.16146408021450043
0.5461552739143372,0.4834551215171814,-0.23581232130527496
0.4302004873752594,0.4814876914024353,-0.18663392961025238
0.5509267449378967,0.4798862040042877,-0.18348965048789978
0.42870715260505676,0.4778958857059479,-0.13756063580513
0.5305328965187073,0.5205969214439392,0.008272718638181686
0.4557494819164276,0.5193341970443726,-0.008379478938877583
0.5346331000328064,0.6033235788345337,0.01725085824728012
0.44191569089889526,0.6052554845809937,-0.010947909206151962
0.5414177179336548,0.6861271262168884,0.17300541698932648
0.43432456254959106,0.6855782866477966,0.15461157262325287
0.5265968441963196,0.6992390751838684,0.17835667729377747
0.443774551153183,0.6946240067481995,0.16035358607769012
0.5624704360961914,0.7123660445213318,-0.0006197995389811695
0.4326602816581726,0.7127691507339478,-0.023292850703001022
-
0.48060333728790283,0.3680594265460968,-0.43394964933395386
0.48929154872894287,0.36017370223999023,-0.41789498925209045
0.4947430491447449,0.3599039316177368,-0.41784948110580444
0.5003575682640076,0.3596976399421692,-0.41784003376960754
0.4737359285354614,0.36094000935554504,-0.41338297724723816
0.46937307715415955,0.36122578382492065,-0.41343268752098083
0.4657248258590698,0.3614964485168457,-0.41342613101005554
0.5098229050636292,0.36276835203170776,-0.2655297517776489
0.46281149983406067,0.36556750535964966,-0.24764959514141083
0.49200910329818726,0.37510332465171814,-0.37298375368118286
0.47228193283081055,0.3760698139667511,-0.3679543435573578
0.5646741986274719,0.40545105934143066,-0.12043820321559906
0.4286908805370331,0.4053167700767517,-0.10781611502170563
0.6292694807052612,0.44691628217697144,-0.049202971160411835
0.36845123767852783,0.4403049945831299,-0.024720128625631332
0.5702107548713684,0.4800244867801666,-0.162501722574234
0.41053682565689087,0.4776877462863922,-0.12523137032985687
0.5518996715545654,0.4910629689693451,-0.20136044919490814
0.4210427701473236,0.48793333768844604,-0.15837755799293518
0.5460415482521057,0.4834675192832947,-0.21765442192554474
0.4300796091556549,0.48161688446998596,-0.18310712277889252
0.550835907459259,0.47989964485168457,-0.16760601103305817
0.42863065004348755,0.4780004024505615,-0.1347360759973526
0.5303598642349243,0.5205633640289307,0.008220999501645565
0.4553658366203308,0.5193277597427368,-0.00832455512136221
0.5346285700798035,0.6032660603523254,0.017247267067432404
0.4419183135032654,0.605256199836731,-0.011230800300836563
0.5414482951164246,0.6860476732254028,0.1730237603187561
0.4343697130680084,0.685576856136322,0.1539662629365921
0.5266693234443665,0.699120283126831,0.1783958375453949
0.4438871145248413,0.6946559548377991,0.1596819907426834
0.5623124241828918,0.7123409509658813,-0.00037193563184700906
0.4326510429382324,0.7127770185470581,-0.024048397317528725
-
0.4801580607891083,0.36773207783699036,-0.43459227681159973
0.4888571500778198,0.3599260747432709,-0.4184230864048004
0.49417924880981445,0.3596596121788025,-0.41837453842163086
0.4997677206993103,0.3594948649406433,-0.4183647036552429
0.4733865559101105,0.36069709062576294,-0.41361337900161743
0.46906334161758423,0.36099356412887573,-0.41366609930992126
0.4654117524623871,0.36125701665878296,-0.4136630892753601
0.5094412565231323,0.362595796585083,-0.26594212651252747
0.4627378284931183,0.36533987522125244,-0.24826060235500336
0.49174007773399353,0.3747011125087738,-0.3737015724182129
0.4720574617385864,0.3756208121776581,-0.36830660700798035
0.5645226240158081,0.4052950441837311,-0.12049155682325363
0.42858555912971497,0.40519747138023376,-0.10828083753585815
0.6292597651481628,0.4465476870536804,-0.0489339716732502
0.3681916892528534,0.44024571776390076,-0.026528960093855858
0.5702327489852905,0.48002415895462036,-0.16189394891262054
0.41037753224372864,0.47768741846084595,-0.1294533908367157
0.5518942475318909,0.4910855293273926,-0.20113623142242432
0.42080655694007874,0.48800817131996155,-0.16366581618785858
0.5459997057914734,0.4835725724697113,-0.21846072375774384
0.4299837350845337,0.4817527234554291,-0.1885574758052826
0.5508248805999756,0.47999048233032227,-0.16753420233726501
0.42859750986099243,0.47811833024024963,-0.13931286334991455
0.5303472876548767,0.5204741358757019,0.008255024440586567
0.4551105201244354,0.5193129181861877,-0.008356815204024315
0.5347087979316711,0.6032214760780334,0.020158927887678146
0.4418254494667053,0.6052940487861633,-0.010420454666018486
0.5414332747459412,0.6859122514724731,0.18062818050384521
0.43434834480285645,0.6855327486991882,0.15858416259288788
0.5266820788383484,0.6988858580589294,0.18643344938755035
0.44378581643104553,0.6946436166763306,0.16475431621074677
0.5621087551116943,0.7122513055801392,0.006608256138861179
0.4326433539390564,0.7127342224121094,-0.019827518612146378
-
0.4800117611885071,0.3678339421749115,-0.44390732049942017
0.48859304189682007,0.3599950671195984,-0.42749688029289246
0.4938960075378418,0.3597255051136017,-0.4274514615535736
0.4994663596153259,0.35954585671424866,-0.4274459481239319
0.4730575680732727,0.3607773184776306,-0.4232790172100067
0.46875759959220886,0.3610875606536865,-0.4233306348323822
0.465159147977829,0.3613634705543518,-0.4233233630657196
0.5092154741287231,0.36264774203300476,-0.2716549038887024
0.46238425374031067,0.365500807762146,-0.2555634677410126
0.4916689991950989,0.37479278445243835,-0.3814646005630493
0.4719187915325165,0.37569954991340637,-0.37676939368247986
0.5643320083618164,0.4052955210208893,-0.1229616180062294
0.42841318249702454,0.4051995873451233,-0.11129574477672577
0.6292172074317932,0.4462672770023346,-0.049496348947286606
0.36757686734199524,0.4403042793273926,-0.02802308462560177
0.5704843997955322,0.4799255430698395,-0.16666576266288757
0.4104728400707245,0.47807836532592773,-0.1318177431821823
0.5521641373634338,0.49108585715293884,-0.2068607062101364
0.42084506154060364,0.48841094970703125,-0.16679799556732178
0.5460140705108643,0.4837247431278229,-0.22460836172103882
0.4299720227718353,0.482455313205719,-0.19172005355358124
0.5508603453636169,0.48007482290267944,-0.17269577085971832
0.4286079406738281,0.47890162467956543,-0.1417166143655777
0.5303542017936707,0.5205153226852417,0.007771184667944908
0.4548625946044922,0.5194361805915833,-0.007853006944060326
0.535926878452301,0.604076087474823,0.025333626195788383
0.4410257637500763,0.6055704951286316,-0.005844889208674431
0.5414103269577026,0.6859084367752075,0.20314863324165344
0.43436670303344727,0.6855305433273315,0.1736854612827301
0.5266985297203064,0.6987101435661316,0.21066872775554657
0.44390594959259033,0.6946340799331665,0.18091417849063873
0.5614423751831055,0.7122421264648438,0.02881462499499321
0.43264901638031006,0.7127750515937805,-0.0057053351774811745
-
0.4800412058830261,0.3686947524547577,-0.44351425766944885
0.48858997225761414,0.36077776551246643,-0.42652571201324463
0.4938952922821045,0.36044543981552124,-0.4264838397502899
0.49944767355918884,0.3601565957069397,-0.42648231983184814
0.47304102778434753,0.361693412065506,-0.42260923981666565
0.4687129259109497,0.36198705434799194,-0.4226568043231964
0.4651328921318054,0.3623628616333008,-0.422637939453125
0.5091132521629333,0.3633282482624054,-0.26985615491867065
0.4620053470134735,0.3666940927505493,-0.25492191314697266
0.491672545671463,0.37561219930648804,-0.3809898793697357
0.4719099998474121,0.37658822536468506,-0.376555472612381
0.563488781452179,0.4059809148311615,-0.12300742417573929
0.42769119143486023,0.40584930777549744,-0.10900478065013885
0.629195511341095,0.44630637764930725,-0.05015382915735245
0.36662474274635315,0.4407079815864563,-0.018082227557897568
0.57048499584198,0.4799255430698395,-0.16916903853416443
0.40971022844314575,0.4785448908805847,-0.10959278792142868
0.5524888038635254,0.4910854697227478,-0.2090705931186676
0.4203297793865204,0.488915354013443,-0.1434490978717804
0.5463151931762695,0.4838111996650696,-0.22663141787052155
0.42950567603111267,0.4830372929573059,-0.16815751791000366
0.5510585308074951,0.4801313281059265,-0.174189031124115
0.4280470907688141,0.47947803139686584,-0.11928343027830124
0.5303167700767517,0.5216277837753296,0.006490522064268589
0.4543037712574005,0.5206906795501709,-0.006541868206113577
0.5375780463218689,0.6071707010269165,0.028078561648726463
0.43946292996406555,0.6081151962280273,-0.0017109313048422337
0.541408121585846,0.6859766244888306,0.23083385825157166
0.4343639016151428,0.6855790615081787,0.18926972150802612
0.5267094969749451,0.6986867189407349,0.24106065928936005
0.4443240165710449,0.6946978569030762,0.1977226734161377
0.5612987875938416,0.7122689485549927,0.060066815465688705
0.4324738085269928,0.7128368020057678,0.011386517435312271
-
0.47987446188926697,0.37050944566726685,-0.4380073547363281
0.4882168769836426,0.3626839816570282,-0.41996896266937256
0.4935799837112427,0.36221835017204285,-0.41993144154548645
0.4989610016345978,0.36192038655281067,-0.41993725299835205
0.47273486852645874,0.3640020489692688,-0.4158751666545868
0.46843087673187256,0.36434561014175415,-0.4159206449985504
0.46484071016311646,0.3648560643196106,-0.4158976376056671
0.508487343788147,0.36525052785873413,-0.2635759115219116
0.4611954689025879,0.36903804540634155,-0.2476252019405365
0.491444855928421,0.37741750478744507,-0.3762493431568146
0.4717634916305542,0.3785930275917053,-0.37167367339134216
0.5621839165687561,0.4076499342918396,-0.12298157066106796
0.42474547028541565,0.40864357352256775,-0.10306084901094437
0.6291843056678772,0.4474717974662781,-0.050650160759687424
0.36568713188171387,0.44206172227859497,-0.0063696312718093395
0.5708066821098328,0.48024654388427734,-0.17039087414741516
0.40902549028396606,0.4803789258003235,-0.0884188637137413
0.5529541969299316,0.4915376603603363,-0.20952831208705902
0.4199709892272949,0.4909454882144928,-0.12139339745044708
0.5464146733283997,0.4848577380180359,-0.2291753739118576
0.42926025390625,0.4851134419441223,-0.14646245539188385
0.5513367652893066,0.4808901846408844,-0.1744624376296997
0.427653968334198,0.481495201587677,-0.09837466478347778
0.53029465675354,0.5236093401908875,0.005129474215209484
0.4531157314777374,0.5229471325874329,-0.005148234311491251
0.5412353873252869,0.6091437935829163,0.0317780077457428
0.4375830888748169,0.6094977259635925,-0.0059007080271840096
0.5413958430290222,0.6860397458076477,0.26158058643341064
0.43447163701057434,0.6856049299240112,0.1870597004890442
0.5267038345336914,0.6986033916473389,0.2747046947479248
0.4449574053287506,0.6947766542434692,0.1960867941379547
0.5612396001815796,0.7123108506202698,0.09399481117725372
0.43241971731185913,0.712956964969635,0.008095934987068176
-
0.47975438833236694,0.37636393308639526,-0.4711918234825134
0.4881686270236969,0.3683849275112152,-0.4525015950202942
0.49354615807533264,0.3680907189846039,-0.4524625539779663
0.4988420605659485,0.3678359389305115,-0.45248791575431824
0.4724746644496918,0.36919933557510376,-0.44916993379592896
0.4680717885494232,0.36943283677101135,-0.4492245614528656
0.4643622636795044,0.36978477239608765,-0.44918733835220337
0.5080076456069946,0.3694738447666168,-0.2912115156650543
0.4602356255054474,0.3726154565811157,-0.2783753573894501
0.4912051856517792,0.38363024592399597,-0.4071335792541504
0.47146737575531006,0.38503435254096985,-0.40352287888526917
0.5612819790840149,0.4112919867038727,-0.15009333193302155
0.4226347506046295,0.4130117893218994,-0.1210053339600563
0.6286548972129822,0.4513521194458008,-0.07471707463264465
0.36445435881614685,0.44773250818252563,-0.00927235372364521
0.5705102682113647,0.4845810830593109,-0.20331737399101257
0.4090324342250824,0.48395055532455444,-0.0839841291308403
0.5527235269546509,0.4948316216468811,-0.24832290410995483
0.42011532187461853,0.49391236901283264,-0.11688688397407532
0.5464039444923401,0.4884968400001526,-0.2715798616409302
0.4292588531970978,0.4887014329433441,-0.1412331610918045
0.5513483881950378,0.48429352045059204,-0.211549773812294
0.4276570677757263,0.48513713479042053,-0.09298904985189438
0.5301542282104492,0.5276669263839722,0.0035625887103378773
0.45201191306114197,0.5273644328117371,-0.003572853747755289
0.5432643294334412,0.6149242520332336,0.02064819261431694
0.4347033202648163,0.6150469779968262,-0.0020921139512211084
0.5413987040519714,0.6862062215805054,0.31244346499443054
0.4345341622829437,0.6857256889343262,0.2562449872493744
0.5268675088882446,0.6985124945640564,0.33318156003952026
0.4455822706222534,0.6948529481887817,0.2726916968822479
0.5611991882324219,0.7123572826385498,0.15707090497016907
0.43149423599243164,0.7130573987960815,0.09002434462308884
-
0.4791674017906189,0.3804682791233063,-0.4733247458934784
0.4877478778362274,0.3728397488594055,-0.45422816276550293
0.4933132529258728,0.3726820945739746,-0.45419132709503174
0.4985325336456299,0.37250953912734985,-0.454212486743927
0.4717117249965668,0.3730961084365845,-0.45075860619544983
0.46741074323654175,0.3731873631477356,-0.4508213400840759
0.4636993408203125,0.37349653244018555,-0.4507787823677063
0.5077345967292786,0.37433677911758423,-0.2960147559642792
0.4595235288143158,0.3762424886226654,-0.2829707860946655
0.4905494749546051,0.3884243667125702,-0.41132575273513794
0.47068312764167786,0.3893478214740753,-0.4076102077960968
0.5600830316543579,0.41658681631088257,-0.1658383309841156
0.4198509156703949,0.4206295609474182,-0.12603595852851868
0.6284884810447693,0.4574560225009918,-0.09256983548402786
0.3631017804145813,0.4541377127170563,0.007992897182703018
0.5697727799415588,0.4928799569606781,-0.21226467192173004
0.40898454189300537,0.4896395802497864,-0.024289941415190697
0.5519582629203796,0.5033165216445923,-0.256271094083786
0.419954389333725,0.4991043508052826,-0.050320014357566833
0.5458387136459351,0.4985593259334564,-0.2801031768321991
0.4289911389350891,0.494342565536499,-0.07546242326498032
0.5505029559135437,0.49479159712791443,-0.22102992236614227
0.42732110619544983,0.49083811044692993,-0.03291226550936699
0.5300500988960266,0.5328266620635986,0.0025926108937710524
0.45071548223495483,0.5329989194869995,-0.002561053726822138
0.54551100730896,0.6176303625106812,0.020994944497942924
0.43322300910949707,0.6177822947502136,-0.010743672028183937
0.5412275791168213,0.6865829825401306,0.3247317969799042
0.43441954255104065,0.6861627101898193,0.2416805624961853
0.5260456800460815,0.6987296342849731,0.34551507234573364
0.445590078830719,0.6951972246170044,0.25741249322891235
0.5605166554450989,0.7123983502388,0.1685941219329834
0.431378036737442,0.7131906747817993,0.07151705026626587
-
0.47878313064575195,0.3858303427696228,-0.46668222546577454
0.4873577654361725,0.3779224157333374,-0.4484911561012268
0.4930057227611542,0.37768810987472534,-0.4484471082687378
0.4981286823749542,0.3775571584701538,-0.44845420122146606
0.47107797861099243,0.3783333897590637,-0.444877952337265
0.4667800962924957,0.3784435987472534,-0.4449421763420105
0.4631233215332031,0.378761351108551,-0.44492441415786743
0.5072799921035767,0.37985825538635254,-0.29490959644317627
0.45820167660713196,0.38160789012908936,-0.2797892689704895
0.4901777505874634,0.3940940499305725,-0.4047839343547821
0.4702633321285248,0.394814670085907,-0.4006303548812866
0.5595647692680359,0.4229179918766022,-0.1685272753238678
0.418014794588089,0.4276636242866516,-0.1253124177455902
0.6287574172019958,0.46264585852622986,-0.1809622198343277
0.3605092763900757,0.46326732635498047,-0.07374580949544907
0.569775402545929,0.49952197074890137,-0.38028037548065186
0.4088026285171509,0.4967472553253174,-0.22436347603797913
0.5532350540161133,0.5107161402702332,-0.438373863697052
0.41966527700424194,0.5063542127609253,-0.27113544940948486
0.5463003516197205,0.5055625438690186,-0.45273327827453613
0.42892977595329285,0.5012387633323669,-0.28909605741500854
0.5505682229995728,0.5019651055335999,-0.3872701823711395
0.42726433277130127,0.4979940354824066,-0.2336268126964569
0.5300456285476685,0.5392791032791138,0.001334651024080813
0.44989046454429626,0.5399395227432251,-0.0013450800906866789
0.5479380488395691,0.6221646070480347,-0.01541961170732975
0.43154072761535645,0.6242082715034485,-0.0025653827469795942
0.5414994359016418,0.6866480112075806,0.3419119417667389
0.4342808127403259,0.6863977313041687,0.3256201446056366
0.526326596736908,0.697473406791687,0.3699186146259308
0.44558799266815186,0.6948555111885071,0.35024353861808777
0.560922384262085,0.7130793333053589,0.20581135153770447
0.4310472309589386,0.7141281366348267,0.18604911863803864
-
0.4785618782043457,0.39184632897377014,-0.4618675708770752
0.48727670311927795,0.38420024514198303,-0.43732503056526184
0.4929138720035553,0.38388746976852417,-0.43729865550994873
0.49802365899086,0.38372892141342163,-0.437346875667572
0.47086527943611145,0.38477855920791626,-0.4340122938156128
0.4663936495780945,0.38488268852233887,-0.43404778838157654
0.4627884328365326,0.3851606249809265,-0.4339722990989685
0.5069136023521423,0.386218786239624,-0.275573194026947
0.45768630504608154,0.3879183828830719,-0.2620166838169098
0.4898538887500763,0.40020838379859924,-0.40001094341278076
0.469999223947525,0.40075573325157166,-0.39639660716056824
0.5586346983909607,0.42909497022628784,-0.16283246874809265
0.41764310002326965,0.4338136315345764,-0.11985594779253006
0.6290363073348999,0.4671136736869812,-0.17446623742580414
0.36033108830451965,0.46805328130722046,-0.06902404129505157
0.5696196556091309,0.5055141448974609,-0.37178149819374084
0.40784457325935364,0.5012348294258118,-0.22510746121406555
0.5536307692527771,0.5175450444221497,-0.4308939576148987
0.41867268085479736,0.5109102725982666,-0.2729020118713379
0.5463389754295349,0.5120894908905029,-0.44653382897377014
0.4281795024871826,0.5058937072753906,-0.29167675971984863
0.5505368709564209,0.5083964467048645,-0.37931400537490845
0.42652177810668945,0.5025736093521118,-0.23498325049877167
0.5299437046051025,0.5437238216400146,0.0011390706058591604
0.44967490434646606,0.5442966222763062,-0.0011648254003375769
0.5511156916618347,0.6275513172149658,-0.03485466539859772
0.4310136139392853,0.6274594068527222,-0.027329739183187485
0.5418317317962646,0.6867746114730835,0.37016820907592773
0.43449729681015015,0.6863949298858643,0.3200395703315735
0.5270115733146667,0.6966074705123901,0.4034019410610199
0.4456244111061096,0.6936202645301819,0.3473357856273651
0.5611572265625,0.7139207124710083,0.2447647750377655
0.43133604526519775,0.7145164608955383,0.18467949330806732
-
0.47859835624694824,0.39636093378067017,-0.45577090978622437
0.4873180687427521,0.3886116147041321,-0.42953479290008545
0.4929136037826538,0.3884584307670593,-0.42951148748397827
0.4980262219905853,0.3883515000343323,-0.4295600950717926
0.4708745777606964,0.3889254927635193,-0.42595070600509644
0.4663523733615875,0.3890649378299713,-0.4259842038154602
0.4627651572227478,0.38934826850891113,-0.4259055554866791
0.5066573023796082,0.39075011014938354,-0.2675173580646515
0.45740535855293274,0.3929294943809509,-0.2524856925010681
0.48983895778656006,0.404639333486557,-0.39483410120010376
0.469998836517334,0.4053298830986023,-0.39078453183174133
0.5575726628303528,0.43374624848365784,-0.16262929141521454
0.4179175794124603,0.43851223587989807,-0.1152125895023346
0.6292203068733215,0.47075900435447693,-0.17291896045207977
0.36001449823379517,0.47151273488998413,-0.05882834270596504
0.5696194171905518,0.5098019242286682,-0.361762672662735
0.4076332449913025,0.5064085125923157,-0.1958443820476532
0.5547418594360352,0.5223026871681213,-0.42019912600517273
0.418211966753006,0.5163097381591797,-0.2412063330411911
0.5467464327812195,0.5172426700592041,-0.43677765130996704
0.4279468059539795,0.5113634467124939,-0.26048189401626587
0.5505484938621521,0.5132769346237183,-0.36948859691619873
0.426403671503067,0.5080151557922363,-0.2054436206817627
0.5299038290977478,0.5482768416404724,0.0004274872480891645
0.44956910610198975,0.5478639006614685,-0.0004562654939945787
0.5532870888710022,0.6305240988731384,-0.03632400929927826
0.4310886263847351,0.6289770603179932,-0.03999895602464676
0.5422765612602234,0.6868028044700623,0.3712436258792877
0.43449804186820984,0.6863259673118591,0.3140403628349304
0.5278207659721375,0.6959119439125061,0.4040656089782715
0.44541749358177185,0.6927858591079712,0.34154000878334045
0.561245858669281,0.7139020562171936,0.24411743879318237
0.4304266571998596,0.7143455743789673,0.17755788564682007
-
0.4782126247882843,0.39986974000930786,-0.4486108124256134
0.4868447482585907,0.3922182023525238,-0.4234183430671692
0.49235862493515015,0.392037957906723,-0.42338472604751587
0.4974919557571411,0.3917847275733948,-0.4234187602996826
0.4702610373497009,0.39279019832611084,-0.4195864796638489
0.4655804932117462,0.3930024206638336,-0.4196328818798065
0.4617815315723419,0.39317256212234497,-0.41956332325935364
0.5058931708335876,0.3940674364566803,-0.263929545879364
0.45628827810287476,0.39603662490844727,-0.24823389947414398
0.48929622769355774,0.4077227711677551,-0.38877347111701965
0.4693373739719391,0.4088732600212097,-0.3843279480934143
0.5569050312042236,0.4371277689933777,-0.1595437377691269
0.4175073504447937,0.4422953724861145,-0.11523763835430145
0.6294242143630981,0.4747452139854431,-0.15094208717346191
0.35922181606292725,0.47613388299942017,-0.056071214377880096
0.5696359276771545,0.5142942070960999,-0.31661346554756165
0.4081155061721802,0.5104212164878845,-0.1784888207912445
0.5560388565063477,0.5274819135665894,-0.3696690499782562
0.41872838139533997,0.520322859287262,-0.22122067213058472
0.5472567081451416,0.521796703338623,-0.3867708444595337
0.42880070209503174,0.515063464641571,-0.2398437261581421
0.550568163394928,0.5178653001785278,-0.32393795251846313
0.42748990654945374,0.5115987062454224,-0.1872207671403885
0.5298929214477539,0.5518258213996887,0.000514030980411917
0.4495914578437805,0.5512352585792542,-0.0005472928751260042
0.5546566247940063,0.6347321271896362,-0.027961594983935356
0.4311230182647705,0.6320776343345642,-0.054171737283468246
0.5425751209259033,0.6869071125984192,0.3885500729084015
0.43421822786331177,0.6866136789321899,0.3052489161491394
0.5288956761360168,0.695758581161499,0.4226300120353699
0.4446253478527069,0.6926498413085938,0.3338486850261688
0.5617180466651917,0.713988184928894,0.2701195478439331
0.42921778559684753,0.7150644659996033,0.17438071966171265
-
0.4781058430671692,0.39949554204940796,-0.4597313702106476
0.4864772856235504,0.3918890953063965,-0.43450215458869934
0.4919247627258301,0.39176687598228455,-0.4344622790813446
0.4971696138381958,0.39152783155441284,-0.4344977140426636
0.4700027406215668,0.39228177070617676,-0.431915819644928
0.46529629826545715,0.3924843370914459,-0.43197086453437805
0.4615495800971985,0.39268380403518677,-0.43191230297088623
0.505456805229187,0.3943718373775482,-0.2704296410083771
0.45603713393211365,0.39650899171829224,-0.2613500952720642
0.48927730321884155,0.4072605073451996,-0.39768341183662415
0.4690779745578766,0.40778836607933044,-0.39492475986480713
0.5558074712753296,0.43740788102149963,-0.16157163679599762
0.4173082113265991,0.44208741188049316,-0.12440101057291031
0.629383385181427,0.47393521666526794,-0.1255243569612503
0.35764020681381226,0.4743461608886719,-0.052760474383831024
0.5684153437614441,0.5133984088897705,-0.24891145527362823
0.40587905049324036,0.5091057419776917,-0.14944404363632202
0.5559835433959961,0.5263444185256958,-0.2962518334388733
0.4174882173538208,0.5205588936805725,-0.18930774927139282
0.5472548604011536,0.5214777588844299,-0.3186255395412445
0.42807117104530334,0.5150629281997681,-0.2075687050819397
0.550198495388031,0.517398476600647,-0.25738346576690674
0.4265093505382538,0.5109726786613464,-0.1570555865764618
0.5298053026199341,0.5512704253196716,0.0006409742636606097
0.4495994448661804,0.5508987903594971,-0.0006782989366911352
0.5569354295730591,0.6361516118049622,-0.031270723789930344
0.43113386631011963,0.6346670389175415,-0.06545313447713852
0.5426928400993347,0.6869477033615112,0.3926863372325897
0.4336439371109009,0.6866121888160706,0.31720787286758423
0.5296286344528198,0.6952152848243713,0.42793887853622437
0.442756325006485,0.6914767622947693,0.34903696179389954
0.5618460774421692,0.7139762043952942,0.2769593298435211
0.42908287048339844,0.7151625156402588,0.19388043880462646
-
0.477678507566452,0.3963856101036072,-0.47920656204223633
0.4859835207462311,0.3888937830924988,-0.45591723918914795
0.4914376139640808,0.38881567120552063,-0.45587748289108276
0.4967493712902069,0.3886691629886627,-0.45591697096824646
0.4693455994129181,0.3893983066082001,-0.45138221979141235
0.46464264392852783,0.3896635174751282,-0.45145413279533386
0.46087613701820374,0.3899618983268738,-0.45141008496284485
0.5051612257957458,0.3915973901748657,-0.29170432686805725
0.4556034207344055,0.3941195607185364,-0.27370476722717285
0.48908859491348267,0.40426796674728394,-0.41629111766815186
0.4685947000980377,0.40467405319213867,-0.41110119223594666
0.5559139847755432,0.43475499749183655,-0.17617760598659515
0.4174695611000061,0.439075767993927,-0.1324441283941269
0.6293048858642578,0.47210803627967834,-0.161008819937706
0.35726988315582275,0.4722350537776947,-0.05404679477214813
0.5662665367126465,0.5103162527084351,-0.3253113329410553
0.4049839377403259,0.506447970867157,-0.15265972912311554
0.554713249206543,0.5224348306655884,-0.37705761194229126
0.4169897437095642,0.518353283405304,-0.1920151561498642
0.5461253523826599,0.517351508140564,-0.39661139249801636
0.4278467893600464,0.5124237537384033,-0.20873010158538818
0.5488331317901611,0.5135682821273804,-0.3336056172847748
0.4261307716369629,0.5083507299423218,-0.15956367552280426
0.5297966599464417,0.5493751168251038,0.0007101872470229864
0.4493131935596466,0.5494422316551208,-0.0007508624694310129
0.5570422410964966,0.6361985802650452,-0.025227822363376617
0.4312557578086853,0.6354953050613403,-0.05381390079855919
0.5427684783935547,0.6869831681251526,0.42038509249687195
0.43351495265960693,0.6873589158058167,0.33586519956588745
0.5298438668251038,0.6946903467178345,0.45778965950012207
0.44268518686294556,0.6918311715126038,0.3681705594062805
0.561726450920105,0.7141842842102051,0.30802956223487854
0.427414208650589,0.71514493227005,0.21060608327388763
-
0.4751538932323456,0.39177319407463074,-0.47237256169319153
0.4838505983352661,0.38491562008857727,-0.45032110810279846
0.4896322786808014,0.38487061858177185,-0.45028436183929443
0.49503275752067566,0.38492196798324585,-0.4503187835216522
0.4674701690673828,0.38525888323783875,-0.4458644390106201
0.4632740020751953,0.38529545068740845,-0.4459289014339447
0.45929858088493347,0.38540932536125183,-0.4458863437175751
0.5042763948440552,0.38748449087142944,-0.28933513164520264
0.45528993010520935,0.3887813091278076,-0.27081331610679626
0.4875582754611969,0.40072959661483765,-0.4099564850330353
0.4671137034893036,0.400047242641449,-0.4052729308605194
0.5560054183006287,0.43246349692344666,-0.17047300934791565
0.41727960109710693,0.43851226568222046,-0.1310494989156723
0.6270701289176941,0.47189921140670776,-0.1480618566274643
0.35723793506622314,0.4703884720802307,-0.07516789436340332
0.5656615495681763,0.5093915462493896,-0.314620703458786
0.4075961709022522,0.5051381587982178,-0.2114676833152771
0.5522063970565796,0.5209009051322937,-0.37087538838386536
0.42024922370910645,0.5166411995887756,-0.25584647059440613
0.5443726778030396,0.5172466039657593,-0.3917500376701355
0.43045803904533386,0.5102329850196838,-0.27003562450408936
0.5471956729888916,0.5125467777252197,-0.3235189616680145
0.4287491738796234,0.5070693492889404,-0.2183038890361786
0.5299011468887329,0.5492497682571411,0.0009055078262463212
0.44932037591934204,0.5476683378219604,-0.0009602337959222496
0.5561094284057617,0.6331499218940735,-0.02268076129257679
0.43134722113609314,0.6330035924911499,-0.048767369240522385
0.5424709916114807,0.6876562237739563,0.39235395193099976
0.4335169792175293,0.6882621049880981,0.31422168016433716
0.5295815467834473,0.6956332921981812,0.42507675290107727
0.4427497386932373,0.693245530128479,0.3423016667366028
0.5623387098312378,0.7135869860649109,0.2704349458217621
0.4269094169139862,0.7153515219688416,0.17937159538269043
-
0.4750983417034149,0.37725862860679626,-0.4556795656681061
0.4833776354789734,0.36987999081611633,-0.4351930022239685
0.48911815881729126,0.36956140398979187,-0.43517425656318665
0.49446821212768555,0.3694256842136383,-0.43522584438323975
0.467448890209198,0.3712192177772522,-0.43016716837882996
0.4632489085197449,0.3715806007385254,-0.43023112416267395
0.4593116343021393,0.3720960021018982,-0.4302191436290741
0.5033832788467407,0.3729996085166931,-0.276262104511261
0.45523643493652344,0.3759498596191406,-0.2546427547931671
0.4874192178249359,0.3851855993270874,-0.3933664858341217
0.46714842319488525,0.3856638967990875,-0.3874873220920563
0.5560721755027771,0.41647109389305115,-0.14734864234924316
0.4165742099285126,0.4228573739528656,-0.10814569145441055
0.6264535784721375,0.4582032263278961,-0.0646543949842453
0.3573265075683594,0.45647239685058594,0.013537447899580002
0.5658727288246155,0.4941733777523041,-0.1704426109790802
0.4115734100341797,0.4921194612979889,-0.04020063206553459
0.5522258281707764,0.5048860907554626,-0.20995508134365082
0.42478078603744507,0.500678539276123,-0.06967417150735855
0.5449013113975525,0.5008971095085144,-0.23488199710845947
0.433100163936615,0.49518734216690063,-0.09261269122362137
0.5478693842887878,0.4965515732765198,-0.1793285310268402
0.4308948814868927,0.4919552206993103,-0.04870869219303131
0.5302109122276306,0.5355392694473267,0.00043021488818340003
0.44981813430786133,0.5361037254333496,-0.00045964017044752836
0.5540763139724731,0.6215662360191345,-0.0345163494348526
0.4333516061306,0.621539831161499,-0.05498957633972168
0.5424606800079346,0.6846863031387329,0.37475913763046265
0.43339550495147705,0.6882233619689941,0.28085941076278687
0.5297508835792542,0.6928223967552185,0.4036116600036621
0.44173893332481384,0.6934892535209656,0.30536383390426636
0.5593723058700562,0.7124481201171875,0.2510327398777008
0.42793145775794983,0.7151098251342773,0.11536620557308197
-
0.47463035583496094,0.36005133390426636,-0.4381710886955261
0.48267996311187744,0.3523760437965393,-0.4175719916820526
0.4884137809276581,0.3521330952644348,-0.4175392687320709
0.49385571479797363,0.35216689109802246,-0.4175407290458679
0.4666477143764496,0.3539965748786926,-0.41132622957229614
0.46229201555252075,0.35459405183792114,-0.4113684296607971
0.45853742957115173,0.3552318215370178,-0.41134941577911377
0.5026043057441711,0.35581040382385254,-0.26145705580711365
0.45493680238723755,0.36004436016082764,-0.23441506922245026
0.4870527982711792,0.36815008521080017,-0.37769269943237305
0.4665573835372925,0.36925122141838074,-0.3700398802757263
0.5564181208610535,0.40031155943870544,-0.133423313498497
0.41665178537368774,0.4046734869480133,-0.0933026447892189
0.6255646347999573,0.44166499376296997,-0.05251360312104225
0.3573867678642273,0.4430781304836273,0.01176275685429573
0.5662176609039307,0.4763496518135071,-0.16636872291564941
0.41342243552207947,0.47856801748275757,-0.0715327113866806
0.552491307258606,0.4880279004573822,-0.20818299055099487
0.42589429020881653,0.4878673553466797,-0.10659905523061752
0.5460430383682251,0.4822700023651123,-0.23156456649303436
0.4347710609436035,0.481879860162735,-0.12803171575069427
0.5487617254257202,0.4781522750854492,-0.17511534690856934
0.4327491223812103,0.47859764099121094,-0.07980584353208542
0.5312057733535767,0.5215631723403931,0.00033331953454762697
0.45185577869415283,0.5219929814338684,-0.0003819584962911904
0.5526002049446106,0.6115370988845825,-0.029604008421301842
0.43551236391067505,0.6093164086341858,-0.036849647760391235
0.542542040348053,0.6827037334442139,0.34140801429748535
0.43321308493614197,0.6855257749557495,0.2695275545120239
0.530263364315033,0.6916698217391968,0.3660423159599304
0.4416179955005646,0.6926319599151611,0.28947585821151733
0.5583335161209106,0.7119864821434021,0.18014119565486908
0.4283512234687805,0.7141716480255127,0.09467676281929016
-
0.47320905327796936,0.34699124097824097,-0.4510280191898346
0.4818660318851471,0.33885473012924194,-0.4311545491218567
0.4877713918685913,0.3385432958602905,-0.4311152994632721
0.4934006929397583,0.338578999042511,-0.43107953667640686
0.4648526906967163,0.34065350890159607,-0.42441728711128235
0.46027085185050964,0.34127578139305115,-0.4244374632835388
0.45640793442726135,0.3416895270347595,-0.42443013191223145
0.5024495124816895,0.3422100245952606,-0.26828697323799133
0.4535037577152252,0.34618401527404785,-0.2368648797273636
0.4861019551753998,0.3547672629356384,-0.3868860602378845
0.4649280607700348,0.35603004693984985,-0.37786462903022766
0.5564451217651367,0.386067271232605,-0.13726681470870972
0.4167191684246063,0.3904654085636139,-0.09638293832540512
0.6251438856124878,0.42921367287635803,-0.07531952112913132
0.3565428853034973,0.43016186356544495,0.001611683052033186
0.5662767291069031,0.4631820321083069,-0.19288469851016998
0.4131430685520172,0.46332016587257385,-0.09951719641685486
0.552195131778717,0.4747426509857178,-0.23312824964523315
0.4257504343986511,0.4732140898704529,-0.13671261072158813
0.5457491278648376,0.46837496757507324,-0.255928635597229
0.4348030984401703,0.4661814570426941,-0.15721942484378815
0.5486375689506531,0.4648475646972656,-0.2006630152463913
0.4325803220272064,0.46281036734580994,-0.10794215649366379
0.5312196612358093,0.5086472630500793,-0.0029795789159834385
0.4524906277656555,0.5091754794120789,0.0028237574733793736
0.5496320724487305,0.5977593660354614,-0.027167849242687225
0.43724629282951355,0.5977487564086914,-0.03309096395969391
0.5462221503257751,0.6797608137130737,0.31731468439102173
0.4329935610294342,0.6805797219276428,0.27027422189712524
0.5357792973518372,0.6885229349136353,0.33960995078086853
0.4416511654853821,0.6885144114494324,0.29067543148994446
0.5583454966545105,0.7107378244400024,0.13866673409938812
0.42860129475593567,0.7138307094573975,0.09585797041654587
-
0.4720320701599121,0.3369610905647278,-0.4304531216621399
0.48095405101776123,0.3282192349433899,-0.41428956389427185
0.4868927001953125,0.327871710062027,-0.4142184257507324
0.49241960048675537,0.32761192321777344,-0.41417384147644043
0.46389034390449524,0.3296588361263275,-0.40663155913352966
0.459412157535553,0.3301979899406433,-0.4066527485847473
0.4555947482585907,0.33093467354774475,-0.40665462613105774
0.5020709037780762,0.330923855304718,-0.26208794116973877
0.4531152546405792,0.33528801798820496,-0.22799837589263916
0.48516586422920227,0.3444975018501282,-0.36983659863471985
0.46416884660720825,0.3458618223667145,-0.3599414825439453
0.5575523972511292,0.37693217396736145,-0.12440291792154312
0.4169428050518036,0.37872594594955444,-0.09066109359264374
0.6252618432044983,0.41992703080177307,-0.06117291375994682
0.3566482663154602,0.4184721112251282,-0.0010753858368843794
0.5672508478164673,0.45223885774612427,-0.1953601837158203
0.4117465615272522,0.4512823224067688,-0.10579504072666168
0.5542476177215576,0.4636928141117096,-0.23725534975528717
0.4250837564468384,0.4615423083305359,-0.14329248666763306
0.5468608140945435,0.45650362968444824,-0.25647372007369995
0.43476736545562744,0.4543245732784271,-0.1641538441181183
0.5494384169578552,0.4522217810153961,-0.20213793218135834
0.43238070607185364,0.4507977068424225,-0.11412035673856735
0.5312123894691467,0.49651971459388733,-0.0029035734478384256
0.45287153124809265,0.49679508805274963,0.0027463759761303663
0.5453184247016907,0.5869954824447632,-0.028446674346923828
0.4394764304161072,0.587713360786438,-0.035914480686187744
0.5505474805831909,0.6736605763435364,0.25133562088012695
0.43259307742118835,0.6734488010406494,0.2479923665523529
0.5398229956626892,0.6812595129013062,0.2691560983657837
0.44113731384277344,0.6806485056877136,0.2679721415042877
0.5590888261795044,0.7085649967193604,0.0732804387807846
0.43075117468833923,0.7111510038375854,0.08493444323539734
-
0.4717056155204773,0.3290753662586212,-0.44825616478919983
0.48092320561408997,0.32064273953437805,-0.43248340487480164
0.4868680238723755,0.3202946186065674,-0.4324108958244324
0.4923158288002014,0.3201061487197876,-0.43239927291870117
0.463744580745697,0.3218955397605896,-0.42428505420684814
0.4591250419616699,0.322240948677063,-0.4243013262748718
0.4553517997264862,0.32270315289497375,-0.4242815673351288
0.501875102519989,0.3229387104511261,-0.2756155729293823
0.45296740531921387,0.3259882628917694,-0.2368897795677185
0.4848831295967102,0.3375987410545349,-0.3849555253982544
0.46394386887550354,0.3385705351829529,-0.3737393617630005
0.5575595498085022,0.36795371770858765,-0.1292974203824997
0.4175463318824768,0.3702036738395691,-0.09426441043615341
0.627093493938446,0.41031160950660706,-0.05776717886328697
0.35685068368911743,0.40942898392677307,-0.0008075488731265068
0.5705603957176208,0.4459516406059265,-0.18301177024841309
0.4107204079627991,0.4430426061153412,-0.11078466475009918
0.5576004981994629,0.45685142278671265,-0.22754855453968048
0.4245057702064514,0.4518302083015442,-0.1466033160686493
0.5486160516738892,0.45034128427505493,-0.2530796527862549
0.4347134530544281,0.44485005736351013,-0.16982890665531158
0.5511271357536316,0.44650983810424805,-0.19191974401474
0.4321444630622864,0.44137200713157654,-0.11797095090150833
0.5315549969673157,0.48717188835144043,-0.002856795210391283
0.4529297351837158,0.48604005575180054,0.002702979138121009
0.5440608263015747,0.5795556902885437,-0.02810301072895527
0.4397542178630829,0.5791082978248596,-0.027781585231423378
0.5529710650444031,0.6636936664581299,0.2358475625514984
0.43202903866767883,0.664616584777832,0.22856809198856354
0.5412683486938477,0.6724880933761597,0.2508155107498169
0.4406529664993286,0.6725732088088989,0.24363519251346588
0.5655451416969299,0.6986325979232788,0.048779603093862534
0.4298548400402069,0.7005857825279236,0.04827805981040001
-
0.4726068377494812,0.32162681221961975,-0.44836828112602234
0.4815279543399811,0.31373608112335205,-0.43097516894340515
0.48731011152267456,0.31363388895988464,-0.43090006709098816
0.4928048849105835,0.31357285380363464,-0.4308922588825226
0.4642592668533325,0.3143327534198761,-0.4243185818195343
0.4592655301094055,0.31466084718704224,-0.4243362843990326
0.4554174244403839,0.315016508102417,-0.4243156313896179
0.5018961429595947,0.31624776124954224,-0.26449325680732727
0.45324626564979553,0.31877532601356506,-0.23843510448932648
0.48570239543914795,0.3306660056114197,-0.3836972415447235
0.4650569558143616,0.33194851875305176,-0.3749648332595825
0.5565170645713806,0.3615792393684387,-0.11175033450126648
0.4189334511756897,0.36714407801628113,-0.09514646232128143
0.6272743940353394,0.403177410364151,-0.012197732925415039
0.3569236397743225,0.4046713411808014,-0.007315510418266058
0.5721184015274048,0.43863314390182495,-0.13043750822544098
0.4090324342250824,0.43834441900253296,-0.11861241608858109
0.5587553381919861,0.44960784912109375,-0.1728343814611435
0.42274588346481323,0.4466964602470398,-0.15799061954021454
0.5497763156890869,0.4431081712245941,-0.1997411698102951
0.4342123568058014,0.4400472640991211,-0.18311117589473724
0.5528209805488586,0.43979352712631226,-0.1400269865989685
0.43137961626052856,0.43713322281837463,-0.12701424956321716
0.5315515398979187,0.4817541241645813,0.0025987050030380487
0.45272165536880493,0.48200955986976624,-0.0028002001345157623
0.5435368418693542,0.5737484693527222,-0.024752788245677948
0.4396784007549286,0.5736464262008667,-0.02855851873755455
0.5544039011001587,0.6584929823875427,0.2231910526752472
0.43203723430633545,0.659088134765625,0.20716236531734467
0.5431879758834839,0.6682543754577637,0.23617307841777802
0.4402572214603424,0.66721111536026,0.22016920149326324
0.5700293183326721,0.6923903822898865,0.031150223687291145
0.42991238832473755,0.6927840709686279,0.018273256719112396
-
0.4726622402667999,0.31740015745162964,-0.45276692509651184
0.48134133219718933,0.3102184534072876,-0.43352019786834717
0.48704561591148376,0.30985525250434875,-0.43344560265541077
0.49246668815612793,0.30959704518318176,-0.4334389269351959
0.46431589126586914,0.3112707734107971,-0.42785584926605225
0.4593518078327179,0.31166282296180725,-0.42787855863571167
0.4555337727069855,0.3120518624782562,-0.4278608560562134
0.5015997290611267,0.31292781233787537,-0.26628348231315613
0.45326942205429077,0.3159199357032776,-0.24271097779273987
0.4856767952442169,0.32556045055389404,-0.3878282308578491
0.46508660912513733,0.3267715275287628,-0.38059815764427185
0.5560635328292847,0.3581762909889221,-0.11994331330060959
0.41981878876686096,0.36239951848983765,-0.0961177721619606
0.627151370048523,0.4004189968109131,-0.03506367281079292
0.35695740580558777,0.4021715223789215,-0.015522155910730362
0.5736387372016907,0.4341590404510498,-0.16147106885910034
0.40813466906547546,0.43511778116226196,-0.13739991188049316
0.5598666667938232,0.44693484902381897,-0.20549336075782776
0.4212517738342285,0.4464968144893646,-0.18032494187355042
0.5503037571907043,0.43933477997779846,-0.23160012066364288
0.43320924043655396,0.43965235352516174,-0.20379310846328735
0.5538748502731323,0.4355558753013611,-0.17104719579219818
0.43043115735054016,0.4363102912902832,-0.14684650301933289
0.5316451787948608,0.47825971245765686,0.0023252442479133606
0.4528999328613281,0.47809267044067383,-0.002527162665501237
0.5436583757400513,0.5699530839920044,-0.019306471571326256
0.4395071566104889,0.5699590444564819,-0.012856998480856419
0.5557919144630432,0.6526056528091431,0.2477419078350067
0.43220922350883484,0.6525294184684753,0.22686146199703217
0.5436068177223206,0.6620608568191528,0.26351410150527954
0.44065535068511963,0.6604928374290466,0.24248279631137848
0.5717223286628723,0.6865299940109253,0.062372155487537384
0.4288228452205658,0.6859886646270752,0.04493565112352371
-
0.4727029502391815,0.31600135564804077,-0.48204219341278076
0.4812272787094116,0.3083377778530121,-0.45924270153045654
0.4868747591972351,0.3080848753452301,-0.4591626524925232
0.4921952486038208,0.3079916536808014,-0.4591442942619324
0.46433329582214355,0.3096497058868408,-0.45599156618118286
0.45938822627067566,0.3100724220275879,-0.45603010058403015
0.45559585094451904,0.31061851978302,-0.4559984803199768
0.501384437084198,0.3117019534111023,-0.2823106050491333
0.4532913267612457,0.3150692880153656,-0.2691335082054138
0.4856169819831848,0.32429084181785583,-0.4133628308773041
0.465082585811615,0.32508596777915955,-0.40970852971076965
0.5560413599014282,0.3577978312969208,-0.12201391160488129
0.4199839234352112,0.3609395921230316,-0.1168554425239563
0.6268635392189026,0.39823800325393677,-0.033500730991363525
0.3569764494895935,0.40011730790138245,-0.03469327464699745
0.5760034322738647,0.4350336492061615,-0.1570425182580948
0.4074459969997406,0.4345080852508545,-0.1628546565771103
0.5615307092666626,0.4492420554161072,-0.20132838189601898
0.42002594470977783,0.4463580548763275,-0.208928644657135
0.5512097477912903,0.4417615532875061,-0.2300383448600769
0.43253767490386963,0.44016003608703613,-0.2357027679681778
0.5547724962234497,0.43750637769699097,-0.1676788032054901
0.4301609992980957,0.43636083602905273,-0.17438270151615143
0.5316401720046997,0.4783320426940918,0.0023131126072257757
0.4528910219669342,0.47790056467056274,-0.0025088684633374214
0.5437930822372437,0.5670269727706909,0.0036260979250073433
0.4395797848701477,0.5681948065757751,-0.004824091214686632
0.5568016171455383,0.6505006551742554,0.25481075048446655
0.4328107535839081,0.6509047746658325,0.23660320043563843
0.5437383055686951,0.6605307459831238,0.27981334924697876
0.4416101276874542,0.6587921380996704,0.24298511445522308
0.5737351179122925,0.685041606426239,0.08491573482751846
0.4283446967601776,0.6841920614242554,0.05646046996116638
-
0.4730442464351654,0.31724533438682556,-0.4634418189525604
0.4812409579753876,0.30997446179389954,-0.43718987703323364
0.48685625195503235,0.3097095787525177,-0.43713006377220154
0.492188423871994,0.30947747826576233,-0.4371120035648346
0.46448153257369995,0.3112124800682068,-0.43622636795043945
0.4595484137535095,0.31173568964004517,-0.4362514913082123
0.45571169257164,0.3123374283313751,-0.43622344732284546
0.5013712048530579,0.31303930282592773,-0.25509482622146606
0.4533240795135498,0.3168042004108429,-0.24894718825817108
0.4859558045864105,0.3248142898082733,-0.3916647136211395
0.4652831554412842,0.32584139704704285,-0.39087584614753723
0.5557578206062317,0.3582977056503296,-0.10428982973098755
0.4210069477558136,0.3612491190433502,-0.09417829662561417
0.6265906691551208,0.40015465021133423,-0.02231011353433132
0.3573356568813324,0.40107494592666626,-0.01326814852654934
0.5756990909576416,0.43563976883888245,-0.16567184031009674
0.40685614943504333,0.43525442481040955,-0.16197963058948517
0.5612576603889465,0.44895535707473755,-0.213406503200531
0.4192449748516083,0.4466134011745453,-0.19951961934566498
0.5511886477470398,0.440986305475235,-0.2387024611234665
0.43226656317710876,0.4401618540287018,-0.22184564173221588
0.5546846389770508,0.43690022826194763,-0.17535243928432465
0.4300318956375122,0.43629854917526245,-0.16995976865291595
0.5316422581672668,0.4800017774105072,0.0022975679021328688
0.45303022861480713,0.47936901450157166,-0.0024929181672632694
0.5440431237220764,0.5693992376327515,-0.007796407211571932
0.43964624404907227,0.5712623596191406,-0.010352942161262035
0.5568856000900269,0.6533076763153076,0.2367161214351654
0.43298181891441345,0.6532849073410034,0.22778642177581787
0.5438135266304016,0.6620523929595947,0.25189536809921265
0.44167235493659973,0.6604361534118652,0.23887965083122253
0.5739988684654236,0.6870424747467041,0.0408797562122345
0.4284227192401886,0.6873241066932678,0.03360528126358986
-
0.4730679392814636,0.32161396741867065,-0.4626820981502533
0.48125651478767395,0.3137342035770416,-0.43794992566108704
0.48687058687210083,0.31333568692207336,-0.43788525462150574
0.49220356345176697,0.31312087178230286,-0.43786758184432983
0.4645448327064514,0.31531578302383423,-0.4357946515083313
0.4596683382987976,0.3157920241355896,-0.4358234405517578
0.45586273074150085,0.3164544701576233,-0.43579787015914917
0.5015828609466553,0.31696003675460815,-0.2572888135910034
0.4536173939704895,0.32072654366493225,-0.2492324411869049
0.4861454367637634,0.3291530907154083,-0.3929781913757324
0.46549734473228455,0.33038944005966187,-0.3906831443309784
0.5571432113647461,0.3629520535469055,-0.11204317212104797
0.4216647148132324,0.365652859210968,-0.09623891860246658
0.6268330216407776,0.4053877890110016,-0.03090125136077404
0.3574095070362091,0.4045122563838959,-0.015629848465323448
0.5754947066307068,0.4393576681613922,-0.16737407445907593
0.40682098269462585,0.4404730200767517,-0.15458185970783234
0.5611035823822021,0.45136794447898865,-0.21524398028850555
0.41923871636390686,0.45087748765945435,-0.19515380263328552
0.5511471033096313,0.44370895624160767,-0.24448555707931519
0.43222567439079285,0.4445313513278961,-0.2193901240825653
0.5546284914016724,0.4398317337036133,-0.17975738644599915
0.4299781918525696,0.4410859942436218,-0.16417713463306427
0.5315261483192444,0.48331204056739807,0.001259968732483685
0.4530455768108368,0.4824538230895996,-0.0014705803478136659
0.5441198348999023,0.5708807706832886,-0.024264134466648102
0.4399392902851105,0.57359778881073,-0.011755576357245445
0.5566890835762024,0.6556302309036255,0.19181814789772034
0.43294093012809753,0.6556693315505981,0.20624324679374695
0.5434285998344421,0.6646922826766968,0.20261915028095245
0.44165098667144775,0.6634491682052612,0.21726635098457336
0.5734745264053345,0.6897403001785278,-0.008216372691094875
0.4285660684108734,0.6897135972976685,0.016190120950341225
-
0.47305870056152344,0.3260725736618042,-0.4548642039299011
0.4815409481525421,0.3182843029499054,-0.4323677122592926
0.4871121346950531,0.31795188784599304,-0.43230998516082764
0.4925185441970825,0.31775981187820435,-0.43230140209198
0.4648151397705078,0.31960999965667725,-0.42691269516944885
0.45985883474349976,0.3200473189353943,-0.4269377291202545
0.4560248553752899,0.3205995261669159,-0.42691776156425476
0.501862108707428,0.3212547302246094,-0.2599889934062958
0.4539286196231842,0.32462042570114136,-0.23981039226055145
0.48594245314598083,0.3338285982608795,-0.3891354501247406
0.4652409851551056,0.3349865674972534,-0.3825702965259552
0.5572971105575562,0.3667530417442322,-0.12324222177267075
0.4218069314956665,0.36994364857673645,-0.08288543671369553
0.6282002925872803,0.4089186191558838,-0.06858280301094055
0.35861465334892273,0.4084222912788391,0.007726220414042473
0.5753839015960693,0.44326525926589966,-0.21028000116348267
0.4072516858577728,0.44335538148880005,-0.12532632052898407
0.560981810092926,0.4547836184501648,-0.25783470273017883
0.4201759397983551,0.45418399572372437,-0.1676461547613144
0.5515183210372925,0.4478263258934021,-0.27965644001960754
0.43222105503082275,0.44785207509994507,-0.19492605328559875
0.5549684166908264,0.44385677576065063,-0.2183038294315338
0.42993155121803284,0.44437092542648315,-0.13705827295780182
0.5314075946807861,0.48692697286605835,-0.00703224865719676
0.4530748128890991,0.4862824082374573,0.006813327316194773
0.5442370176315308,0.57463538646698,-0.03683365508913994
0.4400552213191986,0.5756371021270752,-0.010462821461260319
0.5570220351219177,0.6582912802696228,0.20236606895923615
0.43187010288238525,0.6593591570854187,0.21395833790302277
0.5455850958824158,0.6658828258514404,0.21533508598804474
0.4405195415019989,0.6695080995559692,0.22594648599624634
0.5682040452957153,0.6935364603996277,0.0050542219541966915
0.4285971224308014,0.6927993297576904,0.027490541338920593
-
0.4736855924129486,0.33458712697029114,-0.41603347659111023
0.4828147888183594,0.32678526639938354,-0.39220672845840454
0.48862406611442566,0.32661131024360657,-0.3921702802181244
0.494370698928833,0.32648295164108276,-0.3921504616737366
0.46545732021331787,0.32771462202072144,-0.3888266682624817
0.46028807759284973,0.32824939489364624,-0.388852596282959
0.45643433928489685,0.3288213014602661,-0.3888183534145355
0.5032594799995422,0.32907167077064514,-0.2192765325307846
0.4543904960155487,0.3325567841529846,-0.20427468419075012
0.48668912053108215,0.343411386013031,-0.3492000699043274
0.46576422452926636,0.34498879313468933,-0.34503409266471863
0.5567707419395447,0.37273043394088745,-0.09370414167642593
0.42201125621795654,0.3771670162677765,-0.05614103749394417
0.6281340718269348,0.4133640229701996,-0.0731036365032196
0.36029085516929626,0.4150012135505676,-0.0014601207803934813
0.5780285000801086,0.44826406240463257,-0.2911328971385956
0.4076773226261139,0.450690895318985,-0.21304334700107574
0.5641571283340454,0.4569455087184906,-0.351750910282135
0.42063936591148376,0.45966967940330505,-0.2688387632369995
0.5553085803985596,0.45275646448135376,-0.3751373291015625
0.43248820304870605,0.4537757933139801,-0.29464489221572876
0.5584810972213745,0.4490601122379303,-0.30225691199302673
0.4301723539829254,0.4510176181793213,-0.22608301043510437
0.531449019908905,0.4943557381629944,-0.009373242035508156
0.4530758857727051,0.49538421630859375,0.009177601896226406
0.5448341965675354,0.5815646052360535,-0.05310674384236336
0.4400261342525482,0.5854112505912781,-0.021754564717411995
0.556857168674469,0.6673709750175476,0.2043132185935974
0.431708961725235,0.670724630355835,0.21049796044826508
0.5461834073066711,0.6767028570175171,0.21846601366996765
0.4400762915611267,0.6817090511322021,0.22305679321289062
0.566495954990387,0.7024255990982056,0.0048202709294855595
0.42869460582733154,0.703565239906311,0.021500466391444206
-
0.47372138500213623,0.34782227873802185,-0.4262218773365021
0.4829222857952118,0.33988696336746216,-0.40305230021476746
0.4888352155685425,0.33979684114456177,-0.40301862359046936
0.49465519189834595,0.3399115800857544,-0.4030115306377411
0.4655110538005829,0.3412165641784668,-0.3988341987133026
0.4603157341480255,0.3417526185512543,-0.39886191487312317
0.45647022128105164,0.34227678179740906,-0.398822158575058
0.503434419631958,0.34405502676963806,-0.23316402733325958
0.4544145464897156,0.3467690944671631,-0.21344278752803802
0.4867088794708252,0.35661402344703674,-0.3604128062725067
0.46571096777915955,0.35744160413742065,-0.3552435040473938
0.55668044090271,0.3859575688838959,-0.111335888504982
0.42206332087516785,0.39060306549072266,-0.06428693979978561
0.6281103491783142,0.4251527786254883,-0.13936235010623932
0.3621213734149933,0.4276691973209381,-0.03360671177506447
0.5753236413002014,0.46154528856277466,-0.3621539771556854
0.4083164632320404,0.46408218145370483,-0.2509227395057678
0.5605984926223755,0.47455111145973206,-0.42608243227005005
0.42106759548187256,0.4751649498939514,-0.30985671281814575
0.5528855323791504,0.46811169385910034,-0.4432774782180786
0.43250834941864014,0.4685096740722656,-0.3335401713848114
0.556672215461731,0.4638819098472595,-0.3709805905818939
0.43024706840515137,0.46524015069007874,-0.26441508531570435
0.5321512222290039,0.5073348879814148,-0.012507046572864056
0.4531431794166565,0.5086426734924316,0.012327958829700947
0.5466005802154541,0.5950568914413452,-0.049811601638793945
0.43951255083084106,0.5966390371322632,-0.008965952321887016
0.5560451745986938,0.6720781326293945,0.2644645571708679
0.43191370368003845,0.6758259534835815,0.2763351500034332
0.5458748936653137,0.6808158159255981,0.286647766828537
0.4401130974292755,0.6863381862640381,0.2949299216270447
0.5642697811126709,0.7066463232040405,0.07763796299695969
0.43335795402526855,0.7070425152778625,0.1019906997680664
-
0.4744528830051422,0.36002105474472046,-0.4042787253856659
0.4833734333515167,0.3528204560279846,-0.3781318664550781
0.48929375410079956,0.35277652740478516,-0.37811532616615295
0.4950266480445862,0.35295575857162476,-0.37811318039894104
0.46649694442749023,0.3538365960121155,-0.3748762309551239
0.4615646302700043,0.3542826771736145,-0.37490344047546387
0.45745208859443665,0.3546963334083557,-0.37487974762916565
0.5035003423690796,0.3576515316963196,-0.20781587064266205
0.45500728487968445,0.3596309423446655,-0.1929502636194229
0.4870641827583313,0.3682031035423279,-0.33966243267059326
0.46612992882728577,0.36862316727638245,-0.33568841218948364
0.5567335486412048,0.40025871992111206,-0.10352218151092529
0.4219266176223755,0.40455690026283264,-0.05757542699575424
0.6280679702758789,0.43721479177474976,-0.10890401899814606
0.3636507987976074,0.44247183203697205,-0.030693868175148964
0.5752608180046082,0.4739595055580139,-0.29933926463127136
0.41110458970069885,0.476990282535553,-0.21607191860675812
0.5605348944664001,0.4869694709777832,-0.35697177052497864
0.42372584342956543,0.48742610216140747,-0.2704882025718689
0.5528602004051208,0.48047080636024475,-0.37740615010261536
0.43412941694259644,0.4817996919155121,-0.29340457916259766
0.5565916895866394,0.4764571189880371,-0.3091161847114563
0.4319365322589874,0.4784039855003357,-0.22850795090198517
0.5329620242118835,0.5225421190261841,-0.012395679950714111
0.45317739248275757,0.5240897536277771,0.012234970927238464
0.5493565201759338,0.6049259305000305,-0.05244521051645279
0.4383830726146698,0.6088680028915405,-0.010400247760117054
0.5512091517448425,0.6796999573707581,0.2869425117969513
0.4337034523487091,0.6811478137969971,0.29263603687286377
0.5402645468711853,0.689518928527832,0.31127551198005676
0.4422961473464966,0.6913008093833923,0.3142416775226593
0.563488245010376,0.7101141810417175,0.1137961894273758
0.43407300114631653,0.7096909284591675,0.1300337314605713
-
0.4748648405075073,0.3733786642551422,-0.36335694789886475
0.48370030522346497,0.3660983443260193,-0.33712756633758545
0.48954200744628906,0.366087406873703,-0.33712926506996155
0.49523916840553284,0.36596953868865967,-0.33714723587036133
0.46735942363739014,0.3668917119503021,-0.3335985839366913
0.46232765913009644,0.3673526644706726,-0.33361753821372986
0.45808011293411255,0.3678138256072998,-0.33357754349708557
0.5035002827644348,0.36961159110069275,-0.17599815130233765
0.45575833320617676,0.37179678678512573,-0.16053366661071777
0.4872578978538513,0.3818744421005249,-0.30333179235458374
0.46672359108924866,0.38240310549736023,-0.2990659475326538
0.5567481517791748,0.41270726919174194,-0.09266999363899231
0.4219227731227875,0.41792240738868713,-0.039370328187942505
0.6272554397583008,0.4480283856391907,-0.11393586546182632
0.36487531661987305,0.4543589651584625,-0.03117699921131134
0.5753533840179443,0.48300522565841675,-0.32145535945892334
0.4110335409641266,0.4882107675075531,-0.23241044580936432
0.5605485439300537,0.49598821997642517,-0.3814397156238556
0.42369329929351807,0.5004745721817017,-0.28764599561691284
0.5528655648231506,0.49064764380455017,-0.3976564109325409
0.43404620885849,0.49393129348754883,-0.305976003408432
0.5565451979637146,0.4863383173942566,-0.3301768898963928
0.4318905174732208,0.49013128876686096,-0.24392613768577576
0.5330456495285034,0.5347477793693542,-0.011790527030825615
0.45310765504837036,0.5366200804710388,0.011619219556450844
0.5505131483078003,0.6157134771347046,-0.05580144003033638
0.43660053610801697,0.6206586956977844,-0.010908442549407482
0.5478295087814331,0.6827979683876038,0.30948546528816223
0.4346620440483093,0.6845184564590454,0.3081148564815521
0.5358101725578308,0.6922647356987,0.3374350368976593
0.445541113615036,0.6925338506698608,0.331682950258255
0.5634041428565979,0.7118128538131714,0.16099634766578674
0.4340565502643585,0.7113667726516724,0.1600997895002365
-
0.4768216907978058,0.3828548192977905,-0.39063596725463867
0.4857030510902405,0.3756254017353058,-0.3651863932609558
0.4914811849594116,0.3755068778991699,-0.3651718199253082
0.49678337574005127,0.3754914402961731,-0.36517688632011414
0.46923890709877014,0.37597352266311646,-0.3620399832725525
0.46411484479904175,0.3761350214481354,-0.36206668615341187
0.4592960476875305,0.3764829933643341,-0.36202430725097656
0.5041846632957458,0.3783971667289734,-0.20018117129802704
0.4563271701335907,0.3800799250602722,-0.18379634618759155
0.48851725459098816,0.3915497064590454,-0.32837730646133423
0.4688539206981659,0.39234572649002075,-0.3234674036502838
0.5570547580718994,0.4241713881492615,-0.0936049222946167
0.42184510827064514,0.4292267858982086,-0.08308261632919312
0.6270455121994019,0.4615758955478668,-0.13965700566768646
0.36503610014915466,0.4666699767112732,-0.12901979684829712
0.574555516242981,0.49621376395225525,-0.3540332019329071
0.4111458659172058,0.49700412154197693,-0.36548152565956116
0.5605275630950928,0.5097599029541016,-0.41750144958496094
0.4233313202857971,0.5080586671829224,-0.42795801162719727
0.5524570941925049,0.5045506954193115,-0.4304564893245697
0.434390127658844,0.5015925168991089,-0.4426991641521454
0.5555992722511292,0.5008054375648499,-0.36153843998908997
0.43304914236068726,0.4982292652130127,-0.37605735659599304
0.5329714417457581,0.5431894063949585,0.0025204853154718876
0.45263001322746277,0.5436397194862366,-0.0026175295934081078
0.5538128018379211,0.6234952211380005,-0.02680521085858345
0.43537598848342896,0.6249688863754272,0.000602907792199403
0.5467515587806702,0.6859004497528076,0.36336982250213623
0.43504777550697327,0.6847521066665649,0.3416348099708557
0.5326619148254395,0.6948118805885315,0.39375385642051697
0.4458045959472656,0.690665602684021,0.36752820014953613
0.5662556886672974,0.7124475240707397,0.23392029106616974
0.434045672416687,0.7131232619285583,0.19743187725543976
-
0.47733089327812195,0.3893846869468689,-0.3969211280345917
0.48613637685775757,0.38213667273521423,-0.3746717572212219
0.4917571246623993,0.3820207417011261,-0.3746533989906311
0.4969797432422638,0.38202691078186035,-0.37465086579322815
0.4700044095516205,0.3825641870498657,-0.37054553627967834
0.46474164724349976,0.3828657865524292,-0.37056639790534973
0.4598276913166046,0.3833767771720886,-0.3705475330352783
0.5042635202407837,0.38529399037361145,-0.20799216628074646
0.4565829336643219,0.38786768913269043,-0.19150714576244354
0.4890011250972748,0.39776939153671265,-0.32885628938674927
0.4693671464920044,0.3987792432308197,-0.32882291078567505
0.5571169257164001,0.430957555770874,-0.11648481339216232
0.42184099555015564,0.4373649060726166,-0.09396987408399582
0.6281993985176086,0.46862420439720154,-0.14642347395420074
0.36492016911506653,0.47178778052330017,-0.08688166737556458
0.5714737772941589,0.5056278109550476,-0.3435858488082886
0.41125911474227905,0.5034257173538208,-0.307697594165802
0.5582525730133057,0.5181589722633362,-0.4026849865913391
0.42297351360321045,0.5134760141372681,-0.3884061276912689
0.5500116944313049,0.5134326815605164,-0.4146367013454437
0.4341071546077728,0.5081595182418823,-0.4071533977985382
0.552625298500061,0.5098704099655151,-0.3501321077346802
0.4329354465007782,0.50461345911026,-0.3335340619087219
0.5328258275985718,0.5494447350502014,0.004068396985530853
0.4526240825653076,0.5485260486602783,-0.004167108330875635
0.557210385799408,0.6306438446044922,-0.02841692790389061
0.43459320068359375,0.62962406873703,-0.043819308280944824
0.5467848777770996,0.6855599880218506,0.4008246958255768
0.4351367652416229,0.6850159168243408,0.33675697445869446
0.5326700806617737,0.6938084363937378,0.4368123412132263
0.4457692503929138,0.6907487511634827,0.3677913248538971
0.5666368007659912,0.7132079601287842,0.28475120663642883
0.4337350130081177,0.7135211229324341,0.21079152822494507
-
0.47758516669273376,0.39277753233909607,-0.4521469473838806
0.48621290922164917,0.38536426424980164,-0.4263789653778076
0.4917798340320587,0.38525205850601196,-0.42634424567222595
0.4970032870769501,0.3852456510066986,-0.4263703525066376
0.47013625502586365,0.38608115911483765,-0.42397651076316833
0.46485772728919983,0.3865112364292145,-0.4240369200706482
0.46006858348846436,0.38702958822250366,-0.4239887595176697
0.5043396949768066,0.38951295614242554,-0.25849807262420654
0.4566444456577301,0.39178377389907837,-0.25060412287712097
0.4892500638961792,0.4005964696407318,-0.38833996653556824
0.4695265591144562,0.4012264609336853,-0.3867480754852295
0.5569490790367126,0.43426141142845154,-0.14761079847812653
0.4213058352470398,0.4397119879722595,-0.11962823569774628
0.6282471418380737,0.47144970297813416,-0.13098321855068207
0.36472341418266296,0.47371524572372437,-0.042032692581415176
0.5710998177528381,0.5095651745796204,-0.27645349502563477
0.41123518347740173,0.5073891878128052,-0.11421113461256027
0.558207631111145,0.5225788354873657,-0.3262413442134857
0.4229254722595215,0.5178992748260498,-0.1524607539176941
0.5498231053352356,0.5180752873420715,-0.3469056487083435
0.43397966027259827,0.5123973488807678,-0.1728857457637787
0.5521891117095947,0.5142424702644348,-0.28495290875434875
0.4329109489917755,0.5085548758506775,-0.1231764405965805
0.5327466130256653,0.5494008660316467,0.004463032819330692
0.45261886715888977,0.548885703086853,-0.0045359209179878235
0.5597703456878662,0.6344180703163147,-0.024294381961226463
0.4340013265609741,0.634369969367981,-0.06431936472654343
0.5468495488166809,0.6852701902389526,0.42156460881233215
0.4351302981376648,0.6855271458625793,0.3335839807987213
0.5324506759643555,0.6931487917900085,0.4590703248977661
0.44570785760879517,0.6905087828636169,0.36635488271713257
0.5667637586593628,0.7124733924865723,0.3084389865398407
0.4324682056903839,0.7139367461204529,0.20707455277442932
-
0.4778568744659424,0.39067620038986206,-0.45139169692993164
0.48629748821258545,0.383841872215271,-0.4254321753978729
0.4918805956840515,0.3838004767894745,-0.4253824055194855
0.49706077575683594,0.38383927941322327,-0.4254092276096344
0.47016844153404236,0.3845703899860382,-0.4228200614452362
0.46485817432403564,0.3851798176765442,-0.4228898882865906
0.46010762453079224,0.3858160972595215,-0.42285096645355225
0.5043666362762451,0.3884353041648865,-0.26138365268707275
0.456678181886673,0.39088115096092224,-0.2519826591014862
0.48966601490974426,0.39905503392219543,-0.3896832764148712
0.469632625579834,0.39948078989982605,-0.3871639370918274
0.5569640398025513,0.43383198976516724,-0.14783436059951782
0.4206550121307373,0.43903130292892456,-0.12130327522754669
0.6284752488136292,0.47007712721824646,-0.0835268646478653
0.36225461959838867,0.4728303551673889,-0.0201970636844635
0.5710122585296631,0.5095505118370056,-0.18223510682582855
0.4111555218696594,0.5068799257278442,-0.07404351979494095
0.5582171082496643,0.5225004553794861,-0.22205081582069397
0.4226735532283783,0.5189727544784546,-0.10797011107206345
0.5498337149620056,0.5181530714035034,-0.24583759903907776
0.43394118547439575,0.5130032300949097,-0.12821389734745026
0.5521358251571655,0.5141556262969971,-0.19069170951843262
0.4328598082065582,0.5088216662406921,-0.08171451836824417
0.5327466130256653,0.5486343502998352,0.0038372843991965055
0.45253533124923706,0.5490809082984924,-0.003921260591596365
0.5611621141433716,0.634817898273468,-0.04188934713602066
0.4336199462413788,0.635525107383728,-0.08470521867275238
0.5474472641944885,0.684994101524353,0.4002569317817688
0.43526867032051086,0.6850904226303101,0.33076906204223633
0.5329436659812927,0.6927828192710876,0.4375332295894623
0.4468693137168884,0.690484881401062,0.36538565158843994
0.567286491394043,0.7129479646682739,0.2904018759727478
0.42818424105644226,0.7138562202453613,0.21536274254322052
-
0.4795530438423157,0.38564231991767883,-0.4524093270301819
0.48746001720428467,0.3788127601146698,-0.426469087600708
0.492967814207077,0.3787688910961151,-0.42642927169799805
0.4976133704185486,0.3788573741912842,-0.42646196484565735
0.4711337983608246,0.37934610247612,-0.4243834614753723
0.46573927998542786,0.3797305226325989,-0.42445120215415955
0.4606531262397766,0.3803079128265381,-0.42442500591278076
0.5045437216758728,0.3831929862499237,-0.26100340485572815
0.45694682002067566,0.3857015371322632,-0.2539282739162445
0.4910392463207245,0.39455392956733704,-0.38996264338493347
0.4710021913051605,0.3952050507068634,-0.3880513608455658
0.5574709177017212,0.4300403594970703,-0.14601309597492218
0.42107582092285156,0.433519184589386,-0.12779544293880463
0.6280596256256104,0.4680209159851074,-0.08655259013175964
0.3622579276561737,0.4686920642852783,-0.06103016063570976
0.570505678653717,0.5060586929321289,-0.20740196108818054
0.41199183464050293,0.5017998814582825,-0.10577180981636047
0.5573455095291138,0.5183972120285034,-0.2502223253250122
0.4230513274669647,0.5135654211044312,-0.12767474353313446
0.549129068851471,0.5132688283920288,-0.2720833718776703
0.434293270111084,0.5075381994247437,-0.17920981347560883
0.5515413880348206,0.5097020864486694,-0.21562020480632782
0.4331591725349426,0.5035586953163147,-0.0889911875128746
0.5328851938247681,0.5453987121582031,0.004132404923439026
0.4525352120399475,0.5463284850120544,-0.004223215393722057
0.5608462691307068,0.630982518196106,-0.02288753166794777
0.43330422043800354,0.6335168480873108,-0.0749775618314743
0.5473626255989075,0.6849483251571655,0.42168885469436646
0.4352959394454956,0.6849173307418823,0.34646886587142944
0.5324893593788147,0.692615270614624,0.45853903889656067
0.4477832317352295,0.6908562779426575,0.37879741191864014
0.5672847032546997,0.7124794721603394,0.31002405285835266
0.4264413118362427,0.7135750651359558,0.22352227568626404
-
0.4803732931613922,0.3824710249900818,-0.45161405205726624
0.48836082220077515,0.37539979815483093,-0.42572450637817383
0.4938966631889343,0.37533989548683167,-0.42570462822914124
0.4981345236301422,0.37535786628723145,-0.4257361888885498
0.4719173312187195,0.37632623314857483,-0.42373666167259216
0.4665558338165283,0.3769308030605316,-0.4237941801548004
0.4611121714115143,0.37758728861808777,-0.4237557351589203
0.5048457980155945,0.38015154004096985,-0.2570790946483612
0.4569903016090393,0.38261866569519043,-0.24942630529403687
0.4919684827327728,0.39096304774284363,-0.3874642550945282
0.47157999873161316,0.39181381464004517,-0.38544702529907227
0.5577058792114258,0.424736350774765,-0.14461174607276917
0.42028185725212097,0.4286978840827942,-0.11831328272819519
0.625839114189148,0.46281999349594116,-0.13439889252185822
0.363958477973938,0.4644993245601654,-0.06449978798627853
0.5677172541618347,0.5002074241638184,-0.32085803151130676
0.41510269045829773,0.497626394033432,-0.19106057286262512
0.5537799596786499,0.5125702619552612,-0.37677526473999023
0.42600739002227783,0.5089388489723206,-0.23420880734920502
0.545491635799408,0.5073537230491638,-0.3940108120441437
0.4369063377380371,0.5029470920562744,-0.2563156485557556
0.5481210350990295,0.5036038160324097,-0.3288281559944153
0.43600738048553467,0.49908703565597534,-0.19300271570682526
0.5335239171981812,0.5413676500320435,0.00393797317519784
0.4527948498725891,0.541975736618042,-0.004036399535834789
0.5603207349777222,0.6266359090805054,-0.02785102277994156
0.4332045614719391,0.6291428804397583,-0.05373533442616463
0.5474352836608887,0.6844298243522644,0.40227004885673523
0.4355350136756897,0.6855453252792358,0.3435004651546478
0.5327228307723999,0.692183256149292,0.43775084614753723
0.4482676088809967,0.69154292345047,0.37337905168533325
0.567255437374115,0.71209716796875,0.2799213230609894
0.42689788341522217,0.7135295867919922,0.20682772994041443
-
0.480660617351532,0.36655235290527344,-0.4549906849861145
0.488303542137146,0.3592928946018219,-0.4308931529521942
0.4938371479511261,0.35906437039375305,-0.43086421489715576
0.49811917543411255,0.35903483629226685,-0.430878609418869
0.4719648063182831,0.36104118824005127,-0.42750248312950134
0.4666326344013214,0.36180251836776733,-0.4275510013103485
0.46131646633148193,0.36257404088974,-0.4275363087654114
0.5046375393867493,0.36406832933425903,-0.26591232419013977
0.4570179283618927,0.36919230222702026,-0.25182661414146423
0.49211955070495605,0.3748157322406769,-0.39201393723487854
0.47194182872772217,0.37604814767837524,-0.3881571590900421
0.5583500266075134,0.412045419216156,-0.14586766064167023
0.42040887475013733,0.4155800938606262,-0.11738716810941696
0.6250931024551392,0.4551653265953064,-0.10754459351301193
0.36589792370796204,0.45355668663978577,-0.026615982875227928
0.5678541660308838,0.4904312193393707,-0.25276753306388855
0.4193500876426697,0.4876720905303955,-0.10094276070594788
0.5537562370300293,0.5019007921218872,-0.29895922541618347
0.4297039806842804,0.4966822564601898,-0.1372789442539215
0.5456257462501526,0.49750080704689026,-0.32319000363349915
0.4394240975379944,0.4907333254814148,-0.16008642315864563
0.5481820106506348,0.49323493242263794,-0.26267656683921814
0.438558965921402,0.4872705936431885,-0.1094493567943573
0.534308135509491,0.5306842923164368,0.0036387003492563963
0.4538083076477051,0.5312682390213013,-0.003739725798368454
0.5570434331893921,0.6183568835258484,-0.028370637446641922
0.43524169921875,0.6196915507316589,-0.05335990712046623
0.5472574234008789,0.6839959025382996,0.38509657979011536
0.43613898754119873,0.6850095987319946,0.33284297585487366
0.5327774286270142,0.6919890642166138,0.41852930188179016
0.44830751419067383,0.6911831498146057,0.3587532341480255
0.5666818022727966,0.711934506893158,0.260699987411499
0.42887526750564575,0.7132490873336792,0.16854721307754517
-
0.4799337685108185,0.3507574796676636,-0.45126259326934814
0.4880838692188263,0.3435813784599304,-0.4266400933265686
0.4937485158443451,0.34342706203460693,-0.4266067147254944
0.4980667233467102,0.34348466992378235,-0.4266139268875122
0.47124147415161133,0.34529298543930054,-0.42339175939559937
0.4657854437828064,0.34601008892059326,-0.4234378933906555
0.46056780219078064,0.34666115045547485,-0.4234171509742737
0.504633903503418,0.34793180227279663,-0.26358455419540405
0.45687320828437805,0.3525695204734802,-0.25021880865097046
0.4918660819530487,0.3602665066719055,-0.3880561888217926
0.47109392285346985,0.3614441752433777,-0.3844563066959381
0.5583452582359314,0.3938238322734833,-0.13936719298362732
0.4214731752872467,0.3988305926322937,-0.1142675057053566
0.6249285340309143,0.4350923001766205,-0.061492402106523514
0.3658231496810913,0.4364650249481201,-0.009452318772673607
0.5687339901924133,0.471853643655777,-0.19453440606594086
0.4186856150627136,0.47057420015335083,-0.0827820897102356
0.5539180040359497,0.4848800301551819,-0.23801232874393463
0.42929506301879883,0.4807869791984558,-0.11701245605945587
0.5464263558387756,0.47853344678878784,-0.2627742886543274
0.43921905755996704,0.47442564368247986,-0.1396244615316391
0.5495337843894958,0.474592924118042,-0.20426367223262787
0.4381394684314728,0.4711471199989319,-0.0908215343952179
0.5347448587417603,0.5136114358901978,0.003421215107664466
0.45604175329208374,0.5147830247879028,-0.003523191437125206
0.5540979504585266,0.6044508218765259,-0.009130436927080154
0.43794167041778564,0.6040624380111694,-0.02022615075111389
0.5476986169815063,0.6805731058120728,0.32600608468055725
0.43656080961227417,0.6810161471366882,0.275950163602829
0.5345940589904785,0.6891614198684692,0.34748491644859314
0.44829878211021423,0.6891993284225464,0.2933632433414459
0.563612699508667,0.7107406854629517,0.15776893496513367
0.42893192172050476,0.7121584415435791,0.09859727323055267
-
0.47939833998680115,0.3373139202594757,-0.4315545856952667
0.48764127492904663,0.33031293749809265,-0.4097932279109955
0.49338752031326294,0.33002302050590515,-0.40974336862564087
0.4978705942630768,0.3299587666988373,-0.40972602367401123
0.4705461859703064,0.3323582708835602,-0.40886691212654114
0.4651521146297455,0.33312028646469116,-0.4088961184024811
0.46004900336265564,0.33385300636291504,-0.40888065099716187
0.5045366287231445,0.3341709077358246,-0.24696466326713562
0.4567010998725891,0.33904358744621277,-0.2438393235206604
0.491780549287796,0.34638160467147827,-0.367608904838562
0.4704912006855011,0.34817272424697876,-0.36675041913986206
0.5583678483963013,0.38078317046165466,-0.10763778537511826
0.4215833842754364,0.3860622048377991,-0.10948783159255981
0.6247009038925171,0.42172306776046753,-0.029829971492290497
0.36547714471817017,0.42449870705604553,-0.008103346452116966
0.5723302364349365,0.4561910629272461,-0.174310564994812
0.4184567630290985,0.45753711462020874,-0.09086445719003677
0.5561421513557434,0.469668447971344,-0.21863014996051788
0.42895013093948364,0.46798253059387207,-0.12694761157035828
0.5486093163490295,0.46303272247314453,-0.2436983734369278
0.43903419375419617,0.4612903594970703,-0.15030774474143982
0.5521891117095947,0.4588071405887604,-0.1845737248659134
0.4379015266895294,0.457957923412323,-0.09928157925605774
0.5348383784294128,0.5011957883834839,0.004041047766804695
0.456908643245697,0.5023016929626465,-0.004196205176413059
0.5513790845870972,0.5939537286758423,-0.014020592905580997
0.4398401081562042,0.5927648544311523,-0.028976930305361748
0.5519483685493469,0.67485111951828,0.28606635332107544
0.436326265335083,0.6752229928970337,0.2523857057094574
0.5415678024291992,0.682812511920929,0.30542635917663574
0.44816139340400696,0.6829148530960083,0.27150091528892517
0.5643242597579956,0.7091991901397705,0.1089228019118309
0.4293234646320343,0.7113218307495117,0.08219115436077118
-
0.4793459475040436,0.32801416516304016,-0.41912809014320374
0.48737576603889465,0.32065004110336304,-0.3979286551475525
0.49300476908683777,0.3204881548881531,-0.39787736535072327
0.49763646721839905,0.3204978406429291,-0.3978462219238281
0.4704291820526123,0.3224529027938843,-0.3942091166973114
0.465098112821579,0.32314378023147583,-0.39423447847366333
0.4600145220756531,0.3238771855831146,-0.39422518014907837
0.5043445229530334,0.3251177966594696,-0.2340427041053772
0.45667269825935364,0.3294150233268738,-0.21614396572113037
0.49176448583602905,0.33647769689559937,-0.3551774024963379
0.47039124369621277,0.3380228281021118,-0.3502860963344574
0.5592642426490784,0.37231165170669556,-0.0953613892197609
0.4218777120113373,0.3757932782173157,-0.07838860154151917
0.6249407529830933,0.4143778383731842,-0.050060421228408813
0.36472541093826294,0.4150567650794983,0.008574881590902805
0.5749012231826782,0.44529780745506287,-0.19442901015281677
0.4147496819496155,0.4482268691062927,-0.10740167647600174
0.5594819188117981,0.4573071599006653,-0.25261443853378296
0.42651665210723877,0.45829686522483826,-0.14900851249694824
0.5523795485496521,0.44933265447616577,-0.28086841106414795
0.43687310814857483,0.45152348279953003,-0.17475645244121552
0.5554332137107849,0.4453135132789612,-0.21036404371261597
0.43522000312805176,0.4480977952480316,-0.11816848814487457
0.5348292589187622,0.492133766412735,0.0037993858568370342
0.4568224251270294,0.49244293570518494,-0.003986401483416557
0.5476406812667847,0.5830126404762268,-0.01615733653306961
0.44107237458229065,0.5857823491096497,-0.02951899543404579
0.5553553700447083,0.6670886874198914,0.24488519132137299
0.43542081117630005,0.6680492162704468,0.2357083261013031
0.5455840826034546,0.6752145290374756,0.2601814866065979
0.44510892033576965,0.6759970188140869,0.2519887387752533
0.5655650496482849,0.7032524347305298,0.05357983335852623
0.42934364080429077,0.7045993208885193,0.056782372295856476
-
0.4795888662338257,0.32024019956588745,-0.40221452713012695
0.48752033710479736,0.31340983510017395,-0.3799806833267212
0.49313244223594666,0.313341349363327,-0.3799302875995636
0.4977210462093353,0.3134692311286926,-0.3799249529838562
0.47086432576179504,0.31463634967803955,-0.3768145740032196
0.46548324823379517,0.3152022659778595,-0.37682461738586426
0.4602513611316681,0.3157324194908142,-0.3767814338207245
0.5044029951095581,0.31819218397140503,-0.22232142090797424
0.4566712975502014,0.32064884901046753,-0.20820392668247223
0.49184054136276245,0.328506737947464,-0.34185707569122314
0.470514178276062,0.3295114040374756,-0.3379014730453491
0.5594221949577332,0.3656541109085083,-0.0930413156747818
0.42187613248825073,0.3707665205001831,-0.07840777933597565
0.6277516484260559,0.40669918060302734,-0.01193308737128973
0.36375147104263306,0.41020074486732483,0.010015646927058697
0.583220362663269,0.44063204526901245,-0.13289982080459595
0.41456496715545654,0.4424871504306793,-0.08712951093912125
0.5654714107513428,0.4519250988960266,-0.1751551479101181
0.4264945983886719,0.4508879780769348,-0.12492242455482483
0.5577167272567749,0.4452727437019348,-0.20080778002738953
0.4369235932826996,0.4448738694190979,-0.14814534783363342
0.560922384262085,0.4408000111579895,-0.14308007061481476
0.435180127620697,0.44137006998062134,-0.09631571173667908
0.5354980230331421,0.48524022102355957,0.003919894807040691
0.45678839087486267,0.48469215631484985,-0.004120891448110342
0.5459388494491577,0.5767545700073242,-0.011583765037357807
0.4415203034877777,0.580017626285553,-0.02860112674534321
0.5558092594146729,0.6606015563011169,0.23334819078445435
0.43483102321624756,0.6603354215621948,0.2277517318725586
0.5452178716659546,0.6696780323982239,0.24718356132507324
0.44333598017692566,0.6691634058952332,0.24352993071079254
0.5704827308654785,0.6964036226272583,0.05460306257009506
0.4263201951980591,0.693616509437561,0.06068221852183342
-
0.48066774010658264,0.31649333238601685,-0.42494499683380127
0.4889575242996216,0.31025630235671997,-0.4001942574977875
0.4945952594280243,0.3103673756122589,-0.40013375878334045
0.49858492612838745,0.31061092019081116,-0.400147020816803
0.4723477363586426,0.3106153607368469,-0.4010828137397766
0.466871440410614,0.31100836396217346,-0.401094526052475
0.46144044399261475,0.31155937910079956,-0.40104153752326965
0.5051482319831848,0.3143622577190399,-0.2286791056394577
0.4571501314640045,0.3157140612602234,-0.2338181883096695
0.4925127625465393,0.32588136196136475,-0.35907745361328125
0.4716857969760895,0.3268245756626129,-0.36075812578201294
0.5594022274017334,0.36123126745224,-0.09964478760957718
0.4226110577583313,0.366566002368927,-0.09781541675329208
0.6278704404830933,0.40238070487976074,-0.007241514045745134
0.3617572486400604,0.40529313683509827,-0.010354237630963326
0.5824612975120544,0.4385598599910736,-0.13517534732818604
0.4124196767807007,0.4384426176548004,-0.11106900870800018
0.5651817917823792,0.45055413246154785,-0.17920202016830444
0.42538779973983765,0.4469223916530609,-0.1511634737253189
0.557321310043335,0.44335848093032837,-0.20776663720607758
0.4363480806350708,0.44047975540161133,-0.17828074097633362
0.5607132315635681,0.43971309065818787,-0.14644114673137665
0.4340547025203705,0.43767720460891724,-0.12127052247524261
0.5357083678245544,0.48012179136276245,0.007123648654669523
0.4565926790237427,0.4800342917442322,-0.007320716045796871
0.5463190078735352,0.5724195837974548,-0.012468048371374607
0.44138026237487793,0.5724427103996277,-0.029567189514636993
0.5555419325828552,0.6547302603721619,0.24459120631217957
0.434611439704895,0.6534096002578735,0.23195847868919373
0.5447717308998108,0.6646958589553833,0.2597880959510803
0.4425048828125,0.6618143320083618,0.24865125119686127
0.5737026333808899,0.689295768737793,0.06530345976352692
0.4264800250530243,0.6853293180465698,0.060492392629384995
-
0.4815490245819092,0.31512096524238586,-0.48776212334632874
0.4894936978816986,0.30748772621154785,-0.4617413282394409
0.4951215386390686,0.3073756992816925,-0.4616835415363312
0.4989040493965149,0.3074984550476074,-0.46167898178100586
0.472772479057312,0.3084719479084015,-0.46176716685295105
0.46732982993125916,0.3090364336967468,-0.46181970834732056
0.461809366941452,0.3097269535064697,-0.46180957555770874
0.5053055286407471,0.31176865100860596,-0.27692970633506775
0.4575015902519226,0.31492698192596436,-0.27984920144081116
0.49319130182266235,0.32398098707199097,-0.4167444109916687
0.4730016589164734,0.32562127709388733,-0.41758018732070923
0.5597716569900513,0.3589027523994446,-0.1164875328540802
0.42445895075798035,0.36283519864082336,-0.13911649584770203
0.6280769109725952,0.4015088975429535,-0.02709721401333809
0.3609795868396759,0.40235844254493713,-0.06675192713737488
0.5816821455955505,0.4371941089630127,-0.1697138249874115
0.4104885458946228,0.4354984164237976,-0.19033677875995636
0.5650696158409119,0.44971030950546265,-0.21634547412395477
0.4236719012260437,0.4464298188686371,-0.23701301217079163
0.5570091009140015,0.44189104437828064,-0.24251259863376617
0.434922993183136,0.43968313932418823,-0.26201343536376953
0.560269296169281,0.4380708634853363,-0.18044878542423248
0.4323025643825531,0.4365115165710449,-0.2009110152721405
0.5359392166137695,0.4795357584953308,0.014030670747160912
0.4565638601779938,0.4788319170475006,-0.014209740795195103
0.5464326739311218,0.56891268491745,-0.0018829539185389876
0.441288024187088,0.5693967342376709,-0.02906954288482666
0.5554310083389282,0.6503190994262695,0.30456414818763733
0.4344967007637024,0.6499255895614624,0.25881001353263855
0.5415006279945374,0.6600084900856018,0.324040025472641
0.4422900378704071,0.6581574082374573,0.2772282660007477
0.5758994817733765,0.6846500039100647,0.11834292113780975
0.42655622959136963,0.6831573843955994,0.07953125983476639
-
0.4815663695335388,0.3142271041870117,-0.4821881055831909
0.48944053053855896,0.3076000213623047,-0.45620566606521606
0.49507004022598267,0.30744192004203796,-0.45613840222358704
0.49889928102493286,0.3073064088821411,-0.45613235235214233
0.47279587388038635,0.3088626563549042,-0.45479148626327515
0.4674466550350189,0.3094346821308136,-0.45483890175819397
0.46196073293685913,0.31017038226127625,-0.45482000708580017
0.5053171515464783,0.3115968406200409,-0.2764509320259094
0.4577602744102478,0.31541427969932556,-0.27274903655052185
0.49325674772262573,0.3229697048664093,-0.4136594533920288
0.47309109568595886,0.3245444595813751,-0.41261303424835205
0.5604962110519409,0.3600129783153534,-0.12650509178638458
0.42494893074035645,0.36177724599838257,-0.1347806304693222
0.6293277144432068,0.40165790915489197,-0.03228563442826271
0.35835006833076477,0.4026529788970947,-0.059655141085386276
0.5811272263526917,0.43761730194091797,-0.1780533492565155
0.4103572964668274,0.4359094500541687,-0.1710456907749176
0.5646440982818604,0.45052844285964966,-0.22617802023887634
0.42360082268714905,0.4470492899417877,-0.21488550305366516
0.5568579435348511,0.44292736053466797,-0.2533523440361023
0.43492236733436584,0.4402042329311371,-0.23778356611728668
0.5600079298019409,0.4390486776828766,-0.18985004723072052
0.4323083758354187,0.4366918206214905,-0.18059223890304565
0.5360879898071289,0.4818357825279236,0.012910093180835247
0.4564564526081085,0.4806717336177826,-0.01308271661400795
0.5469553470611572,0.5705217123031616,-0.011354612186551094
0.4401696026325226,0.5724741816520691,-0.04027920216321945
0.555225133895874,0.6504817008972168,0.32090234756469727
0.4344576597213745,0.6492253541946411,0.29774555563926697
0.5414608716964722,0.6580212116241455,0.3453318774700165
0.44229114055633545,0.6564280986785889,0.32380804419517517
0.575380802154541,0.684985876083374,0.14720085263252258
0.4265955984592438,0.6824396848678589,0.13572563230991364
-
0.4820677936077118,0.31775715947151184,-0.4803946614265442
0.48972028493881226,0.31080490350723267,-0.45467841625213623
0.4952368140220642,0.31065887212753296,-0.4546181261539459
0.49913328886032104,0.3106694519519806,-0.45461133122444153
0.4736248850822449,0.3120517432689667,-0.4532493054866791
0.46823593974113464,0.3126937747001648,-0.4532926678657532
0.4630303978919983,0.31335002183914185,-0.4532715976238251
0.5056817531585693,0.3152103126049042,-0.2746075391769409
0.4582505226135254,0.3185465335845947,-0.27027279138565063
0.49370211362838745,0.32652848958969116,-0.41130781173706055
0.47355690598487854,0.32775458693504333,-0.4102366864681244
0.561652421951294,0.36318907141685486,-0.12644420564174652
0.42508354783058167,0.364164799451828,-0.1275881975889206
0.6300281882286072,0.4045281410217285,-0.03830553591251373
0.35793960094451904,0.40400129556655884,-0.053077198565006256
0.5810232758522034,0.4400491714477539,-0.1822640597820282
0.4102228283882141,0.4381469786167145,-0.17406344413757324
0.564596951007843,0.45234212279319763,-0.22873181104660034
0.42358097434043884,0.44934600591659546,-0.2186775803565979
0.5567106604576111,0.44415283203125,-0.25150278210639954
0.4349651634693146,0.442648708820343,-0.24102787673473358
0.5598510503768921,0.44027072191238403,-0.19163863360881805
0.43234291672706604,0.43892794847488403,-0.1836332380771637
0.5360463261604309,0.48438888788223267,0.008120766840875149
0.4563453793525696,0.4830385148525238,-0.008263942785561085
0.5471010208129883,0.5706507563591003,-0.0170797910541296
0.4391542971134186,0.5736672282218933,-0.039725229144096375
0.5551222562789917,0.6518027186393738,0.2822284996509552
0.43418264389038086,0.6506770849227905,0.2936708331108093
0.5413822531700134,0.6602523922920227,0.3017452657222748
0.4419558644294739,0.6576418280601501,0.31778913736343384
0.5749923586845398,0.6859176158905029,0.10015349835157394
0.4250642657279968,0.6829469203948975,0.1206112653017044
-
0.482175350189209,0.32213860750198364,-0.4935173988342285
0.4898185431957245,0.3149747848510742,-0.46791785955429077
0.4953978359699249,0.31481871008872986,-0.4678552746772766
0.49941152334213257,0.3148120045661926,-0.4678494334220886
0.47384750843048096,0.31610962748527527,-0.4647464454174042
0.4686306118965149,0.3166614770889282,-0.4647899568080902
0.46345871686935425,0.3173683285713196,-0.464770644903183
0.5069674253463745,0.3192487955093384,-0.2856253683567047
0.4587729871273041,0.32269081473350525,-0.2728149890899658
0.4942287802696228,0.33064937591552734,-0.4233569800853729
0.4738101661205292,0.3318164348602295,-0.41977936029434204
0.5632609128952026,0.36689791083335876,-0.1323963701725006
0.4255901873111725,0.36879366636276245,-0.12424569576978683
0.630743145942688,0.4083637595176697,-0.04842720553278923
0.35786521434783936,0.40831294655799866,-0.05284407362341881
0.5807738900184631,0.4432348608970642,-0.20686185359954834
0.4102281928062439,0.4425104260444641,-0.17380551993846893
0.5644921064376831,0.45484358072280884,-0.2558554708957672
0.4235764741897583,0.4530380368232727,-0.2210206836462021
0.5565016865730286,0.44688209891319275,-0.27941179275512695
0.4349697232246399,0.4464775621891022,-0.24682623147964478
0.5597462058067322,0.4429815709590912,-0.21625588834285736
0.43237072229385376,0.4429786801338196,-0.18509283661842346
0.5360091924667358,0.48781952261924744,0.004133317153900862
0.45627734065055847,0.4865579605102539,-0.004300420172512531
0.5473224520683289,0.575196385383606,-0.033861495554447174
0.43902409076690674,0.5775985717773438,-0.039414647966623306
0.5554379820823669,0.6545009613037109,0.2865631580352783
0.4340500235557556,0.6535759568214417,0.3160559833049774
0.5420242547988892,0.6627453565597534,0.30770599842071533
0.44214949011802673,0.6605133414268494,0.3426659107208252
0.5746216773986816,0.6869736909866333,0.10617730021476746
0.42470231652259827,0.6859452724456787,0.15540720522403717
-
0.48216676712036133,0.3227287828922272,-0.47070521116256714
0.4899604320526123,0.3162185549736023,-0.44348183274269104
0.495543897151947,0.3163605332374573,-0.4434274137020111
0.49978646636009216,0.31663236021995544,-0.4434265196323395
0.4740540087223053,0.3170866370201111,-0.4374259412288666
0.4689732789993286,0.31775763630867004,-0.4374563992023468
0.4637303948402405,0.3185376524925232,-0.4374624788761139
0.5080998539924622,0.32144632935523987,-0.2668335735797882
0.4594736695289612,0.32347291707992554,-0.24227996170520782
0.4942339062690735,0.3321644961833954,-0.4037460386753082
0.47378650307655334,0.3333149552345276,-0.39599698781967163
0.5637527704238892,0.36933985352516174,-0.13218891620635986
0.42556771636009216,0.3708357810974121,-0.09263168275356293
0.630893886089325,0.41304200887680054,-0.05538573116064072
0.3581242859363556,0.410480797290802,-0.009288166649639606
0.580543041229248,0.446204274892807,-0.22125674784183502
0.4104127585887909,0.44718584418296814,-0.14916673302650452
0.5645021796226501,0.4553565979003906,-0.27113479375839233
0.424479603767395,0.4553689956665039,-0.19866563379764557
0.5568513870239258,0.4498542845249176,-0.2964768707752228
0.4354875385761261,0.45012742280960083,-0.22942085564136505
0.5599848628044128,0.44569745659828186,-0.23152461647987366
0.4326504170894623,0.4471829831600189,-0.1632465124130249
0.5357941389083862,0.4893925189971924,-0.004759907256811857
0.4561136066913605,0.48730406165122986,0.004571279510855675
0.5474804639816284,0.5794209837913513,-0.05651668831706047
0.43837258219718933,0.5815578699111938,-0.04175131767988205
0.5555204749107361,0.6591194272041321,0.27383220195770264
0.4327990710735321,0.6575183272361755,0.31311821937561035
0.5432307124137878,0.667449414730072,0.295685350894928
0.44198158383369446,0.6660301089286804,0.339398056268692
0.5699611902236938,0.6933332085609436,0.08750087022781372
0.4248124957084656,0.690228283405304,0.1420658379793167
-
0.4824451506137848,0.3389686346054077,-0.4394441843032837
0.49102264642715454,0.33202773332595825,-0.4119477868080139
0.4967999756336212,0.33220505714416504,-0.41192495822906494
0.5009771585464478,0.3325768709182739,-0.41192176938056946
0.4744984805583954,0.3325536847114563,-0.40984103083610535
0.46928197145462036,0.3329363465309143,-0.40987327694892883
0.4638942778110504,0.33349159359931946,-0.40984752774238586
0.5094335079193115,0.33724796772003174,-0.23226486146450043
0.4598762094974518,0.33890479803085327,-0.22217398881912231
0.4944465756416321,0.3489879369735718,-0.3708060085773468
0.4738265573978424,0.3497623801231384,-0.36802855134010315
0.563145101070404,0.3813011050224304,-0.11795816570520401
0.4255885183811188,0.38564878702163696,-0.07266810536384583
0.6291906833648682,0.42222896218299866,-0.10963062942028046
0.3591316342353821,0.42360544204711914,-0.03314173221588135
0.5803632736206055,0.4544508457183838,-0.3516525328159332
0.41044098138809204,0.45862793922424316,-0.250462144613266
0.5645731687545776,0.46454209089279175,-0.4167383015155792
0.42445123195648193,0.46887296438217163,-0.3112052381038666
0.5572684407234192,0.46042585372924805,-0.43910256028175354
0.43549197912216187,0.46278780698776245,-0.33671194314956665
0.5603179335594177,0.4567646086215973,-0.36335501074790955
0.4326983690261841,0.45982271432876587,-0.2643777132034302
0.5358318090438843,0.5009609460830688,-0.013886708766222
0.4559817314147949,0.5013718605041504,0.013705465942621231
0.5484617948532104,0.5900538563728333,-0.07382560521364212
0.4364688992500305,0.5929859280586243,-0.04124162718653679
0.5554811954498291,0.6697613596916199,0.25462472438812256
0.4323942959308624,0.6705650687217712,0.2716580927371979
0.5446686148643494,0.6788565516471863,0.27564114332199097
0.441806823015213,0.6812409162521362,0.2911411225795746
0.5655797719955444,0.7022388577461243,0.061738476157188416
0.4237375557422638,0.7027553915977478,0.09410151094198227
-
0.48286789655685425,0.3535570204257965,-0.38771679997444153
0.49147313833236694,0.3469584584236145,-0.3625686764717102
0.49723246693611145,0.3470129370689392,-0.36255162954330444
0.5015040040016174,0.3472718298435211,-0.3625358045101166
0.4751213788986206,0.34757858514785767,-0.3586787283420563
0.47001147270202637,0.3481183648109436,-0.35870984196662903
0.46472597122192383,0.34876692295074463,-0.35868242383003235
0.5100223422050476,0.35204264521598816,-0.19903649389743805
0.4612838625907898,0.35412630438804626,-0.181577667593956
0.49467480182647705,0.3628382384777069,-0.32608872652053833
0.4741774797439575,0.3633960783481598,-0.3212216794490814
0.5630924105644226,0.3955725133419037,-0.10041693598031998
0.4266037344932556,0.3991509675979614,-0.04579521343111992
0.6291893720626831,0.4347130358219147,-0.09426214545965195
0.3600812554359436,0.4348212778568268,-0.01113780215382576
0.5792980790138245,0.4689258635044098,-0.2947784662246704
0.411067932844162,0.47045621275901794,-0.21431204676628113
0.5631518959999084,0.4805695414543152,-0.3516082465648651
0.4246971011161804,0.48138099908828735,-0.2632567584514618
0.5560399293899536,0.4742719531059265,-0.3730584383010864
0.43554577231407166,0.475075900554657,-0.2904507517814636
0.5594200491905212,0.47084110975265503,-0.304999440908432
0.43276447057724,0.47180628776550293,-0.22573882341384888
0.5358279347419739,0.5149587988853455,-0.012402045540511608
0.45606571435928345,0.5156766176223755,0.012243383564054966
0.5505557060241699,0.6014508008956909,-0.06937769800424576
0.435721218585968,0.602796196937561,-0.026499979197978973
0.5544095039367676,0.6765590906143188,0.2433643341064453
0.43217605352401733,0.6774585843086243,0.24231819808483124
0.5442758798599243,0.6877144575119019,0.2610325217247009
0.440531462430954,0.6884984374046326,0.25760868191719055
0.5658013224601746,0.7054013013839722,0.05960612744092941
0.4246804118156433,0.7071799039840698,0.06747064739465714
-
0.48391270637512207,0.36840999126434326,-0.3947910666465759
0.4926244020462036,0.36124178767204285,-0.368948370218277
0.49833717942237854,0.36122700572013855,-0.36893731355667114
0.5024503469467163,0.3614419102668762,-0.36894458532333374
0.476446270942688,0.3619803786277771,-0.36621397733688354
0.47127896547317505,0.36264753341674805,-0.3662330210208893
0.46600887179374695,0.36342954635620117,-0.36619478464126587
0.5108621120452881,0.3663364052772522,-0.20243030786514282
0.46218734979629517,0.36854472756385803,-0.19043345749378204
0.4953644573688507,0.3773666024208069,-0.33172178268432617
0.4746694266796112,0.37792935967445374,-0.3285210132598877
0.5630756616592407,0.4100158214569092,-0.10366999357938766
0.4270648658275604,0.413402795791626,-0.05296504124999046
0.6282323002815247,0.4458296298980713,-0.10166338086128235
0.361482709646225,0.4476049840450287,-0.008653923869132996
0.5784289240837097,0.4825015664100647,-0.2982390820980072
0.4122210144996643,0.48300355672836304,-0.18502622842788696
0.5624921321868896,0.49412545561790466,-0.3544178307056427
0.42511555552482605,0.4945735037326813,-0.2336290180683136
0.5557214021682739,0.48707976937294006,-0.3731518089771271
0.43556055426597595,0.48881569504737854,-0.2531512379646301
0.5592436790466309,0.48359209299087524,-0.30748873949050903
0.43287450075149536,0.485079824924469,-0.19568361341953278
0.5358036160469055,0.5293352603912354,-0.012377089820802212
0.4560452401638031,0.5302931666374207,0.01223023235797882
0.5523408651351929,0.6142948269844055,-0.058287158608436584
0.43531936407089233,0.6157504320144653,-0.020484529435634613
0.5529921054840088,0.6811714768409729,0.31280288100242615
0.43223604559898376,0.6827179789543152,0.28848475217819214
0.5431990027427673,0.6897804141044617,0.3406304121017456
0.44058436155319214,0.6928055882453918,0.3105953633785248
0.5658388137817383,0.7096377611160278,0.15679948031902313
0.4242376685142517,0.7100725769996643,0.13524086773395538
-
0.48653972148895264,0.3790259063243866,-0.37685665488243103
0.49493902921676636,0.3714299201965332,-0.34650975465774536
0.5000321865081787,0.3715553879737854,-0.3465006649494171
0.5038375854492188,0.3716389536857605,-0.3465021252632141
0.4785435199737549,0.3720676302909851,-0.3459840416908264
0.4730839133262634,0.37250185012817383,-0.34601208567619324
0.46804264187812805,0.37311652302742004,-0.3459588587284088
0.5121423006057739,0.3762654662132263,-0.17593643069267273
0.4628533124923706,0.378213107585907,-0.17584006488323212
0.4972260892391205,0.38844436407089233,-0.3146458864212036
0.4770446717739105,0.38943201303482056,-0.3146960437297821
0.5631962418556213,0.4234091341495514,-0.09218328446149826
0.42680150270462036,0.42641329765319824,-0.06281806528568268
0.627161979675293,0.45998185873031616,-0.10965387523174286
0.36110496520996094,0.46193575859069824,-0.10023736953735352
0.5767295360565186,0.495938241481781,-0.31671783328056335
0.412015438079834,0.4933806359767914,-0.33694225549697876
0.5618899464607239,0.5099303722381592,-0.376809298992157
0.42506226897239685,0.5051586627960205,-0.3980388641357422
0.5536539554595947,0.5028013586997986,-0.39111047983169556
0.43562862277030945,0.49866944551467896,-0.41004854440689087
0.5569986701011658,0.49900802969932556,-0.3246060609817505
0.43298450112342834,0.495453417301178,-0.34640419483184814
0.5356266498565674,0.5416969656944275,-0.0054502906277775764
0.45499658584594727,0.5432239770889282,0.005311909597367048
0.5543189644813538,0.6225188374519348,-0.07211791723966599
0.43508628010749817,0.625708281993866,-0.04677186161279678
0.5514691472053528,0.6842297315597534,0.3332928717136383
0.43279457092285156,0.682358980178833,0.32478195428848267
0.5388578772544861,0.6924642324447632,0.3663298189640045
0.44205373525619507,0.6892632246017456,0.35603705048561096
0.5658945441246033,0.712100088596344,0.20850522816181183
0.42540881037712097,0.7116142511367798,0.20383726060390472
-
0.48756271600723267,0.38688793778419495,-0.38663312792778015
0.4958420991897583,0.3799850046634674,-0.356658935546875
0.5008467435836792,0.38012441992759705,-0.3566315472126007
0.504554033279419,0.38032135367393494,-0.356631338596344
0.47941672801971436,0.3804418742656708,-0.35634109377861023
0.4739811420440674,0.38075724244117737,-0.35637491941452026
0.4690050780773163,0.3811812102794647,-0.3563177287578583
0.5130391716957092,0.3843012750148773,-0.18782712519168854
0.46313780546188354,0.38568079471588135,-0.1876969188451767
0.498393714427948,0.39585983753204346,-0.3251493573188782
0.4782785177230835,0.3964918851852417,-0.325196236371994
0.5631074905395508,0.4309852719306946,-0.09667089581489563
0.4265865683555603,0.4357162415981293,-0.08112194389104843
0.6278977394104004,0.4690670967102051,-0.1479131132364273
0.36110877990722656,0.4699580669403076,-0.1331227570772171
0.5745219588279724,0.503993809223175,-0.3585178256034851
0.41228562593460083,0.50129234790802,-0.34181880950927734
0.5606415867805481,0.5164231657981873,-0.41807442903518677
0.4247147738933563,0.5107762217521667,-0.3993579149246216
0.5514513254165649,0.5110622644424438,-0.42378926277160645
0.435560405254364,0.5050474405288696,-0.4102010130882263
0.5543736815452576,0.5077560544013977,-0.36316099762916565
0.43303295969963074,0.5018283724784851,-0.3500075340270996
0.5348655581474304,0.5487281680107117,0.0006499193841591477
0.4542407989501953,0.5485610961914062,-0.0008174270624294877
0.5557873845100403,0.6277738213539124,-0.06575366109609604
0.4338068962097168,0.6299453377723694,-0.059738676995038986
0.5509915947914124,0.6854726076126099,0.34329351782798767
0.43318304419517517,0.6819645166397095,0.33077794313430786
0.5381567478179932,0.6929913759231567,0.3765020966529846
0.44334208965301514,0.6875017285346985,0.36358511447906494
0.5661593079566956,0.71318119764328,0.2246956080198288
0.4255414605140686,0.7120518684387207,0.21940918266773224
-
0.48788872361183167,0.390613853931427,-0.4068286418914795
0.495770126581192,0.3836711049079895,-0.37424376606941223
0.5007961988449097,0.38386398553848267,-0.3741966187953949
0.504490315914154,0.38413819670677185,-0.37425240874290466
0.47959408164024353,0.383924663066864,-0.37738096714019775
0.474257230758667,0.3841732144355774,-0.3774428963661194
0.4692586660385132,0.38471513986587524,-0.37734556198120117
0.5129228830337524,0.3890645205974579,-0.20583631098270416
0.46322983503341675,0.39008766412734985,-0.2186632603406906
0.49861830472946167,0.3989638686180115,-0.3463379442691803
0.47859540581703186,0.3991532027721405,-0.34997695684432983
0.5623064637184143,0.4355018734931946,-0.1186874508857727
0.4250907897949219,0.43879979848861694,-0.10533644258975983
0.6271457672119141,0.47382354736328125,-0.12698788940906525
0.3596716523170471,0.4706474244594574,-0.059303246438503265
0.5701733827590942,0.5093794465065002,-0.26947546005249023
0.4122821092605591,0.5058150291442871,-0.11007106304168701
0.557232677936554,0.5214356184005737,-0.3178846836090088
0.42446836829185486,0.5153335332870483,-0.1455240696668625
0.5467830896377563,0.5167567133903503,-0.3330218195915222
0.43478143215179443,0.5100824236869812,-0.16134531795978546
0.5488295555114746,0.5133655071258545,-0.27623051404953003
0.4327418804168701,0.5065736770629883,-0.11646464467048645
0.5339220762252808,0.5502505898475647,0.004399916157126427
0.45360705256462097,0.549682080745697,-0.004510214086622
0.558238685131073,0.6343622207641602,-0.058183006942272186
0.43280139565467834,0.634398341178894,-0.090357206761837
0.5505121946334839,0.684818685054779,0.3980843126773834
0.4331347942352295,0.6819581985473633,0.33472204208374023
0.5374020338058472,0.6922236084938049,0.4367014467716217
0.4432082772254944,0.6864714622497559,0.37124571204185486
0.5671946406364441,0.7122006416320801,0.2927609980106354
0.42579329013824463,0.7124996781349182,0.22755154967308044
-
0.48789799213409424,0.38956478238105774,-0.4139694571495056
0.495660662651062,0.3832743167877197,-0.3806554079055786
0.500708281993866,0.38335883617401123,-0.3806115388870239
0.5044513940811157,0.38360172510147095,-0.3806871771812439
0.479557067155838,0.3836089074611664,-0.38355112075805664
0.4742356240749359,0.3839939534664154,-0.38363438844680786
0.4691750705242157,0.3846368193626404,-0.38357073068618774
0.5122944116592407,0.3884497284889221,-0.2155306041240692
0.4632043242454529,0.3899138271808624,-0.22380371391773224
0.49855944514274597,0.3984442353248596,-0.3544701039791107
0.47850117087364197,0.39868369698524475,-0.3569107949733734
0.561357855796814,0.43587881326675415,-0.13016247749328613
0.42343059182167053,0.43906164169311523,-0.11201675981283188
0.6271589398384094,0.4734327793121338,-0.1257217675447464
0.358538955450058,0.4724891185760498,-0.06109745800495148
0.5675331950187683,0.5094789266586304,-0.27652209997177124
0.41129270195961,0.5056764483451843,-0.15417884290218353
0.5550594925880432,0.5217934846878052,-0.32284438610076904
0.4235818088054657,0.5171774625778198,-0.1962442249059677
0.5456152558326721,0.5166074633598328,-0.33617985248565674
0.43419739603996277,0.5114373564720154,-0.21110613644123077
0.5475531816482544,0.5126250386238098,-0.28291669487953186
0.43240246176719666,0.507705807685852,-0.16130051016807556
0.5333088636398315,0.5500978231430054,0.004585808143019676
0.4527825713157654,0.5503085255622864,-0.0046952567063272
0.5593156814575195,0.6350812315940857,-0.05948376655578613
0.4319121539592743,0.6365458965301514,-0.08507495373487473
0.5505680441856384,0.683937132358551,0.3936522305011749
0.4334796071052551,0.6831016540527344,0.3426584005355835
0.5374860167503357,0.6909947991371155,0.4325393736362457
0.44400545954704285,0.6875191926956177,0.37924453616142273
0.5672556757926941,0.7117360830307007,0.28831589221954346
0.4258115887641907,0.7121487855911255,0.2337096929550171
-
0.48780152201652527,0.38631463050842285,-0.44121551513671875
0.4956095814704895,0.37976977229118347,-0.4118691682815552
0.5006772875785828,0.37985295057296753,-0.41182881593704224
0.5043823719024658,0.38006705045700073,-0.41186705231666565
0.47948238253593445,0.38021403551101685,-0.41059133410453796
0.4741397798061371,0.380548894405365,-0.41066983342170715
0.46896520256996155,0.3811485469341278,-0.41063761711120605
0.5119554400444031,0.3849669098854065,-0.24337437748908997
0.46313685178756714,0.38687893748283386,-0.23884306848049164
0.49850696325302124,0.3955671191215515,-0.3788831830024719
0.47842028737068176,0.39632466435432434,-0.37765228748321533
0.5613547563552856,0.4331040382385254,-0.14436063170433044
0.4236898720264435,0.4354613423347473,-0.11983785778284073
0.6271390914916992,0.47093868255615234,-0.12753605842590332
0.3584577441215515,0.46948185563087463,-0.08280767500400543
0.5658349990844727,0.5076581835746765,-0.27698564529418945
0.4110983908176422,0.5020109415054321,-0.20199623703956604
0.5552906394004822,0.520814061164856,-0.3249107301235199
0.42221692204475403,0.5132075548171997,-0.24465376138687134
0.5459447503089905,0.5160964131355286,-0.33947762846946716
0.43336716294288635,0.5076006650924683,-0.2533235549926758
0.5472955703735352,0.512191653251648,-0.2833099067211151
0.43200814723968506,0.50395667552948,-0.20745378732681274
0.5330035090446472,0.5472965240478516,0.0043274397030472755
0.452474981546402,0.5479711294174194,-0.0044463700614869595
0.5594200491905212,0.6331446170806885,-0.04597850888967514
0.43140459060668945,0.635250985622406,-0.07528822869062424
0.5505993962287903,0.6844676733016968,0.4097941517829895
0.4334852397441864,0.6840024590492249,0.3435538709163666
0.5375635623931885,0.6916676163673401,0.44782891869544983
0.4447477459907532,0.6890820264816284,0.37874552607536316
0.5672954320907593,0.7117182016372681,0.2994799017906189
0.42567184567451477,0.7124455571174622,0.22944702208042145
-
0.48777860403060913,0.3812766671180725,-0.4336644411087036
0.4955313801765442,0.37452584505081177,-0.4052833020687103
0.5006198287010193,0.37459760904312134,-0.40527862310409546
0.5043617486953735,0.37484973669052124,-0.405344694852829
0.4794122874736786,0.374933660030365,-0.40244975686073303
0.4740714132785797,0.37526023387908936,-0.4025231599807739
0.46891215443611145,0.3758562505245209,-0.40249645709991455
0.51124107837677,0.3794236481189728,-0.23933587968349457
0.46287164092063904,0.3812463879585266,-0.22718213498592377
0.4984684884548187,0.39044150710105896,-0.37138858437538147
0.4783676266670227,0.3911390006542206,-0.36807510256767273
0.5609856247901917,0.42776983976364136,-0.13655222952365875
0.4228634834289551,0.43073660135269165,-0.10198161751031876
0.6236563920974731,0.4664086401462555,-0.1565122753381729
0.3584839701652527,0.4644376337528229,-0.053918566554784775
0.5631330013275146,0.5014395117759705,-0.3641109764575958
0.41120126843452454,0.4978920519351959,-0.18029187619686127
0.5503357648849487,0.5137026309967041,-0.42039984464645386
0.42222437262535095,0.5085615515708923,-0.2227369099855423
0.541543185710907,0.5082693696022034,-0.43234676122665405
0.43337684869766235,0.5029090642929077,-0.23504392802715302
0.5438622236251831,0.5048642158508301,-0.3704548180103302
0.43204450607299805,0.4996221661567688,-0.18660390377044678
0.532762885093689,0.5435656309127808,0.0017997915856540203
0.4515953063964844,0.5448002219200134,-0.0019048647955060005
0.559259295463562,0.6283685564994812,-0.07202715426683426
0.43101754784584045,0.6330093741416931,-0.08524005860090256
0.5506222248077393,0.6834872961044312,0.3783006966114044
0.43389374017715454,0.6833957433700562,0.3350500464439392
0.5375940203666687,0.6907577514648438,0.4136498272418976
0.4458039104938507,0.6889069676399231,0.3694864809513092
0.5669819116592407,0.7114056944847107,0.2589762210845947
0.4257093071937561,0.7123212218284607,0.2191220223903656
-
0.48667946457862854,0.3715422749519348,-0.4383324980735779
0.4939189553260803,0.36551836133003235,-0.41175347566604614
0.49903610348701477,0.365645170211792,-0.41174349188804626
0.5032185912132263,0.36589425802230835,-0.41179507970809937
0.4783032238483429,0.3657633662223816,-0.40877580642700195
0.47304415702819824,0.365878164768219,-0.40883031487464905
0.46798577904701233,0.36625149846076965,-0.40880176424980164
0.5090243816375732,0.3711617588996887,-0.24688579142093658
0.4619564414024353,0.37285661697387695,-0.23464232683181763
0.49712440371513367,0.3803868889808655,-0.3763726055622101
0.4774686098098755,0.38006308674812317,-0.3730761706829071
0.5595978498458862,0.4198048710823059,-0.14398805797100067
0.4195057451725006,0.42615240812301636,-0.10124310106039047
0.6224948763847351,0.46357059478759766,-0.13477003574371338
0.3604603707790375,0.4607069492340088,0.02278105355799198
0.5619995594024658,0.5007312893867493,-0.27101901173591614
0.41281741857528687,0.4944973886013031,-0.011143757030367851
0.5484949946403503,0.5090987086296082,-0.31708288192749023
0.42309433221817017,0.5021912455558777,-0.03992406651377678
0.5409747362136841,0.5047898292541504,-0.33842310309410095
0.43339407444000244,0.49699369072914124,-0.0620950423181057
0.5434213280677795,0.5024656057357788,-0.27965423464775085
0.43205541372299194,0.49357661604881287,-0.019258372485637665
0.5324224233627319,0.5396410226821899,0.00017523751012049615
0.4515431225299835,0.5430377721786499,-0.00025010298122651875
0.558018684387207,0.6260792016983032,-0.06239126995205879
0.4310546815395355,0.6299088001251221,-0.0624111108481884
0.5505905747413635,0.682928740978241,0.3944171965122223
0.4340486228466034,0.6856343746185303,0.3369442820549011
0.53764408826828,0.6903342008590698,0.43085649609565735
0.44610151648521423,0.6926523447036743,0.3684968650341034
0.5659016966819763,0.7111591100692749,0.26438698172569275
0.4257218539714813,0.7124694585800171,0.20800893008708954
-
0.48513051867485046,0.3550041615962982,-0.4354109764099121
0.49238723516464233,0.3481907248497009,-0.4082845449447632
0.49777311086654663,0.34822624921798706,-0.4082672894001007
0.5020453333854675,0.34856703877449036,-0.40830424427986145
0.4761076271533966,0.3485874533653259,-0.4057801067829132
0.4706149995326996,0.34898459911346436,-0.4058304727077484
0.4654448926448822,0.34955909848213196,-0.40579986572265625
0.5075094699859619,0.35359543561935425,-0.24314649403095245
0.4603513181209564,0.3564291298389435,-0.23374392092227936
0.49551108479499817,0.365327388048172,-0.3728521168231964
0.4752970039844513,0.3659522831439972,-0.3701869249343872
0.5592261552810669,0.40281957387924194,-0.13930390775203705
0.4184681475162506,0.40732160210609436,-0.10048175603151321
0.6198570132255554,0.44491949677467346,-0.07441706955432892
0.36045607924461365,0.4446091055870056,0.009449421428143978
0.5605615377426147,0.48189568519592285,-0.19919389486312866
0.4129822254180908,0.47991466522216797,-0.047025006264448166
0.5473633408546448,0.4913424551486969,-0.24351181089878082
0.4233275055885315,0.48940449953079224,-0.07962829619646072
0.540971577167511,0.4841528832912445,-0.26666808128356934
0.4334222674369812,0.4832193851470947,-0.10104294121265411
0.5435604453086853,0.4815711975097656,-0.20866841077804565
0.43206825852394104,0.4797661304473877,-0.05498267337679863
0.5324223041534424,0.524745523929596,0.00010374588600825518
0.4519313871860504,0.5274513959884644,-0.0001864465739345178
0.5529935359954834,0.6124764084815979,-0.011280274018645287
0.43338021636009216,0.614264965057373,-0.01581638492643833
0.5510305166244507,0.6828455924987793,0.3802739381790161
0.4345012605190277,0.6851365566253662,0.31790563464164734
0.5395317673683167,0.6901805996894836,0.41356930136680603
0.4462413489818573,0.691611111164093,0.33922338485717773
0.5653126835823059,0.710856556892395,0.23670755326747894
0.42596012353897095,0.7120534181594849,0.14867879450321198
-
0.48299911618232727,0.3407139480113983,-0.44823944568634033
0.49085092544555664,0.3343336880207062,-0.4250344932079315
0.496398389339447,0.3344513773918152,-0.4249963164329529
0.5008533596992493,0.3346545994281769,-0.42498135566711426
0.4738973081111908,0.3347119688987732,-0.42438486218452454
0.4682618975639343,0.3350635766983032,-0.4244252145290375
0.4631381630897522,0.33552783727645874,-0.4243992567062378
0.5067911744117737,0.33901530504226685,-0.2610650956630707
0.45840898156166077,0.3420073986053467,-0.2599989175796509
0.49397820234298706,0.3506777882575989,-0.38512665033340454
0.47316503524780273,0.3515852093696594,-0.38490158319473267
0.557794451713562,0.3873681426048279,-0.14438268542289734
0.4183172583580017,0.3915776014328003,-0.11593084037303925
0.6185592412948608,0.43027767539024353,-0.09462687373161316
0.36027586460113525,0.428788959980011,-0.008738731034100056
0.5582701563835144,0.46767163276672363,-0.2428293079137802
0.4126852750778198,0.46248263120651245,-0.07545013725757599
0.5454206466674805,0.47824129462242126,-0.28039032220840454
0.42331865429878235,0.47295618057250977,-0.10736548900604248
0.5386998653411865,0.469975084066391,-0.29991981387138367
0.4329153299331665,0.4663337767124176,-0.12841691076755524
0.5418431758880615,0.46724921464920044,-0.2504666745662689
0.43156445026397705,0.4632647931575775,-0.08277400583028793
0.5316011309623718,0.5083111524581909,-2.3970271286088973e-05
0.4521317780017853,0.5105797052383423,-8.654799603391439e-05
0.5486506223678589,0.5966507196426392,0.00011652149987639859
0.4372762441635132,0.5990110635757446,0.007675906177610159
0.552486777305603,0.6788496971130371,0.3375585675239563
0.4343392550945282,0.6812905073165894,0.3017171621322632
0.543156623840332,0.6857141256332397,0.3594227731227875
0.4452340304851532,0.6894238591194153,0.3196026384830475
0.5644530653953552,0.7097530364990234,0.1623242199420929
0.4266151487827301,0.7119702100753784,0.12467053532600403
-
0.4815130829811096,0.32810118794441223,-0.4303654134273529
0.4890918433666229,0.32155483961105347,-0.4067259430885315
0.4944579303264618,0.32149481773376465,-0.4066702127456665
0.49912402033805847,0.3216831386089325,-0.4066048562526703
0.47230178117752075,0.3221101462841034,-0.4082273244857788
0.46672388911247253,0.32256320118904114,-0.40824228525161743
0.4616042673587799,0.3231804072856903,-0.40823084115982056
0.5042933821678162,0.32661837339401245,-0.23435135185718536
0.45731091499328613,0.32948631048202515,-0.24153292179107666
0.4922550916671753,0.3380706310272217,-0.36400845646858215
0.47136497497558594,0.33930420875549316,-0.3657967746257782
0.5572666525840759,0.3784458637237549,-0.10652928799390793
0.4163167178630829,0.3801487684249878,-0.10452041774988174
0.6170381903648376,0.41916877031326294,-0.09263113886117935
0.3575934171676636,0.42074933648109436,-0.03419745713472366
0.5591038465499878,0.45268043875694275,-0.31163373589515686
0.4102126657962799,0.451875776052475,-0.1880660206079483
0.5463813543319702,0.46425938606262207,-0.3677697479724884
0.4223463833332062,0.4620360732078552,-0.23451410233974457
0.5391539931297302,0.45586055517196655,-0.38782432675361633
0.4316175580024719,0.45459890365600586,-0.25749826431274414
0.5421430468559265,0.45248517394065857,-0.3219006359577179
0.42989298701286316,0.45148831605911255,-0.19790926575660706
0.5299038290977478,0.49627751111984253,0.0021441804710775614
0.45144450664520264,0.49837526679039,-0.00239726435393095
0.5459115505218506,0.5864612460136414,-0.010750645771622658
0.43930014967918396,0.5890812277793884,-0.009667472913861275
0.5547946095466614,0.672552227973938,0.27681097388267517
0.4341786801815033,0.6727421879768372,0.27276358008384705
0.5453989505767822,0.6800462007522583,0.2957517206668854
0.4444997012615204,0.6796149015426636,0.29238614439964294
0.5653694868087769,0.707943320274353,0.08995632827281952
0.42868223786354065,0.7096914649009705,0.09978635609149933
-
0.48040488362312317,0.31909868121147156,-0.3664202392101288
0.48674625158309937,0.31280428171157837,-0.3430823087692261
0.49163004755973816,0.3127506375312805,-0.34302741289138794
0.4964021146297455,0.3127977252006531,-0.3429845869541168
0.47126898169517517,0.3141396641731262,-0.34166789054870605
0.4659777283668518,0.31483593583106995,-0.3416709005832672
0.461095929145813,0.315592497587204,-0.34165430068969727
0.5015299916267395,0.3178156316280365,-0.18486544489860535
0.4563487470149994,0.3217344582080841,-0.1792541891336441
0.49127867817878723,0.3276634216308594,-0.3062148690223694
0.4707461893558502,0.32868558168411255,-0.304665744304657
0.55641770362854,0.36932477355003357,-0.07262086123228073
0.4164072573184967,0.37032800912857056,-0.06608793884515762
0.6163029074668884,0.41159048676490784,-0.054321035742759705
0.35499459505081177,0.4109974503517151,-0.025969136506319046
0.5664422512054443,0.44188380241394043,-0.2572343945503235
0.4066312611103058,0.44239768385887146,-0.1703900396823883
0.5538734197616577,0.45427393913269043,-0.3092444837093353
0.41898754239082336,0.45263200998306274,-0.21375520527362823
0.5453699231147766,0.44627267122268677,-0.33150649070739746
0.4288270175457001,0.44572439789772034,-0.23453642427921295
0.5482788681983948,0.44176071882247925,-0.267731636762619
0.4267745614051819,0.44236499071121216,-0.17944583296775818
0.5298606157302856,0.4864808917045593,0.003234535688534379
0.4514598548412323,0.4875178337097168,-0.0035142293199896812
0.5449302196502686,0.5776752233505249,-0.018086515367031097
0.4395168423652649,0.5795865058898926,-0.020751317963004112
0.5556471943855286,0.6598036289215088,0.25047123432159424
0.43418174982070923,0.6636159420013428,0.2243066430091858
0.5451973676681519,0.6680845022201538,0.2672365605831146
0.44473978877067566,0.671183705329895,0.2389104664325714
0.5678110122680664,0.6949479579925537,0.07309938222169876
0.42868170142173767,0.7017911672592163,0.04933921992778778
-
0.4789801239967346,0.3141304850578308,-0.3393450677394867
0.48571810126304626,0.3084605634212494,-0.318813294172287
0.49065497517585754,0.30847838521003723,-0.31874459981918335
0.495685875415802,0.3085690438747406,-0.31872308254241943
0.4702160358428955,0.30913612246513367,-0.31580850481987
0.46495577692985535,0.30951863527297974,-0.31579601764678955
0.4600149691104889,0.3100871741771698,-0.31576424837112427
0.5010766983032227,0.31241676211357117,-0.17518019676208496
0.4557279348373413,0.3153306841850281,-0.16279739141464233
0.48998671770095825,0.3226619362831116,-0.2842542827129364
0.46923357248306274,0.32397550344467163,-0.2806556820869446
0.5542056560516357,0.36196982860565186,-0.06633663922548294
0.4165692627429962,0.3664777874946594,-0.05169706419110298
0.61667799949646,0.4034561216831207,0.008881492540240288
0.35275980830192566,0.4053216576576233,0.02073041908442974
0.5708822011947632,0.43714451789855957,-0.09342236071825027
0.40574708580970764,0.43886178731918335,-0.05567359924316406
0.5580202341079712,0.4473419785499573,-0.12697918713092804
0.4188213646411896,0.44703564047813416,-0.0857858657836914
0.5502095818519592,0.44119614362716675,-0.14938774704933167
0.4285798668861389,0.4407423138618469,-0.10086388140916824
0.5529072880744934,0.43710169196128845,-0.10100653767585754
0.4261646270751953,0.43771976232528687,-0.06093170493841171
0.5297189354896545,0.48078933358192444,0.003313533030450344
0.45111387968063354,0.4811979830265045,-0.003593110479414463
0.5429354906082153,0.5701969861984253,-0.017340192571282387
0.4396958649158478,0.5727518796920776,-0.024881890043616295
0.5557146668434143,0.6523219347000122,0.17936767637729645
0.4342224597930908,0.6583601236343384,0.15836673974990845
0.5449616312980652,0.6627310514450073,0.1888827383518219
0.4447394013404846,0.6663990616798401,0.16680921614170074
0.5699825286865234,0.6887151598930359,0.005455603823065758
0.4279574155807495,0.6936071515083313,-0.013026288710534573
-
0.4779392182826996,0.31149041652679443,-0.3865075707435608
0.48498737812042236,0.3055410385131836,-0.3640773892402649
0.4898882508277893,0.30554959177970886,-0.3640297055244446
0.4950788617134094,0.3056185841560364,-0.36405229568481445
0.46910011768341064,0.30634212493896484,-0.36050528287887573
0.4637027382850647,0.3068518340587616,-0.36049512028694153
0.45885658264160156,0.3073885440826416,-0.3604786694049835
0.5004106163978577,0.3089950382709503,-0.20691363513469696
0.4546942412853241,0.3127409517765045,-0.19183163344860077
0.48923471570014954,0.3203340172767639,-0.32611095905303955
0.4687069356441498,0.3217502534389496,-0.3213367760181427
0.5521078705787659,0.35824164748191833,-0.07632676512002945
0.4167056083679199,0.36364227533340454,-0.06531539559364319
0.6169732809066772,0.3998352587223053,-0.02246168628334999
0.35010990500450134,0.40333977341651917,0.003101699985563755
0.5734065771102905,0.43299227952957153,-0.15876805782318115
0.40436360239982605,0.4363924562931061,-0.09352799504995346
0.5588319301605225,0.4462011456489563,-0.202841654419899
0.4183695614337921,0.44678837060928345,-0.13053807616233826
0.5510777831077576,0.4392358660697937,-0.22850868105888367
0.4283464252948761,0.43954771757125854,-0.1482870876789093
0.5544695258140564,0.4350650906562805,-0.16909386217594147
0.4254026710987091,0.43657365441322327,-0.10076455771923065
0.5294255614280701,0.479350745677948,0.004685765132308006
0.4495700001716614,0.4794255793094635,-0.004920171108096838
0.5433650016784668,0.5692330002784729,-0.014575364999473095
0.43948060274124146,0.5714219808578491,-0.022762348875403404
0.5552036762237549,0.6482170820236206,0.23336033523082733
0.4344596862792969,0.6527292132377625,0.21551662683486938
0.5434879064559937,0.6591008901596069,0.2591478228569031
0.44482117891311646,0.6608782410621643,0.23664754629135132
0.5714740753173828,0.6825051307678223,0.08716575801372528
0.42669397592544556,0.686078667640686,0.06153199449181557
-
0.47600966691970825,0.30917826294898987,-0.447555810213089
0.4833134412765503,0.30301299691200256,-0.42167219519615173
0.48827600479125977,0.30299848318099976,-0.4216229021549225
0.4935629069805145,0.30296438932418823,-0.42162764072418213
0.46721285581588745,0.303439199924469,-0.4190283417701721
0.46169695258140564,0.30381643772125244,-0.4190387725830078
0.4574054181575775,0.30441927909851074,-0.4190082550048828
0.4994988739490509,0.30770182609558105,-0.24990859627723694
0.45375850796699524,0.310818612575531,-0.2394559383392334
0.4875938892364502,0.3179347515106201,-0.38256266713142395
0.4671267569065094,0.31881392002105713,-0.3795432150363922
0.5514833927154541,0.35650187730789185,-0.11311227828264236
0.416213721036911,0.36142125725746155,-0.1032649576663971
0.6164036393165588,0.3977535367012024,-0.040612511336803436
0.3476836681365967,0.4025965631008148,-0.03248070925474167
0.5727704167366028,0.43322324752807617,-0.18416379392147064
0.40311604738235474,0.43482938408851624,-0.1432693749666214
0.55799800157547,0.4470490515232086,-0.23050132393836975
0.4174998104572296,0.44581443071365356,-0.1876979023218155
0.5491018891334534,0.4400777220726013,-0.2561149299144745
0.4271039366722107,0.43835464119911194,-0.20727309584617615
0.5531904101371765,0.4355928301811218,-0.19478267431259155
0.4239542782306671,0.4351460337638855,-0.15211719274520874
0.5281638503074646,0.478140264749527,0.004599972628057003
0.4474102556705475,0.4779912829399109,-0.004824059084057808
0.5435260534286499,0.5674805045127869,-0.0037917825393378735
0.4389260709285736,0.5695358514785767,-0.02513374760746956
0.5551670789718628,0.6453891396522522,0.3217199444770813
0.4344650208950043,0.6499518156051636,0.25396761298179626
0.543053925037384,0.6554102897644043,0.3460676968097687
0.44481736421585083,0.6579475998878479,0.2753252387046814
0.5719633102416992,0.6799072623252869,0.15196093916893005
0.4258299469947815,0.6829502582550049,0.06605827808380127
-
0.47410663962364197,0.30912742018699646,-0.4612980782985687
0.4816887378692627,0.30348819494247437,-0.43326351046562195
0.48666179180145264,0.3034694492816925,-0.4332107901573181
0.4919273853302002,0.3036176860332489,-0.4332033693790436
0.46576663851737976,0.30427828431129456,-0.43208038806915283
0.46014276146888733,0.30478736758232117,-0.43210598826408386
0.4561721682548523,0.3052440285682678,-0.43207088112831116
0.498546302318573,0.3084460496902466,-0.2536778450012207
0.4524005055427551,0.3115004301071167,-0.24977020919322968
0.4855961799621582,0.31804218888282776,-0.39361733198165894
0.46519649028778076,0.318553626537323,-0.3926840126514435
0.5497653484344482,0.3571523427963257,-0.1158064752817154
0.41473278403282166,0.36064812541007996,-0.1117549017071724
0.6143496036529541,0.3978930115699768,-0.03797332942485809
0.34628111124038696,0.40323606133461,-0.044430848211050034
0.5725853443145752,0.4329373240470886,-0.1866919845342636
0.39993876218795776,0.43587160110473633,-0.1730833649635315
0.5578222274780273,0.4461134076118469,-0.23453164100646973
0.4139973223209381,0.4467443823814392,-0.2210250049829483
0.5490290522575378,0.4389079213142395,-0.26154589653015137
0.42421844601631165,0.43973809480667114,-0.24408525228500366
0.5530033111572266,0.43467798829078674,-0.1982530653476715
0.4211719036102295,0.4362141191959381,-0.18370367586612701
0.5269826650619507,0.4777866303920746,0.004556936211884022
0.4463157653808594,0.4773707389831543,-0.0047792112454771996
0.5431050658226013,0.5669482946395874,-0.008891824632883072
0.4382466971874237,0.5696229338645935,-0.03396962583065033
0.5546917915344238,0.6464046835899353,0.3178027272224426
0.4344732165336609,0.6491420269012451,0.2764706611633301
0.5425714254379272,0.6549481153488159,0.3421061336994171
0.44458186626434326,0.656106173992157,0.29990142583847046
0.5719605088233948,0.6821550726890564,0.14010386168956757
0.4250744581222534,0.6829804182052612,0.09299983084201813
-
0.4727979898452759,0.31265392899513245,-0.4503571689128876
0.47993311285972595,0.3067641258239746,-0.4252769351005554
0.48503634333610535,0.30672696232795715,-0.4252437651157379
0.4903050363063812,0.30686143040657043,-0.4252585470676422
0.4645877480506897,0.307616651058197,-0.42279815673828125
0.4595848619937897,0.30808913707733154,-0.4228256940841675
0.4555959105491638,0.3086206316947937,-0.42278191447257996
0.4977055788040161,0.3116377592086792,-0.24416637420654297
0.4520363211631775,0.3143438696861267,-0.24480190873146057
0.4843791425228119,0.32106831669807434,-0.38925594091415405
0.4641798734664917,0.3216184973716736,-0.3862067461013794
0.5491945147514343,0.36080998182296753,-0.1018909364938736
0.41313299536705017,0.3642522990703583,-0.09824390709400177
0.6115343570709229,0.4025627076625824,-0.023030927404761314
0.3459356427192688,0.4049595892429352,-0.029602356255054474
0.5695253610610962,0.4375231862068176,-0.17287248373031616
0.3968977928161621,0.4384957253932953,-0.1609962284564972
0.5574426651000977,0.44948968291282654,-0.22065052390098572
0.4108220934867859,0.44922909140586853,-0.20558670163154602
0.5482120513916016,0.4430176317691803,-0.2471078634262085
0.4209880828857422,0.4422512650489807,-0.2282554656267166
0.5515785813331604,0.43895596265792847,-0.18397139012813568
0.41775861382484436,0.4387189745903015,-0.17056140303611755
0.5260380506515503,0.48063912987709045,0.0042695640586316586
0.44572246074676514,0.47982221841812134,-0.0044950032606720924
0.5433806777000427,0.5701661109924316,-0.0211287010461092
0.4381546974182129,0.5730641484260559,-0.03222489356994629
0.5546685457229614,0.6499797105789185,0.2462122142314911
0.4342692494392395,0.6529049277305603,0.23401711881160736
0.5425459742546082,0.658265233039856,0.261913537979126
0.44420650601387024,0.659853994846344,0.24893143773078918
0.5716980695724487,0.6852136254310608,0.05151630565524101
0.4250949025154114,0.6866196393966675,0.04486355930566788
-
0.47295162081718445,0.31703829765319824,-0.44310620427131653
0.4799133837223053,0.31095701456069946,-0.417383074760437
0.4850402772426605,0.31094181537628174,-0.4173373878002167
0.4903225302696228,0.3110874593257904,-0.4173339307308197
0.46461036801338196,0.3117590844631195,-0.4156826436519623
0.4596656858921051,0.3122274875640869,-0.415706604719162
0.45558661222457886,0.31276842951774597,-0.41567179560661316
0.49776726961135864,0.31581518054008484,-0.24111154675483704
0.4512901306152344,0.318501740694046,-0.23883919417858124
0.48454999923706055,0.3256356716156006,-0.379415899515152
0.4641346037387848,0.32627740502357483,-0.3773912787437439
0.5493097901344299,0.3648437261581421,-0.10282343626022339
0.41015735268592834,0.36844414472579956,-0.09226404130458832
0.6102003455162048,0.4060949385166168,-0.02849123813211918
0.3452242910861969,0.4080599844455719,-0.011756421066820621
0.5679910778999329,0.4401676654815674,-0.1798148900270462
0.3963586091995239,0.4417322278022766,-0.1480918526649475
0.5571380853652954,0.4513610005378723,-0.22692736983299255
0.410153865814209,0.45218634605407715,-0.19443070888519287
0.548191249370575,0.44447121024131775,-0.25277259945869446
0.41964995861053467,0.4455172121524811,-0.22685407102108002
0.551530122756958,0.44045600295066833,-0.19053544104099274
0.41645023226737976,0.442056268453598,-0.1609044075012207
0.5253244042396545,0.4845309257507324,-0.002125693717971444
0.4456135630607605,0.48421216011047363,0.0019313252996653318
0.5433529615402222,0.5735787749290466,-0.032271645963191986
0.43761777877807617,0.5763605833053589,-0.027586057782173157
0.5552037954330444,0.6524457335472107,0.22153712809085846
0.43261295557022095,0.6540200114250183,0.2205803394317627
0.5433130264282227,0.6609086990356445,0.23524881899356842
0.4439857006072998,0.6636290550231934,0.2334594577550888
0.5691314339637756,0.6884347200393677,0.02314162440598011
0.42287614941596985,0.6896002292633057,0.03446813300251961
-
0.47163739800453186,0.3251461982727051,-0.45872727036476135
0.4797482490539551,0.3186243176460266,-0.43193548917770386
0.4849245250225067,0.31858816742897034,-0.4318873882293701
0.49017074704170227,0.31871020793914795,-0.43186843395233154
0.46373429894447327,0.31923604011535645,-0.4309227466583252
0.4583773612976074,0.3195897936820984,-0.4309631288051605
0.45450955629348755,0.3201769292354584,-0.4309338331222534
0.4977094531059265,0.32252246141433716,-0.24972447752952576
0.4501504600048065,0.3243306279182434,-0.2458951771259308
0.4829193949699402,0.33356741070747375,-0.3898090720176697
0.46168598532676697,0.3347102999687195,-0.3886965811252594
0.5483957529067993,0.36986276507377625,-0.11822687089443207
0.41010645031929016,0.37327343225479126,-0.09346834570169449
0.6089913845062256,0.40854039788246155,-0.11905798316001892
0.3442035913467407,0.4117580056190491,-0.04222441837191582
0.566139817237854,0.4419580101966858,-0.3645789325237274
0.39645916223526,0.44787412881851196,-0.22299955785274506
0.5563843250274658,0.4525907635688782,-0.428536593914032
0.4102977216243744,0.4563623070716858,-0.27817222476005554
0.5481626391410828,0.44820886850357056,-0.45236650109291077
0.419539213180542,0.4515615999698639,-0.3055451512336731
0.5514726638793945,0.442972332239151,-0.3769502341747284
0.41647136211395264,0.44868817925453186,-0.23594173789024353
0.5247063040733337,0.4896605908870697,-0.008677695877850056
0.44513633847236633,0.49149513244628906,0.00848364271223545
0.5431363582611084,0.5799960494041443,-0.042236920446157455
0.43575596809387207,0.5850875973701477,-0.023062827065587044
0.5555222034454346,0.6637667417526245,0.23796328902244568
0.4291887581348419,0.6679766774177551,0.23261016607284546
0.5451259016990662,0.6721923351287842,0.2539385259151459
0.4389469027519226,0.6786227226257324,0.24716487526893616
0.56840980052948,0.6991348266601562,0.03450531139969826
0.4226706922054291,0.703144371509552,0.04300974681973457
-
0.47144535183906555,0.33845365047454834,-0.45250630378723145
0.47945350408554077,0.33150357007980347,-0.42511942982673645
0.48460787534713745,0.33136945962905884,-0.4250798523426056
0.48980653285980225,0.33138328790664673,-0.42506641149520874
0.46325576305389404,0.33269745111465454,-0.423896461725235
0.45766088366508484,0.33332470059394836,-0.42394253611564636
0.4538971781730652,0.3339269757270813,-0.4239174425601959
0.49722808599472046,0.3362443745136261,-0.24632085859775543
0.4489842653274536,0.33981502056121826,-0.24204248189926147
0.48282405734062195,0.3482624590396881,-0.38493525981903076
0.46179160475730896,0.3494921028614044,-0.38344475626945496
0.5479221940040588,0.38370805978775024,-0.1311093419790268
0.40926873683929443,0.38930097222328186,-0.09350216388702393
0.6093196868896484,0.42123943567276,-0.17205515503883362
0.34342682361602783,0.42533618211746216,-0.09190702438354492
0.5661939382553101,0.4551202654838562,-0.42548662424087524
0.3964642286300659,0.45919156074523926,-0.31363120675086975
0.5563451051712036,0.46657276153564453,-0.49190202355384827
0.410295307636261,0.4707164168357849,-0.3764781951904297
0.5490231513977051,0.46206793189048767,-0.5127338171005249
0.4194399118423462,0.46455150842666626,-0.3974091708660126
0.5519355535507202,0.4576929211616516,-0.4376865327358246
0.41670817136764526,0.461271196603775,-0.3260437846183777
0.5238932967185974,0.5032268762588501,-0.015827465802431107
0.4441659152507782,0.5048141479492188,0.015642007812857628
0.5433432459831238,0.5922784209251404,-0.04593914374709129
0.4337022602558136,0.5966314077377319,-0.01757640764117241
0.5555203557014465,0.6711553335189819,0.24573221802711487
0.4279499053955078,0.6792835593223572,0.23290042579174042
0.5481706261634827,0.6792174577713013,0.26274773478507996
0.43752047419548035,0.6912204027175903,0.252610981464386
0.5630365014076233,0.7050365209579468,0.06237756833434105
0.42045271396636963,0.7102090120315552,0.05652235448360443
-
0.4708308279514313,0.3529419004917145,-0.44938626885414124
0.47817662358283997,0.3459797501564026,-0.4198865592479706
0.4832177758216858,0.34596163034439087,-0.41989409923553467
0.48816490173339844,0.3460560441017151,-0.41991204023361206
0.4625183939933777,0.3468831181526184,-0.418437123298645
0.4571470022201538,0.34741848707199097,-0.4185132384300232
0.4535244405269623,0.34799593687057495,-0.41850408911705017
0.4952899217605591,0.3509121537208557,-0.23807087540626526
0.44845137000083923,0.3538999557495117,-0.23200908303260803
0.4816643297672272,0.3621453642845154,-0.38099217414855957
0.46134108304977417,0.3628377318382263,-0.3791905641555786
0.5468627214431763,0.39721694588661194,-0.1273864358663559
0.4074065387248993,0.4033142924308777,-0.09371092170476913
0.6086829900741577,0.4338037073612213,-0.16737015545368195
0.3435155153274536,0.44122371077537537,-0.11860952526330948
0.5658359527587891,0.4660451412200928,-0.41889360547065735
0.39730021357536316,0.47409024834632874,-0.35161125659942627
0.5562106370925903,0.4767032265663147,-0.48652297258377075
0.410480797290802,0.48520931601524353,-0.41668379306793213
0.5490722060203552,0.4726749062538147,-0.5054661631584167
0.4197753369808197,0.47951740026474,-0.43367546796798706
0.5519051551818848,0.46906083822250366,-0.4310401380062103
0.41696587204933167,0.4759884774684906,-0.3628450632095337
0.5237095952033997,0.5183283090591431,-0.01358829066157341
0.44329833984375,0.5194687247276306,0.013391855172812939
0.5443792939186096,0.6033616065979004,-0.03213715925812721
0.4319244921207428,0.605413556098938,-0.026681436225771904
0.5515480041503906,0.6776949763298035,0.29488328099250793
0.42777153849601746,0.6839324831962585,0.23717819154262543
0.5439038872718811,0.6884108185768127,0.3165288269519806
0.43704676628112793,0.6955496072769165,0.25512582063674927
0.5630645155906677,0.7088795900344849,0.11395122855901718
0.4206274747848511,0.7132470607757568,0.05673106014728546
-
0.47101566195487976,0.3682915270328522,-0.39773130416870117
0.4783916175365448,0.3614184856414795,-0.3675888180732727
0.48343315720558167,0.3615087568759918,-0.36758753657341003
0.4883771538734436,0.36161550879478455,-0.3675992786884308
0.4626578390598297,0.36203867197036743,-0.36740896105766296
0.4573015868663788,0.36242157220840454,-0.36745545268058777
0.4536364674568176,0.36286628246307373,-0.36742347478866577
0.4950440227985382,0.36616939306259155,-0.19437816739082336
0.44858965277671814,0.36818620562553406,-0.19445855915546417
0.48178574442863464,0.3775065541267395,-0.33377888798713684
0.4615398347377777,0.37773600220680237,-0.3340994417667389
0.5451483130455017,0.41214171051979065,-0.11465246230363846
0.4060662090778351,0.4183219373226166,-0.07950557768344879
0.6077038049697876,0.4488829970359802,-0.1624096930027008
0.34331750869750977,0.45668870210647583,-0.13625964522361755
0.5488437414169312,0.4850536286830902,-0.3930470645427704
0.39776211977005005,0.4888024926185608,-0.3931170701980591
0.5356897711753845,0.4960706830024719,-0.4585336148738861
0.41075998544692993,0.5002154111862183,-0.46053919196128845
0.528439462184906,0.48902803659439087,-0.4688211679458618
0.4199146628379822,0.49457865953445435,-0.47146955132484436
0.5326575636863708,0.4860265254974365,-0.4002473056316376
0.4175565838813782,0.49090734124183655,-0.40266767144203186
0.5230658054351807,0.5331538319587708,-0.012232497334480286
0.44266170263290405,0.535040020942688,0.012038763612508774
0.5461903810501099,0.6150326728820801,-0.06656483560800552
0.42962533235549927,0.6182047128677368,-0.04871295392513275
0.5457966327667236,0.6826091408729553,0.2980268597602844
0.4278540313243866,0.6866683959960938,0.2557344436645508
0.5366234183311462,0.6925432682037354,0.32471850514411926
0.43721479177474976,0.6965875625610352,0.27952197194099426
0.562717080116272,0.7106180787086487,0.14086604118347168
0.41998955607414246,0.7137725353240967,0.10489516705274582
-
0.47115638852119446,0.3792162835597992,-0.38368555903434753
0.47851866483688354,0.3727267384529114,-0.3519768714904785
0.4835794270038605,0.3726498484611511,-0.3519670367240906
0.4885287284851074,0.3727436065673828,-0.3519749939441681
0.46281349658966064,0.3728695213794708,-0.35368087887763977
0.4574541747570038,0.37295836210250854,-0.35372042655944824
0.4536638855934143,0.3733130097389221,-0.3536785840988159
0.4950083792209625,0.377063512802124,-0.1820479780435562
0.4485341012477875,0.3789489269256592,-0.19142042100429535
0.48186904191970825,0.3887118995189667,-0.3224608600139618
0.4616932272911072,0.3890935480594635,-0.3253539502620697
0.5449309349060059,0.42488640546798706,-0.10545356571674347
0.4045849144458771,0.4317852854728699,-0.08547063916921616
0.6079522967338562,0.46104663610458374,-0.14154627919197083
0.3433280289173126,0.4697198271751404,-0.15881799161434174
0.5473471879959106,0.4988057613372803,-0.35470694303512573
0.3979484438896179,0.49904265999794006,-0.40636080503463745
0.5297313928604126,0.5128548741340637,-0.4165442883968353
0.4109598398208618,0.5107361674308777,-0.47184309363365173
0.518737256526947,0.5055740475654602,-0.43057578802108765
0.4204333424568176,0.5045657157897949,-0.4803764820098877
0.5246918201446533,0.5020509958267212,-0.36291396617889404
0.4184935390949249,0.5012887716293335,-0.4147583544254303
0.5227493047714233,0.5432616472244263,0.001739945844747126
0.4418766498565674,0.5452036261558533,-0.0018727477872744203
0.5495935082435608,0.6223306655883789,-0.059840526431798935
0.4273304045200348,0.6251809000968933,-0.04681265726685524
0.5453110337257385,0.6842930316925049,0.3326844871044159
0.42793557047843933,0.6860475540161133,0.31249383091926575
0.5334177017211914,0.6935499310493469,0.36400431394577026
0.4374076724052429,0.6932250261306763,0.3398771584033966
0.564872682094574,0.7116444706916809,0.20205599069595337
0.4200994372367859,0.7146487236022949,0.1744924932718277
-
0.47126099467277527,0.38625794649124146,-0.39257362484931946
0.4786332845687866,0.3800921142101288,-0.36319029331207275
0.4836426079273224,0.38012078404426575,-0.3631688356399536
0.48860934376716614,0.3801726698875427,-0.3631725609302521
0.46292394399642944,0.38053199648857117,-0.3642575144767761
0.4575662910938263,0.38086527585983276,-0.3642943203449249
0.4535943865776062,0.3813970685005188,-0.36425086855888367
0.4950900077819824,0.38338616490364075,-0.19557316601276398
0.44838714599609375,0.38572806119918823,-0.19858339428901672
0.4819613993167877,0.39461949467658997,-0.3317528963088989
0.46179792284965515,0.3952406942844391,-0.3336881101131439
0.5451131463050842,0.43107619881629944,-0.1088365837931633
0.4050132632255554,0.437429815530777,-0.09971039742231369
0.6083294153213501,0.47037991881370544,-0.1332075446844101
0.34314674139022827,0.4730730950832367,-0.13005955517292023
0.5494095683097839,0.5054910182952881,-0.32608968019485474
0.39743572473526,0.5045651197433472,-0.2595475912094116
0.5323331356048584,0.5169683694839478,-0.3801192045211792
0.4103480577468872,0.5160595178604126,-0.30431103706359863
0.5232796669006348,0.5120739936828613,-0.38767102360725403
0.4204939603805542,0.5100196003913879,-0.3169277608394623
0.5284956693649292,0.5085287690162659,-0.3306015133857727
0.41834694147109985,0.5061289072036743,-0.26642051339149475
0.5227029323577881,0.5480355024337769,0.006482561584562063
0.441914826631546,0.549201488494873,-0.006596739869564772
0.5511119961738586,0.6270995140075684,-0.05161342769861221
0.42675095796585083,0.6291384100914001,-0.04397241398692131
0.5458140969276428,0.6870049238204956,0.32793518900871277
0.42740151286125183,0.686562180519104,0.32200339436531067
0.5339980721473694,0.6965304613113403,0.3566959798336029
0.4364803433418274,0.6927420496940613,0.34987565875053406
0.5668339729309082,0.7119702696800232,0.20216558873653412
0.41960713267326355,0.7135655283927917,0.19614547491073608
-
0.47199681401252747,0.38648420572280884,-0.4346078336238861
0.47926583886146545,0.37969550490379333,-0.4067952334880829
0.4842374920845032,0.37971851229667664,-0.4067540168762207
0.48882365226745605,0.3798544108867645,-0.4067579507827759
0.4633401334285736,0.3804382085800171,-0.4093080759048462
0.45772892236709595,0.38116753101348877,-0.40937161445617676
0.4536357820034027,0.38177689909935,-0.409312903881073
0.49516817927360535,0.38450121879577637,-0.2406284064054489
0.4483662545681,0.3867191970348358,-0.25470539927482605
0.48264995217323303,0.3952283263206482,-0.3734779357910156
0.46221691370010376,0.39581528306007385,-0.37769168615341187
0.5452380180358887,0.4326765537261963,-0.1410084068775177
0.4048815965652466,0.4377230107784271,-0.13049618899822235
0.6094817519187927,0.47064024209976196,-0.13132056593894958
0.34322425723075867,0.4723277986049652,-0.040745608508586884
0.5506801009178162,0.5052100419998169,-0.30782946944236755
0.39758071303367615,0.5062006115913391,-0.0593063086271286
0.5346580743789673,0.517630398273468,-0.35772213339805603
0.41034290194511414,0.5179877877235413,-0.08637605607509613
0.5261574387550354,0.5116060972213745,-0.37176525592803955
0.42061060667037964,0.5116812586784363,-0.10287729650735855
0.5307952165603638,0.507398247718811,-0.314398854970932
0.4184272289276123,0.507393479347229,-0.06382561475038528
0.5225431323051453,0.5474840998649597,0.0069557479582726955
0.4419754445552826,0.5482457876205444,-0.007039559073746204
0.5527350306510925,0.6298092603683472,-0.022567547857761383
0.42602208256721497,0.6319930553436279,-0.04775118827819824
0.5459264516830444,0.687616229057312,0.36898693442344666
0.42726677656173706,0.6867529153823853,0.31616532802581787
0.5330554246902466,0.6967416405677795,0.40036433935165405
0.436007022857666,0.6928868889808655,0.34476807713508606
0.5686687231063843,0.7124220132827759,0.25095024704933167
0.41936585307121277,0.7135940194129944,0.1885012686252594
-
0.47201621532440186,0.37936073541641235,-0.4428664445877075
0.4793003797531128,0.3734462261199951,-0.4162900149822235
0.48434269428253174,0.3735376000404358,-0.41626226902008057
0.4889107644557953,0.37370118498802185,-0.4162871837615967
0.4634087085723877,0.3738648295402527,-0.41630783677101135
0.45777037739753723,0.3743569254875183,-0.41638293862342834
0.45364731550216675,0.3749476671218872,-0.4163646399974823
0.49522238969802856,0.37796348333358765,-0.25143545866012573
0.4483860731124878,0.38019174337387085,-0.2533561587333679
0.4826904833316803,0.38877859711647034,-0.38127315044403076
0.4624648988246918,0.3893282413482666,-0.38201600313186646
0.5453700423240662,0.4265560209751129,-0.14276164770126343
0.4051585793495178,0.432173490524292,-0.13394775986671448
0.6095426082611084,0.4651840627193451,-0.1213735044002533
0.3432866930961609,0.46859797835350037,-0.052247803658246994
0.5491078495979309,0.5019018054008484,-0.26286834478378296
0.39924779534339905,0.5007376074790955,-0.15858237445354462
0.5326899290084839,0.5134515762329102,-0.30866605043411255
0.4107780456542969,0.5121356248855591,-0.19882196187973022
0.5246528387069702,0.5078865885734558,-0.3258909285068512
0.42160946130752563,0.5058645009994507,-0.213498055934906
0.529097318649292,0.5048434734344482,-0.2705223858356476
0.42013341188430786,0.5020799040794373,-0.16490603983402252
0.5225579738616943,0.5422075390815735,0.007830430753529072
0.44203004240989685,0.5443844795227051,-0.007933305576443672
0.5540565848350525,0.6257898807525635,-0.0237710103392601
0.4260639250278473,0.6308190822601318,-0.0466611348092556
0.5461021065711975,0.686994731426239,0.3844467103481293
0.4271315634250641,0.6868576407432556,0.32959669828414917
0.5333853363990784,0.695144772529602,0.41790449619293213
0.4354478716850281,0.6933228373527527,0.3600972592830658
0.5686487555503845,0.7117494344711304,0.26528695225715637
0.4189116060733795,0.7137318253517151,0.20056332647800446
-
0.4732475280761719,0.37378743290901184,-0.4479197561740875
0.47951453924179077,0.367995947599411,-0.4215987026691437
0.4844338595867157,0.3681047558784485,-0.4215881824493408
0.48898670077323914,0.36816510558128357,-0.42161762714385986
0.4639994204044342,0.36828094720840454,-0.4216698408126831
0.4583127796649933,0.36868879199028015,-0.42172926664352417
0.4539097249507904,0.3691670894622803,-0.42171406745910645
0.4952012896537781,0.3721953332424164,-0.2518555819988251
0.44829249382019043,0.37436312437057495,-0.2532818019390106
0.48366183042526245,0.383566290140152,-0.3838263750076294
0.4644215404987335,0.3842760920524597,-0.3844282925128937
0.545703649520874,0.4203558564186096,-0.1399926245212555
0.4053327441215515,0.4256001114845276,-0.12553060054779053
0.6093833446502686,0.4587427079677582,-0.12146909534931183
0.3465765714645386,0.462984561920166,-0.03246338665485382
0.5519334077835083,0.49475938081741333,-0.28422513604164124
0.40240129828453064,0.4947494864463806,-0.10277630388736725
0.5341238379478455,0.5064004063606262,-0.32628339529037476
0.41380658745765686,0.5067989826202393,-0.13926826417446136
0.526623010635376,0.5006479024887085,-0.35889294743537903
0.4246380627155304,0.5002046823501587,-0.15923652052879333
0.5304960608482361,0.4972553253173828,-0.2973303198814392
0.42313164472579956,0.49624449014663696,-0.11062438786029816
0.5229818820953369,0.5370684862136841,0.007718420121818781
0.4428237974643707,0.5387133955955505,-0.007741614244878292
0.5537659525871277,0.620837390422821,-0.02601335570216179
0.4262424111366272,0.624944806098938,-0.04707998037338257
0.5460723042488098,0.6857230067253113,0.3757742941379547
0.42716771364212036,0.6866127252578735,0.31919118762016296
0.5335640907287598,0.6939607858657837,0.40757420659065247
0.43579524755477905,0.6938367486000061,0.34675177931785583
0.5668839812278748,0.7110164165496826,0.23694761097431183
0.4188093841075897,0.7133723497390747,0.17359094321727753
-
0.47207337617874146,0.3574828803539276,-0.44178342819213867
0.4782576262950897,0.35190850496292114,-0.41485655307769775
0.4834114909172058,0.3519147038459778,-0.4148370921611786
0.48810887336730957,0.3518178164958954,-0.4148554801940918
0.46274977922439575,0.352928102016449,-0.4150313436985016
0.4573824107646942,0.3534995913505554,-0.41508129239082336
0.45272302627563477,0.3541260063648224,-0.4150572419166565
0.49436649680137634,0.35605180263519287,-0.24584738910198212
0.44778692722320557,0.36057522892951965,-0.2483445256948471
0.4828098714351654,0.36705657839775085,-0.3780919909477234
0.46338313817977905,0.3683042526245117,-0.37866538763046265
0.5466365218162537,0.4062347412109375,-0.12999199330806732
0.4054822623729706,0.40902233123779297,-0.1234813705086708
0.60889732837677,0.45168811082839966,-0.03716149181127548
0.34642499685287476,0.44699597358703613,-0.007718604989349842
0.5505629777908325,0.4832932949066162,-0.12851031124591827
0.4047502279281616,0.4819749891757965,-0.048898205161094666
0.5344946384429932,0.49313631653785706,-0.16530434787273407
0.41720762848854065,0.49211376905441284,-0.07984770834445953
0.5273118615150452,0.4870768189430237,-0.18532827496528625
0.4268335700035095,0.48539024591445923,-0.09852279722690582
0.5311249494552612,0.48423194885253906,-0.1363966166973114
0.4249371886253357,0.4817228317260742,-0.05541042611002922
0.5244370698928833,0.5250179171562195,0.006946863606572151
0.4453343152999878,0.5269434452056885,-0.007003929931670427
0.5504709482192993,0.6123960614204407,-0.01588832400739193
0.4297051727771759,0.611968457698822,-0.055541180074214935
0.5461201071739197,0.6846758723258972,0.36088502407073975
0.42705705761909485,0.6865137815475464,0.2724663019180298
0.533862829208374,0.6928876638412476,0.38898801803588867
0.43480753898620605,0.6930965781211853,0.2951027750968933
0.5653373599052429,0.7105860710144043,0.2234102487564087
0.42126092314720154,0.7129735350608826,0.0921424999833107
-
0.4720260202884674,0.3430243134498596,-0.4516329765319824
0.47833311557769775,0.33661940693855286,-0.4263187348842621
0.4834950268268585,0.3366803526878357,-0.4262833893299103
0.48807135224342346,0.33677738904953003,-0.4262695014476776
0.46265098452568054,0.3374846577644348,-0.42577219009399414
0.45727336406707764,0.33801865577697754,-0.42581862211227417
0.4523394703865051,0.3388158679008484,-0.4258074462413788
0.49441516399383545,0.3411515951156616,-0.25422292947769165
0.44756659865379333,0.34603655338287354,-0.25262829661369324
0.48284271359443665,0.35244613885879517,-0.38591617345809937
0.46327129006385803,0.35463857650756836,-0.38554975390434265
0.5466689467430115,0.3885464668273926,-0.1293659508228302
0.4084014892578125,0.39306768774986267,-0.12019297480583191
0.6085891127586365,0.4299596846103668,-0.06381979584693909
0.3460824191570282,0.4300141930580139,-0.023275263607501984
0.5508662462234497,0.4641866683959961,-0.2148040533065796
0.40462180972099304,0.4634881913661957,-0.119232676923275
0.5368255972862244,0.47581544518470764,-0.26245319843292236
0.4170688986778259,0.4744418263435364,-0.15970352292060852
0.5294615030288696,0.4691200852394104,-0.28272706270217896
0.4267478883266449,0.4668968617916107,-0.18070343136787415
0.532734215259552,0.46586427092552185,-0.2240346521139145
0.42487335205078125,0.4638412594795227,-0.1277889609336853
0.5244389772415161,0.5095618963241577,0.0052503603510558605
0.4462280571460724,0.5118539333343506,-0.005404474679380655
0.5460063815116882,0.5986355543136597,-0.014270535670220852
0.43081897497177124,0.6014489531517029,-0.01829998940229416
0.5502679347991943,0.6803256869316101,0.33090391755104065
0.42682939767837524,0.6814194321632385,0.2936048209667206
0.5419327020645142,0.6875132918357849,0.35213372111320496
0.4347127676010132,0.6875966191291809,0.31445860862731934
0.5633510947227478,0.7088090777397156,0.14937244355678558
0.4203186333179474,0.7128394246101379,0.09311636537313461
-
0.4719511568546295,0.3303062319755554,-0.4463690519332886
0.4784020185470581,0.3235599398612976,-0.4205806851387024
0.4835633933544159,0.32358208298683167,-0.42054033279418945
0.4880772829055786,0.32375767827033997,-0.42052125930786133
0.46257340908050537,0.3243041932582855,-0.4202682375907898
0.45713457465171814,0.3247041404247284,-0.4203146696090698
0.4520295560359955,0.32535552978515625,-0.4203016459941864
0.4944624900817871,0.32825881242752075,-0.2497711330652237
0.4475363790988922,0.3317369818687439,-0.24947918951511383
0.4828244149684906,0.33982834219932556,-0.38198524713516235
0.4629336893558502,0.3418661952018738,-0.3815043568611145
0.5477803945541382,0.3782650828361511,-0.11711087822914124
0.4100775718688965,0.3808107078075409,-0.1176893413066864
0.6089457273483276,0.41752558946609497,-0.07583411782979965
0.34529486298561096,0.41925424337387085,-0.02712920308113098
0.5530036687850952,0.451168954372406,-0.262481153011322
0.40401923656463623,0.45053353905677795,-0.15734782814979553
0.5422123074531555,0.46193236112594604,-0.3149430453777313
0.4169979393482208,0.46204137802124023,-0.19894899427890778
0.5343309640884399,0.45404380559921265,-0.33344095945358276
0.42671212553977966,0.4538896679878235,-0.22511447966098785
0.5370655655860901,0.4511362910270691,-0.27166885137557983
0.42479103803634644,0.450924813747406,-0.16625194251537323
0.5244250893592834,0.49702247977256775,0.005019277799874544
0.4465124011039734,0.4990069270133972,-0.005256141070276499
0.5426082015037537,0.587272047996521,-0.014519810676574707
0.433707058429718,0.5877083539962769,-0.02359835058450699
0.5552716851234436,0.6750615835189819,0.2553739845752716
0.4262793958187103,0.6752240061759949,0.232035294175148
0.5483691692352295,0.6819767355918884,0.269673228263855
0.43340760469436646,0.6827308535575867,0.2472318708896637
0.5640217661857605,0.707521378993988,0.05818016082048416
0.4207300841808319,0.7104151844978333,0.04514330253005028
-
0.4716780483722687,0.3212054669857025,-0.4417109191417694
0.47789064049720764,0.3146043121814728,-0.4176773130893707
0.48293638229370117,0.3144237995147705,-0.41761791706085205
0.48740124702453613,0.3142666816711426,-0.4175476133823395
0.4622816741466522,0.3157775104045868,-0.4160092771053314
0.4568190574645996,0.316601037979126,-0.41603609919548035
0.4516787528991699,0.3175886869430542,-0.4160185158252716
0.493306040763855,0.31851673126220703,-0.24270623922348022
0.4474593997001648,0.32334157824516296,-0.23671747744083405
0.4826584756374359,0.33019381761550903,-0.374859482049942
0.4626350402832031,0.3317010700702667,-0.3729378283023834
0.5480937361717224,0.3692780137062073,-0.10104566067457199
0.41077104210853577,0.37081295251846313,-0.10284685343503952
0.6106188297271729,0.4087449014186859,-0.07298093289136887
0.3447638154029846,0.4110366404056549,-0.03356759995222092
0.5639370083808899,0.4388299882411957,-0.28594326972961426
0.4018701910972595,0.44186773896217346,-0.16715416312217712
0.5513520836830139,0.4514477849006653,-0.3449966609477997
0.4157975912094116,0.4532078206539154,-0.21545225381851196
0.5432767271995544,0.4424816966056824,-0.368759423494339
0.42570608854293823,0.4456339478492737,-0.2428434193134308
0.5459967851638794,0.4384887218475342,-0.2980864346027374
0.42332687973976135,0.4421986937522888,-0.1779886931180954
0.5244240164756775,0.4860628545284271,0.005080225877463818
0.4464915096759796,0.48725834488868713,-0.005325824022293091
0.5414278507232666,0.5788049697875977,-0.011841196566820145
0.4345778226852417,0.5785706639289856,-0.023966524749994278
0.5575597882270813,0.6633811593055725,0.26105281710624695
0.42605963349342346,0.6631705164909363,0.2457440197467804
0.5483117699623108,0.6710971593856812,0.27675431966781616
0.43289273977279663,0.6711167097091675,0.2626999318599701
0.5711438655853271,0.6960211396217346,0.06705570966005325
0.42189568281173706,0.6958608031272888,0.0625295639038086
-
0.4722324311733246,0.3143174350261688,-0.40898704528808594
0.4780076742172241,0.30747732520103455,-0.3856200873851776
0.4830215573310852,0.3074008822441101,-0.38556432723999023
0.4874323010444641,0.3075222373008728,-0.3855390250682831
0.46267738938331604,0.30854886770248413,-0.3829644024372101
0.45719006657600403,0.30919963121414185,-0.3829844892024994
0.4519226551055908,0.3100787401199341,-0.38294562697410583
0.49337098002433777,0.3129829466342926,-0.22532713413238525
0.4474666118621826,0.3159726858139038,-0.21542693674564362
0.483215868473053,0.32252880930900574,-0.34843170642852783
0.46330180764198303,0.32359036803245544,-0.3455450236797333
0.548528254032135,0.3622294068336487,-0.09542716294527054
0.412169486284256,0.36623772978782654,-0.09173841774463654
0.6124482154846191,0.4034903943538666,-0.011919029988348484
0.34523922204971313,0.405383437871933,-0.0097283273935318
0.5676195621490479,0.43627285957336426,-0.12562987208366394
0.4019930958747864,0.43741583824157715,-0.09714046865701675
0.5529747605323792,0.4463282525539398,-0.16629824042320251
0.4164641201496124,0.4460310935974121,-0.13443753123283386
0.5451967716217041,0.4394710958003998,-0.19151979684829712
0.4265977144241333,0.4390289783477783,-0.15420180559158325
0.5482866168022156,0.4353644847869873,-0.13534297049045563
0.4238642752170563,0.4359079897403717,-0.10457474738359451
0.524432361125946,0.4817359447479248,0.005746794398874044
0.4464171826839447,0.4815778136253357,-0.005987847689539194
0.5398138165473938,0.5707898736000061,0.0034061488695442677
0.4349147081375122,0.573880136013031,-0.013658445328474045
0.5584956407546997,0.653727650642395,0.2461661845445633
0.4261433482170105,0.6552964448928833,0.23129765689373016
0.5481871366500854,0.6641373038291931,0.25922977924346924
0.43300387263298035,0.6634543538093567,0.24513250589370728
0.577556312084198,0.6853355169296265,0.06225704774260521
0.42192408442497253,0.6855250597000122,0.050189681351184845
-
0.47245800495147705,0.31235262751579285,-0.4162971079349518
0.4784724712371826,0.3052402138710022,-0.3938524127006531
0.483561635017395,0.3051236569881439,-0.3937878906726837
0.48774319887161255,0.3053215444087982,-0.3937717378139496
0.4630797803401947,0.30653882026672363,-0.39016976952552795
0.45749765634536743,0.30737200379371643,-0.39018714427948
0.45202407240867615,0.30834144353866577,-0.3901529014110565
0.4942515194416046,0.3101522922515869,-0.23162682354450226
0.4477425515651703,0.3133196532726288,-0.21776551008224487
0.4839009642601013,0.3210422396659851,-0.3546799421310425
0.4636167287826538,0.3229512870311737,-0.35012927651405334
0.5484997034072876,0.35927674174308777,-0.10006920248270035
0.41469520330429077,0.3626566529273987,-0.09413954615592957
0.6135770678520203,0.3976096212863922,-0.014154044911265373
0.34529227018356323,0.40065234899520874,-0.017610982060432434
0.5711240768432617,0.43229395151138306,-0.13595469295978546
0.401671826839447,0.4343901574611664,-0.12351882457733154
0.5561631321907043,0.44408631324768066,-0.1788131445646286
0.41620293259620667,0.4430661201477051,-0.16437731683254242
0.5483670234680176,0.4381430745124817,-0.20687054097652435
0.42657068371772766,0.4366791248321533,-0.18615595996379852
0.5515069961547852,0.4342903196811676,-0.14711233973503113
0.4237186312675476,0.43380361795425415,-0.13244733214378357
0.5243905186653137,0.4799777865409851,0.0055798497051000595
0.44570213556289673,0.4795962870121002,-0.005813511088490486
0.5397201776504517,0.5675266981124878,-0.0026837820187211037
0.4348035454750061,0.568973958492279,-0.0124795688316226
0.5583523511886597,0.6497595906257629,0.2461266815662384
0.4265685975551605,0.6483463048934937,0.24417845904827118
0.5476243495941162,0.659794807434082,0.2601613700389862
0.4337756335735321,0.6571295857429504,0.26239535212516785
0.5787298679351807,0.6801691055297852,0.05999123305082321
0.4224347770214081,0.6783100366592407,0.07135114818811417
-
0.47267308831214905,0.31198373436927795,-0.42414939403533936
0.4790649116039276,0.30527329444885254,-0.4022708833217621
0.48420923948287964,0.30524736642837524,-0.4022185802459717
0.48821622133255005,0.3052966594696045,-0.40221354365348816
0.4634449779987335,0.3060021996498108,-0.39671918749809265
0.4579046070575714,0.3064177334308624,-0.39673587679862976
0.4524359405040741,0.3069932460784912,-0.3967081308364868
0.4950542151927948,0.30947956442832947,-0.24350087344646454
0.4482988715171814,0.31255197525024414,-0.2215830236673355
0.48408517241477966,0.32082685828208923,-0.3643651306629181
0.4640747904777527,0.3225720226764679,-0.35731735825538635
0.5490063428878784,0.3580220639705658,-0.12329069525003433
0.41650813817977905,0.36130836606025696,-0.0953817069530487
0.6144580841064453,0.3986266553401947,-0.04959932342171669
0.3463839888572693,0.40035074949264526,-0.02271885611116886
0.5707665085792542,0.43182849884033203,-0.15055805444717407
0.40094539523124695,0.43336567282676697,-0.1335124373435974
0.5550481677055359,0.4445289075374603,-0.20342691242694855
0.4157390296459198,0.4439193606376648,-0.1751091182231903
0.5472708940505981,0.43695783615112305,-0.22016626596450806
0.42652684450149536,0.43696197867393494,-0.19585363566875458
0.5509613752365112,0.43298736214637756,-0.16411150991916656
0.42340677976608276,0.43381935358047485,-0.1423831582069397
0.5243889093399048,0.47846516966819763,0.002274143975228071
0.4456232190132141,0.4782640039920807,-0.0024878287222236395
0.5400390625,0.5648089051246643,-0.0036037492100149393
0.43469521403312683,0.5664198398590088,0.002273275051265955
0.5580403804779053,0.6462600231170654,0.26001256704330444
0.4277309775352478,0.64661705493927,0.24587520956993103
0.5472456216812134,0.6565371155738831,0.2762470543384552
0.43536466360092163,0.6554450988769531,0.26801159977912903
0.577972948551178,0.6770964860916138,0.07958497852087021
0.4221804738044739,0.6755849719047546,0.07917075604200363
-
0.4734576344490051,0.3113830089569092,-0.4485349953174591
0.4798276126384735,0.30459064245224,-0.4226604998111725
0.4850742816925049,0.3046523928642273,-0.42259711027145386
0.48878028988838196,0.3048790693283081,-0.42258474230766296
0.46391761302948,0.3053905963897705,-0.42062339186668396
0.45850202441215515,0.3058892488479614,-0.42066165804862976
0.4530351758003235,0.3065934479236603,-0.4206487536430359
0.4956468939781189,0.30986326932907104,-0.250617116689682
0.4488033652305603,0.31312814354896545,-0.24196143448352814
0.4848267436027527,0.3203185200691223,-0.3833632171154022
0.46478894352912903,0.3216173052787781,-0.3811477720737457
0.5499926805496216,0.35871806740760803,-0.12210482358932495
0.4172745645046234,0.36159849166870117,-0.1152690052986145
0.6150530576705933,0.3985868990421295,-0.03667699545621872
0.3463699221611023,0.4009798467159271,-0.04861833155155182
0.5715466737747192,0.43266740441322327,-0.1678042709827423
0.4008706510066986,0.43418335914611816,-0.16203878819942474
0.5565060377120972,0.4451698660850525,-0.21375389397144318
0.4157104194164276,0.44516292214393616,-0.20726865530014038
0.5473307967185974,0.4380737245082855,-0.23897285759449005
0.42647784948349,0.43759697675704956,-0.2293597310781479
0.5511929988861084,0.43413352966308594,-0.17916713654994965
0.42338523268699646,0.4343376159667969,-0.17208710312843323
0.5246880054473877,0.4799738824367523,0.0037582628428936005
0.4455515146255493,0.47915464639663696,-0.003960276488214731
0.5403013229370117,0.5671588778495789,-0.0040001473389565945
0.43461909890174866,0.5672084093093872,-0.02575952187180519
0.5577965378761292,0.6477116346359253,0.2902509570121765
0.4291342794895172,0.6439647674560547,0.2875525653362274
0.5469699501991272,0.6562057733535767,0.3108815848827362
0.4370650053024292,0.6514513492584229,0.3125658631324768
0.5773189663887024,0.6786288619041443,0.10670673847198486
0.4227398633956909,0.6742856502532959,0.12381061166524887
-
0.47390076518058777,0.31405729055404663,-0.4598296284675598
0.48028215765953064,0.30772536993026733,-0.4340762794017792
0.4854790270328522,0.30764245986938477,-0.43401846289634705
0.4891437888145447,0.3076193928718567,-0.43400460481643677
0.4646434783935547,0.3086227774620056,-0.43212711811065674
0.459261417388916,0.3091447949409485,-0.4321688711643219
0.45392149686813354,0.30991584062576294,-0.4321520924568176
0.4958358407020569,0.3123113811016083,-0.2605744004249573
0.4495018422603607,0.31589722633361816,-0.2529086470603943
0.48526856303215027,0.32289251685142517,-0.3938237130641937
0.4651119112968445,0.3242189288139343,-0.3918876349925995
0.5512399077415466,0.36127573251724243,-0.1265610307455063
0.4172167181968689,0.3635029196739197,-0.11673229187726974
0.6156259179115295,0.40203985571861267,-0.03911576792597771
0.34673458337783813,0.40320339798927307,-0.048270661383867264
0.570793092250824,0.4360175132751465,-0.18270888924598694
0.40055665373802185,0.43696802854537964,-0.16874165832996368
0.5558170676231384,0.4481653571128845,-0.2309075891971588
0.41513592004776,0.44805780053138733,-0.21401795744895935
0.5467668771743774,0.4402347505092621,-0.2551448941230774
0.4260443449020386,0.4408261179924011,-0.23668715357780457
0.5507453680038452,0.43629521131515503,-0.19478249549865723
0.4229610562324524,0.4373287558555603,-0.17886702716350555
0.525009274482727,0.4816470146179199,0.002693569054827094
0.44590330123901367,0.48124152421951294,-0.002897450001910329
0.5405996441841125,0.5687607526779175,-0.018321694806218147
0.4345516264438629,0.569846510887146,-0.019566280767321587
0.5579032301902771,0.6504387259483337,0.24930340051651
0.4306362271308899,0.64637291431427,0.29600295424461365
0.5470327138900757,0.658894419670105,0.26561683416366577
0.4393555819988251,0.6531298160552979,0.3184364438056946
0.5767769813537598,0.6814206838607788,0.06087259575724602
0.4228155016899109,0.6757404208183289,0.1328611969947815
-
0.475334495306015,0.317726194858551,-0.46476876735687256
0.48172909021377563,0.3112967610359192,-0.43812498450279236
0.4868384599685669,0.31123244762420654,-0.43807801604270935
0.49044328927993774,0.3112544119358063,-0.43807199597358704
0.46647927165031433,0.3121773302555084,-0.43516460061073303
0.4611373543739319,0.3127027750015259,-0.4351957142353058
0.45628875494003296,0.31340229511260986,-0.4351741373538971
0.49812936782836914,0.3159068524837494,-0.26323461532592773
0.4509754180908203,0.3193463683128357,-0.25120922923088074
0.4868112802505493,0.3265661299228668,-0.3984625041484833
0.4662337899208069,0.32774561643600464,-0.3950464427471161
0.5526544451713562,0.3646513819694519,-0.1367235779762268
0.41752976179122925,0.3675054609775543,-0.11155499517917633
0.6170374751091003,0.40482816100120544,-0.10386672616004944
0.3480469882488251,0.40656256675720215,-0.03226913511753082
0.5704132318496704,0.4390663206577301,-0.3022657036781311
0.40055516362190247,0.44020089507102966,-0.16170936822891235
0.5556678175926208,0.45113831758499146,-0.35680440068244934
0.414966881275177,0.451113224029541,-0.20948363840579987
0.54676353931427,0.44355273246765137,-0.37761443853378296
0.4260026812553406,0.44397497177124023,-0.23553282022476196
0.5506205558776855,0.4393741190433502,-0.31195688247680664
0.422885000705719,0.4405606687068939,-0.17412900924682617
0.525019109249115,0.4849010407924652,-0.004934380296617746
0.4460713267326355,0.48468461632728577,0.004706809297204018
0.5407441258430481,0.5720807313919067,-0.046561580151319504
0.43438929319381714,0.5731003284454346,-0.019785437732934952
0.5579872131347656,0.6526443362236023,0.25833651423454285
0.43100982904434204,0.6491978168487549,0.3258607089519501
0.5469354391098022,0.6606000661849976,0.2772791087627411
0.44133469462394714,0.6561052799224854,0.35153451561927795
0.5713269710540771,0.6820562481880188,0.07363935559988022
0.42249953746795654,0.6795652508735657,0.17247650027275085
-
0.477186381816864,0.32339566946029663,-0.46057578921318054
0.48451635241508484,0.3183026611804962,-0.43335312604904175
0.48927199840545654,0.31842464208602905,-0.43330344557762146
0.49272045493125916,0.3186415433883667,-0.4332961142063141
0.4693275988101959,0.31880882382392883,-0.43090206384658813
0.46345338225364685,0.31934797763824463,-0.43093428015708923
0.4586072266101837,0.31993597745895386,-0.43090832233428955
0.5013113021850586,0.32321399450302124,-0.25952205061912537
0.4528332054615021,0.3250744640827179,-0.24970053136348724
0.4888187348842621,0.33142274618148804,-0.3941296339035034
0.4675045907497406,0.3324136435985565,-0.3914070129394531
0.5531690120697021,0.37182098627090454,-0.13333645462989807
0.41791585087776184,0.3717283010482788,-0.10018531233072281
0.6182229518890381,0.41235607862472534,-0.09170062094926834
0.34838762879371643,0.4100012183189392,-0.015732310712337494
0.5700697302818298,0.4447537064552307,-0.27294498682022095
0.4007576107978821,0.4456214904785156,-0.1480969935655594
0.555640697479248,0.4543159008026123,-0.3252260684967041
0.41511180996894836,0.45425790548324585,-0.195667564868927
0.5470234751701355,0.4497491717338562,-0.34784913063049316
0.42599257826805115,0.44827350974082947,-0.2247624546289444
0.55058753490448,0.4456983506679535,-0.2828713357448578
0.4228721261024475,0.4449678361415863,-0.16120545566082
0.5250442028045654,0.49156221747398376,-0.008044884540140629
0.44614100456237793,0.48972901701927185,0.007816905155777931
0.5414786338806152,0.5772256255149841,-0.050874531269073486
0.434346079826355,0.5819859504699707,-0.026681918650865555
0.557910680770874,0.6605210900306702,0.2579772174358368
0.43110212683677673,0.6535530090332031,0.31963348388671875
0.5468530058860779,0.6711896657943726,0.2775520384311676
0.44238710403442383,0.6622586250305176,0.34478792548179626
0.568906843662262,0.6935219168663025,0.07267855107784271
0.4225834310054779,0.6865307688713074,0.16620872914791107
-
0.47926652431488037,0.3389218747615814,-0.4397161602973938
0.48708322644233704,0.3327922224998474,-0.4102867841720581
0.4916096031665802,0.3330150544643402,-0.4102596342563629
0.49524107575416565,0.33315643668174744,-0.41025224328041077
0.47091594338417053,0.3333459198474884,-0.4107387065887451
0.4648195803165436,0.33391132950782776,-0.41075608134269714
0.45988085865974426,0.33452266454696655,-0.41070759296417236
0.5040678381919861,0.33803877234458923,-0.2284880131483078
0.4536345601081848,0.34058046340942383,-0.22978046536445618
0.490493506193161,0.3480694890022278,-0.37048161029815674
0.4694417715072632,0.34965720772743225,-0.3711710572242737
0.5531224012374878,0.38355812430381775,-0.11626119911670685
0.4180555045604706,0.3865785300731659,-0.07453716546297073
0.6177752017974854,0.422427237033844,-0.08400103449821472
0.34875908493995667,0.4195452332496643,0.0037427416536957026
0.5700405836105347,0.45794424414634705,-0.26409292221069336
0.4008346199989319,0.4574865400791168,-0.13653939962387085
0.5556846857070923,0.4687991142272949,-0.31787803769111633
0.415100634098053,0.46770787239074707,-0.18456147611141205
0.547917366027832,0.4637114405632019,-0.343083918094635
0.42596277594566345,0.46202534437179565,-0.21333461999893188
0.5515649318695068,0.46015113592147827,-0.27559545636177063
0.4228546917438507,0.45885127782821655,-0.14974738657474518
0.5250973105430603,0.5023888349533081,-0.013605086132884026
0.4460720121860504,0.5024350881576538,0.013391532935202122
0.5421186089515686,0.58907151222229,-0.05538291484117508
0.43399009108543396,0.5936049222946167,-0.026581499725580215
0.5576657056808472,0.6678236722946167,0.26092320680618286
0.4312208294868469,0.6675487756729126,0.3037797510623932
0.5468334555625916,0.6779215335845947,0.2807483971118927
0.44249069690704346,0.6781455278396606,0.32495489716529846
0.5677105188369751,0.7023928165435791,0.07456499338150024
0.42257267236709595,0.6996060013771057,0.14140573143959045
-
0.48029395937919617,0.3538763225078583,-0.4082474112510681
0.48777109384536743,0.34754514694213867,-0.3804321587085724
0.4924413561820984,0.3476170599460602,-0.3804137706756592
0.49601253867149353,0.34766581654548645,-0.3804110288619995
0.4716198444366455,0.3484307825565338,-0.37919509410858154
0.4658188819885254,0.3490907549858093,-0.3792341351509094
0.4610576927661896,0.349953293800354,-0.37920549511909485
0.5047690272331238,0.35241618752479553,-0.2096022516489029
0.4551622271537781,0.35603854060173035,-0.20419928431510925
0.49127545952796936,0.36309701204299927,-0.3441433310508728
0.47037386894226074,0.36455628275871277,-0.34286728501319885
0.5537842512130737,0.3976293206214905,-0.112638920545578
0.4193935692310333,0.4007708430290222,-0.06950271874666214
0.6176688075065613,0.43515634536743164,-0.10793951898813248
0.3497962951660156,0.43520480394363403,-0.042704980820417404
0.5688290596008301,0.47128310799598694,-0.3056133985519409
0.40336576104164124,0.47126513719558716,-0.23299413919448853
0.5546109676361084,0.48398837447166443,-0.36359211802482605
0.41694390773773193,0.4821685254573822,-0.28871384263038635
0.5473455786705017,0.47820383310317993,-0.3839552700519562
0.42751213908195496,0.4760170876979828,-0.307752788066864
0.5508820414543152,0.4742165505886078,-0.316180020570755
0.42490124702453613,0.4727390706539154,-0.2442275583744049
0.5260909199714661,0.5164650678634644,-0.012925357557833195
0.4465957581996918,0.5167840719223022,0.012728921137750149
0.545664370059967,0.6018827557563782,-0.048500265926122665
0.43338823318481445,0.6043970584869385,-0.012965714558959007
0.5559632778167725,0.6753293871879578,0.2643430531024933
0.43129661679267883,0.675146222114563,0.2944701313972473
0.5455695390701294,0.6851813197135925,0.2854352593421936
0.4423682689666748,0.6860525012016296,0.31314942240715027
0.5672153830528259,0.7081739902496338,0.08577104657888412
0.4248127341270447,0.7043813467025757,0.13135021924972534
-
0.4817083477973938,0.36931416392326355,-0.39895087480545044
0.48943567276000977,0.3627985119819641,-0.3703654110431671
0.49375927448272705,0.3628699481487274,-0.37035009264945984
0.4972912669181824,0.36291342973709106,-0.3703595995903015
0.47383520007133484,0.3634750247001648,-0.3701860308647156
0.46790504455566406,0.3640146255493164,-0.3702200949192047
0.46314170956611633,0.3647966980934143,-0.37017571926116943
0.5055773258209229,0.36736050248146057,-0.19930432736873627
0.4572463631629944,0.370373010635376,-0.19980596005916595
0.49217477440834045,0.3780807852745056,-0.335309237241745
0.4717501699924469,0.37905949354171753,-0.3357228934764862
0.5545299053192139,0.4130821228027344,-0.10862397402524948
0.41999977827072144,0.41570764780044556,-0.07580892741680145
0.6175824403762817,0.4499732553958893,-0.13090810179710388
0.3523804247379303,0.45034295320510864,-0.09847557544708252
0.5641260743141174,0.4836440682411194,-0.33998191356658936
0.4053425192832947,0.48470965027809143,-0.3113133907318115
0.5483468174934387,0.4968241751194,-0.3993745446205139
0.4186403453350067,0.4958680272102356,-0.3697388172149658
0.5413801074028015,0.4902264475822449,-0.4112202227115631
0.42832091450691223,0.48967456817626953,-0.38389915227890015
0.545530378818512,0.4862017035484314,-0.3472537696361542
0.42602089047431946,0.4861089587211609,-0.3212012052536011
0.5269433856010437,0.529405951499939,-0.01109678577631712
0.4472929537296295,0.5300302505493164,0.010895604267716408
0.5470103621482849,0.6125284433364868,-0.052695274353027344
0.4329361915588379,0.6174044013023376,-0.014234062284231186
0.5526307225227356,0.6807630658149719,0.29474055767059326
0.4317225217819214,0.679480791091919,0.30872470140457153
0.5415971279144287,0.6913274526596069,0.3216562867164612
0.4426884651184082,0.6877651214599609,0.3324461579322815
0.5678552985191345,0.7083954215049744,0.1435447484254837
0.427338182926178,0.7071177363395691,0.16377003490924835
-
0.48338791728019714,0.3808867335319519,-0.3682616651058197
0.49080631136894226,0.37409698963165283,-0.3368648290634155
0.49494442343711853,0.3741874694824219,-0.33687007427215576
0.4991737902164459,0.3741928040981293,-0.33689552545547485
0.47521108388900757,0.3744679093360901,-0.33770206570625305
0.469079852104187,0.3748190999031067,-0.33773425221443176
0.4642921984195709,0.375297486782074,-0.33767789602279663
0.5073162317276001,0.37859660387039185,-0.16488243639469147
0.457584410905838,0.38103729486465454,-0.1705707162618637
0.49361228942871094,0.38988322019577026,-0.30556198954582214
0.4735994040966034,0.3909275531768799,-0.3073688745498657
0.5564545392990112,0.4248580038547516,-0.0853986144065857
0.41992950439453125,0.42920953035354614,-0.06871537864208221
0.6184064149856567,0.46380576491355896,-0.11943121254444122
0.35219606757164,0.4635637700557709,-0.12760421633720398
0.5631894469261169,0.49593549966812134,-0.32146093249320984
0.4069593548774719,0.49563068151474,-0.3661192059516907
0.5470386743545532,0.5085859894752502,-0.38022735714912415
0.42015254497528076,0.5065690875053406,-0.4274628460407257
0.5400670766830444,0.5022785067558289,-0.39044854044914246
0.4306503236293793,0.5007774233818054,-0.43530163168907166
0.5440124869346619,0.49863043427467346,-0.3278007209300995
0.42840445041656494,0.4975201189517975,-0.373995840549469
0.5271437168121338,0.5424813628196716,-0.005338157527148724
0.44728419184684753,0.5434339046478271,0.0051889363676309586
0.5497049689292908,0.6237814426422119,-0.07951027154922485
0.4327225983142853,0.627466082572937,-0.051560088992118835
0.5516385436058044,0.6836922764778137,0.3252498507499695
0.4324750304222107,0.6795702576637268,0.32167550921440125
0.5402036905288696,0.6926696300506592,0.35897886753082275
0.44317886233329773,0.6861781477928162,0.3527088165283203
0.568112850189209,0.7112507820129395,0.20440146327018738
0.4277842938899994,0.708281397819519,0.2044612616300583
-
0.4840368926525116,0.38789764046669006,-0.3884325623512268
0.4914892017841339,0.3815540373325348,-0.35898450016975403
0.4957848787307739,0.38161593675613403,-0.3589704632759094
0.5003867745399475,0.38180652260780334,-0.35898739099502563
0.4757784605026245,0.3817923963069916,-0.3584098517894745
0.46984097361564636,0.38215070962905884,-0.35844433307647705
0.4651382565498352,0.3825218081474304,-0.35839149355888367
0.5089516043663025,0.3859196603298187,-0.18872104585170746
0.4587610960006714,0.3877516984939575,-0.18828929960727692
0.49486207962036133,0.39645734429359436,-0.32581523060798645
0.47533905506134033,0.396689236164093,-0.3258010149002075
0.5570000410079956,0.4322473108768463,-0.09867444634437561
0.4203721284866333,0.43729743361473083,-0.06995543837547302
0.6200297474861145,0.4716614782810211,-0.14075009524822235
0.35526522994041443,0.4708293378353119,-0.09318647533655167
0.5625981092453003,0.5058132410049438,-0.3342862129211426
0.4074955880641937,0.502703070640564,-0.3031771779060364
0.5464978814125061,0.5168606042861938,-0.3914162814617157
0.42000818252563477,0.5121238827705383,-0.36905035376548767
0.5391008853912354,0.5107657313346863,-0.400773286819458
0.43046408891677856,0.5064265131950378,-0.41757020354270935
0.5429690480232239,0.5080914497375488,-0.3399510681629181
0.4284482002258301,0.5030891299247742,-0.3178847134113312
0.527165949344635,0.5484839677810669,-0.002619227161630988
0.44729703664779663,0.5484880208969116,0.002494590589776635
0.5521175861358643,0.6280925869941711,-0.06711237132549286
0.4311407208442688,0.6303186416625977,-0.056233830749988556
0.5512222051620483,0.6842447519302368,0.36267411708831787
0.4342862069606781,0.681132435798645,0.33336517214775085
0.5390039086341858,0.6920849084854126,0.397943377494812
0.44505518674850464,0.6862248182296753,0.3657670319080353
0.5688644647598267,0.7116088271141052,0.24549253284931183
0.4276198148727417,0.7097294330596924,0.21678096055984497
-
0.48440995812416077,0.3899984657764435,-0.41615328192710876
0.49185431003570557,0.38353782892227173,-0.3862129747867584
0.4959864020347595,0.38381537795066833,-0.3861670196056366
0.500460147857666,0.38393664360046387,-0.386213481426239
0.47626838088035583,0.3837144672870636,-0.38809144496917725
0.47055190801620483,0.38396015763282776,-0.38815611600875854
0.4658951163291931,0.38415196537971497,-0.3880805969238281
0.5091181993484497,0.38905656337738037,-0.21826989948749542
0.45913487672805786,0.38965195417404175,-0.22919505834579468
0.4950650930404663,0.3987502455711365,-0.35488060116767883
0.4755270779132843,0.3985544443130493,-0.3581381142139435
0.5568886995315552,0.435879647731781,-0.11644195765256882
0.42021140456199646,0.43822017312049866,-0.10857801139354706
0.6204453110694885,0.4748039245605469,-0.08349934220314026
0.3552810251712799,0.47105079889297485,-0.027638038620352745
0.561802864074707,0.5095356702804565,-0.19405445456504822
0.40781983733177185,0.5049598217010498,-0.053615178912878036
0.5467098355293274,0.5210389494895935,-0.23614396154880524
0.4199187457561493,0.5152611136436462,-0.08322423696517944
0.5392665266990662,0.5158933401107788,-0.2526061236858368
0.43045175075531006,0.5095880627632141,-0.10188549757003784
0.5425451993942261,0.5120862722396851,-0.20060092210769653
0.42879703640937805,0.5059244632720947,-0.05978647992014885
0.5271519422531128,0.5491076707839966,0.0028019717428833246
0.44728970527648926,0.5486029386520386,-0.0028628194704651833
0.5561043620109558,0.6327305436134338,-0.04777621105313301
0.4291432797908783,0.6340078115463257,-0.08956702798604965
0.5511762499809265,0.6850313544273376,0.3864889442920685
0.43421682715415955,0.680081844329834,0.3246898949146271
0.5390111804008484,0.6930173635482788,0.4220638573169708
0.44524744153022766,0.6853063106536865,0.35735782980918884
0.5695356726646423,0.7116183042526245,0.2740228772163391
0.42461347579956055,0.7087017297744751,0.2104671448469162
-
0.4844122529029846,0.38507887721061707,-0.4164849519729614
0.49200770258903503,0.37870538234710693,-0.38663744926452637
0.49602067470550537,0.37894874811172485,-0.38659489154815674
0.5004240870475769,0.3791337013244629,-0.3866426348686218
0.4764246642589569,0.3791425824165344,-0.38807499408721924
0.47056707739830017,0.379558265209198,-0.3881385922431946
0.4657723307609558,0.380121648311615,-0.3880676329135895
0.5089981555938721,0.38435107469558716,-0.2186671942472458
0.45897048711776733,0.3857281506061554,-0.2264639288187027
0.4949406087398529,0.3942491114139557,-0.3550047278404236
0.47534090280532837,0.39468008279800415,-0.3572673499584198
0.5567878484725952,0.43209585547447205,-0.1168648898601532
0.4201609790325165,0.4335481524467468,-0.10688010603189468
0.6206635236740112,0.47001582384109497,-0.09707187116146088
0.3553585112094879,0.4674457907676697,-0.03953937441110611
0.560982882976532,0.5048118829727173,-0.22940529882907867
0.4080769419670105,0.5005527138710022,-0.13632945716381073
0.5459957718849182,0.5163246989250183,-0.28365248441696167
0.41980791091918945,0.5120996236801147,-0.17603252828121185
0.5387030243873596,0.5110681056976318,-0.30213111639022827
0.4304628074169159,0.5058995485305786,-0.18959882855415344
0.5419011116027832,0.5078698396682739,-0.23909950256347656
0.4289279878139496,0.5019614696502686,-0.14257846772670746
0.5271457433700562,0.5464006066322327,0.004741738084703684
0.4473133385181427,0.5473023653030396,-0.004830167628824711
0.5573543310165405,0.6306799650192261,-0.03230304270982742
0.42813384532928467,0.6335014700889587,-0.07633320987224579
0.5509653687477112,0.6855603456497192,0.4146231710910797
0.434173047542572,0.6800318360328674,0.3340631127357483
0.5389301776885986,0.6938155889511108,0.45228856801986694
0.44541800022125244,0.6852484345436096,0.36870601773262024
0.5699025988578796,0.7112683057785034,0.30513760447502136
0.42508018016815186,0.7089664340019226,0.22017604112625122
-
0.4843759834766388,0.37796908617019653,-0.41644731163978577
0.4918712079524994,0.37166208028793335,-0.3868058919906616
0.49588483572006226,0.37178835272789,-0.386772483587265
0.5002658367156982,0.37191370129585266,-0.3868233859539032
0.47623857855796814,0.3720317482948303,-0.3876698911190033
0.47047293186187744,0.37237095832824707,-0.38773128390312195
0.46562084555625916,0.3728318214416504,-0.3876641094684601
0.5087835788726807,0.37642043828964233,-0.21921324729919434
0.4589445888996124,0.37825822830200195,-0.21854296326637268
0.4948064684867859,0.38694292306900024,-0.3548939526081085
0.4752174913883209,0.3873293399810791,-0.35547229647636414
0.5567887425422668,0.4251641631126404,-0.11952637881040573
0.41984930634498596,0.4279685616493225,-0.09524019062519073
0.6202429533004761,0.4653100371360779,-0.15186235308647156
0.357564240694046,0.4617288112640381,-0.040596507489681244
0.5599353313446045,0.49861136078834534,-0.3656202554702759
0.40919995307922363,0.4952787756919861,-0.16128820180892944
0.5443206429481506,0.5088034272193909,-0.42319607734680176
0.41994115710258484,0.5055767893791199,-0.20479583740234375
0.5375065207481384,0.5030428767204285,-0.4330805838108063
0.4307224750518799,0.4992188513278961,-0.21995528042316437
0.5410124063491821,0.5002374053001404,-0.37164998054504395
0.429388165473938,0.49575066566467285,-0.16884398460388184
0.5274887681007385,0.5411848425865173,0.004372630268335342
0.44738930463790894,0.5423746705055237,-0.004487819038331509
0.5569280385971069,0.6247226595878601,-0.04584626480937004
0.42778757214546204,0.6294806003570557,-0.06586039066314697
0.5505602359771729,0.6852601766586304,0.3795739412307739
0.4344012439250946,0.6796990633010864,0.3452768623828888
0.5377283096313477,0.6934292912483215,0.41429516673088074
0.44615232944488525,0.6858125925064087,0.3787800669670105
0.5699067711830139,0.7106081247329712,0.25793248414993286
0.42431870102882385,0.7087811231613159,0.2250359058380127
-
0.48432719707489014,0.3676150441169739,-0.43032345175743103
0.49117979407310486,0.3612036406993866,-0.40465256571769714
0.49537649750709534,0.3611910939216614,-0.4046227037906647
0.49958401918411255,0.3613484501838684,-0.4046461284160614
0.4758944511413574,0.3622460961341858,-0.402987539768219
0.4703136086463928,0.36291640996932983,-0.40303680300712585
0.4655245840549469,0.36343544721603394,-0.40300673246383667
0.5071435570716858,0.36705636978149414,-0.24381627142429352
0.45880207419395447,0.3701438307762146,-0.23589320480823517
0.4942890703678131,0.3760541081428528,-0.3702182471752167
0.47511786222457886,0.3764621615409851,-0.3683180510997772
0.5568990707397461,0.41859251260757446,-0.13175800442695618
0.4195704460144043,0.41980475187301636,-0.11126113682985306
0.6190652847290039,0.4626905918121338,-0.1000310480594635
0.360363632440567,0.45832890272140503,-0.02602158859372139
0.5600484013557434,0.4981750547885895,-0.2362484633922577
0.41187942028045654,0.4915199875831604,-0.09315302222967148
0.5448211431503296,0.5061002969741821,-0.28015074133872986
0.4231516122817993,0.49937668442726135,-0.12762156128883362
0.5385744571685791,0.5022317171096802,-0.3010891079902649
0.4329744875431061,0.49211540818214417,-0.14854098856449127
0.5415339469909668,0.49950680136680603,-0.24471397697925568
0.4315953850746155,0.4885452687740326,-0.10161609947681427
0.527500331401825,0.5352373719215393,0.004917139653116465
0.44780096411705017,0.5368219017982483,-0.005035406909883022
0.5560710430145264,0.620622992515564,-0.028494562953710556
0.4298437237739563,0.6263054609298706,-0.03495190292596817
0.5505486130714417,0.684691846370697,0.3627340495586395
0.4348757863044739,0.679747462272644,0.3409329652786255
0.5377554297447205,0.6937267184257507,0.38653984665870667
0.4470038115978241,0.6869921684265137,0.3722407817840576
0.5698102712631226,0.7099354267120361,0.21138039231300354
0.42403268814086914,0.7086548805236816,0.19208018481731415
-
0.4833630919456482,0.35272565484046936,-0.4287736117839813
0.49053752422332764,0.3458167016506195,-0.4037398397922516
0.49508246779441833,0.3458874821662903,-0.4037117063999176
0.4990467429161072,0.3460758626461029,-0.40372055768966675
0.4744844138622284,0.3465050458908081,-0.40208205580711365
0.4689854383468628,0.34707823395729065,-0.40212109684944153
0.4638445973396301,0.34776023030281067,-0.40209078788757324
0.5066937208175659,0.35087358951568604,-0.24213576316833496
0.45817726850509644,0.3548071086406708,-0.23537428677082062
0.4934840798377991,0.36199015378952026,-0.36788371205329895
0.4741113781929016,0.363548219203949,-0.36617693305015564
0.556702196598053,0.40014418959617615,-0.12884728610515594
0.4195936322212219,0.4022604823112488,-0.10736103355884552
0.6159510016441345,0.44229111075401306,-0.07331283390522003
0.3600451946258545,0.4413292407989502,-0.02146170288324356
0.559078574180603,0.4776875078678131,-0.2112676054239273
0.41175520420074463,0.4730933606624603,-0.11049754917621613
0.5445288419723511,0.48712286353111267,-0.25652945041656494
0.42313969135284424,0.4836653172969818,-0.14773504436016083
0.5385453701019287,0.47994381189346313,-0.27732402086257935
0.4328659474849701,0.4760102331638336,-0.16931051015853882
0.5415269732475281,0.47716712951660156,-0.22009862959384918
0.4314205050468445,0.4726114273071289,-0.11918359249830246
0.5277639031410217,0.5165495872497559,0.004585687071084976
0.44975510239601135,0.5182427167892456,-0.004690931178629398
0.5519297122955322,0.603702187538147,-0.024821260944008827
0.4332820177078247,0.6052471399307251,-0.021111633628606796
0.5512651801109314,0.6838041543960571,0.2756774127483368
0.4354185461997986,0.678887665271759,0.28286129236221313
0.5403359532356262,0.6926613450050354,0.2931637167930603
0.4471259117126465,0.6862936615943909,0.30235669016838074
0.5692170858383179,0.7097792625427246,0.10044340789318085
0.42458727955818176,0.7080775499343872,0.11760792136192322
-
0.48075568675994873,0.33908611536026,-0.4309878945350647
0.48873940110206604,0.33275654911994934,-0.40746551752090454
0.4938879609107971,0.33289510011672974,-0.40741828083992004
0.4979279339313507,0.3330624997615814,-0.4073943793773651
0.47192904353141785,0.3331592381000519,-0.4063958525657654
0.46647703647613525,0.3335033357143402,-0.40642961859703064
0.4611981213092804,0.3340246081352234,-0.40640881657600403
0.505977213382721,0.3373783230781555,-0.24319633841514587
0.45708709955215454,0.3405251204967499,-0.23901140689849854
0.4916248023509979,0.34845200181007385,-0.3683348000049591
0.4714566469192505,0.34976622462272644,-0.36721399426460266
0.5557244420051575,0.3857443332672119,-0.12284780293703079
0.4195817708969116,0.38817596435546875,-0.10771138966083527
0.6157047152519226,0.427734375,-0.0812712237238884
0.3596760332584381,0.4270055294036865,-0.023742953315377235
0.5581176280975342,0.46140775084495544,-0.24970048666000366
0.41051432490348816,0.45783454179763794,-0.11875887215137482
0.5446889400482178,0.4723655581474304,-0.2991959750652313
0.4229317903518677,0.46876055002212524,-0.16303293406963348
0.5385106801986694,0.46509528160095215,-0.31891685724258423
0.4319715201854706,0.46104153990745544,-0.17406703531742096
0.5414838790893555,0.46183958649635315,-0.2591283321380615
0.4301973879337311,0.45811256766319275,-0.12627947330474854
0.5275226831436157,0.5031812191009521,0.004279385320842266
0.44988563656806946,0.5041187405586243,-0.004416396841406822
0.5479074120521545,0.591614305973053,-0.025013182312250137
0.4366214871406555,0.5916916131973267,-0.02517028898000717
0.5523437261581421,0.6788907647132874,0.2637980282306671
0.4352881908416748,0.6730584502220154,0.2703152000904083
0.5433484315872192,0.6872276067733765,0.2814136743545532
0.4459677040576935,0.6801747679710388,0.29007694125175476
0.5679173469543457,0.708045244216919,0.08058015257120132
0.4265196919441223,0.7075663805007935,0.10355083644390106
-
0.48019829392433167,0.3269803524017334,-0.39414235949516296
0.4878387451171875,0.3203112781047821,-0.3709234893321991
0.4931987226009369,0.3202921748161316,-0.37087148427963257
0.4970353841781616,0.32051342725753784,-0.37084054946899414
0.47117263078689575,0.3214649260044098,-0.3702434003353119
0.46581169962882996,0.32226282358169556,-0.3702493906021118
0.46029675006866455,0.32309579849243164,-0.37022170424461365
0.503987729549408,0.3257741332054138,-0.20894192159175873
0.4564710855484009,0.32947856187820435,-0.2054101675748825
0.490962952375412,0.3366966247558594,-0.33188173174858093
0.4703527092933655,0.3384925127029419,-0.3310309648513794
0.5557120442390442,0.37595582008361816,-0.0872734934091568
0.4195711314678192,0.37642359733581543,-0.08043453097343445
0.6157781481742859,0.4148882031440735,-0.05759065970778465
0.35859566926956177,0.41590452194213867,-0.004104848951101303
0.563585638999939,0.4456008970737457,-0.25027719140052795
0.40833762288093567,0.44726043939590454,-0.10898978263139725
0.5523419976234436,0.4580855369567871,-0.30118513107299805
0.42073631286621094,0.45799320936203003,-0.14936426281929016
0.5439268946647644,0.4503512382507324,-0.32181575894355774
0.43024346232414246,0.4503560960292816,-0.1713116466999054
0.5462676286697388,0.4465983808040619,-0.2603512406349182
0.4282955229282379,0.4471113681793213,-0.11824249476194382
0.5275248885154724,0.49103599786758423,0.004143445752561092
0.44990184903144836,0.49186640977859497,-0.0042650895193219185
0.5461670756340027,0.5835112929344177,-0.027070999145507812
0.4382478892803192,0.5820764303207397,-0.03420022502541542
0.5534375905990601,0.667426347732544,0.24375101923942566
0.43526461720466614,0.6641715168952942,0.23682117462158203
0.5439863204956055,0.6761532425880432,0.2600169777870178
0.44610515236854553,0.6723095774650574,0.2546577453613281
0.5698809623718262,0.7030507922172546,0.06014290452003479
0.42649155855178833,0.7030282020568848,0.06955709308385849
-
0.4794684648513794,0.3205565810203552,-0.425123006105423
0.48650386929512024,0.3139159083366394,-0.4055386483669281
0.4917692542076111,0.31377193331718445,-0.40544557571411133
0.495975524187088,0.3137456774711609,-0.40541377663612366
0.47062763571739197,0.31518957018852234,-0.40239325165748596
0.46552035212516785,0.3157201409339905,-0.40240439772605896
0.4601093828678131,0.3164983093738556,-0.4023823142051697
0.5023801326751709,0.3186332583427429,-0.24771453440189362
0.4561138451099396,0.3225715756416321,-0.23434197902679443
0.4905247986316681,0.329245001077652,-0.36327460408210754
0.470029354095459,0.3303676247596741,-0.3593962490558624
0.555563747882843,0.3675948679447174,-0.10080091655254364
0.41966575384140015,0.3690107464790344,-0.09417527168989182
0.6179370880126953,0.40875697135925293,-0.04045144096016884
0.3583221435546875,0.4077102243900299,-0.01598235033452511
0.566643476486206,0.44083109498023987,-0.17860004305839539
0.4070306122303009,0.43932604789733887,-0.12656913697719574
0.55308598279953,0.4497893750667572,-0.22188031673431396
0.41885727643966675,0.44875773787498474,-0.1678197830915451
0.5446944236755371,0.44125455617904663,-0.24744951725006104
0.42928868532180786,0.4418655037879944,-0.1872621327638626
0.5476661920547485,0.4377405643463135,-0.1880786269903183
0.42742183804512024,0.4387669563293457,-0.1353238970041275
0.5276152491569519,0.4824120104312897,0.004074630327522755
0.4498799741268158,0.4814733862876892,-0.00418686680495739
0.5430079698562622,0.5723640322685242,-0.011261180974543095
0.4383682310581207,0.5724731683731079,-0.03146198391914368
0.5541197061538696,0.6558812260627747,0.22935205698013306
0.43610119819641113,0.6582541465759277,0.18283995985984802
0.5440213680267334,0.6660304665565491,0.24149517714977264
0.4476301074028015,0.6664283871650696,0.19245895743370056
0.5733522772789001,0.6896771192550659,0.03792035952210426
0.42649951577186584,0.6933855414390564,-0.005625196732580662
-
0.4780094027519226,0.31569787859916687,-0.4119734466075897
0.4858334958553314,0.30955010652542114,-0.3924214243888855
0.4912349581718445,0.3096383213996887,-0.39233386516571045
0.4955938458442688,0.3098498582839966,-0.3923240303993225
0.4700358808040619,0.3098805248737335,-0.38733911514282227
0.4649672508239746,0.3101639151573181,-0.3873254656791687
0.45948007702827454,0.3106878697872162,-0.3872842490673065
0.5021376609802246,0.31454190611839294,-0.24744249880313873
0.4560803771018982,0.31646546721458435,-0.2192074954509735
0.48908454179763794,0.324765682220459,-0.3530943691730499
0.46851298213005066,0.3256848454475403,-0.34692224860191345
0.5549692511558533,0.36222517490386963,-0.10164713114500046
0.41995060443878174,0.3662044405937195,-0.08057672530412674
0.6188798546791077,0.40254440903663635,-0.010406537912786007
0.3581148684024811,0.40320104360580444,0.008419239893555641
0.5709285140037537,0.4367925226688385,-0.11216414719820023
0.4060407876968384,0.4359560012817383,-0.09652253985404968
0.5557371973991394,0.4474608898162842,-0.14966966211795807
0.41805627942085266,0.4442419409751892,-0.13476252555847168
0.5486742854118347,0.440488338470459,-0.17768171429634094
0.4285586476325989,0.43768349289894104,-0.15852822363376617
0.5518823862075806,0.437037855386734,-0.12231322377920151
0.42631393671035767,0.43473976850509644,-0.10647013783454895
0.5274519324302673,0.4777653217315674,0.003041929332539439
0.4496310353279114,0.4776844382286072,-0.0031504922080785036
0.5430663228034973,0.5673543214797974,-0.014685098081827164
0.438400536775589,0.5667716264724731,-0.019599126651883125
0.5538933873176575,0.6505888104438782,0.19144129753112793
0.4370601177215576,0.652084469795227,0.18602265417575836
0.5434659719467163,0.6603984236717224,0.2001129388809204
0.44895315170288086,0.6607726812362671,0.19483736157417297
0.5733794569969177,0.6815454959869385,0.0005761526990681887
0.42538154125213623,0.6830984950065613,0.0035389731638133526
-
0.4779837727546692,0.31406986713409424,-0.412566602230072
0.4857547879219055,0.30760493874549866,-0.39192280173301697
0.4911476671695709,0.30762287974357605,-0.39184603095054626
0.49546530842781067,0.3076542913913727,-0.39184197783470154
0.4699230492115021,0.3080747723579407,-0.38762402534484863
0.46487417817115784,0.3083849549293518,-0.38761889934539795
0.4593639075756073,0.3089532256126404,-0.3875819444656372
0.5017482042312622,0.311387836933136,-0.2443239986896515
0.45587044954299927,0.31451180577278137,-0.2194107472896576
0.4890232980251312,0.32317915558815,-0.3526507616043091
0.46855396032333374,0.3245561718940735,-0.3477737307548523
0.5539672374725342,0.359279066324234,-0.09902733564376831
0.42024585604667664,0.3622536063194275,-0.08306652307510376
0.6189991235733032,0.40036362409591675,-0.02057972550392151
0.3562970757484436,0.4009825587272644,-0.0016789977671578526
0.5734763741493225,0.43271851539611816,-0.15398037433624268
0.40468403697013855,0.43375077843666077,-0.10042597353458405
0.5570837259292603,0.4450562000274658,-0.19758886098861694
0.4169902801513672,0.44427698850631714,-0.1381225734949112
0.5496624112129211,0.4371240735054016,-0.22356024384498596
0.4277755320072174,0.4369956851005554,-0.15950748324394226
0.5533328652381897,0.4333280920982361,-0.1643773764371872
0.425162136554718,0.43400612473487854,-0.11049581319093704
0.5273934602737427,0.47651663422584534,0.0034312615171074867
0.44961410760879517,0.47619742155075073,-0.0035436865873634815
0.54307621717453,0.565149188041687,-0.010991161689162254
0.4383818805217743,0.5643907189369202,-0.01649118959903717
0.5534616112709045,0.6466673612594604,0.21880602836608887
0.4376054108142853,0.6500276327133179,0.20087650418281555
0.5421814322471619,0.6556240320205688,0.2309219390153885
0.44933781027793884,0.6582944989204407,0.2114466279745102
0.5732917785644531,0.6787031292915344,0.03632275387644768
0.42467033863067627,0.6810130476951599,0.01781276799738407
-
0.4775315523147583,0.3126623034477234,-0.4481767416000366
0.48501065373420715,0.30621615052223206,-0.4237244427204132
0.49033600091934204,0.3062588572502136,-0.42366257309913635
0.4949779808521271,0.30641379952430725,-0.4236592650413513
0.4693037271499634,0.3067513406276703,-0.4200599789619446
0.46444830298423767,0.30720680952072144,-0.4200758934020996
0.4589672386646271,0.30783623456954956,-0.42004331946372986
0.5010334849357605,0.31104880571365356,-0.2601698040962219
0.45563143491744995,0.3138626217842102,-0.24327686429023743
0.48857635259628296,0.3211917579174042,-0.3855212330818176
0.4684627056121826,0.3222733438014984,-0.38118845224380493
0.5537223815917969,0.35932502150535583,-0.1275952011346817
0.41998663544654846,0.36220860481262207,-0.10741844028234482
0.619174599647522,0.40055832266807556,-0.05656764656305313
0.35393428802490234,0.4025793671607971,-0.04595445469021797
0.5732294917106628,0.43363961577415466,-0.18949231505393982
0.40471258759498596,0.4339519441127777,-0.17556577920913696
0.5562540292739868,0.44569873809814453,-0.2403736263513565
0.41700059175491333,0.44422316551208496,-0.22308290004730225
0.5478926301002502,0.43770045042037964,-0.26499107480049133
0.427738219499588,0.43633875250816345,-0.2430984079837799
0.5523658394813538,0.43388184905052185,-0.19955530762672424
0.4251076877117157,0.433238685131073,-0.18522243201732635
0.5272423624992371,0.4767950177192688,0.0027297583874315023
0.4492355287075043,0.4763109087944031,-0.0028452749829739332
0.5432867407798767,0.5641698837280273,-0.01277543418109417
0.438212513923645,0.5641876459121704,-0.01227019913494587
0.5524961948394775,0.6443997621536255,0.26115280389785767
0.4383504092693329,0.6461857557296753,0.25002792477607727
0.5407922863960266,0.6539081931114197,0.2777756452560425
0.4498995840549469,0.6540259122848511,0.26510894298553467
0.5718197226524353,0.6751761436462402,0.0713154673576355
0.4247398376464844,0.6779773235321045,0.05777307227253914
-
0.47467049956321716,0.3148273825645447,-0.4455018639564514
0.4824671149253845,0.30838924646377563,-0.4225407540798187
0.4875958263874054,0.30844128131866455,-0.4224790334701538
0.4926019012928009,0.3084374964237213,-0.42247480154037476
0.4669463634490967,0.3091457486152649,-0.41548648476600647
0.46186235547065735,0.309681236743927,-0.41551336646080017
0.45734021067619324,0.31025630235671997,-0.41551917791366577
0.4996349811553955,0.3130122125148773,-0.2592385709285736
0.4546901285648346,0.3158953785896301,-0.23276790976524353
0.4854343831539154,0.32338955998420715,-0.3832382559776306
0.465631902217865,0.324249267578125,-0.37485775351524353
0.5534462332725525,0.3605327010154724,-0.11526523530483246
0.41928723454475403,0.363446444272995,-0.09885253757238388
0.6188061833381653,0.4006598889827728,-0.04247994348406792
0.35358038544654846,0.40391069650650024,-0.029374612495303154
0.5724156498908997,0.4346286356449127,-0.18741843104362488
0.4044400453567505,0.4352220594882965,-0.16813381016254425
0.5559787154197693,0.4463833272457123,-0.2356492578983307
0.4168449938297272,0.4456941485404968,-0.22243790328502655
0.5476444363594055,0.43832987546920776,-0.2603295147418976
0.42724722623825073,0.43829861283302307,-0.23493190109729767
0.5519967675209045,0.4344016909599304,-0.19744354486465454
0.4246729612350464,0.4347856938838959,-0.1821858137845993
0.5267582535743713,0.47818857431411743,0.0028337575495243073
0.4483548402786255,0.47752657532691956,-0.0029564811848104
0.5434499979019165,0.5670357346534729,-0.012130317278206348
0.43816134333610535,0.5667432546615601,-0.014669681899249554
0.5520634651184082,0.6469448208808899,0.24917009472846985
0.43941017985343933,0.6483227014541626,0.22987522184848785
0.5401819944381714,0.6550419330596924,0.2636077105998993
0.45061323046684265,0.6560913324356079,0.2424422651529312
0.5715208053588867,0.678202748298645,0.061079241335392
0.42664024233818054,0.6789356470108032,0.04154733940958977
-
0.4748418629169464,0.31829410791397095,-0.44633522629737854
0.4825083017349243,0.3121107518672943,-0.4211801290512085
0.4876187741756439,0.3120686113834381,-0.42112892866134644
0.49263742566108704,0.3121212422847748,-0.4211250841617584
0.46704986691474915,0.31279513239860535,-0.4179754853248596
0.46191805601119995,0.31318366527557373,-0.41800186038017273
0.45736584067344666,0.3137698173522949,-0.41798830032348633
0.49964606761932373,0.31654804944992065,-0.25200533866882324
0.45456093549728394,0.3194659650325775,-0.23673297464847565
0.4854617118835449,0.32666653394699097,-0.38121384382247925
0.46579548716545105,0.3274560570716858,-0.37736621499061584
0.5534449815750122,0.3642915189266205,-0.11518070101737976
0.418610543012619,0.3667130768299103,-0.09891156852245331
0.6188598871231079,0.4041725993156433,-0.05836379900574684
0.35337772965431213,0.4062974452972412,-0.031816400587558746
0.5726587772369385,0.4354413151741028,-0.2527611255645752
0.4029458463191986,0.4383511543273926,-0.17117959260940552
0.5568765997886658,0.4471450746059418,-0.3078269064426422
0.415335476398468,0.4485088288784027,-0.2209285944700241
0.5480800271034241,0.43971243500709534,-0.3305632770061493
0.4260568916797638,0.441476047039032,-0.2428487092256546
0.552362322807312,0.4356071949005127,-0.26348844170570374
0.423422634601593,0.4380582869052887,-0.18312591314315796
0.526521623134613,0.4816034734249115,0.002110942965373397
0.44829124212265015,0.48038071393966675,-0.00224079517647624
0.5435067415237427,0.5709787011146545,-0.024745117872953415
0.4369409680366516,0.5709629654884338,-0.01908605732023716
0.5518896579742432,0.6485151052474976,0.25374487042427063
0.4393416941165924,0.6495527029037476,0.24087926745414734
0.5397322177886963,0.6566317677497864,0.2709965407848358
0.4505254030227661,0.657306432723999,0.25614258646965027
0.5708900094032288,0.6803937554359436,0.07063218951225281
0.4274199903011322,0.6814205050468445,0.051091618835926056
-
0.4749518036842346,0.3204832673072815,-0.44427230954170227
0.48255518078804016,0.3142089247703552,-0.4176487326622009
0.4877411723136902,0.3140992820262909,-0.41760995984077454
0.4928382337093353,0.3139409124851227,-0.4176144599914551
0.46713176369667053,0.31486108899116516,-0.4146888256072998
0.4620364308357239,0.3151896595954895,-0.41470831632614136
0.4573957622051239,0.3158113956451416,-0.4146781861782074
0.4998719394207001,0.31803709268569946,-0.24838174879550934
0.4545291066169739,0.3219185471534729,-0.2357901930809021
0.48551416397094727,0.3293522298336029,-0.3794087767601013
0.46593403816223145,0.33028849959373474,-0.37576648592948914
0.5534566044807434,0.36600199341773987,-0.12783581018447876
0.41780349612236023,0.3681241571903229,-0.08781363815069199
0.6192915439605713,0.4066798686981201,-0.12480901926755905
0.35338371992111206,0.4066540598869324,-0.02076173946261406
0.5698191523551941,0.43909239768981934,-0.34715041518211365
0.4030880928039551,0.4391917288303375,-0.1664155125617981
0.5564901828765869,0.450676828622818,-0.4082534909248352
0.4156845510005951,0.45022082328796387,-0.2151997685432434
0.5474031567573547,0.4429951608181,-0.4271773397922516
0.4261080324649811,0.4423127770423889,-0.2390962839126587
0.550689160823822,0.43930530548095703,-0.356587290763855
0.4234387278556824,0.4387820363044739,-0.17806915938854218
0.5251314043998718,0.48281335830688477,-0.008177864365279675
0.44724002480506897,0.48277029395103455,0.007974224165081978
0.5432348251342773,0.5717806816101074,-0.05070195347070694
0.43559354543685913,0.5755512118339539,-0.018046218901872635
0.5518737435340881,0.6497204303741455,0.2627735435962677
0.4387563169002533,0.6506088972091675,0.28882741928100586
0.5398023128509521,0.6583539247512817,0.28462886810302734
0.45041975378990173,0.6581853628158569,0.30971431732177734
0.5659493207931519,0.6805146932601929,0.07620686292648315
0.4280310869216919,0.6839801073074341,0.12167269736528397
-
0.47496411204338074,0.33164194226264954,-0.4269498586654663
0.48263490200042725,0.3266783356666565,-0.39716607332229614
0.4877786934375763,0.3268800377845764,-0.397143691778183
0.49297747015953064,0.32697540521621704,-0.39714109897613525
0.46719327569007874,0.32710304856300354,-0.39632466435432434
0.4620961844921112,0.3275435268878937,-0.3963508903980255
0.4573354423046112,0.3280528485774994,-0.396312415599823
0.49997833371162415,0.3301408886909485,-0.22101637721061707
0.45427244901657104,0.3330463171005249,-0.21582773327827454
0.4856187105178833,0.3412479758262634,-0.36070820689201355
0.465767502784729,0.34224897623062134,-0.35950639843940735
0.5517477989196777,0.37673306465148926,-0.11586932837963104
0.41767147183418274,0.38193032145500183,-0.07510171830654144
0.6178479790687561,0.4151310324668884,-0.10780927538871765
0.35340064764022827,0.4178895354270935,-0.0343770757317543
0.5698177814483643,0.44928327202796936,-0.32484662532806396
0.403137743473053,0.4500773847103119,-0.22470039129257202
0.5565961003303528,0.4608997702598572,-0.38458511233329773
0.4157296419143677,0.4589558243751526,-0.28101882338523865
0.5486136674880981,0.4559660851955414,-0.40691593289375305
0.425803005695343,0.45296764373779297,-0.3060735762119293
0.5514679551124573,0.45212656259536743,-0.3361072242259979
0.42324507236480713,0.4502400755882263,-0.23815186321735382
0.5249210596084595,0.49337154626846313,-0.01164767611771822
0.44648078083992004,0.49473586678504944,0.011434078216552734
0.5432950258255005,0.5815891027450562,-0.06551327556371689
0.43510594964027405,0.5877377390861511,-0.02010759711265564
0.5518796443939209,0.6584022641181946,0.2608344256877899
0.4364630877971649,0.661986768245697,0.2781257927417755
0.5400614142417908,0.6675719022750854,0.2829175591468811
0.44735899567604065,0.6717538833618164,0.29772281646728516
0.5632991194725037,0.6958225965499878,0.07367409020662308
0.42790696024894714,0.6956378221511841,0.10946054756641388
-
0.4750426411628723,0.34609147906303406,-0.42289263010025024
0.4827080965042114,0.3402497470378876,-0.39400041103363037
0.4878077507019043,0.340392529964447,-0.3939850628376007
0.49307966232299805,0.34042757749557495,-0.39398372173309326
0.4672263562679291,0.34103289246559143,-0.39403316378593445
0.46211716532707214,0.3415481746196747,-0.3940674662590027
0.45725351572036743,0.3421039879322052,-0.3940310478210449
0.5000231266021729,0.3445119261741638,-0.21781295537948608
0.4540081024169922,0.34743955731391907,-0.2162611037492752
0.4857369363307953,0.35591188073158264,-0.3560752868652344
0.46581918001174927,0.3568422198295593,-0.3561975359916687
0.5517109632492065,0.3894619643688202,-0.10346535593271255
0.41734859347343445,0.3938218057155609,-0.07517099380493164
0.6164665222167969,0.42638444900512695,-0.054341789335012436
0.3532254695892334,0.4292810559272766,-0.018870854750275612
0.5697473883628845,0.4627923369407654,-0.22728697955608368
0.4037780463695526,0.4641013741493225,-0.19458699226379395
0.5566115379333496,0.47539281845092773,-0.27874094247817993
0.4162263572216034,0.47440433502197266,-0.2534777522087097
0.5499703884124756,0.4702727198600769,-0.3082711398601532
0.4258425831794739,0.4681955873966217,-0.2890143394470215
0.5526328086853027,0.46586519479751587,-0.24155089259147644
0.42332836985588074,0.4650003910064697,-0.21095511317253113
0.5252493023872375,0.5067349672317505,-0.010948136448860168
0.4465530514717102,0.5077313780784607,0.010751782916486263
0.54458087682724,0.5949634909629822,-0.05968013405799866
0.43421703577041626,0.5974074602127075,-0.0206216461956501
0.5518564581871033,0.6712203025817871,0.24085108935832977
0.43417978286743164,0.6722738146781921,0.25239089131355286
0.5404239296913147,0.681702733039856,0.25893592834472656
0.4441576600074768,0.6823636293411255,0.2682613730430603
0.5636516213417053,0.7044514417648315,0.05232524871826172
0.4258192777633667,0.7043491005897522,0.07669910043478012
-
0.4751644432544708,0.3612362742424011,-0.42019084095954895
0.48276451230049133,0.3543735146522522,-0.39237725734710693
0.48788371682167053,0.35443925857543945,-0.39235976338386536
0.4931159019470215,0.354526162147522,-0.3923669457435608
0.467379093170166,0.3554958999156952,-0.39237672090530396
0.4623018503189087,0.35626885294914246,-0.3924109935760498
0.4574996531009674,0.3569587171077728,-0.39238303899765015
0.4999507963657379,0.3596777021884918,-0.21992181241512299
0.4540075659751892,0.3628780245780945,-0.21718207001686096
0.48576876521110535,0.369914174079895,-0.35490214824676514
0.4659033417701721,0.37083137035369873,-0.35502108931541443
0.5517292618751526,0.40283241868019104,-0.10443084686994553
0.4170607626438141,0.4085996747016907,-0.07781768590211868
0.6154497265815735,0.4402410089969635,-0.058199040591716766
0.354141503572464,0.4456884264945984,-0.027996011078357697
0.5697259902954102,0.47638797760009766,-0.2309710830450058
0.4064130485057831,0.47805675864219666,-0.18488357961177826
0.5565127730369568,0.48787856101989746,-0.2815859615802765
0.41848111152648926,0.48791271448135376,-0.23824986815452576
0.5498107671737671,0.4832180142402649,-0.3080237805843353
0.4267924427986145,0.4825516641139984,-0.2687860131263733
0.5525106191635132,0.4794406294822693,-0.24371518194675446
0.42430227994918823,0.47919076681137085,-0.1984829604625702
0.5260758996009827,0.521109402179718,-0.010622495785355568
0.4467643201351166,0.521440863609314,0.010404005646705627
0.547958493232727,0.6091563701629639,-0.04260231554508209
0.43348419666290283,0.6083861589431763,-0.012715975753962994
0.5511618852615356,0.676360011100769,0.30539998412132263
0.43286436796188354,0.6774523854255676,0.27936458587646484
0.5400332808494568,0.686207115650177,0.3293614089488983
0.44143325090408325,0.6881192922592163,0.29871833324432373
0.5639150142669678,0.7087369561195374,0.13406677544116974
0.4255297780036926,0.7066522836685181,0.11047527194023132
-
0.4755488932132721,0.37529534101486206,-0.3927551805973053
0.4831475019454956,0.36897867918014526,-0.36305058002471924
0.48834025859832764,0.36901241540908813,-0.36304423213005066
0.4933455288410187,0.3691313564777374,-0.3630508482456207
0.4678329527378082,0.36956244707107544,-0.36352720856666565
0.46285197138786316,0.37003690004348755,-0.3635552227497101
0.45788803696632385,0.3706536889076233,-0.36351025104522705
0.5000013709068298,0.3737083673477173,-0.19146563112735748
0.4541059732437134,0.37586647272109985,-0.19420547783374786
0.4861351549625397,0.3839809000492096,-0.3293391466140747
0.466124951839447,0.3844626247882843,-0.3304813802242279
0.551518976688385,0.41750383377075195,-0.10097449272871017
0.4164418876171112,0.42360013723373413,-0.07808783650398254
0.6142414212226868,0.45519351959228516,-0.11365216225385666
0.35416480898857117,0.4599546790122986,-0.09497429430484772
0.5634037256240845,0.49108701944351196,-0.31284600496292114
0.40968576073646545,0.4912927746772766,-0.2915465533733368
0.5511406064033508,0.5026186108589172,-0.37092873454093933
0.42164671421051025,0.5022900104522705,-0.34798240661621094
0.5450341701507568,0.4971899092197418,-0.3866916298866272
0.429087370634079,0.4970645010471344,-0.36221203207969666
0.547093391418457,0.4935736656188965,-0.3222160339355469
0.42747196555137634,0.4935532510280609,-0.3010875880718231
0.5260962843894958,0.5347099304199219,-0.007711357437074184
0.4468315541744232,0.5355647206306458,0.007550209295004606
0.5495834350585938,0.6183485388755798,-0.043535392731428146
0.43279778957366943,0.6195911169052124,-0.013086246326565742
0.5499972701072693,0.6811115145683289,0.3237069547176361
0.43137413263320923,0.6819543838500977,0.3004714548587799
0.5376173853874207,0.6904034614562988,0.35134997963905334
0.4393754005432129,0.6899629235267639,0.32313644886016846
0.5656586289405823,0.7088747024536133,0.17316657304763794
0.42577481269836426,0.7093275785446167,0.14723294973373413
-
0.4772716462612152,0.38454169034957886,-0.36050868034362793
0.48444700241088867,0.37853190302848816,-0.3295137286186218
0.4897109270095825,0.378653347492218,-0.3294917643070221
0.49403655529022217,0.3786780834197998,-0.3294835388660431
0.46869760751724243,0.37868762016296387,-0.33017346262931824
0.46373143792152405,0.379064679145813,-0.3302058279514313
0.4587143063545227,0.37955477833747864,-0.33016014099121094
0.5009747743606567,0.3826533854007721,-0.16440513730049133
0.454306960105896,0.3845944404602051,-0.1694176197052002
0.4881327748298645,0.3937493860721588,-0.3008430600166321
0.4683181643486023,0.39475518465042114,-0.3024425208568573
0.5516249537467957,0.4287264347076416,-0.09200538694858551
0.4164295196533203,0.43473052978515625,-0.075895756483078
0.614311158657074,0.4691985547542572,-0.11400739848613739
0.35467997193336487,0.46945247054100037,-0.14095433056354523
0.5526199340820312,0.5042551755905151,-0.2942454516887665
0.4095369577407837,0.5009125471115112,-0.38065215945243835
0.5322986245155334,0.5178110003471375,-0.34965789318084717
0.4215724468231201,0.512187123298645,-0.4429064095020294
0.5175191760063171,0.5099377036094666,-0.36284196376800537
0.42930474877357483,0.5056952834129333,-0.45170271396636963
0.5253392457962036,0.5070964097976685,-0.3009105324745178
0.42786434292793274,0.5025672912597656,-0.38911280035972595
0.5261633396148682,0.5461975336074829,-0.00309835746884346
0.44682565331459045,0.5467453598976135,0.002933100564405322
0.5510833263397217,0.62545245885849,-0.09218207746744156
0.4284883141517639,0.6282168626785278,-0.06578958034515381
0.5493249893188477,0.681593120098114,0.31226804852485657
0.43147942423820496,0.6825524568557739,0.2994539141654968
0.5362672805786133,0.6890162229537964,0.34369605779647827
0.4396790862083435,0.6887706518173218,0.32820338010787964
0.5657138824462891,0.7103284597396851,0.18873469531536102
0.42533576488494873,0.7114511132240295,0.17983420193195343
-
0.47783416509628296,0.38777676224708557,-0.374522864818573
0.484752357006073,0.38132014870643616,-0.348596453666687
0.48998671770095825,0.38143157958984375,-0.34857872128486633
0.49413859844207764,0.38167962431907654,-0.34855547547340393
0.469245582818985,0.3818885087966919,-0.34811991453170776
0.4643360674381256,0.3824012875556946,-0.34812894463539124
0.4592989683151245,0.38314783573150635,-0.34811052680015564
0.5015690326690674,0.3867419362068176,-0.18199041485786438
0.4544887840747833,0.38852381706237793,-0.18031717836856842
0.4889351427555084,0.39580026268959045,-0.31147366762161255
0.4691894054412842,0.39622050523757935,-0.3106271028518677
0.5519946813583374,0.4331710934638977,-0.10846094787120819
0.41554340720176697,0.43837302923202515,-0.07822245359420776
0.6162033677101135,0.4726034104824066,-0.12942998111248016
0.35479438304901123,0.47161945700645447,-0.07905720174312592
0.5546039342880249,0.5067995190620422,-0.32256460189819336
0.40948909521102905,0.504039466381073,-0.1977832019329071
0.5337958931922913,0.5186386108398438,-0.37958699464797974
0.42144274711608887,0.5136244297027588,-0.24325233697891235
0.5192086100578308,0.51323002576828,-0.39454880356788635
0.4293254017829895,0.5082178711891174,-0.25637534260749817
0.5287812948226929,0.5094598531723022,-0.3303491771221161
0.4278169870376587,0.5046333074569702,-0.2049221247434616
0.5262542366981506,0.5488419532775879,-0.0028436260763555765
0.4468286335468292,0.5489317774772644,0.002699180506169796
0.5527769327163696,0.6294080018997192,-0.0791720300912857
0.425564706325531,0.6298937797546387,-0.09542201459407806
0.5492138862609863,0.6822006702423096,0.36679989099502563
0.4315200448036194,0.6821384429931641,0.30865615606307983
0.5362067222595215,0.6894446015357971,0.4040673077106476
0.4399186372756958,0.6876922845840454,0.34198376536369324
0.5659172534942627,0.7107418775558472,0.24818052351474762
0.42498165369033813,0.7114957571029663,0.18846942484378815
-
0.478166401386261,0.3831348419189453,-0.38429880142211914
0.4851621091365814,0.37708210945129395,-0.3589516580104828
0.4903467893600464,0.3772229552268982,-0.3589265048503876
0.49419963359832764,0.37749454379081726,-0.35891062021255493
0.46956753730773926,0.37790074944496155,-0.3585958182811737
0.46454933285713196,0.37852877378463745,-0.3586115837097168
0.45938071608543396,0.3792684078216553,-0.35858121514320374
0.5016541481018066,0.38295748829841614,-0.19119015336036682
0.45448803901672363,0.3849392831325531,-0.1893150359392166
0.4890909790992737,0.3923019468784332,-0.31940504908561707
0.46932652592658997,0.39295098185539246,-0.3200834095478058
0.5520061254501343,0.4299374520778656,-0.11036461591720581
0.41556158661842346,0.43348440527915955,-0.08360157907009125
0.6177460551261902,0.46777406334877014,-0.12281344830989838
0.35471808910369873,0.4692460596561432,-0.07698585093021393
0.5547411441802979,0.5023028254508972,-0.3025166094303131
0.4093281924724579,0.5007253289222717,-0.19999809563159943
0.5349243879318237,0.5140195488929749,-0.356772243976593
0.42133039236068726,0.5115066766738892,-0.24601033329963684
0.5204845666885376,0.508310854434967,-0.3732360303401947
0.42984288930892944,0.5052549839019775,-0.2673422396183014
0.5304312109947205,0.5049578547477722,-0.31040284037590027
0.42836347222328186,0.5015304088592529,-0.20982256531715393
0.526246964931488,0.5467493534088135,-0.0011444505071267486
0.446792334318161,0.5469684600830078,0.0010082450462505221
0.5556089282035828,0.6311150789260864,-0.0657273530960083
0.4249912202358246,0.632860004901886,-0.08333458006381989
0.5492440462112427,0.6820706129074097,0.4073196351528168
0.431193083524704,0.6826989054679871,0.3255661427974701
0.5364071130752563,0.6892427206039429,0.4462713599205017
0.44022470712661743,0.687859833240509,0.3600790798664093
0.5661994218826294,0.7094286680221558,0.29680439829826355
0.42483168840408325,0.7107944488525391,0.20724621415138245
-
0.4781150817871094,0.3758814334869385,-0.41487666964530945
0.485123872756958,0.36972492933273315,-0.38928836584091187
0.4903084933757782,0.36980873346328735,-0.38927170634269714
0.49415406584739685,0.3699556291103363,-0.3892926573753357
0.4694546163082123,0.3703356087207794,-0.3865419924259186
0.46438053250312805,0.37078267335891724,-0.38658982515335083
0.4591343402862549,0.3713793456554413,-0.38654831051826477
0.5013532638549805,0.3745458722114563,-0.2235768884420395
0.4543237090110779,0.3770298957824707,-0.2117663472890854
0.48909255862236023,0.3847286105155945,-0.35211795568466187
0.4693011939525604,0.38546937704086304,-0.34904050827026367
0.5524603724479675,0.42270001769065857,-0.1274794191122055
0.4154551327228546,0.42780500650405884,-0.09176965057849884
0.6176251769065857,0.46246537566185,-0.14590302109718323
0.35673269629478455,0.463398277759552,-0.0643371194601059
0.5560722947120667,0.496642529964447,-0.34319058060646057
0.41022762656211853,0.4953053891658783,-0.1864415854215622
0.5379514098167419,0.5076113939285278,-0.3981049954891205
0.4216357469558716,0.505558431148529,-0.23054979741573334
0.5259450078010559,0.5018007159233093,-0.41098782420158386
0.43117666244506836,0.4990778863430023,-0.2457141876220703
0.5334047675132751,0.49885454773902893,-0.34964850544929504
0.43026936054229736,0.4957807958126068,-0.19396349787712097
0.5268814563751221,0.5396986603736877,-0.0011151813669130206
0.44715261459350586,0.5406178832054138,0.0009820531122386456
0.5555766820907593,0.6242130994796753,-0.060154352337121964
0.4254645109176636,0.6273986101150513,-0.07231419533491135
0.5492640137672424,0.6825453639030457,0.3875250220298767
0.4309983253479004,0.683008074760437,0.32918304204940796
0.5365208387374878,0.6899917125701904,0.4232220947742462
0.44048255681991577,0.6890917420387268,0.3601166903972626
0.5662416815757751,0.7093683481216431,0.2624436914920807
0.4244192838668823,0.7111071348190308,0.1969609558582306
-
0.4781609773635864,0.36563313007354736,-0.4474180042743683
0.4848993420600891,0.35931533575057983,-0.422594279050827
0.48995038866996765,0.3591920733451843,-0.4225504994392395
0.49385902285575867,0.35917505621910095,-0.4225534200668335
0.4693922996520996,0.36089226603507996,-0.4198039472103119
0.4643137753009796,0.36166471242904663,-0.4198575019836426
0.4591282606124878,0.3623223900794983,-0.41983622312545776
0.5004987716674805,0.3643791079521179,-0.2584282159805298
0.4542325735092163,0.36986681818962097,-0.24663303792476654
0.4890943169593811,0.37364012002944946,-0.3855573534965515
0.4694649875164032,0.3745090365409851,-0.38228172063827515
0.5538804531097412,0.41641926765441895,-0.13721595704555511
0.41600722074508667,0.4210372865200043,-0.1214924082159996
0.6176130771636963,0.4619656503200531,-0.08876097202301025
0.3593882620334625,0.45846906304359436,-0.04311886802315712
0.5607749819755554,0.4940807819366455,-0.22021690011024475
0.4159746468067169,0.4929972290992737,-0.11534128338098526
0.5433703064918518,0.504915177822113,-0.26384666562080383
0.42656826972961426,0.5013210773468018,-0.1530330926179886
0.5352481603622437,0.499386727809906,-0.2875102758407593
0.43640851974487305,0.4936651289463043,-0.17382225394248962
0.539463460445404,0.49715113639831543,-0.2297688126564026
0.43571674823760986,0.48978686332702637,-0.12392505258321762
0.5284151434898376,0.5333213210105896,0.0021026097238063812
0.44957593083381653,0.5348035097122192,-0.0022437486331909895
0.555331826210022,0.6229977011680603,-0.02594270370900631
0.4277838468551636,0.6246383786201477,-0.04611775651574135
0.5493658185005188,0.6828693151473999,0.3747878968715668
0.43103963136672974,0.6826165914535522,0.31965261697769165
0.5379473567008972,0.6909111142158508,0.4050922393798828
0.4406678080558777,0.6896254420280457,0.34668463468551636
0.5663150548934937,0.7088988423347473,0.22647804021835327
0.42442238330841064,0.7110912203788757,0.18020693957805634
-
0.47731199860572815,0.3499496877193451,-0.44403529167175293
0.4844295084476471,0.3431616723537445,-0.4199860394001007
0.489671915769577,0.34306180477142334,-0.41994065046310425
0.4936472475528717,0.34321990609169006,-0.41992509365081787
0.46812933683395386,0.344096839427948,-0.4181055426597595
0.46272578835487366,0.3447214663028717,-0.4181496798992157
0.4574304223060608,0.34554556012153625,-0.41813308000564575
0.5005066990852356,0.34812504053115845,-0.25341320037841797
0.45336171984672546,0.3533512353897095,-0.24537506699562073
0.48841938376426697,0.3593795895576477,-0.3806285858154297
0.46848759055137634,0.36116498708724976,-0.378371924161911
0.5538779497146606,0.39633506536483765,-0.13653622567653656
0.4164102375507355,0.40094199776649475,-0.1167101040482521
0.6172846555709839,0.43692612648010254,-0.05832550302147865
0.35919731855392456,0.4387769103050232,-0.03918980062007904
0.5609422326087952,0.4735398292541504,-0.20705197751522064
0.41551077365875244,0.4722777307033539,-0.13536496460437775
0.5439741611480713,0.4860524535179138,-0.254326194524765
0.4272981286048889,0.4828190207481384,-0.17679928243160248
0.5378846526145935,0.4796382784843445,-0.2792591154575348
0.436629056930542,0.47436094284057617,-0.19920897483825684
0.5416361093521118,0.4760078489780426,-0.2182018905878067
0.43544328212738037,0.47109514474868774,-0.1444488763809204
0.5303176641464233,0.5138906240463257,0.004617002792656422
0.452700138092041,0.5154696106910706,-0.00481440918520093
0.5549960136413574,0.6059116125106812,-0.017753373831510544
0.4324788451194763,0.6059945225715637,-0.02241848222911358
0.5505588054656982,0.6817188262939453,0.32163360714912415
0.43062397837638855,0.680906355381012,0.30636703968048096
0.5406067967414856,0.689685583114624,0.3419167399406433
0.43928077816963196,0.688315749168396,0.3265346884727478
0.5659731030464172,0.7084231972694397,0.13783130049705505
0.4245884418487549,0.7102633118629456,0.13087736070156097
-
0.4758985638618469,0.33624428510665894,-0.3875713348388672
0.4835920035839081,0.3301159739494324,-0.3648463487625122
0.48900169134140015,0.3301922678947449,-0.3648056387901306
0.49319249391555786,0.33039936423301697,-0.3647685945034027
0.4669785499572754,0.3306238353252411,-0.3632054626941681
0.4615028500556946,0.33107292652130127,-0.36322712898254395
0.4563826620578766,0.33167022466659546,-0.36320799589157104
0.5005099177360535,0.3351340591907501,-0.20457011461257935
0.453178733587265,0.33903902769088745,-0.19703786075115204
0.4874664843082428,0.345525324344635,-0.3260820508003235
0.46724236011505127,0.3469252288341522,-0.32407906651496887
0.5540193915367126,0.3813926577568054,-0.08373469114303589
0.41749322414398193,0.38689106702804565,-0.08089111000299454
0.6172628998756409,0.42107605934143066,-0.05995108187198639
0.3590705096721649,0.4252050518989563,-0.04205073416233063
0.562292754650116,0.45702847838401794,-0.22975362837314606
0.4150722920894623,0.4564378261566162,-0.19413501024246216
0.5475361347198486,0.46860918402671814,-0.29026222229003906
0.42684322595596313,0.4678136706352234,-0.24255768954753876
0.541063666343689,0.46060889959335327,-0.31271570920944214
0.43622681498527527,0.4589831829071045,-0.2639318108558655
0.5446836948394775,0.4573337435722351,-0.24244599044322968
0.43507444858551025,0.45606255531311035,-0.20349502563476562
0.5304754376411438,0.4992402493953705,0.004638124722987413
0.4528530240058899,0.5008846521377563,-0.004868853371590376
0.5549130439758301,0.5909404754638672,-0.025263385847210884
0.43667080998420715,0.5902833938598633,-0.02665342576801777
0.5546318292617798,0.6750190854072571,0.24692408740520477
0.4305742383003235,0.6736481785774231,0.24203616380691528
0.5456151962280273,0.6815482974052429,0.26295024156570435
0.4390365183353424,0.680659294128418,0.25924769043922424
0.56645667552948,0.7056019306182861,0.06306807696819305
0.4251009523868561,0.7078845500946045,0.07130755484104156
-
0.4756401479244232,0.3246236741542816,-0.3967975974082947
0.4833531379699707,0.3181597888469696,-0.37210893630981445
0.48880523443222046,0.3180462419986725,-0.3720730245113373
0.49300387501716614,0.31816813349723816,-0.3720524311065674
0.46682921051979065,0.31934866309165955,-0.37072470784187317
0.46139615774154663,0.3200426995754242,-0.37075403332710266
0.4561648964881897,0.3207656145095825,-0.3707299828529358
0.5003934502601624,0.3234001696109772,-0.20898358523845673
0.4531661570072174,0.32768794894218445,-0.2003321796655655
0.4872627556324005,0.33370959758758545,-0.3347351849079132
0.466824471950531,0.3354342579841614,-0.33243459463119507
0.5546516180038452,0.3709387183189392,-0.0851190909743309
0.4186154305934906,0.37536150217056274,-0.07546679675579071
0.6190553307533264,0.4113175868988037,-0.05208536610007286
0.3590274751186371,0.416267454624176,-0.008102615363895893
0.5698111653327942,0.44553342461586,-0.241009920835495
0.41332095861434937,0.44644561409950256,-0.1429648995399475
0.5560762286186218,0.4579371511936188,-0.297078013420105
0.4265426695346832,0.45702439546585083,-0.18886937201023102
0.5475876331329346,0.4487597346305847,-0.3195808529853821
0.4360668659210205,0.44833311438560486,-0.21559229493141174
0.5502079725265503,0.4451090395450592,-0.25263720750808716
0.4344661235809326,0.4451140761375427,-0.154181107878685
0.53098064661026,0.488420307636261,0.00514202332124114
0.4527283012866974,0.4892308712005615,-0.0053762029856443405
0.5537653565406799,0.5817748308181763,-0.02509954571723938
0.4386565685272217,0.5824398398399353,-0.029146986082196236
0.5572124719619751,0.6632627248764038,0.25098174810409546
0.43052178621292114,0.6645306944847107,0.23620077967643738
0.5469640493392944,0.6713257431983948,0.2672862410545349
0.4387586712837219,0.672168493270874,0.25307923555374146
0.5739961862564087,0.6974363327026367,0.06384886801242828
0.42538952827453613,0.6988621950149536,0.0576656199991703
-
0.47550880908966064,0.31899917125701904,-0.41235318779945374
0.4829866290092468,0.31240302324295044,-0.3897755444049835
0.48837611079216003,0.3122681975364685,-0.3897095024585724
0.4927772581577301,0.3122939169406891,-0.38970625400543213
0.4668014645576477,0.31351643800735474,-0.38681694865226746
0.4614361524581909,0.31409692764282227,-0.3868328034877777
0.45620667934417725,0.3150278329849243,-0.3868035078048706
0.5002188086509705,0.31746262311935425,-0.22446170449256897
0.45312097668647766,0.3213607370853424,-0.21129387617111206
0.48722004890441895,0.32694771885871887,-0.34864968061447144
0.4667835533618927,0.3284440040588379,-0.34473177790641785
0.5548721551895142,0.3637498915195465,-0.08608497679233551
0.4194149971008301,0.36855724453926086,-0.0842064619064331
0.6227505207061768,0.4035988748073578,-0.0013919319026172161
0.35900574922561646,0.40743955969810486,-0.013079371303319931
0.5779738426208496,0.439312607049942,-0.12652644515037537
0.4123513996601105,0.4396013617515564,-0.11958075314760208
0.5606552362442017,0.44928473234176636,-0.16928330063819885
0.42601272463798523,0.44817662239074707,-0.16102388501167297
0.5522104501724243,0.44095999002456665,-0.19553203880786896
0.43587636947631836,0.44106826186180115,-0.1862439513206482
0.5552689433097839,0.43704190850257874,-0.13687381148338318
0.4344097971916199,0.43809986114501953,-0.1297689825296402
0.5324411392211914,0.4797767996788025,0.013074133545160294
0.45284298062324524,0.4795404374599457,-0.013326877728104591
0.5529395341873169,0.5717911124229431,-0.005038616247475147
0.44008877873420715,0.5756344199180603,-0.037234894931316376
0.5585743188858032,0.6531455516815186,0.2550710141658783
0.4320709705352783,0.6556218266487122,0.21622277796268463
0.5469648838043213,0.6638211011886597,0.2699919044971466
0.43920034170150757,0.6633000373840332,0.23210130631923676
0.5846956968307495,0.687651515007019,0.07102613896131516
0.43061718344688416,0.6888095140457153,0.037639401853084564
-
0.47551223635673523,0.31217220425605774,-0.41434070467948914
0.48299461603164673,0.3067992925643921,-0.3919159770011902
0.48838016390800476,0.30678990483283997,-0.3918426036834717
0.49278128147125244,0.30690085887908936,-0.3918416202068329
0.4668697416782379,0.3074207603931427,-0.38911962509155273
0.4615558981895447,0.3078121542930603,-0.3891366720199585
0.4562928080558777,0.30843719840049744,-0.38909804821014404
0.500293493270874,0.31151533126831055,-0.22925063967704773
0.4533853232860565,0.31487005949020386,-0.2169320434331894
0.4872567057609558,0.3202196955680847,-0.3516924977302551
0.46679073572158813,0.32164865732192993,-0.34782397747039795
0.5550804138183594,0.35832303762435913,-0.09042027592658997
0.42076534032821655,0.36538511514663696,-0.09104885160923004
0.6237367987632751,0.3981326222419739,0.00976131297647953
0.3596158027648926,0.40416043996810913,-0.00873576384037733
0.5798333287239075,0.4353500306606293,-0.09974756091833115
0.4123009145259857,0.4361787438392639,-0.10215134173631668
0.5626827478408813,0.4468182921409607,-0.13795509934425354
0.4257970452308655,0.4445652365684509,-0.1407783329486847
0.5547059178352356,0.4392857551574707,-0.16839434206485748
0.4356605112552643,0.4376579821109772,-0.16653858125209808
0.5579572319984436,0.43561458587646484,-0.11136022955179214
0.4341978430747986,0.4347772002220154,-0.11258645355701447
0.5335630178451538,0.474719375371933,0.012026253156363964
0.45350804924964905,0.4740568697452545,-0.012271717190742493
0.5528339147567749,0.564933717250824,-0.013751287013292313
0.4407663941383362,0.5676653981208801,-0.03693343698978424
0.5592466592788696,0.6467077136039734,0.2324037104845047
0.43460023403167725,0.6478431224822998,0.22069701552391052
0.5479013919830322,0.656892716884613,0.24652482569217682
0.4415511190891266,0.6555112600326538,0.23629865050315857
0.5855709314346313,0.6805981397628784,0.04856416955590248
0.433244913816452,0.6805483102798462,0.0452050156891346
-
0.4755314290523529,0.31164485216140747,-0.47165098786354065
0.4830026924610138,0.30548542737960815,-0.4462725818157196
0.488402783870697,0.30537694692611694,-0.44619518518447876
0.4928290545940399,0.3053540587425232,-0.4461820721626282
0.4668889343738556,0.30627673864364624,-0.4446302652359009
0.46156880259513855,0.30674248933792114,-0.44468238949775696
0.45631375908851624,0.307492196559906,-0.4446561634540558
0.500508189201355,0.30948808789253235,-0.2685753107070923
0.4535619616508484,0.3141114413738251,-0.26189714670181274
0.48748233914375305,0.319723904132843,-0.40362465381622314
0.4672824442386627,0.3217346966266632,-0.4017445743083954
0.5563312768936157,0.356933057308197,-0.1047767847776413
0.42338651418685913,0.3616798222064972,-0.1320219188928604
0.6250292062759399,0.39616477489471436,-0.008171884343028069
0.3595455288887024,0.4006374478340149,-0.056827612221241
0.5808536410331726,0.43446463346481323,-0.139968141913414
0.4110793173313141,0.4323965013027191,-0.17505338788032532
0.5644974708557129,0.4473453164100647,-0.18326838314533234
0.4249420464038849,0.44309431314468384,-0.2215040773153305
0.5552467107772827,0.4389818608760834,-0.21340426802635193
0.4351954162120819,0.4364217221736908,-0.24919408559799194
0.5584240555763245,0.4349974989891052,-0.1522071361541748
0.4333944618701935,0.43326282501220703,-0.1865404099225998
0.5339781641960144,0.473166286945343,0.015405630692839622
0.4536665081977844,0.47339409589767456,-0.015647660940885544
0.553442656993866,0.5620752573013306,-0.0177556574344635
0.4434310495853424,0.5653244256973267,-0.035834379494190216
0.5605890154838562,0.646353542804718,0.2519412934780121
0.43735042214393616,0.6438882350921631,0.24566420912742615
0.5483436584472656,0.6554392576217651,0.268667072057724
0.44445860385894775,0.6505623459815979,0.2628882825374603
0.586726725101471,0.6787329316139221,0.06610982865095139
0.43448710441589355,0.6763747334480286,0.059279244393110275
-
0.4764389097690582,0.30872318148612976,-0.4520784616470337
0.48359236121177673,0.3028451204299927,-0.4268202483654022
0.488995224237442,0.30276376008987427,-0.42676112055778503
0.4932518005371094,0.3028889298439026,-0.4267539978027344
0.4678093492984772,0.3040703535079956,-0.4252598285675049
0.4624856412410736,0.3049814999103546,-0.425301194190979
0.45721545815467834,0.30598926544189453,-0.4252694547176361
0.5008615255355835,0.3080713450908661,-0.25496706366539
0.454084575176239,0.31304457783699036,-0.25303834676742554
0.4886380434036255,0.3165016770362854,-0.3867003917694092
0.468721479177475,0.3183857202529907,-0.38504961133003235
0.558758020401001,0.35579153895378113,-0.10371223092079163
0.42432576417922974,0.36046481132507324,-0.12986890971660614
0.6264858841896057,0.3961806893348694,-0.004494410939514637
0.3595030605792999,0.4004940986633301,-0.04050496593117714
0.5808225870132446,0.4339829981327057,-0.12977862358093262
0.41066017746925354,0.43154579401016235,-0.16356950998306274
0.5637901425361633,0.4472517967224121,-0.17245593667030334
0.4248334765434265,0.44226598739624023,-0.210958331823349
0.5547692775726318,0.43938344717025757,-0.20116709172725677
0.4351195991039276,0.4349474012851715,-0.23981791734695435
0.5582953691482544,0.43509411811828613,-0.14136075973510742
0.43322089314460754,0.4316750466823578,-0.17572227120399475
0.5345556735992432,0.47409963607788086,0.014535236172378063
0.4538508951663971,0.4737083315849304,-0.014772898517549038
0.5547060370445251,0.5613470077514648,-0.01941894367337227
0.445696085691452,0.5643896460533142,-0.0359933003783226
0.5604894161224365,0.6449648141860962,0.262152761220932
0.44099265336990356,0.6446077823638916,0.24969975650310516
0.5481074452400208,0.6531118154525757,0.280766099691391
0.4490106403827667,0.6516274809837341,0.2682510316371918
0.5850898027420044,0.6764861345291138,0.0801984965801239
0.4350290596485138,0.6762577295303345,0.07144102454185486
-
0.476439505815506,0.31205204129219055,-0.4488530457019806
0.4836069345474243,0.30589014291763306,-0.4246957004070282
0.4890003204345703,0.3057437241077423,-0.4246344268321991
0.4933299124240875,0.3057062029838562,-0.4246208667755127
0.4678901731967926,0.3070240914821625,-0.4213934540748596
0.4625992774963379,0.3078099489212036,-0.4214303195476532
0.45739713311195374,0.30870291590690613,-0.42140430212020874
0.5010687708854675,0.31061744689941406,-0.2562316358089447
0.454460471868515,0.3148215711116791,-0.24429777264595032
0.48865431547164917,0.320332407951355,-0.38444197177886963
0.46871739625930786,0.3216720223426819,-0.38064372539520264
0.5595090985298157,0.35762861371040344,-0.110169418156147
0.4255298972129822,0.36174383759498596,-0.12152218073606491
0.6273189187049866,0.4001119136810303,-0.017615482211112976
0.3594188690185547,0.40278586745262146,-0.03768128901720047
0.5803245902061462,0.4366569519042969,-0.15058830380439758
0.4108230471611023,0.4342947006225586,-0.16336126625537872
0.563553512096405,0.4488261640071869,-0.19463306665420532
0.4250129163265228,0.44437533617019653,-0.2108108103275299
0.5546776056289673,0.44153061509132385,-0.22154153883457184
0.43539559841156006,0.4375564455986023,-0.23874585330486298
0.5580549240112305,0.4375155568122864,-0.1611715853214264
0.4334486722946167,0.4342302680015564,-0.17551672458648682
0.5346352458000183,0.4766755998134613,0.010198775678873062
0.45390862226486206,0.47546711564064026,-0.010416677221655846
0.5554437637329102,0.5639634132385254,-0.022649012506008148
0.4462960958480835,0.5671956539154053,-0.03613521531224251
0.5604550838470459,0.6464946269989014,0.2444923222064972
0.4415304362773895,0.6459104418754578,0.23320479691028595
0.5480881929397583,0.6548841595649719,0.26085901260375977
0.4502461850643158,0.6535612344741821,0.24971431493759155
0.5839346051216125,0.6772946715354919,0.058542732149362564
0.4354400336742401,0.6764845252037048,0.05331370607018471
-
0.4773014485836029,0.31558871269226074,-0.4490252733230591
0.4847370684146881,0.30943650007247925,-0.42291367053985596
0.49011725187301636,0.30938589572906494,-0.42285293340682983
0.49442875385284424,0.3094426095485687,-0.42284366488456726
0.46915918588638306,0.31044119596481323,-0.42102640867233276
0.4641611874103546,0.31100907921791077,-0.4210556149482727
0.4593154191970825,0.3116997480392456,-0.4210153818130493
0.502765417098999,0.31419381499290466,-0.2515000104904175
0.4558538794517517,0.31771793961524963,-0.24198995530605316
0.48967087268829346,0.32369524240493774,-0.3828592598438263
0.4694342613220215,0.32483646273612976,-0.38081422448158264
0.5594349503517151,0.36177873611450195,-0.10678832978010178
0.42572924494743347,0.36617419123649597,-0.1183697059750557
0.6278798580169678,0.40288782119750977,-0.006844812538474798
0.3593488037586212,0.4058147072792053,-0.02512691356241703
0.5809398293495178,0.43909239768981934,-0.13529472053050995
0.41054102778434753,0.43844136595726013,-0.15261997282505035
0.5635896325111389,0.4509305953979492,-0.17904697358608246
0.42471805214881897,0.4481211304664612,-0.1985563337802887
0.5548281073570251,0.4438928961753845,-0.20471493899822235
0.4353509545326233,0.44133931398391724,-0.22647026181221008
0.5582584738731384,0.4395214915275574,-0.14543519914150238
0.4334142506122589,0.4381004273891449,-0.16447900235652924
0.5355133414268494,0.479820191860199,0.009604737162590027
0.45493486523628235,0.47898679971694946,-0.009817703627049923
0.5560755729675293,0.5684020519256592,-0.02562887594103813
0.4465346336364746,0.5712963342666626,-0.036236632615327835
0.56053227186203,0.6495079398155212,0.2504567503929138
0.44190508127212524,0.647420346736908,0.23666341602802277
0.5480350255966187,0.6578176021575928,0.2677244246006012
0.45175832509994507,0.655677318572998,0.2548712491989136
0.5832887291908264,0.6803469061851501,0.06431218981742859
0.4362984895706177,0.6783257722854614,0.06400832533836365
-
0.47823262214660645,0.31699490547180176,-0.44556504487991333
0.4857445955276489,0.311123251914978,-0.41970235109329224
0.49123242497444153,0.3111138939857483,-0.4196434020996094
0.4954931437969208,0.311159610748291,-0.419634073972702
0.4701436460018158,0.3113959729671478,-0.4178239703178406
0.4651563763618469,0.3113412857055664,-0.4178546369075775
0.46013501286506653,0.3118754029273987,-0.41781726479530334
0.5042551159858704,0.31550759077072144,-0.24849455058574677
0.4566100537776947,0.3193574547767639,-0.23379334807395935
0.49083712697029114,0.3257587254047394,-0.38001611828804016
0.47004690766334534,0.3267053961753845,-0.37798741459846497
0.5601474046707153,0.36312082409858704,-0.10427297651767731
0.42583146691322327,0.3666425347328186,-0.09717483818531036
0.6287000179290771,0.40349870920181274,-0.010330231860280037
0.36004650592803955,0.40752020478248596,-0.006791052408516407
0.5837637186050415,0.4406149387359619,-0.1455899029970169
0.4108114540576935,0.44066938757896423,-0.1343066394329071
0.5669403672218323,0.45293301343917847,-0.1905004233121872
0.4251762926578522,0.4491395950317383,-0.18066194653511047
0.5586439371109009,0.4451104998588562,-0.21936576068401337
0.4354158937931061,0.44176211953163147,-0.20860505104064941
0.5615881085395813,0.440385639667511,-0.15773001313209534
0.4333116412162781,0.4385387897491455,-0.14673912525177002
0.5365630388259888,0.48054805397987366,0.008066807873547077
0.4565871059894562,0.4809580445289612,-0.008278430439531803
0.5573245286941528,0.5737029314041138,-0.049605220556259155
0.44769179821014404,0.5731855034828186,-0.04914296045899391
0.5604279637336731,0.6510311365127563,0.2770597040653229
0.44320058822631836,0.6485379934310913,0.26176074147224426
0.5475088357925415,0.6594787240028381,0.3005874752998352
0.4542138874530792,0.6588844060897827,0.28446829319000244
0.581221878528595,0.6828763484954834,0.09825287759304047
0.4376979470252991,0.6795435547828674,0.09217803925275803
-
0.48050621151924133,0.3304654657840729,-0.4313963055610657
0.4886542558670044,0.3250420391559601,-0.4001130759716034
0.4940418601036072,0.3250647187232971,-0.40009889006614685
0.4979752004146576,0.3250977396965027,-0.4000946879386902
0.47251591086387634,0.325453519821167,-0.4016258120536804
0.4671229124069214,0.325675904750824,-0.40163037180900574
0.46222373843193054,0.32615646719932556,-0.4015684723854065
0.5068289637565613,0.32853248715400696,-0.21444326639175415
0.45771920680999756,0.3316813111305237,-0.21846167743206024
0.492959588766098,0.33959856629371643,-0.3619573712348938
0.47180062532424927,0.3414731025695801,-0.36384594440460205
0.5601115822792053,0.37352997064590454,-0.08490515500307083
0.42668774724006653,0.38020721077919006,-0.0759352594614029
0.6278195977210999,0.4119133949279785,-0.006981237791478634
0.3609970211982727,0.41816839575767517,0.005642329342663288
0.5915335416793823,0.44224363565444946,-0.1652524769306183
0.4114393889904022,0.45129385590553284,-0.13463513553142548
0.5756976008415222,0.4548579752445221,-0.21810299158096313
0.4260016679763794,0.4622264802455902,-0.1827751100063324
0.5670883059501648,0.4509549140930176,-0.25480711460113525
0.43613120913505554,0.45479607582092285,-0.2105715572834015
0.5694082379341125,0.44616636633872986,-0.1834915429353714
0.4338577687740326,0.45138055086135864,-0.14732590317726135
0.5380468964576721,0.49047714471817017,0.0005657212459482253
0.4577353894710541,0.4913974702358246,-0.00073324452387169
0.558853268623352,0.5829635262489319,-0.07630003243684769
0.44748154282569885,0.5824505090713501,-0.07049860805273056
0.5608691573143005,0.6572421193122864,0.26379191875457764
0.44454532861709595,0.6588000059127808,0.25622114539146423
0.5476691126823425,0.666425347328186,0.28723621368408203
0.45666155219078064,0.6687160134315491,0.27971595525741577
0.580807089805603,0.696200966835022,0.0859486535191536
0.4385940432548523,0.6921273469924927,0.09172326326370239
-
0.4825657606124878,0.3455790877342224,-0.4229564964771271
0.4903310537338257,0.339322566986084,-0.3928226828575134
0.49560004472732544,0.33926334977149963,-0.39281004667282104
0.49951741099357605,0.3392508625984192,-0.39280712604522705
0.4738570749759674,0.3403010964393616,-0.3941107988357544
0.46848708391189575,0.340985506772995,-0.39412781596183777
0.4635324776172638,0.3419962525367737,-0.3940712809562683
0.5087727308273315,0.34328693151474,-0.21036703884601593
0.45850634574890137,0.3477602005004883,-0.21408478915691376
0.4945061206817627,0.35485345125198364,-0.35404255986213684
0.4732581675052643,0.3563576936721802,-0.355683296918869
0.5602753162384033,0.3872193396091461,-0.08334390819072723
0.42714178562164307,0.392877995967865,-0.07005014270544052
0.6276276707649231,0.42598956823349,-0.007127903401851654
0.3625923693180084,0.43128228187561035,0.011288147419691086
0.5913127660751343,0.46008095145225525,-0.1599617451429367
0.4143669009208679,0.46394187211990356,-0.12092811614274979
0.5748108625411987,0.4735054075717926,-0.21014949679374695
0.429377019405365,0.4754737913608551,-0.16775870323181152
0.5654907822608948,0.4682832658290863,-0.24434103071689606
0.43855831027030945,0.4680729806423187,-0.1939067840576172
0.5678655505180359,0.46352964639663696,-0.17594221234321594
0.43594714999198914,0.4645100235939026,-0.1325349360704422
0.5395880341529846,0.5062457323074341,-0.0030320296064019203
0.45912933349609375,0.5070503950119019,0.002898192498832941
0.5598565340042114,0.5944249629974365,-0.06933204084634781
0.4475899040699005,0.5971614122390747,-0.045403823256492615
0.5613577365875244,0.6696640253067017,0.25046074390411377
0.4464435875415802,0.672218918800354,0.24691399931907654
0.5486987829208374,0.6785410046577454,0.27084141969680786
0.45728927850723267,0.6822415590286255,0.2646913528442383
0.5805993676185608,0.7063402533531189,0.07094612717628479
0.44038912653923035,0.7046929001808167,0.07326174527406693
-
0.4841514527797699,0.36005696654319763,-0.42131373286247253
0.49173808097839355,0.3531072437763214,-0.3926395773887634
0.4968704283237457,0.35310429334640503,-0.39262109994888306
0.5008002519607544,0.35339173674583435,-0.3926246762275696
0.47547462582588196,0.3543180227279663,-0.39250022172927856
0.4700567126274109,0.35514259338378906,-0.3925248384475708
0.4651602506637573,0.3561148941516876,-0.3924850523471832
0.5101026892662048,0.35919898748397827,-0.2156113237142563
0.45967039465904236,0.3628368675708771,-0.215393528342247
0.4958091676235199,0.3688792586326599,-0.3551134467124939
0.47432395815849304,0.3698424994945526,-0.3551715612411499
0.5607362389564514,0.40330615639686584,-0.1006108894944191
0.4280940592288971,0.4080986976623535,-0.07526455819606781
0.6279765367507935,0.4394020438194275,-0.04068794846534729
0.366080641746521,0.44559913873672485,0.003207031637430191
0.5882840156555176,0.477150022983551,-0.18753251433372498
0.41898879408836365,0.4793640673160553,-0.11272288113832474
0.5715999007225037,0.4897441267967224,-0.2373937964439392
0.4320167601108551,0.4904353618621826,-0.15748664736747742
0.5642520785331726,0.4839792251586914,-0.26491454243659973
0.4413488507270813,0.4843152165412903,-0.18291890621185303
0.566926896572113,0.4798332750797272,-0.19997264444828033
0.43956857919692993,0.4807121157646179,-0.12429967522621155
0.5399128794670105,0.5213891267776489,-0.004005387891083956
0.45969298481941223,0.5218244194984436,0.00389124290086329
0.5632511973381042,0.6059059500694275,-0.05972680449485779
0.4473553001880646,0.60952228307724,-0.014629059471189976
0.5616366267204285,0.676853358745575,0.28368330001831055
0.44735920429229736,0.6793569922447205,0.2885073125362396
0.5501434206962585,0.6881644129753113,0.30687904357910156
0.4575941860675812,0.6903935670852661,0.30862000584602356
0.5803444385528564,0.7080533504486084,0.11459857225418091
0.44036319851875305,0.7075186967849731,0.1233551874756813
-
0.487223744392395,0.3746878504753113,-0.3713572323322296
0.49471229314804077,0.36849743127822876,-0.3417670726776123
0.4991782605648041,0.3685559630393982,-0.34176385402679443
0.5036114454269409,0.368752121925354,-0.34177517890930176
0.4790923595428467,0.368919312953949,-0.34250614047050476
0.4731762707233429,0.36940544843673706,-0.3425295650959015
0.4681852161884308,0.3699904680252075,-0.34248900413513184
0.5125912427902222,0.3739491105079651,-0.17217281460762024
0.46161603927612305,0.3758309781551361,-0.17580166459083557
0.49791789054870605,0.3840145170688629,-0.30872583389282227
0.4770827293395996,0.3846372663974762,-0.30987828969955444
0.5612752437591553,0.4181356430053711,-0.08084646612405777
0.42840516567230225,0.4226871430873871,-0.06894674897193909
0.6272257566452026,0.4532100260257721,-0.07125857472419739
0.36601436138153076,0.45953693985939026,-0.06296535581350327
0.5831757187843323,0.48840516805648804,-0.24561062455177307
0.42044541239738464,0.49127283692359924,-0.21913248300552368
0.5688967704772949,0.5000060796737671,-0.29873737692832947
0.43321964144706726,0.5028754472732544,-0.26952052116394043
0.5624067783355713,0.49502086639404297,-0.3155164122581482
0.4424445331096649,0.49721139669418335,-0.28384658694267273
0.5644188523292542,0.49099740386009216,-0.25546565651893616
0.4410031735897064,0.49344688653945923,-0.22766710817813873
0.5400513410568237,0.5359617471694946,-0.003870253451168537
0.46002116799354553,0.5369142293930054,0.0037336426321417093
0.5674249529838562,0.6187301278114319,-0.061052124947309494
0.447218120098114,0.6233620047569275,-0.020896626636385918
0.561890721321106,0.6818238496780396,0.3082222044467926
0.4469541907310486,0.6820337772369385,0.30987972021102905
0.5500263571739197,0.6924301385879517,0.33651116490364075
0.4575057923793793,0.6901910305023193,0.33532094955444336
0.5813102126121521,0.71019446849823,0.16443273425102234
0.4400844871997833,0.7098256349563599,0.169084832072258
-
0.48901164531707764,0.38341784477233887,-0.38926005363464355
0.4968874752521515,0.3774367570877075,-0.3593288064002991
0.5011959671974182,0.37759095430374146,-0.3593043386936188
0.5060741901397705,0.37778234481811523,-0.3593030273914337
0.4813670217990875,0.3774343729019165,-0.35971349477767944
0.4754405617713928,0.37771257758140564,-0.3597421944141388
0.470355361700058,0.37822985649108887,-0.35969212651252747
0.5141499638557434,0.3817721903324127,-0.1861405223608017
0.463896781206131,0.38240742683410645,-0.18936483561992645
0.4991972744464874,0.39258402585983276,-0.3255428671836853
0.4794251024723053,0.3933776617050171,-0.3262888491153717
0.5617102980613708,0.4279683530330658,-0.08293318748474121
0.42830246686935425,0.43255987763404846,-0.08468194305896759
0.6273699998855591,0.4657772481441498,-0.10576720535755157
0.3669644296169281,0.46837249398231506,-0.1313113272190094
0.5809711813926697,0.5013412237167358,-0.3160873055458069
0.41992026567459106,0.5003916025161743,-0.35596609115600586
0.5686216950416565,0.5135976076126099,-0.37631675601005554
0.43284574151039124,0.5119979977607727,-0.41732078790664673
0.5596722364425659,0.5066749453544617,-0.3909759521484375
0.442424476146698,0.5056819915771484,-0.43169403076171875
0.5623273253440857,0.5031623840332031,-0.32464897632598877
0.44118210673332214,0.5021917819976807,-0.3658083975315094
0.539924681186676,0.543519139289856,0.003418984357267618
0.4599507749080658,0.5445253849029541,-0.0035663938615471125
0.5723962187767029,0.6242996454238892,-0.05615171790122986
0.44644081592559814,0.6261845827102661,-0.05260385572910309
0.562115490436554,0.6828175783157349,0.36541393399238586
0.4474332928657532,0.6818835139274597,0.31487131118774414
0.5499405860900879,0.6912633180618286,0.39892008900642395
0.457809180021286,0.6878687739372253,0.34449824690818787
0.5837574601173401,0.7109662294387817,0.24287700653076172
0.44113388657569885,0.7095522880554199,0.1851489394903183
-
0.48922210931777954,0.3862156271934509,-0.41680800914764404
0.49670740962028503,0.3797232508659363,-0.38818320631980896
0.5009710788726807,0.3798466622829437,-0.3881433606147766
0.5057612061500549,0.3800421357154846,-0.3881458640098572
0.4812900424003601,0.38019850850105286,-0.3878447115421295
0.4755067527294159,0.38064074516296387,-0.38789913058280945
0.4706025719642639,0.3812749683856964,-0.3878481090068817
0.5143236517906189,0.38511019945144653,-0.22173212468624115
0.46453121304512024,0.3868407905101776,-0.22219456732273102
0.49967557191848755,0.3946465849876404,-0.35573822259902954
0.4804728627204895,0.3950226902961731,-0.3558632433414459
0.5618779063224792,0.4314018189907074,-0.11816765367984772
0.428280770778656,0.43578004837036133,-0.10553937405347824
0.6276517510414124,0.4698731005191803,-0.09442178159952164
0.3669734597206116,0.46935099363327026,-0.06509387493133545
0.5809465646743774,0.5062952637672424,-0.2686362862586975
0.41954755783081055,0.5024147629737854,-0.1263916939496994
0.5681793689727783,0.5197769403457642,-0.3211568593978882
0.43249067664146423,0.5122686624526978,-0.16404785215854645
0.5594286322593689,0.5149232149124146,-0.3430258333683014
0.44217169284820557,0.5060545206069946,-0.18132783472537994
0.5612890720367432,0.510519802570343,-0.27928224205970764
0.4408051371574402,0.502326488494873,-0.1333499550819397
0.5394651889801025,0.5453550219535828,0.004279477056115866
0.4598460793495178,0.5456479787826538,-0.004378755111247301
0.572969913482666,0.6261261105537415,-0.04682457819581032
0.4446397125720978,0.6281017065048218,-0.05288645997643471
0.5621384382247925,0.6835350394248962,0.3692159354686737
0.44797483086586,0.6825710535049438,0.3224979043006897
0.5499172806739807,0.6920279264450073,0.4019305408000946
0.4583512246608734,0.6881332993507385,0.3521557152271271
0.5836708545684814,0.7101658582687378,0.24048179388046265
0.4411695599555969,0.7093364000320435,0.18761931359767914
-
0.48887643218040466,0.3809133768081665,-0.42453646659851074
0.49637341499328613,0.3743860125541687,-0.39820241928100586
0.5006619691848755,0.37452617287635803,-0.3981677293777466
0.5053967237472534,0.37464237213134766,-0.39817672967910767
0.4809158742427826,0.37477484345436096,-0.3959987163543701
0.4751666188240051,0.3751175105571747,-0.3960563540458679
0.47028353810310364,0.37571436166763306,-0.3960284888744354
0.5139178037643433,0.3794943690299988,-0.2363964468240738
0.46425366401672363,0.3815694749355316,-0.22860898077487946
0.49938154220581055,0.389905720949173,-0.36438170075416565
0.48003023862838745,0.3904610276222229,-0.36232513189315796
0.5623939037322998,0.4271881580352783,-0.12943080067634583
0.42824381589889526,0.4295399785041809,-0.11160159856081009
0.627655029296875,0.46554645895957947,-0.10000761598348618
0.366772323846817,0.4638145864009857,-0.05806921795010567
0.5740963816642761,0.5038281679153442,-0.2528567910194397
0.4193170368671417,0.4977830946445465,-0.12995511293411255
0.561360776424408,0.51566082239151,-0.30137407779693604
0.43233439326286316,0.5097545385360718,-0.1683574765920639
0.5531908273696899,0.5101251006126404,-0.32215407490730286
0.4420158863067627,0.5034643411636353,-0.18287794291973114
0.5554011464118958,0.5066718459129333,-0.26191267371177673
0.44054386019706726,0.49932026863098145,-0.13598747551441193
0.5384933948516846,0.5423688292503357,0.005139220505952835
0.45952287316322327,0.5429992079734802,-0.0052334400825202465
0.5735137462615967,0.6265145540237427,-0.024226106703281403
0.4434788227081299,0.6288081407546997,-0.05075584352016449
0.5628967881202698,0.6816756129264832,0.40722325444221497
0.4477912187576294,0.6827543377876282,0.3230602443218231
0.5508477091789246,0.6902399659156799,0.44251230359077454
0.4587966799736023,0.6892513632774353,0.3523840308189392
0.5838915109634399,0.7089649438858032,0.2870027422904968
0.440375953912735,0.7088720202445984,0.18681329488754272
-
0.48872876167297363,0.37308329343795776,-0.4282270073890686
0.49607691168785095,0.3667820692062378,-0.40280014276504517
0.5004476308822632,0.36683768033981323,-0.4027835726737976
0.505279541015625,0.36694785952568054,-0.40280404686927795
0.4806026816368103,0.3673194348812103,-0.4003540575504303
0.47491979598999023,0.36774370074272156,-0.4004080593585968
0.4700598120689392,0.36833715438842773,-0.40037599205970764
0.5137282013893127,0.3716115951538086,-0.2394818663597107
0.4640917181968689,0.37399473786354065,-0.23000271618366241
0.4993593394756317,0.3819429874420166,-0.36722567677497864
0.48014041781425476,0.3825961947441101,-0.3645797669887543
0.5627982020378113,0.41933345794677734,-0.12893812358379364
0.4271586239337921,0.422880083322525,-0.10805956274271011
0.6272322535514832,0.45734843611717224,-0.126427561044693
0.36721140146255493,0.457888662815094,-0.018082039430737495
0.5742838382720947,0.493796169757843,-0.32931309938430786
0.4191764295101166,0.49211034178733826,-0.07297379523515701
0.5614063143730164,0.5061908960342407,-0.3842260539531708
0.43207913637161255,0.5029518604278564,-0.10697412490844727
0.5533004999160767,0.5002474784851074,-0.4027675688266754
0.4418857991695404,0.49629297852516174,-0.12576185166835785
0.5555899143218994,0.4964090883731842,-0.33896490931510925
0.44036948680877686,0.4926362633705139,-0.07990051060914993
0.538470447063446,0.535163938999176,0.005819720681756735
0.45925962924957275,0.5363022089004517,-0.005893493536859751
0.5727724432945251,0.619270920753479,-0.0293451976031065
0.4431299865245819,0.6240438222885132,-0.04657645896077156
0.5628599524497986,0.6810793280601501,0.3722689747810364
0.44768333435058594,0.6817452311515808,0.3247009813785553
0.5503454804420471,0.6901589632034302,0.4038093686103821
0.4587826728820801,0.6879554986953735,0.3528168499469757
0.5842646956443787,0.7080498933792114,0.23723076283931732
0.4407590627670288,0.7078672051429749,0.18109320104122162
-
0.4859675467014313,0.3620498776435852,-0.43402549624443054
0.4931311011314392,0.3551168143749237,-0.4091888964176178
0.4981728792190552,0.35497742891311646,-0.4091532826423645
0.5028393864631653,0.3550455868244171,-0.4091682732105255
0.4771994650363922,0.3567580580711365,-0.40533509850502014
0.4718227684497833,0.35777297616004944,-0.40538379549980164
0.4670593738555908,0.358511745929718,-0.4053572416305542
0.5113881826400757,0.3599448502063751,-0.24514418840408325
0.46258091926574707,0.3646898865699768,-0.22985875606536865
0.49754035472869873,0.37023690342903137,-0.3724842369556427
0.47739437222480774,0.37122076749801636,-0.36805111169815063
0.5626698732376099,0.4096969962120056,-0.12394124269485474
0.42634233832359314,0.4114740788936615,-0.10517512261867523
0.6252797245979309,0.4542391896247864,-0.07136805355548859
0.3688066303730011,0.4495369493961334,-0.005049158353358507
0.572292149066925,0.48794427514076233,-0.1872391402721405
0.4198562502861023,0.48460692167282104,-0.07259497791528702
0.5553004145622253,0.497205913066864,-0.22828409075737
0.4320782423019409,0.4934573173522949,-0.108141228556633
0.5498097538948059,0.4928031861782074,-0.24727675318717957
0.4417589008808136,0.48613229393959045,-0.12958964705467224
0.5526784062385559,0.4896175265312195,-0.19475220143795013
0.44030460715293884,0.482462078332901,-0.08117538690567017
0.5377862453460693,0.5255492925643921,0.005886642728000879
0.4592023491859436,0.5274214148521423,-0.0059868348762393
0.5687212347984314,0.6152359247207642,-0.04218542203307152
0.443326473236084,0.6233035326004028,-0.05698421224951744
0.5629338622093201,0.6797400116920471,0.35490068793296814
0.4475860893726349,0.6809169054031372,0.3152642250061035
0.5508179664611816,0.688809335231781,0.38470759987831116
0.45865920186042786,0.687258243560791,0.34224480390548706
0.5829038023948669,0.7074476480484009,0.21303823590278625
0.4415459930896759,0.7084622979164124,0.17046873271465302
-
0.4851859211921692,0.3454129695892334,-0.42690154910087585
0.49263694882392883,0.33856162428855896,-0.405487060546875
0.49777981638908386,0.3386208415031433,-0.40544891357421875
0.5021435618400574,0.33871257305145264,-0.4054297208786011
0.47586339712142944,0.339468389749527,-0.4027106761932373
0.47037312388420105,0.34009355306625366,-0.40275344252586365
0.46516138315200806,0.340881884098053,-0.40275776386260986
0.5109685063362122,0.34326106309890747,-0.2425851672887802
0.46113449335098267,0.34830591082572937,-0.22809283435344696
0.4969550371170044,0.3546273708343506,-0.36471959948539734
0.4764793813228607,0.3564547598361969,-0.36193546652793884
0.5619097352027893,0.3936285972595215,-0.10806997865438461
0.42591002583503723,0.3951781988143921,-0.10460524260997772
0.62287837266922,0.4344664514064789,-0.06078851595520973
0.36805233359336853,0.4328383803367615,-0.011723053641617298
0.5709988474845886,0.46801725029945374,-0.19166317582130432
0.41899389028549194,0.4670388102531433,-0.09680303931236267
0.5559188723564148,0.4776729643344879,-0.2388540506362915
0.43141013383865356,0.4777272343635559,-0.1342710554599762
0.5500503778457642,0.47138112783432007,-0.260003924369812
0.44060102105140686,0.46953243017196655,-0.15640804171562195
0.5527832508087158,0.4686153531074524,-0.19805200397968292
0.43881404399871826,0.4660721719264984,-0.1053619384765625
0.5369279384613037,0.5101181268692017,0.005872446112334728
0.4588043987751007,0.5118345022201538,-0.005965217016637325
0.5629727840423584,0.5991491675376892,-0.020493188872933388
0.44361695647239685,0.6027106046676636,-0.052719634026288986
0.5629385113716125,0.6772992610931396,0.320717990398407
0.44648635387420654,0.6799027323722839,0.2518446445465088
0.5516685843467712,0.6857965588569641,0.34191641211509705
0.4582335650920868,0.6869263648986816,0.2700634300708771
0.5821136236190796,0.7073326706886292,0.14360767602920532
0.44146376848220825,0.7078754901885986,0.07178560644388199
-
0.4830606281757355,0.3318224251270294,-0.39609989523887634
0.4910193681716919,0.32552826404571533,-0.3736383616924286
0.4964631497859955,0.32557225227355957,-0.37360137701034546
0.500695526599884,0.3257252871990204,-0.37356695532798767
0.47405722737312317,0.32621097564697266,-0.3717326819896698
0.4686320722103119,0.3267098665237427,-0.371759831905365
0.46340683102607727,0.32745295763015747,-0.3717730641365051
0.5091359615325928,0.3304595351219177,-0.20897211134433746
0.4601859152317047,0.334467351436615,-0.19968071579933167
0.49498826265335083,0.3410587012767792,-0.33265420794487
0.4740332365036011,0.34264248609542847,-0.33049193024635315
0.5612344741821289,0.3803803324699402,-0.07732408493757248
0.42550355195999146,0.3814513683319092,-0.0798996314406395
0.6215025186538696,0.4201813340187073,-0.05234748125076294
0.3666920065879822,0.4173460006713867,-0.009102304466068745
0.5695729851722717,0.45322051644325256,-0.2374037355184555
0.41448110342025757,0.4514564871788025,-0.11138841509819031
0.5563386082649231,0.46367183327674866,-0.2907411456108093
0.4273732006549835,0.4630712568759918,-0.1513923704624176
0.5502004623413086,0.45648831129074097,-0.31207606196403503
0.4366191327571869,0.45508331060409546,-0.17295919358730316
0.5526954531669617,0.45332565903663635,-0.24778342247009277
0.43494415283203125,0.45201897621154785,-0.12032998353242874
0.5341805219650269,0.4968503415584564,0.006425230298191309
0.45639854669570923,0.4982958436012268,-0.00658501498401165
0.557482123374939,0.5882372260093689,-0.025344301015138626
0.44392648339271545,0.5897735953330994,-0.05159342661499977
0.5634335279464722,0.6710268259048462,0.27813443541526794
0.44452205300331116,0.6707159876823425,0.2590169608592987
0.5527752637863159,0.6789172887802124,0.2972216010093689
0.4564359784126282,0.6778944134712219,0.2798706591129303
0.5822849273681641,0.7049457430839539,0.09672781825065613
0.4410204291343689,0.7072764039039612,0.089872807264328
-
0.4823906719684601,0.3211647868156433,-0.41089874505996704
0.48989152908325195,0.31486183404922485,-0.38850152492523193
0.4953764081001282,0.31472793221473694,-0.3884349763393402
0.4994637668132782,0.3146548569202423,-0.3883931040763855
0.4733279049396515,0.31635403633117676,-0.3872755765914917
0.46796998381614685,0.31707143783569336,-0.38730019330978394
0.46268054842948914,0.3178859353065491,-0.38728976249694824
0.5062181949615479,0.3197161555290222,-0.22361639142036438
0.4594624936580658,0.32373908162117004,-0.21846365928649902
0.4942043721675873,0.3306553363800049,-0.3473448157310486
0.4730190336704254,0.3322438895702362,-0.3462940752506256
0.5601362586021423,0.37020236253738403,-0.0779256746172905
0.42245155572891235,0.37186121940612793,-0.08550446480512619
0.6215716600418091,0.40980300307273865,-0.023328298702836037
0.35960811376571655,0.4093872904777527,-0.011187857948243618
0.5702757239341736,0.4436265528202057,-0.16755910217761993
0.40766066312789917,0.4419701099395752,-0.11696819961071014
0.5573064684867859,0.45599818229675293,-0.21232108771800995
0.42057114839553833,0.45323610305786133,-0.15771695971488953
0.5503200888633728,0.44768157601356506,-0.24182946979999542
0.42958641052246094,0.44577664136886597,-0.17742322385311127
0.5527318716049194,0.4433352053165436,-0.17951267957687378
0.4273952841758728,0.44228848814964294,-0.1239408478140831
0.5331716537475586,0.484395831823349,0.006372504867613316
0.4543793201446533,0.4857613146305084,-0.006534201093018055
0.5525534152984619,0.5767901539802551,-0.0027338771615177393
0.4439985156059265,0.5792486071586609,-0.030053339898586273
0.56358402967453,0.6602205634117126,0.258912056684494
0.4429214596748352,0.6608739495277405,0.2131800502538681
0.5530223250389099,0.6700705885887146,0.27276328206062317
0.455657958984375,0.6695436835289001,0.2246387004852295
0.5827078223228455,0.6920655965805054,0.0697532370686531
0.4335837960243225,0.6994859576225281,0.024016253650188446
-
0.48145073652267456,0.3145482540130615,-0.42023858428001404
0.4886317253112793,0.3081367015838623,-0.3983798921108246
0.49416038393974304,0.3079673945903778,-0.39830753207206726
0.4985683560371399,0.30794665217399597,-0.3982733488082886
0.47269317507743835,0.3092842996120453,-0.39538753032684326
0.46748191118240356,0.30991917848587036,-0.3953934609889984
0.4622371196746826,0.3107612431049347,-0.39536184072494507
0.5048165321350098,0.31348973512649536,-0.23448453843593597
0.45864835381507874,0.3168022036552429,-0.22265654802322388
0.493527889251709,0.32292288541793823,-0.35715973377227783
0.4725561738014221,0.3237725496292114,-0.35377588868141174
0.5582058429718018,0.3628401458263397,-0.0845673456788063
0.42180129885673523,0.36564144492149353,-0.0859357938170433
0.6216067671775818,0.4039181172847748,-0.01682497002184391
0.3590979278087616,0.40122294425964355,0.0013955431059002876
0.5712717175483704,0.4376230239868164,-0.14533564448356628
0.406364768743515,0.4345948100090027,-0.10516561567783356
0.5573654174804688,0.44733676314353943,-0.18763205409049988
0.41813138127326965,0.4445134997367859,-0.14431463181972504
0.5504462718963623,0.4399179518222809,-0.217060849070549
0.4281286895275116,0.4383256435394287,-0.16963718831539154
0.5527864098548889,0.4355390965938568,-0.15670336782932281
0.4262700378894806,0.43478140234947205,-0.11518094688653946
0.5313528180122375,0.4783555865287781,0.005639851558953524
0.45348629355430603,0.47889918088912964,-0.005817463155835867
0.5493425726890564,0.5683029890060425,-0.00256723933853209
0.44350099563598633,0.5705563426017761,-0.023511869832873344
0.5635698437690735,0.6506432294845581,0.24488678574562073
0.44129690527915955,0.6538505554199219,0.20065976679325104
0.5530384182929993,0.6612013578414917,0.25764918327331543
0.4542573392391205,0.6624066233634949,0.21072019636631012
0.5821750164031982,0.6824449300765991,0.05428387224674225
0.428398460149765,0.6874760389328003,0.009077413007616997
-
0.47889506816864014,0.31127408146858215,-0.4403330981731415
0.48716455698013306,0.3046269416809082,-0.41798481345176697
0.49272656440734863,0.30463477969169617,-0.41791221499443054
0.4976065456867218,0.3047671616077423,-0.4178919196128845
0.47087982296943665,0.3052590489387512,-0.41202256083488464
0.46541282534599304,0.305696576833725,-0.41203346848487854
0.46055540442466736,0.30630868673324585,-0.41201427578926086
0.5041424632072449,0.3094349205493927,-0.25773152709007263
0.4579322040081024,0.3118816614151001,-0.2324102371931076
0.490810364484787,0.320254385471344,-0.3791877329349518
0.4697483777999878,0.3211852014064789,-0.37182533740997314
0.5557520389556885,0.3595507740974426,-0.12939070165157318
0.42166781425476074,0.360534131526947,-0.08924177289009094
0.6208951473236084,0.39934951066970825,-0.0596737377345562
0.3570338785648346,0.3975669741630554,-0.00426839804276824
0.5758267641067505,0.4309456944465637,-0.19665546715259552
0.40301716327667236,0.4326864778995514,-0.10803895443677902
0.5587754249572754,0.44346970319747925,-0.2402667999267578
0.41548460721969604,0.44324105978012085,-0.1500508040189743
0.5517102479934692,0.4372228980064392,-0.27092111110687256
0.42569491267204285,0.43700510263442993,-0.17496123909950256
0.5548115372657776,0.43277376890182495,-0.20781585574150085
0.4233376681804657,0.4338226914405823,-0.11926116049289703
0.5307435989379883,0.4765762388706207,-0.0007307319319806993
0.4514613747596741,0.4772814214229584,0.0005082596326246858
0.5487340688705444,0.5664626955986023,-0.011631712317466736
0.44064903259277344,0.5675588846206665,-0.027104966342449188
0.5621795058250427,0.6433714628219604,0.2912164628505707
0.44114622473716736,0.6471841335296631,0.2597411572933197
0.5512445569038391,0.6529603004455566,0.313559353351593
0.4536004364490509,0.6553440093994141,0.27937379479408264
0.5785720944404602,0.6770529747009277,0.11359063535928726
0.4256708025932312,0.6800591945648193,0.08672384917736053
-
0.477851539850235,0.3111233115196228,-0.46134868264198303
0.48631778359413147,0.30434122681617737,-0.43746402859687805
0.4917789399623871,0.304290771484375,-0.43739989399909973
0.49687686562538147,0.3043534457683563,-0.4373978078365326
0.46998366713523865,0.304778516292572,-0.43296384811401367
0.46452850103378296,0.30510836839675903,-0.43297910690307617
0.4598291516304016,0.30557891726493835,-0.4329449236392975
0.5034463405609131,0.3083118796348572,-0.2724462151527405
0.45728012919425964,0.31059151887893677,-0.2534576952457428
0.48952606320381165,0.3199726343154907,-0.39829713106155396
0.469054639339447,0.3207663893699646,-0.39297303557395935
0.553596019744873,0.3575151860713959,-0.14593543112277985
0.42121705412864685,0.35897621512413025,-0.1045927032828331
0.6206831932067871,0.3986437916755676,-0.07844483852386475
0.35456475615501404,0.3977959156036377,-0.029245607554912567
0.573591947555542,0.4335198998451233,-0.21187575161457062
0.4003821015357971,0.4308297038078308,-0.153428852558136
0.5571851134300232,0.446113646030426,-0.25650912523269653
0.41311144828796387,0.4419907033443451,-0.19831311702728271
0.5485466718673706,0.43814319372177124,-0.2818005383014679
0.42310965061187744,0.4356520175933838,-0.21919390559196472
0.5526933073997498,0.43405789136886597,-0.2203834503889084
0.4203225374221802,0.4325796067714691,-0.16307733952999115
0.5279731750488281,0.47469013929367065,-0.0036829959135502577
0.44896024465560913,0.4751715660095215,0.003450811142101884
0.5472956299781799,0.5631747841835022,-0.015335531905293465
0.438113272190094,0.563320517539978,-0.010828235186636448
0.5577602982521057,0.641499400138855,0.2923039197921753
0.44068780541419983,0.6436625719070435,0.28406503796577454
0.5471667647361755,0.6511898040771484,0.3137989342212677
0.4534328877925873,0.6520336866378784,0.30366089940071106
0.5734547972679138,0.6740129590034485,0.11885745823383331
0.42374491691589355,0.6747807264328003,0.11411140114068985
-
0.47763946652412415,0.3098662495613098,-0.4727931022644043
0.4857742190361023,0.30351778864860535,-0.4462619721889496
0.4911286532878876,0.3034627139568329,-0.4462122917175293
0.4964229464530945,0.3035900592803955,-0.4462206959724426
0.4693945050239563,0.30397698283195496,-0.443587988615036
0.4638848602771759,0.3043278455734253,-0.443607360124588
0.4592225253582001,0.3049030900001526,-0.44356629252433777
0.5025529861450195,0.3082868456840515,-0.2744047939777374
0.45640626549720764,0.3107157349586487,-0.26348286867141724
0.4892197847366333,0.3186034560203552,-0.4078654944896698
0.46875569224357605,0.31954771280288696,-0.4049617052078247
0.553165853023529,0.3577137589454651,-0.14812885224819183
0.4190191626548767,0.359403520822525,-0.12123438715934753
0.619421124458313,0.39838317036628723,-0.07748010754585266
0.35337087512016296,0.3995753526687622,-0.04772983118891716
0.5730475187301636,0.43340158462524414,-0.21628887951374054
0.4006539285182953,0.4317411780357361,-0.17212268710136414
0.5566271543502808,0.4460214078426361,-0.26188158988952637
0.41402918100357056,0.4435587525367737,-0.21890854835510254
0.5473611354827881,0.43813610076904297,-0.28828346729278564
0.4237271547317505,0.4361937642097473,-0.24050912261009216
0.5520164966583252,0.43411439657211304,-0.22571220993995667
0.4207621216773987,0.43273478746414185,-0.18236525356769562
0.5270719528198242,0.47686952352523804,-0.003219832666218281
0.4461868405342102,0.4768340587615967,0.0029964116401970387
0.5467879176139832,0.5650374293327332,-0.017093073576688766
0.43461841344833374,0.5696375370025635,-0.017216766253113747
0.5547885894775391,0.64198237657547,0.33665379881858826
0.4391002655029297,0.6414445638656616,0.33086273074150085
0.5438186526298523,0.6505824327468872,0.3636152446269989
0.4509480893611908,0.648740291595459,0.3578852713108063
0.5720168352127075,0.6743310689926147,0.17507629096508026
0.4234946668148041,0.672548770904541,0.17926084995269775
-
0.47684136033058167,0.3114176392555237,-0.4663079082965851
0.4842388927936554,0.3056800067424774,-0.4417734444141388
0.4893358051776886,0.30566608905792236,-0.44172587990760803
0.494629830121994,0.30568891763687134,-0.4417521059513092
0.4685748219490051,0.3063671588897705,-0.4389732778072357
0.46321746706962585,0.306797057390213,-0.438994437456131
0.45864930748939514,0.3073015511035919,-0.4389358460903168
0.5008862614631653,0.3103230893611908,-0.2699505388736725
0.4555242657661438,0.31293201446533203,-0.258739173412323
0.48801836371421814,0.31997862458229065,-0.40093401074409485
0.4679349362850189,0.3207635283470154,-0.39776208996772766
0.5523115992546082,0.36071568727493286,-0.13919025659561157
0.4164242744445801,0.36125046014785767,-0.11538686603307724
0.6162099838256836,0.4014265537261963,-0.07412953674793243
0.35212570428848267,0.40178900957107544,-0.04527175799012184
0.5710508227348328,0.4359658658504486,-0.22457875311374664
0.39991578459739685,0.43470674753189087,-0.1625150889158249
0.5559021234512329,0.44791489839553833,-0.2726437747478485
0.41229355335235596,0.44698256254196167,-0.2082936018705368
0.5466676354408264,0.44022923707962036,-0.29915565252304077
0.42215055227279663,0.4402788579463959,-0.23105740547180176
0.5512616038322449,0.4361700415611267,-0.2349953055381775
0.4197823703289032,0.4364283084869385,-0.17316247522830963
0.5255773663520813,0.47802191972732544,-0.004380083177238703
0.4452732503414154,0.47791847586631775,0.004171297419816256
0.5449238419532776,0.5664073824882507,-0.015053770504891872
0.43437957763671875,0.5677828788757324,-0.0071078455075621605
0.5535123348236084,0.6426935195922852,0.30636051297187805
0.4375322461128235,0.6446420550346375,0.31047749519348145
0.5433380007743835,0.6507638692855835,0.32643237709999084
0.4488428831100464,0.652370274066925,0.32396262884140015
0.5677593946456909,0.6755207777023315,0.12677191197872162
0.42079904675483704,0.675632119178772,0.1267215460538864
-
0.4765414893627167,0.315847247838974,-0.4600377380847931
0.48351696133613586,0.30985337495803833,-0.43393978476524353
0.488701194524765,0.30981388688087463,-0.4339033365249634
0.49399346113204956,0.309845894575119,-0.4339146018028259
0.468082457780838,0.3105568289756775,-0.43149036169052124
0.462827205657959,0.31099435687065125,-0.4315069317817688
0.4582563638687134,0.31157511472702026,-0.43145984411239624
0.5003626346588135,0.3145219683647156,-0.2646511197090149
0.4543451964855194,0.3173045516014099,-0.2517061233520508
0.4879339337348938,0.32433441281318665,-0.3939518332481384
0.4674391746520996,0.3251352608203888,-0.3912474811077118
0.5518921613693237,0.3644380271434784,-0.13512423634529114
0.41384536027908325,0.36548957228660583,-0.11219745129346848
0.6147473454475403,0.40489593148231506,-0.1323445588350296
0.35186052322387695,0.4041833281517029,-0.05270161107182503
0.5699806809425354,0.43847960233688354,-0.3777451813220978
0.39764702320098877,0.43773943185806274,-0.2238054722547531
0.5558245182037354,0.4502317011356354,-0.442791610956192
0.40975239872932434,0.4493110179901123,-0.2777872383594513
0.5468219518661499,0.4429299831390381,-0.4657139182090759
0.4198589026927948,0.44267767667770386,-0.30416563153266907
0.5513883233070374,0.4386207163333893,-0.3897487223148346
0.4177365303039551,0.4390102028846741,-0.23728159070014954
0.5228931307792664,0.48154306411743164,-0.0032916320487856865
0.4435098469257355,0.4815295338630676,0.003106812946498394
0.5445947051048279,0.5684745907783508,-0.018557928502559662
0.4329192638397217,0.571823000907898,-0.012020119465887547
0.5516221523284912,0.6455309987068176,0.3178459703922272
0.4351808428764343,0.647551417350769,0.2998431921005249
0.5393924713134766,0.6535975337028503,0.3413318991661072
0.44717496633529663,0.6553893089294434,0.3168114125728607
0.5661811828613281,0.677850067615509,0.1372634321451187
0.42093223333358765,0.6787998080253601,0.11914288252592087
-
0.4753769338130951,0.320984423160553,-0.46153882145881653
0.48271697759628296,0.31525376439094543,-0.43361812829971313
0.48795372247695923,0.3152197003364563,-0.433583527803421
0.4932634234428406,0.3153541088104248,-0.4335913062095642
0.4670804738998413,0.31593120098114014,-0.4310370683670044
0.46197807788848877,0.3161967396736145,-0.4310518503189087
0.4573853313922882,0.316649854183197,-0.43100419640541077
0.5000199675559998,0.3191617727279663,-0.2601829469203949
0.4529918134212494,0.3206162452697754,-0.24830269813537598
0.4866848289966583,0.32859742641448975,-0.39412209391593933
0.4656376242637634,0.3298827111721039,-0.391157329082489
0.5505716800689697,0.36912912130355835,-0.13962508738040924
0.4118897020816803,0.3708825409412384,-0.10105005651712418
0.6147133111953735,0.4086264967918396,-0.16550226509571075
0.35161975026130676,0.40800580382347107,-0.04627637937664986
0.5660706758499146,0.4407501220703125,-0.41869112849235535
0.3984585106372833,0.44440191984176636,-0.212318554520607
0.5534268617630005,0.45159095525741577,-0.4850640594959259
0.41044455766677856,0.4532243311405182,-0.2671240568161011
0.5447190999984741,0.4443971514701843,-0.5038537383079529
0.4196610450744629,0.4477698802947998,-0.2925557494163513
0.5485638380050659,0.44053301215171814,-0.42885106801986694
0.41740259528160095,0.44431519508361816,-0.2254091203212738
0.5217693448066711,0.48755258321762085,-0.008101166225969791
0.44199422001838684,0.4878556728363037,0.007881837897002697
0.5425302386283875,0.5773687362670898,-0.0621672160923481
0.4303305447101593,0.5811834335327148,-0.028396131470799446
0.5507825016975403,0.6507828235626221,0.31802210211753845
0.4305301606655121,0.6557056307792664,0.3178558647632599
0.5387508869171143,0.6563924551010132,0.3446570932865143
0.4406382739543915,0.6633849740028381,0.3427521288394928
0.5629830956459045,0.6858951449394226,0.13882121443748474
0.4210231900215149,0.6889253258705139,0.1515001654624939
-
0.4739650785923004,0.33625873923301697,-0.45865729451179504
0.4819428026676178,0.32974082231521606,-0.4261518120765686
0.48732101917266846,0.3297279477119446,-0.4261632263660431
0.4927518963813782,0.3297380805015564,-0.42620235681533813
0.4657664895057678,0.3302939236164093,-0.42631995677948
0.46033746004104614,0.33074870705604553,-0.4263359010219574
0.4562227427959442,0.33128589391708374,-0.42627206444740295
0.49961429834365845,0.33369117975234985,-0.23682475090026855
0.4513040781021118,0.336271196603775,-0.23396772146224976
0.48543569445610046,0.34519869089126587,-0.38475173711776733
0.4640878140926361,0.3460448980331421,-0.38478824496269226
0.547965407371521,0.3792729377746582,-0.1279638707637787
0.4111191928386688,0.3839836120605469,-0.09002695977687836
0.6142699122428894,0.41926950216293335,-0.16503651440143585
0.3518945872783661,0.41990023851394653,-0.08951465040445328
0.5657855272293091,0.45283541083335876,-0.4379744231700897
0.3989773094654083,0.45623499155044556,-0.3354760706424713
0.5528164505958557,0.46456798911094666,-0.5097194910049438
0.4108826816082001,0.466524600982666,-0.40339410305023193
0.5450173616409302,0.45883816480636597,-0.5307440161705017
0.4200923442840576,0.46091413497924805,-0.4276121258735657
0.5488196611404419,0.4547511041164398,-0.45040640234947205
0.41791000962257385,0.4577038884162903,-0.3502470850944519
0.5213711857795715,0.5005680322647095,-0.009867127053439617
0.4400501251220703,0.5018050074577332,0.009672271087765694
0.5427084565162659,0.5901188254356384,-0.06671671569347382
0.4276328980922699,0.5925885438919067,-0.028902793303132057
0.5485430359840393,0.664034903049469,0.31858116388320923
0.4290398061275482,0.6694725155830383,0.3075060248374939
0.5381743907928467,0.6718654036521912,0.3456806540489197
0.4400184750556946,0.6795693635940552,0.3305801749229431
0.5617079138755798,0.7011802196502686,0.13740438222885132
0.41891470551490784,0.7043250799179077,0.13946223258972168
-
0.47093886137008667,0.35078051686286926,-0.43801167607307434
0.4795275330543518,0.3444002568721771,-0.4105612337589264
0.485127717256546,0.344433456659317,-0.4105696380138397
0.4908100962638855,0.3443973660469055,-0.4105793833732605
0.4631306529045105,0.34520062804222107,-0.4065258800983429
0.4580079913139343,0.34568649530410767,-0.40657010674476624
0.45466092228889465,0.3460932672023773,-0.40656715631484985
0.49861547350883484,0.3484704792499542,-0.23361751437187195
0.45043089985847473,0.3509197235107422,-0.21467746794223785
0.4827544689178467,0.35977083444595337,-0.3707675039768219
0.4615035653114319,0.36032524704933167,-0.3653101623058319
0.5483161211013794,0.393852561712265,-0.12431377917528152
0.4112832844257355,0.3961832821369171,-0.07391189783811569
0.6114867925643921,0.4325823187828064,-0.1363183856010437
0.3518555462360382,0.43225353956222534,-0.05357053130865097
0.5660526752471924,0.46456074714660645,-0.35690435767173767
0.39934250712394714,0.46879497170448303,-0.255853533744812
0.5529764890670776,0.4750903248786926,-0.417044997215271
0.411014586687088,0.4795198440551758,-0.3083909749984741
0.5468173027038574,0.47118639945983887,-0.4398261308670044
0.41985565423965454,0.47467827796936035,-0.33188676834106445
0.5500564575195312,0.4671350419521332,-0.36848974227905273
0.41786593198776245,0.4710215926170349,-0.26722046732902527
0.520817756652832,0.5144609808921814,-0.013514905236661434
0.4387310743331909,0.5139294862747192,0.013338644988834858
0.5417341589927673,0.6002336740493774,-0.04751615598797798
0.4268500804901123,0.6020115613937378,-0.021077437326312065
0.5444351434707642,0.6759012937545776,0.29104965925216675
0.42601633071899414,0.6812165379524231,0.2664996385574341
0.5368577837944031,0.6861899495124817,0.3109540641307831
0.4362780749797821,0.6923602223396301,0.2824855148792267
0.5511271953582764,0.7076162099838257,0.09872659295797348
0.4162258207798004,0.7116268873214722,0.08343562483787537
-
0.47082817554473877,0.36590340733528137,-0.4203989803791046
0.4792594611644745,0.3589307367801666,-0.39209556579589844
0.4847738444805145,0.35901951789855957,-0.39210259914398193
0.4902341067790985,0.35926324129104614,-0.3921143114566803
0.46315935254096985,0.359602153301239,-0.391180157661438
0.4580400586128235,0.3599599003791809,-0.3912203013896942
0.45450684428215027,0.36035609245300293,-0.3912021517753601
0.4976638853549957,0.363994836807251,-0.21624164283275604
0.45035380125045776,0.3653242290019989,-0.21167121827602386
0.48236483335494995,0.3743906319141388,-0.3544703722000122
0.4612847566604614,0.37465760111808777,-0.3535638749599457
0.5468345880508423,0.4088717997074127,-0.11633704602718353
0.4094220995903015,0.4127175211906433,-0.07706265896558762
0.6103357672691345,0.4467078745365143,-0.1341819018125534
0.3523334562778473,0.4494408667087555,-0.10807813704013824
0.5612035393714905,0.48035311698913574,-0.34852200746536255
0.40072113275527954,0.48270493745803833,-0.3329371213912964
0.5485814809799194,0.49243155121803284,-0.4090394675731659
0.4110529124736786,0.49292945861816406,-0.3942112326622009
0.5433772206306458,0.48722130060195923,-0.4289856255054474
0.4202020764350891,0.4885373115539551,-0.4128541648387909
0.5463371872901917,0.4830555319786072,-0.35944417119026184
0.418038010597229,0.4848988950252533,-0.3450492024421692
0.5195719599723816,0.5300923585891724,-0.012699899263679981
0.43773210048675537,0.5297991633415222,0.012602542527019978
0.5408694744110107,0.6121295690536499,0.005232943221926689
0.42377713322639465,0.6152138710021973,-0.006729775108397007
0.5403261184692383,0.68260657787323,0.35106009244918823
0.4245820641517639,0.684990406036377,0.2713896930217743
0.5308266878128052,0.6934705972671509,0.3747430443763733
0.4342561960220337,0.6967576742172241,0.2891526222229004
0.554522693157196,0.7109119892120361,0.1836623102426529
0.41539040207862854,0.7116815447807312,0.09298540651798248
-
0.4704644978046417,0.37867435812950134,-0.4034132957458496
0.47924110293388367,0.3721798062324524,-0.37405675649642944
0.4844987094402313,0.3722192347049713,-0.3740486204624176
0.4899982511997223,0.3724271059036255,-0.3740667998790741
0.4630137085914612,0.3729451596736908,-0.3743796944618225
0.45748186111450195,0.37329408526420593,-0.3744117319583893
0.45394226908683777,0.3734794557094574,-0.3743549883365631
0.49672600626945496,0.3766954839229584,-0.20048266649246216
0.4494778513908386,0.3777681887149811,-0.2039695680141449
0.4818834066390991,0.3880772590637207,-0.3394143283367157
0.46085676550865173,0.3880844712257385,-0.34067243337631226
0.5450577139854431,0.4230867326259613,-0.10532419383525848
0.40632280707359314,0.4273361265659332,-0.07787232100963593
0.6096010208129883,0.4609115719795227,-0.12921318411827087
0.35236698389053345,0.4620889127254486,-0.11789504438638687
0.5534709692001343,0.4972396790981293,-0.33826690912246704
0.4004599153995514,0.4957473874092102,-0.3448478579521179
0.5400905609130859,0.5108170509338379,-0.3957047462463379
0.4088746905326843,0.5077334642410278,-0.40600913763046265
0.5327984690666199,0.5051263570785522,-0.4247988760471344
0.4197995960712433,0.5025309324264526,-0.42258214950561523
0.5357204675674438,0.5010138154029846,-0.3522120714187622
0.41827380657196045,0.4986136555671692,-0.3561122417449951
0.5187453627586365,0.5422186851501465,5.664594209520146e-05
0.43691375851631165,0.5428875088691711,-0.00019124044047202915
0.5413053035736084,0.6235467195510864,-0.0012653333833441138
0.41957637667655945,0.6256131529808044,-0.02639739029109478
0.5383316278457642,0.6852080821990967,0.3710119426250458
0.4232800006866455,0.6840497255325317,0.30273038148880005
0.5250552892684937,0.6956418752670288,0.40242213010787964
0.43296024203300476,0.6915605664253235,0.3290550410747528
0.5567185878753662,0.7129766345024109,0.23622481524944305
0.41612768173217773,0.7127023935317993,0.15910309553146362
-
0.47069641947746277,0.38597553968429565,-0.39269012212753296
0.47932353615760803,0.37926560640335083,-0.3644726574420929
0.48461684584617615,0.3793209493160248,-0.36445707082748413
0.4900735318660736,0.3795967996120453,-0.36446481943130493
0.46309879422187805,0.37938204407691956,-0.3635620176792145
0.4575255215167999,0.3795692026615143,-0.3635918200016022
0.4536559283733368,0.3800819516181946,-0.3635338544845581
0.496732234954834,0.3837558627128601,-0.1990019530057907
0.44906705617904663,0.38498997688293457,-0.1972549706697464
0.48210904002189636,0.39489832520484924,-0.33213943243026733
0.4611091613769531,0.3952707052230835,-0.33167415857315063
0.5446786284446716,0.43050116300582886,-0.10735265165567398
0.40602755546569824,0.4352724552154541,-0.08060720562934875
0.6094899773597717,0.468900591135025,-0.1390685886144638
0.35184943675994873,0.469666063785553,-0.09482339024543762
0.5508369207382202,0.5069454908370972,-0.34296852350234985
0.39759305119514465,0.501865029335022,-0.3044072091579437
0.5383031368255615,0.5203677415847778,-0.4022402763366699
0.40563252568244934,0.5146900415420532,-0.3681405484676361
0.5284459590911865,0.5153695940971375,-0.42035311460494995
0.4179936647415161,0.5088731646537781,-0.4139973223209381
0.5311151742935181,0.5112673044204712,-0.35237881541252136
0.41699427366256714,0.50464928150177,-0.3207070529460907
0.5170180201530457,0.5480390191078186,0.0017917033983394504
0.43602532148361206,0.5479421019554138,-0.0019139836076647043
0.5416994094848633,0.6285983324050903,-0.02525380440056324
0.415932834148407,0.6272479891777039,-0.060313887894153595
0.5391143560409546,0.6862761378288269,0.36139726638793945
0.42238113284111023,0.6838850378990173,0.3007338047027588
0.5264566540718079,0.6950582265853882,0.39247554540634155
0.4319685101509094,0.6901007890701294,0.32817313075065613
0.5579091310501099,0.7129296064376831,0.22880685329437256
0.4159935414791107,0.7120063304901123,0.16491863131523132
-
0.4708089232444763,0.3866358995437622,-0.4038265347480774
0.4792371392250061,0.3802625238895416,-0.37605658173561096
0.4846068024635315,0.38024646043777466,-0.37603917717933655
0.48994866013526917,0.38048943877220154,-0.37604495882987976
0.4629971385002136,0.38044053316116333,-0.3746362328529358
0.45750218629837036,0.38059186935424805,-0.374661922454834
0.453405499458313,0.3810146450996399,-0.3746193051338196
0.49672508239746094,0.385244220495224,-0.20155951380729675
0.44853752851486206,0.38601967692375183,-0.2073783427476883
0.482220321893692,0.39501839876174927,-0.3391234874725342
0.4611385464668274,0.3949335813522339,-0.33685266971588135
0.5444628596305847,0.43300342559814453,-0.13309495151042938
0.40527552366256714,0.43545085191726685,-0.08872385323047638
0.609596312046051,0.4720029830932617,-0.15801407396793365
0.35143083333969116,0.4699617028236389,-0.019789712503552437
0.5490994453430176,0.506492018699646,-0.3541003167629242
0.39788374304771423,0.5029358863830566,-0.07883651554584503
0.5351143479347229,0.5178254842758179,-0.41110679507255554
0.40633392333984375,0.5147501826286316,-0.11257097125053406
0.5255477428436279,0.5110694766044617,-0.42573678493499756
0.41819098591804504,0.5090563297271729,-0.12973007559776306
0.5288697481155396,0.5071075558662415,-0.36173340678215027
0.41704660654067993,0.5050294995307922,-0.08530423045158386
0.5165900588035583,0.5492915511131287,0.0014757415046915412
0.4360702931880951,0.5488855242729187,-0.001616569235920906
0.5428962111473083,0.6320576667785645,-0.023254306986927986
0.4149133563041687,0.6313756108283997,-0.05145539715886116
0.5399917364120483,0.68560391664505,0.4088805317878723
0.4225223958492279,0.6855319738388062,0.32149237394332886
0.527252733707428,0.6937018632888794,0.4452354907989502
0.4329509437084198,0.6907015442848206,0.3514673113822937
0.5580959916114807,0.712645411491394,0.2940972149372101
0.4143237769603729,0.713485836982727,0.19232378900051117
-
0.4707757830619812,0.3792983889579773,-0.415408194065094
0.4791981875896454,0.3734956383705139,-0.3878302276134491
0.48464176058769226,0.37367457151412964,-0.38783255219459534
0.4899490773677826,0.3738555610179901,-0.38788414001464844
0.46279990673065186,0.37348902225494385,-0.38565391302108765
0.4572959542274475,0.37373313307762146,-0.3857180178165436
0.4530317187309265,0.3740370571613312,-0.3856910765171051
0.49657732248306274,0.3779793977737427,-0.21892420947551727
0.44843876361846924,0.3794865608215332,-0.21623007953166962
0.48220813274383545,0.3884831964969635,-0.3522871136665344
0.46122923493385315,0.3884308636188507,-0.3495800793170929
0.5447083711624146,0.4273923337459564,-0.13348081707954407
0.40575650334358215,0.43073320388793945,-0.09584085643291473
0.6097632646560669,0.46634888648986816,-0.1521899253129959
0.3510039448738098,0.46611514687538147,-0.0751105323433876
0.5493725538253784,0.5005699396133423,-0.3455801010131836
0.39901283383369446,0.4973514974117279,-0.2294868677854538
0.5355348587036133,0.5121491551399231,-0.40241700410842896
0.40784361958503723,0.5083519220352173,-0.27621227502822876
0.5275740623474121,0.5064870119094849,-0.42171037197113037
0.419624924659729,0.5028314590454102,-0.28030210733413696
0.5307790040969849,0.5028554201126099,-0.353731632232666
0.4185311496257782,0.4993303418159485,-0.23355966806411743
0.5168827772140503,0.5429514646530151,0.0011170278303325176
0.43638691306114197,0.544287383556366,-0.001254021073691547
0.5444473028182983,0.6281377077102661,-0.038900431245565414
0.416043758392334,0.630865216255188,-0.05016712471842766
0.5405629277229309,0.6856696605682373,0.3882996141910553
0.4228770434856415,0.6863083839416504,0.32955658435821533
0.528075098991394,0.693841814994812,0.4230617880821228
0.4332103431224823,0.6924036145210266,0.3604017496109009
0.5585712194442749,0.7111097574234009,0.26648658514022827
0.4117013216018677,0.7134257555007935,0.20195984840393066
-
0.47118958830833435,0.373345285654068,-0.45884284377098083
0.47923803329467773,0.36761441826820374,-0.4353753924369812
0.4846911132335663,0.36775776743888855,-0.4353505074977875
0.489950954914093,0.3678548038005829,-0.4353783130645752
0.46302658319473267,0.36754876375198364,-0.4318685829639435
0.4575709402561188,0.3677034378051758,-0.4319332540035248
0.4531170427799225,0.3679840862751007,-0.43190571665763855
0.49653246998786926,0.3716813325881958,-0.2728244662284851
0.4485016167163849,0.3732125163078308,-0.25900885462760925
0.4827275276184082,0.38277047872543335,-0.39695319533348083
0.4623675048351288,0.3829863369464874,-0.3927873969078064
0.5451307892799377,0.42000842094421387,-0.16047650575637817
0.4060559868812561,0.4230888783931732,-0.11956540495157242
0.6099894642829895,0.45920053124427795,-0.15018299221992493
0.35117679834365845,0.45882362127304077,-0.015734294429421425
0.550455629825592,0.4936961531639099,-0.2948915362358093
0.402879536151886,0.49125775694847107,-0.06386981904506683
0.5369389653205872,0.5051515698432922,-0.342464417219162
0.4116680920124054,0.5022567510604858,-0.09625958651304245
0.5290724635124207,0.49967271089553833,-0.36489570140838623
0.42206794023513794,0.4966298043727875,-0.11652188748121262
0.5323958992958069,0.4963011145591736,-0.304021954536438
0.42103806138038635,0.4930298328399658,-0.07140708714723587
0.5172420740127563,0.5366055965423584,0.0008806409314274788
0.43716350197792053,0.5374213457107544,-0.0010178947122767568
0.5445069074630737,0.621982216835022,-0.023482071235775948
0.41669243574142456,0.6247020363807678,-0.03533872589468956
0.5409914255142212,0.6849736571311951,0.39922451972961426
0.4227297604084015,0.6858077645301819,0.3327493965625763
0.528616189956665,0.6928831338882446,0.432550311088562
0.4330245852470398,0.6927575469017029,0.36072617769241333
0.558964729309082,0.7107218503952026,0.2621404528617859
0.4123867154121399,0.7125036120414734,0.18718735873699188
-
0.470822274684906,0.35585135221481323,-0.44964760541915894
0.4787622094154358,0.3496100604534149,-0.4251355528831482
0.4842953085899353,0.34948471188545227,-0.42510491609573364
0.4895278215408325,0.34948447346687317,-0.42511409521102905
0.46234816312789917,0.35088735818862915,-0.42208167910575867
0.45686131715774536,0.35151582956314087,-0.4221339225769043
0.45228904485702515,0.35203152894973755,-0.422107070684433
0.49608007073402405,0.3537145256996155,-0.26121950149536133
0.44795697927474976,0.35765019059181213,-0.24852101504802704
0.48232150077819824,0.3656526207923889,-0.3875540494918823
0.461974173784256,0.36654776334762573,-0.3840333819389343
0.5461320281028748,0.4042987823486328,-0.15312804281711578
0.4062611162662506,0.4057373106479645,-0.11449465155601501
0.6100220680236816,0.44864392280578613,-0.07046105712652206
0.35148733854293823,0.44456323981285095,-0.012329349294304848
0.5523332357406616,0.4797360897064209,-0.19871194660663605
0.404623806476593,0.4803837835788727,-0.08415095508098602
0.5376240015029907,0.4909365177154541,-0.2409341037273407
0.41425663232803345,0.4903338551521301,-0.12000357359647751
0.5315596461296082,0.4851953387260437,-0.2645694613456726
0.42418763041496277,0.4834194779396057,-0.14213940501213074
0.5350258350372314,0.4816812574863434,-0.20877914130687714
0.4230024516582489,0.4799636900424957,-0.09271465241909027
0.5180917382240295,0.5236755609512329,0.0022830443922430277
0.43895289301872253,0.524696409702301,-0.002461523050442338
0.5436981320381165,0.6136650443077087,-0.0045532360672950745
0.4204563498497009,0.6156465411186218,-0.011121552437543869
0.5418035387992859,0.6839550733566284,0.36625322699546814
0.42281901836395264,0.6842302680015564,0.33185285329818726
0.530974268913269,0.6922439932823181,0.38883131742477417
0.43334993720054626,0.692062258720398,0.35001158714294434
0.5591967105865479,0.7104688882827759,0.19054502248764038
0.41257885098457336,0.7116420269012451,0.14866214990615845
-
0.4710597097873688,0.3399670720100403,-0.44179531931877136
0.479026198387146,0.3338553309440613,-0.4223378896713257
0.4846069812774658,0.3339584469795227,-0.422293096780777
0.4895557463169098,0.33401817083358765,-0.42224130034446716
0.4624135196208954,0.3343854248523712,-0.4210423231124878
0.4569697380065918,0.33475932478904724,-0.42111313343048096
0.4523625373840332,0.33535236120224,-0.4210662543773651
0.49629178643226624,0.3379371166229248,-0.256666362285614
0.44798439741134644,0.341092050075531,-0.24326194822788239
0.48261696100234985,0.34972724318504333,-0.3763134777545929
0.4621429145336151,0.35131925344467163,-0.37612321972846985
0.5461556911468506,0.3862372636795044,-0.1217072606086731
0.40812361240386963,0.3905304968357086,-0.11365599930286407
0.6099182367324829,0.42833828926086426,-0.08461732417345047
0.35151389241218567,0.4286949634552002,-0.029988747090101242
0.5524279475212097,0.4610508382320404,-0.2497115433216095
0.4046070873737335,0.46179890632629395,-0.1683480143547058
0.5397154092788696,0.47329115867614746,-0.2989889681339264
0.4147477447986603,0.4725019931793213,-0.2093876451253891
0.5339621901512146,0.46772027015686035,-0.3185071051120758
0.42433369159698486,0.46545490622520447,-0.2371109426021576
0.5364313125610352,0.46406716108322144,-0.2588661015033722
0.4230348467826843,0.46229714155197144,-0.1788826882839203
0.5181323289871216,0.5059889554977417,0.002734535373747349
0.4396902322769165,0.5069755911827087,-0.002957830438390374
0.5416901707649231,0.596406102180481,-0.008760428987443447
0.4251091480255127,0.5996220111846924,-0.015888594090938568
0.5450624823570251,0.6817124485969543,0.2747422754764557
0.42275840044021606,0.679969310760498,0.27508077025413513
0.5360113978385925,0.6904518604278564,0.292358934879303
0.43317291140556335,0.6872405409812927,0.29243817925453186
0.5595158934593201,0.70987868309021,0.09004076570272446
0.4129689633846283,0.7110198736190796,0.09877220541238785
-
0.47123879194259644,0.32580214738845825,-0.43627116084098816
0.47907528281211853,0.31977206468582153,-0.4161127805709839
0.4846462309360504,0.3198508024215698,-0.4160459637641907
0.4895790219306946,0.3199401795864105,-0.4159596264362335
0.46247991919517517,0.3203131854534149,-0.4156721830368042
0.4570738971233368,0.3206842243671417,-0.41572991013526917
0.4524129331111908,0.32137832045555115,-0.41570624709129333
0.4963197112083435,0.3242376446723938,-0.24493058025836945
0.448012113571167,0.3275998532772064,-0.23652544617652893
0.4829206168651581,0.3353767693042755,-0.36936381459236145
0.46244141459465027,0.3373607099056244,-0.3689984679222107
0.5476071834564209,0.3744419813156128,-0.1076405867934227
0.4097226560115814,0.3769717514514923,-0.10315687209367752
0.6101834177970886,0.4147260785102844,-0.08755277842283249
0.35076019167900085,0.4157978892326355,-0.03648535907268524
0.5562095046043396,0.44704174995422363,-0.28850987553596497
0.40329569578170776,0.4474743902683258,-0.2095479518175125
0.5453081727027893,0.45943936705589294,-0.3473924994468689
0.4145910143852234,0.4592858850955963,-0.2594848871231079
0.5382300615310669,0.4521298408508301,-0.37320616841316223
0.42409709095954895,0.4511294960975647,-0.28451234102249146
0.5406792163848877,0.448391854763031,-0.30177897214889526
0.4225023090839386,0.4479450285434723,-0.22045718133449554
0.5193154811859131,0.4923074245452881,0.00255232909694314
0.4409558176994324,0.49305662512779236,-0.0027700099162757397
0.5406320095062256,0.5870873928070068,-0.028756719082593918
0.4272710978984833,0.5867440104484558,-0.018870163708925247
0.5477384924888611,0.6717348694801331,0.2584861218929291
0.4228401184082031,0.6702893972396851,0.256289005279541
0.5401163101196289,0.6784961819648743,0.2762446403503418
0.43320974707603455,0.6784501075744629,0.2739820182323456
0.5597535967826843,0.7065702676773071,0.06623305380344391
0.41307657957077026,0.7048899531364441,0.07618273794651031
-
0.4720591604709625,0.31568312644958496,-0.40443965792655945
0.47914355993270874,0.30961304903030396,-0.3813868761062622
0.48468226194381714,0.30952179431915283,-0.3813343942165375
0.48957061767578125,0.30931180715560913,-0.38131004571914673
0.46270862221717834,0.3106905519962311,-0.3799058794975281
0.4574041962623596,0.3113340139389038,-0.37991249561309814
0.4525374472141266,0.3122404217720032,-0.3798850178718567
0.495879203081131,0.31369680166244507,-0.21861231327056885
0.44808048009872437,0.31853601336479187,-0.21031205356121063
0.48347997665405273,0.325476735830307,-0.3418787717819214
0.46297743916511536,0.3269105553627014,-0.34001511335372925
0.5480546951293945,0.3644426465034485,-0.09002665430307388
0.4110981523990631,0.36648285388946533,-0.08246473968029022
0.6133273839950562,0.40646010637283325,-0.022730011492967606
0.35045352578163147,0.40701985359191895,-0.003611874533817172
0.5669706463813782,0.43942657113075256,-0.17682503163814545
0.40236425399780273,0.4380229413509369,-0.12215831875801086
0.553657054901123,0.45096737146377563,-0.22489683330059052
0.41424068808555603,0.4482264518737793,-0.16533835232257843
0.5447309017181396,0.4427512288093567,-0.25367623567581177
0.4240362346172333,0.4404752254486084,-0.19104208052158356
0.547106146812439,0.43880414962768555,-0.18884021043777466
0.4223018288612366,0.4371810853481293,-0.13276508450508118
0.5200042128562927,0.48189330101013184,0.0032313475385308266
0.4411126971244812,0.48118823766708374,-0.0034658017102628946
0.5393791794776917,0.5778220891952515,-0.027188114821910858
0.42965206503868103,0.5773340463638306,-0.03040308505296707
0.5489168167114258,0.6596513986587524,0.2508516013622284
0.42287346720695496,0.6570196747779846,0.24224694073200226
0.5409761071205139,0.6673601269721985,0.26711463928222656
0.4332627058029175,0.6650857329368591,0.26027247309684753
0.5611963272094727,0.6970583200454712,0.06389705091714859
0.4138825833797455,0.693324625492096,0.07107983529567719
-
0.4727928042411804,0.3088432848453522,-0.40584784746170044
0.47947946190834045,0.30201396346092224,-0.38343149423599243
0.48501303791999817,0.30201196670532227,-0.38336893916130066
0.48966315388679504,0.3020382225513458,-0.38335415720939636
0.46330350637435913,0.3029475510120392,-0.38117870688438416
0.45804813504219055,0.3034711480140686,-0.38119328022003174
0.4529164135456085,0.3042994737625122,-0.381159245967865
0.49640998244285583,0.30721792578697205,-0.22204379737377167
0.4482533037662506,0.31046146154403687,-0.2131965607404709
0.4842357933521271,0.3170109689235687,-0.3445705771446228
0.4638134837150574,0.3180360496044159,-0.34178489446640015
0.5488070249557495,0.3571193814277649,-0.09372074156999588
0.4128662049770355,0.3604840338230133,-0.08506333082914352
0.615052342414856,0.40069350600242615,-0.004337632097303867
0.3505087196826935,0.40017277002334595,0.005320998840034008
0.5711597204208374,0.43428221344947815,-0.12059766799211502
0.40241312980651855,0.43079227209091187,-0.07691346108913422
0.5542700290679932,0.4443543553352356,-0.1580028235912323
0.41474422812461853,0.44072407484054565,-0.11208110302686691
0.546910285949707,0.43688106536865234,-0.1850840002298355
0.4253270924091339,0.43350034952163696,-0.13272827863693237
0.5501489043235779,0.4325893819332123,-0.13055340945720673
0.4231089651584625,0.42978397011756897,-0.0845782682299614
0.5216114521026611,0.47422343492507935,0.00422246428206563
0.4413580894470215,0.47336316108703613,-0.004491599276661873
0.5394343733787537,0.5675134658813477,-0.02713101916015148
0.4314225912094116,0.5690702795982361,-0.03948501870036125
0.5503143668174744,0.6493632793426514,0.24930623173713684
0.425190806388855,0.6492213010787964,0.23480138182640076
0.5415335893630981,0.6579177379608154,0.26651158928871155
0.4350959360599518,0.6569430828094482,0.25327932834625244
0.5643579959869385,0.6862122416496277,0.07310958206653595
0.41631388664245605,0.6839811205863953,0.07135504484176636
-
0.4738521873950958,0.30418744683265686,-0.4611099362373352
0.48088428378105164,0.2969011962413788,-0.43682020902633667
0.4863221049308777,0.2968049943447113,-0.4367475211620331
0.49040231108665466,0.29692164063453674,-0.43673864006996155
0.4645013213157654,0.29821351170539856,-0.4351063072681427
0.4589690864086151,0.29914242029190063,-0.43514394760131836
0.45339807868003845,0.3001793324947357,-0.4351142346858978
0.49854034185409546,0.3018132150173187,-0.26543140411376953
0.44865378737449646,0.30507534742355347,-0.25848761200904846
0.4856589734554291,0.3135465979576111,-0.3954411447048187
0.4649790823459625,0.31505802273750305,-0.3934679329395294
0.5502609610557556,0.35396629571914673,-0.11714234948158264
0.4146069884300232,0.3555759787559509,-0.12324213236570358
0.6161991953849792,0.3961249589920044,-0.026658201590180397
0.35051754117012024,0.39427244663238525,-0.04331309348344803
0.5743130445480347,0.4289284348487854,-0.16197292506694794
0.401075541973114,0.42782869935035706,-0.15325412154197693
0.55657958984375,0.4407738149166107,-0.2053772658109665
0.4134948253631592,0.4376710057258606,-0.1975778341293335
0.5491417646408081,0.4334883689880371,-0.23632486164569855
0.42494410276412964,0.43077293038368225,-0.22210276126861572
0.552649736404419,0.42965778708457947,-0.17458117008209229
0.42240241169929504,0.42753711342811584,-0.16324889659881592
0.5232214331626892,0.47050681710243225,0.005017357878386974
0.44178080558776855,0.47082144021987915,-0.00527625298127532
0.5397378206253052,0.5605086088180542,-0.027871575206518173
0.4333953559398651,0.5646713972091675,-0.038614194840192795
0.5507948994636536,0.6432274580001831,0.2746019661426544
0.4279482662677765,0.643294632434845,0.24308285117149353
0.5412375330924988,0.6524415016174316,0.29544469714164734
0.4378945231437683,0.6508459448814392,0.2623758614063263
0.5664100646972656,0.6787480711936951,0.10320831835269928
0.4183900058269501,0.677148699760437,0.08738144487142563
-
0.4750194549560547,0.30188292264938354,-0.4696882963180542
0.4818066954612732,0.2953023314476013,-0.4434881806373596
0.487104594707489,0.2952690124511719,-0.443421334028244
0.4909231960773468,0.2952295243740082,-0.44341015815734863
0.4651632010936737,0.2959694266319275,-0.4414494037628174
0.45959874987602234,0.29642975330352783,-0.44149166345596313
0.4540472626686096,0.29701799154281616,-0.44147729873657227
0.49900132417678833,0.29929929971694946,-0.2677097022533417
0.4491373598575592,0.3031776249408722,-0.2592313885688782
0.4866868257522583,0.3112279772758484,-0.4027665853500366
0.4665074348449707,0.3128325939178467,-0.4003654420375824
0.5518494844436646,0.3510330021381378,-0.12120847404003143
0.41542837023735046,0.35431334376335144,-0.12690094113349915
0.6174412369728088,0.3940288722515106,-0.033328693360090256
0.35040003061294556,0.393069326877594,-0.05470598489046097
0.573114275932312,0.42741498351097107,-0.17164966464042664
0.40066269040107727,0.4259236454963684,-0.17161375284194946
0.556026816368103,0.4405425190925598,-0.21604427695274353
0.4133513867855072,0.43737807869911194,-0.2183174341917038
0.5484030246734619,0.4329144358634949,-0.2449406236410141
0.4247077405452728,0.43013525009155273,-0.2411181926727295
0.5520085692405701,0.42856207489967346,-0.18362806737422943
0.42200416326522827,0.42650943994522095,-0.18162065744400024
0.5251102447509766,0.46996062994003296,0.006230384111404419
0.442748099565506,0.4697723388671875,-0.006464244332164526
0.5427794456481934,0.5583850145339966,-0.03331780433654785
0.43383821845054626,0.5623297095298767,-0.041902657598257065
0.5509973168373108,0.6384292840957642,0.31770139932632446
0.43068554997444153,0.640424907207489,0.2882838249206543
0.541131317615509,0.6471899747848511,0.3441200256347656
0.44010284543037415,0.647348940372467,0.3133516013622284
0.5672569274902344,0.6728429198265076,0.14898236095905304
0.4200614392757416,0.6743916273117065,0.12115444242954254
-
0.4770437777042389,0.30128663778305054,-0.4476509392261505
0.48385000228881836,0.2940973937511444,-0.41982030868530273
0.4886668026447296,0.29408150911331177,-0.41977351903915405
0.49217385053634644,0.29407450556755066,-0.4197755455970764
0.4674001932144165,0.29547014832496643,-0.4187449514865875
0.4613538980484009,0.2963843047618866,-0.4187759459018707
0.45606666803359985,0.2974339425563812,-0.41878318786621094
0.5004215836524963,0.2988024353981018,-0.2438167929649353
0.4505886137485504,0.3037954866886139,-0.23928140103816986
0.4883470833301544,0.3100345730781555,-0.3811364769935608
0.46857067942619324,0.3119266927242279,-0.3800497353076935
0.5540772080421448,0.35075753927230835,-0.10412075370550156
0.41767680644989014,0.35240209102630615,-0.12215311080217361
0.6179955005645752,0.393564373254776,-0.04399716109037399
0.3504202663898468,0.3922438323497772,-0.062449678778648376
0.5731470584869385,0.42466527223587036,-0.22763629257678986
0.40064653754234314,0.42524901032447815,-0.2049465775489807
0.5556660890579224,0.4361727237701416,-0.28354737162590027
0.413347065448761,0.43644842505455017,-0.2543824017047882
0.5480524897575378,0.42802053689956665,-0.3047739565372467
0.4248020052909851,0.4291354715824127,-0.2747676968574524
0.5520222783088684,0.4239356517791748,-0.23832422494888306
0.4220965802669525,0.4254051744937897,-0.2143770456314087
0.5269007086753845,0.46957316994667053,0.006635288242250681
0.4439806640148163,0.46939244866371155,-0.006849584169685841
0.5459103584289551,0.5577690601348877,-0.035153649747371674
0.4344426393508911,0.5623629093170166,-0.04126415774226189
0.5509645938873291,0.6387751698493958,0.2887811064720154
0.4326283037662506,0.6416524648666382,0.2619105279445648
0.5410420894622803,0.6472221612930298,0.3103034198284149
0.4417935609817505,0.6483265161514282,0.28114575147628784
0.5678011775016785,0.672569751739502,0.11244523525238037
0.4219401478767395,0.6754564642906189,0.08240363001823425
-
0.47960731387138367,0.302754670381546,-0.45255008339881897
0.4864169955253601,0.2965620160102844,-0.42423897981643677
0.4904044568538666,0.2964527904987335,-0.42418432235717773
0.49389731884002686,0.29648861289024353,-0.4241785705089569
0.47055888175964355,0.2975115180015564,-0.42386025190353394
0.4639374315738678,0.29827964305877686,-0.4238928556442261
0.45875048637390137,0.2990254759788513,-0.42388924956321716
0.502534806728363,0.30149880051612854,-0.24420852959156036
0.45240017771720886,0.3054822087287903,-0.2428555190563202
0.4901970624923706,0.3119567036628723,-0.3843337893486023
0.4703623056411743,0.31332486867904663,-0.38432881236076355
0.5548890829086304,0.35328930616378784,-0.10430625081062317
0.41835933923721313,0.353753924369812,-0.11772391945123672
0.618609607219696,0.3938003182411194,-0.024871282279491425
0.3500938415527344,0.39365512132644653,-0.06114977225661278
0.5725438594818115,0.4275287985801697,-0.1813293695449829
0.39979904890060425,0.42678213119506836,-0.1977468729019165
0.5557151436805725,0.44003137946128845,-0.2302061915397644
0.4125076234340668,0.43842577934265137,-0.25051361322402954
0.5478718876838684,0.4326535761356354,-0.2579091787338257
0.4246007800102234,0.4313836097717285,-0.2711581587791443
0.5517681241035461,0.4283530116081238,-0.19349709153175354
0.4218815267086029,0.42741018533706665,-0.20912958681583405
0.5271421074867249,0.4716580808162689,0.006626223213970661
0.444071888923645,0.47108158469200134,-0.006833153776824474
0.5475096106529236,0.562597393989563,-0.037406694144010544
0.4342024028301239,0.5639853477478027,-0.047879695892333984
0.551070511341095,0.6414951086044312,0.2842487096786499
0.4323055148124695,0.6436068415641785,0.25520017743110657
0.5410057306289673,0.6491416692733765,0.30521345138549805
0.4418715238571167,0.651107132434845,0.27471956610679626
0.5684309601783752,0.6749176383018494,0.09878416359424591
0.4223007559776306,0.6768712401390076,0.07191307097673416
-
0.48063376545906067,0.3065546452999115,-0.4582027494907379
0.48745113611221313,0.30029675364494324,-0.4291815459728241
0.491494357585907,0.300327867269516,-0.4291206896305084
0.49499571323394775,0.3004779815673828,-0.42910516262054443
0.47163230180740356,0.30116015672683716,-0.42845427989959717
0.46535632014274597,0.3018658757209778,-0.4284846782684326
0.46030738949775696,0.302580326795578,-0.4284796416759491
0.5039215683937073,0.3056892156600952,-0.24481502175331116
0.4541070759296417,0.30845731496810913,-0.24295902252197266
0.4911337196826935,0.315260648727417,-0.3883383870124817
0.4711381196975708,0.3160310983657837,-0.3880153298377991
0.5556268692016602,0.35706475377082825,-0.10470134019851685
0.41876304149627686,0.35728344321250916,-0.10990581661462784
0.6206955313682556,0.39885205030441284,-0.03271586447954178
0.35009676218032837,0.3971375823020935,-0.04388631507754326
0.5721634030342102,0.4320850968360901,-0.19614246487617493
0.39926159381866455,0.43113070726394653,-0.19409304857254028
0.5556690692901611,0.44430413842201233,-0.24562545120716095
0.4119141101837158,0.4422803819179535,-0.24017779529094696
0.5481024980545044,0.43723273277282715,-0.27164825797080994
0.4242960512638092,0.4355183243751526,-0.2601938545703888
0.5518523454666138,0.43272900581359863,-0.20751164853572845
0.42167335748672485,0.4316902160644531,-0.20283162593841553
0.5280076861381531,0.4758880138397217,0.005552784074097872
0.4447955787181854,0.47514623403549194,-0.0057502808049321175
0.5495304465293884,0.5668667554855347,-0.04607921093702316
0.4340667426586151,0.5681248903274536,-0.05523413419723511
0.551609456539154,0.6448057889938354,0.2921883165836334
0.4322260618209839,0.6459072232246399,0.2564156651496887
0.5408244132995605,0.6524194478988647,0.31583210825920105
0.4425353705883026,0.6517846584320068,0.27650243043899536
0.5687812566757202,0.6782957315444946,0.1079399436712265
0.4246225655078888,0.6784399151802063,0.06735988706350327
-
0.4834743142127991,0.3072085976600647,-0.4760659635066986
0.49011632800102234,0.3011414408683777,-0.44541287422180176
0.4936341941356659,0.30110475420951843,-0.4453524351119995
0.4975697100162506,0.30117565393447876,-0.44534143805503845
0.47489139437675476,0.3025307059288025,-0.4465518891811371
0.46889975666999817,0.3035052716732025,-0.4465932250022888
0.46362653374671936,0.30438143014907837,-0.4465838074684143
0.5058805346488953,0.3063327372074127,-0.2529445290565491
0.4566909372806549,0.31082743406295776,-0.25901955366134644
0.49325913190841675,0.316697895526886,-0.4033726453781128
0.47387051582336426,0.31843990087509155,-0.40536388754844666
0.5566280484199524,0.35789066553115845,-0.10762593150138855
0.41886138916015625,0.3587200343608856,-0.11579322069883347
0.6219412684440613,0.3997756242752075,-0.036635689437389374
0.35010939836502075,0.3979552686214447,-0.048458680510520935
0.5724690556526184,0.43561500310897827,-0.19955118000507355
0.4000643789768219,0.43395930528640747,-0.19809314608573914
0.5560699105262756,0.44706305861473083,-0.2507975995540619
0.4142446219921112,0.44273486733436584,-0.24994811415672302
0.5490077137947083,0.4420834183692932,-0.2838927209377289
0.4255107045173645,0.4356347918510437,-0.2748204469680786
0.5523141622543335,0.43750476837158203,-0.2087436020374298
0.42253541946411133,0.43215179443359375,-0.2092188149690628
0.5288268327713013,0.4784719944000244,0.005218891426920891
0.4454280734062195,0.4757697582244873,-0.005398261360824108
0.5513319373130798,0.5709491968154907,-0.04570569843053818
0.4342193901538849,0.5726842880249023,-0.055368565022945404
0.5539780259132385,0.6461048126220703,0.3051193356513977
0.433016300201416,0.6562760472297668,0.2683505713939667
0.5417374968528748,0.6556177735328674,0.32979798316955566
0.4437757134437561,0.6646444797515869,0.29032719135284424
0.5731992125511169,0.683292806148529,0.11029556393623352
0.4268042743206024,0.6903574466705322,0.07482291013002396
-
0.4855104982852936,0.32054299116134644,-0.45356306433677673
0.49292483925819397,0.31466057896614075,-0.41873791813850403
0.49688059091567993,0.31486576795578003,-0.41870254278182983
0.5017831921577454,0.3152269423007965,-0.41868922114372253
0.4774267077445984,0.31538552045822144,-0.4234154224395752
0.47136685252189636,0.3161402642726898,-0.42344266176223755
0.46564429998397827,0.3169460594654083,-0.4234269857406616
0.5090721845626831,0.3201085031032562,-0.22074803709983826
0.458601713180542,0.3221496641635895,-0.23804402351379395
0.4952044188976288,0.3308295011520386,-0.37788158655166626
0.4750277101993561,0.3322272300720215,-0.3843354880809784
0.5576664209365845,0.3702656626701355,-0.08838947117328644
0.4187491536140442,0.3723035454750061,-0.09613692760467529
0.6217072010040283,0.4111808240413666,-0.03737075626850128
0.35011911392211914,0.41030511260032654,-0.048296451568603516
0.5722624659538269,0.44468575716018677,-0.22736167907714844
0.4005935788154602,0.44367653131484985,-0.21067403256893158
0.555819034576416,0.4561902582645416,-0.2864171266555786
0.4152141511440277,0.453008234500885,-0.26527562737464905
0.5489163398742676,0.4508647918701172,-0.3118533790111542
0.42680004239082336,0.44582921266555786,-0.291378915309906
0.552187442779541,0.446779727935791,-0.23852992057800293
0.42385634779930115,0.44296059012413025,-0.22299496829509735
0.5303969979286194,0.4895070493221283,0.0032985901925712824
0.44702959060668945,0.48983970284461975,-0.003439496038481593
0.5532498359680176,0.5800776481628418,-0.07252074778079987
0.43412309885025024,0.5843904614448547,-0.06852574646472931
0.558937668800354,0.6638957262039185,0.24453748762607574
0.43315964937210083,0.6683591604232788,0.23028038442134857
0.5463182330131531,0.6748349666595459,0.2639988958835602
0.44391751289367676,0.6790958642959595,0.248512864112854
0.582043468952179,0.7019570469856262,0.04642081633210182
0.42912977933883667,0.7055969834327698,0.039396315813064575
-
0.4883035123348236,0.33764326572418213,-0.4445303678512573
0.49542444944381714,0.3317335844039917,-0.4113307595252991
0.4998273253440857,0.3318338990211487,-0.41129952669143677
0.5048090815544128,0.33203497529029846,-0.4112884998321533
0.47996458411216736,0.332121342420578,-0.41692763566970825
0.4735351502895355,0.33261537551879883,-0.41695713996887207
0.46731218695640564,0.33327674865722656,-0.4169270694255829
0.5117644667625427,0.3365679383277893,-0.215377539396286
0.45882850885391235,0.339059978723526,-0.23567472398281097
0.4968811571598053,0.34743598103523254,-0.3688433766365051
0.4766312837600708,0.34849628806114197,-0.3764978051185608
0.5577471852302551,0.38358306884765625,-0.08052185922861099
0.4187505543231964,0.3856509029865265,-0.09377308189868927
0.6215037703514099,0.42613524198532104,-0.037615228444337845
0.3500891327857971,0.4241526126861572,-0.05622236058115959
0.5713039636611938,0.45998603105545044,-0.2427842617034912
0.4015062153339386,0.45703935623168945,-0.24183249473571777
0.5541971325874329,0.4720923900604248,-0.3031154274940491
0.4163702726364136,0.4685545563697815,-0.298648864030838
0.5477640628814697,0.46535950899124146,-0.32610729336738586
0.42741110920906067,0.46174079179763794,-0.32474279403686523
0.5517045855522156,0.46147966384887695,-0.2545318305492401
0.42440155148506165,0.458495557308197,-0.2544916570186615
0.5308725237846375,0.5050954222679138,0.0032472978346049786
0.4479161202907562,0.5054042935371399,-0.0033896116074174643
0.5559408068656921,0.5959619879722595,-0.06726612895727158
0.4341912269592285,0.5992852449417114,-0.0647011399269104
0.5612688064575195,0.6794553995132446,0.23311610519886017
0.43332138657569885,0.6814171075820923,0.2193329632282257
0.5506419539451599,0.6888012290000916,0.25070053339004517
0.4438633322715759,0.690680742263794,0.23613271117210388
0.5811293125152588,0.7129837274551392,0.030053898692131042
0.4303794503211975,0.7156257629394531,0.025599511340260506
-
0.4897044599056244,0.35397928953170776,-0.42813071608543396
0.49621739983558655,0.34783652424812317,-0.3968217074871063
0.5007086992263794,0.34791404008865356,-0.39681804180145264
0.5056400299072266,0.34808847308158875,-0.39682868123054504
0.480613112449646,0.34850558638572693,-0.4001215994358063
0.47425106167793274,0.3489893674850464,-0.40015289187431335
0.46879005432128906,0.3493907153606415,-0.4001334607601166
0.5123996138572693,0.35371753573417664,-0.2072003185749054
0.46016615629196167,0.35599154233932495,-0.2212829738855362
0.49816083908081055,0.36388641595840454,-0.3562060594558716
0.47851479053497314,0.3639112412929535,-0.3609640300273895
0.558184027671814,0.398621141910553,-0.0793401375412941
0.4196926951408386,0.40129488706588745,-0.08295614272356033
0.6207708716392517,0.43975406885147095,-0.011545962654054165
0.3515172004699707,0.43767398595809937,-0.0038564486894756556
0.5698967576026917,0.4746719300746918,-0.16778501868247986
0.40651047229766846,0.47406139969825745,-0.10372041910886765
0.5539159774780273,0.4865837097167969,-0.21805517375469208
0.42075029015541077,0.48591122031211853,-0.14719441533088684
0.5476652383804321,0.48050522804260254,-0.24777275323867798
0.4313119351863861,0.4803009033203125,-0.17150869965553284
0.5515732765197754,0.47656792402267456,-0.18244048953056335
0.4291416108608246,0.47663745284080505,-0.1143113225698471
0.5313002467155457,0.5209847688674927,0.0032293088734149933
0.4484526216983795,0.5208955407142639,-0.0033594078850001097
0.5586092472076416,0.6071547865867615,-0.06096404790878296
0.4343130886554718,0.6113753318786621,-0.04874409735202789
0.5613491535186768,0.6822272539138794,0.27181345224380493
0.43395736813545227,0.6870779991149902,0.25425562262535095
0.5497236251831055,0.6940327882766724,0.29414811730384827
0.4440775215625763,0.6974785923957825,0.2734825611114502
0.5809734463691711,0.7150918841362,0.09412813186645508
0.4310207664966583,0.7176885008811951,0.07159020006656647
-
0.4929955005645752,0.37001460790634155,-0.383462131023407
0.4987109303474426,0.36268356442451477,-0.3512307405471802
0.503531277179718,0.3628055155277252,-0.351235568523407
0.508188784122467,0.3631160855293274,-0.3512449562549591
0.48392051458358765,0.3629818260669708,-0.35529881715774536
0.4778256416320801,0.363407701253891,-0.3553193211555481
0.4718324840068817,0.3641204535961151,-0.35527825355529785
0.5135713219642639,0.368307501077652,-0.1668625771999359
0.46220239996910095,0.37015414237976074,-0.185709610581398
0.500670850276947,0.3794223368167877,-0.3147038519382477
0.4818156063556671,0.379520446062088,-0.3204665780067444
0.5586187839508057,0.4138984680175781,-0.0726131722331047
0.41961920261383057,0.41826122999191284,-0.07249986380338669
0.6204419732093811,0.45371490716934204,-0.09197793900966644
0.35248804092407227,0.4555228650569916,-0.10158192366361618
0.5654733180999756,0.48930591344833374,-0.32011497020721436
0.41138938069343567,0.48820480704307556,-0.31751683354377747
0.5504565238952637,0.5005007982254028,-0.3825474679470062
0.424588680267334,0.5002707839012146,-0.37652936577796936
0.5450867414474487,0.4945903718471527,-0.396554559469223
0.43393388390541077,0.49488314986228943,-0.3894687592983246
0.5481811761856079,0.49100303649902344,-0.3299335837364197
0.43266236782073975,0.4911302626132965,-0.3266408145427704
0.5318027138710022,0.5357376933097839,0.0031681654509156942
0.44867026805877686,0.5372670292854309,-0.0032967673614621162
0.5614397525787354,0.6167226433753967,-0.07503840327262878
0.43437016010284424,0.6244832277297974,-0.04310734197497368
0.5608563423156738,0.6855266094207764,0.30437761545181274
0.43471553921699524,0.6899992227554321,0.29700344800949097
0.5492637753486633,0.6957348585128784,0.33401674032211304
0.44557440280914307,0.6993780732154846,0.32170435786247253
0.5802269577980042,0.7157824039459229,0.15249483287334442
0.4307240843772888,0.7190777659416199,0.13870762288570404
-
0.4928205609321594,0.3821782171726227,-0.3620225787162781
0.49913445115089417,0.3748924136161804,-0.3315395712852478
0.5044076442718506,0.3749002516269684,-0.33153629302978516
0.5092192888259888,0.37503165006637573,-0.3315347135066986
0.4838515520095825,0.37519168853759766,-0.3320960998535156
0.4777180850505829,0.37551382184028625,-0.3321029543876648
0.4717715382575989,0.37598279118537903,-0.33202487230300903
0.5149890184402466,0.3795718550682068,-0.15876823663711548
0.4630115032196045,0.3810429871082306,-0.16320659220218658
0.5008099675178528,0.39158639311790466,-0.29886674880981445
0.48179468512535095,0.39215248823165894,-0.3002221882343292
0.5608835220336914,0.42749589681625366,-0.07357904314994812
0.4204148054122925,0.43021464347839355,-0.06430251896381378
0.6203460097312927,0.4673329293727875,-0.11819110810756683
0.35321861505508423,0.4652654528617859,-0.12105512619018555
0.5655076503753662,0.5022627115249634,-0.35249844193458557
0.4134475588798523,0.5001174807548523,-0.36601701378822327
0.5509220361709595,0.5164004564285278,-0.41802939772605896
0.4249380826950073,0.5127093195915222,-0.4286785125732422
0.5446136593818665,0.5093140602111816,-0.4298359751701355
0.43612560629844666,0.5070318579673767,-0.4399834871292114
0.5471770167350769,0.5054742693901062,-0.36061957478523254
0.43561193346977234,0.5033241510391235,-0.37526771426200867
0.5324591994285583,0.544419527053833,0.005442094057798386
0.449297159910202,0.5454100370407104,-0.005548134911805391
0.5679833889007568,0.6245372295379639,-0.1004154309630394
0.43432968854904175,0.6324213743209839,-0.06713030487298965
0.5610069036483765,0.6909092664718628,0.29132652282714844
0.43606704473495483,0.6907023191452026,0.290796160697937
0.5489476323127747,0.7005013227462769,0.3285015821456909
0.44699355959892273,0.6968875527381897,0.31765758991241455
0.5845603942871094,0.719336748123169,0.1445818841457367
0.4325096607208252,0.7215742468833923,0.15281321108341217
-
0.4937770366668701,0.3880794644355774,-0.4092382788658142
0.4996820092201233,0.38167375326156616,-0.3779405355453491
0.5049512386322021,0.381760835647583,-0.3779152035713196
0.5097277164459229,0.38188841938972473,-0.3779454529285431
0.4846864938735962,0.3818824887275696,-0.3800252676010132
0.47855737805366516,0.3822002112865448,-0.38008391857147217
0.4727969169616699,0.3825051188468933,-0.38001328706741333
0.5158123970031738,0.38562631607055664,-0.2085241675376892
0.46416807174682617,0.3867611587047577,-0.2187667191028595
0.5022607445716858,0.3968423902988434,-0.34826427698135376
0.4841828942298889,0.3966870903968811,-0.3511919677257538
0.5612790584564209,0.43372446298599243,-0.11198636889457703
0.4203453063964844,0.4378126263618469,-0.10240357369184494
0.6239414811134338,0.47254663705825806,-0.11826048791408539
0.3532634973526001,0.4706436097621918,-0.04244430363178253
0.5668274164199829,0.5080467462539673,-0.32153788208961487
0.41333767771720886,0.5037283301353455,-0.09239333122968674
0.5522179007530212,0.5218256711959839,-0.3789008557796478
0.4222659766674042,0.515046238899231,-0.12588095664978027
0.5451334714889526,0.5163813233375549,-0.393718421459198
0.43413665890693665,0.5098453760147095,-0.1432666927576065
0.5475361347198486,0.5121491551399231,-0.330060750246048
0.43430811166763306,0.5059636235237122,-0.09862864017486572
0.5327944755554199,0.5487005114555359,0.007105251308530569
0.44948187470436096,0.5499957799911499,-0.007141210604459047
0.5717812180519104,0.6278470754623413,-0.09617093205451965
0.43352776765823364,0.6341296434402466,-0.07400495558977127
0.5612536072731018,0.6899906396865845,0.30109769105911255
0.43663734197616577,0.6926061511039734,0.2888871729373932
0.5492196679115295,0.6992572546005249,0.33470484614372253
0.44817885756492615,0.6981397867202759,0.3159535825252533
0.5880704522132874,0.7188931703567505,0.16470569372177124
0.4323241710662842,0.7209088802337646,0.141897052526474
-
0.4940374195575714,0.3853820562362671,-0.42011353373527527
0.4998737871646881,0.37883642315864563,-0.38643211126327515
0.5049983859062195,0.3790431022644043,-0.38641157746315
0.5096172094345093,0.3793652653694153,-0.3864346444606781
0.4850521385669708,0.37875378131866455,-0.3905697166919708
0.47888657450675964,0.37904447317123413,-0.3906358480453491
0.4728957712650299,0.37941864132881165,-0.3905882239341736
0.5154905319213867,0.38456445932388306,-0.20938561856746674
0.4638195335865021,0.3845992088317871,-0.22614634037017822
0.5021803975105286,0.39467698335647583,-0.35520821809768677
0.48384472727775574,0.39431795477867126,-0.36047253012657166
0.5613633990287781,0.4332525134086609,-0.10986076295375824
0.4192518889904022,0.4359648823738098,-0.1174035593867302
0.6241261959075928,0.47201985120773315,-0.1131419688463211
0.3516831398010254,0.4713688790798187,-0.08183809369802475
0.5692571401596069,0.5073784589767456,-0.30501124262809753
0.4125422537326813,0.5039307475090027,-0.09993627667427063
0.5546184778213501,0.521161675453186,-0.35610824823379517
0.4227191209793091,0.515522837638855,-0.17201779782772064
0.5471310019493103,0.5152702927589417,-0.3670640289783478
0.4344804584980011,0.5088964104652405,-0.21122673153877258
0.5492240190505981,0.5104873180389404,-0.3118916451931
0.43413078784942627,0.5048905611038208,-0.13165974617004395
0.5330623388290405,0.5483490228652954,0.011525416746735573
0.4499674439430237,0.5501737594604492,-0.011559214442968369
0.5744126439094543,0.6309024095535278,-0.11133376508951187
0.433352530002594,0.6367833018302917,-0.0926358625292778
0.5610723495483398,0.6901347637176514,0.2974700629711151
0.4368678629398346,0.6916189789772034,0.29249313473701477
0.549026370048523,0.7002100348472595,0.32981449365615845
0.44802775979042053,0.6967153549194336,0.3228566646575928
0.5909726619720459,0.7170205116271973,0.15767040848731995
0.4320228099822998,0.7202833890914917,0.15659202635288239
-
0.49359267950057983,0.37910008430480957,-0.4505273699760437
0.4994901418685913,0.37277042865753174,-0.4202738404273987
0.5045763850212097,0.37290138006210327,-0.42025473713874817
0.5092036128044128,0.37315911054611206,-0.4202721416950226
0.48478737473487854,0.37271445989608765,-0.42211440205574036
0.47871777415275574,0.37294334173202515,-0.42218562960624695
0.4726964831352234,0.3733638823032379,-0.4221568703651428
0.515151858329773,0.37728965282440186,-0.2349851429462433
0.4636143147945404,0.37819382548332214,-0.2449941486120224
0.501870334148407,0.3885423541069031,-0.3808938264846802
0.4834132790565491,0.3888089954853058,-0.38397184014320374
0.5625308752059937,0.4267110824584961,-0.11265448480844498
0.4192778170108795,0.4291498064994812,-0.12939786911010742
0.6238930821418762,0.4665621221065521,-0.12183945626020432
0.35187453031539917,0.46570760011672974,-0.13170002400875092
0.5691658854484558,0.5015118718147278,-0.3463483154773712
0.4130585491657257,0.49792051315307617,-0.3046287000179291
0.5539289116859436,0.5146450996398926,-0.40671345591545105
0.4255453646183014,0.5093525648117065,-0.36155346035957336
0.5466359853744507,0.5092816352844238,-0.422567754983902
0.43614500761032104,0.5025383830070496,-0.37552011013031006
0.5487551093101501,0.5052862167358398,-0.35582152009010315
0.4350348711013794,0.4989180564880371,-0.3130638897418976
0.5343901515007019,0.5434918999671936,0.012948400340974331
0.4508405029773712,0.5456935167312622,-0.013043464161455631
0.5736538767814636,0.6303857564926147,-0.05790203437209129
0.4332698881626129,0.6353521347045898,-0.08486143499612808
0.5610219836235046,0.6915205121040344,0.37638330459594727
0.4373650848865509,0.6931215524673462,0.30893221497535706
0.5489593744277954,0.7014362215995789,0.4110049307346344
0.4481219947338104,0.6994119882583618,0.3388116955757141
0.5898271203041077,0.7168788909912109,0.24322189390659332
0.4348812401294708,0.7207834124565125,0.16061796247959137
-
0.4933651387691498,0.37448936700820923,-0.46273544430732727
0.49872127175331116,0.3683333992958069,-0.43391963839530945
0.5030769109725952,0.3684086501598358,-0.43389520049095154
0.5076640248298645,0.3686235249042511,-0.4339066743850708
0.4841388761997223,0.36820679903030396,-0.4366452395915985
0.47835221886634827,0.3685242235660553,-0.43670299649238586
0.47265005111694336,0.3691447377204895,-0.43668147921562195
0.5136751532554626,0.37174513936042786,-0.2522490322589874
0.4630688428878784,0.37296485900878906,-0.2658884525299072
0.5015551447868347,0.38471731543540955,-0.3941391706466675
0.4833534359931946,0.38586997985839844,-0.39823320508003235
0.5624186992645264,0.42112302780151367,-0.1259986013174057
0.4184921681880951,0.42233195900917053,-0.14055486023426056
0.6236706376075745,0.4599679410457611,-0.10995528846979141
0.3540967106819153,0.45888859033584595,-0.07178657501935959
0.5693503618240356,0.494730144739151,-0.31875380873680115
0.4173591136932373,0.4916728138923645,-0.12966154515743256
0.5538955330848694,0.5081700086593628,-0.3764631152153015
0.42986688017845154,0.5035744905471802,-0.16928131878376007
0.5466275811195374,0.5018471479415894,-0.3969568908214569
0.43957436084747314,0.49692368507385254,-0.1892133504152298
0.5488107204437256,0.49772244691848755,-0.3297065198421478
0.4380216896533966,0.49328356981277466,-0.13671782612800598
0.535180926322937,0.5372583270072937,0.012651342898607254
0.4517047107219696,0.5386835336685181,-0.012754101306200027
0.5731365084648132,0.6235014200210571,-0.03140724450349808
0.4341156780719757,0.6281707286834717,-0.06501606851816177
0.5613450407981873,0.6887261867523193,0.3987736701965332
0.4375733733177185,0.6907700300216675,0.32633158564567566
0.5494304299354553,0.6983076930046082,0.4325612783432007
0.44813695549964905,0.6971889138221741,0.35539984703063965
0.5888267159461975,0.7156057953834534,0.25165560841560364
0.434594988822937,0.7193421125411987,0.16680386662483215
-
0.48724493384361267,0.35538917779922485,-0.45190131664276123
0.4950430989265442,0.34876731038093567,-0.42307746410369873
0.4996917247772217,0.3490797281265259,-0.42304861545562744
0.5039114356040955,0.34941309690475464,-0.42305123805999756
0.4789235293865204,0.3489168882369995,-0.4248792827129364
0.4733305275440216,0.34931108355522156,-0.42492756247520447
0.46797823905944824,0.3499038815498352,-0.4249017536640167
0.5112441778182983,0.353852778673172,-0.24296575784683228
0.4609392285346985,0.3559940755367279,-0.25244399905204773
0.49730491638183594,0.36579078435897827,-0.3838197886943817
0.47713503241539,0.36688297986984253,-0.3871055245399475
0.5617324113845825,0.40283164381980896,-0.11712538450956345
0.41808176040649414,0.40505799651145935,-0.13214850425720215
0.6223784685134888,0.4421854019165039,-0.034531429409980774
0.3543838858604431,0.44397830963134766,-0.02861918695271015
0.5702787041664124,0.47550421953201294,-0.18650272488594055
0.4175156354904175,0.4754301607608795,-0.09610337018966675
0.554563581943512,0.4892868101596832,-0.23382379114627838
0.43054330348968506,0.4868728518486023,-0.13334189355373383
0.5483287572860718,0.48320212960243225,-0.2605894207954407
0.43958425521850586,0.4805344045162201,-0.15587922930717468
0.550822377204895,0.4788491129875183,-0.19889429211616516
0.43762117624282837,0.47700172662734985,-0.10394077003002167
0.5353659987449646,0.5230962038040161,0.012218299321830273
0.4537884294986725,0.525620698928833,-0.01232370175421238
0.569605827331543,0.6140121817588806,-0.019335096701979637
0.435581237077713,0.6183089017868042,-0.046188294887542725
0.5619168877601624,0.6870962977409363,0.35806652903556824
0.4375072419643402,0.6892343759536743,0.3174535036087036
0.5508199334144592,0.6969867944717407,0.3880850374698639
0.44818368554115295,0.6961801648139954,0.33669304847717285
0.588179886341095,0.714792013168335,0.22543343901634216
0.4325806498527527,0.7183307409286499,0.12721984088420868
-
0.48522165417671204,0.33699026703834534,-0.26711028814315796
0.49309974908828735,0.3309686779975891,-0.24839836359024048
0.4978694021701813,0.3311620354652405,-0.24836845695972443
0.5017408728599548,0.3314468264579773,-0.2483467161655426
0.47641631960868835,0.331609308719635,-0.24933086335659027
0.47064754366874695,0.3322764039039612,-0.24933281540870667
0.4654223620891571,0.33295702934265137,-0.24932757019996643
0.5095170140266418,0.3355069160461426,-0.11892476677894592
0.45902219414711,0.3380510210990906,-0.12349183112382889
0.49633780121803284,0.34706249833106995,-0.2169828563928604
0.4751354157924652,0.34873706102371216,-0.21843107044696808
0.5591386556625366,0.38529402017593384,-0.03224271163344383
0.4182372987270355,0.38863420486450195,-0.03494295850396156
0.6204090714454651,0.4234391152858734,0.014030475169420242
0.3537256121635437,0.4266056418418884,0.0440203994512558
0.573915421962738,0.45672082901000977,-0.11579320579767227
0.41486096382141113,0.4587225317955017,0.006070881616324186
0.5621158480644226,0.46941328048706055,-0.15023201704025269
0.42964816093444824,0.4695235788822174,-0.015736527740955353
0.5546211004257202,0.4641502797603607,-0.16342002153396606
0.4382520020008087,0.4625849723815918,-0.02785021811723709
0.5561321377754211,0.460191011428833,-0.12078962475061417
0.43571582436561584,0.45971161127090454,0.003446926362812519
0.5352807641029358,0.5054388046264648,0.008996718563139439
0.45437091588974,0.5085204839706421,-0.009319798089563847
0.5596418380737305,0.595475435256958,-0.0325053334236145
0.43771764636039734,0.5993441939353943,-0.049326010048389435
0.5636086463928223,0.6804924011230469,0.21115633845329285
0.4364132285118103,0.6818989515304565,0.19341935217380524
0.5543873310089111,0.6885241866111755,0.22739531099796295
0.4463660717010498,0.689085841178894,0.20980232954025269
0.5845829248428345,0.713884174823761,0.061893999576568604
0.43247464299201965,0.7179263234138489,0.05357293039560318
-
0.48414382338523865,0.32346776127815247,-0.3335355222225189
0.4919547736644745,0.3175714313983917,-0.32524141669273376
0.49661779403686523,0.31768906116485596,-0.32507941126823425
0.5000833868980408,0.317920058965683,-0.3249439299106598
0.47521278262138367,0.3181331157684326,-0.33490559458732605
0.46939465403556824,0.31870365142822266,-0.33491671085357666
0.4643092155456543,0.31933650374412537,-0.3349517285823822
0.5074242949485779,0.322109580039978,-0.17839844524860382
0.4582606554031372,0.32411104440689087,-0.205460786819458
0.49538522958755493,0.33306267857551575,-0.27044668793678284
0.47409430146217346,0.33503276109695435,-0.28682741522789
0.557283341884613,0.3722406029701233,-0.055948223918676376
0.4180675148963928,0.37649351358413696,-0.07759828865528107
0.6201412677764893,0.4107467234134674,0.00463675893843174
0.35155972838401794,0.4157823920249939,-0.0031872775871306658
0.5736554265022278,0.44664663076400757,-0.14412115514278412
0.41303887963294983,0.44552120566368103,-0.08796324580907822
0.5615758895874023,0.4580247402191162,-0.18723061680793762
0.42939484119415283,0.4562006890773773,-0.12378167361021042
0.5540071129798889,0.45061033964157104,-0.21120989322662354
0.4375934302806854,0.4478890001773834,-0.14268983900547028
0.5559023022651672,0.4473267197608948,-0.15434233844280243
0.4348304271697998,0.4453620910644531,-0.0942407101392746
0.535237729549408,0.4919019341468811,0.00915056187659502
0.45422717928886414,0.4951394498348236,-0.009480259381234646
0.5539377927780151,0.584470272064209,-0.031153302639722824
0.4392995536327362,0.5876542329788208,-0.04658806696534157
0.5648502111434937,0.6726411581039429,0.23907113075256348
0.43580275774002075,0.6735913157463074,0.22218263149261475
0.555103600025177,0.6806828379631042,0.25593453645706177
0.44544246792793274,0.6809466481208801,0.24001848697662354
0.5845636129379272,0.7098032236099243,0.05351274460554123
0.43487176299095154,0.7147196531295776,0.04923858493566513
-
0.48225224018096924,0.31328636407852173,-0.3418092131614685
0.48921826481819153,0.30613404512405396,-0.3187883496284485
0.4942411780357361,0.30612656474113464,-0.3187274932861328
0.49743661284446716,0.3063139319419861,-0.3187178075313568
0.4724416136741638,0.30739644169807434,-0.32152125239372253
0.46686631441116333,0.3082432746887207,-0.32151952385902405
0.4613170921802521,0.3091328740119934,-0.32148921489715576
0.5034471750259399,0.311321884393692,-0.15723785758018494
0.4565470814704895,0.3154940903186798,-0.16785432398319244
0.4932495951652527,0.32307857275009155,-0.2787584662437439
0.4720892608165741,0.3251432478427887,-0.28288620710372925
0.5560054183006287,0.3616556227207184,-0.0287169162184
0.4180558919906616,0.3654444217681885,-0.056602004915475845
0.6200594902038574,0.40079766511917114,0.06066727265715599
0.3506089448928833,0.4059523940086365,0.02757311426103115
0.5758687853813171,0.43822917342185974,-0.06044614687561989
0.40928220748901367,0.4354621469974518,-0.04161551222205162
0.5642080307006836,0.4508633017539978,-0.10140073299407959
0.42526960372924805,0.4462607800960541,-0.07715584337711334
0.5550674796104431,0.44334325194358826,-0.13054217398166656
0.43452173471450806,0.4378642439842224,-0.09966518729925156
0.5568896532058716,0.43898916244506836,-0.07259398698806763
0.431562602519989,0.43468013405799866,-0.04944617301225662
0.5351997017860413,0.481553852558136,0.013223972171545029
0.45414039492607117,0.48347264528274536,-0.013484742492437363
0.5524066686630249,0.5754111409187317,-0.019435234367847443
0.4417816698551178,0.5761272311210632,-0.045949455350637436
0.5646188259124756,0.6601752042770386,0.22245372831821442
0.43628841638565063,0.6636067628860474,0.18621163070201874
0.555020272731781,0.670659601688385,0.23527485132217407
0.44679129123687744,0.671114444732666,0.19879360496997833
0.5855932235717773,0.6957765817642212,0.03755461797118187
0.43462705612182617,0.7027974724769592,0.003135145641863346
-
0.48141539096832275,0.3078712821006775,-0.2773418426513672
0.48750433325767517,0.3008320927619934,-0.2567361295223236
0.4926080107688904,0.3007024824619293,-0.2566740810871124
0.4959985613822937,0.300650954246521,-0.25666379928588867
0.47158268094062805,0.3020508289337158,-0.2570488750934601
0.4661892056465149,0.302572637796402,-0.2570471167564392
0.4606044292449951,0.30332475900650024,-0.2570010721683502
0.5020585060119629,0.3056376576423645,-0.11868085712194443
0.45508629083633423,0.3097393214702606,-0.12056190520524979
0.49225926399230957,0.3160402178764343,-0.2239025980234146
0.47174614667892456,0.31728920340538025,-0.22452791035175323
0.5556233525276184,0.35563424229621887,-0.012931352481245995
0.4183387756347656,0.35938671231269836,-0.03003462217748165
0.6197284460067749,0.397819846868515,0.0626586452126503
0.35064882040023804,0.4000071585178375,0.045204490423202515
0.5764917731285095,0.43349307775497437,-0.030082911252975464
0.40828898549079895,0.43132996559143066,-0.0012831251369789243
0.5634809732437134,0.4448475241661072,-0.060281362384557724
0.42470401525497437,0.44011765718460083,-0.026722531765699387
0.5548379421234131,0.4389278292655945,-0.07960349321365356
0.4343791902065277,0.43259483575820923,-0.03938097879290581
0.5568434000015259,0.43407854437828064,-0.03649371862411499
0.431333065032959,0.42927446961402893,-0.0046141985803842545
0.5341477990150452,0.473498672246933,0.01329023577272892
0.45403969287872314,0.47389236092567444,-0.013570442795753479
0.5501559376716614,0.5654082894325256,-0.025944827124476433
0.443528413772583,0.5678014159202576,-0.046653080731630325
0.5643171072006226,0.651103138923645,0.14229273796081543
0.4371072053909302,0.6559476852416992,0.11817023158073425
0.5532653331756592,0.6618006825447083,0.149269238114357
0.44714418053627014,0.6642780900001526,0.12537281215190887
0.5855103731155396,0.6868757009506226,-0.02841876819729805
0.434463232755661,0.6931995153427124,-0.04857197403907776
-
0.48086851835250854,0.30397552251815796,-0.4191654324531555
0.48711806535720825,0.2968112826347351,-0.39397919178009033
0.49233657121658325,0.2966953217983246,-0.3939204812049866
0.4958036541938782,0.29682284593582153,-0.39390259981155396
0.4711933135986328,0.29800230264663696,-0.39274877309799194
0.46558693051338196,0.29875513911247253,-0.39278027415275574
0.4597993493080139,0.2995917797088623,-0.39276421070098877
0.5019791722297668,0.301440566778183,-0.22439047694206238
0.45431989431381226,0.3045167326927185,-0.21890880167484283
0.491945743560791,0.3135680556297302,-0.354286789894104
0.4714224636554718,0.31499189138412476,-0.3528769314289093
0.5551218390464783,0.3522580862045288,-0.09010924398899078
0.4185028076171875,0.3563520014286041,-0.08464324474334717
0.6191352009773254,0.3932878375053406,0.04929608106613159
0.3504796624183655,0.3967702090740204,-0.007919251918792725
0.5768312811851501,0.4292731285095215,-0.10594817250967026
0.4068702161312103,0.4277269244194031,-0.1341618299484253
0.5630509257316589,0.4418819546699524,-0.14443135261535645
0.42368489503860474,0.4377439022064209,-0.18034835159778595
0.554577648639679,0.4341468811035156,-0.09275724738836288
0.4340340793132782,0.4301697313785553,-0.20354978740215302
0.5569685101509094,0.4299802780151367,-0.10454870015382767
0.4308019280433655,0.426969051361084,-0.14422713220119476
0.5340595245361328,0.4717528820037842,0.009397292509675026
0.4534887969493866,0.4734162390232086,-0.009619145654141903
0.5500002503395081,0.5628054141998291,-0.02046179585158825
0.44303441047668457,0.566442608833313,-0.02122451178729534
0.5627551674842834,0.6458196640014648,0.25301098823547363
0.4384904205799103,0.6502947211265564,0.22463050484657288
0.550995409488678,0.654992938041687,0.26795458793640137
0.44838088750839233,0.6576987504959106,0.23599641025066376
0.5820432305335999,0.6787341237068176,0.031357720494270325
0.4343794882297516,0.6856495141983032,-0.008296395651996136
-
0.4788239896297455,0.30336910486221313,-0.42656058073043823
0.48531800508499146,0.2963067889213562,-0.3994218111038208
0.4905146658420563,0.2961620092391968,-0.39937689900398254
0.4944702684879303,0.29627200961112976,-0.3993627727031708
0.46886876225471497,0.2970789074897766,-0.39899373054504395
0.4634373188018799,0.29749196767807007,-0.39903199672698975
0.45782849192619324,0.29824838042259216,-0.39902251958847046
0.4998888671398163,0.3004659116268158,-0.2250341773033142
0.453348845243454,0.30443766713142395,-0.22319039702415466
0.48977649211883545,0.3127531409263611,-0.360545814037323
0.47020480036735535,0.3139572739601135,-0.3601352572441101
0.5541926622390747,0.3500542938709259,-0.09267337620258331
0.41813722252845764,0.35553398728370667,-0.09848232567310333
0.6184022426605225,0.39092063903808594,0.012366807088255882
0.3500596880912781,0.39666393399238586,-0.0634327232837677
0.5769777297973633,0.42650240659713745,-0.16225257515907288
0.4057712256908417,0.42700260877609253,-0.2181345820426941
0.5627428889274597,0.4392205774784088,-0.21463298797607422
0.4220496416091919,0.4375900328159332,-0.2699527442455292
0.5543785691261292,0.4318379759788513,-0.23136064410209656
0.4327531158924103,0.42995601892471313,-0.2908823490142822
0.5570786595344543,0.42720943689346313,-0.17476513981819153
0.42935141921043396,0.4266517758369446,-0.22823835909366608
0.5339059829711914,0.4716617465019226,0.009397230111062527
0.4529981017112732,0.4725472331047058,-0.009617646224796772
0.5506777167320251,0.5601423978805542,-0.024799270555377007
0.4427889585494995,0.5638434290885925,-0.024596963077783585
0.559967041015625,0.6409965753555298,0.2917666733264923
0.43902334570884705,0.6446095108985901,0.2648688554763794
0.5469374060630798,0.650307297706604,0.31255578994750977
0.44856804609298706,0.6520684957504272,0.28297165036201477
0.5796030759811401,0.6737211346626282,0.10035953670740128
0.43415573239326477,0.6784243583679199,0.0684850886464119
-
0.4778963327407837,0.30325597524642944,-0.44689688086509705
0.4842052459716797,0.29632827639579773,-0.41828837990760803
0.4893922209739685,0.2962349057197571,-0.4182411730289459
0.49372199177742004,0.29636508226394653,-0.41823816299438477
0.46811947226524353,0.297178715467453,-0.41870957612991333
0.4629835784435272,0.29776471853256226,-0.4187505543231964
0.45737016201019287,0.2984870970249176,-0.41874274611473083
0.49861258268356323,0.3009685277938843,-0.238991841673851
0.45303934812545776,0.30435770750045776,-0.24150197207927704
0.48845672607421875,0.312324583530426,-0.37945663928985596
0.46941077709198,0.313362181186676,-0.3803877830505371
0.5534878373146057,0.3510872721672058,-0.10625500231981277
0.4178834557533264,0.35521000623703003,-0.11492449790239334
0.6177095770835876,0.3906518220901489,-0.02894415333867073
0.34869158267974854,0.39731863141059875,-0.07976169139146805
0.576803982257843,0.4265107214450836,-0.2053026258945465
0.4042303264141083,0.42839258909225464,-0.23280154168605804
0.5625107884407043,0.4398258328437805,-0.2598288953304291
0.4184522330760956,0.43926042318344116,-0.2863897681236267
0.553840696811676,0.43252936005592346,-0.2889798581600189
0.4302266836166382,0.4317343235015869,-0.30694377422332764
0.5569314360618591,0.4278421401977539,-0.2195206731557846
0.42715001106262207,0.42824530601501465,-0.24289430677890778
0.5335000157356262,0.47299128770828247,0.0091477669775486
0.4521169364452362,0.4734627306461334,-0.009357122704386711
0.5508865118026733,0.5611723065376282,-0.031045367941260338
0.4426957368850708,0.5668143033981323,-0.02967490442097187
0.5585927963256836,0.6390745043754578,0.313815176486969
0.4389810860157013,0.6438328623771667,0.2894592583179474
0.545173168182373,0.6477975845336914,0.3388957679271698
0.4481408894062042,0.649863600730896,0.31159284710884094
0.576408326625824,0.6717594265937805,0.13560539484024048
0.43294116854667664,0.6778204441070557,0.10868856310844421
-
0.4754328727722168,0.3060823976993561,-0.45730873942375183
0.4819140136241913,0.29956841468811035,-0.4293771982192993
0.4868879020214081,0.29952535033226013,-0.4293278157711029
0.4918084144592285,0.2994290292263031,-0.42931675910949707
0.4661872982978821,0.30047863721847534,-0.4288327395915985
0.4609006345272064,0.3011437654495239,-0.42887234687805176
0.45578914880752563,0.30189353227615356,-0.4288722574710846
0.49739354848861694,0.30384913086891174,-0.24947509169578552
0.45208999514579773,0.30762189626693726,-0.24823714792728424
0.48635566234588623,0.3150757849216461,-0.3893418610095978
0.4669414460659027,0.3159577250480652,-0.38910582661628723
0.5530317425727844,0.3527997136116028,-0.11403719335794449
0.4178065061569214,0.3575110137462616,-0.11698432266712189
0.6165134310722351,0.39309728145599365,-0.037711720913648605
0.34821459650993347,0.39854514598846436,-0.06580813229084015
0.5752615928649902,0.42845457792282104,-0.20586203038692474
0.4031478464603424,0.43130165338516235,-0.19849681854248047
0.5621117353439331,0.4418140947818756,-0.25767597556114197
0.41719645261764526,0.44223183393478394,-0.24731796979904175
0.5527529120445251,0.43472298979759216,-0.288132905960083
0.4288071393966675,0.4347103536128998,-0.26934826374053955
0.5556200742721558,0.4301879405975342,-0.21977511048316956
0.4259750247001648,0.4311366081237793,-0.20852705836296082
0.5330266356468201,0.4748484492301941,0.007907404564321041
0.4517170488834381,0.47530823945999146,-0.008085579611361027
0.5509915351867676,0.5638667345046997,-0.04241369664669037
0.4415977895259857,0.5689917802810669,-0.0351802259683609
0.5574218034744263,0.6408478021621704,0.3007318377494812
0.4383261501789093,0.6450039744377136,0.27863770723342896
0.5430418252944946,0.6490765810012817,0.32414954900741577
0.4471449553966522,0.6515234708786011,0.30022335052490234
0.5748734474182129,0.6740773916244507,0.12490491569042206
0.4311389923095703,0.6801799535751343,0.10131020843982697
-
0.4747470021247864,0.3101321756839752,-0.4573667347431183
0.48104068636894226,0.3036934733390808,-0.428337424993515
0.4859330952167511,0.3036331534385681,-0.4282911419868469
0.4909136891365051,0.30361491441726685,-0.4282721281051636
0.4658394157886505,0.30453357100486755,-0.4281049072742462
0.4606887102127075,0.305075466632843,-0.42813363671302795
0.45569923520088196,0.3057416081428528,-0.42811793088912964
0.4969314932823181,0.308089017868042,-0.2452579289674759
0.45166778564453125,0.31139835715293884,-0.24484020471572876
0.4856266975402832,0.3187386393547058,-0.38821855187416077
0.4658370018005371,0.3197031617164612,-0.3883058726787567
0.552381157875061,0.35700365900993347,-0.11502189934253693
0.4167405068874359,0.36178380250930786,-0.11138607561588287
0.615430474281311,0.3970978260040283,-0.065315380692482
0.34815675020217896,0.40207070112228394,-0.057978689670562744
0.5729958415031433,0.4320487380027771,-0.26258018612861633
0.4024333953857422,0.43471187353134155,-0.1996927708387375
0.5613332390785217,0.4452417492866516,-0.32048794627189636
0.4166947305202484,0.44531822204589844,-0.2521790862083435
0.5520343780517578,0.43848198652267456,-0.348904550075531
0.42814114689826965,0.4380609095096588,-0.27588921785354614
0.5543851852416992,0.4338398575782776,-0.2760612964630127
0.4252391755580902,0.434588760137558,-0.21090532839298248
0.5326439142227173,0.478139728307724,0.001465160632506013
0.4515814781188965,0.4786815047264099,-0.0016162084648385644
0.551417350769043,0.5677818059921265,-0.04755685105919838
0.4396592080593109,0.5721791982650757,-0.0340033695101738
0.5570107102394104,0.6447558403015137,0.2960590720176697
0.43453043699264526,0.6492630243301392,0.2716366946697235
0.543156623840332,0.6521032452583313,0.3184986412525177
0.44358029961586,0.6560760140419006,0.29173552989959717
0.5705376267433167,0.67823326587677,0.10431640595197678
0.4292870759963989,0.683720052242279,0.094776451587677
-
0.4749639630317688,0.31238192319869995,-0.4579560458660126
0.4814032316207886,0.3068682551383972,-0.42781054973602295
0.48631206154823303,0.30693238973617554,-0.42775747179985046
0.4912402331829071,0.3071536421775818,-0.4277459979057312
0.4661455452442169,0.3077947199344635,-0.42691484093666077
0.4609052836894989,0.30839675664901733,-0.4269433319568634
0.45584094524383545,0.30889832973480225,-0.4269145429134369
0.4971557557582855,0.31180113554000854,-0.24601122736930847
0.45140475034713745,0.31340041756629944,-0.24248790740966797
0.4858916401863098,0.31968432664871216,-0.39025968313217163
0.46572282910346985,0.3203445374965668,-0.38934189081192017
0.5522574782371521,0.36109206080436707,-0.12704062461853027
0.41557130217552185,0.36804482340812683,-0.11031047999858856
0.6162198185920715,0.3996977210044861,-0.09773294627666473
0.34783509373664856,0.4053737223148346,-0.03835495933890343
0.5719002485275269,0.43540525436401367,-0.30826452374458313
0.402235746383667,0.4392469525337219,-0.19209446012973785
0.5605878829956055,0.4453597962856293,-0.3684311807155609
0.41644516587257385,0.4472096562385559,-0.24291089177131653
0.5520115494728088,0.44159960746765137,-0.3953803479671478
0.4274199903011322,0.4413653314113617,-0.2599613070487976
0.5542441010475159,0.43770161271095276,-0.32111427187919617
0.4244929850101471,0.4381651282310486,-0.20934946835041046
0.5323620438575745,0.48187533020973206,-0.0018977453000843525
0.45119041204452515,0.479661226272583,0.0017344580264762044
0.5517148375511169,0.574019193649292,-0.04953561723232269
0.43681564927101135,0.5777685642242432,-0.03679349273443222
0.5568346381187439,0.6456652283668518,0.31952139735221863
0.42935651540756226,0.6529173851013184,0.28728047013282776
0.5431503057479858,0.6541826725006104,0.34589746594429016
0.4389529824256897,0.6612203121185303,0.30969908833503723
0.5708673000335693,0.6814571619033813,0.13341666758060455
0.4234353303909302,0.6878181099891663,0.10679073631763458
-
0.47444090247154236,0.3285699784755707,-0.4336894154548645
0.4814946949481964,0.3221673369407654,-0.4006853699684143
0.48646894097328186,0.3221748471260071,-0.40066254138946533
0.4914100766181946,0.3223133683204651,-0.4006659686565399
0.4656623303890228,0.3228088617324829,-0.40033790469169617
0.46013572812080383,0.3232908844947815,-0.4003808796405792
0.4551495313644409,0.3238820433616638,-0.4003576636314392
0.497335821390152,0.3260588049888611,-0.21125346422195435
0.45082616806030273,0.3293251395225525,-0.20981651544570923
0.4857291281223297,0.3378678262233734,-0.3629711866378784
0.4649694561958313,0.3393833637237549,-0.36266064643859863
0.5516389012336731,0.373654305934906,-0.10920862853527069
0.41471683979034424,0.38006627559661865,-0.08604972064495087
0.6162027716636658,0.4120805263519287,-0.12925946712493896
0.3476831018924713,0.4161128103733063,-0.10157305747270584
0.5700000524520874,0.44520312547683716,-0.397119402885437
0.40193989872932434,0.4502592086791992,-0.34829503297805786
0.5590323209762573,0.4566418528556824,-0.46757835149765015
0.4157387316226959,0.4601021409034729,-0.41591861844062805
0.5513083338737488,0.4526730477809906,-0.4886525571346283
0.4264269471168518,0.45355334877967834,-0.43664559721946716
0.5537996292114258,0.4484335482120514,-0.4096096158027649
0.4237011671066284,0.4506472051143646,-0.3617900013923645
0.5323595404624939,0.49534207582473755,-0.0031529045663774014
0.4509676694869995,0.4964885711669922,0.0030115058179944754
0.5531352758407593,0.5843674540519714,-0.06747237592935562
0.4336404502391815,0.5902085304260254,-0.04277467355132103
0.5568738579750061,0.6603533625602722,0.2942192256450653
0.4287426769733429,0.6680393815040588,0.26495203375816345
0.5432657599449158,0.6706220507621765,0.3196672797203064
0.4391322135925293,0.6786554455757141,0.28353023529052734
0.5739928483963013,0.6973437070846558,0.10104202479124069
0.4194556474685669,0.7038561105728149,0.07245194911956787
-
0.4744594991207123,0.34388065338134766,-0.4321000874042511
0.4814215302467346,0.3372195363044739,-0.4003201425075531
0.4864826500415802,0.3371620774269104,-0.4002930819988251
0.49145475029945374,0.3370613157749176,-0.40029507875442505
0.4655793607234955,0.33831682801246643,-0.4000086486339569
0.46009212732315063,0.33901089429855347,-0.40005043148994446
0.45505404472351074,0.3398413360118866,-0.4000275433063507
0.49732306599617004,0.3413075804710388,-0.21224798262119293
0.45077192783355713,0.3455960750579834,-0.21208728849887848
0.4856886863708496,0.35347700119018555,-0.3625214993953705
0.4649265706539154,0.35476428270339966,-0.3622860014438629
0.5515517592430115,0.38732436299324036,-0.11551225185394287
0.41434890031814575,0.39410868287086487,-0.0866658166050911
0.6160202622413635,0.4253079891204834,-0.14576703310012817
0.3476996123790741,0.43381866812705994,-0.10267949849367142
0.5627601742744446,0.4613707661628723,-0.37801218032836914
0.4047384560108185,0.4657410681247711,-0.31573042273521423
0.550062894821167,0.47511202096939087,-0.4434884786605835
0.4176572561264038,0.47655972838401794,-0.3783862292766571
0.5420560836791992,0.4684723913669586,-0.4611080586910248
0.42786458134651184,0.46906113624572754,-0.3953533172607422
0.5458062291145325,0.4640312194824219,-0.3882228434085846
0.42550626397132874,0.4656563699245453,-0.3264252245426178
0.5323728322982788,0.5093427300453186,-0.00834229588508606
0.45095983147621155,0.5103424787521362,0.008181806653738022
0.5547630190849304,0.5972509980201721,-0.07214316725730896
0.43283361196517944,0.601244330406189,-0.028710095211863518
0.557312548160553,0.672346830368042,0.28176239132881165
0.4275098443031311,0.67842698097229,0.2683001458644867
0.5463329553604126,0.6807477474212646,0.306580513715744
0.4367164969444275,0.6889046430587769,0.28683701157569885
0.5739597082138062,0.706763505935669,0.09322977066040039
0.4177727997303009,0.7113162279129028,0.0836850255727768
-
0.47450417280197144,0.36011365056037903,-0.4008941352367401
0.4815576374530792,0.3529209792613983,-0.3700091540813446
0.4866064190864563,0.352859228849411,-0.36999624967575073
0.4915449917316437,0.35283800959587097,-0.36999794840812683
0.4656405448913574,0.35419970750808716,-0.37091970443725586
0.4601396322250366,0.35504189133644104,-0.3709624707698822
0.4552229642868042,0.3557649254798889,-0.3709280788898468
0.49709352850914,0.35763609409332275,-0.18937091529369354
0.4508158266544342,0.3614451587200165,-0.19337855279445648
0.4857686460018158,0.3688810169696808,-0.33401918411254883
0.46501684188842773,0.36954015493392944,-0.33537039160728455
0.5513147711753845,0.4012376666069031,-0.09580621868371964
0.413161963224411,0.4090545177459717,-0.07827182114124298
0.6151976585388184,0.43825045228004456,-0.12287626415491104
0.34766319394111633,0.4495600163936615,-0.11287315934896469
0.5644790530204773,0.47497057914733887,-0.36177515983581543
0.4075714647769928,0.4800228178501129,-0.34476447105407715
0.5527111887931824,0.48844820261001587,-0.42890793085098267
0.42038294672966003,0.49028292298316956,-0.41017061471939087
0.545104444026947,0.4828847348690033,-0.44869834184646606
0.42979368567466736,0.48443475365638733,-0.42531394958496094
0.547946572303772,0.47871488332748413,-0.373963326215744
0.4276081621646881,0.4808834195137024,-0.35529011487960815
0.5322707891464233,0.5236324667930603,-0.00683948677033186
0.45091235637664795,0.5257757902145386,0.006681069266051054
0.556758463382721,0.6097534894943237,-0.06068580597639084
0.4316880404949188,0.612292468547821,-0.03103586845099926
0.5573349595069885,0.6780248880386353,0.3210069537162781
0.42478740215301514,0.6843394041061401,0.26399996876716614
0.5463043451309204,0.6869308948516846,0.3484443128108978
0.4321945309638977,0.6957957148551941,0.2828023433685303
0.5740863084793091,0.7089059948921204,0.1550682783126831
0.41650691628456116,0.7134634852409363,0.083671934902668
-
0.4745589792728424,0.3749980032444,-0.38386133313179016
0.4817356467247009,0.3683018088340759,-0.35184523463249207
0.4869939982891083,0.36834803223609924,-0.35184550285339355
0.4917187988758087,0.36833977699279785,-0.3518497347831726
0.4657304584980011,0.3689417541027069,-0.3542451858520508
0.4604353904724121,0.369406521320343,-0.354278564453125
0.455342561006546,0.3700432777404785,-0.354219526052475
0.49732449650764465,0.3726128935813904,-0.172600656747818
0.45083776116371155,0.3754747211933136,-0.18503530323505402
0.4858340919017792,0.3842633366584778,-0.31846797466278076
0.46504664421081543,0.38486701250076294,-0.3221670687198639
0.551138162612915,0.41731756925582886,-0.08335299789905548
0.4120320975780487,0.4252619743347168,-0.07982755452394485
0.6144923567771912,0.45472288131713867,-0.12652766704559326
0.34696677327156067,0.4642297327518463,-0.16563917696475983
0.5620357990264893,0.489818274974823,-0.36755111813545227
0.4087814390659332,0.49353981018066406,-0.4286929666996002
0.5493467450141907,0.5036800503730774,-0.43599840998649597
0.42119336128234863,0.5048403143882751,-0.49701762199401855
0.542209267616272,0.4974185526371002,-0.4482954144477844
0.43086686730384827,0.4994661808013916,-0.5070788860321045
0.5452302694320679,0.49320274591445923,-0.37661659717559814
0.42913204431533813,0.49569472670555115,-0.43761754035949707
0.5315480828285217,0.5384236574172974,0.0027507070917636156
0.44998598098754883,0.5406554341316223,-0.002830344019457698
0.5593206882476807,0.6199787855148315,-0.0860479325056076
0.42973586916923523,0.6249574422836304,-0.05999736115336418
0.5561856031417847,0.6831250190734863,0.31064051389694214
0.4242115318775177,0.6849810481071472,0.28371351957321167
0.5424236059188843,0.692332923412323,0.3383481204509735
0.4310093820095062,0.6922310590744019,0.3105935752391815
0.5791701674461365,0.7121654748916626,0.16749157011508942
0.41697609424591064,0.714537501335144,0.1425449103116989
-
0.4767950177192688,0.3842507600784302,-0.3905077278614044
0.48370683193206787,0.3775072693824768,-0.35940632224082947
0.4886764883995056,0.37747278809547424,-0.35939356684684753
0.49264323711395264,0.37750738859176636,-0.3593828082084656
0.46736136078834534,0.37818488478660583,-0.3612353801727295
0.4616791605949402,0.3787766098976135,-0.36127379536628723
0.4566248655319214,0.3795533776283264,-0.36123234033584595
0.4987800121307373,0.38120099902153015,-0.1831546425819397
0.4510907530784607,0.3839241564273834,-0.1922871470451355
0.48788341879844666,0.3931998610496521,-0.32611241936683655
0.4673372805118561,0.39506834745407104,-0.32898738980293274
0.5518542528152466,0.42836976051330566,-0.08433624356985092
0.412230908870697,0.43540510535240173,-0.09583520144224167
0.6144822239875793,0.46685829758644104,-0.12023203819990158
0.34874001145362854,0.4706406593322754,-0.1754838079214096
0.5607963800430298,0.5056086778640747,-0.33731141686439514
0.40874770283699036,0.5033890604972839,-0.42631739377975464
0.549664318561554,0.5209313631057739,-0.400202214717865
0.42095211148262024,0.5153310894966125,-0.49080294370651245
0.5409982204437256,0.5140014886856079,-0.41845470666885376
0.431428998708725,0.5085374116897583,-0.5037981271743774
0.5431334972381592,0.5099544525146484,-0.3474171459674835
0.4303154945373535,0.505013108253479,-0.4364226758480072
0.5304726958274841,0.5472012758255005,0.007304853294044733
0.4491097331047058,0.547707200050354,-0.007359696552157402
0.5628836750984192,0.6256113052368164,-0.07574410736560822
0.42805227637290955,0.6284636855125427,-0.05600569024682045
0.5558133125305176,0.6872692704200745,0.3198087811470032
0.4247232973575592,0.6876822710037231,0.29667699337005615
0.5414267778396606,0.6955245733261108,0.3481041193008423
0.4317966103553772,0.6936262845993042,0.3225499987602234
0.5792938470840454,0.7135607004165649,0.1828833520412445
0.4166702330112457,0.7152823209762573,0.1553979068994522
-
0.47670140862464905,0.387116014957428,-0.4062003791332245
0.483671098947525,0.37997084856033325,-0.3736359477043152
0.488693505525589,0.37995487451553345,-0.3736191689968109
0.49266764521598816,0.380013108253479,-0.37363201379776
0.4673788845539093,0.38074085116386414,-0.37472936511039734
0.4617314636707306,0.3811439275741577,-0.37480616569519043
0.45665550231933594,0.3819022476673126,-0.3747599422931671
0.49953126907348633,0.38477641344070435,-0.19911323487758636
0.4511493742465973,0.38729551434516907,-0.20566438138484955
0.48789143562316895,0.39521607756614685,-0.3430324196815491
0.4673428535461426,0.3958994150161743,-0.3448154628276825
0.5522428154945374,0.4326136112213135,-0.10174377262592316
0.41162893176078796,0.43852558732032776,-0.1039908230304718
0.616208016872406,0.47139158844947815,-0.1130775436758995
0.3487427234649658,0.47468623518943787,-0.08262474089860916
0.5592871904373169,0.5085237622261047,-0.28095924854278564
0.40879008173942566,0.5057547688484192,-0.17379242181777954
0.546505331993103,0.5208706259727478,-0.33328771591186523
0.42092451453208923,0.5158528089523315,-0.21508574485778809
0.5368366837501526,0.5147558450698853,-0.3479209542274475
0.43140414357185364,0.5098111629486084,-0.2291247695684433
0.5396362543106079,0.5112300515174866,-0.28869521617889404
0.4302727282047272,0.5059450268745422,-0.1798350065946579
0.5302791595458984,0.549821674823761,0.008238276466727257
0.4489247500896454,0.549630880355835,-0.008290170691907406
0.5655801892280579,0.6299815773963928,-0.07633589953184128
0.42634931206703186,0.6325608491897583,-0.09989874064922333
0.5556132197380066,0.6898782253265381,0.3323203921318054
0.42433518171310425,0.6863685250282288,0.3011990189552307
0.541556715965271,0.6985870599746704,0.36485782265663147
0.432309627532959,0.6921541094779968,0.33349621295928955
0.5817082524299622,0.7133585214614868,0.20667006075382233
0.41707801818847656,0.7150453925132751,0.17475102841854095
-
0.47697776556015015,0.38143688440322876,-0.42440176010131836
0.4841298460960388,0.3747020959854126,-0.39421552419662476
0.4889664053916931,0.37476232647895813,-0.3942020535469055
0.492792546749115,0.37488046288490295,-0.3942253887653351
0.4677216112613678,0.37529128789901733,-0.3940165340900421
0.46197250485420227,0.37561577558517456,-0.394093781709671
0.4568313956260681,0.37608012557029724,-0.3940701484680176
0.49996769428253174,0.3794043958187103,-0.21878212690353394
0.45116865634918213,0.3819567561149597,-0.21993602812290192
0.4880542755126953,0.39025163650512695,-0.35941025614738464
0.46782350540161133,0.39102375507354736,-0.359746515750885
0.5529228448867798,0.4269947409629822,-0.11116672307252884
0.41190749406814575,0.43267354369163513,-0.11132606118917465
0.6165780425071716,0.46587252616882324,-0.10914476960897446
0.3488018810749054,0.4697951376438141,-0.10290542244911194
0.5597307085990906,0.5036569833755493,-0.27643442153930664
0.40880802273750305,0.4999905228614807,-0.21009990572929382
0.5464991331100464,0.5163177251815796,-0.3292776346206665
0.42091432213783264,0.5122324824333191,-0.22975951433181763
0.5372841358184814,0.5107987523078918,-0.3456500768661499
0.43150854110717773,0.5051099061965942,-0.2561630308628082
0.5401179194450378,0.5073920488357544,-0.284574955701828
0.43042755126953125,0.5009709000587463,-0.20381249487400055
0.5301594734191895,0.5451081991195679,0.008351774886250496
0.4486977159976959,0.5465428829193115,-0.008427237160503864
0.566036581993103,0.6273914575576782,-0.07433425635099411
0.4261992871761322,0.6336770057678223,-0.08600820600986481
0.5556310415267944,0.6868506073951721,0.3542226254940033
0.42454686760902405,0.6866190433502197,0.31909263134002686
0.5416509509086609,0.6954424381256104,0.38933825492858887
0.4327728748321533,0.6929163932800293,0.352475643157959
0.5815943479537964,0.711828351020813,0.23469337821006775
0.4168042540550232,0.7147018909454346,0.19377297163009644
-
0.47859928011894226,0.3723579943180084,-0.4492211639881134
0.4849948585033417,0.3656553030014038,-0.4219226837158203
0.4894621670246124,0.36566847562789917,-0.42190784215927124
0.49329736828804016,0.36576175689697266,-0.42193111777305603
0.4690190255641937,0.3664620518684387,-0.42080405354499817
0.46348869800567627,0.3669394850730896,-0.4208744466304779
0.4583660662174225,0.36755481362342834,-0.4208614230155945
0.5007129311561584,0.37033843994140625,-0.2501072585582733
0.451465904712677,0.37316256761550903,-0.24626049399375916
0.4894588589668274,0.3811579644680023,-0.3847486674785614
0.469793438911438,0.382002055644989,-0.38375163078308105
0.5537768006324768,0.4183955192565918,-0.13235321640968323
0.4123338460922241,0.42450910806655884,-0.12215360254049301
0.616561233997345,0.4579642415046692,-0.10888370871543884
0.35219016671180725,0.46116822957992554,-0.03889172524213791
0.5616380572319031,0.4944572448730469,-0.2812955975532532
0.41066086292266846,0.49350714683532715,-0.0982585996389389
0.54769366979599,0.5065597295761108,-0.333288311958313
0.4219396710395813,0.5041902661323547,-0.13321994245052338
0.5394790172576904,0.5011007189750671,-0.35349130630493164
0.43283355236053467,0.497680127620697,-0.15314221382141113
0.5418663620948792,0.4977690279483795,-0.2908567786216736
0.4316164553165436,0.49409040808677673,-0.10500065237283707
0.5306585431098938,0.538357675075531,0.008046349510550499
0.4490230083465576,0.5400455594062805,-0.008126948028802872
0.56559157371521,0.6210917830467224,-0.0364791676402092
0.4265025556087494,0.6274756789207458,-0.07268135994672775
0.5556415319442749,0.6852025985717773,0.39557936787605286
0.4246826171875,0.686476469039917,0.3380061686038971
0.5415096879005432,0.6941083669662476,0.4299624264240265
0.4330652952194214,0.6935054063796997,0.36929309368133545
0.5808054804801941,0.7108110189437866,0.26249152421951294
0.4165606200695038,0.7140006422996521,0.19682207703590393
-
0.4783170819282532,0.359768807888031,-0.44024068117141724
0.4847479462623596,0.35320037603378296,-0.4128856360912323
0.4893017113208771,0.3530624210834503,-0.4128604531288147
0.4931163489818573,0.35307133197784424,-0.41286852955818176
0.4684426486492157,0.35476312041282654,-0.41172853112220764
0.46286311745643616,0.35589635372161865,-0.41178098320961
0.45762571692466736,0.35712775588035583,-0.4117656350135803
0.5006738901138306,0.35776394605636597,-0.24247515201568604
0.4511457085609436,0.3636570870876312,-0.2376824915409088
0.48937317728996277,0.36825335025787354,-0.3762218952178955
0.4691416919231415,0.3699788451194763,-0.37518179416656494
0.5541806221008301,0.40934211015701294,-0.12485300749540329
0.4133349061012268,0.41134586930274963,-0.11664420366287231
0.6165506839752197,0.4525454044342041,-0.08594007790088654
0.3572789132595062,0.44958147406578064,-0.023404128849506378
0.5656397342681885,0.4851981997489929,-0.23841407895088196
0.41451627016067505,0.48545438051223755,-0.07667741924524307
0.5498157739639282,0.49795132875442505,-0.2847796380519867
0.4281325042247772,0.49511289596557617,-0.1116337776184082
0.5436074733734131,0.49445781111717224,-0.30829572677612305
0.43735063076019287,0.48930540680885315,-0.13140173256397247
0.5460496544837952,0.49003320932388306,-0.24922722578048706
0.43543916940689087,0.4858385920524597,-0.08403397351503372
0.5319066643714905,0.5315293073654175,0.007924532517790794
0.45097774267196655,0.5331413149833679,-0.00801398791372776
0.564105749130249,0.6201074123382568,-0.020600510761141777
0.4279387891292572,0.6271339654922485,-0.0469009093940258
0.5565758347511292,0.6835474967956543,0.383114755153656
0.4247550070285797,0.6848949193954468,0.32209259271621704
0.543779730796814,0.69233638048172,0.41368335485458374
0.4332059323787689,0.6925080418586731,0.349344938993454
0.57960444688797,0.7103230953216553,0.23099805414676666
0.4164716601371765,0.7135388255119324,0.17046234011650085
-
0.4778343737125397,0.3424733579158783,-0.4214043617248535
0.4847418963909149,0.3367602229118347,-0.4002546966075897
0.4893045723438263,0.33677083253860474,-0.4002132713794708
0.4931463599205017,0.33680635690689087,-0.40019845962524414
0.46824052929878235,0.3376520574092865,-0.39763954281806946
0.4625939130783081,0.33830615878105164,-0.39767760038375854
0.45738744735717773,0.3391076922416687,-0.39767152070999146
0.5016424655914307,0.3413664698600769,-0.2356603443622589
0.45118555426597595,0.34691858291625977,-0.2326527088880539
0.4892933666706085,0.35103651881217957,-0.3603692054748535
0.46884316205978394,0.35348284244537354,-0.35745763778686523
0.554636538028717,0.3902788460254669,-0.10583210736513138
0.4167538583278656,0.3939744532108307,-0.10354884713888168
0.616657018661499,0.4308593273162842,-0.02176625281572342
0.35768720507621765,0.4318728446960449,-0.0021650802809745073
0.5670310258865356,0.46759843826293945,-0.1427282840013504
0.41408902406692505,0.4662376046180725,-0.06742549687623978
0.550877571105957,0.4808353781700134,-0.18362754583358765
0.42752620577812195,0.4774426519870758,-0.10277953743934631
0.5453048944473267,0.47567692399024963,-0.20943881571292877
0.4370062053203583,0.47033509612083435,-0.12458688765764236
0.5479746460914612,0.4717077314853668,-0.15375106036663055
0.4350970387458801,0.4670417308807373,-0.0753387063741684
0.5320883393287659,0.5117468237876892,0.007891422137618065
0.45200076699256897,0.5136480331420898,-0.007967684417963028
0.5601809024810791,0.6016116738319397,-0.014492458663880825
0.4305785596370697,0.6050777435302734,-0.02813524752855301
0.5572923421859741,0.6812313795089722,0.3073999285697937
0.4247945249080658,0.6837555766105652,0.2624804377555847
0.5454412698745728,0.6888662576675415,0.3264128267765045
0.4327428936958313,0.6919244527816772,0.27976641058921814
0.5781030654907227,0.7097467184066772,0.1267513930797577
0.41655418276786804,0.713042140007019,0.0812884047627449
-
0.47759580612182617,0.32874828577041626,-0.3891589641571045
0.4847323000431061,0.32323652505874634,-0.3676251173019409
0.48930713534355164,0.32327285408973694,-0.3675838112831116
0.49316656589508057,0.32334738969802856,-0.3675420582294464
0.468161016702652,0.32385873794555664,-0.3655126392841339
0.46250253915786743,0.3243795931339264,-0.3655403256416321
0.45733675360679626,0.32504481077194214,-0.3655340075492859
0.5021557211875916,0.32765620946884155,-0.2064562439918518
0.4515274465084076,0.33244478702545166,-0.19799131155014038
0.48928916454315186,0.3378138244152069,-0.32698583602905273
0.46874678134918213,0.3400886654853821,-0.3244386911392212
0.5560954213142395,0.3772214651107788,-0.0732608512043953
0.4203765094280243,0.3806156814098358,-0.07620738446712494
0.6169671416282654,0.4162382483482361,-0.03540464863181114
0.35785621404647827,0.4193771779537201,-0.012236995622515678
0.5699455738067627,0.4498162865638733,-0.21001042425632477
0.4131622016429901,0.45185309648513794,-0.1312572956085205
0.5558046102523804,0.46141862869262695,-0.2589876651763916
0.4273952543735504,0.463963121175766,-0.1743561029434204
0.5492929816246033,0.45544034242630005,-0.28098776936531067
0.43687713146209717,0.45576223731040955,-0.1956874430179596
0.5519409775733948,0.4517882466316223,-0.22023245692253113
0.4350205361843109,0.45259857177734375,-0.13986729085445404
0.5320181250572205,0.4965027868747711,0.006911997217684984
0.45233604311943054,0.49771302938461304,-0.0070774913765490055
0.556631863117218,0.5876293182373047,-0.02059813216328621
0.4344836473464966,0.5883837342262268,-0.03378802910447121
0.5623266100883484,0.6730755567550659,0.2542859613895416
0.4248865842819214,0.6745576858520508,0.21232905983924866
0.5523899793624878,0.6815305948257446,0.2698688805103302
0.43277591466903687,0.6824175119400024,0.22720979154109955
0.5793174505233765,0.7062884569168091,0.06509034335613251
0.41772520542144775,0.7110980749130249,0.027535330504179
-
0.47794440388679504,0.3187655806541443,-0.39349719882011414
0.48519033193588257,0.31232506036758423,-0.3772583305835724
0.4895786643028259,0.3122830390930176,-0.3771897256374359
0.4932129681110382,0.31229367852211,-0.37714776396751404
0.4688355326652527,0.31343212723731995,-0.37380310893058777
0.4628981351852417,0.31415992975234985,-0.37382417917251587
0.45781052112579346,0.31505581736564636,-0.3738197386264801
0.5021896958351135,0.3172985911369324,-0.2173927277326584
0.45234015583992004,0.3216246962547302,-0.20530232787132263
0.48934897780418396,0.32831650972366333,-0.3312860131263733
0.4688350260257721,0.33043137192726135,-0.32473820447921753
0.5563921332359314,0.3662622570991516,-0.08191573619842529
0.42059606313705444,0.3700791597366333,-0.08209440857172012
0.6193966269493103,0.40807318687438965,-0.007871179841458797
0.3574583828449249,0.41168293356895447,-0.00676967017352581
0.5750364065170288,0.44360780715942383,-0.1551755964756012
0.41199153661727905,0.442330539226532,-0.12369854003190994
0.5615132451057434,0.4555252492427826,-0.20194415748119354
0.4261136054992676,0.4540596902370453,-0.16715016961097717
0.5529696941375732,0.4476068913936615,-0.2327404022216797
0.43674761056900024,0.44576844573020935,-0.19284602999687195
0.5551295280456543,0.4436977505683899,-0.16779707372188568
0.43497148156166077,0.44241461157798767,-0.13383851945400238
0.5323278903961182,0.48565664887428284,0.006978020537644625
0.452295184135437,0.4861578345298767,-0.0071623665280640125
0.5546423196792603,0.5802962779998779,-0.01779487356543541
0.43613189458847046,0.5799554586410522,-0.032953064888715744
0.5637755393981934,0.6643439531326294,0.23505030572414398
0.42512258887290955,0.66508948802948,0.2150541990995407
0.553973913192749,0.6732181310653687,0.2482956200838089
0.4345550239086151,0.6736420392990112,0.22928467392921448
0.5822217464447021,0.6996651291847229,0.043480876833200455
0.4177975058555603,0.7019314169883728,0.031207801774144173
-
0.47819751501083374,0.3117115795612335,-0.4404706358909607
0.4852168560028076,0.3051225244998932,-0.4191330373287201
0.4896637797355652,0.30496469140052795,-0.4190466105937958
0.49326083064079285,0.30480486154556274,-0.4190058708190918
0.469020813703537,0.30666583776474,-0.41587164998054504
0.46327611804008484,0.30729958415031433,-0.41591060161590576
0.4584980905056,0.3079671263694763,-0.41588741540908813
0.5023704171180725,0.3101828396320343,-0.2509758770465851
0.45339235663414,0.314479261636734,-0.23852790892124176
0.4897875189781189,0.31975632905960083,-0.3754984438419342
0.4694068133831024,0.32097646594047546,-0.3711855113506317
0.5587819218635559,0.3605630099773407,-0.09100927412509918
0.42205479741096497,0.36429280042648315,-0.10722744464874268
0.6221597790718079,0.402616411447525,6.724763079546392e-05
0.35782724618911743,0.4038044810295105,-0.023227516561746597
0.5806301236152649,0.43955880403518677,-0.12252363562583923
0.41090020537376404,0.43620720505714417,-0.13604292273521423
0.5650038123130798,0.45177870988845825,-0.1631520837545395
0.4255281090736389,0.4457436203956604,-0.1782938838005066
0.556454062461853,0.4449971616268158,-0.1943444162607193
0.43644988536834717,0.4385911524295807,-0.20350949466228485
0.5591146945953369,0.4405568242073059,-0.13461381196975708
0.43433842062950134,0.4351320266723633,-0.14610856771469116
0.5329583287239075,0.47856125235557556,0.010708104819059372
0.45241779088974,0.4781663417816162,-0.010925529524683952
0.5526926517486572,0.5700938701629639,0.01702677085995674
0.438079833984375,0.5705500841140747,-0.03232397884130478
0.56390380859375,0.6552649736404419,0.2610607147216797
0.4271908700466156,0.657433032989502,0.1934751570224762
0.553804874420166,0.6657212376594543,0.2748461067676544
0.43516960740089417,0.6665643453598022,0.20390765368938446
0.5869998335838318,0.6895099878311157,0.06719537079334259
0.42300695180892944,0.6885460615158081,-0.008597173728048801
-
0.4791465699672699,0.3075052499771118,-0.471635103225708
0.4864329397678375,0.30119588971138,-0.44696107506752014
0.4908479154109955,0.3011513352394104,-0.44688236713409424
0.49432843923568726,0.3011537194252014,-0.4468565583229065
0.4705774188041687,0.3020086884498596,-0.4447583854198456
0.46468526124954224,0.30253347754478455,-0.4447980225086212
0.45992058515548706,0.3030828833580017,-0.44476237893104553
0.5040804743766785,0.3058464229106903,-0.2730538249015808
0.4549209177494049,0.3093039393424988,-0.264469712972641
0.4910404682159424,0.3156948685646057,-0.40505337715148926
0.4708591401576996,0.3167468011379242,-0.40253716707229614
0.5590677261352539,0.35610148310661316,-0.12230981886386871
0.4238070249557495,0.36042529344558716,-0.1235981434583664
0.6243955492973328,0.3972720205783844,-0.02078934572637081
0.3578709065914154,0.4008634090423584,-0.03843017295002937
0.5824657082557678,0.4339815080165863,-0.15142478048801422
0.4107283353805542,0.4323453903198242,-0.16225434839725494
0.565083920955658,0.44730085134506226,-0.19553908705711365
0.4253838360309601,0.44147390127182007,-0.20861394703388214
0.5567379593849182,0.4399694800376892,-0.22733938694000244
0.4365026652812958,0.4353739321231842,-0.23535563051700592
0.5599861145019531,0.43581700325012207,-0.16410528123378754
0.4342465400695801,0.4321518540382385,-0.17335161566734314
0.5347648859024048,0.47513002157211304,0.009517933242022991
0.4535544812679291,0.47503289580345154,-0.009744714945554733
0.5526675581932068,0.5652061700820923,0.00024895588285289705
0.43818211555480957,0.5668563842773438,-0.02199348621070385
0.5637168884277344,0.6501502990722656,0.2728602886199951
0.4307131767272949,0.6507300138473511,0.21827617287635803
0.5537031888961792,0.6598865985870361,0.28957489132881165
0.43963754177093506,0.6596724987030029,0.23741896450519562
0.5878872871398926,0.6843703985214233,0.08418860286474228
0.42456674575805664,0.6827490329742432,0.039286158978939056
-
0.4804110527038574,0.3068179190158844,-0.4758088290691376
0.48766785860061646,0.30040106177330017,-0.44944384694099426
0.49209892749786377,0.3003351092338562,-0.4493684470653534
0.495738685131073,0.3002813458442688,-0.4493481516838074
0.47184109687805176,0.3012230694293976,-0.4474228322505951
0.4658752977848053,0.30174046754837036,-0.4474662244319916
0.46123889088630676,0.30225950479507446,-0.44743046164512634
0.5056983232498169,0.30434900522232056,-0.27096185088157654
0.45634180307388306,0.30887824296951294,-0.26319873332977295
0.4921073913574219,0.31507056951522827,-0.4078564941883087
0.47241926193237305,0.3169880509376526,-0.4057200849056244
0.5606798529624939,0.35496386885643005,-0.12161514163017273
0.42653557658195496,0.3585805296897888,-0.12545840442180634
0.6274763345718384,0.39743244647979736,-0.023580005392432213
0.35772705078125,0.3979955315589905,-0.04860077425837517
0.5816004276275635,0.4342994689941406,-0.15543557703495026
0.40900832414627075,0.430508553981781,-0.17898565530776978
0.5648990273475647,0.44806426763534546,-0.19980701804161072
0.42361798882484436,0.44114843010902405,-0.22679920494556427
0.5560859441757202,0.43921223282814026,-0.22862011194229126
0.4352658987045288,0.43471893668174744,-0.2524467408657074
0.559400737285614,0.4350705146789551,-0.16688205301761627
0.43252143263816833,0.431549608707428,-0.19032248854637146
0.5351523756980896,0.4745860695838928,0.009256488643586636
0.4537089467048645,0.47458329796791077,-0.00947546400129795
0.5528184175491333,0.5629562735557556,-0.007203100249171257
0.43846169114112854,0.5654628276824951,-0.02567336894571781
0.5635499954223633,0.6471232175827026,0.27691909670829773
0.43382641673088074,0.6466058492660522,0.25342196226119995
0.553558349609375,0.6568641662597656,0.29616954922676086
0.4430239498615265,0.6543887257575989,0.27272501587867737
0.587356686592102,0.680560827255249,0.0970335304737091
0.42687153816223145,0.6785889863967896,0.06285776197910309
-
0.4825119376182556,0.30567947030067444,-0.46188703179359436
0.48967593908309937,0.2995367646217346,-0.4353216290473938
0.49392640590667725,0.2996586561203003,-0.43526551127433777
0.49756744503974915,0.2997194826602936,-0.43524518609046936
0.4738101065158844,0.3003874719142914,-0.43464481830596924
0.4677180051803589,0.3011133372783661,-0.43469712138175964
0.4631095826625824,0.3020619750022888,-0.43467411398887634
0.5073480606079102,0.30486586689949036,-0.2601165175437927
0.45801159739494324,0.3097938001155853,-0.25781288743019104
0.49392998218536377,0.3146662414073944,-0.3947460651397705
0.4743887186050415,0.31620901823043823,-0.39415720105171204
0.563004732131958,0.35542795062065125,-0.11821698397397995
0.42836353182792664,0.3582676351070404,-0.12153784185647964
0.6289867162704468,0.3974716365337372,-0.013466205447912216
0.35772082209587097,0.39747387170791626,-0.033008918166160583
0.5816113948822021,0.4340860843658447,-0.12126024067401886
0.40913501381874084,0.43095725774765015,-0.12738950550556183
0.5645623803138733,0.4472804069519043,-0.1604858785867691
0.4244708716869354,0.4419119954109192,-0.16879647970199585
0.555787205696106,0.43916183710098267,-0.18670344352722168
0.43562978506088257,0.4347527027130127,-0.19123944640159607
0.5594311952590942,0.4351348280906677,-0.13135914504528046
0.4326770007610321,0.43150296807289124,-0.13694718480110168
0.5360060334205627,0.47634702920913696,0.009187327697873116
0.4536747336387634,0.4754258692264557,-0.0094031672924757
0.5537027716636658,0.5645075440406799,-0.030826309695839882
0.43828409910202026,0.5682607889175415,-0.04372571408748627
0.5634002685546875,0.6478121280670166,0.28106945753097534
0.4366198182106018,0.6449025273323059,0.2797558605670929
0.5518431067466736,0.6564188599586487,0.30082839727401733
0.4465525448322296,0.6517727971076965,0.30465391278266907
0.5870000720024109,0.680742621421814,0.10081180930137634
0.4264845848083496,0.6771622896194458,0.11934887617826462
-
0.484571635723114,0.3086233139038086,-0.4698846936225891
0.4919591248035431,0.30262625217437744,-0.44333207607269287
0.49603158235549927,0.30265793204307556,-0.4432668387889862
0.499907523393631,0.3027992844581604,-0.4432463049888611
0.4761923551559448,0.30313289165496826,-0.44052645564079285
0.46975207328796387,0.30376139283180237,-0.44056078791618347
0.4650360941886902,0.3044843375682831,-0.44052958488464355
0.5101975798606873,0.3079286217689514,-0.2649731934070587
0.45997628569602966,0.31135469675064087,-0.25453677773475647
0.49590399861335754,0.31815263628959656,-0.4019145965576172
0.4758606255054474,0.3190958499908447,-0.398776113986969
0.5642217993736267,0.35792139172554016,-0.12017520517110825
0.4293577969074249,0.3587910234928131,-0.11905069649219513
0.631106972694397,0.4007689356803894,-0.01851208321750164
0.35839128494262695,0.39948269724845886,-0.034294791519641876
0.5833795070648193,0.4370952546596527,-0.14706330001354218
0.4091959297657013,0.43338847160339355,-0.13747897744178772
0.5672037601470947,0.4496949315071106,-0.19232957065105438
0.4244460165500641,0.4443529546260834,-0.18834730982780457
0.5575814843177795,0.44184431433677673,-0.22009697556495667
0.43558013439178467,0.43746447563171387,-0.21382300555706024
0.5609122514724731,0.43770742416381836,-0.15614548325538635
0.4326774477958679,0.433849036693573,-0.14988867938518524
0.5359951853752136,0.4786069393157959,0.007255266886204481
0.4537353813648224,0.4776000380516052,-0.007472875993698835
0.5544373989105225,0.5673027634620667,-0.03885062783956528
0.438241183757782,0.569168210029602,-0.04573972523212433
0.5633108019828796,0.6478679776191711,0.2851886451244354
0.4394364655017853,0.6475421190261841,0.2766515910625458
0.5517590641975403,0.6559230089187622,0.307608038187027
0.4498715400695801,0.6546046733856201,0.29941999912261963
0.5864892601966858,0.6826175451278687,0.10400990396738052
0.42788854241371155,0.680334746837616,0.10720842331647873
-
0.4876551032066345,0.3127264380455017,-0.4620366394519806
0.49460652470588684,0.30653104186058044,-0.43591225147247314
0.49856987595558167,0.30655285716056824,-0.43585196137428284
0.5025491714477539,0.3066332936286926,-0.43583258986473083
0.47907206416130066,0.30722999572753906,-0.43336188793182373
0.4729558229446411,0.3078429400920868,-0.43339839577674866
0.4680931568145752,0.3085387349128723,-0.4333694577217102
0.512246310710907,0.31161659955978394,-0.2602096498012543
0.46271634101867676,0.3151620030403137,-0.25247108936309814
0.4983062446117401,0.32177120447158813,-0.3954470753669739
0.47869873046875,0.3227466642856598,-0.3924906849861145
0.5647857189178467,0.3616245687007904,-0.10981805622577667
0.4296819567680359,0.363459974527359,-0.10581505298614502
0.6333786845207214,0.4038453996181488,-0.003833760041743517
0.35893985629081726,0.4031805992126465,-0.014081192202866077
0.5850791335105896,0.43995895981788635,-0.12498117238283157
0.4091610908508301,0.4372919201850891,-0.12932981550693512
0.5676624774932861,0.45225605368614197,-0.16731269657611847
0.42427733540534973,0.448039710521698,-0.1752215325832367
0.5589176416397095,0.4450198709964752,-0.19292551279067993
0.43550562858581543,0.4412022531032562,-0.20160679519176483
0.5622578263282776,0.4406944215297699,-0.1345948576927185
0.43261289596557617,0.43769755959510803,-0.1409243643283844
0.5366506576538086,0.48204097151756287,0.005338332615792751
0.4543150067329407,0.4810071885585785,-0.005569317378103733
0.5544916391372681,0.5699912905693054,-0.04209994152188301
0.4381554424762726,0.5728368759155273,-0.04799991846084595
0.5632249116897583,0.6503909230232239,0.2857217490673065
0.43956005573272705,0.6500220894813538,0.2821548283100128
0.5515099763870239,0.6587616801261902,0.30793243646621704
0.4506494402885437,0.657367467880249,0.3057379722595215
0.5846478343009949,0.6839550733566284,0.1026046872138977
0.43012678623199463,0.6831575036048889,0.11374317854642868
-
0.489946186542511,0.3158094584941864,-0.4587954580783844
0.49744462966918945,0.30994805693626404,-0.43507716059684753
0.5012331604957581,0.31000831723213196,-0.43504270911216736
0.5055054426193237,0.3102828860282898,-0.4350590109825134
0.4823057949542999,0.31055372953414917,-0.4321412444114685
0.4764869809150696,0.31099438667297363,-0.43219247460365295
0.4712190330028534,0.3116592764854431,-0.4321736693382263
0.5148470401763916,0.31546664237976074,-0.24521081149578094
0.46537235379219055,0.31670573353767395,-0.24268397688865662
0.5004265904426575,0.32410961389541626,-0.39450544118881226
0.48067185282707214,0.3242908716201782,-0.3912728726863861
0.5662445425987244,0.36613672971725464,-0.10280687361955643
0.4296657145023346,0.3683262765407562,-0.09167248755693436
0.6344194412231445,0.4073907732963562,-0.010255689732730389
0.3620602488517761,0.40642857551574707,0.0079802256077528
0.5857127904891968,0.4426082968711853,-0.14726805686950684
0.4107459485530853,0.44239893555641174,-0.10714808851480484
0.5686321258544922,0.45257568359375,-0.19144615530967712
0.42536085844039917,0.4500092566013336,-0.1522715985774994
0.561199426651001,0.44770318269729614,-0.21473075449466705
0.4362933337688446,0.4446091651916504,-0.18052297830581665
0.5641046166419983,0.44305935502052307,-0.1570426970720291
0.4333820641040802,0.44150590896606445,-0.11939532309770584
0.5369351506233215,0.48614612221717834,0.002693034475669265
0.45490363240242004,0.4846457839012146,-0.002906192559748888
0.5553460121154785,0.5795238614082336,-0.0713811069726944
0.4380875527858734,0.5843841433525085,-0.06766584515571594
0.5633779168128967,0.6582304239273071,0.28094902634620667
0.4395926296710968,0.6566458344459534,0.28854697942733765
0.5515956282615662,0.6688423156738281,0.3048531115055084
0.4518781304359436,0.6653446555137634,0.314787894487381
0.5844270586967468,0.6952128410339355,0.09990882128477097
0.43011704087257385,0.6892368793487549,0.12820501625537872
-
0.49119946360588074,0.33217769861221313,-0.421000212430954
0.5000414252281189,0.32594770193099976,-0.39020973443984985
0.504382848739624,0.32607758045196533,-0.3902044892311096
0.5094873905181885,0.32628029584884644,-0.39019453525543213
0.48398107290267944,0.3263668119907379,-0.39007487893104553
0.47809597849845886,0.32680362462997437,-0.3900867998600006
0.47288721799850464,0.3272753953933716,-0.39002659916877747
0.5180968642234802,0.330445796251297,-0.20046646893024445
0.46741926670074463,0.3321162164211273,-0.20218247175216675
0.5019583106040955,0.34081733226776123,-0.351721853017807
0.4814404845237732,0.34198978543281555,-0.35178253054618835
0.5662224888801575,0.37722262740135193,-0.07364998757839203
0.4309716522693634,0.38202694058418274,-0.0523836649954319
0.6336183547973633,0.41715914011001587,0.010441267862915993
0.36378347873687744,0.41892004013061523,0.04628179222345352
0.5865312218666077,0.4517889618873596,-0.1392439901828766
0.4125552177429199,0.4534004330635071,-0.07842453569173813
0.5692484378814697,0.46122369170188904,-0.18613839149475098
0.42785415053367615,0.46381622552871704,-0.12282680720090866
0.5624915361404419,0.4574151635169983,-0.21665102243423462
0.4384951591491699,0.4579078257083893,-0.14980629086494446
0.5656328797340393,0.4538049101829529,-0.15280142426490784
0.4356374442577362,0.45459994673728943,-0.09005927294492722
0.5376560091972351,0.4990409016609192,-0.0028015163261443377
0.4554241895675659,0.4988310933113098,0.0026384880766272545
0.5572913885116577,0.588981032371521,-0.0778127908706665
0.4380355775356293,0.5928057432174683,-0.06334692984819412
0.5654950141906738,0.6737114191055298,0.2124951034784317
0.4393561780452728,0.6684743165969849,0.24551668763160706
0.5555595755577087,0.6865701675415039,0.22881156206130981
0.4520740807056427,0.6790564656257629,0.2641066014766693
0.5863612294197083,0.7056633234024048,0.023072870448231697
0.42987871170043945,0.7005243301391602,0.07478458434343338
-
0.494375616312027,0.3479871153831482,-0.4090406596660614
0.5026276707649231,0.3419354557991028,-0.3788001537322998
0.5070497989654541,0.3420441448688507,-0.37879741191864014
0.5121752619743347,0.34220126271247864,-0.37878507375717163
0.48686811327934265,0.3422397971153259,-0.3792770802974701
0.48076045513153076,0.34261077642440796,-0.3792906105518341
0.4751613736152649,0.3430795967578888,-0.37925076484680176
0.5196266174316406,0.3467835783958435,-0.19592484831809998
0.468601256608963,0.3485736846923828,-0.1979096531867981
0.5036218166351318,0.3574172258377075,-0.34091031551361084
0.48333510756492615,0.35790738463401794,-0.34156957268714905
0.5668137669563293,0.39277419447898865,-0.07776905596256256
0.43122702836990356,0.3949233889579773,-0.05629604682326317
0.633091926574707,0.4309208393096924,0.0012429634807631373
0.3673117756843567,0.4327777326107025,0.03236657381057739
0.5842912793159485,0.4664180874824524,-0.14061680436134338
0.4209771752357483,0.46853843331336975,-0.07795057445764542
0.5677258968353271,0.47911614179611206,-0.1923193782567978
0.43524062633514404,0.4790075719356537,-0.12211646139621735
0.5619535446166992,0.4739355444908142,-0.22490492463111877
0.4436133801937103,0.4728555679321289,-0.14761655032634735
0.5648818016052246,0.4698387682437897,-0.15868228673934937
0.4414251446723938,0.4697107672691345,-0.08909531682729721
0.5382241010665894,0.5131890177726746,-0.007024948485195637
0.4565441906452179,0.512900173664093,0.006884448230266571
0.5578247308731079,0.6002166271209717,-0.0683077871799469
0.43808332085609436,0.605461835861206,-0.03642577677965164
0.56633460521698,0.6791340112686157,0.24136850237846375
0.4393954277038574,0.6797618865966797,0.2505657374858856
0.5578969717025757,0.6907774806022644,0.2602776288986206
0.45172470808029175,0.6903427243232727,0.2704850137233734
0.5843260288238525,0.712138295173645,0.05594189465045929
0.4312114417552948,0.71164470911026,0.07972490042448044
-
0.49513745307922363,0.36367374658584595,-0.3811931610107422
0.5032170414924622,0.35648593306541443,-0.3543621599674225
0.5075080394744873,0.35655662417411804,-0.3543647229671478
0.5127233266830444,0.3566522002220154,-0.35436710715293884
0.4875982999801636,0.35743504762649536,-0.35231339931488037
0.48163169622421265,0.35828080773353577,-0.35231903195381165
0.4761379361152649,0.3591133952140808,-0.35226795077323914
0.5209987163543701,0.3617106080055237,-0.18794050812721252
0.4701397716999054,0.365323007106781,-0.1793825924396515
0.5046945810317993,0.37227076292037964,-0.3191291093826294
0.48456692695617676,0.3733142018318176,-0.31666016578674316
0.5678088068962097,0.4076818525791168,-0.08199451118707657
0.43365707993507385,0.40971487760543823,-0.05438884720206261
0.6327468156814575,0.4465149939060211,-0.06753065437078476
0.3696249723434448,0.446679025888443,0.009835184551775455
0.5823533535003662,0.48163527250289917,-0.24778340756893158
0.42419302463531494,0.4820341467857361,-0.14049039781093597
0.566554069519043,0.4945651888847351,-0.30308908224105835
0.4376978576183319,0.49337926506996155,-0.188713937997818
0.5600950121879578,0.48819106817245483,-0.32193318009376526
0.44565239548683167,0.4876134395599365,-0.20983943343162537
0.5631276369094849,0.4840884804725647,-0.2580719292163849
0.44388988614082336,0.48404693603515625,-0.15138593316078186
0.5383259057998657,0.5266555547714233,-0.006015824154019356
0.45750758051872253,0.5264098048210144,0.005865208338946104
0.5610328912734985,0.6102778911590576,-0.060920316725969315
0.43806490302085876,0.6187096834182739,-0.019038839265704155
0.5667187571525574,0.6874643564224243,0.2507767975330353
0.4400790333747864,0.687065064907074,0.25687530636787415
0.5578373670578003,0.7008851766586304,0.2703675925731659
0.4525269865989685,0.6984627842903137,0.27438342571258545
0.5878297090530396,0.7137933969497681,0.06022213399410248
0.4312482476234436,0.7135313749313354,0.09397037327289581
-
0.4985389709472656,0.37739843130111694,-0.3610885739326477
0.5057517290115356,0.3708884119987488,-0.3320542573928833
0.5105811357498169,0.3708001971244812,-0.33205923438072205
0.5158076882362366,0.3707949221134186,-0.3320566415786743
0.4911530017852783,0.37163013219833374,-0.330985963344574
0.4855312705039978,0.37205904722213745,-0.33098891377449036
0.4798688590526581,0.3725036084651947,-0.33092671632766724
0.5230952501296997,0.37544745206832886,-0.16482573747634888
0.47310808300971985,0.3775091767311096,-0.1611505150794983
0.5072246789932251,0.38640815019607544,-0.2994533181190491
0.48841023445129395,0.3875100314617157,-0.2985328435897827
0.5693972706794739,0.42230647802352905,-0.08035858720541
0.43434396386146545,0.4236016869544983,-0.05196463689208031
0.6326140761375427,0.4618998169898987,-0.10590297728776932
0.36981290578842163,0.45873793959617615,-0.08284278959035873
0.5798157453536987,0.4972778856754303,-0.3126411437988281
0.4247540831565857,0.49411892890930176,-0.3097486197948456
0.5656778812408447,0.5097824931144714,-0.37312689423561096
0.43775612115859985,0.505942702293396,-0.36900418996810913
0.557376503944397,0.5025482773780823,-0.3869244456291199
0.4460742473602295,0.5002278089523315,-0.3820510804653168
0.5601885318756104,0.4993375241756439,-0.32092949748039246
0.4446714520454407,0.4965805113315582,-0.31931039690971375
0.5395473837852478,0.5401893258094788,-0.005580276716500521
0.4584735929965973,0.5403906106948853,0.005417675245553255
0.566360592842102,0.6216151118278503,-0.06265049427747726
0.43788740038871765,0.629148542881012,-0.02457769401371479
0.566695511341095,0.6885208487510681,0.296066015958786
0.44036704301834106,0.6866433620452881,0.3030340075492859
0.5574171543121338,0.699951708316803,0.3238467276096344
0.45281681418418884,0.6954953670501709,0.32815229892730713
0.5875998735427856,0.7146338224411011,0.15168015658855438
0.4314272105693817,0.7152318358421326,0.16507551074028015
-
0.5005092024803162,0.38548755645751953,-0.37925687432289124
0.5072639584541321,0.3789454400539398,-0.3493333160877228
0.5124223828315735,0.37893515825271606,-0.3493231534957886
0.517697274684906,0.37913474440574646,-0.34932762384414673
0.4923912584781647,0.3792581856250763,-0.3488280177116394
0.48674312233924866,0.379613995552063,-0.3488425016403198
0.48112815618515015,0.3801887035369873,-0.34876883029937744
0.5249132513999939,0.38353949785232544,-0.1759042888879776
0.4743921458721161,0.38453221321105957,-0.1748368889093399
0.5087146162986755,0.394207626581192,-0.31541693210601807
0.4911743998527527,0.39493411779403687,-0.3151099681854248
0.5697633624076843,0.42999061942100525,-0.08212088793516159
0.43408554792404175,0.43350037932395935,-0.058446820825338364
0.6344361901283264,0.4705539643764496,-0.11408151686191559
0.370178759098053,0.46622294187545776,-0.0984392985701561
0.5797945261001587,0.5063871741294861,-0.33215761184692383
0.4245065152645111,0.5011895895004272,-0.31557777523994446
0.5660232305526733,0.5205963850021362,-0.3944321870803833
0.4339638650417328,0.5112234354019165,-0.37514859437942505
0.5572319626808167,0.5138674974441528,-0.407571405172348
0.44512587785720825,0.5050566792488098,-0.38972270488739014
0.5596216917037964,0.5098966956138611,-0.34039008617401123
0.4445052146911621,0.5016657710075378,-0.32543641328811646
0.5396214723587036,0.5458351373672485,-0.0007362897740676999
0.4584173560142517,0.5461239218711853,0.000599424762185663
0.5732443332672119,0.6272586584091187,-0.07039369642734528
0.4370560944080353,0.6316271424293518,-0.06939350068569183
0.5687862634658813,0.6897854804992676,0.3250361382961273
0.4415566623210907,0.6874738931655884,0.30246323347091675
0.5573054552078247,0.699485182762146,0.3566901385784149
0.45396682620048523,0.6932160258293152,0.3313817083835602
0.5940563678741455,0.716282844543457,0.19124768674373627
0.43230900168418884,0.717204213142395,0.17022457718849182
-
0.4994681477546692,0.3854941129684448,-0.4364279806613922
0.5063650608062744,0.3790588676929474,-0.40994590520858765
0.5113754272460938,0.37915360927581787,-0.40989816188812256
0.5165181159973145,0.37920480966567993,-0.4099065065383911
0.49130699038505554,0.37941861152648926,-0.40803590416908264
0.48568195104599,0.3797190189361572,-0.40808385610580444
0.4803113639354706,0.3800314664840698,-0.40802642703056335
0.5242871046066284,0.38430020213127136,-0.24311771988868713
0.47390276193618774,0.38557830452919006,-0.23649951815605164
0.5083625912666321,0.39445823431015015,-0.37429627776145935
0.49027711153030396,0.3943963348865509,-0.37246185541152954
0.5695635676383972,0.4328232705593109,-0.13226716220378876
0.43383949995040894,0.43260082602500916,-0.10862480103969574
0.6353954076766968,0.47370028495788574,-0.12254851311445236
0.3698137402534485,0.46531468629837036,-0.032132815569639206
0.5797982811927795,0.5085197687149048,-0.3074771761894226
0.4235052466392517,0.501548171043396,-0.06427706778049469
0.5653834342956543,0.5221444964408875,-0.3608209490776062
0.43369436264038086,0.5122160911560059,-0.09636177122592926
0.5562633275985718,0.5169874429702759,-0.3792789876461029
0.44499725103378296,0.5065772533416748,-0.11408358812332153
0.5584830641746521,0.5124368071556091,-0.3166017234325409
0.4441535174846649,0.5028510689735413,-0.0701727420091629
0.5394521951675415,0.5473179221153259,0.00107487419154495
0.4583609700202942,0.5466511249542236,-0.0011538000544533134
0.5765261650085449,0.6318621635437012,-0.03822058066725731
0.43506965041160583,0.6330237984657288,-0.06203940138220787
0.5688514709472656,0.6881126761436462,0.38029998540878296
0.4417703449726105,0.6892972588539124,0.31663259863853455
0.5570997595787048,0.6977435350418091,0.4135415256023407
0.4541621804237366,0.6949799060821533,0.34618571400642395
0.5962793827056885,0.714934766292572,0.24849645793437958
0.43220847845077515,0.7179749608039856,0.17970769107341766
-
0.49949172139167786,0.3795083165168762,-0.448331356048584
0.5066599249839783,0.3731943368911743,-0.4210640490055084
0.5114861130714417,0.3732607364654541,-0.4210411012172699
0.5167271494865417,0.3733786642551422,-0.421064555644989
0.4912464916706085,0.3734195828437805,-0.41928449273109436
0.48549631237983704,0.37368327379226685,-0.41933149099349976
0.48019346594810486,0.3740306794643402,-0.4192933440208435
0.5241080522537231,0.37815889716148376,-0.24562977254390717
0.47360649704933167,0.3794301450252533,-0.2395276129245758
0.508568525314331,0.3882504105567932,-0.3823215365409851
0.4901268482208252,0.3885948359966278,-0.3808009624481201
0.5703029632568359,0.42750662565231323,-0.12788449227809906
0.43366721272468567,0.4265184998512268,-0.11459194123744965
0.6351065039634705,0.4691442847251892,-0.1406218260526657
0.36955755949020386,0.459862619638443,-0.09711622446775436
0.5797569751739502,0.5047392249107361,-0.35713332891464233
0.4228570759296417,0.49600791931152344,-0.2619471549987793
0.5652899146080017,0.5167607665061951,-0.4150562584400177
0.43351882696151733,0.5079869627952576,-0.31353098154067993
0.5562964677810669,0.5112879276275635,-0.4329746663570404
0.44467392563819885,0.5017481446266174,-0.32777267694473267
0.5585123300552368,0.5074419379234314,-0.3667379915714264
0.4436424672603607,0.4977833330631256,-0.2697890102863312
0.5390735268592834,0.5432074666023254,0.002585046924650669
0.4574068784713745,0.5437644720077515,-0.0026719754096120596
0.5759004950523376,0.6288560628890991,-0.034757472574710846
0.43469709157943726,0.6318443417549133,-0.06484945863485336
0.5687711238861084,0.6886521577835083,0.38518139719963074
0.4417320191860199,0.6888370513916016,0.31120792031288147
0.5566418766975403,0.6987758874893188,0.41805046796798706
0.45405852794647217,0.695203423500061,0.33980533480644226
0.5951228737831116,0.7143340706825256,0.24557259678840637
0.4322105944156647,0.7173548936843872,0.16431419551372528
-
0.49902403354644775,0.3735494613647461,-0.45603692531585693
0.5062386989593506,0.3674316108226776,-0.42987915873527527
0.5109894275665283,0.3673890233039856,-0.4298667907714844
0.51616370677948,0.36735373735427856,-0.42989829182624817
0.49079275131225586,0.36775678396224976,-0.42694273591041565
0.4850715100765228,0.3681829571723938,-0.42698216438293457
0.4798215627670288,0.36853188276290894,-0.4269424080848694
0.5237002372741699,0.3714387118816376,-0.25999364256858826
0.473219633102417,0.37371954321861267,-0.24754314124584198
0.508413553237915,0.3823564052581787,-0.3920772075653076
0.4897347688674927,0.3841649889945984,-0.38876551389694214
0.5701494216918945,0.4192953109741211,-0.14695380628108978
0.43263572454452515,0.4197940230369568,-0.11081072688102722
0.6327515244483948,0.4606105387210846,-0.1508513242006302
0.3705039620399475,0.4551547169685364,-0.019423451274633408
0.5761236548423767,0.49598532915115356,-0.3436102271080017
0.42257481813430786,0.48999637365341187,-0.07861710339784622
0.5601187348365784,0.5083580017089844,-0.3969879448413849
0.43159621953964233,0.5016015768051147,-0.11311526596546173
0.552490770816803,0.502432107925415,-0.4129307270050049
0.44153833389282227,0.49537354707717896,-0.13476233184337616
0.5551260709762573,0.49855929613113403,-0.35167068243026733
0.44083935022354126,0.4916791319847107,-0.08714208006858826
0.538108766078949,0.5362581610679626,0.0022535533644258976
0.4572325050830841,0.5364280939102173,-0.002338223159313202
0.5743078589439392,0.6224713921546936,-0.03746164217591286
0.4347124397754669,0.6262403726577759,-0.0412057600915432
0.5683847665786743,0.6873450875282288,0.35573938488960266
0.4416402280330658,0.6893779039382935,0.317987322807312
0.5562288165092468,0.6980017423629761,0.3854282796382904
0.45392003655433655,0.6967484354972839,0.3439764082431793
0.5926324129104614,0.7134546637535095,0.20233044028282166
0.4322569966316223,0.7166875004768372,0.15917156636714935
-
0.4987952709197998,0.3538188636302948,-0.44006940722465515
0.5059494376182556,0.3486694097518921,-0.41422542929649353
0.51069176197052,0.34877854585647583,-0.4142066538333893
0.5159997940063477,0.34888747334480286,-0.41422584652900696
0.49051910638809204,0.3486911952495575,-0.4116151034832001
0.48453831672668457,0.34920936822891235,-0.41166195273399353
0.4792098104953766,0.3498029112815857,-0.4116787016391754
0.5234347581863403,0.35357165336608887,-0.24541808664798737
0.4731712341308594,0.35596388578414917,-0.23637992143630981
0.508355975151062,0.36415809392929077,-0.3766994774341583
0.4883173108100891,0.36531877517700195,-0.3745264410972595
0.5700548887252808,0.40509337186813354,-0.11147139966487885
0.43248870968818665,0.4035421907901764,-0.10616016387939453
0.6308915019035339,0.45089974999427795,-0.04808403179049492
0.3704506456851959,0.43842393159866333,-0.006714176386594772
0.5747632384300232,0.4830973744392395,-0.18604573607444763
0.418944388628006,0.4776921272277832,-0.08709140866994858
0.5588091611862183,0.49158644676208496,-0.2317027598619461
0.4286876320838928,0.48883190751075745,-0.12485011667013168
0.5525588393211365,0.48426222801208496,-0.25162366032600403
0.43884581327438354,0.4812585711479187,-0.14858600497245789
0.5552387237548828,0.48130783438682556,-0.19523335993289948
0.4377880394458771,0.477694034576416,-0.09663864970207214
0.5353941321372986,0.5238638520240784,0.0059815095737576485
0.4568483233451843,0.5247028470039368,-0.0061444626189768314
0.5689510107040405,0.616154134273529,-0.013650496490299702
0.43633994460105896,0.6154438853263855,-0.04193545877933502
0.5676935315132141,0.686086118221283,0.34626418352127075
0.44165241718292236,0.6883733868598938,0.2659711241722107
0.5561856031417847,0.6969019174575806,0.3724246919155121
0.45389869809150696,0.6960033178329468,0.2849102318286896
0.5903939604759216,0.7128096222877502,0.18861018121242523
0.4343360364437103,0.7161656618118286,0.07467145472764969
-
0.4981309771537781,0.3374508023262024,-0.3886259198188782
0.5057440400123596,0.3324592709541321,-0.36362922191619873
0.510654091835022,0.33269843459129333,-0.36358875036239624
0.5155929327011108,0.33289772272109985,-0.3635621666908264
0.49022531509399414,0.33221760392189026,-0.3656279146671295
0.484340637922287,0.3324834704399109,-0.36565065383911133
0.4791276156902313,0.3328399062156677,-0.36565130949020386
0.5230881571769714,0.3373050391674042,-0.19435705244541168
0.4729965925216675,0.3388311266899109,-0.20391564071178436
0.5079138278961182,0.3475906252861023,-0.323727011680603
0.48769068717956543,0.34807273745536804,-0.32665756344795227
0.5673887729644775,0.38741201162338257,-0.05752959102392197
0.4322362244129181,0.3869200348854065,-0.0782296434044838
0.625787615776062,0.4328370988368988,0.04098278284072876
0.3702891767024994,0.4214871823787689,0.040403783321380615
0.5719031095504761,0.4648246765136719,-0.06610769778490067
0.41238653659820557,0.4578654170036316,0.0032518794760107994
0.5586382746696472,0.47477397322654724,-0.09995781630277634
0.42333242297172546,0.47171831130981445,-0.0251852385699749
0.5528399348258972,0.4700395464897156,-0.12256747484207153
0.4330178201198578,0.46419262886047363,-0.04951227456331253
0.5553083419799805,0.4667176604270935,-0.07561369240283966
0.43203312158584595,0.4603520929813385,-0.005028611980378628
0.5316734910011292,0.5067771673202515,0.005958938039839268
0.45560604333877563,0.5079043507575989,-0.00615554116666317
0.5587809681892395,0.5951520204544067,-0.01979401707649231
0.437203973531723,0.599122941493988,-0.052591949701309204
0.5677217245101929,0.6816352605819702,0.26553061604499817
0.4400261640548706,0.6810242533683777,0.24687054753303528
0.5572232007980347,0.6911617517471313,0.2842263877391815
0.45201995968818665,0.6892697215080261,0.2671181261539459
0.5856543779373169,0.7127029299736023,0.08122479915618896
0.4342707395553589,0.715379536151886,0.07380882650613785
-
0.4965071678161621,0.32622164487838745,-0.34152600169181824
0.5046164989471436,0.3196910619735718,-0.3194093406200409
0.5097697377204895,0.3198995590209961,-0.3193711042404175
0.5139720439910889,0.32014816999435425,-0.3193475306034088
0.488714337348938,0.3198206126689911,-0.31902363896369934
0.4832383096218109,0.32007941603660583,-0.31900808215141296
0.47814980149269104,0.32055506110191345,-0.31898441910743713
0.5210966467857361,0.3250407576560974,-0.16291481256484985
0.4728836417198181,0.3268186151981354,-0.16133633255958557
0.5064634680747986,0.33569690585136414,-0.28078493475914
0.4859901964664459,0.33688482642173767,-0.2804658114910126
0.5653876662254333,0.3752041161060333,-0.04542152211070061
0.43218323588371277,0.3742449879646301,-0.04349427670240402
0.6248626112937927,0.41719919443130493,0.0003074594133067876
0.3688991069793701,0.40621218085289,0.03386534005403519
0.5742795467376709,0.44839391112327576,-0.16163721680641174
0.4067065417766571,0.4433929920196533,-0.052499569952487946
0.5636650323867798,0.4616970121860504,-0.2063065469264984
0.4182165861129761,0.4571281373500824,-0.08706934005022049
0.5570573806762695,0.4562174379825592,-0.22779634594917297
0.4281531870365143,0.44970017671585083,-0.10860265046358109
0.5578646063804626,0.45184189081192017,-0.17154882848262787
0.42679813504219055,0.4459162652492523,-0.06073848903179169
0.5284735560417175,0.4922495484352112,0.004998561926186085
0.4533393383026123,0.4936167299747467,-0.005258123856037855
0.5527046918869019,0.5817122459411621,-0.04339999705553055
0.43825843930244446,0.5866025686264038,-0.059551436454057693
0.5670966506004333,0.6701046228408813,0.19996397197246552
0.4382264018058777,0.6702914237976074,0.19611357152462006
0.5569594502449036,0.67906254529953,0.214649960398674
0.45066800713539124,0.6780027747154236,0.21224795281887054
0.5832284092903137,0.7071099877357483,0.016499163582921028
0.4325273633003235,0.7114450335502625,0.02788730524480343
-
0.4945911765098572,0.31587740778923035,-0.36842820048332214
0.5018620491027832,0.3097764253616333,-0.3401517868041992
0.5071171522140503,0.3098704218864441,-0.34015437960624695
0.5112332105636597,0.30990272760391235,-0.3401932716369629
0.48655420541763306,0.3102707862854004,-0.34062448143959045
0.4816057085990906,0.31067565083503723,-0.3406522870063782
0.476378470659256,0.3113458752632141,-0.3405938744544983
0.5164685249328613,0.31453150510787964,-0.1681070178747177
0.4720650017261505,0.31718623638153076,-0.17533352971076965
0.5042362809181213,0.3256373703479767,-0.30567923188209534
0.4842378795146942,0.32637226581573486,-0.30611202120780945
0.5641075372695923,0.3665364384651184,-0.06378300487995148
0.4307261109352112,0.36333388090133667,-0.05636446177959442
0.6250542998313904,0.41001057624816895,-0.02230065129697323
0.3657240569591522,0.3995814323425293,0.015543356537818909
0.5774387121200562,0.43802738189697266,-0.23002713918685913
0.40150198340415955,0.4353334903717041,-0.12615226209163666
0.564336895942688,0.4507113993167877,-0.28365063667297363
0.4132322072982788,0.44818243384361267,-0.17142590880393982
0.5572167634963989,0.441764771938324,-0.31143075227737427
0.4236130714416504,0.4413228929042816,-0.2007512003183365
0.558708906173706,0.43737906217575073,-0.24286410212516785
0.4219484031200409,0.43748655915260315,-0.13867606222629547
0.5276945233345032,0.48131147027015686,0.002025200054049492
0.4506476819515228,0.48137998580932617,-0.002284807385876775
0.5477011203765869,0.5723153352737427,-0.029357274994254112
0.4382287263870239,0.5737124681472778,-0.05921263247728348
0.5622893571853638,0.6583105325698853,0.21072173118591309
0.43609094619750977,0.6589288711547852,0.17214922606945038
0.5525109171867371,0.6674121022224426,0.2224477082490921
0.449956476688385,0.6685463190078735,0.18233880400657654
0.5754319429397583,0.6939860582351685,0.012763855047523975
0.4211868643760681,0.6966327428817749,-0.018383285030722618
-
0.4936608672142029,0.30890166759490967,-0.2768979072570801
0.500799834728241,0.30200618505477905,-0.2584123909473419
0.5062976479530334,0.30212676525115967,-0.25834619998931885
0.5103275775909424,0.3023442029953003,-0.2583256959915161
0.48540419340133667,0.3026851713657379,-0.25528639554977417
0.4805159568786621,0.3032653331756592,-0.2552492618560791
0.47505128383636475,0.3040376305580139,-0.25520479679107666
0.515701174736023,0.3076992928981781,-0.1320963054895401
0.47065433859825134,0.30967020988464355,-0.1189739778637886
0.5038858652114868,0.3174474239349365,-0.2285623401403427
0.48374128341674805,0.31781962513923645,-0.22465777397155762
0.5632408857345581,0.36029642820358276,-0.04579218849539757
0.429092675447464,0.3573686182498932,-0.022189391776919365
0.6243967413902283,0.4034135341644287,0.011753744445741177
0.3610447645187378,0.3943336606025696,0.06093594804406166
0.5766516327857971,0.43446269631385803,-0.08233865350484848
0.4018422067165375,0.431194007396698,0.01898244582116604
0.563471257686615,0.44431471824645996,-0.10985367000102997
0.4142000079154968,0.4417111277580261,-0.0018777420045807958
0.5560334920883179,0.4378603398799896,-0.12659676373004913
0.42468252778053284,0.4350055754184723,-0.014516336843371391
0.5578723549842834,0.4336315095424652,-0.08683010935783386
0.4225631356239319,0.43110665678977966,0.015198380686342716
0.5266209244728088,0.47547048330307007,0.001885007950477302
0.4481915831565857,0.4745338559150696,-0.0021629887633025646
0.543412983417511,0.5670626759529114,-0.027713023126125336
0.43789875507354736,0.5665924549102783,-0.05821464955806732
0.5570681095123291,0.6496580839157104,0.1462913304567337
0.43569663166999817,0.6521357297897339,0.10629458725452423
0.5477732419967651,0.6595788598060608,0.15366138517856598
0.44896557927131653,0.660749077796936,0.11208592355251312
0.5671795606613159,0.6856533288955688,-0.021042903885245323
0.4183647632598877,0.6865390539169312,-0.055232565850019455
-
0.4927035868167877,0.3049854338169098,-0.37835705280303955
0.5002393126487732,0.2989528775215149,-0.3554038107395172
0.5058903694152832,0.2991594970226288,-0.35531917214393616
0.5098715424537659,0.29947274923324585,-0.35531869530677795
0.484546035528183,0.2992241084575653,-0.35090476274490356
0.4796489179134369,0.29967817664146423,-0.35089725255966187
0.47387486696243286,0.3003219664096832,-0.35087549686431885
0.5148874521255493,0.3038279414176941,-0.2057081162929535
0.4692557156085968,0.3048259913921356,-0.18760325014591217
0.5029375553131104,0.3149653971195221,-0.32153698801994324
0.48274269700050354,0.3153262436389923,-0.31618455052375793
0.5618157982826233,0.35671466588974,-0.1036735251545906
0.42758533358573914,0.3544972538948059,-0.06125130131840706
0.6238706111907959,0.3985494077205658,-0.026091674342751503
0.35687223076820374,0.3897281587123871,0.04765433818101883
0.5761695504188538,0.42858490347862244,-0.1454830914735794
0.39987531304359436,0.42603564262390137,-0.03997228294610977
0.5609689950942993,0.4402005076408386,-0.18849755823612213
0.41268467903137207,0.43761998414993286,-0.07398415356874466
0.5537635684013367,0.43370842933654785,-0.20773100852966309
0.42381423711776733,0.43121957778930664,-0.09588038176298141
0.5569619536399841,0.4292660355567932,-0.15384292602539062
0.42123734951019287,0.4277566969394684,-0.04850979521870613
0.5252323746681213,0.47281163930892944,-0.0010694966185837984
0.44411858916282654,0.4727037847042084,0.0007469480042345822
0.5389389395713806,0.5629490613937378,-0.06663404405117035
0.4366433024406433,0.5655369162559509,-0.06518226861953735
0.5516902804374695,0.640900731086731,0.2572360634803772
0.4353868365287781,0.6436353325843811,0.263191282749176
0.541965126991272,0.6497578620910645,0.2866784930229187
0.4480401277542114,0.6507551670074463,0.29107552766799927
0.5599997043609619,0.6790440678596497,0.11091788858175278
0.4181950092315674,0.6794134974479675,0.12788702547550201
-
0.48937809467315674,0.303630530834198,-0.40953966975212097
0.4977113604545593,0.2970616817474365,-0.3852469027042389
0.5031689405441284,0.2971310317516327,-0.38518163561820984
0.5076875686645508,0.29743149876594543,-0.38516950607299805
0.4813450276851654,0.2971178889274597,-0.38030049204826355
0.47619888186454773,0.2973032593727112,-0.3803071677684784
0.4709687829017639,0.29780644178390503,-0.38028427958488464
0.5128122568130493,0.3024688959121704,-0.2265079766511917
0.4672483801841736,0.30376875400543213,-0.2060280293226242
0.49973076581954956,0.3132742643356323,-0.34943974018096924
0.47991660237312317,0.31341224908828735,-0.3436621129512787
0.5607681274414062,0.3540958762168884,-0.12305611371994019
0.42544031143188477,0.35323089361190796,-0.073902428150177
0.6208353042602539,0.3973262906074524,-0.08596467226743698
0.3540426790714264,0.38899028301239014,-0.013301284052431583
0.5736855864524841,0.42875003814697266,-0.2584904432296753
0.39819568395614624,0.4228932857513428,-0.14816561341285706
0.5567441582679749,0.4400753974914551,-0.30750423669815063
0.41026386618614197,0.4347497522830963,-0.193119615316391
0.548888623714447,0.4323051869869232,-0.329668790102005
0.42124295234680176,0.4287436902523041,-0.20753899216651917
0.5533053874969482,0.42836618423461914,-0.26761358976364136
0.4187653958797455,0.42528995871543884,-0.1559147834777832
0.5214570760726929,0.47142377495765686,-0.003633588319644332
0.44019365310668945,0.4708952009677887,0.0033092820085585117
0.5370859503746033,0.5618654489517212,-0.059609588235616684
0.43309083580970764,0.5637613534927368,-0.056099388748407364
0.5477616190910339,0.6348662376403809,0.3293481767177582
0.4346827566623688,0.6415143609046936,0.2966001331806183
0.538765549659729,0.6432828903198242,0.36028778553009033
0.4461996257305145,0.648992657661438,0.3234518766403198
0.5553774237632751,0.6731274127960205,0.17874948680400848
0.4181024432182312,0.6760736107826233,0.1453293412923813
-
0.48675525188446045,0.3033874034881592,-0.4131533205509186
0.4951966106891632,0.2968396544456482,-0.38544827699661255
0.5002988576889038,0.29695388674736023,-0.3854157328605652
0.5054956078529358,0.2972601652145386,-0.38542085886001587
0.47885212302207947,0.29720962047576904,-0.381967157125473
0.47336506843566895,0.29760050773620605,-0.3819734454154968
0.46854111552238464,0.2980564534664154,-0.3819321095943451
0.5109732151031494,0.30222636461257935,-0.2203487604856491
0.46533554792404175,0.30359458923339844,-0.2042943388223648
0.49785885214805603,0.3124827742576599,-0.3492407202720642
0.4776817262172699,0.31268244981765747,-0.3452988266944885
0.5599197745323181,0.35357266664505005,-0.11340562254190445
0.4219052195549011,0.3534491956233978,-0.07376794517040253
0.6171661019325256,0.3975566327571869,-0.1145123764872551
0.35312506556510925,0.3917969763278961,-0.07090895622968674
0.5720010995864868,0.4290424883365631,-0.3411274254322052
0.39790788292884827,0.42593494057655334,-0.2857459783554077
0.5548601150512695,0.4397701323032379,-0.4024015963077545
0.40974152088165283,0.43725600838661194,-0.3466322124004364
0.5476365685462952,0.43138808012008667,-0.42440474033355713
0.42030975222587585,0.430480420589447,-0.3610022962093353
0.552433431148529,0.42768120765686035,-0.35216015577316284
0.417969673871994,0.4269348084926605,-0.29578253626823425
0.5197169184684753,0.4734928607940674,-0.004965160973370075
0.4377304017543793,0.472542941570282,0.004661974031478167
0.534611701965332,0.5638428926467896,-0.06173313409090042
0.4287271201610565,0.5676313042640686,-0.04359126463532448
0.5433833003044128,0.6357364058494568,0.36328428983688354
0.4339279234409332,0.6399069428443909,0.34510529041290283
0.5332573652267456,0.6441286206245422,0.39710095524787903
0.4451449513435364,0.6464254260063171,0.3752683401107788
0.5516420602798462,0.6720428466796875,0.21209615468978882
0.4185201823711395,0.674439013004303,0.19676558673381805
-
0.48275163769721985,0.3061732351779938,-0.4299275279045105
0.49072444438934326,0.2997279167175293,-0.40293845534324646
0.49613603949546814,0.29981479048728943,-0.40291452407836914
0.5014633536338806,0.300022691488266,-0.4029262065887451
0.4746386706829071,0.3002730906009674,-0.3984064757823944
0.46948543190956116,0.30071231722831726,-0.39841291308403015
0.4657449424266815,0.30121535062789917,-0.39836886525154114
0.5086373090744019,0.30498963594436646,-0.23166605830192566
0.4620327055454254,0.3067031502723694,-0.21194547414779663
0.4938124418258667,0.3152071535587311,-0.36507296562194824
0.47358831763267517,0.3150997459888458,-0.35972604155540466
0.5579191446304321,0.3556702733039856,-0.12150323390960693
0.41918081045150757,0.354636013507843,-0.0771595761179924
0.614848792552948,0.3995867967605591,-0.12776827812194824
0.35156872868537903,0.3924727439880371,-0.06256289035081863
0.5710378289222717,0.4308421015739441,-0.35488322377204895
0.3955371379852295,0.42751598358154297,-0.2633833587169647
0.5540195107460022,0.4426259398460388,-0.4157063663005829
0.4067314565181732,0.4393298029899597,-0.3212421238422394
0.546524703502655,0.4346035122871399,-0.4371943175792694
0.4171462059020996,0.4330231249332428,-0.33929529786109924
0.5513748526573181,0.43042927980422974,-0.36545199155807495
0.41488638520240784,0.42901796102523804,-0.27443909645080566
0.5170405507087708,0.4762776494026184,-0.0054660276509821415
0.43465664982795715,0.47489872574806213,0.005180110689252615
0.5343227982521057,0.5659160017967224,-0.06179163232445717
0.42435553669929504,0.569073498249054,-0.03632379695773125
0.5417718887329102,0.6361259818077087,0.3588908016681671
0.4307914674282074,0.6404904127120972,0.3464740216732025
0.5308725833892822,0.6441267132759094,0.3917577564716339
0.4419669210910797,0.6472514867782593,0.3756578266620636
0.5499825477600098,0.6730725765228271,0.20762428641319275
0.41588494181632996,0.6749938130378723,0.19580389559268951
-
0.481086403131485,0.3100537657737732,-0.4313519299030304
0.48888278007507324,0.30389004945755005,-0.40410685539245605
0.49424585700035095,0.30401426553726196,-0.40408745408058167
0.4996471107006073,0.3041602075099945,-0.40410345792770386
0.47345712780952454,0.30422964692115784,-0.40038570761680603
0.4684223234653473,0.30461227893829346,-0.40037569403648376
0.46469348669052124,0.30506646633148193,-0.400320440530777
0.507506787776947,0.3090647757053375,-0.23022475838661194
0.4607938230037689,0.3104155659675598,-0.21359799802303314
0.49182307720184326,0.3185815215110779,-0.3657929599285126
0.47149166464805603,0.31850937008857727,-0.36140382289886475
0.5550360083580017,0.3595978319644928,-0.11609753221273422
0.41795751452445984,0.35804906487464905,-0.07675497978925705
0.6134723424911499,0.4029662013053894,-0.11371512711048126
0.35176345705986023,0.39554694294929504,-0.03559422865509987
0.5683220624923706,0.4336532652378082,-0.34150230884552
0.3932543396949768,0.4310552179813385,-0.2350362092256546
0.5531861782073975,0.4450284540653229,-0.40208980441093445
0.40435630083084106,0.4423907697200775,-0.2681281864643097
0.5463047623634338,0.4374770522117615,-0.42373034358024597
0.4153967499732971,0.436420738697052,-0.27512282133102417
0.5505679845809937,0.4332810938358307,-0.3526811897754669
0.4132395088672638,0.4325481355190277,-0.2313447892665863
0.5145742297172546,0.4792129397392273,-0.004957050550729036
0.4334157407283783,0.47794151306152344,0.00466002244502306
0.532343864440918,0.568759560585022,-0.05867493525147438
0.42083215713500977,0.572251558303833,-0.03488049656152725
0.540209174156189,0.6408988833427429,0.3349297344684601
0.4254806935787201,0.643031656742096,0.3372495770454407
0.5283331871032715,0.6501604914665222,0.36343929171562195
0.43780043721199036,0.6498578190803528,0.3653830587863922
0.5508109927177429,0.6772273778915405,0.17548349499702454
0.4135735332965851,0.6780419945716858,0.1852567493915558
-
0.4790046215057373,0.31348228454589844,-0.4549616873264313
0.48741739988327026,0.307733416557312,-0.42768046259880066
0.4928949177265167,0.30778396129608154,-0.42764782905578613
0.4982297122478485,0.30795779824256897,-0.42764586210250854
0.4714888632297516,0.30810853838920593,-0.4241277575492859
0.46644049882888794,0.308427095413208,-0.4241406321525574
0.4624846279621124,0.3086593449115753,-0.42410290241241455
0.5062015652656555,0.31232285499572754,-0.2507789731025696
0.458026260137558,0.3124871850013733,-0.23455293476581573
0.4897124767303467,0.32092371582984924,-0.38824865221977234
0.46860843896865845,0.32164546847343445,-0.3839227557182312
0.5526471138000488,0.3629310727119446,-0.12821313738822937
0.4131862223148346,0.3619258403778076,-0.08663638681173325
0.6131376624107361,0.4046390652656555,-0.1060178130865097
0.3510412573814392,0.3962397575378418,-0.018044166266918182
0.5624938607215881,0.4351716637611389,-0.31302204728126526
0.3910771608352661,0.4312957227230072,-0.17490240931510925
0.5509173274040222,0.4469150900840759,-0.3698718249797821
0.40219971537590027,0.4440693259239197,-0.22082474827766418
0.5445159077644348,0.43761759996414185,-0.3933315575122833
0.41277340054512024,0.43684762716293335,-0.2536851167678833
0.5473983883857727,0.43427911400794983,-0.32413434982299805
0.41069352626800537,0.43294453620910645,-0.18640652298927307
0.5135923027992249,0.48219791054725647,-0.005165598355233669
0.43142950534820557,0.4804267883300781,0.004892120603471994
0.5285059809684753,0.5701073408126831,-0.046764470636844635
0.41806352138519287,0.5755383968353271,-0.028584500774741173
0.5375719666481018,0.6480056643486023,0.31443166732788086
0.4207600951194763,0.6452956199645996,0.3160550892353058
0.5250616669654846,0.6574582457542419,0.33644431829452515
0.4352317750453949,0.6539417505264282,0.34160545468330383
0.5511932969093323,0.681579053401947,0.12645620107650757
0.4071725308895111,0.6781374216079712,0.18097460269927979
-
0.47812673449516296,0.3278772532939911,-0.4495331346988678
0.4867885708808899,0.3221837878227234,-0.42112740874290466
0.49222421646118164,0.3223094046115875,-0.42110052704811096
0.4975892901420593,0.32252782583236694,-0.421094685792923
0.4706350862979889,0.322110652923584,-0.41881638765335083
0.4651465117931366,0.3223126530647278,-0.41884490847587585
0.4612915515899658,0.32253551483154297,-0.4188019931316376
0.5051295161247253,0.32655206322669983,-0.24224601686000824
0.45615464448928833,0.3274340331554413,-0.23010656237602234
0.488771915435791,0.33725133538246155,-0.38205817341804504
0.46734851598739624,0.3372948467731476,-0.37913551926612854
0.5509002804756165,0.3749895691871643,-0.12441195547580719
0.41177576780319214,0.37553519010543823,-0.08935140073299408
0.6124640107154846,0.416166216135025,-0.13721825182437897
0.3495212197303772,0.41105929017066956,-0.07119999825954437
0.5636247396469116,0.4489171504974365,-0.3888653516769409
0.38961008191108704,0.44363394379615784,-0.2937358319759369
0.5513678193092346,0.4612480103969574,-0.4550241231918335
0.40047943592071533,0.45514369010925293,-0.3570771813392639
0.5447823405265808,0.45542627573013306,-0.47913387417793274
0.4105271100997925,0.4495246410369873,-0.38219761848449707
0.5478014349937439,0.4513712525367737,-0.40202534198760986
0.4085131883621216,0.4461091458797455,-0.3080483675003052
0.5118878483772278,0.49441900849342346,-0.006850664969533682
0.42905208468437195,0.49328309297561646,0.006613737437874079
0.5277901887893677,0.5802024602890015,-0.04857649654150009
0.4149896502494812,0.5852253437042236,-0.030002349987626076
0.5364121198654175,0.6582873463630676,0.3077895939350128
0.41463249921798706,0.6617923974990845,0.28738000988960266
0.5240707397460938,0.6699689626693726,0.3295372724533081
0.42762047052383423,0.6713039875030518,0.3060741722583771
0.5506395101547241,0.6929048299789429,0.11538980156183243
0.40069878101348877,0.6945576071739197,0.10472328215837479
-
0.4772932231426239,0.3420669436454773,-0.44415372610092163
0.48554831743240356,0.33643296360969543,-0.41601893305778503
0.4909689724445343,0.3365817964076996,-0.41600605845451355
0.496428519487381,0.33678871393203735,-0.4160124361515045
0.4694896340370178,0.3367740511894226,-0.414204478263855
0.46385276317596436,0.33719730377197266,-0.4142405092716217
0.46000316739082336,0.3375857472419739,-0.4142013490200043
0.5036588907241821,0.3411043584346771,-0.2380019873380661
0.45477917790412903,0.3433266282081604,-0.22813007235527039
0.48792916536331177,0.35227957367897034,-0.3770783245563507
0.46632134914398193,0.3525480628013611,-0.3747729957103729
0.5504589676856995,0.3892148435115814,-0.12224704027175903
0.4108504354953766,0.3907533288002014,-0.09493181109428406
0.6114895939826965,0.43005022406578064,-0.1462102085351944
0.3485674262046814,0.4243358075618744,-0.10641492158174515
0.5626770853996277,0.46423405408859253,-0.3872438967227936
0.3896448016166687,0.45719876885414124,-0.33526256680488586
0.5507379770278931,0.4761204719543457,-0.4515371024608612
0.4002807140350342,0.46830886602401733,-0.3997548520565033
0.5440051555633545,0.4712929129600525,-0.4740118980407715
0.4089255928993225,0.46333256363868713,-0.4213337004184723
0.5467804074287415,0.46735280752182007,-0.4005774259567261
0.40700480341911316,0.4595617651939392,-0.34891000390052795
0.5120305418968201,0.5090726613998413,-0.006789116188883781
0.4289710521697998,0.5074013471603394,0.006567462347447872
0.5289298295974731,0.5961852073669434,-0.03941551595926285
0.41273340582847595,0.5971843004226685,-0.011611530557274818
0.5352447628974915,0.6691628098487854,0.30904391407966614
0.40679046511650085,0.6735285520553589,0.28614166378974915
0.524161159992218,0.680303156375885,0.3311910331249237
0.41844698786735535,0.6834681034088135,0.30393898487091064
0.5505320429801941,0.7053682804107666,0.12042708694934845
0.3906611502170563,0.7058977484703064,0.10263917595148087
-
0.4750312864780426,0.35839179158210754,-0.4309656322002411
0.4831783175468445,0.3517664074897766,-0.4070741534233093
0.4885646402835846,0.35195380449295044,-0.40706223249435425
0.49388691782951355,0.3523644506931305,-0.4070623219013214
0.4679053723812103,0.35206663608551025,-0.4035174548625946
0.46269670128822327,0.3523225784301758,-0.4035841226577759
0.4590214490890503,0.3526713252067566,-0.4035855233669281
0.5014100074768066,0.3579588532447815,-0.23549070954322815
0.4544845521450043,0.35839736461639404,-0.2278391569852829
0.48543721437454224,0.36734265089035034,-0.36951765418052673
0.4648900628089905,0.36697572469711304,-0.36526310443878174
0.549148440361023,0.4036673903465271,-0.12079602479934692
0.41026899218559265,0.4045012891292572,-0.09294618666172028
0.6076321005821228,0.44501861929893494,-0.1414414793252945
0.3486952483654022,0.43891531229019165,-0.07684018462896347
0.558737576007843,0.48017749190330505,-0.3254763185977936
0.3903951942920685,0.47410470247268677,-0.28549396991729736
0.5471886992454529,0.4918392598628998,-0.3794587552547455
0.40119320154190063,0.4853641092777252,-0.35327354073524475
0.5410744547843933,0.4872087836265564,-0.40498554706573486
0.41015714406967163,0.4805249273777008,-0.3704833984375
0.5435113906860352,0.4832288324832916,-0.3399781286716461
0.4082077145576477,0.4769282937049866,-0.2952606976032257
0.5113275647163391,0.5239601731300354,-0.004767524544149637
0.4294150173664093,0.5223448872566223,0.004601443652063608
0.5294725298881531,0.6090847253799438,0.021300282329320908
0.4093683958053589,0.608957052230835,-0.0026787861716002226
0.5330572128295898,0.6791622638702393,0.3444019854068756
0.4024510979652405,0.6804778575897217,0.2622331380844116
0.520584762096405,0.6915028095245361,0.36613795161247253
0.41216447949409485,0.690824568271637,0.27690351009368896
0.5512688755989075,0.7073919177055359,0.1732562929391861
0.3892371356487274,0.7083660364151001,0.07894884049892426
-
0.4751460552215576,0.3749917149543762,-0.39963504672050476
0.4834469258785248,0.3682587444782257,-0.3711113929748535
0.48877036571502686,0.36844900250434875,-0.3711169362068176
0.494062602519989,0.36857184767723083,-0.3711114227771759
0.4680410623550415,0.368447482585907,-0.3705514669418335
0.4626690447330475,0.36875802278518677,-0.37059706449508667
0.45864495635032654,0.36916589736938477,-0.3705631196498871
0.5009795427322388,0.3732006847858429,-0.2004498988389969
0.45377758145332336,0.373818576335907,-0.20121224224567413
0.48538923263549805,0.3842240273952484,-0.3373976945877075
0.46502572298049927,0.38398581743240356,-0.33735162019729614
0.5468538999557495,0.4213484823703766,-0.11397916823625565
0.4082663357257843,0.4211307168006897,-0.08739637583494186
0.6062767505645752,0.4612061381340027,-0.1455066204071045
0.3473797142505646,0.45583009719848633,-0.117313452064991
0.5458616614341736,0.49494537711143494,-0.3542144000530243
0.3907161355018616,0.4912523329257965,-0.3529471158981323
0.5333912968635559,0.5071061849594116,-0.41522374749183655
0.40176790952682495,0.502805769443512,-0.4165486991405487
0.527018666267395,0.5009100437164307,-0.4280628263950348
0.4109242260456085,0.49797430634498596,-0.43178510665893555
0.5295168161392212,0.4972285330295563,-0.3626523017883301
0.4088737368583679,0.49442535638809204,-0.36404237151145935
0.509825587272644,0.5394326448440552,-0.004862752743065357
0.42890289425849915,0.5385029911994934,0.0046999515034258366
0.5294737219810486,0.6215869188308716,0.01278242003172636
0.40515756607055664,0.6212299466133118,-0.0015276542399078608
0.5338702201843262,0.6846907734870911,0.3798903226852417
0.39968109130859375,0.6836754083633423,0.2953583300113678
0.5222821831703186,0.6942490339279175,0.4073246419429779
0.40969306230545044,0.6921561360359192,0.31558549404144287
0.5501338839530945,0.7101050615310669,0.23063628375530243
0.3840045928955078,0.7108550667762756,0.14118582010269165
-
0.475153386592865,0.38350650668144226,-0.393154114484787
0.4837670624256134,0.37703531980514526,-0.36194393038749695
0.4890589714050293,0.37724658846855164,-0.36194005608558655
0.49442151188850403,0.37759166955947876,-0.36192992329597473
0.46811655163764954,0.3766905665397644,-0.36275219917297363
0.4625372290611267,0.37676990032196045,-0.36279138922691345
0.45830392837524414,0.3771734833717346,-0.36275020241737366
0.5011204481124878,0.3817196786403656,-0.18891263008117676
0.4531112313270569,0.3817405104637146,-0.19473432004451752
0.485465407371521,0.39305323362350464,-0.3306576907634735
0.4648118019104004,0.39310863614082336,-0.33228597044944763
0.5451011061668396,0.43053969740867615,-0.10669007897377014
0.4071164131164551,0.4321952760219574,-0.09165335446596146
0.6057804226875305,0.470496267080307,-0.14443933963775635
0.34724733233451843,0.46613550186157227,-0.15240290760993958
0.544897735118866,0.5058482885360718,-0.36083611845970154
0.3911803364753723,0.4986788332462311,-0.40079039335250854
0.5304635167121887,0.5176183581352234,-0.42391836643218994
0.40121498703956604,0.5113152265548706,-0.46641451120376587
0.5222658514976501,0.5109256505966187,-0.4358347952365875
0.4114264249801636,0.5048551559448242,-0.48030886054039
0.5257892608642578,0.507737398147583,-0.3685312569141388
0.40900060534477234,0.5011735558509827,-0.4115181863307953
0.5088284611701965,0.5482813119888306,0.002258999040350318
0.42741405963897705,0.547524631023407,-0.002373110968619585
0.5306230783462524,0.627300500869751,-0.04516741260886192
0.39884325861930847,0.6282216310501099,-0.03000323474407196
0.5338068604469299,0.684931218624115,0.3593865633010864
0.4008283317089081,0.6853903532028198,0.326079785823822
0.5220157504081726,0.6933449506759644,0.3898051381111145
0.41229015588760376,0.6914019584655762,0.3546171188354492
0.5534821152687073,0.7111923098564148,0.2244483381509781
0.3853737711906433,0.7122603058815002,0.19104760885238647
-
0.474933922290802,0.3857894241809845,-0.3988608121871948
0.48324456810951233,0.37959402799606323,-0.3692122995853424
0.4886806607246399,0.37969526648521423,-0.3691961467266083
0.49408411979675293,0.37989479303359985,-0.3691907227039337
0.46746566891670227,0.37951046228408813,-0.36889809370040894
0.46181708574295044,0.3798089623451233,-0.36893483996391296
0.457629531621933,0.38021180033683777,-0.3688915967941284
0.5007100105285645,0.38475558161735535,-0.1942223459482193
0.4518285095691681,0.38571444153785706,-0.19922302663326263
0.4854944348335266,0.39417582750320435,-0.3359134793281555
0.4645737111568451,0.39389437437057495,-0.3358982801437378
0.545223593711853,0.43430447578430176,-0.12530860304832458
0.40443238615989685,0.43538814783096313,-0.09371321648359299
0.6053348779678345,0.4763316512107849,-0.15070901811122894
0.34684062004089355,0.47040313482284546,-0.07357394695281982
0.5395193099975586,0.5078119039535522,-0.35170477628707886
0.3914875090122223,0.5041004419326782,-0.18022261559963226
0.5255743861198425,0.519011378288269,-0.4105168282985687
0.40103772282600403,0.5162044167518616,-0.2224551886320114
0.5166702270507812,0.5125221014022827,-0.4253842234611511
0.4117017388343811,0.5096428990364075,-0.23665839433670044
0.5200048089027405,0.5088046789169312,-0.35988861322402954
0.40926945209503174,0.5056393146514893,-0.1872951239347458
0.5089232921600342,0.5492842793464661,0.0018569816602393985
0.42749643325805664,0.5481811761856079,-0.0019813855178654194
0.5342727899551392,0.6323224902153015,-0.042728736996650696
0.3973541259765625,0.6304141879081726,-0.05088400840759277
0.5342854261398315,0.6852222681045532,0.3808898627758026
0.4013674855232239,0.6860041618347168,0.3179508149623871
0.5222225785255432,0.6940094828605652,0.4139760732650757
0.41417258977890015,0.692976713180542,0.34025412797927856
0.5549042820930481,0.7101784348487854,0.255825012922287
0.38245323300361633,0.7114750146865845,0.16708379983901978
-
0.4737524390220642,0.3804582953453064,-0.4246639609336853
0.48239418864250183,0.37448689341545105,-0.3982909023761749
0.48787832260131836,0.3746888339519501,-0.39827147126197815
0.49336615204811096,0.3749699294567108,-0.39829397201538086
0.46585536003112793,0.3743000030517578,-0.394854873418808
0.4603397250175476,0.37444761395454407,-0.3949146568775177
0.4564671814441681,0.3747011125087738,-0.39488136768341064
0.50001460313797,0.3798138499259949,-0.23569926619529724
0.4510805010795593,0.38072559237480164,-0.22298289835453033
0.4847000241279602,0.38960108160972595,-0.36461469531059265
0.4637911915779114,0.38929665088653564,-0.3606928586959839
0.5454314947128296,0.4291747212409973,-0.14275339245796204
0.40542274713516235,0.4300602376461029,-0.10253496468067169
0.6054248213768005,0.47005969285964966,-0.15406163036823273
0.34515270590782166,0.46403780579566956,-0.0667262002825737
0.5430948734283447,0.504609227180481,-0.3459717333316803
0.39168688654899597,0.498154878616333,-0.19035714864730835
0.5280708074569702,0.5161022543907166,-0.40374675393104553
0.40128475427627563,0.510149359703064,-0.23507049679756165
0.5203027725219727,0.5099457502365112,-0.42021286487579346
0.41176503896713257,0.5042924284934998,-0.24963714182376862
0.5235956907272339,0.5066101551055908,-0.3545445203781128
0.4098362326622009,0.5004557371139526,-0.19773221015930176
0.5092836022377014,0.5443689227104187,0.001673894003033638
0.4279673993587494,0.5448309183120728,-0.0018005958991125226
0.539178729057312,0.6297979354858398,-0.0216705072671175
0.39891886711120605,0.6299325823783875,-0.04526180028915405
0.5346676707267761,0.6866336464881897,0.4056987464427948
0.401558518409729,0.6865084767341614,0.3246815502643585
0.5224485993385315,0.6951628923416138,0.4398249387741089
0.4144091010093689,0.6942617297172546,0.352230042219162
0.5565199255943298,0.7103239297866821,0.2826222777366638
0.38033297657966614,0.7114524841308594,0.1879967749118805
-
0.4740656018257141,0.3720683455467224,-0.4299735128879547
0.4825989603996277,0.36605381965637207,-0.40362685918807983
0.48802754282951355,0.366240918636322,-0.40361306071281433
0.4934104084968567,0.3665406405925751,-0.4036373496055603
0.46619144082069397,0.3661276400089264,-0.40065234899520874
0.46068644523620605,0.36634618043899536,-0.4007076621055603
0.4566807746887207,0.3667002022266388,-0.40067562460899353
0.49972623586654663,0.37126997113227844,-0.2385462075471878
0.45136159658432007,0.3722381889820099,-0.22669409215450287
0.4847968518733978,0.38122403621673584,-0.3684197664260864
0.46397197246551514,0.3810218274593353,-0.3649631440639496
0.5458376407623291,0.4214960038661957,-0.14000077545642853
0.406069278717041,0.42343568801879883,-0.1059456542134285
0.6057335138320923,0.4635468125343323,-0.15392009913921356
0.3452709913253784,0.45754289627075195,-0.07917646318674088
0.5450165867805481,0.4978424608707428,-0.34400540590286255
0.39507943391799927,0.492058664560318,-0.20839667320251465
0.5301923751831055,0.5081408619880676,-0.40063348412513733
0.40438351035118103,0.5025783777236938,-0.262966513633728
0.5222771763801575,0.5018572211265564,-0.41810426115989685
0.4151472747325897,0.49640288949012756,-0.28182050585746765
0.5254322290420532,0.49923834204673767,-0.3520362973213196
0.41389116644859314,0.492933988571167,-0.22043223679065704
0.5109672546386719,0.5384970903396606,0.001782897743396461
0.430073618888855,0.5390483140945435,-0.0019121769582852721
0.5404539704322815,0.6232662796974182,-0.02344081737101078
0.40035662055015564,0.625717282295227,-0.04237738624215126
0.5349212884902954,0.6848515272140503,0.3858534097671509
0.4022889733314514,0.6850775480270386,0.3301805555820465
0.5226951837539673,0.6932352781295776,0.418240487575531
0.4143773019313812,0.6931711435317993,0.35881996154785156
0.5565571784973145,0.7103825211524963,0.25556400418281555
0.3812539279460907,0.7106660008430481,0.195255845785141
-
0.47248512506484985,0.3613598346710205,-0.4374847412109375
0.4800856411457062,0.35486847162246704,-0.4135792553424835
0.48551079630851746,0.35494688153266907,-0.41354769468307495
0.49080690741539,0.35507020354270935,-0.4135615825653076
0.46411818265914917,0.3558129668235779,-0.40860238671302795
0.4590827226638794,0.3565489649772644,-0.40865859389305115
0.45557084679603577,0.35748547315597534,-0.4086325466632843
0.4981527030467987,0.3604884147644043,-0.25499868392944336
0.450546532869339,0.36510029435157776,-0.23304909467697144
0.4835985004901886,0.3701172471046448,-0.3778294026851654
0.4630437195301056,0.37041276693344116,-0.37171316146850586
0.5479305982589722,0.4126322865486145,-0.1377728283405304
0.40622782707214355,0.41627711057662964,-0.10935484617948532
0.6072583794593811,0.46270981431007385,-0.08268029242753983
0.3493841886520386,0.4546974301338196,-0.027293166145682335
0.5452641844749451,0.4949492812156677,-0.19291384518146515
0.40346816182136536,0.48880013823509216,-0.09878376871347427
0.531436562538147,0.5017379522323608,-0.23308894038200378
0.4124371409416199,0.5021505355834961,-0.135499969124794
0.5227239727973938,0.4976605474948883,-0.2522847354412079
0.42311665415763855,0.4939633011817932,-0.15648971498012543
0.5258588790893555,0.4954719543457031,-0.2002682387828827
0.4222782254219055,0.49009308218955994,-0.10775744169950485
0.5132423043251038,0.5312281847000122,0.0025755870155990124
0.4332895576953888,0.5315800309181213,-0.002722034463658929
0.5403897166252136,0.6202813386917114,-0.006874995771795511
0.406347393989563,0.6236556768417358,-0.035169828683137894
0.5353263020515442,0.6838703155517578,0.383135050535202
0.40252476930618286,0.6838948130607605,0.2928541898727417
0.5237950682640076,0.69340980052948,0.4047755002975464
0.4125874936580658,0.692300021648407,0.3139612674713135
0.5574800968170166,0.7100763320922852,0.20985552668571472
0.3831406831741333,0.7102266550064087,0.11996231973171234
-
0.4724593162536621,0.3437236547470093,-0.4013141989707947
0.4802151620388031,0.33844250440597534,-0.3771556317806244
0.48568496108055115,0.3385958671569824,-0.3771298825740814
0.490995317697525,0.33884626626968384,-0.3770962655544281
0.46384570002555847,0.3387005925178528,-0.374906063079834
0.4586317837238312,0.33911630511283875,-0.37494105100631714
0.4551124572753906,0.33958542346954346,-0.37492069602012634
0.4983244240283966,0.3436059355735779,-0.21396194398403168
0.45031264424324036,0.34733203053474426,-0.20336447656154633
0.4837145507335663,0.3534758388996124,-0.33952203392982483
0.46276190876960754,0.35435399413108826,-0.3367147445678711
0.5480766296386719,0.3941267430782318,-0.09323824942111969
0.4063158631324768,0.39668217301368713,-0.09160907566547394
0.6074337959289551,0.43504634499549866,-0.08813437819480896
0.3509152829647064,0.4359034597873688,-0.07853006571531296
0.5641738772392273,0.4658891558647156,-0.26407575607299805
0.40322235226631165,0.4676421284675598,-0.2837236225605011
0.5520851016044617,0.4767380356788635,-0.3226433992385864
0.41257840394973755,0.4805053174495697,-0.338871568441391
0.5451889634132385,0.4731854796409607,-0.3524240255355835
0.42321377992630005,0.47225555777549744,-0.35913074016571045
0.5467000603675842,0.4696327745914459,-0.28297334909439087
0.4222719967365265,0.4686262607574463,-0.2944662868976593
0.5170761346817017,0.5111395120620728,0.002418450079858303
0.4371547996997833,0.5117174983024597,-0.002607848960906267
0.5403622388839722,0.6019762754440308,-0.015690116211771965
0.4128074645996094,0.6040763258934021,-0.018325598910450935
0.5374498963356018,0.6824907660484314,0.2741347849369049
0.4030631184577942,0.6801811456680298,0.2679029107093811
0.5282419323921204,0.691956102848053,0.2910749614238739
0.4131649136543274,0.688694953918457,0.28496819734573364
0.5572301745414734,0.7094737887382507,0.08817942440509796
0.3842710256576538,0.7095736265182495,0.09018230438232422
-
0.47248661518096924,0.3305457532405853,-0.3808327913284302
0.48025473952293396,0.3251471519470215,-0.3565913736820221
0.4857026934623718,0.3252459764480591,-0.3565499186515808
0.4910101592540741,0.32543760538101196,-0.35650724172592163
0.46392107009887695,0.3255862891674042,-0.3540518581867218
0.4586612582206726,0.3260425925254822,-0.35407450795173645
0.45503053069114685,0.32653337717056274,-0.3540515899658203
0.49844783544540405,0.3299133777618408,-0.19767293334007263
0.45047909021377563,0.33395257592201233,-0.1857713758945465
0.4838700592517853,0.33988627791404724,-0.3208625018596649
0.46290144324302673,0.3413819372653961,-0.31767505407333374
0.5490437150001526,0.3803415596485138,-0.0876220315694809
0.4083685576915741,0.38231295347213745,-0.07099169492721558
0.6077511310577393,0.42190924286842346,-0.0789317786693573
0.35072654485702515,0.4217158854007721,-0.0568842887878418
0.5656000971794128,0.4546908438205719,-0.2815954089164734
0.4029519855976105,0.45191773772239685,-0.28111153841018677
0.553898274898529,0.46618953347206116,-0.33735814690589905
0.4120856523513794,0.4642297327518463,-0.33271265029907227
0.5461242198944092,0.4592655599117279,-0.36157408356666565
0.42278188467025757,0.45674777030944824,-0.34532567858695984
0.5478232502937317,0.45567256212234497,-0.29481589794158936
0.42190518975257874,0.4532485008239746,-0.29019078612327576
0.5201199650764465,0.4972197413444519,-0.0006333437049761415
0.4401591718196869,0.49720507860183716,0.0003468233917374164
0.5402790307998657,0.5898284316062927,-0.035602301359176636
0.4173433482646942,0.5888857245445251,-0.028989283367991447
0.5422719717025757,0.6755249500274658,0.23630774021148682
0.4036487638950348,0.6703076958656311,0.2438691258430481
0.5348114967346191,0.6831753253936768,0.2525086998939514
0.4133691191673279,0.679301381111145,0.2617062032222748
0.5556240677833557,0.7074548006057739,0.04956220090389252
0.38803455233573914,0.7036008834838867,0.07651876658201218
-
0.47252583503723145,0.3203595280647278,-0.352745920419693
0.480387806892395,0.3142837882041931,-0.3286783993244171
0.48586565256118774,0.3141312301158905,-0.32863739132881165
0.4911677837371826,0.3141379654407501,-0.3286062777042389
0.46410784125328064,0.3156537115573883,-0.3251073956489563
0.4588409960269928,0.3163225054740906,-0.3251148462295532
0.45510485768318176,0.3169422745704651,-0.32507699728012085
0.498463898897171,0.31919652223587036,-0.17438416182994843
0.45056673884391785,0.32376953959465027,-0.15786844491958618
0.4839889407157898,0.3301282525062561,-0.29498639702796936
0.46300002932548523,0.3313162922859192,-0.2903617322444916
0.5506616234779358,0.3718245327472687,-0.07073194533586502
0.4104542136192322,0.3732418119907379,-0.04893747344613075
0.6118472218513489,0.41264253854751587,-0.06357140839099884
0.35070616006851196,0.4131383001804352,-0.016704639419913292
0.5699337124824524,0.4439963400363922,-0.26392239332199097
0.4026547372341156,0.4438304901123047,-0.17891687154769897
0.5580461621284485,0.4559580683708191,-0.3177731931209564
0.41179877519607544,0.4543543756008148,-0.22625364363193512
0.5485147833824158,0.44722089171409607,-0.33974534273147583
0.4227360188961029,0.44727572798728943,-0.2464970201253891
0.5505592226982117,0.4434203505516052,-0.2746792435646057
0.4217069745063782,0.44383710622787476,-0.18882320821285248
0.5221837162971497,0.4870515465736389,0.0003450139774940908
0.4407327473163605,0.48620495200157166,-0.0006910305819474161
0.5402085781097412,0.5823900103569031,-0.0357229970395565
0.4200589954853058,0.5804632306098938,-0.03894992917776108
0.5450128316879272,0.6630532741546631,0.2535523772239685
0.4077132046222687,0.6575406789779663,0.2580128312110901
0.5364634990692139,0.6699175834655762,0.27243953943252563
0.41772037744522095,0.6661394834518433,0.2790232002735138
0.5564296245574951,0.7009151577949524,0.07986287772655487
0.397094190120697,0.690994381904602,0.09810249507427216
-
0.4733283519744873,0.3140352666378021,-0.3728361427783966
0.48083609342575073,0.30825671553611755,-0.3427913784980774
0.4862658977508545,0.308161199092865,-0.34283876419067383
0.491404265165329,0.3082349896430969,-0.34280925989151
0.46509212255477905,0.30927133560180664,-0.3436005413532257
0.4601837694644928,0.3097419738769531,-0.34364381432533264
0.45571309328079224,0.31047022342681885,-0.3436194956302643
0.4986304044723511,0.31369832158088684,-0.20315560698509216
0.4511190950870514,0.3169117271900177,-0.16971002519130707
0.4850355386734009,0.32266688346862793,-0.3087943196296692
0.4641580879688263,0.32330477237701416,-0.30933406949043274
0.5527706742286682,0.36504170298576355,-0.08366986364126205
0.41375458240509033,0.36681050062179565,-0.05334041267633438
0.6169429421424866,0.4067121148109436,-0.019673388451337814
0.35102930665016174,0.40487900376319885,0.0007765848422423005
0.5743756890296936,0.4395098090171814,-0.13937926292419434
0.4022693634033203,0.4366917014122009,-0.09566312283277512
0.5581911206245422,0.4489305019378662,-0.1799008697271347
0.4124872088432312,0.4458366334438324,-0.1348108947277069
0.5501728653907776,0.4410325884819031,-0.20403234660625458
0.4239597022533417,0.4393919110298157,-0.15737976133823395
0.5532755255699158,0.43693679571151733,-0.14900891482830048
0.422271728515625,0.4358021318912506,-0.10522063821554184
0.5241937637329102,0.4811311662197113,0.002914758864790201
0.441091924905777,0.48006367683410645,-0.0032632043585181236
0.5405568480491638,0.5736600756645203,-0.028350653126835823
0.42418235540390015,0.5746118426322937,-0.038576819002628326
0.5454536080360413,0.6552678346633911,0.2641528844833374
0.4157894551753998,0.6514059901237488,0.2638421058654785
0.5366703271865845,0.6634420156478882,0.282548189163208
0.42572805285453796,0.6595404148101807,0.28531914949417114
0.5581261515617371,0.6925002932548523,0.08554721623659134
0.4064854383468628,0.6837469935417175,0.10603291541337967
-
0.4734072685241699,0.3104809522628784,-0.4066869020462036
0.4809560179710388,0.3046441674232483,-0.38613361120224
0.4864267110824585,0.3046312928199768,-0.38604292273521423
0.49157029390335083,0.30475926399230957,-0.3860274851322174
0.4653163552284241,0.30526015162467957,-0.3830166161060333
0.4604833424091339,0.3056907057762146,-0.3830503821372986
0.45577472448349,0.30643218755722046,-0.38299843668937683
0.4994344413280487,0.3093302249908447,-0.24163508415222168
0.45220232009887695,0.3125588297843933,-0.2186463475227356
0.4856342673301697,0.3191250264644623,-0.34773892164230347
0.46478182077407837,0.3206541836261749,-0.34333673119544983
0.5540826320648193,0.35921958088874817,-0.10134955495595932
0.4167958199977875,0.3624730408191681,-0.1023523211479187
0.6191077828407288,0.4013899862766266,-0.011908449232578278
0.35147303342819214,0.401641309261322,-0.020390914753079414
0.57643061876297,0.4365043640136719,-0.11211623251438141
0.4019814431667328,0.4336579442024231,-0.11795004457235336
0.5594968795776367,0.4473499357700348,-0.14616109430789948
0.4129047691822052,0.44324350357055664,-0.15574271976947784
0.5513981580734253,0.4397401809692383,-0.17499230802059174
0.4243621528148651,0.4366989731788635,-0.17566926777362823
0.5546871423721313,0.43598610162734985,-0.12269292771816254
0.4224860668182373,0.4332123398780823,-0.1260676085948944
0.5266685485839844,0.4752625524997711,0.006989769171923399
0.4434605836868286,0.4747479557991028,-0.007380427327007055
0.5439040660858154,0.5710195302963257,-0.03481018543243408
0.42864519357681274,0.5673244595527649,-0.049315743148326874
0.5464878678321838,0.648426353931427,0.2585137188434601
0.4220558702945709,0.6451331377029419,0.25608813762664795
0.537250816822052,0.6566907167434692,0.27800989151000977
0.4318663775920868,0.6528335809707642,0.2783922851085663
0.5636721849441528,0.685541033744812,0.09087637811899185
0.4145655035972595,0.6791774034500122,0.10674019902944565
-
0.4744972288608551,0.3087220788002014,-0.42061734199523926
0.4822084307670593,0.3028995394706726,-0.397318959236145
0.48790663480758667,0.30290016531944275,-0.39722684025764465
0.4925845265388489,0.3029229938983917,-0.39720502495765686
0.4662056863307953,0.303570032119751,-0.39322951436042786
0.4614810645580292,0.30393514037132263,-0.39326584339141846
0.4564296007156372,0.30465346574783325,-0.3932378590106964
0.5015588402748108,0.3072379231452942,-0.24208039045333862
0.45331764221191406,0.3112509846687317,-0.22201603651046753
0.4871087670326233,0.31717807054519653,-0.36100777983665466
0.4669593870639801,0.3190792202949524,-0.3557072579860687
0.5582993626594543,0.3583528399467468,-0.10627036541700363
0.4205787181854248,0.360260933637619,-0.11411155760288239
0.6235687136650085,0.40056872367858887,-0.03199070692062378
0.3513404130935669,0.3983997702598572,-0.048089317977428436
0.575780987739563,0.43414631485939026,-0.15265733003616333
0.40156546235084534,0.43073877692222595,-0.1503436416387558
0.5580524206161499,0.4467274248600006,-0.1912240833044052
0.412731796503067,0.44153696298599243,-0.1927701085805893
0.5500876307487488,0.4390943944454193,-0.2136591225862503
0.42422887682914734,0.43496546149253845,-0.2104206532239914
0.5537310838699341,0.43531352281570435,-0.1615663766860962
0.4223420321941376,0.431558221578598,-0.1585962474346161
0.5278456807136536,0.47605887055397034,0.011770951561629772
0.44442084431648254,0.4754129946231842,-0.012151621282100677
0.5483816266059875,0.56911301612854,-0.03425771743059158
0.4307125210762024,0.5690771341323853,-0.05220544710755348
0.5474188923835754,0.6437391638755798,0.3188917636871338
0.42718034982681274,0.6404787302017212,0.300986111164093
0.5374976396560669,0.6525990962982178,0.34657299518585205
0.4360958933830261,0.6475253701210022,0.3305419683456421
0.5695245862007141,0.6789239645004272,0.17270445823669434
0.4182780086994171,0.6748635768890381,0.16574428975582123
-
0.4776993691921234,0.3088333010673523,-0.4519345462322235
0.4849686920642853,0.30247050523757935,-0.42578214406967163
0.4906467795372009,0.30253830552101135,-0.42569950222969055
0.4945122301578522,0.3027050197124481,-0.4256884753704071
0.46875903010368347,0.30332130193710327,-0.4219590127468109
0.46386265754699707,0.3040022552013397,-0.4219936728477478
0.45865923166275024,0.3048696517944336,-0.4219634532928467
0.503631055355072,0.3076649308204651,-0.25893718004226685
0.45504018664360046,0.31180673837661743,-0.24199426174163818
0.48984599113464355,0.31741267442703247,-0.38911619782447815
0.4700236916542053,0.31903213262557983,-0.3844185769557953
0.5598329901695251,0.3581927418708801,-0.1273823380470276
0.42183342576026917,0.35993707180023193,-0.12354755401611328
0.6256487965583801,0.40125879645347595,-0.04543115198612213
0.3511679470539093,0.39817315340042114,-0.05772261694073677
0.5745707154273987,0.43696218729019165,-0.18090271949768066
0.40159568190574646,0.4320911765098572,-0.16148605942726135
0.5571185350418091,0.4487946927547455,-0.22375638782978058
0.41440561413764954,0.44359421730041504,-0.20568421483039856
0.5493122339248657,0.44020944833755493,-0.24790333211421967
0.42584991455078125,0.43608275055885315,-0.22371849417686462
0.5530791878700256,0.4366304874420166,-0.19072401523590088
0.42352578043937683,0.43230509757995605,-0.16997280716896057
0.5303640365600586,0.4770415723323822,0.010759202763438225
0.4460700452327728,0.47642841935157776,-0.011109622195363045
0.5522034764289856,0.5685797929763794,-0.03081568144261837
0.43248599767684937,0.5707567930221558,-0.05014578625559807
0.5481672286987305,0.6398804187774658,0.380193829536438
0.43148913979530334,0.6382817625999451,0.34765106439590454
0.5380830764770508,0.6483815908432007,0.4129146635532379
0.4404800534248352,0.6454716920852661,0.38086801767349243
0.571517825126648,0.6745358109474182,0.23740889132022858
0.421502947807312,0.6721032857894897,0.21536391973495483
-
0.48180797696113586,0.3105810284614563,-0.4442448616027832
0.4887336194515228,0.3049589991569519,-0.4182177782058716
0.4936104714870453,0.30492597818374634,-0.41814014315605164
0.49712231755256653,0.3050248920917511,-0.4181244671344757
0.47287717461586,0.30572354793548584,-0.41595521569252014
0.4671475291252136,0.3063742518424988,-0.4159856140613556
0.46234995126724243,0.30714502930641174,-0.4159497022628784
0.5067580938339233,0.3099568486213684,-0.2506866753101349
0.457372784614563,0.3140260577201843,-0.24072380363941193
0.4933758080005646,0.3198009729385376,-0.38086771965026855
0.47332605719566345,0.32105082273483276,-0.3782399892807007
0.5606623888015747,0.35970357060432434,-0.12540961802005768
0.4228445589542389,0.3612149953842163,-0.12187455594539642
0.6269389390945435,0.4030515253543854,-0.03347853571176529
0.3512131869792938,0.40081143379211426,-0.06266152858734131
0.5787948369979858,0.43806153535842896,-0.165106862783432
0.4017186462879181,0.4338982105255127,-0.16270841658115387
0.5620647072792053,0.45013752579689026,-0.2080366611480713
0.4150128960609436,0.44530588388442993,-0.20706893503665924
0.5531814098358154,0.44219690561294556,-0.23363804817199707
0.4267391264438629,0.4384252429008484,-0.22607792913913727
0.5562136173248291,0.43818703293800354,-0.1758725494146347
0.4244083762168884,0.4345773160457611,-0.17231111228466034
0.5316593050956726,0.47826600074768066,0.010674620047211647
0.4474516212940216,0.47728991508483887,-0.010995973832905293
0.5556042194366455,0.5706511735916138,-0.031021589413285255
0.4358120262622833,0.5714036226272583,-0.04864725470542908
0.5519484877586365,0.6413193941116333,0.3492068946361542
0.43430691957473755,0.6410633325576782,0.3240824043750763
0.5413453578948975,0.6495097875595093,0.37672221660614014
0.4431562125682831,0.6481621861457825,0.3518373370170593
0.5768187046051025,0.6745340824127197,0.19565823674201965
0.4268967807292938,0.674209713935852,0.18475623428821564
-
0.4863302409648895,0.3143664300441742,-0.4738858938217163
0.4926585257053375,0.30839353799819946,-0.44535383582115173
0.4967251718044281,0.3084036707878113,-0.44529199600219727
0.5005289912223816,0.30851584672927856,-0.44529491662979126
0.4769453704357147,0.30923256278038025,-0.4446292519569397
0.47098299860954285,0.30987370014190674,-0.44466471672058105
0.46589356660842896,0.310611754655838,-0.4446299374103546
0.5096662640571594,0.31361326575279236,-0.2622520327568054
0.4599951505661011,0.3171728253364563,-0.2593727111816406
0.49696511030197144,0.32348325848579407,-0.4044012725353241
0.47731658816337585,0.3244343101978302,-0.403911292552948
0.5618860125541687,0.3638593852519989,-0.12384577095508575
0.42284995317459106,0.36567312479019165,-0.12269102036952972
0.6278772354125977,0.4066627621650696,-0.041576728224754333
0.35122090578079224,0.40387487411499023,-0.05014941468834877
0.5834795832633972,0.44147056341171265,-0.17519693076610565
0.40170931816101074,0.4376838803291321,-0.1536581814289093
0.5658815503120422,0.4533533453941345,-0.2109242081642151
0.41512376070022583,0.4488038420677185,-0.19852474331855774
0.5570998191833496,0.4455176293849945,-0.25226926803588867
0.4270704388618469,0.44203585386276245,-0.2212759405374527
0.559954047203064,0.44177573919296265,-0.1791202574968338
0.42468732595443726,0.43829506635665894,-0.16384200751781464
0.5332457423210144,0.4822307527065277,0.010235972702503204
0.448470801115036,0.48145198822021484,-0.010567034594714642
0.5600992441177368,0.5739975571632385,-0.04951036348938942
0.4372846484184265,0.5742940306663513,-0.05094471946358681
0.5585579872131348,0.6446600556373596,0.35010164976119995
0.43766260147094727,0.6448763608932495,0.3285823464393616
0.5451890826225281,0.6519795656204224,0.38022392988204956
0.4482019245624542,0.6523446440696716,0.35739386081695557
0.5815292596817017,0.6782507300376892,0.1883561611175537
0.4288719892501831,0.6771733164787292,0.17290732264518738
-
0.4895550608634949,0.3181377053260803,-0.46184536814689636
0.49588683247566223,0.3117671012878418,-0.43265992403030396
0.4995231330394745,0.31173455715179443,-0.43260231614112854
0.5037626624107361,0.3118770718574524,-0.4326026141643524
0.4809066355228424,0.312732994556427,-0.4316160976886749
0.4750353991985321,0.31337156891822815,-0.4316532611846924
0.4695287048816681,0.3141476809978485,-0.4316246509552002
0.5121912956237793,0.317255437374115,-0.2581497132778168
0.46350857615470886,0.3197135627269745,-0.24700067937374115
0.49957704544067383,0.32674461603164673,-0.39263996481895447
0.48044508695602417,0.3274804353713989,-0.3916041851043701
0.5642343163490295,0.3686162829399109,-0.11503269523382187
0.4245332181453705,0.3701927959918976,-0.10378710180521011
0.6284039616584778,0.40887364745140076,-0.030629673972725868
0.35186392068862915,0.4043554663658142,-0.01891656592488289
0.5838289856910706,0.4461387097835541,-0.18234287202358246
0.4034826159477234,0.4434342384338379,-0.14030344784259796
0.5656073093414307,0.45733338594436646,-0.22838839888572693
0.4181593954563141,0.4528033137321472,-0.18838581442832947
0.5572158098220825,0.4518345892429352,-0.2597719132900238
0.42982253432273865,0.4470081329345703,-0.2134028524160385
0.560396671295166,0.44788917899131775,-0.19228142499923706
0.42728501558303833,0.44376248121261597,-0.15180601179599762
0.536099910736084,0.4885835647583008,0.004705292638391256
0.45108965039253235,0.4869983196258545,-0.004893075209110975
0.5632154941558838,0.5787705183029175,-0.05628279969096184
0.4371876120567322,0.5814215540885925,-0.058059126138687134
0.564983606338501,0.6452534794807434,0.34211909770965576
0.4402052164077759,0.6543196439743042,0.3193041980266571
0.549564778804779,0.6542328596115112,0.37071409821510315
0.4520285725593567,0.6627519726753235,0.3465844392776489
0.586837887763977,0.6820738315582275,0.18078969419002533
0.4338792562484741,0.6863040328025818,0.1520312875509262
-
0.4921112060546875,0.333390474319458,-0.43773192167282104
0.49966999888420105,0.32730790972709656,-0.40528738498687744
0.5043498873710632,0.32746750116348267,-0.4052637219429016
0.5093953013420105,0.32769161462783813,-0.40527260303497314
0.4837602972984314,0.32764390110969543,-0.4090614318847656
0.47774916887283325,0.3280889391899109,-0.40907126665115356
0.4719807803630829,0.32863542437553406,-0.40900227427482605
0.5169534683227539,0.33172041177749634,-0.21365244686603546
0.46577003598213196,0.33390721678733826,-0.224005788564682
0.5017866492271423,0.3431752324104309,-0.36283624172210693
0.482352077960968,0.34404394030570984,-0.3672529458999634
0.5642447471618652,0.3796025216579437,-0.0784047544002533
0.4262411892414093,0.38291439414024353,-0.07020432502031326
0.6277939677238464,0.4203696846961975,0.009899000637233257
0.3528454005718231,0.41792112588882446,0.024895360693335533
0.5826624035835266,0.45742589235305786,-0.1449052095413208
0.40594613552093506,0.455239862203598,-0.09212929755449295
0.5647000670433044,0.4693833291530609,-0.19273652136325836
0.4206959903240204,0.4671175479888916,-0.13678254187107086
0.5568433403968811,0.46386390924453735,-0.22278839349746704
0.4313928782939911,0.4604128897190094,-0.16277779638767242
0.5604397654533386,0.4599681496620178,-0.15777869522571564
0.4288003146648407,0.4569398760795593,-0.10327103734016418
0.5375826358795166,0.5005916357040405,-0.0018202884821221232
0.4527287781238556,0.5009064078330994,0.0016954172169789672
0.5669564604759216,0.5893397331237793,-0.08723893016576767
0.4395841360092163,0.5925168991088867,-0.078219935297966
0.5747443437576294,0.6661859750747681,0.23331893980503082
0.44380983710289,0.6736845970153809,0.2301436960697174
0.560063362121582,0.6773629784584045,0.25341954827308655
0.45645710825920105,0.6847541332244873,0.24996350705623627
0.5933257341384888,0.7033461332321167,0.04440893232822418
0.43901893496513367,0.7075708508491516,0.053724050521850586
-
0.49736130237579346,0.3469398021697998,-0.4212172329425812
0.5049557089805603,0.3417317867279053,-0.3881338834762573
0.5094758868217468,0.34188607335090637,-0.38811439275741577
0.5139984488487244,0.3420563042163849,-0.3881026804447174
0.48924174904823303,0.34211426973342896,-0.3909221291542053
0.48255661129951477,0.34258097410202026,-0.39093849062919617
0.47621849179267883,0.34297308325767517,-0.3908834755420685
0.5204375982284546,0.3466907739639282,-0.197408527135849
0.4683363735675812,0.349164217710495,-0.20651166141033173
0.5055150985717773,0.3568618893623352,-0.3487629294395447
0.4862079620361328,0.3575378358364105,-0.3523004949092865
0.5652289390563965,0.3945685923099518,-0.07483059912919998
0.42932799458503723,0.3957722783088684,-0.05767982825636864
0.6282362341880798,0.43388351798057556,-0.007121314760297537
0.35669437050819397,0.43130412697792053,0.019382724538445473
0.5820615291595459,0.47069478034973145,-0.1642763316631317
0.4131641685962677,0.4692990183830261,-0.11579441279172897
0.5643435716629028,0.48472705483436584,-0.1983175277709961
0.4277016222476959,0.4815123975276947,-0.1634998470544815
0.5565557479858398,0.47800835967063904,-0.23514291644096375
0.436636358499527,0.4743689000606537,-0.18728280067443848
0.5598448514938354,0.473849356174469,-0.17285007238388062
0.43441110849380493,0.47078055143356323,-0.12651702761650085
0.5400305986404419,0.5145663022994995,-0.004612818825989962
0.4566298723220825,0.5157746076583862,0.004476055037230253
0.5696783661842346,0.6030764579772949,-0.07579176872968674
0.4423566162586212,0.6073751449584961,-0.07262430340051651
0.5789478421211243,0.6839818954467773,0.22432559728622437
0.44910621643066406,0.6914592385292053,0.20939531922340393
0.5673895478248596,0.6942988634109497,0.24157720804214478
0.46160486340522766,0.7030996084213257,0.22566714882850647
0.593827486038208,0.7162745594978333,0.02571047469973564
0.44490817189216614,0.7195978164672852,0.02168525941669941
-
0.49918103218078613,0.3629843294620514,-0.3756956458091736
0.5057998895645142,0.35665732622146606,-0.3460058271884918
0.5105724334716797,0.3567569851875305,-0.3460107445716858
0.5151859521865845,0.3569992780685425,-0.3460177183151245
0.49119699001312256,0.35688871145248413,-0.34852245450019836
0.48513063788414,0.3573337197303772,-0.34852343797683716
0.4788828194141388,0.3579871952533722,-0.34848567843437195
0.5215274095535278,0.3622432351112366,-0.1715807318687439
0.4709455668926239,0.36450716853141785,-0.18301139771938324
0.5067113041877747,0.3723389506340027,-0.3104398250579834
0.48870816826820374,0.3728860914707184,-0.31402871012687683
0.5657471418380737,0.4080897271633148,-0.06223932281136513
0.4320041239261627,0.40974801778793335,-0.05565526708960533
0.6278443932533264,0.44614481925964355,0.000165983903571032
0.3630632758140564,0.44630107283592224,0.01761290244758129
0.5818238258361816,0.4837466776371002,-0.15048155188560486
0.42286449670791626,0.4854644238948822,-0.0784175843000412
0.5638605356216431,0.4974830746650696,-0.19779357314109802
0.43657875061035156,0.497697651386261,-0.11923044174909592
0.5563531517982483,0.4911462664604187,-0.22594642639160156
0.44360002875328064,0.49152159690856934,-0.14242269098758698
0.5594341158866882,0.4865477979183197,-0.16266512870788574
0.4416593313217163,0.4874509871006012,-0.08814985305070877
0.542044460773468,0.5278134346008301,-0.0019862824119627476
0.4604499042034149,0.5289252996444702,0.001975791994482279
0.5720943212509155,0.6134661436080933,-0.05946538224816322
0.44501030445098877,0.618886411190033,-0.0405222550034523
0.5772196650505066,0.6889272928237915,0.24750173091888428
0.44936659932136536,0.6937679052352905,0.23548077046871185
0.5645963549613953,0.7011892199516296,0.26664847135543823
0.46058914065361023,0.7054840326309204,0.25341588258743286
0.5979552268981934,0.7157432436943054,0.06845500320196152
0.44622722268104553,0.7199698090553284,0.05931442230939865
-
0.5006301403045654,0.3756027817726135,-0.36750444769859314
0.5068085789680481,0.36872926354408264,-0.33660194277763367
0.5118875503540039,0.3686712086200714,-0.33660218119621277
0.5165542364120483,0.36877018213272095,-0.33659878373146057
0.49238473176956177,0.3694349527359009,-0.3389533758163452
0.4864286780357361,0.36995449662208557,-0.3389662802219391
0.4806571900844574,0.3706023693084717,-0.33891409635543823
0.5222238898277283,0.37388476729393005,-0.1603967845439911
0.4724728763103485,0.37620288133621216,-0.1721857339143753
0.5086632370948792,0.3848838806152344,-0.302616149187088
0.4910273551940918,0.38587331771850586,-0.306172639131546
0.5680006742477417,0.42176395654678345,-0.0654829666018486
0.4314590096473694,0.4240340292453766,-0.0629800334572792
0.6286851167678833,0.4620841145515442,-0.08628509938716888
0.36443066596984863,0.4597656726837158,-0.09124395251274109
0.5813997387886047,0.497516393661499,-0.32112038135528564
0.4233799874782562,0.4955410361289978,-0.2966049909591675
0.5660037398338318,0.5110605955123901,-0.3836267292499542
0.43733537197113037,0.5086501240730286,-0.353649765253067
0.5575343370437622,0.5040886998176575,-0.3997243642807007
0.44499295949935913,0.502903938293457,-0.36719781160354614
0.5601723194122314,0.49988991022109985,-0.3316495716571808
0.4430379271507263,0.4985834062099457,-0.3056940734386444
0.5433396697044373,0.5406467318534851,0.0016323807649314404
0.46077483892440796,0.5421386957168579,-0.001648966921493411
0.5747342109680176,0.6218007802963257,-0.05947508290410042
0.4457781910896301,0.6276161074638367,-0.04108450561761856
0.5767158269882202,0.6903954148292542,0.3014150857925415
0.4492989778518677,0.690906822681427,0.284417062997818
0.563334584236145,0.7011345624923706,0.3295745551586151
0.4610050320625305,0.6988195180892944,0.3101372718811035
0.5989242196083069,0.7179928421974182,0.1517101228237152
0.4459833800792694,0.72069251537323,0.13383251428604126
-
0.5014414191246033,0.38148120045661926,-0.4049980938434601
0.5072669386863708,0.3749392032623291,-0.3754754662513733
0.5127203464508057,0.37501075863838196,-0.37547019124031067
0.5175694227218628,0.37510108947753906,-0.3754577338695526
0.49276942014694214,0.3753933310508728,-0.37606340646743774
0.4870249032974243,0.37576764822006226,-0.3760972321033478
0.4813885986804962,0.37629234790802,-0.3760232627391815
0.5244070291519165,0.37906748056411743,-0.19585593044757843
0.47377368807792664,0.38105183839797974,-0.20241104066371918
0.5101889371871948,0.39043128490448,-0.3386174440383911
0.4932691752910614,0.39068594574928284,-0.34040069580078125
0.5704148411750793,0.42757749557495117,-0.09106336534023285
0.431381493806839,0.4310872554779053,-0.0886477380990982
0.6296200752258301,0.4666862487792969,-0.08761784434318542
0.3668564260005951,0.46610063314437866,-0.06956566870212555
0.5830232501029968,0.5038541555404663,-0.29399991035461426
0.42541393637657166,0.5013364553451538,-0.21971899271011353
0.569538950920105,0.5184699892997742,-0.3533620536327362
0.4385913014411926,0.5120213627815247,-0.26907286047935486
0.5593714714050293,0.5128666162490845,-0.3764986991882324
0.44734811782836914,0.5068327784538269,-0.28743475675582886
0.5610170960426331,0.5084530115127563,-0.3060306906700134
0.44536834955215454,0.503034234046936,-0.22892329096794128
0.5441725254058838,0.5447334051132202,0.004971145652234554
0.46149155497550964,0.545289933681488,-0.0049556223675608635
0.5790743231773376,0.6257677674293518,-0.026876799762248993
0.445753812789917,0.628811240196228,-0.0381491594016552
0.5779663920402527,0.6928710341453552,0.3373904824256897
0.449039489030838,0.6916921138763428,0.2902594804763794
0.5645659565925598,0.7039209604263306,0.36457523703575134
0.4599546790122986,0.6977616548538208,0.31481748819351196
0.6038462519645691,0.7183189988136292,0.18706762790679932
0.44873276352882385,0.7201915979385376,0.13328109681606293
-
0.5034310817718506,0.3768866956233978,-0.43558499217033386
0.5092096924781799,0.37074512243270874,-0.4077264964580536
0.5141890645027161,0.37080496549606323,-0.4077032804489136
0.5186508893966675,0.37090885639190674,-0.4077126681804657
0.49456533789634705,0.3712604343891144,-0.40977728366851807
0.48851293325424194,0.37175002694129944,-0.40984776616096497
0.4824736416339874,0.3723404109477997,-0.40980497002601624
0.5250110030174255,0.3754734396934509,-0.2300773561000824
0.4740481972694397,0.3782499432563782,-0.242807999253273
0.5121517181396484,0.3861742317676544,-0.368818074464798
0.49472886323928833,0.3866642117500305,-0.37264391779899597
0.5718623399734497,0.42515045404434204,-0.10288912802934647
0.4316927194595337,0.4268817901611328,-0.10595770180225372
0.6326290369033813,0.46529442071914673,-0.032458722591400146
0.36667633056640625,0.4620777666568756,0.00398284150287509
0.5824969410896301,0.5020867586135864,-0.15458211302757263
0.42630475759506226,0.49863797426223755,-0.012564944103360176
0.5686752200126648,0.5153490900993347,-0.1979294717311859
0.43889936804771423,0.5104988813400269,-0.0402936227619648
0.5588629841804504,0.5091054439544678,-0.22413094341754913
0.44802626967430115,0.5042875409126282,-0.06206394359469414
0.5607612729072571,0.504938542842865,-0.16517497599124908
0.4464443325996399,0.500170111656189,-0.018962230533361435
0.5448622703552246,0.5404866337776184,0.005501831881701946
0.4621279835700989,0.5420900583267212,-0.005467379931360483
0.5796710252761841,0.6251780986785889,-0.025525111705064774
0.44632378220558167,0.6295309066772461,-0.044966187328100204
0.5793086290359497,0.6940242648124695,0.33255666494369507
0.44886770844459534,0.6945983171463013,0.2894078195095062
0.5666616559028625,0.7040823698043823,0.3586212694644928
0.45983001589775085,0.7016717791557312,0.31434476375579834
0.6038696765899658,0.7198842167854309,0.17448796331882477
0.446394145488739,0.7214511632919312,0.12631390988826752
-
0.5027635097503662,0.3693233132362366,-0.4590039849281311
0.50880366563797,0.362720787525177,-0.4331318736076355
0.5139597058296204,0.36275413632392883,-0.43310075998306274
0.5185672044754028,0.3629296123981476,-0.4331046938896179
0.4939020276069641,0.3632218539714813,-0.43449148535728455
0.48787721991539,0.36373645067214966,-0.4345684051513672
0.4820108115673065,0.3644413948059082,-0.4345565736293793
0.5251404643058777,0.3674364686012268,-0.2544615566730499
0.4740169942378998,0.37003010511398315,-0.2623581886291504
0.511841893196106,0.37857574224472046,-0.39055320620536804
0.4943655729293823,0.379160612821579,-0.39302805066108704
0.5727781653404236,0.41714128851890564,-0.10994775593280792
0.43202951550483704,0.41939735412597656,-0.12344048917293549
0.6338154673576355,0.45660194754600525,-0.027854830026626587
0.370146781206131,0.45403560996055603,-0.004849590826779604
0.585541307926178,0.49283966422080994,-0.1687561422586441
0.4317932426929474,0.49146580696105957,-0.08407749235630035
0.5708603262901306,0.5056887269020081,-0.21563014388084412
0.44612032175064087,0.503118097782135,-0.12118498235940933
0.5627678632736206,0.4996110498905182,-0.24247200787067413
0.45409315824508667,0.4969453811645508,-0.14430610835552216
0.5644896030426025,0.49567270278930664,-0.18042834103107452
0.4521917998790741,0.4930090308189392,-0.09236518293619156
0.5467304587364197,0.5343091487884521,0.007150901481509209
0.463705837726593,0.5357257127761841,-0.007137215696275234
0.5783449411392212,0.6195162534713745,-0.018134908750653267
0.4499734342098236,0.6237965822219849,-0.04557008296251297
0.5781998038291931,0.6922526359558105,0.3362048864364624
0.4488786458969116,0.6929321885108948,0.2748458981513977
0.5664190649986267,0.7025038599967957,0.36110055446624756
0.4590277373790741,0.7002651691436768,0.29644089937210083
0.6020607352256775,0.7181593179702759,0.1689160168170929
0.4477192461490631,0.7201715707778931,0.09349294006824493
-
0.5019392371177673,0.35837414860725403,-0.4641919434070587
0.5081199407577515,0.3514392077922821,-0.43814846873283386
0.5133201479911804,0.3512820899486542,-0.4380922019481659
0.5179048776626587,0.3513348400592804,-0.438070684671402
0.493733674287796,0.35314175486564636,-0.43818041682243347
0.4875033497810364,0.35380488634109497,-0.4382515251636505
0.4814419150352478,0.35434457659721375,-0.43824467062950134
0.5244342684745789,0.35610008239746094,-0.26017433404922485
0.4736763536930084,0.36022061109542847,-0.26225394010543823
0.5110640525817871,0.367782324552536,-0.3964330852031708
0.4933422803878784,0.3680163025856018,-0.397264301776886
0.5736370086669922,0.4091445803642273,-0.11350204795598984
0.4333982765674591,0.4108303189277649,-0.1281014382839203
0.634044885635376,0.4493252635002136,-0.027819791808724403
0.37219691276550293,0.4471116065979004,-0.029292447492480278
0.5855008959770203,0.48817163705825806,-0.16190743446350098
0.4341505765914917,0.48541679978370667,-0.09511525928974152
0.5707547664642334,0.5026626586914062,-0.20610986649990082
0.4467941224575043,0.4953746199607849,-0.1443563997745514
0.5625573396682739,0.4992767870426178,-0.23184840381145477
0.45656025409698486,0.4894467294216156,-0.15224623680114746
0.5641937851905823,0.49528661370277405,-0.17253276705741882
0.4548821747303009,0.48518839478492737,-0.09976397454738617
0.5488036274909973,0.5264449119567871,0.009815355762839317
0.46818897128105164,0.5285171270370483,-0.00989472959190607
0.5771692991256714,0.6123851537704468,-0.0005751344724558294
0.45489630103111267,0.6140515208244324,-0.05368039384484291
0.5781320929527283,0.6893408894538879,0.30665916204452515
0.4489583671092987,0.6908251047134399,0.21501365303993225
0.5679097771644592,0.6999182105064392,0.32235729694366455
0.45843496918678284,0.6984565854072571,0.23003622889518738
0.6028342247009277,0.7166087627410889,0.11175981909036636
0.44948577880859375,0.7191781401634216,0.014699321240186691
-
0.501676082611084,0.3402983844280243,-0.42512962222099304
0.5075591206550598,0.33344778418540955,-0.4030705690383911
0.5127407312393188,0.33344435691833496,-0.40299102663993835
0.5173205733299255,0.3335343599319458,-0.40294504165649414
0.49345746636390686,0.33436304330825806,-0.4056027829647064
0.4872021973133087,0.3349863290786743,-0.4056265652179718
0.48113933205604553,0.3357858657836914,-0.4056168794631958
0.5241620540618896,0.3383488357067108,-0.2346581369638443
0.473315566778183,0.34297171235084534,-0.24995432794094086
0.510607123374939,0.34977632761001587,-0.3586549460887909
0.49285539984703064,0.3512153625488281,-0.36217057704925537
0.573849618434906,0.388363778591156,-0.07370393723249435
0.4350215792655945,0.3910233974456787,-0.12415120005607605
0.6340447068214417,0.42858457565307617,0.03597484156489372
0.37162578105926514,0.42737674713134766,-0.0049888803623616695
0.5860612392425537,0.4654912054538727,-0.07585018873214722
0.43253982067108154,0.46263211965560913,-0.06254780292510986
0.5706140398979187,0.47847428917884827,-0.11286178976297379
0.446419358253479,0.4743388295173645,-0.09617830812931061
0.5635254979133606,0.4728841185569763,-0.13643886148929596
0.4557470679283142,0.46664077043533325,-0.11705092340707779
0.5652297735214233,0.4692719876766205,-0.08573450148105621
0.4539210796356201,0.4630303978919983,-0.06908956170082092
0.5480720400810242,0.5095920562744141,0.009752323850989342
0.46798431873321533,0.5115566849708557,-0.009865154512226582
0.5735318660736084,0.5995505452156067,-0.0075112031772732735
0.4557345509529114,0.5991019010543823,-0.05480349808931351
0.5785486698150635,0.6892549395561218,0.2383624017238617
0.4497339129447937,0.6889610886573792,0.1880115270614624
0.5687733888626099,0.6996591091156006,0.24990271031856537
0.4592767357826233,0.6964708566665649,0.20139828324317932
0.6018207669258118,0.7157397866249084,0.037725113332271576
0.45069465041160583,0.7181557416915894,-0.00413290923461318
-
0.5014296770095825,0.3279514014720917,-0.2216714471578598
0.5071709752082825,0.32053372263908386,-0.20199519395828247
0.512482225894928,0.32046258449554443,-0.20196539163589478
0.5169491171836853,0.32045474648475647,-0.20194149017333984
0.49300000071525574,0.3213457465171814,-0.20205466449260712
0.4870092570781708,0.32192957401275635,-0.20203053951263428
0.4809049069881439,0.3227618336677551,-0.20202399790287018
0.5238498449325562,0.3251170516014099,-0.07072882354259491
0.4731939435005188,0.32938170433044434,-0.07144075632095337
0.5102877616882324,0.337347149848938,-0.17041349411010742
0.49272847175598145,0.33955395221710205,-0.1706332266330719
0.5741227269172668,0.37435007095336914,0.019131984561681747
0.4363946318626404,0.37648823857307434,0.007320818491280079
0.6347314715385437,0.41387706995010376,0.060114406049251556
0.37081998586654663,0.4149601459503174,0.05767124891281128
0.5909561514854431,0.4479947090148926,-0.07523491233587265
0.4318211078643799,0.4479525685310364,-0.018927356228232384
0.5777105689048767,0.46011418104171753,-0.1152309849858284
0.44471117854118347,0.46016639471054077,-0.04869654029607773
0.5699236989021301,0.4533878266811371,-0.1285625845193863
0.454069048166275,0.4517667889595032,-0.06161239370703697
0.5710040330886841,0.44981932640075684,-0.08103813976049423
0.45224371552467346,0.44840842485427856,-0.022469298914074898
0.5480563640594482,0.495230108499527,0.009557528421282768
0.46795034408569336,0.4964141249656677,-0.00966245960444212
0.5691474080085754,0.5875933170318604,-0.04451706260442734
0.4567239582538605,0.5855218172073364,-0.07595089077949524
0.5793560743331909,0.679314911365509,0.11752232164144516
0.4498104453086853,0.6768202185630798,0.10867036134004593
0.5695450305938721,0.6885979771614075,0.12499643117189407
0.4591735303401947,0.6853457689285278,0.1193380355834961
0.6013092398643494,0.7139071226119995,-0.050059180706739426
0.4500313997268677,0.7151151895523071,-0.040858812630176544
-
0.5012652277946472,0.3187187612056732,-0.41044288873672485
0.506986677646637,0.31093212962150574,-0.39133191108703613
0.5121522545814514,0.3108791410923004,-0.39125505089759827
0.5164060592651367,0.31084102392196655,-0.3912239074707031
0.4929400086402893,0.3125597834587097,-0.3889768719673157
0.4869341254234314,0.31353169679641724,-0.38899582624435425
0.48067253828048706,0.3145125210285187,-0.388971745967865
0.5238155722618103,0.31502747535705566,-0.22764036059379578
0.473017156124115,0.3203853368759155,-0.21830058097839355
0.5100428462028503,0.3274378776550293,-0.34501224756240845
0.492575079202652,0.32895517349243164,-0.3421308100223541
0.5740928053855896,0.3634670078754425,-0.0772387683391571
0.43739351630210876,0.36518722772598267,-0.07613562792539597
0.6405279636383057,0.4069063067436218,0.016689514741301537
0.3702656626701355,0.4051896631717682,0.02052547223865986
0.5931044816970825,0.4438702464103699,-0.11979285627603531
0.4313679039478302,0.4387969970703125,-0.09345775097608566
0.578101396560669,0.45446115732192993,-0.1586916446685791
0.4437592327594757,0.4500240683555603,-0.1328454166650772
0.5703749060630798,0.4452051520347595,-0.19068868458271027
0.45380502939224243,0.4427250325679779,-0.15620097517967224
0.572198212146759,0.44180864095687866,-0.12890194356441498
0.4521377980709076,0.43912920355796814,-0.10127504169940948
0.5480291843414307,0.4844755530357361,0.009359549731016159
0.4673668444156647,0.48476964235305786,-0.009507938288152218
0.5667049288749695,0.579464316368103,-0.02016625739634037
0.45716315507888794,0.5765492916107178,-0.04377385228872299
0.5788791179656982,0.6656937003135681,0.20813243091106415
0.45038336515426636,0.6652956008911133,0.17086228728294373
0.5687631964683533,0.674281895160675,0.223932683467865
0.46017152070999146,0.673215389251709,0.19113892316818237
0.601226270198822,0.7032416462898254,0.02584114298224449
0.4492036998271942,0.7024970054626465,0.0105200270190835
-
0.5008329749107361,0.3108157515525818,-0.44976943731307983
0.5068176984786987,0.3033338487148285,-0.42605292797088623
0.5119034051895142,0.3031485974788666,-0.42598816752433777
0.5156710147857666,0.30306121706962585,-0.42598190903663635
0.4924350380897522,0.3045335114002228,-0.42360639572143555
0.4863906800746918,0.30521801114082336,-0.42362475395202637
0.4802786409854889,0.3060770332813263,-0.42359021306037903
0.5234529376029968,0.30773890018463135,-0.25157153606414795
0.47285521030426025,0.31170788407325745,-0.2405935674905777
0.509850800037384,0.31937354803085327,-0.38196685910224915
0.4921509921550751,0.3204418122768402,-0.3788754343986511
0.5743634700775146,0.3574334383010864,-0.1051328033208847
0.43733787536621094,0.3599252998828888,-0.09164375811815262
0.6424103379249573,0.39924156665802,-0.004402153193950653
0.3707653880119324,0.39834874868392944,0.01760762929916382
0.5941551327705383,0.43775805830955505,-0.1250922530889511
0.429674357175827,0.43398937582969666,-0.11807752400636673
0.5782136917114258,0.4475030303001404,-0.16046960651874542
0.440962553024292,0.44361037015914917,-0.16457165777683258
0.5709408521652222,0.44088196754455566,-0.2100072205066681
0.45267918705940247,0.43665561079978943,-0.1930030882358551
0.5734882950782776,0.4374278485774994,-0.13130955398082733
0.451021671295166,0.4329524040222168,-0.13041624426841736
0.5482037663459778,0.4775676727294922,0.007981189526617527
0.46700283885002136,0.4774884581565857,-0.008133750408887863
0.565502405166626,0.5729904174804688,-0.01821889542043209
0.4565527141094208,0.5732749700546265,-0.03661094978451729
0.577238917350769,0.6532195806503296,0.30409303307533264
0.45057186484336853,0.6589093208312988,0.24072667956352234
0.5668172836303711,0.6616939306259155,0.32627439498901367
0.4615344703197479,0.6670564413070679,0.25926899909973145
0.5934378504753113,0.6920663118362427,0.11319711804389954
0.44883647561073303,0.6943221092224121,0.04679633304476738
-
0.5003925561904907,0.30606573820114136,-0.47685596346855164
0.5067480802536011,0.2985721230506897,-0.4526122212409973
0.5118076801300049,0.29853489995002747,-0.45253613591194153
0.5154241919517517,0.2986065149307251,-0.45251837372779846
0.49228739738464355,0.29991939663887024,-0.4505537748336792
0.4860425293445587,0.3007952570915222,-0.4505845308303833
0.48019328713417053,0.30189773440361023,-0.4505551755428314
0.52329021692276,0.30328109860420227,-0.2759908139705658
0.4727630317211151,0.3064505159854889,-0.26730775833129883
0.5096725821495056,0.31540510058403015,-0.40856674313545227
0.49210649728775024,0.3171924948692322,-0.40622663497924805
0.5744894742965698,0.35380494594573975,-0.12643906474113464
0.43808114528656006,0.3562219738960266,-0.12154686450958252
0.6432174444198608,0.39401882886886597,-0.009328621439635754
0.3705914318561554,0.394807904958725,-0.03462347760796547
0.5948417782783508,0.43356361985206604,-0.1334829181432724
0.4289391040802002,0.4319801926612854,-0.1564989984035492
0.5777991414070129,0.4462691843509674,-0.17493872344493866
0.4405708611011505,0.44319263100624084,-0.20286600291728973
0.5702181458473206,0.43912380933761597,-0.2113090306520462
0.45197948813438416,0.4368349015712738,-0.22819150984287262
0.5734421014785767,0.43536263704299927,-0.14403395354747772
0.4502001404762268,0.433127224445343,-0.16739733517169952
0.5487588047981262,0.4753545820713043,0.007320555858314037
0.4667110741138458,0.4749229848384857,-0.00746956467628479
0.565243661403656,0.5657225847244263,-0.00431126169860363
0.45657190680503845,0.5680610537528992,-0.025662798434495926
0.5761239528656006,0.6477290987968445,0.32613134384155273
0.4512872099876404,0.650836169719696,0.2571348547935486
0.5641882419586182,0.6572391986846924,0.3479124903678894
0.46182796359062195,0.6588060855865479,0.27477020025253296
0.590715229511261,0.6847328543663025,0.13972632586956024
0.44870004057884216,0.6843651533126831,0.062240488827228546
-
0.4999939799308777,0.30483731627464294,-0.5120731592178345
0.5066052675247192,0.2975218892097473,-0.4854383170604706
0.5116089582443237,0.29756516218185425,-0.485362708568573
0.5153087377548218,0.29762399196624756,-0.48534446954727173
0.49202388525009155,0.2981674075126648,-0.48250287771224976
0.48562201857566833,0.29867738485336304,-0.48255103826522827
0.48008182644844055,0.29921475052833557,-0.4825291931629181
0.5232917666435242,0.30190715193748474,-0.303308367729187
0.4727327227592468,0.3051501512527466,-0.2912655770778656
0.5095828175544739,0.31384390592575073,-0.4428013265132904
0.4919659197330475,0.3155444264411926,-0.43947333097457886
0.5747188329696655,0.3531288802623749,-0.15532582998275757
0.4395117461681366,0.35520416498184204,-0.14537431299686432
0.6450256109237671,0.3937371075153351,-0.0658903643488884
0.37040701508522034,0.39333412051200867,-0.06464291363954544
0.5944019556045532,0.43348973989486694,-0.20465955138206482
0.42769354581832886,0.4308011531829834,-0.1788322925567627
0.5772392153739929,0.4470023512840271,-0.25060927867889404
0.4399980306625366,0.44292956590652466,-0.22542721033096313
0.5700061321258545,0.43865880370140076,-0.27836671471595764
0.4517158567905426,0.43653661012649536,-0.246976837515831
0.572797417640686,0.43479275703430176,-0.21503590047359467
0.44991806149482727,0.4328921437263489,-0.18836483359336853
0.5485752820968628,0.4755381643772125,0.007293136790394783
0.466673880815506,0.47453469038009644,-0.007440237328410149
0.565392792224884,0.5651113986968994,-0.006422839127480984
0.4567663073539734,0.5676251649856567,-0.026358095929026604
0.5749934315681458,0.6443657279014587,0.37086477875709534
0.4515703320503235,0.6437020897865295,0.33565905690193176
0.5629251003265381,0.654676616191864,0.3987171947956085
0.46168074011802673,0.6508362889289856,0.3626173138618469
0.5897334814071655,0.6795885562896729,0.19564974308013916
0.44845569133758545,0.6784784197807312,0.163766548037529
-
0.49977803230285645,0.3049715757369995,-0.4975937306880951
0.5065443515777588,0.2973403334617615,-0.47062352299690247
0.5113987326622009,0.297424852848053,-0.4705488085746765
0.5151939988136292,0.29736077785491943,-0.470535010099411
0.49167704582214355,0.29825273156166077,-0.46731317043304443
0.4854656755924225,0.2989951968193054,-0.4673565626144409
0.4798700511455536,0.29986903071403503,-0.4673265814781189
0.5233699083328247,0.3020704388618469,-0.2904652953147888
0.4728033244609833,0.3066674470901489,-0.2765660881996155
0.5095062851905823,0.3142811954021454,-0.4293751120567322
0.49167001247406006,0.31595075130462646,-0.4254258871078491
0.5760586857795715,0.3541944921016693,-0.14742475748062134
0.4402877390384674,0.355665922164917,-0.1380249708890915
0.6460100412368774,0.3950178325176239,-0.06077318638563156
0.3702314496040344,0.394359290599823,-0.056281644850969315
0.5945497155189514,0.43285590410232544,-0.19658119976520538
0.4272647500038147,0.43141016364097595,-0.16051504015922546
0.5772811770439148,0.4466128945350647,-0.24131444096565247
0.4404621124267578,0.44319969415664673,-0.20514248311519623
0.5694627165794373,0.43883752822875977,-0.26820608973503113
0.4520781338214874,0.4368903636932373,-0.2259201854467392
0.5725472569465637,0.4344547688961029,-0.2072208821773529
0.44982028007507324,0.4332394003868103,-0.16947484016418457
0.548495888710022,0.477379709482193,0.006010388024151325
0.4660792350769043,0.4762161672115326,-0.0061873490922153
0.565434455871582,0.5643790364265442,-0.030016202479600906
0.4565659463405609,0.5690810084342957,-0.0434180349111557
0.5739348530769348,0.6427283883094788,0.36618873476982117
0.4521307349205017,0.6417879462242126,0.36029085516929626
0.5619483590126038,0.6519157886505127,0.39683103561401367
0.461717814207077,0.6475595831871033,0.39354950189590454
0.5876592993736267,0.6772054433822632,0.19908507168293
0.44825300574302673,0.6774979829788208,0.20989243686199188
-
0.4996982514858246,0.30813848972320557,-0.49243491888046265
0.5064764022827148,0.3010278344154358,-0.46622538566589355
0.5112946033477783,0.30086103081703186,-0.46615201234817505
0.515019416809082,0.3008098602294922,-0.4661453366279602
0.4913802146911621,0.3020879030227661,-0.46390482783317566
0.4854041635990143,0.3027568459510803,-0.4639419913291931
0.47972485423088074,0.30364787578582764,-0.46390223503112793
0.5232654213905334,0.3053193688392639,-0.2859991192817688
0.4729216694831848,0.3100103437900543,-0.2771831154823303
0.5094211101531982,0.317413866519928,-0.4238031506538391
0.49162429571151733,0.31869131326675415,-0.4214646518230438
0.5761798620223999,0.35636353492736816,-0.14062339067459106
0.44151851534843445,0.3570060729980469,-0.13614153861999512
0.6466972231864929,0.3972708582878113,-0.05089999735355377
0.3701150119304657,0.3953450322151184,-0.05169958993792534
0.595057487487793,0.4363388121128082,-0.18203264474868774
0.4267144799232483,0.4333476126194,-0.1557893455028534
0.5771752595901489,0.44896379113197327,-0.2224566638469696
0.4393243193626404,0.44529372453689575,-0.20253905653953552
0.5691359043121338,0.44168123602867126,-0.24725927412509918
0.45159804821014404,0.43910884857177734,-0.2244616001844406
0.5724339485168457,0.43746834993362427,-0.19085948169231415
0.44964727759361267,0.43522709608078003,-0.1655767410993576
0.5484248399734497,0.4785189628601074,0.005869101732969284
0.4659239947795868,0.4774024486541748,-0.006041874643415213
0.5654684901237488,0.5677172541618347,-0.029152650386095047
0.4565105736255646,0.5686920881271362,-0.046926457434892654
0.5731747150421143,0.6464687585830688,0.3404873013496399
0.45208245515823364,0.6436224579811096,0.3178630471229553
0.561122477054596,0.6552037000656128,0.36645013093948364
0.46162503957748413,0.6503992676734924,0.3447529971599579
0.5877915620803833,0.6804336309432983,0.16765610873699188
0.44640281796455383,0.6780456900596619,0.15526935458183289
-
0.4995313286781311,0.3119423985481262,-0.47875112295150757
0.506395697593689,0.3048216700553894,-0.4526863992214203
0.5111948847770691,0.3047115206718445,-0.45262277126312256
0.5149298906326294,0.30468934774398804,-0.452614963054657
0.49116358160972595,0.30583712458610535,-0.45061051845550537
0.4852180778980255,0.30649852752685547,-0.45064496994018555
0.47997555136680603,0.30732640624046326,-0.45061010122299194
0.5232753157615662,0.3092222511768341,-0.2749686539173126
0.473924458026886,0.3135298788547516,-0.26945823431015015
0.5095638036727905,0.321060448884964,-0.41100141406059265
0.4913550615310669,0.3222644031047821,-0.4088435173034668
0.5767077803611755,0.35996878147125244,-0.13458609580993652
0.4416712522506714,0.36101287603378296,-0.12053165584802628
0.6469873189926147,0.40080466866493225,-0.052661944180727005
0.37017399072647095,0.39899617433547974,-0.020570293068885803
0.5947665572166443,0.43937578797340393,-0.18810276687145233
0.4258713126182556,0.4366067349910736,-0.12057474255561829
0.5769844651222229,0.4518887400627136,-0.23202553391456604
0.43799784779548645,0.44830521941185,-0.16291047632694244
0.5689220428466797,0.44473996758461,-0.2565144896507263
0.4508260488510132,0.44200021028518677,-0.1875792145729065
0.5722684860229492,0.440636545419693,-0.19731618463993073
0.4489780068397522,0.43819719552993774,-0.13140414655208588
0.5483127236366272,0.4815976023674011,0.002337103709578514
0.4657714366912842,0.4808439612388611,-0.0024707571137696505
0.5650506019592285,0.5708537101745605,-0.028442539274692535
0.45612603425979614,0.5721825361251831,-0.015951551496982574
0.5722948908805847,0.6496856212615967,0.32688966393470764
0.45202523469924927,0.6478483080863953,0.3202452063560486
0.5589681267738342,0.6583284139633179,0.35022830963134766
0.46151596307754517,0.6548266410827637,0.3436923623085022
0.5872162580490112,0.683323860168457,0.14405162632465363
0.4437662363052368,0.6813889741897583,0.1489771455526352
-
0.49954932928085327,0.3180482089519501,-0.45755526423454285
0.5070697069168091,0.31198590993881226,-0.43106749653816223
0.5116695165634155,0.31176456809043884,-0.43101775646209717
0.5152940154075623,0.31164640188217163,-0.4310038387775421
0.4917782247066498,0.31302958726882935,-0.42834630608558655
0.48579078912734985,0.3134540915489197,-0.4283756613731384
0.4807722866535187,0.3138628900051117,-0.42835336923599243
0.524118959903717,0.3153279423713684,-0.25665831565856934
0.475505530834198,0.31826871633529663,-0.2454943060874939
0.5100365281105042,0.32573264837265015,-0.3911941647529602
0.49124225974082947,0.32676079869270325,-0.3879648447036743
0.5769796371459961,0.36443430185317993,-0.1325322538614273
0.44199925661087036,0.36670079827308655,-0.09792373329401016
0.6478177905082703,0.4049643874168396,-0.05437130481004715
0.37081378698349,0.4023626446723938,-0.019471365958452225
0.5945435166358948,0.4434265196323395,-0.2010122537612915
0.42598384618759155,0.44255417585372925,-0.14252106845378876
0.5768569707870483,0.4542006850242615,-0.24928638339042664
0.43838441371917725,0.45183610916137695,-0.19079700112342834
0.568911612033844,0.44914740324020386,-0.27431461215019226
0.45063483715057373,0.4461764693260193,-0.21636050939559937
0.5721697211265564,0.445225328207016,-0.21118861436843872
0.44874995946884155,0.4427126348018646,-0.15453627705574036
0.5482377409934998,0.486314058303833,-0.0029183137230575085
0.46574243903160095,0.48324164748191833,0.002766129095107317
0.5646708011627197,0.5769767761230469,-0.026570258662104607
0.45604798197746277,0.5762772560119629,-0.007649208419024944
0.5718220472335815,0.6546175479888916,0.2853165864944458
0.4519062936306,0.6539575457572937,0.2870769500732422
0.5583677291870117,0.6620692014694214,0.3031616508960724
0.46146711707115173,0.6639508008956909,0.30202651023864746
0.586308479309082,0.6907732486724854,0.094354547560215
0.4408967196941376,0.6872082352638245,0.10298006981611252
-
0.49947479367256165,0.3335818946361542,-0.4073326587677002
0.5076611638069153,0.32663780450820923,-0.38231658935546875
0.5125446915626526,0.3267330527305603,-0.382285475730896
0.5166875720024109,0.32675689458847046,-0.3822762072086334
0.4916193187236786,0.32716330885887146,-0.37724533677101135
0.48563307523727417,0.32745057344436646,-0.37725159525871277
0.4806353747844696,0.3278316259384155,-0.3772132992744446
0.5266008377075195,0.3310123383998871,-0.21593162417411804
0.47583773732185364,0.3334243893623352,-0.19113139808177948
0.5104068517684937,0.34304359555244446,-0.3435235023498535
0.4911072552204132,0.3441799283027649,-0.3366217613220215
0.5774146318435669,0.3758828043937683,-0.11148430407047272
0.4421974718570709,0.3804759979248047,-0.046390630304813385
0.6473680138587952,0.4161427915096283,-0.08655472099781036
0.37176454067230225,0.41454505920410156,0.013524617068469524
0.5943739414215088,0.45190945267677307,-0.2850151062011719
0.4268236458301544,0.45553430914878845,-0.14160534739494324
0.5767436027526855,0.4631531834602356,-0.3418803811073303
0.43893957138061523,0.4681336283683777,-0.19076025485992432
0.5687848329544067,0.4584867060184479,-0.3613913357257843
0.4511256217956543,0.46196454763412476,-0.21499893069267273
0.5720855593681335,0.45490163564682007,-0.2942841053009033
0.4495052397251129,0.458122193813324,-0.15324005484580994
0.5482162237167358,0.49853944778442383,-0.014291521161794662
0.4656987190246582,0.4980461597442627,0.01407366618514061
0.564179539680481,0.5876666307449341,-0.07178692519664764
0.4535471200942993,0.5916352868080139,-0.008305799216032028
0.5716650485992432,0.6658963561058044,0.2620978057384491
0.4506511390209198,0.6691290736198425,0.28422117233276367
0.5588108897209167,0.6737245321273804,0.28421351313591003
0.461424857378006,0.6786671280860901,0.30144551396369934
0.5824009776115417,0.7047356963157654,0.0785442516207695
0.43838047981262207,0.7050115466117859,0.10733295232057571
-
0.5005379319190979,0.348985493183136,-0.4149164855480194
0.5086781978607178,0.3414786458015442,-0.38855332136154175
0.5135730504989624,0.34144917130470276,-0.3885464668273926
0.5177401304244995,0.3415764570236206,-0.3885501027107239
0.4922069013118744,0.3426210284233093,-0.3853799104690552
0.48627912998199463,0.34334391355514526,-0.3853864073753357
0.4810536801815033,0.3441804051399231,-0.38533905148506165
0.5273942947387695,0.34607645869255066,-0.21443693339824677
0.47608980536460876,0.349465936422348,-0.19972862303256989
0.5115777254104614,0.35807308554649353,-0.3485749065876007
0.49157798290252686,0.3589897155761719,-0.3444608151912689
0.577357292175293,0.3903042674064636,-0.10493840277194977
0.4425356090068817,0.3930296003818512,-0.04730198532342911
0.6472344398498535,0.4292480945587158,-0.07433833181858063
0.37295201420783997,0.4274628162384033,0.033805862069129944
0.5922722816467285,0.4658834934234619,-0.25719141960144043
0.42668312788009644,0.4665144979953766,-0.11059845983982086
0.5754835605621338,0.4791325628757477,-0.3134334683418274
0.4389142692089081,0.47924503684043884,-0.15980707108974457
0.5679038166999817,0.4732779562473297,-0.3383162319660187
0.45101067423820496,0.47375282645225525,-0.1860944926738739
0.570838212966919,0.46909624338150024,-0.2686763107776642
0.4493536353111267,0.46989312767982483,-0.12318369746208191
0.5479644536972046,0.5115593671798706,-0.013504465110599995
0.46561428904533386,0.5108329057693481,0.013356287963688374
0.5645928382873535,0.6002340316772461,-0.056567203253507614
0.45222723484039307,0.6010499000549316,-0.01562984474003315
0.5694735646247864,0.6752305626869202,0.2791978716850281
0.4492003917694092,0.6791055202484131,0.28408825397491455
0.5583051443099976,0.6835579872131348,0.30443552136421204
0.4595184028148651,0.6895591616630554,0.3015977442264557
0.5787438750267029,0.7096937298774719,0.09973347932100296
0.4386465847492218,0.7094874978065491,0.10749182105064392
-
0.5009804368019104,0.36383768916130066,-0.3748575448989868
0.5092310309410095,0.3561791479587555,-0.3501749634742737
0.5141308307647705,0.3561161160469055,-0.3501739203929901
0.5182161331176758,0.35627976059913635,-0.35017967224121094
0.4926753044128418,0.35768112540245056,-0.34665653109550476
0.48684781789779663,0.35841718316078186,-0.34666967391967773
0.48171287775039673,0.359033465385437,-0.3466358482837677
0.5280776619911194,0.36189138889312744,-0.18850985169410706
0.476645290851593,0.3651735782623291,-0.17284756898880005
0.5122939348220825,0.3725631535053253,-0.3137229084968567
0.49172163009643555,0.37351423501968384,-0.3092706799507141
0.5773388147354126,0.4063405394554138,-0.08681611716747284
0.4430822730064392,0.4074482023715973,-0.04148643836379051
0.6449394822120667,0.4423667788505554,-0.058972086757421494
0.3753891885280609,0.44112730026245117,0.027218127623200417
0.5920828580856323,0.47978806495666504,-0.22903957962989807
0.4281935691833496,0.4801585078239441,-0.09762947261333466
0.5754628777503967,0.4940355718135834,-0.28746330738067627
0.4396340548992157,0.493022620677948,-0.14230205118656158
0.5676850080490112,0.48692288994789124,-0.31410840153694153
0.4511859118938446,0.4873824119567871,-0.16679075360298157
0.5707321763038635,0.48248475790023804,-0.24214553833007812
0.4497125744819641,0.4832184910774231,-0.10933906584978104
0.5479038953781128,0.5269188284873962,-0.013322370126843452
0.46578648686408997,0.5264847874641418,0.013161947019398212
0.5660673975944519,0.610272228717804,-0.03844275325536728
0.44929105043411255,0.6147545576095581,-0.016544735059142113
0.5661681294441223,0.6865052580833435,0.25721004605293274
0.4478762447834015,0.6872722506523132,0.24978914856910706
0.5549032688140869,0.6988751888275146,0.2752363979816437
0.4578154981136322,0.6981028318405151,0.2649407386779785
0.5788764357566833,0.7115324139595032,0.08374301344156265
0.4388885498046875,0.7143357992172241,0.07901071012020111
-
0.5038544535636902,0.37474578619003296,-0.3526909649372101
0.5118706822395325,0.36782127618789673,-0.322927325963974
0.5161168575286865,0.36770927906036377,-0.32291263341903687
0.5211197137832642,0.36770039796829224,-0.3228895962238312
0.4956778585910797,0.36879000067710876,-0.32319802045822144
0.48936474323272705,0.36942151188850403,-0.32320356369018555
0.4839383065700531,0.37017765641212463,-0.32313576340675354
0.5296037793159485,0.3729490041732788,-0.15598651766777039
0.4776642620563507,0.37592583894729614,-0.1587008386850357
0.513853132724762,0.3844471275806427,-0.291785329580307
0.4938465654850006,0.38583874702453613,-0.2926177978515625
0.577057421207428,0.4198492169380188,-0.07599631696939468
0.44300150871276855,0.42180734872817993,-0.05364952236413956
0.6438865065574646,0.4577254354953766,-0.09391837567090988
0.376801073551178,0.4547131657600403,-0.09546082466840744
0.5868346691131592,0.494579941034317,-0.2943350374698639
0.43003877997398376,0.49330368638038635,-0.31566354632377625
0.5708805918693542,0.5089539289474487,-0.3543572723865509
0.4402509331703186,0.5063644647598267,-0.3747160732746124
0.5630045533180237,0.5013242959976196,-0.3672231435775757
0.45168086886405945,0.5010483264923096,-0.3875916004180908
0.5669931769371033,0.49639272689819336,-0.30223384499549866
0.4508060812950134,0.4968356192111969,-0.32500967383384705
0.5479713678359985,0.5378323793411255,-0.005852938164025545
0.46586138010025024,0.537951648235321,0.005719656590372324
0.5701155066490173,0.6197742223739624,-0.08469103276729584
0.44765982031822205,0.6249392032623291,-0.04836411401629448
0.565528929233551,0.6863733530044556,0.2663480043411255
0.4471510052680969,0.6860522627830505,0.25261083245277405
0.5526142716407776,0.6954879760742188,0.2858538031578064
0.45774900913238525,0.6949490308761597,0.27896055579185486
0.5799618363380432,0.7143014669418335,0.13451732695102692
0.43890219926834106,0.7149289846420288,0.12371259182691574
-
0.5044889450073242,0.3810892701148987,-0.3940061926841736
0.5126858353614807,0.37451058626174927,-0.365360289812088
0.516992449760437,0.37460431456565857,-0.36534401774406433
0.5223382115364075,0.37478557229042053,-0.36537307500839233
0.4965079128742218,0.3747827112674713,-0.3668142557144165
0.4902777671813965,0.37511083483695984,-0.3668733835220337
0.48495766520500183,0.37547412514686584,-0.3667895495891571
0.530480146408081,0.3789534270763397,-0.20025427639484406
0.47831353545188904,0.38027384877204895,-0.20547813177108765
0.5145523548126221,0.3895762860774994,-0.3339214026927948
0.4947197735309601,0.3900499641895294,-0.33579105138778687
0.5771761536598206,0.4267898499965668,-0.10537265986204147
0.44224169850349426,0.42834633588790894,-0.0869072824716568
0.643856406211853,0.4648696482181549,-0.11651236563920975
0.37851089239120483,0.46010535955429077,-0.009080568328499794
0.586847186088562,0.5003114938735962,-0.32388442754745483
0.42982199788093567,0.49706706404685974,-0.03630692511796951
0.5709965825080872,0.5122221112251282,-0.3821974992752075
0.4399919807910919,0.5082992911338806,-0.0684695765376091
0.5630912780761719,0.5070264339447021,-0.40016505122184753
0.45158806443214417,0.5030549168586731,-0.08720359951257706
0.5669878125190735,0.5027884244918823,-0.33394524455070496
0.45072537660598755,0.49914613366127014,-0.04262565076351166
0.5479345321655273,0.5423075556755066,-0.0008368958369828761
0.4658890962600708,0.5411826968193054,0.0008244245545938611
0.5723041296005249,0.6247691512107849,-0.03119720332324505
0.4456850290298462,0.6258562803268433,-0.043133363127708435
0.5652243494987488,0.6863023042678833,0.39690157771110535
0.4469481110572815,0.6872071623802185,0.31228095293045044
0.5523334741592407,0.6942654252052307,0.430727481842041
0.4576031267642975,0.6938517689704895,0.33964085578918457
0.580630362033844,0.7139527797698975,0.26208046078681946
0.4391332268714905,0.715511679649353,0.16103345155715942
-
0.5044255256652832,0.37863093614578247,-0.4446723461151123
0.5126007199287415,0.37203529477119446,-0.41763144731521606
0.5169495344161987,0.3721930980682373,-0.4175952076911926
0.5221400856971741,0.37251192331314087,-0.41762620210647583
0.4963596761226654,0.37259170413017273,-0.4178849458694458
0.49030664563179016,0.37308135628700256,-0.41795212030410767
0.48508021235466003,0.3738197684288025,-0.41790246963500977
0.5303829908370972,0.37778428196907043,-0.24707011878490448
0.4783323407173157,0.37897902727127075,-0.25000321865081787
0.5144819617271423,0.3874083161354065,-0.38101014494895935
0.4945529103279114,0.38763856887817383,-0.3820682168006897
0.577147364616394,0.42673081159591675,-0.1258067488670349
0.44080835580825806,0.42611590027809143,-0.11695540696382523
0.6425256729125977,0.4675985276699066,-0.09644576162099838
0.3772304654121399,0.45792168378829956,-0.006606238428503275
0.5858418345451355,0.5025278925895691,-0.290942907333374
0.4284583330154419,0.4972953200340271,-0.030098814517259598
0.5703423619270325,0.5143653154373169,-0.3258848786354065
0.43855708837509155,0.5088218450546265,-0.05889261141419411
0.5624949932098389,0.5076670050621033,-0.3477530777454376
0.4499059319496155,0.5028772950172424,-0.07790486514568329
0.5664170384407043,0.5033840537071228,-0.30120760202407837
0.4491042196750641,0.49893197417259216,-0.036105163395404816
0.5469558238983154,0.5408691763877869,0.003319550771266222
0.4651375114917755,0.5402851104736328,-0.003324548015370965
0.5745572447776794,0.6263421773910522,-0.028477899730205536
0.4443923532962799,0.6285361051559448,-0.04274330288171768
0.5646851062774658,0.6878309845924377,0.3790194094181061
0.447030633687973,0.6874720454216003,0.32342222332954407
0.5519691705703735,0.6958057880401611,0.41075584292411804
0.4578614830970764,0.6932584643363953,0.35171249508857727
0.5810806155204773,0.7150264978408813,0.24088872969150543
0.439180463552475,0.715502917766571,0.1768457144498825
-
0.5047678351402283,0.37112265825271606,-0.4500819742679596
0.5127965807914734,0.3646042048931122,-0.4245176613330841
0.517076849937439,0.36471039056777954,-0.42449888586997986
0.5222403407096863,0.36498552560806274,-0.4245259463787079
0.4968361258506775,0.3651772737503052,-0.4228522777557373
0.4909616708755493,0.3656507134437561,-0.4229069650173187
0.48581185936927795,0.3662940263748169,-0.42287394404411316
0.5304232835769653,0.3698796033859253,-0.2550771236419678
0.47885996103286743,0.37130752205848694,-0.24882453680038452
0.5148011445999146,0.3804134726524353,-0.3860310912132263
0.4952836334705353,0.38089245557785034,-0.3845062553882599
0.5771278142929077,0.41934633255004883,-0.13961069285869598
0.4400264024734497,0.41894596815109253,-0.11423346400260925
0.6394146084785461,0.45994535088539124,-0.15021267533302307
0.37716856598854065,0.4523557126522064,-0.02474675513803959
0.5860041975975037,0.49396008253097534,-0.37303289771080017
0.4274585247039795,0.49127069115638733,-0.03294866904616356
0.570307731628418,0.5054370164871216,-0.42876946926116943
0.43771082162857056,0.5031147003173828,-0.09319113940000534
0.5625730752944946,0.49870777130126953,-0.44811999797821045
0.4487575888633728,0.49687814712524414,-0.125717893242836
0.5664438605308533,0.4948442578315735,-0.3834095001220703
0.44764572381973267,0.49295783042907715,-0.0550675168633461
0.546360433101654,0.5351158380508423,0.0030400981195271015
0.46458014845848083,0.5359982252120972,-0.003056861227378249
0.5742308497428894,0.622677206993103,-0.024839960038661957
0.4445337653160095,0.6258556246757507,-0.03847198188304901
0.56425940990448,0.6867735385894775,0.39641860127449036
0.44731467962265015,0.68761146068573,0.32961130142211914
0.5519357323646545,0.6945730447769165,0.43004992604255676
0.45819082856178284,0.6941829919815063,0.35726478695869446
0.5813468098640442,0.7144695520401001,0.2572046220302582
0.4391905963420868,0.714688241481781,0.177749365568161
-
0.5056085586547852,0.36947309970855713,-0.4483487010002136
0.5129375457763672,0.3628386855125427,-0.4228593707084656
0.5170931220054626,0.3630966544151306,-0.42283448576927185
0.5221322178840637,0.36363714933395386,-0.4228503704071045
0.4971630573272705,0.36286282539367676,-0.42023247480392456
0.4914139211177826,0.36301523447036743,-0.4202733337879181
0.4861906170845032,0.36354371905326843,-0.4202553927898407
0.53034508228302,0.3694595992565155,-0.2520197033882141
0.47888070344924927,0.36953139305114746,-0.2415916621685028
0.5153077840805054,0.37688159942626953,-0.38358640670776367
0.4962339699268341,0.3761228919029236,-0.38075917959213257
0.5770748853683472,0.41484689712524414,-0.1314399242401123
0.4394402801990509,0.41760650277137756,-0.1063062995672226
0.6378164291381836,0.4535694122314453,-0.14552222192287445
0.3776721656322479,0.45074909925460815,0.006849448662251234
0.586793065071106,0.49044084548950195,-0.37125062942504883
0.42563822865486145,0.4888046383857727,-0.05863647907972336
0.5712040662765503,0.5041500329971313,-0.4089840054512024
0.43484655022621155,0.5022982954978943,-0.09813743084669113
0.5632534623146057,0.4952656328678131,-0.42888695001602173
0.44521254301071167,0.4967203736305237,-0.12586115300655365
0.5667391419410706,0.4906231760978699,-0.3692840039730072
0.4442051649093628,0.4925152361392975,-0.07090301066637039
0.5453590154647827,0.5313481092453003,0.002948352601379156
0.46455928683280945,0.5313665866851807,-0.002962112193927169
0.5698198676109314,0.6217766404151917,-0.034973856061697006
0.44465339183807373,0.6209123134613037,-0.04204462468624115
0.5641292333602905,0.6850993633270264,0.36504411697387695
0.4472973644733429,0.6863923668861389,0.308518648147583
0.5520293712615967,0.6940839886665344,0.39406588673591614
0.4582046568393707,0.6939933896064758,0.3322080969810486
0.5803108811378479,0.7134009599685669,0.24318253993988037
0.43923577666282654,0.7140250205993652,0.12538732588291168
-
0.5055751800537109,0.3486896753311157,-0.44307103753089905
0.5128485560417175,0.3427674472332001,-0.416898250579834
0.5170246958732605,0.34303557872772217,-0.4168715476989746
0.5221017003059387,0.3432754874229431,-0.41688257455825806
0.4970361888408661,0.3430594801902771,-0.41457536816596985
0.4910452663898468,0.34356385469436646,-0.41461214423179626
0.485533744096756,0.3442283272743225,-0.4145854115486145
0.5302955508232117,0.34845906496047974,-0.2481703907251358
0.47862181067466736,0.3508095145225525,-0.2389533519744873
0.5152555704116821,0.3585491180419922,-0.37810567021369934
0.49548110365867615,0.3591780960559845,-0.3756016194820404
0.577048122882843,0.4012330174446106,-0.12725867331027985
0.43883562088012695,0.39890992641448975,-0.1074289083480835
0.6377025842666626,0.44749388098716736,-0.10797445476055145
0.37721261382102966,0.43331557512283325,0.0061133443377912045
0.5836489796638489,0.47732147574424744,-0.25528836250305176
0.42296355962753296,0.47319430112838745,-0.07048355042934418
0.5666463375091553,0.48894262313842773,-0.2936900556087494
0.43333688378334045,0.48547524213790894,-0.10452494025230408
0.5606071949005127,0.4822941720485687,-0.31012433767318726
0.443875789642334,0.4788030683994293,-0.12795457243919373
0.5642828941345215,0.4782025218009949,-0.2596921920776367
0.4426164925098419,0.47496336698532104,-0.07941044867038727
0.5440260767936707,0.519731879234314,0.0033661997877061367
0.4643242657184601,0.5197674632072449,-0.0034799515269696712
0.5639929175376892,0.6091991662979126,0.00522710382938385
0.44502541422843933,0.6110309958457947,-0.03617290034890175
0.5641950964927673,0.6831697821617126,0.3713131248950958
0.44657185673713684,0.6855393052101135,0.2872507870197296
0.5522909164428711,0.6915489435195923,0.39774733781814575
0.4577651619911194,0.6924161314964294,0.3072981834411621
0.5805435180664062,0.7126358151435852,0.21306796371936798
0.4395086467266083,0.7133437991142273,0.10591922700405121
-
0.5046535134315491,0.3346061408519745,-0.4224229156970978
0.5126277208328247,0.3285250961780548,-0.3975682854652405
0.5169694423675537,0.3288150131702423,-0.39753133058547974
0.5219051837921143,0.3290761411190033,-0.39750540256500244
0.496512234210968,0.3284600079059601,-0.39829662442207336
0.4906977713108063,0.3286450505256653,-0.39832547307014465
0.4852580726146698,0.32905519008636475,-0.3983200490474701
0.5302314162254333,0.3340696692466736,-0.22203224897384644
0.4785963296890259,0.33545318245887756,-0.227040097117424
0.5147917866706848,0.34424930810928345,-0.3546878695487976
0.49425286054611206,0.3447875678539276,-0.3561517596244812
0.5766347050666809,0.38471680879592896,-0.07418101280927658
0.4388435482978821,0.38344475626945496,-0.09514082968235016
0.6366434693336487,0.42996883392333984,0.0205540731549263
0.3761581480503082,0.4165213108062744,0.027877354994416237
0.5850066542625427,0.4605390429496765,-0.11230450868606567
0.41715842485427856,0.45496684312820435,-0.027943866327404976
0.5680825114250183,0.4734840989112854,-0.15150949358940125
0.4288712441921234,0.4685203433036804,-0.058532580733299255
0.5625995397567749,0.4673318862915039,-0.1796264499425888
0.4384765923023224,0.4615073800086975,-0.08548563718795776
0.5658054947853088,0.4632796347141266,-0.12427262961864471
0.43674948811531067,0.45755869150161743,-0.03716830536723137
0.541169285774231,0.505060076713562,0.00837029330432415
0.4628472626209259,0.5050449371337891,-0.008572925813496113
0.5613041520118713,0.5959149599075317,-0.007465055212378502
0.4458107054233551,0.5971905589103699,-0.045926518738269806
0.5646504163742065,0.6788393259048462,0.3061988055706024
0.44413065910339355,0.6770704984664917,0.26552289724349976
0.554233968257904,0.6866554021835327,0.32599276304244995
0.4548003673553467,0.6843743920326233,0.28596118092536926
0.5807060599327087,0.7120338082313538,0.12570783495903015
0.4389651417732239,0.7132481932640076,0.08915582299232483
-
0.5034152865409851,0.32485419511795044,-0.4203963279724121
0.5116300582885742,0.3183261752128601,-0.3959484398365021
0.5164693593978882,0.31851908564567566,-0.3959142863750458
0.5206751823425293,0.31871652603149414,-0.3958908021450043
0.49539023637771606,0.31883373856544495,-0.394128680229187
0.4899216890335083,0.31937888264656067,-0.3941441476345062
0.48463618755340576,0.32005074620246887,-0.3941250145435333
0.5289537310600281,0.3238441050052643,-0.22341109812259674
0.47856763005256653,0.3261730372905731,-0.2172231525182724
0.5136639475822449,0.33489540219306946,-0.35462793707847595
0.492639422416687,0.33566999435424805,-0.35309454798698425
0.5766385197639465,0.37691375613212585,-0.0829678550362587
0.43887758255004883,0.3741847276687622,-0.08378662168979645
0.6366571187973022,0.4204438328742981,-0.0714418813586235
0.37471267580986023,0.40716737508773804,-0.003563622711226344
0.5883246064186096,0.45145511627197266,-0.2972620129585266
0.4157668948173523,0.44320836663246155,-0.14966557919979095
0.5716065764427185,0.4645368456840515,-0.3543925881385803
0.4283253252506256,0.4566715657711029,-0.19493171572685242
0.5660604238510132,0.4579124450683594,-0.3798809051513672
0.4369029700756073,0.4494190812110901,-0.21834856271743774
0.5684379935264587,0.45300212502479553,-0.30976733565330505
0.43462520837783813,0.4454624652862549,-0.16028934717178345
0.5403863787651062,0.4948778748512268,0.008056122809648514
0.4620121121406555,0.49471360445022583,-0.008275547996163368
0.5580865740776062,0.5890049338340759,-0.009884543716907501
0.44595518708229065,0.5878562927246094,-0.028288494795560837
0.5646594762802124,0.6698603630065918,0.29784807562828064
0.4422015845775604,0.6679972410202026,0.26770538091659546
0.5542044043540955,0.6792899966239929,0.31741875410079956
0.4525684416294098,0.6758517622947693,0.28665387630462646
0.5822489857673645,0.7021578550338745,0.11616049706935883
0.4362167716026306,0.7022721767425537,0.08647210150957108
-
0.5025224089622498,0.3192736804485321,-0.42092159390449524
0.5106819868087769,0.31277987360954285,-0.3963351845741272
0.515891969203949,0.3130083680152893,-0.3963020443916321
0.5198841691017151,0.3132588267326355,-0.39628177881240845
0.4945651888847351,0.3133069574832916,-0.39376989006996155
0.4893084168434143,0.3137738108634949,-0.39378127455711365
0.48415979743003845,0.31416794657707214,-0.39375045895576477
0.5277839303016663,0.3185863494873047,-0.22946326434612274
0.4781949818134308,0.3199990391731262,-0.21554960310459137
0.513064980506897,0.3283935785293579,-0.35510843992233276
0.49171310663223267,0.3285593092441559,-0.35370418429374695
0.5760038495063782,0.37234818935394287,-0.10563727468252182
0.4387117028236389,0.3672580420970917,-0.07979179173707962
0.6394246816635132,0.4149659276008606,-0.09463192522525787
0.3728316128253937,0.3992205262184143,-0.002050361130386591
0.5890851020812988,0.44609588384628296,-0.2929985225200653
0.41278377175331116,0.43677133321762085,-0.1303004026412964
0.5718109011650085,0.45653286576271057,-0.34669098258018494
0.42489543557167053,0.4484682083129883,-0.17231231927871704
0.5660492777824402,0.44914644956588745,-0.3684755861759186
0.43504172563552856,0.4418817162513733,-0.19554278254508972
0.5686174631118774,0.4445684850215912,-0.30292293429374695
0.4326339662075043,0.4382774829864502,-0.14039814472198486
0.5378124117851257,0.4891362190246582,0.0069726984947919846
0.45833316445350647,0.48832568526268005,-0.007245274260640144
0.5562944412231445,0.5823918581008911,-0.011634581722319126
0.44530194997787476,0.5829818844795227,-0.01884586364030838
0.5639747381210327,0.6598566770553589,0.29848888516426086
0.4410834014415741,0.6611313819885254,0.2706841230392456
0.5528951287269592,0.6697733402252197,0.3187585771083832
0.4527091085910797,0.6706479787826538,0.28933823108673096
0.5822626948356628,0.6903553605079651,0.12335202842950821
0.4285873472690582,0.6907065510749817,0.09238102287054062
-
0.5023120641708374,0.31643494963645935,-0.430273175239563
0.5104125142097473,0.31035366654396057,-0.40689384937286377
0.5157604813575745,0.31056708097457886,-0.40684348344802856
0.5195239186286926,0.3108595013618469,-0.40683940052986145
0.4944715201854706,0.3105819821357727,-0.4003780484199524
0.4892485439777374,0.3109535872936249,-0.4003775417804718
0.4841119050979614,0.31141987442970276,-0.4003368318080902
0.5272656679153442,0.31542715430259705,-0.24650751054286957
0.47817638516426086,0.3161962628364563,-0.21694931387901306
0.5130303502082825,0.32502511143684387,-0.36881959438323975
0.4916802644729614,0.32512933015823364,-0.361230731010437
0.5757067799568176,0.36905336380004883,-0.12881633639335632
0.43871691823005676,0.3649001717567444,-0.08061382174491882
0.6412563920021057,0.4107939302921295,-0.0932970717549324
0.3707762360572815,0.39706629514694214,0.0004171642067376524
0.59190833568573,0.4438316822052002,-0.2855978310108185
0.4121507406234741,0.43452510237693787,-0.12255332618951797
0.573937177658081,0.45538368821144104,-0.3386744558811188
0.42403924465179443,0.4444163739681244,-0.16361692547798157
0.5671180486679077,0.4481896460056305,-0.35599827766418457
0.43433859944343567,0.43814557790756226,-0.18679305911064148
0.56999671459198,0.4441279470920563,-0.29596802592277527
0.4319612383842468,0.4345448613166809,-0.13237878680229187
0.537351667881012,0.48681220412254333,0.005045962519943714
0.4560774564743042,0.4856894612312317,-0.005310184322297573
0.5551671385765076,0.5774258375167847,-0.012505220249295235
0.4445955455303192,0.5807603597640991,-0.008144283667206764
0.561539351940155,0.6524102687835693,0.33755335211753845
0.44075000286102295,0.6556166410446167,0.2879534959793091
0.5486823320388794,0.6623430252075195,0.36280563473701477
0.45259323716163635,0.6646419763565063,0.30613628029823303
0.5802509188652039,0.6853803992271423,0.1668345183134079
0.42842936515808105,0.6838662028312683,0.10108699649572372
-
0.5023034811019897,0.3162674903869629,-0.45623600482940674
0.5104450583457947,0.3097386062145233,-0.43014395236968994
0.5157662630081177,0.3099639117717743,-0.4300890266895294
0.5195112228393555,0.3103644847869873,-0.4300934970378876
0.49449077248573303,0.31000715494155884,-0.426364004611969
0.4892151355743408,0.3104395866394043,-0.42637476325035095
0.4841107130050659,0.3109975755214691,-0.42632201313972473
0.5272431969642639,0.31502777338027954,-0.26205921173095703
0.4781515300273895,0.31580018997192383,-0.24680618941783905
0.513022243976593,0.32605549693107605,-0.39312440156936646
0.49170592427253723,0.3266000747680664,-0.3891107439994812
0.5741217136383057,0.36853641271591187,-0.1425458788871765
0.4386844336986542,0.36508017778396606,-0.11015612632036209
0.641629695892334,0.40994876623153687,-0.09391968697309494
0.3684912919998169,0.3985070586204529,-0.02806607261300087
0.5922405123710632,0.44211339950561523,-0.26981231570243835
0.4111305773258209,0.4348338544368744,-0.12459909915924072
0.5739129781723022,0.45546871423721313,-0.31507420539855957
0.4237246513366699,0.4446566700935364,-0.16480037569999695
0.5669025778770447,0.4480268359184265,-0.3332834541797638
0.43436354398727417,0.43834027647972107,-0.18476198613643646
0.5699983239173889,0.44354453682899475,-0.27767327427864075
0.4313613176345825,0.4352383613586426,-0.13305558264255524
0.5368713736534119,0.48616963624954224,0.004895573947578669
0.4546073377132416,0.4852615296840668,-0.005175302270799875
0.5554827451705933,0.5754653215408325,-0.02078627422451973
0.44178012013435364,0.5793498754501343,-0.013528658077120781
0.561543345451355,0.6509502530097961,0.35361719131469727
0.44077131152153015,0.649478554725647,0.33866754174232483
0.5488695502281189,0.6604834198951721,0.38296937942504883
0.45229852199554443,0.6574370861053467,0.36728450655937195
0.5803532600402832,0.6849855184555054,0.19879993796348572
0.42886289954185486,0.6798180937767029,0.19000624120235443
-
0.5021878480911255,0.3179190158843994,-0.4542112648487091
0.5104795098304749,0.3114665150642395,-0.4289957284927368
0.5157660245895386,0.3117297887802124,-0.4289368987083435
0.519497275352478,0.3120720088481903,-0.42894282937049866
0.49445846676826477,0.3113209307193756,-0.42575523257255554
0.489118754863739,0.31144648790359497,-0.42576348781585693
0.4839556813240051,0.31171712279319763,-0.42572757601737976
0.5272414684295654,0.3172103464603424,-0.26316967606544495
0.4780769348144531,0.31702035665512085,-0.2506706118583679
0.5128289461135864,0.32766222953796387,-0.39164844155311584
0.4915856122970581,0.3278513550758362,-0.38828355073928833
0.5727094411849976,0.3699803352355957,-0.14285576343536377
0.43790504336357117,0.365894079208374,-0.11712460219860077
0.6408802270889282,0.41123685240745544,-0.07779985666275024
0.3666621744632721,0.39952582120895386,-0.03237919136881828
0.5915656089782715,0.444195032119751,-0.19884957373142242
0.4103448987007141,0.43638619780540466,-0.12084318697452545
0.573165774345398,0.4574602246284485,-0.23908670246601105
0.42272093892097473,0.44835400581359863,-0.15630404651165009
0.5657660365104675,0.4500490725040436,-0.26218166947364807
0.4337399899959564,0.4419676661491394,-0.17351433634757996
0.5692045092582703,0.445704847574234,-0.20792926847934723
0.4310498833656311,0.4386984407901764,-0.1276622861623764
0.5362812876701355,0.48794689774513245,0.0045685735531151295
0.4536307454109192,0.487382173538208,-0.004838040564209223
0.5544281601905823,0.5762369632720947,-0.015503516420722008
0.4390508532524109,0.5803639888763428,-0.014865809120237827
0.5598459243774414,0.6534627079963684,0.35516616702079773
0.44086143374443054,0.6500192880630493,0.3368488848209381
0.5482805967330933,0.6621731519699097,0.3830895721912384
0.4516870379447937,0.6574432253837585,0.3637976050376892
0.5786133408546448,0.6852876543998718,0.1988019049167633
0.4293693006038666,0.6808196902275085,0.18678472936153412
-
0.5015819072723389,0.3197251558303833,-0.45827051997184753
0.5099397301673889,0.31347060203552246,-0.43309661746025085
0.5154832601547241,0.31376245617866516,-0.4330562651157379
0.5190683007240295,0.31409773230552673,-0.4330705404281616
0.4939647614955902,0.31341418623924255,-0.4290584921836853
0.48877933621406555,0.31367045640945435,-0.42908066511154175
0.4834829866886139,0.31410104036331177,-0.42905786633491516
0.5267003178596497,0.3194507956504822,-0.2642631232738495
0.4778618812561035,0.3198600709438324,-0.24852576851844788
0.5120174288749695,0.32957881689071655,-0.3945591449737549
0.4907739460468292,0.3297222852706909,-0.3901875913143158
0.5727237462997437,0.37298718094825745,-0.14095593988895416
0.43697577714920044,0.3677096664905548,-0.1140277311205864
0.6382472515106201,0.4147240221500397,-0.09631539136171341
0.3656899333000183,0.40230292081832886,-0.030264494940638542
0.5872438549995422,0.44748473167419434,-0.26441144943237305
0.40743738412857056,0.4398864805698395,-0.12486613541841507
0.569709300994873,0.45979219675064087,-0.31336233019828796
0.41948139667510986,0.4522533416748047,-0.16384848952293396
0.562086284160614,0.4521949291229248,-0.3348870873451233
0.4298829436302185,0.44565343856811523,-0.18546998500823975
0.5660504102706909,0.4480188488960266,-0.2739280164241791
0.4274233877658844,0.4420117437839508,-0.13435453176498413
0.5337127447128296,0.49124011397361755,0.004948738496750593
0.45052993297576904,0.49055513739585876,-0.005196897312998772
0.5534704923629761,0.5793948173522949,-0.007573974318802357
0.4369683265686035,0.5833337903022766,-0.007497950457036495
0.5600106716156006,0.6562691926956177,0.3495021462440491
0.4397851228713989,0.654119610786438,0.33690765500068665
0.5480496883392334,0.6651944518089294,0.3765047788619995
0.45071113109588623,0.6615073084831238,0.36173054575920105
0.5796998143196106,0.6879719495773315,0.19032283127307892
0.4275898039340973,0.6845853328704834,0.17537398636341095
-
0.5008032321929932,0.3214394748210907,-0.4534311592578888
0.5093824863433838,0.31470787525177,-0.4288098216056824
0.5148659944534302,0.31490227580070496,-0.42876583337783813
0.5186850428581238,0.3151072859764099,-0.4287731647491455
0.49358126521110535,0.3148849904537201,-0.4245319366455078
0.4883526563644409,0.31514281034469604,-0.4245535433292389
0.48311224579811096,0.315679669380188,-0.42452675104141235
0.5263904333114624,0.31958043575286865,-0.2529749870300293
0.47752875089645386,0.32135480642318726,-0.24834899604320526
0.5114064812660217,0.3312002122402191,-0.3925798237323761
0.48985955119132996,0.3317810893058777,-0.38636094331741333
0.5725151300430298,0.37471359968185425,-0.11377130448818207
0.4361569285392761,0.3696037232875824,-0.11330907791852951
0.6365785598754883,0.42020171880722046,-0.05784959718585014
0.3645603656768799,0.40444111824035645,-0.027209151536226273
0.5825385451316833,0.45084303617477417,-0.21423085033893585
0.4047117531299591,0.4419229030609131,-0.1257961541414261
0.5676113367080688,0.4599175453186035,-0.2613464593887329
0.41541290283203125,0.4537942409515381,-0.1662997603416443
0.5592501759529114,0.45299020409584045,-0.2795447111129761
0.42694592475891113,0.4465763568878174,-0.1915401667356491
0.5632361769676208,0.44830137491226196,-0.22184431552886963
0.4251066744327545,0.4432782232761383,-0.13687501847743988
0.5306882262229919,0.4946111738681793,0.008000263944268227
0.44882816076278687,0.4931184649467468,-0.008220430463552475
0.5519409775733948,0.581770122051239,0.0007994051557034254
0.43478432297706604,0.5863154530525208,-0.010279620066285133
0.5601819157600403,0.6639357805252075,0.29649513959884644
0.43769875168800354,0.6621981859207153,0.28296956419944763
0.5481393337249756,0.6773121356964111,0.3140330910682678
0.45049136877059937,0.6727744340896606,0.3004375100135803
0.5850882530212402,0.6968563795089722,0.11099569499492645
0.4278060495853424,0.6932093501091003,0.09887301921844482
-
0.5005657076835632,0.33241546154022217,-0.4429207742214203
0.5093702673912048,0.3271566927433014,-0.41391852498054504
0.514860987663269,0.32753992080688477,-0.4139077961444855
0.5186809301376343,0.3278258442878723,-0.4138985574245453
0.4935350716114044,0.3269006013870239,-0.41150182485580444
0.48821139335632324,0.3270811140537262,-0.41149961948394775
0.48290345072746277,0.32727840542793274,-0.4114527702331543
0.526448130607605,0.33187368512153625,-0.22952339053153992
0.4771766662597656,0.33197420835494995,-0.22317932546138763
0.5112192034721375,0.3414200246334076,-0.3754231035709381
0.48931485414505005,0.3412275016307831,-0.37225955724716187
0.571388304233551,0.3842564821243286,-0.10952204465866089
0.43477165699005127,0.3814474940299988,-0.0658353865146637
0.6339825987815857,0.4295991063117981,-0.06334789097309113
0.3640786111354828,0.41251641511917114,0.03533502295613289
0.5807005167007446,0.46122151613235474,-0.23812946677207947
0.4049615263938904,0.45135387778282166,-0.08602254837751389
0.5652189254760742,0.47034716606140137,-0.2910667657852173
0.41539907455444336,0.46180930733680725,-0.13029265403747559
0.5577561855316162,0.46502184867858887,-0.3165687024593353
0.42556139826774597,0.45662349462509155,-0.16038058698177338
0.5620914101600647,0.46117502450942993,-0.24918539822101593
0.4238443076610565,0.45311203598976135,-0.09969829767942429
0.5294109582901001,0.505299985408783,-0.008149897679686546
0.4475002586841583,0.5045692920684814,0.007966235280036926
0.5493037104606628,0.5910549163818359,-0.017544224858283997
0.43284234404563904,0.5972651243209839,-0.018670914694666862
0.560492992401123,0.673450767993927,0.28439271450042725
0.4351145327091217,0.6778892874717712,0.277839720249176
0.5512499213218689,0.68574059009552,0.3030315935611725
0.44887152314186096,0.6888021230697632,0.2960384488105774
0.5781956911087036,0.7079297304153442,0.09070144593715668
0.4253367483615875,0.710182249546051,0.09656094759702682
-
0.4998196065425873,0.34825408458709717,-0.3713095486164093
0.5089665055274963,0.3424960970878601,-0.34382927417755127
0.5145757794380188,0.3429076671600342,-0.3438352942466736
0.518489420413971,0.34317126870155334,-0.34382501244544983
0.4926290214061737,0.34206992387771606,-0.3423760235309601
0.4874313473701477,0.3421819508075714,-0.34237539768218994
0.48212188482284546,0.3423505127429962,-0.3423314690589905
0.5261639356613159,0.3477553725242615,-0.17292238771915436
0.476826936006546,0.34752601385116577,-0.16718478500843048
0.5104036927223206,0.35808807611465454,-0.3077073097229004
0.4888077974319458,0.35806983709335327,-0.3062259554862976
0.5692164301872253,0.3965339958667755,-0.07615715265274048
0.4342658221721649,0.39573708176612854,-0.03134952113032341
0.6295470595359802,0.4375759959220886,-0.06172353774309158
0.36428338289260864,0.42389583587646484,0.030960960313677788
0.5781578421592712,0.47131338715553284,-0.25339752435684204
0.4048820436000824,0.4628755450248718,-0.10225217789411545
0.5617724657058716,0.481668621301651,-0.309557169675827
0.4150436520576477,0.47302597761154175,-0.15140953660011292
0.5554215312004089,0.4763953685760498,-0.3348248302936554
0.4250197410583496,0.4685586094856262,-0.1814185082912445
0.5597406029701233,0.4730144441127777,-0.265592098236084
0.42346635460853577,0.46528249979019165,-0.11822444200515747
0.5285160541534424,0.5175372362136841,-0.00883477833122015
0.4470086693763733,0.5178223848342896,0.00870249792933464
0.5486429929733276,0.6032995581626892,-0.019971240311861038
0.4312130808830261,0.6068919897079468,-0.024522610008716583
0.5598665475845337,0.684831976890564,0.21570953726768494
0.4332974851131439,0.6886722445487976,0.20904117822647095
0.5510202050209045,0.6981624364852905,0.2272133231163025
0.445073664188385,0.6997133493423462,0.22054080665111542
0.5766945481300354,0.7138086557388306,0.019203247502446175
0.4258200228214264,0.7182790040969849,0.023401455953717232
-
0.4998948872089386,0.3603832721710205,-0.39055198431015015
0.5089778304100037,0.3540969491004944,-0.3624868094921112
0.5145494341850281,0.3545788824558258,-0.36248788237571716
0.518395721912384,0.3550230860710144,-0.362486869096756
0.49264585971832275,0.3538343906402588,-0.36287516355514526
0.4874245822429657,0.3540286123752594,-0.3628884255886078
0.48213860392570496,0.35427528619766235,-0.362848162651062
0.52521812915802,0.3606022000312805,-0.19041487574577332
0.47619688510894775,0.3604373335838318,-0.18956877291202545
0.5102938413619995,0.37041711807250977,-0.3265060484409332
0.4888167977333069,0.37016767263412476,-0.32721468806266785
0.5670674443244934,0.40989166498184204,-0.08695074170827866
0.4297557473182678,0.408466100692749,-0.041909001767635345
0.6271331906318665,0.45048394799232483,-0.11582162976264954
0.36442768573760986,0.4400455057621002,-0.05954693257808685
0.5726556777954102,0.48392805457115173,-0.3274889290332794
0.4056076407432556,0.47783198952674866,-0.22876589000225067
0.5558820366859436,0.4957028925418854,-0.38543301820755005
0.4154335558414459,0.48948878049850464,-0.28053542971611023
0.5502423048019409,0.4892316460609436,-0.4053071439266205
0.42550238966941833,0.48450952768325806,-0.30247700214385986
0.5554965734481812,0.48520827293395996,-0.33840471506118774
0.42368969321250916,0.4811514914035797,-0.24128057062625885
0.5277199745178223,0.529947817325592,-0.00804915651679039
0.44554832577705383,0.5308419466018677,0.007925417274236679
0.5477946996688843,0.6125773191452026,0.003969463985413313
0.43008095026016235,0.6156113743782043,0.009873232804238796
0.5594852566719055,0.6879123449325562,0.2575550675392151
0.4325687289237976,0.6941992044448853,0.24439716339111328
0.5508614182472229,0.7010232210159302,0.27328428626060486
0.4450024366378784,0.7048472762107849,0.26156747341156006
0.5752983093261719,0.7147852182388306,0.07484214752912521
0.42402344942092896,0.7212992310523987,0.06582064926624298
-
0.49990028142929077,0.3670428991317749,-0.39674779772758484
0.5089794397354126,0.36025479435920715,-0.3701823651790619
0.5145354866981506,0.3605780005455017,-0.3701437711715698
0.518359899520874,0.36096706986427307,-0.37014591693878174
0.49264347553253174,0.3599681258201599,-0.3667553663253784
0.4874090850353241,0.3600650429725647,-0.3667621314525604
0.48213234543800354,0.36038413643836975,-0.36677008867263794
0.5252239108085632,0.3657926619052887,-0.19775106012821198
0.47582417726516724,0.36568012833595276,-0.20322416722774506
0.5102965235710144,0.3764926791191101,-0.3308139443397522
0.4888295531272888,0.3763445019721985,-0.33079129457473755
0.5670499801635742,0.41651663184165955,-0.10203012079000473
0.42847710847854614,0.4152170717716217,-0.08388065546751022
0.6261847615242004,0.4622810482978821,-0.14561232924461365
0.364285409450531,0.44950932264328003,-0.092011958360672
0.5702260136604309,0.49340391159057617,-0.37692010402679443
0.40585941076278687,0.4871748387813568,-0.27707207202911377
0.5533193945884705,0.5048786401748657,-0.4380244314670563
0.4149242043495178,0.49927347898483276,-0.3293607234954834
0.5462685823440552,0.4993249773979187,-0.4522566795349121
0.42567795515060425,0.4932246208190918,-0.3489874601364136
0.5510405898094177,0.49579864740371704,-0.38524872064590454
0.4242142140865326,0.48951107263565063,-0.2880788743495941
0.5265722274780273,0.5359789133071899,-0.00012777509982697666
0.44419729709625244,0.5361373424530029,2.003855843213387e-05
0.5485448837280273,0.6185339689254761,-0.0011576536344364285
0.42825034260749817,0.6197525858879089,0.0023528605233877897
0.5593191981315613,0.6918387413024902,0.269250750541687
0.43219053745269775,0.6926174759864807,0.25568684935569763
0.5506331324577332,0.704928457736969,0.287415474653244
0.44312727451324463,0.7018617987632751,0.2731664776802063
0.5848581790924072,0.7166112661361694,0.09176871180534363
0.42430517077445984,0.7214182615280151,0.08113166689872742
-
0.49987107515335083,0.3692173361778259,-0.4367835223674774
0.5086337924003601,0.3623884916305542,-0.41077402234077454
0.514266312122345,0.3625444769859314,-0.4107693135738373
0.5180336833000183,0.3628727197647095,-0.4107813537120819
0.4924241304397583,0.3626483678817749,-0.4106152355670929
0.4872908592224121,0.3629356622695923,-0.4106384217739105
0.48202773928642273,0.36352187395095825,-0.41060319542884827
0.5250404477119446,0.368611603975296,-0.2404908686876297
0.47523918747901917,0.36918073892593384,-0.24551476538181305
0.5102968811988831,0.3777979016304016,-0.37228134274482727
0.4889010190963745,0.3775971829891205,-0.37375718355178833
0.5670078992843628,0.41785842180252075,-0.13556012511253357
0.42556241154670715,0.4152694344520569,-0.10646674782037735
0.621557891368866,0.466754674911499,-0.12295374274253845
0.3645591735839844,0.44892168045043945,-0.025942113250494003
0.5514799356460571,0.5001683831214905,-0.3398725688457489
0.4059140086174011,0.48829564452171326,-0.07923658192157745
0.5311034917831421,0.5086168646812439,-0.39177700877189636
0.41503462195396423,0.49968552589416504,-0.11328327655792236
0.5217545628547668,0.5035144686698914,-0.4139619469642639
0.42572715878486633,0.4936549663543701,-0.1374591737985611
0.5264089107513428,0.4980696141719818,-0.3480577766895294
0.4246618151664734,0.4897725582122803,-0.08876951783895493
0.5249797105789185,0.5349349975585938,0.0007785566849634051
0.44347691535949707,0.5343219041824341,-0.0008336342871189117
0.5493675470352173,0.618826687335968,0.0007080078939907253
0.42736145853996277,0.6196519136428833,-0.0028835732955485582
0.5593545436859131,0.6914907097816467,0.297009140253067
0.43181169033050537,0.6918743252754211,0.2576773762702942
0.5502690076828003,0.7022426128387451,0.31734955310821533
0.442585289478302,0.699992299079895,0.2762216031551361
0.58431077003479,0.7161991596221924,0.12361679971218109
0.42452844977378845,0.7206820249557495,0.08731143921613693
-
0.49840134382247925,0.36754876375198364,-0.43425437808036804
0.507107138633728,0.36097097396850586,-0.4078773856163025
0.5128682255744934,0.36109039187431335,-0.40786775946617126
0.5170722603797913,0.3612937331199646,-0.4078751504421234
0.4911392629146576,0.36126118898391724,-0.4072788655757904
0.48591965436935425,0.36177292466163635,-0.4073006510734558
0.48044031858444214,0.3623397946357727,-0.4072631895542145
0.5235088467597961,0.3665439784526825,-0.2384200394153595
0.47452056407928467,0.36754459142684937,-0.23870226740837097
0.5088859796524048,0.3767135441303253,-0.3697293698787689
0.487787127494812,0.37653568387031555,-0.3703664541244507
0.5668474435806274,0.4161159098148346,-0.13200587034225464
0.42567306756973267,0.41265416145324707,-0.1014857292175293
0.6214826703071594,0.46219301223754883,-0.06237977743148804
0.364610880613327,0.4454377591609955,-0.008386505767703056
0.5561778545379639,0.49537643790245056,-0.19448330998420715
0.40566855669021606,0.4847378134727478,-0.08020258694887161
0.5383870601654053,0.5047251582145691,-0.23731347918510437
0.41497763991355896,0.49700242280960083,-0.11652632802724838
0.5306352972984314,0.4987766742706299,-0.25969940423965454
0.42551204562187195,0.49127763509750366,-0.14105811715126038
0.5350534915924072,0.4947883188724518,-0.20331919193267822
0.42448538541793823,0.4873039126396179,-0.0905093178153038
0.5245188474655151,0.532593846321106,0.0007624475401826203
0.4434332847595215,0.5321138501167297,-0.0008206004276871681
0.5495699048042297,0.6176513433456421,0.025382695719599724
0.4274022877216339,0.6193736791610718,-0.004989018198102713
0.5594079494476318,0.6935169696807861,0.3110012710094452
0.43125060200691223,0.6927774548530579,0.24850139021873474
0.5504971742630005,0.7027040123939514,0.3298734128475189
0.4411846101284027,0.7014045119285583,0.2641986906528473
0.5820916295051575,0.7173314094543457,0.13932490348815918
0.42472022771835327,0.7201777100563049,0.07261986285448074
-
0.4982730746269226,0.3637927770614624,-0.4338970184326172
0.5068870186805725,0.35706156492233276,-0.40624549984931946
0.5126819610595703,0.35727259516716003,-0.4062337279319763
0.5168463587760925,0.35765543580055237,-0.40623795986175537
0.49075958132743835,0.35705846548080444,-0.4054829478263855
0.48555129766464233,0.35738080739974976,-0.4055066406726837
0.47997143864631653,0.35785073041915894,-0.40547019243240356
0.5232065916061401,0.3629915118217468,-0.23758266866207123
0.47424307465553284,0.36333584785461426,-0.2383977323770523
0.5085069537162781,0.37361347675323486,-0.36939066648483276
0.48773109912872314,0.37362584471702576,-0.3688175082206726
0.5665886998176575,0.41275161504745483,-0.11604803055524826
0.4254407584667206,0.4097752571105957,-0.1046890914440155
0.6214123368263245,0.4567593038082123,-0.022095277905464172
0.3642062842845917,0.44187432527542114,-0.004064197186380625
0.5599266886711121,0.48977407813072205,-0.13862262666225433
0.40496474504470825,0.4810335040092468,-0.05604003742337227
0.5420125722885132,0.49995484948158264,-0.17805702984333038
0.41413426399230957,0.49371737241744995,-0.0874771773815155
0.5332023501396179,0.49390512704849243,-0.20302164554595947
0.4246296286582947,0.4879496991634369,-0.11180538684129715
0.5380544662475586,0.4900934100151062,-0.1486842930316925
0.42374783754348755,0.4838278889656067,-0.06533817946910858
0.5246906280517578,0.5305379033088684,0.002381524769589305
0.4429434835910797,0.5305108428001404,-0.0024200351908802986
0.5496737957000732,0.6151310205459595,0.03032015450298786
0.42782101035118103,0.6175557971000671,-0.009291975758969784
0.5596608519554138,0.6925476789474487,0.31794655323028564
0.43051058053970337,0.6920449137687683,0.23825646936893463
0.5505375266075134,0.7021216154098511,0.3368123769760132
0.440323144197464,0.7004703283309937,0.2537812292575836
0.5820053815841675,0.7175918817520142,0.1486636847257614
0.42441627383232117,0.7201793193817139,0.061249103397130966
-
0.4977835416793823,0.3618336617946625,-0.4315444231033325
0.5064412951469421,0.35499855875968933,-0.40562736988067627
0.5123386979103088,0.35518568754196167,-0.40561574697494507
0.516622006893158,0.3555050492286682,-0.405617356300354
0.49001210927963257,0.35490745306015015,-0.4046810567378998
0.4847632944583893,0.35514676570892334,-0.404701828956604
0.47917312383651733,0.35555121302604675,-0.40465930104255676
0.5227978825569153,0.36036282777786255,-0.23648668825626373
0.4738132357597351,0.36080148816108704,-0.23620310425758362
0.5083182454109192,0.3716011643409729,-0.36560341715812683
0.487699031829834,0.37165218591690063,-0.3653048276901245
0.5664252638816833,0.41028690338134766,-0.10229241847991943
0.425763875246048,0.40743494033813477,-0.10263781249523163
0.6221355199813843,0.4544064998626709,-0.03415805101394653
0.36340731382369995,0.44128328561782837,-0.005479206796735525
0.563377320766449,0.4896514415740967,-0.18336792290210724
0.4042535424232483,0.4789222776889801,-0.08674731105566025
0.5468028783798218,0.49954429268836975,-0.22842375934123993
0.41310569643974304,0.49143949151039124,-0.12313207983970642
0.5382677912712097,0.4936493933200836,-0.25015321373939514
0.42376866936683655,0.4857078492641449,-0.1474524438381195
0.5422365069389343,0.48911571502685547,-0.19255797564983368
0.4228859841823578,0.4815351366996765,-0.09680088609457016
0.5249775052070618,0.5286432504653931,0.003045787336304784
0.44312384724617004,0.5283104777336121,-0.0030929851345717907
0.5493507385253906,0.6132985353469849,0.020356955006718636
0.4294220507144928,0.6157336235046387,-0.02602398954331875
0.5596831440925598,0.6915121674537659,0.2531144618988037
0.4305727779865265,0.6912955641746521,0.19275949895381927
0.5505186319351196,0.7015541791915894,0.2649895250797272
0.44027450680732727,0.6993132829666138,0.20388130843639374
0.582485020160675,0.7167907357215881,0.06467925757169724
0.4248296618461609,0.7208114862442017,0.004801362287253141
-
0.4969060719013214,0.3603575825691223,-0.4036174714565277
0.5060502290725708,0.3536178469657898,-0.3813694417476654
0.5121152400970459,0.3538317084312439,-0.38134312629699707
0.5165166854858398,0.3541274964809418,-0.38133567571640015
0.489141047000885,0.3535366654396057,-0.38103002309799194
0.483742356300354,0.3537602424621582,-0.381064236164093
0.4782537817955017,0.35414785146713257,-0.38105037808418274
0.5227540135383606,0.359014630317688,-0.2151302695274353
0.47343572974205017,0.35947680473327637,-0.21528029441833496
0.5078746676445007,0.3700549006462097,-0.3385448753833771
0.48724547028541565,0.3700656592845917,-0.33869364857673645
0.5663980841636658,0.41000837087631226,-0.07505442202091217
0.42586997151374817,0.4068881869316101,-0.08446761220693588
0.6222951412200928,0.45246776938438416,-0.0210995115339756
0.36291584372520447,0.4383707046508789,0.0010990215232595801
0.5704351663589478,0.4826087951660156,-0.18536919355392456
0.4041505455970764,0.475581556558609,-0.09107988327741623
0.5544320344924927,0.49148717522621155,-0.2321719080209732
0.4126545488834381,0.48510846495628357,-0.12716813385486603
0.5472263097763062,0.4867266118526459,-0.2534012794494629
0.42337384819984436,0.4800888001918793,-0.15260010957717896
0.5501337051391602,0.483612596988678,-0.19471628963947296
0.4224493205547333,0.4768567979335785,-0.1011229082942009
0.5260676145553589,0.5263675451278687,0.00731156999245286
0.4446379840373993,0.5268176794052124,-0.00738998968154192
0.54817795753479,0.6121091246604919,0.018024537712335587
0.43242958188056946,0.6140375137329102,-0.03330978378653526
0.5595762729644775,0.6907380223274231,0.21538914740085602
0.43026003241539,0.6908020377159119,0.15075252950191498
0.5504867434501648,0.7011810541152954,0.2235904484987259
0.43918290734291077,0.6988343596458435,0.15762335062026978
0.5824402570724487,0.7160235643386841,0.024475794285535812
0.4255799651145935,0.7208477258682251,-0.04350260645151138
-
0.49610811471939087,0.35972005128860474,-0.4044613838195801
0.5054819583892822,0.3529662489891052,-0.3826352059841156
0.5116523504257202,0.3531733751296997,-0.3826061189174652
0.5162600874900818,0.3534354567527771,-0.38260459899902344
0.4883643686771393,0.3528527021408081,-0.38232311606407166
0.48281511664390564,0.3530368506908417,-0.3823590576648712
0.47746899724006653,0.3533917963504791,-0.3823474943637848
0.5224570631980896,0.3582710325717926,-0.2151149958372116
0.47300758957862854,0.35869714617729187,-0.2151792347431183
0.5071672201156616,0.369302898645401,-0.3386768102645874
0.4866422116756439,0.3693384826183319,-0.33887946605682373
0.5663837194442749,0.4084697365760803,-0.06866839528083801
0.426039457321167,0.4056386351585388,-0.08177787065505981
0.6241464614868164,0.44928446412086487,0.002774145919829607
0.361770361661911,0.4350152611732483,0.00309048336930573
0.5752095580101013,0.4781138300895691,-0.14206981658935547
0.4038718044757843,0.4716930389404297,-0.09012916684150696
0.5590692758560181,0.48646634817123413,-0.18551109731197357
0.41240641474723816,0.4807552397251129,-0.1251223087310791
0.5517773628234863,0.4824109971523285,-0.20709297060966492
0.42304226756095886,0.4756920337677002,-0.15121594071388245
0.5547217726707458,0.47973817586898804,-0.15092463791370392
0.4218987822532654,0.4725087583065033,-0.10008209198713303
0.5265902876853943,0.5233950614929199,0.010528504848480225
0.4459148943424225,0.5241285562515259,-0.01061500795185566
0.5461730360984802,0.6085497736930847,0.016669169068336487
0.4358566999435425,0.6122885346412659,-0.031741391867399216
0.5595359206199646,0.6906980276107788,0.19226987659931183
0.43010592460632324,0.6902874708175659,0.15901319682598114
0.5503832101821899,0.7011983394622803,0.19911745190620422
0.4390835165977478,0.6984461545944214,0.16651292145252228
0.5823909044265747,0.7165122628211975,-0.0022489065304398537
0.4256441295146942,0.7208000421524048,-0.033736683428287506
-
0.49605149030685425,0.3599664568901062,-0.3930225372314453
0.5054470300674438,0.35287582874298096,-0.3729112446308136
0.5116264820098877,0.3530040383338928,-0.37286871671676636
0.51622474193573,0.3532315790653229,-0.37286946177482605
0.48823297023773193,0.35284891724586487,-0.373881459236145
0.48266008496284485,0.3530736565589905,-0.37393492460250854
0.47735071182250977,0.3534567058086395,-0.3739337623119354
0.5223308801651001,0.3577282726764679,-0.20896901190280914
0.47289615869522095,0.3582896590232849,-0.21401681005954742
0.5071476697921753,0.369486927986145,-0.32799065113067627
0.4866352081298828,0.36964526772499084,-0.32991817593574524
0.5663354396820068,0.40748992562294006,-0.059147872030735016
0.42620158195495605,0.40486907958984375,-0.08207698911428452
0.6249330043792725,0.44634905457496643,0.016788678243756294
0.35908469557762146,0.43351083993911743,0.003720211563631892
0.5778520107269287,0.4765729010105133,-0.116042360663414
0.4033370614051819,0.4690104126930237,-0.0550573393702507
0.5606387257575989,0.48533469438552856,-0.15516725182533264
0.4122532308101654,0.47791343927383423,-0.08146272599697113
0.5540386438369751,0.48080381751060486,-0.17511102557182312
0.42298758029937744,0.47299593687057495,-0.10411711037158966
0.5574479103088379,0.478181928396225,-0.12408578395843506
0.42166632413864136,0.46985721588134766,-0.06189606338739395
0.5271233916282654,0.5224856734275818,0.01700432039797306
0.44712817668914795,0.5232759714126587,-0.01710442081093788
0.5461005568504333,0.6082180738449097,0.0149263646453619
0.43855634331703186,0.6114160418510437,-0.04055509716272354
0.5594674944877625,0.6909825205802917,0.16313673555850983
0.4299381375312805,0.6901458501815796,0.12701936066150665
0.5502883195877075,0.7018496990203857,0.1676853448152542
0.43862757086753845,0.6985636949539185,0.13268603384494781
0.5834783315658569,0.7168296575546265,-0.02165222354233265
0.42556753754615784,0.720291018486023,-0.058698978275060654
-
0.4957064688205719,0.3622775375843048,-0.36576199531555176
0.505055844783783,0.35496729612350464,-0.3459911346435547
0.5112015604972839,0.3550252318382263,-0.3459557592868805
0.515836775302887,0.3550877869129181,-0.3459573984146118
0.487914115190506,0.3552183508872986,-0.3481443524360657
0.48235946893692017,0.3553745746612549,-0.3481864631175995
0.47704848647117615,0.3555944561958313,-0.34818124771118164
0.5215842127799988,0.35870224237442017,-0.18832458555698395
0.47270455956459045,0.35939332842826843,-0.19970111548900604
0.5066307783126831,0.3714374899864197,-0.30351394414901733
0.48612135648727417,0.3715960681438446,-0.3069314658641815
0.5662065744400024,0.40697774291038513,-0.05078132823109627
0.42603957653045654,0.404491662979126,-0.08248230814933777
0.6250057220458984,0.44590553641319275,-0.001237135729752481
0.3569421172142029,0.43377619981765747,-0.013900233432650566
0.5795698165893555,0.47634950280189514,-0.15607328712940216
0.4037470519542694,0.469033807516098,-0.07314641773700714
0.5623734593391418,0.4855441451072693,-0.19975979626178741
0.4135960042476654,0.47825831174850464,-0.10285036265850067
0.5556277632713318,0.48082107305526733,-0.2185479700565338
0.4249570667743683,0.4731626510620117,-0.12365208566188812
0.5592877864837646,0.47802257537841797,-0.16448554396629333
0.4234628975391388,0.4699940085411072,-0.08067020773887634
0.528562605381012,0.5224171280860901,0.021392052993178368
0.44954049587249756,0.5232185125350952,-0.021504849195480347
0.5462786555290222,0.6081173419952393,0.014276677742600441
0.4390416443347931,0.6113022565841675,-0.03757745027542114
0.560006856918335,0.6915410757064819,0.15098640322685242
0.4297313988208771,0.6901756525039673,0.11940725147724152
0.5502763390541077,0.7027587890625,0.15456505119800568
0.43843185901641846,0.698715090751648,0.12410744279623032
0.5878530144691467,0.7166581153869629,-0.021917011588811874
0.425325483083725,0.7199020981788635,-0.057258617132902145
-
0.4956246614456177,0.3648543953895569,-0.40706104040145874
0.50483238697052,0.3573513627052307,-0.38811179995536804
0.5108750462532043,0.35735219717025757,-0.38808026909828186
0.5154622197151184,0.35737961530685425,-0.38809141516685486
0.487850159406662,0.3573891520500183,-0.3914751708507538
0.4823087453842163,0.3574880361557007,-0.391512393951416
0.4768963158130646,0.3576245903968811,-0.3914841413497925
0.5209980607032776,0.36032935976982117,-0.22147589921951294
0.4723091423511505,0.3610217869281769,-0.237320214509964
0.5063959360122681,0.3733491599559784,-0.33970338106155396
0.48579296469688416,0.3731216788291931,-0.34516677260398865
0.5662203431129456,0.40667447447776794,-0.05911928415298462
0.4253769814968109,0.4048411250114441,-0.10467725247144699
0.6251274347305298,0.4459230303764343,-0.0023677051067352295
0.35709840059280396,0.43745988607406616,-0.029848724603652954
0.57966548204422,0.47753629088401794,-0.14188608527183533
0.4064895212650299,0.473332941532135,-0.10888566076755524
0.5625024437904358,0.4869963526725769,-0.18423470854759216
0.4174988269805908,0.48327746987342834,-0.13956354558467865
0.5556695461273193,0.48163777589797974,-0.20597635209560394
0.4280604422092438,0.4770525395870209,-0.1616099625825882
0.5595012307167053,0.47873654961586,-0.15086524188518524
0.42621278762817383,0.4738200604915619,-0.11613054573535919
0.5294094681739807,0.5226954221725464,0.019566867500543594
0.45092812180519104,0.5236307382583618,-0.019704069942235947
0.5463816523551941,0.6080415844917297,0.015600166283547878
0.43900027871131897,0.6112046837806702,-0.031340595334768295
0.5603122115135193,0.6919370889663696,0.16974937915802002
0.4296113848686218,0.6903020739555359,0.14723464846611023
0.5502573251724243,0.7030260562896729,0.1747148185968399
0.4381698966026306,0.6990184783935547,0.15433190762996674
0.5876264572143555,0.71699059009552,-0.01148965209722519
0.4249587953090668,0.7196927666664124,-0.03201119229197502
-
0.49557554721832275,0.36728423833847046,-0.4665265679359436
0.5046083331108093,0.3594678044319153,-0.44739946722984314
0.5104917883872986,0.3593437075614929,-0.4473767876625061
0.5150594115257263,0.3592034578323364,-0.44738295674324036
0.48771148920059204,0.3595930337905884,-0.4492591917514801
0.4821924865245819,0.35962775349617004,-0.44929617643356323
0.47668805718421936,0.3596588969230652,-0.44926193356513977
0.5207089185714722,0.3616015613079071,-0.2738375663757324
0.4714081287384033,0.36266595125198364,-0.28399860858917236
0.5062616467475891,0.37499383091926575,-0.3962723910808563
0.48547908663749695,0.37475907802581787,-0.39961355924606323
0.5663221478462219,0.4064955711364746,-0.11633476614952087
0.4254499077796936,0.40510183572769165,-0.13435962796211243
0.6250367760658264,0.4465145170688629,-0.03629239276051521
0.3599018454551697,0.43944406509399414,-0.07633960992097855
0.5782079696655273,0.48056474328041077,-0.17656558752059937
0.41141369938850403,0.4765576720237732,-0.21291829645633698
0.5610160827636719,0.49154338240623474,-0.222328782081604
0.4230504035949707,0.4872993528842926,-0.2560528516769409
0.5543924570083618,0.4851296842098236,-0.252028226852417
0.433776319026947,0.4811861515045166,-0.2807755768299103
0.5585365891456604,0.4816632866859436,-0.18816767632961273
0.43172210454940796,0.4777584969997406,-0.2229968160390854
0.5313385725021362,0.522741436958313,0.01336741168051958
0.452645868062973,0.523520290851593,-0.013423449359834194
0.546452522277832,0.6079990267753601,0.02543557435274124
0.43886494636535645,0.6113352179527283,-0.004544463939964771
0.5603980422019958,0.6917644739151001,0.19044530391693115
0.42963820695877075,0.6903640627861023,0.1712142676115036
0.5503031611442566,0.7028124928474426,0.1996343582868576
0.43825632333755493,0.6989911794662476,0.17578232288360596
0.5873671770095825,0.7169109582901001,0.0101421307772398
0.4236493408679962,0.7197648286819458,-0.015887005254626274
-
0.49543070793151855,0.36969003081321716,-0.44589656591415405
0.5042641758918762,0.3612832725048065,-0.42638343572616577
0.5098968148231506,0.36101198196411133,-0.42636409401893616
0.514397919178009,0.360763281583786,-0.4263724982738495
0.4875771105289459,0.3614853024482727,-0.4274594485759735
0.48211637139320374,0.36129552125930786,-0.4274953603744507
0.47660958766937256,0.3611524701118469,-0.4274667501449585
0.5201083421707153,0.36263221502304077,-0.25723373889923096
0.4710979461669922,0.3637928068637848,-0.2635659873485565
0.5060145258903503,0.37689265608787537,-0.3780776858329773
0.48533520102500916,0.37676671147346497,-0.38028648495674133
0.5665079951286316,0.40576744079589844,-0.10873575508594513
0.4254899322986603,0.404945433139801,-0.12122518569231033
0.624629557132721,0.44676217436790466,-0.029669253155589104
0.361571729183197,0.440091997385025,-0.05361185967922211
0.5777642130851746,0.4805498719215393,-0.17572425305843353
0.41255006194114685,0.4769050180912018,-0.17266134917736053
0.5609241127967834,0.49174365401268005,-0.22129575908184052
0.4242078959941864,0.48826560378074646,-0.21100783348083496
0.5542752742767334,0.485161691904068,-0.24957476556301117
0.4350491464138031,0.4815084934234619,-0.23578180372714996
0.5584237575531006,0.48165932297706604,-0.18670709431171417
0.43292325735092163,0.47796812653541565,-0.1821444034576416
0.5329386591911316,0.5226728916168213,0.01272685918956995
0.45444706082344055,0.5233865976333618,-0.012757686898112297
0.5467032194137573,0.6078521609306335,0.023652847856283188
0.4388597309589386,0.611315131187439,-0.005530302878469229
0.5603898763656616,0.691524088382721,0.16421297192573547
0.429651141166687,0.6908738017082214,0.1362573355436325
0.5503037571907043,0.7025398015975952,0.1685776710510254
0.4382968842983246,0.699557363986969,0.14026948809623718
0.5873845219612122,0.7168358564376831,-0.016748012974858284
0.4236866533756256,0.7205708026885986,-0.049146853387355804
-
0.4954310655593872,0.3717500567436218,-0.4472894072532654
0.50423663854599,0.36317938566207886,-0.42962685227394104
0.509827196598053,0.3627112805843353,-0.4296126067638397
0.5142419934272766,0.3623347282409668,-0.42963236570358276
0.487549364566803,0.3634609878063202,-0.4309605360031128
0.48210668563842773,0.3630872368812561,-0.430987685918808
0.47657716274261475,0.3627479672431946,-0.43094462156295776
0.520028829574585,0.3636217415332794,-0.2604812979698181
0.4708368480205536,0.3649194836616516,-0.26816365122795105
0.5060209631919861,0.37857872247695923,-0.37831851840019226
0.48528823256492615,0.37844446301460266,-0.38074415922164917
0.5666949152946472,0.40529412031173706,-0.10858399420976639
0.42552104592323303,0.40486031770706177,-0.1166815236210823
0.6246419548988342,0.4467594027519226,-0.039593905210494995
0.3625834286212921,0.4399922490119934,-0.04639981687068939
0.5768684148788452,0.4804927408695221,-0.20328296720981598
0.413308322429657,0.4769321084022522,-0.15413546562194824
0.5605477690696716,0.49157261848449707,-0.25078433752059937
0.42489662766456604,0.48858842253685,-0.1908055692911148
0.5539161562919617,0.48508721590042114,-0.2750411927700043
0.4359026253223419,0.48153185844421387,-0.21500784158706665
0.5578603744506836,0.4815445840358734,-0.21282032132148743
0.4339374899864197,0.47793418169021606,-0.1632670760154724
0.5340001583099365,0.522102952003479,0.01056921947747469
0.4554993212223053,0.5230739712715149,-0.010566719807684422
0.5469798445701599,0.6067566871643066,0.002925408538430929
0.43935638666152954,0.6108719706535339,-0.021638812497258186
0.5603109002113342,0.6913706660270691,0.1363181471824646
0.429781436920166,0.6908391118049622,0.12241274863481522
0.5501168966293335,0.7024403810501099,0.13966584205627441
0.4385150372982025,0.699673056602478,0.12673024833202362
0.5880420804023743,0.7167640924453735,-0.04379215091466904
0.42372602224349976,0.7204564213752747,-0.059804853051900864
-
0.4941696524620056,0.3724576532840729,-0.44957077503204346
0.50321364402771,0.36392533779144287,-0.43244895339012146
0.5088639855384827,0.36328616738319397,-0.4324343502521515
0.5134345293045044,0.36279812455177307,-0.4324490427970886
0.48649513721466064,0.3642982840538025,-0.4329780042171478
0.48106542229652405,0.3639087975025177,-0.43300357460975647
0.4756176769733429,0.3636227250099182,-0.4329582154750824
0.519575297832489,0.36389803886413574,-0.26242920756340027
0.47049665451049805,0.3655170798301697,-0.26606813073158264
0.5050915479660034,0.37907859683036804,-0.37987008690834045
0.4843158721923828,0.3791825473308563,-0.38117286562919617
0.566938042640686,0.40463143587112427,-0.10583806782960892
0.42604443430900574,0.4047563076019287,-0.11456520110368729
0.625007688999176,0.445809543132782,-0.021177001297473907
0.36300787329673767,0.4396045207977295,-0.041263122111558914
0.581008791923523,0.48005762696266174,-0.17569057643413544
0.4133357107639313,0.47670865058898926,-0.15573008358478546
0.5656001567840576,0.4909387528896332,-0.2223431020975113
0.4250052273273468,0.48850497603416443,-0.1954139918088913
0.5584205389022827,0.48448070883750916,-0.2552506923675537
0.4360772371292114,0.48151975870132446,-0.22189956903457642
0.5617302656173706,0.4810081124305725,-0.18873146176338196
0.4341825246810913,0.47785764932632446,-0.1659400463104248
0.5363736152648926,0.521949827671051,0.00548539450392127
0.4572758972644806,0.5229576826095581,-0.005437567830085754
0.5470572710037231,0.6065258383750916,0.0036437087692320347
0.43978196382522583,0.610551655292511,-0.01861739158630371
0.560013473033905,0.6912375688552856,0.16072167456150055
0.4298046827316284,0.6909103989601135,0.1377459466457367
0.5501148700714111,0.7023200988769531,0.16585427522659302
0.43857404589653015,0.6998341083526611,0.1430320143699646
0.586432158946991,0.7166925668716431,-0.024614574387669563
0.4237513542175293,0.7204304933547974,-0.0480264388024807
-
0.49402958154678345,0.3732571303844452,-0.4473317563533783
0.5029262900352478,0.3645688593387604,-0.42922765016555786
0.5085881352424622,0.36381441354751587,-0.42921990156173706
0.5131442546844482,0.36323362588882446,-0.42923954129219055
0.4861966371536255,0.36519762873649597,-0.43117856979370117
0.4807925224304199,0.3648735582828522,-0.4311995506286621
0.47526276111602783,0.36466410756111145,-0.43114715814590454
0.5193897485733032,0.36431559920310974,-0.25684475898742676
0.47002699971199036,0.36662134528160095,-0.26575905084609985
0.5050477981567383,0.3800247311592102,-0.37670907378196716
0.48423975706100464,0.380209356546402,-0.3794310688972473
0.5670452117919922,0.4038015305995941,-0.09778763353824615
0.4260863959789276,0.40480631589889526,-0.11260484904050827
0.6258801817893982,0.4437631666660309,0.012091764248907566
0.363026887178421,0.4395296573638916,-0.03985464572906494
0.5870907306671143,0.4787755012512207,-0.1325846165418625
0.41361960768699646,0.47719281911849976,-0.1540651023387909
0.5725517868995667,0.4892706871032715,-0.1783915013074875
0.42557576298713684,0.48935467004776,-0.1936633437871933
0.5650463104248047,0.48329323530197144,-0.21301309764385223
0.4367654025554657,0.4822276532649994,-0.22196181118488312
0.5674485564231873,0.47989988327026367,-0.1468498557806015
0.43488800525665283,0.4783833622932434,-0.16484756767749786
0.5377365946769714,0.5219371318817139,0.005582346580922604
0.4583143889904022,0.5229187607765198,-0.005549397319555283
0.5477048754692078,0.6066182255744934,0.004310649819672108
0.44024911522865295,0.6105313897132874,-0.021808411926031113
0.5599182844161987,0.6912108659744263,0.17068631947040558
0.43003472685813904,0.6908522844314575,0.1421966701745987
0.5500452518463135,0.7021881341934204,0.1766900271177292
0.43861526250839233,0.699750542640686,0.1482563316822052
0.5864105820655823,0.7166457176208496,-0.013220855966210365
0.42473167181015015,0.7203602194786072,-0.04266199469566345
-
0.4940514862537384,0.3739754259586334,-0.457311749458313
0.5028415322303772,0.3652861714363098,-0.43967726826667786
0.5084974765777588,0.3645360469818115,-0.4396706521511078
0.5129759311676025,0.3639044463634491,-0.43969395756721497
0.48614272475242615,0.3659569323062897,-0.4422000050544739
0.48075684905052185,0.36571961641311646,-0.442217081785202
0.4751698076725006,0.36555591225624084,-0.4421529471874237
0.5193005800247192,0.3648930490016937,-0.264478862285614
0.46980714797973633,0.3676148056983948,-0.2770113945007324
0.5050675272941589,0.38078421354293823,-0.3851361870765686
0.4842464029788971,0.38098064064979553,-0.38886409997940063
0.5671586394309998,0.4036538600921631,-0.09994075447320938
0.42614778876304626,0.4049925208091736,-0.11509168148040771
0.6263565421104431,0.44348159432411194,0.008024218492209911
0.3632493317127228,0.440068781375885,-0.03764534369111061
0.5862624645233154,0.4790356755256653,-0.13211262226104736
0.4140179455280304,0.4781435430049896,-0.15929435193538666
0.5713186264038086,0.49003496766090393,-0.17728187143802643
0.4260292053222656,0.4905788004398346,-0.19938047230243683
0.5639300346374512,0.4836147427558899,-0.21179795265197754
0.43738844990730286,0.4834468364715576,-0.229646697640419
0.5667081475257874,0.480130672454834,-0.14601318538188934
0.4356948733329773,0.4794486463069916,-0.17099204659461975
0.5390094518661499,0.5219326019287109,0.005289930384606123
0.45912623405456543,0.5229865312576294,-0.005232891999185085
0.5483002066612244,0.6066656112670898,0.01546945609152317
0.44057124853134155,0.6108917593955994,-0.018556511029601097
0.559678316116333,0.691190242767334,0.17960737645626068
0.43063247203826904,0.6910518407821655,0.14385339617729187
0.5495077967643738,0.7020813822746277,0.18413814902305603
0.439694344997406,0.6998379826545715,0.14909081161022186
0.5853168964385986,0.7163136005401611,0.0004752835084218532
0.4239160418510437,0.7204098105430603,-0.04143378511071205
-
0.49351924657821655,0.374519407749176,-0.4713784456253052
0.5022302269935608,0.3657369017601013,-0.4549414813518524
0.5079414248466492,0.36491888761520386,-0.4549194276332855
0.5125710964202881,0.3642142415046692,-0.45493781566619873
0.4856494069099426,0.3667795658111572,-0.4553205668926239
0.4803648591041565,0.3666684031486511,-0.4553455710411072
0.4748353362083435,0.36661723256111145,-0.45527851581573486
0.5192911028862,0.3652062714099884,-0.28276485204696655
0.46972957253456116,0.36829468607902527,-0.2862597405910492
0.5050119757652283,0.3811436891555786,-0.40015533566474915
0.48415806889533997,0.3813488185405731,-0.4012684226036072
0.5676565170288086,0.4036044180393219,-0.11642787605524063
0.426700621843338,0.40524354577064514,-0.11824595183134079
0.6269961595535278,0.4435335099697113,0.003654498839750886
0.3640323579311371,0.4404323697090149,-0.03722961246967316
0.5854965448379517,0.4800543785095215,-0.14157924056053162
0.41396695375442505,0.47867757081985474,-0.1555701643228531
0.5703604221343994,0.491657018661499,-0.18587031960487366
0.4259410500526428,0.49129170179367065,-0.19485433399677277
0.5630753040313721,0.4846571087837219,-0.21932615339756012
0.4373229444026947,0.4840652346611023,-0.22406719624996185
0.5660015940666199,0.4809708595275879,-0.15473462641239166
0.4356674551963806,0.47991427779197693,-0.16684618592262268
0.5399548411369324,0.5219203233718872,0.004625799600034952
0.4605913758277893,0.5229520201683044,-0.0045807985588908195
0.5490332841873169,0.6069444417953491,0.015194536186754704
0.4408099353313446,0.6110315322875977,-0.015748415142297745
0.5594022274017334,0.6905319094657898,0.20176823437213898
0.4316357374191284,0.6910070180892944,0.1545683592557907
0.5492947697639465,0.700972855091095,0.20977628231048584
0.4413531422615051,0.6997879147529602,0.16063746809959412
0.5851219892501831,0.716485857963562,0.028027229011058807
0.42392441630363464,0.7207077741622925,-0.027136657387018204
-
0.4932953417301178,0.37624025344848633,-0.46729913353919983
0.5019251704216003,0.36740660667419434,-0.4518844485282898
0.5076732039451599,0.3664425015449524,-0.45186060667037964
0.5123645663261414,0.3655644357204437,-0.45188483595848083
0.485399067401886,0.3688366115093231,-0.45242491364479065
0.4802267849445343,0.3687804341316223,-0.4524511694908142
0.4747358560562134,0.3686949610710144,-0.45238351821899414
0.5192838907241821,0.36604970693588257,-0.2835468649864197
0.46971479058265686,0.36955684423446655,-0.28746297955513
0.5050172209739685,0.38249215483665466,-0.3971206545829773
0.48416706919670105,0.38273805379867554,-0.3983500897884369
0.5683431625366211,0.40356510877609253,-0.11687318980693817
0.42772406339645386,0.40567541122436523,-0.1209753006696701
0.627371072769165,0.44360142946243286,-0.0015407772734761238
0.365233451128006,0.4409515857696533,-0.03622901812195778
0.585055947303772,0.4804496765136719,-0.13314545154571533
0.4145970344543457,0.4787478446960449,-0.15469782054424286
0.5699703097343445,0.4923112988471985,-0.17538002133369446
0.4269152879714966,0.4913214147090912,-0.19306674599647522
0.5627812147140503,0.48527270555496216,-0.20939767360687256
0.438356876373291,0.48399367928504944,-0.2219313234090805
0.5658125281333923,0.48152247071266174,-0.14616402983665466
0.436553031206131,0.4798113703727722,-0.16570910811424255
0.541077733039856,0.5219389200210571,0.00450561847537756
0.46191325783729553,0.5229252576828003,-0.004464820493012667
0.5494542121887207,0.6076832413673401,0.01051130797713995
0.4410175681114197,0.6110393404960632,-0.017785506322979927
0.5593249201774597,0.6907690763473511,0.16467173397541046
0.4316565990447998,0.6912623643875122,0.13672612607479095
0.5490478277206421,0.7011854648590088,0.1688367873430252
0.441752165555954,0.7001609206199646,0.1414472460746765
0.5851125121116638,0.717363178730011,-0.010711165145039558
0.4233859181404114,0.7206705808639526,-0.041310783475637436
-
0.4932589530944824,0.3777598738670349,-0.503454327583313
0.5017312169075012,0.3689262270927429,-0.4895331859588623
0.5074974298477173,0.36787697672843933,-0.48951250314712524
0.5122230052947998,0.36688023805618286,-0.4895515441894531
0.4852546155452728,0.3705144226551056,-0.49058371782302856
0.48016637563705444,0.37049078941345215,-0.49062857031822205
0.4746994078159332,0.37044787406921387,-0.4905758798122406
0.5192727446556091,0.3667089343070984,-0.3163612484931946
0.4697188138961792,0.37052711844444275,-0.32286736369132996
0.5050979852676392,0.3837054371833801,-0.4302212595939636
0.48429757356643677,0.38421350717544556,-0.43222498893737793
0.5688207745552063,0.4033378064632416,-0.13519684970378876
0.42861104011535645,0.4057490825653076,-0.14752407371997833
0.6278476119041443,0.44365525245666504,-0.017450379207730293
0.3663875460624695,0.44171541929244995,-0.05759463831782341
0.5850006341934204,0.48073697090148926,-0.1504274308681488
0.41620826721191406,0.4785728454589844,-0.18318769335746765
0.5703241229057312,0.4926839768886566,-0.19408689439296722
0.4290013313293457,0.4911072254180908,-0.22330425679683685
0.5630465745925903,0.4855506420135498,-0.23408326506614685
0.4404785931110382,0.48381704092025757,-0.2531021237373352
0.565950334072113,0.481814444065094,-0.16566291451454163
0.438607394695282,0.4796718657016754,-0.19415634870529175
0.5421671271324158,0.521894633769989,0.004729435313493013
0.4629361033439636,0.5228347778320312,-0.004677077755331993
0.5498507618904114,0.6078023314476013,0.016188880428671837
0.4419969320297241,0.6110550165176392,-0.014921863563358784
0.5593249797821045,0.6907168030738831,0.16664983332157135
0.43184202909469604,0.6917721033096313,0.14103935658931732
0.5490888357162476,0.7011714577674866,0.16973379254341125
0.44182077050209045,0.70045006275177,0.14633233845233917
0.5863426923751831,0.7172648906707764,-0.004719858523458242
0.42457541823387146,0.7207609415054321,-0.04088588058948517
-
0.4928528368473053,0.379080206155777,-0.5043673515319824
0.5012584924697876,0.3701108694076538,-0.49164459109306335
0.5071195363998413,0.36899533867836,-0.49161890149116516
0.5119739770889282,0.36794430017471313,-0.4916515350341797
0.4847654104232788,0.37153878808021545,-0.49182257056236267
0.4796755611896515,0.3714680075645447,-0.49186697602272034
0.47428062558174133,0.3714405298233032,-0.4918197989463806
0.5192309021949768,0.36716240644454956,-0.3211531341075897
0.46959376335144043,0.3710639178752899,-0.32373616099357605
0.5050697922706604,0.3846926689147949,-0.4318094551563263
0.48422330617904663,0.38549888134002686,-0.43270835280418396
0.569291889667511,0.40319085121154785,-0.1387799084186554
0.4290679097175598,0.40577831864356995,-0.14680908620357513
0.628000020980835,0.44368162751197815,-0.021744221448898315
0.3673284649848938,0.44219765067100525,-0.05433269217610359
0.5848883986473083,0.4807654917240143,-0.15335001051425934
0.41695404052734375,0.4784824848175049,-0.17928510904312134
0.5702263116836548,0.4926602840423584,-0.1961149424314499
0.4301919639110565,0.49092191457748413,-0.21825264394283295
0.5630041360855103,0.48552435636520386,-0.2363366037607193
0.4415874183177948,0.4837048649787903,-0.247652068734169
0.5659661889076233,0.48180633783340454,-0.16845425963401794
0.4394841194152832,0.47959503531455994,-0.1900515854358673
0.5428617000579834,0.5218895673751831,0.004708204884082079
0.46369269490242004,0.5227735042572021,-0.004657304845750332
0.5501956343650818,0.6078479886054993,0.015975510701537132
0.4421781003475189,0.6110537052154541,-0.012155633419752121
0.5593084692955017,0.69068843126297,0.17228128015995026
0.43168285489082336,0.6917325258255005,0.14125175774097443
0.5491152405738831,0.7011569738388062,0.1769183874130249
0.4416023790836334,0.7004059553146362,0.14728841185569763
0.5857972502708435,0.717182993888855,-0.002649980131536722
0.4232274889945984,0.7206730842590332,-0.04052071273326874
-
0.4927985668182373,0.37987732887268066,-0.5025694370269775
0.5011428594589233,0.3706912398338318,-0.48935890197753906
0.5070374608039856,0.3695778548717499,-0.48932674527168274
0.5119045972824097,0.36853763461112976,-0.4893546998500824
0.4845881462097168,0.3720368444919586,-0.49004051089286804
0.47947582602500916,0.371949166059494,-0.490082323551178
0.4740733206272125,0.37194859981536865,-0.49002015590667725
0.5192270278930664,0.3675383925437927,-0.31700828671455383
0.46941477060317993,0.37146395444869995,-0.3218879997730255
0.5050746202468872,0.38532400131225586,-0.4294000267982483
0.48422735929489136,0.38632455468177795,-0.4309231638908386
0.5695928335189819,0.403144896030426,-0.13401152193546295
0.4295240044593811,0.4058326184749603,-0.14327776432037354
0.6283057928085327,0.4436923563480377,-0.010257030837237835
0.3677271008491516,0.44244757294654846,-0.05237339809536934
0.5848090052604675,0.48096245527267456,-0.12818703055381775
0.4174465239048004,0.4783894419670105,-0.165946826338768
0.5701417922973633,0.493033230304718,-0.16817936301231384
0.430676132440567,0.4908077120780945,-0.20048898458480835
0.5629664659500122,0.4859423041343689,-0.20445634424686432
0.4421619474887848,0.48360663652420044,-0.2310280203819275
0.5659670233726501,0.48212799429893494,-0.14138616621494293
0.440017431974411,0.47951334714889526,-0.17601503431797028
0.5433841347694397,0.5219556093215942,0.004738670773804188
0.4644421935081482,0.5228455662727356,-0.00469023734331131
0.5507603883743286,0.6081033945083618,0.015852054581046104
0.4424569010734558,0.611079752445221,-0.01540948823094368
0.559415340423584,0.690661609172821,0.17449425160884857
0.431485116481781,0.6922218799591064,0.13516752421855927
0.5492219924926758,0.7011445164680481,0.1796090006828308
0.4407704174518585,0.7009173631668091,0.14008088409900665
0.5854924917221069,0.71711266040802,-0.0006847791955806315
0.42298609018325806,0.7209646701812744,-0.04993382468819618
-
0.49259868264198303,0.38028329610824585,-0.5091544389724731
0.5009064674377441,0.3710099756717682,-0.49678951501846313
0.5068356394767761,0.3699111342430115,-0.4967522919178009
0.5117674469947815,0.36887460947036743,-0.4967726767063141
0.48430323600769043,0.37231072783470154,-0.4970536530017853
0.4791516661643982,0.3722510039806366,-0.4971008002758026
0.4738049805164337,0.3722703456878662,-0.4970476031303406
0.5192033648490906,0.3678036332130432,-0.3258988857269287
0.46925443410873413,0.3717661201953888,-0.32861459255218506
0.5050474405288696,0.3856777250766754,-0.43616849184036255
0.4841586649417877,0.38680174946784973,-0.4371042549610138
0.5699833631515503,0.40309810638427734,-0.14161981642246246
0.43012940883636475,0.4058932662010193,-0.146597757935524
0.6291123032569885,0.4436451494693756,-0.01630706712603569
0.36785367131233215,0.4425562918186188,-0.04917529970407486
0.585070788860321,0.480970561504364,-0.136273592710495
0.4178590178489685,0.47836437821388245,-0.16397938132286072
0.570303738117218,0.49306589365005493,-0.1776932179927826
0.43114882707595825,0.49074578285217285,-0.1966818869113922
0.5633108615875244,0.4859825074672699,-0.21213676035404205
0.44259610772132874,0.4835331439971924,-0.22752682864665985
0.5663269758224487,0.4821609854698181,-0.1490785926580429
0.440408319234848,0.47945189476013184,-0.17380426824092865
0.5441673398017883,0.5219916701316833,0.0039890967309474945
0.46536463499069214,0.5230318307876587,-0.00393397593870759
0.551241934299469,0.6080278158187866,0.022640718147158623
0.4430866539478302,0.6111228466033936,-0.011582283303141594
0.5601244568824768,0.6895323395729065,0.18604886531829834
0.4315700829029083,0.6926096677780151,0.13831566274166107
0.5499213933944702,0.6997127532958984,0.19131478667259216
0.44102737307548523,0.7013174891471863,0.14328598976135254
0.584510326385498,0.7166904211044312,0.012590723112225533
0.42091599106788635,0.720990777015686,-0.046585436910390854
-
0.492309033870697,0.38059520721435547,-0.4986361265182495
0.5005869269371033,0.37132588028907776,-0.4844031035900116
0.5065166354179382,0.3702862858772278,-0.4843701720237732
0.5115700960159302,0.36926931142807007,-0.48439139127731323
0.4839913547039032,0.3725418448448181,-0.4848322570323944
0.4787744879722595,0.3725200295448303,-0.4848734438419342
0.4735199809074402,0.37256836891174316,-0.48482128977775574
0.5191835165023804,0.36812180280685425,-0.3173002600669861
0.4691864550113678,0.37209567427635193,-0.31781208515167236
0.5049704313278198,0.386081337928772,-0.42622703313827515
0.4840346574783325,0.3872877061367035,-0.42775455117225647
0.5710553526878357,0.4030942916870117,-0.13920658826828003
0.431320458650589,0.4059986174106598,-0.14240217208862305
0.6318550705909729,0.44389256834983826,-0.020869117230176926
0.36785396933555603,0.44249778985977173,-0.048126474022865295
0.586451530456543,0.48085880279541016,-0.1375022679567337
0.4179891049861908,0.47848862409591675,-0.15081973373889923
0.5709097981452942,0.49304264783859253,-0.17697834968566895
0.43120935559272766,0.4908355176448822,-0.18150770664215088
0.563908576965332,0.48588576912879944,-0.2080240398645401
0.4427065849304199,0.48360544443130493,-0.20922084152698517
0.5670290589332581,0.48210030794143677,-0.14879029989242554
0.4405944049358368,0.47950607538223267,-0.15971703827381134
0.5455679297447205,0.5219964385032654,0.0038214081432670355
0.46703287959098816,0.5230593085289001,-0.003768585156649351
0.5516037940979004,0.6077436208724976,0.016483481973409653
0.4439493417739868,0.6109586358070374,-0.012112991884350777
0.5603992342948914,0.6895316243171692,0.16265837848186493
0.43137115240097046,0.6925625801086426,0.1312742382287979
0.5508615970611572,0.6997233033180237,0.16649581491947174
0.44031286239624023,0.7011450529098511,0.13500350713729858
0.5834749341011047,0.7154443860054016,-0.010275032371282578
0.4199843108654022,0.7207502722740173,-0.04978451877832413
-
0.4921121895313263,0.38074952363967896,-0.5097275972366333
0.5003288984298706,0.37147191166877747,-0.4983628988265991
0.5062161684036255,0.3704678416252136,-0.4983155131340027
0.5113897323608398,0.36944347620010376,-0.4983319044113159
0.48378610610961914,0.3726590871810913,-0.4965786933898926
0.47851935029029846,0.37265855073928833,-0.496630996465683
0.4733429253101349,0.37272197008132935,-0.49658864736557007
0.5191436409950256,0.36824458837509155,-0.3345116674900055
0.4691646993160248,0.3722638487815857,-0.3274131715297699
0.5049019455909729,0.3862695097923279,-0.4393065571784973
0.4839784801006317,0.3875097632408142,-0.43770721554756165
0.5719957947731018,0.4030960500240326,-0.15670955181121826
0.43216657638549805,0.40611520409584045,-0.14696651697158813
0.6338887214660645,0.4443473815917969,-0.04837585613131523
0.36784714460372925,0.44273748993873596,-0.04833953082561493
0.5867487192153931,0.4808531403541565,-0.167107492685318
0.4182821810245514,0.4785892367362976,-0.15596169233322144
0.5708017945289612,0.493022620677948,-0.2066492736339569
0.431565523147583,0.49094653129577637,-0.18728481233119965
0.5638118386268616,0.4858633875846863,-0.2348332554101944
0.44290080666542053,0.4837021231651306,-0.213958740234375
0.5671215057373047,0.4820919632911682,-0.1766640990972519
0.44073134660720825,0.4795907437801361,-0.16482806205749512
0.5462489128112793,0.5220303535461426,0.0026611927896738052
0.46780213713645935,0.5230535864830017,-0.0026274460833519697
0.5524002313613892,0.607486367225647,0.016340361908078194
0.4452348053455353,0.6108823418617249,-0.007368675898760557
0.5604841709136963,0.6893911957740784,0.16461679339408875
0.4314878284931183,0.6925561428070068,0.14435377717018127
0.5509446263313293,0.6994630694389343,0.16952581703662872
0.44017493724823,0.7011013627052307,0.14915111660957336
0.5806947946548462,0.7150076031684875,-0.0055780611000955105
0.42028820514678955,0.7202879190444946,-0.03508492186665535
-
0.4915485382080078,0.38074514269828796,-0.49309098720550537
0.4998222291469574,0.3714335560798645,-0.4884629547595978
0.5056787133216858,0.3704167902469635,-0.4883885681629181
0.5110534429550171,0.3693656325340271,-0.48838406801223755
0.4833275377750397,0.37266063690185547,-0.48244115710258484
0.4779883921146393,0.3726873993873596,-0.48249346017837524
0.4730490446090698,0.3727453947067261,-0.4824640154838562
0.5190983414649963,0.36817675828933716,-0.3232444226741791
0.46916627883911133,0.3722613453865051,-0.32348838448524475
0.5046960711479187,0.38621991872787476,-0.42996078729629517
0.4837242066860199,0.3875004053115845,-0.42341694235801697
0.5729354023933411,0.4030836224555969,-0.14919719099998474
0.43299633264541626,0.406128466129303,-0.14514946937561035
0.634977400302887,0.44460615515708923,-0.04490736871957779
0.3680441081523895,0.4430433213710785,-0.04768473282456398
0.5875515341758728,0.48084816336631775,-0.16500511765480042
0.4188424050807953,0.47864311933517456,-0.1568780541419983
0.5709546208381653,0.4929894804954529,-0.20495325326919556
0.4321800768375397,0.49105602502822876,-0.18789653480052948
0.5641022324562073,0.48577022552490234,-0.2336142659187317
0.44339749217033386,0.48381346464157104,-0.21437151730060577
0.5677409768104553,0.48197299242019653,-0.1746080219745636
0.4412117898464203,0.4797016680240631,-0.1655767261981964
0.5470491647720337,0.5220290422439575,0.002717912895604968
0.46846652030944824,0.5229576230049133,-0.0026857939083129168
0.5526362657546997,0.6072195172309875,0.011980557814240456
0.44568535685539246,0.6103438138961792,-0.008394753560423851
0.5604848861694336,0.6894840002059937,0.15450717508792877
0.4314960837364197,0.6918227672576904,0.13852359354496002
0.5508997440338135,0.6995646953582764,0.1586625576019287
0.4396570920944214,0.7004349231719971,0.1431158483028412
0.5802042484283447,0.7149782180786133,-0.016301412135362625
0.42105233669281006,0.7188153862953186,-0.0361914299428463
-
0.49101710319519043,0.3807774782180786,-0.48552289605140686
0.49930810928344727,0.3714413642883301,-0.48304489254951477
0.5050911903381348,0.3704287111759186,-0.4829641878604889
0.5106621980667114,0.36934664845466614,-0.48294559121131897
0.48294639587402344,0.37268343567848206,-0.47503411769866943
0.47760483622550964,0.3727249503135681,-0.47509703040122986
0.4728621542453766,0.3727773129940033,-0.4750784933567047
0.5190321803092957,0.36813798546791077,-0.3188662528991699
0.46921440958976746,0.37226730585098267,-0.31612759828567505
0.5044513940811157,0.3862345516681671,-0.42428430914878845
0.48353439569473267,0.3875390589237213,-0.41573241353034973
0.5738226771354675,0.403076171875,-0.14847034215927124
0.43385744094848633,0.40613269805908203,-0.143124058842659
0.6364050507545471,0.44481760263442993,-0.08460170775651932
0.36841922998428345,0.44328612089157104,-0.07720157504081726
0.5892086029052734,0.480846107006073,-0.24559499323368073
0.41935378313064575,0.47862157225608826,-0.22478017210960388
0.5720758438110352,0.49296292662620544,-0.2922289967536926
0.43288862705230713,0.4910334050655365,-0.26334547996520996
0.5653029084205627,0.48564162850379944,-0.31500422954559326
0.44404008984565735,0.483806312084198,-0.2861502468585968
0.5690595507621765,0.48186296224594116,-0.25413450598716736
0.44171082973480225,0.4796851575374603,-0.23315925896167755
0.5477097034454346,0.5221260786056519,0.002455431502312422
0.469186395406723,0.5229281783103943,-0.0024452952202409506
0.5527120232582092,0.6069915890693665,0.008883140049874783
0.446482390165329,0.6102043390274048,-0.008913716301321983
0.5605814456939697,0.6894822120666504,0.14841324090957642
0.4315539598464966,0.6917670369148254,0.13552336394786835
0.5509281754493713,0.6995761394500732,0.15236499905586243
0.43946629762649536,0.700424313545227,0.13993674516677856
0.5802316665649414,0.7149652242660522,-0.021274525672197342
0.4213663339614868,0.718237042427063,-0.036692146211862564
-
0.48981407284736633,0.380706250667572,-0.4815044701099396
0.4981900155544281,0.3713904619216919,-0.47978851199150085
0.5039497017860413,0.37037643790245056,-0.4796946942806244
0.5097616910934448,0.369273841381073,-0.4796633720397949
0.48199954628944397,0.3726608157157898,-0.4696437120437622
0.47676700353622437,0.37271848320961,-0.46971574425697327
0.4724685251712799,0.37276095151901245,-0.4697038531303406
0.5188820362091064,0.3680989146232605,-0.31958284974098206
0.4692859947681427,0.37227100133895874,-0.3076182007789612
0.5038044452667236,0.38612353801727295,-0.4228094816207886
0.4830089211463928,0.3874179720878601,-0.4114551544189453
0.5745242834091187,0.4031241536140442,-0.1560283601284027
0.4351253807544708,0.4061409533023834,-0.14257411658763885
0.637963593006134,0.4449968934059143,-0.11407696455717087
0.36925429105758667,0.44336825609207153,-0.0990147814154625
0.5901640057563782,0.4808369576931,-0.2788340747356415
0.4202422797679901,0.47860702872276306,-0.2618246078491211
0.5726298689842224,0.4929453730583191,-0.3270004391670227
0.4336809515953064,0.4910240173339844,-0.30388548970222473
0.5659304261207581,0.48548954725265503,-0.34761250019073486
0.444780558347702,0.48378872871398926,-0.32424524426460266
0.5697328448295593,0.48172587156295776,-0.28665778040885925
0.44246405363082886,0.4796687662601471,-0.2700090706348419
0.5481393337249756,0.5221523642539978,0.0019496750319376588
0.4696100354194641,0.5227507948875427,-0.001967743271961808
0.5527447462081909,0.6067721247673035,0.009299659170210361
0.44682544469833374,0.6100724935531616,-0.0041455915197730064
0.560587465763092,0.6893209218978882,0.15293380618095398
0.4319463074207306,0.6915537714958191,0.14284451305866241
0.5509614944458008,0.6994525790214539,0.15652820467948914
0.43985578417778015,0.7001851797103882,0.14798147976398468
0.5794758200645447,0.7146450281143188,-0.009855967946350574
0.4213831126689911,0.7179948091506958,-0.024014782160520554
-
0.4884240925312042,0.3808099329471588,-0.47128698229789734
0.49688422679901123,0.37142711877822876,-0.46814674139022827
0.5027464032173157,0.37041357159614563,-0.4680602550506592
0.5087334513664246,0.36927342414855957,-0.4680272340774536
0.480819433927536,0.3727479875087738,-0.458344042301178
0.4758288860321045,0.3728092312812805,-0.45841118693351746
0.4720023274421692,0.3728368282318115,-0.45839518308639526
0.5187259912490845,0.36807572841644287,-0.3191293776035309
0.46940672397613525,0.3722943663597107,-0.29655352234840393
0.502985954284668,0.38616710901260376,-0.41386494040489197
0.48235565423965454,0.3874930739402771,-0.4020240306854248
0.575497031211853,0.4032920002937317,-0.15870815515518188
0.43646520376205444,0.4061514437198639,-0.14182671904563904
0.6395343542098999,0.4453865885734558,-0.10718679428100586
0.37000778317451477,0.4434172213077545,-0.08948011696338654
0.5901158452033997,0.48109760880470276,-0.2511175274848938
0.4210975766181946,0.47864383459091187,-0.23235628008842468
0.5725482702255249,0.4931448996067047,-0.2949869930744171
0.4345817565917969,0.4910148084163666,-0.2700957655906677
0.5658791661262512,0.485496461391449,-0.3141169548034668
0.44557371735572815,0.48379212617874146,-0.2906879186630249
0.5696876645088196,0.48172837495803833,-0.2576986849308014
0.4433087706565857,0.4797029495239258,-0.2400083690881729
0.5484137535095215,0.5224520564079285,0.001558583346195519
0.47004416584968567,0.5227444767951965,-0.0016057961620390415
0.5527393817901611,0.6067855358123779,0.00902258139103651
0.4469926655292511,0.609724760055542,-0.000687441963236779
0.5603020787239075,0.6896623373031616,0.1498679220676422
0.4318920969963074,0.6905990839004517,0.14633429050445557
0.5506449341773987,0.7005074620246887,0.15381185710430145
0.43926098942756653,0.6997255682945251,0.15189257264137268
0.5784635543823242,0.7147310972213745,-0.014235401526093483
0.4217566251754761,0.7169814705848694,-0.015714069828391075
-
0.4876875579357147,0.3808917999267578,-0.4588858187198639
0.49616509675979614,0.3714418113231659,-0.45310860872268677
0.5021055936813354,0.37043148279190063,-0.4530334770679474
0.5081530809402466,0.3692706227302551,-0.4530077576637268
0.48022568225860596,0.3727959394454956,-0.4449794292449951
0.4753898084163666,0.37285032868385315,-0.4450411796569824
0.4717831015586853,0.3728710114955902,-0.4450225830078125
0.5186604261398315,0.36807364225387573,-0.3146435618400574
0.4696851968765259,0.3723013699054718,-0.2836272716522217
0.5025250315666199,0.38621920347213745,-0.4005584716796875
0.48203104734420776,0.38755011558532715,-0.39054325222969055
0.5757008194923401,0.4034826159477234,-0.1550900638103485
0.43768128752708435,0.4061714708805084,-0.13798324763774872
0.640432596206665,0.44548311829566956,-0.10043538361787796
0.370557576417923,0.44339150190353394,-0.08424776047468185
0.5902867317199707,0.48128652572631836,-0.24096450209617615
0.4222372770309448,0.47888627648353577,-0.22260019183158875
0.5725144147872925,0.49329131841659546,-0.28433114290237427
0.4357394278049469,0.49108996987342834,-0.2596575915813446
0.5659001469612122,0.48548707365989685,-0.3028542995452881
0.4468841850757599,0.483900785446167,-0.27931275963783264
0.5697519183158875,0.481719434261322,-0.2472877949476242
0.4447695016860962,0.4799003005027771,-0.22976373136043549
0.548595130443573,0.5228437185287476,0.0015598507598042488
0.4703206419944763,0.5227468609809875,-0.0016131236916407943
0.5527523159980774,0.6068505048751831,0.008903519250452518
0.44703805446624756,0.6096261739730835,-0.0013956130715087056
0.5593608617782593,0.6898035407066345,0.15046647191047668
0.4318765103816986,0.6902015805244446,0.14625152945518494
0.5496106743812561,0.7008511424064636,0.15478040277957916
0.43879035115242004,0.6995323300361633,0.15178155899047852
0.5782864689826965,0.7146700620651245,-0.013955963775515556
0.42197468876838684,0.7167606353759766,-0.01748885028064251
-
0.48717018961906433,0.3809764087200165,-0.45625483989715576
0.495620995759964,0.3714495599269867,-0.44969236850738525
0.5016316175460815,0.3704349100589752,-0.4496224820613861
0.5076969861984253,0.36925530433654785,-0.4496075510978699
0.47972357273101807,0.37284204363822937,-0.4419884979724884
0.4750423729419708,0.37288597226142883,-0.4420440196990967
0.47158604860305786,0.37289977073669434,-0.4420221447944641
0.5185900926589966,0.3680528998374939,-0.3143978416919708
0.46996113657951355,0.3722979426383972,-0.28072723746299744
0.5022419691085815,0.38628536462783813,-0.3975878357887268
0.48186081647872925,0.38765865564346313,-0.38805386424064636
0.5758525729179382,0.4036048948764801,-0.15380655229091644
0.4387666583061218,0.4061970114707947,-0.13262689113616943
0.6409091353416443,0.4455283284187317,-0.09172046184539795
0.3714003264904022,0.44337892532348633,-0.05422426760196686
0.5907623767852783,0.4814223647117615,-0.19761401414871216
0.42370498180389404,0.4791937470436096,-0.1569865643978119
0.5726674199104309,0.49339208006858826,-0.23568496108055115
0.43694204092025757,0.49119096994400024,-0.18809932470321655
0.5660198926925659,0.4854862689971924,-0.2537364661693573
0.4480365812778473,0.4840773940086365,-0.20811407268047333
0.5699245929718018,0.4817145764827728,-0.20264339447021484
0.4461645781993866,0.480156809091568,-0.163594588637352
0.5486831068992615,0.5228443145751953,0.0015123231569305062
0.470536470413208,0.5226523280143738,-0.0015717234928160906
0.5527502298355103,0.6066471338272095,0.006528007332235575
0.44713854789733887,0.6095267534255981,-0.0017594388918951154
0.5589959621429443,0.689761757850647,0.1450439840555191
0.4318828284740448,0.6899433732032776,0.14214777946472168
0.5489687919616699,0.700844407081604,0.14924773573875427
0.43857261538505554,0.6992329359054565,0.14746037125587463
0.5783481001853943,0.7145720720291138,-0.019098402932286263
0.42210498452186584,0.7166935801506042,-0.018003033474087715
-
0.4853198230266571,0.3809202015399933,-0.4372209906578064
0.4940836727619171,0.3714037537574768,-0.4306179881095886
0.5003202557563782,0.37039583921432495,-0.4305504262447357
0.5064979195594788,0.36923497915267944,-0.4305381774902344
0.478181928396225,0.3727894425392151,-0.4211500287055969
0.4740087389945984,0.37282946705818176,-0.42119377851486206
0.47076132893562317,0.37284278869628906,-0.4211667478084564
0.5184201002120972,0.36802011728286743,-0.2998409867286682
0.4701043367385864,0.37227633595466614,-0.2577499747276306
0.5009280443191528,0.3862505555152893,-0.3805668354034424
0.48071160912513733,0.387606680393219,-0.36872372031211853
0.5760655999183655,0.40376153588294983,-0.1477145254611969
0.44010767340660095,0.40619730949401855,-0.11042296886444092
0.6413155198097229,0.4455322325229645,-0.07124269008636475
0.37262094020843506,0.44329339265823364,-0.0201618280261755
0.5911761522293091,0.4815024733543396,-0.1637607365846634
0.424667090177536,0.47933053970336914,-0.11520335078239441
0.5728990435600281,0.4934000074863434,-0.19959089159965515
0.437751442193985,0.49119624495506287,-0.14411711692810059
0.5662786364555359,0.4854814112186432,-0.2175724059343338
0.4486832022666931,0.48411092162132263,-0.1630147248506546
0.5702292323112488,0.4817107319831848,-0.1685749888420105
0.4468848705291748,0.4802256226539612,-0.12135197222232819
0.5488573908805847,0.5228502750396729,0.0013372672256082296
0.47087568044662476,0.5225762128829956,-0.0014112399658188224
0.5527488589286804,0.6064940690994263,0.0014716697623953223
0.4473228454589844,0.609519898891449,-0.00476010562852025
0.5588921308517456,0.6897528171539307,0.14078758656978607
0.4318782389163971,0.6897441148757935,0.13828670978546143
0.5486024618148804,0.7008386254310608,0.14541077613830566
0.43809255957603455,0.698813796043396,0.14380627870559692
0.5783758163452148,0.7145432829856873,-0.02234799787402153
0.4230823516845703,0.7166741490364075,-0.020975591614842415
-
0.48446035385131836,0.38090193271636963,-0.43086957931518555
0.4934759736061096,0.37132084369659424,-0.4238929748535156
0.4998364746570587,0.3702462911605835,-0.42382752895355225
0.506072461605072,0.3690233528614044,-0.4238108694553375
0.4773634076118469,0.37277916073799133,-0.4141123592853546
0.47341388463974,0.3728192150592804,-0.41415366530418396
0.4702218472957611,0.37281328439712524,-0.41412582993507385
0.5183870196342468,0.3678557276725769,-0.2928168475627899
0.4701232612133026,0.3722527027130127,-0.24962982535362244
0.5003264546394348,0.3862074017524719,-0.3745517432689667
0.47989708185195923,0.387592613697052,-0.36227667331695557
0.5764737725257874,0.40398111939430237,-0.1441030204296112
0.44132640957832336,0.4061947464942932,-0.10393650084733963
0.641657829284668,0.44556325674057007,-0.06491456180810928
0.37400710582733154,0.44328632950782776,-0.016692297533154488
0.591467559337616,0.4815698266029358,-0.15903036296367645
0.4255515933036804,0.47945713996887207,-0.11480256915092468
0.5730822086334229,0.4934766888618469,-0.1952248066663742
0.4385198950767517,0.49121832847595215,-0.14485634863376617
0.5663778781890869,0.4855802655220032,-0.21364647150039673
0.4492824077606201,0.4841485023498535,-0.1640465259552002
0.5703815817832947,0.4817522168159485,-0.16421502828598022
0.44749292731285095,0.48029571771621704,-0.1214066594839096
0.5488523840904236,0.5229690670967102,0.0011944255093112588
0.4710403382778168,0.5225717425346375,-0.0012783515267074108
0.5527417063713074,0.6064066290855408,0.0014250677777454257
0.4474038779735565,0.6095373630523682,-0.0050080325454473495
0.5588027834892273,0.6897056102752686,0.14494353532791138
0.43187201023101807,0.6894416809082031,0.14003601670265198
0.5482862591743469,0.7007988691329956,0.14958076179027557
0.43798747658729553,0.6983503103256226,0.14614444971084595
0.5784230828285217,0.7144857048988342,-0.021818362176418304
0.42317813634872437,0.7166377305984497,-0.020434802398085594
-
0.48386380076408386,0.38087546825408936,-0.4133581817150116
0.49293068051338196,0.37125352025032043,-0.4069957435131073
0.49944886565208435,0.3700914978981018,-0.4069279134273529
0.5057550668716431,0.36877888441085815,-0.4069010019302368
0.47677361965179443,0.3727521002292633,-0.39622238278388977
0.4730413556098938,0.372795045375824,-0.39626169204711914
0.46988528966903687,0.3728015124797821,-0.39623773097991943
0.5183814167976379,0.36767077445983887,-0.28125736117362976
0.47022154927253723,0.3722408413887024,-0.2342958003282547
0.4999717175960541,0.3861734867095947,-0.35962584614753723
0.4794197976589203,0.38756394386291504,-0.3460626006126404
0.5769795775413513,0.4042872488498688,-0.13843844830989838
0.4426291286945343,0.4061923921108246,-0.09585664421319962
0.6423449516296387,0.4455927312374115,-0.0645766332745552
0.37544694542884827,0.44327259063720703,-0.018636424094438553
0.5919428467750549,0.4816288352012634,-0.15964260697364807
0.42625245451927185,0.47952598333358765,-0.11918522417545319
0.5733110904693604,0.49351707100868225,-0.19482207298278809
0.43906766176223755,0.4912315309047699,-0.14815592765808105
0.5666459202766418,0.48563462495803833,-0.21076834201812744
0.44976815581321716,0.48421263694763184,-0.16467879712581635
0.5707427263259888,0.4817817807197571,-0.16379106044769287
0.44796860218048096,0.48038846254348755,-0.12484334409236908
0.5488361716270447,0.5232436656951904,0.0011171267833560705
0.4711562991142273,0.5225740671157837,-0.0012116889702156186
0.552729606628418,0.6063655614852905,0.001755268545821309
0.44742095470428467,0.6095627546310425,-0.005302974488586187
0.558734655380249,0.6896764039993286,0.140218123793602
0.4318031370639801,0.6894036531448364,0.13425754010677338
0.5480947494506836,0.7007681727409363,0.144729882478714
0.43768709897994995,0.6982704997062683,0.13976652920246124
0.5784586668014526,0.7144365906715393,-0.020945629104971886
0.42334985733032227,0.7166545987129211,-0.023491788655519485
-
0.48386523127555847,0.38091209530830383,-0.42597416043281555
0.49283671379089355,0.3712472915649414,-0.4196189343929291
0.499396950006485,0.3700823187828064,-0.41955268383026123
0.5056919455528259,0.368766725063324,-0.4195328950881958
0.476653516292572,0.3727656602859497,-0.40967410802841187
0.472972571849823,0.37279194593429565,-0.40971818566322327
0.46980708837509155,0.372783899307251,-0.4096938371658325
0.5184223651885986,0.36765962839126587,-0.28489014506340027
0.4705279767513275,0.37221696972846985,-0.247181236743927
0.4999926686286926,0.3861871063709259,-0.37022146582603455
0.4794371426105499,0.387626975774765,-0.3580329418182373
0.5776552557945251,0.40467342734336853,-0.1465217024087906
0.44372978806495667,0.40622273087501526,-0.10275989025831223
0.6434186697006226,0.4459753930568695,-0.07583963125944138
0.37642237544059753,0.44343987107276917,-0.01738700270652771
0.5918880701065063,0.4819489121437073,-0.16754579544067383
0.4273972511291504,0.4797171950340271,-0.10104834288358688
0.5731420516967773,0.4937414228916168,-0.2036665380001068
0.4398941993713379,0.491280734539032,-0.12658773362636566
0.5665585994720459,0.4858734607696533,-0.21941204369068146
0.4504193663597107,0.48437389731407166,-0.14257457852363586
0.5707226395606995,0.48199915885925293,-0.1722533255815506
0.4485969543457031,0.4805971086025238,-0.10592015832662582
0.5488118529319763,0.5235514640808105,0.00011287981760688126
0.4711657762527466,0.5225728750228882,-0.0002205249184044078
0.5527286529541016,0.6064057946205139,0.003455634694546461
0.44741296768188477,0.6096346974372864,-0.002031326061114669
0.5586928129196167,0.6896568536758423,0.1430252641439438
0.4317452013492584,0.6895447373390198,0.1350875049829483
0.5480004549026489,0.7007635831832886,0.14768271148204803
0.43764516711235046,0.6984010934829712,0.14059442281723022
0.5784721970558167,0.7143967747688293,-0.017684567719697952
0.423343688249588,0.7167805433273315,-0.023182712495326996
-
0.48327744007110596,0.380892813205719,-0.4257528483867645
0.4920262098312378,0.3712335228919983,-0.4203016459941864
0.4986557364463806,0.3700588345527649,-0.42022576928138733
0.5049784183502197,0.3687106668949127,-0.4202057421207428
0.4763796031475067,0.37274035811424255,-0.408552885055542
0.47288474440574646,0.3727644085884094,-0.4085960388183594
0.4697268307209015,0.372753381729126,-0.4085710644721985
0.5183924436569214,0.36755090951919556,-0.2879236936569214
0.4712908864021301,0.372184693813324,-0.24340899288654327
0.4995814561843872,0.3861368000507355,-0.3716466724872589
0.4792727530002594,0.38761645555496216,-0.3569963276386261
0.5781557559967041,0.404898464679718,-0.1475641131401062
0.44522568583488464,0.4062248766422272,-0.09733022004365921
0.6443229913711548,0.44653719663619995,-0.07485971599817276
0.3772875964641571,0.4434211254119873,-0.00170045904815197
0.5918422341346741,0.4824172854423523,-0.15775661170482635
0.4278915822505951,0.4798058867454529,-0.08198830485343933
0.573032557964325,0.4940301775932312,-0.1896401047706604
0.4403999447822571,0.4912792146205902,-0.10672501474618912
0.5664960741996765,0.48635369539260864,-0.20408082008361816
0.4507073163986206,0.4844776690006256,-0.12307420372962952
0.5707117319107056,0.48245471715927124,-0.16078749299049377
0.4488210380077362,0.48075684905052185,-0.08714379370212555
0.548791229724884,0.5237463712692261,-0.002199169248342514
0.4711642861366272,0.5225517749786377,0.002081508981063962
0.5527076125144958,0.6064656376838684,0.0006054051918908954
0.4474053382873535,0.6097748279571533,-0.0024726390838623047
0.5586848855018616,0.6898441314697266,0.1375875622034073
0.4317452609539032,0.6903186440467834,0.13145063817501068
0.548079252243042,0.7008905410766602,0.14190414547920227
0.43784141540527344,0.6989222764968872,0.1359373778104782
0.5775530338287354,0.7145612239837646,-0.023583820089697838
0.42246076464653015,0.7174080014228821,-0.028693832457065582
-
0.4817292094230652,0.3807903826236725,-0.4215483069419861
0.4902520775794983,0.3711773753166199,-0.4168030321598053
0.4967730939388275,0.36997053027153015,-0.4167265295982361
0.5033283829689026,0.368598073720932,-0.41669923067092896
0.47577303647994995,0.37271156907081604,-0.40322616696357727
0.47258830070495605,0.37271878123283386,-0.403274804353714
0.4694429039955139,0.37269848585128784,-0.4032589793205261
0.5182669758796692,0.3673906624317169,-0.2903577983379364
0.4719032645225525,0.3720093369483948,-0.23496797680854797
0.49852609634399414,0.3859685957431793,-0.3691193163394928
0.47858068346977234,0.38740918040275574,-0.3518805503845215
0.5789041519165039,0.405095636844635,-0.14780773222446442
0.4461321234703064,0.406231164932251,-0.09154126793146133
0.6444953680038452,0.4471994936466217,-0.0802307054400444
0.3786396086215973,0.44342532753944397,-0.009545152075588703
0.5918050408363342,0.48270344734191895,-0.16145078837871552
0.42782244086265564,0.4798235297203064,-0.10580617934465408
0.5730233192443848,0.4942975640296936,-0.19753101468086243
0.44027167558670044,0.4912753999233246,-0.13319185376167297
0.5664883255958557,0.48675137758255005,-0.21481047570705414
0.4506091773509979,0.4844995439052582,-0.1528770923614502
0.5706915259361267,0.4827858507633209,-0.16680966317653656
0.44871601462364197,0.4807923436164856,-0.11198372393846512
0.5487632155418396,0.5239030122756958,-0.0047041564248502254
0.47114434838294983,0.5224788784980774,0.004569465760141611
0.5526999831199646,0.606475293636322,0.0008922219276428223
0.4474831819534302,0.609777569770813,0.0003774061915464699
0.5588234663009644,0.6898272037506104,0.13964641094207764
0.43175676465034485,0.6907747387886047,0.13158708810806274
0.5486999750137329,0.7006680965423584,0.14414557814598083
0.4379574656486511,0.699286162853241,0.13660690188407898
0.5765746831893921,0.7146350145339966,-0.0220814011991024
0.42235997319221497,0.7176507711410522,-0.028364738449454308
-
0.48089170455932617,0.380698025226593,-0.42643263936042786
0.48920994997024536,0.37116456031799316,-0.4207610785961151
0.49547308683395386,0.36995357275009155,-0.42068904638290405
0.5020487904548645,0.36857718229293823,-0.4206680655479431
0.47555428743362427,0.37270182371139526,-0.40860238671302795
0.4725114107131958,0.3726961314678192,-0.4086513817310333
0.4693613648414612,0.3726707100868225,-0.4086343050003052
0.5179781317710876,0.36730486154556274,-0.2972937822341919
0.4725404381752014,0.3718729317188263,-0.2386748194694519
0.4976921081542969,0.3858872652053833,-0.3716464042663574
0.4783633053302765,0.387277752161026,-0.35653695464134216
0.5791127681732178,0.40511178970336914,-0.15188142657279968
0.44698241353034973,0.40618282556533813,-0.09360423684120178
0.6447864770889282,0.44747233390808105,-0.09590578079223633
0.37962639331817627,0.4434172511100769,-0.011834339238703251
0.5917788147926331,0.48269587755203247,-0.19471566379070282
0.42805859446525574,0.4798184037208557,-0.11536169797182083
0.5730095505714417,0.49429288506507874,-0.23091523349285126
0.440311461687088,0.4912717938423157,-0.14464685320854187
0.5664709210395813,0.48675745725631714,-0.24447600543498993
0.4506608843803406,0.48449891805648804,-0.1633341759443283
0.5706778168678284,0.48279014229774475,-0.19785504043102264
0.4487903118133545,0.48079171776771545,-0.12157710641622543
0.5486828088760376,0.5239163637161255,-0.004952728748321533
0.47117170691490173,0.5222795605659485,0.004815458785742521
0.5526942014694214,0.6065051555633545,0.004768787417560816
0.4478245675563812,0.6097846627235413,0.0012538826558738947
0.5594651699066162,0.6896805763244629,0.1462959349155426
0.4317561984062195,0.6910492777824402,0.13402646780014038
0.5493097305297852,0.7001259326934814,0.15160313248634338
0.43783822655677795,0.6993959546089172,0.13901488482952118
0.5768183469772339,0.7146344184875488,-0.01538891438394785
0.42319345474243164,0.7177616357803345,-0.02783459797501564
-
0.48003849387168884,0.3803412914276123,-0.4216892123222351
0.48840129375457764,0.370893657207489,-0.41846418380737305
0.49448132514953613,0.36958035826683044,-0.4183932840824127
0.5009558796882629,0.3681888282299042,-0.41836947202682495
0.4754432737827301,0.37247568368911743,-0.4025323688983917
0.4724887013435364,0.37246260046958923,-0.40257808566093445
0.46933436393737793,0.3724657893180847,-0.4025611877441406
0.517536461353302,0.3670538365840912,-0.29885733127593994
0.4731001853942871,0.3715704083442688,-0.2296230047941208
0.496637225151062,0.38552364706993103,-0.37056419253349304
0.4782145619392395,0.3869219124317169,-0.350427508354187
0.579461395740509,0.40513506531715393,-0.15493081510066986
0.4483397901058197,0.40597981214523315,-0.08624660968780518
0.6458138227462769,0.4477604031562805,-0.1162392720580101
0.38087594509124756,0.4432891011238098,-0.008373977616429329
0.5917912721633911,0.4826904833316803,-0.22967204451560974
0.42804646492004395,0.4797948896884918,-0.11916206032037735
0.5730518698692322,0.4942874014377594,-0.26751405000686646
0.44023993611335754,0.49121707677841187,-0.14774228632450104
0.5665529370307922,0.48667144775390625,-0.27934056520462036
0.45055249333381653,0.48446202278137207,-0.16772840917110443
0.5707796216011047,0.482705682516098,-0.23216913640499115
0.4486985206604004,0.4807625710964203,-0.12541010975837708
0.5485230088233948,0.5239553451538086,-0.006482049357146025
0.4711589813232422,0.5221683382987976,0.006331366952508688
0.5526942610740662,0.6067777276039124,0.007567189633846283
0.44809645414352417,0.6097850799560547,0.005592045374214649
0.5599368810653687,0.689551055431366,0.1517457365989685
0.43176889419555664,0.691107988357544,0.13937973976135254
0.5500532388687134,0.6997737288475037,0.15734277665615082
0.43770676851272583,0.6994411945343018,0.14425644278526306
0.57682865858078,0.7146377563476562,-0.013138128444552422
0.42381495237350464,0.7179414629936218,-0.02559083327651024
-
0.4787217080593109,0.3796843886375427,-0.40050891041755676
0.48683932423591614,0.37037351727485657,-0.39841940999031067
0.4929996132850647,0.3689953684806824,-0.3983648121356964
0.4994750916957855,0.3675920069217682,-0.3983421325683594
0.47453609108924866,0.37205174565315247,-0.37958788871765137
0.4714333713054657,0.3720908761024475,-0.3796159625053406
0.46824344992637634,0.3721441924571991,-0.3795875906944275
0.517064094543457,0.36659544706344604,-0.28858503699302673
0.4730696678161621,0.3712818920612335,-0.20462246239185333
0.4948820471763611,0.38508114218711853,-0.35287293791770935
0.4775664806365967,0.38645464181900024,-0.3286695182323456
0.5796878933906555,0.405159056186676,-0.153998464345932
0.44909489154815674,0.4058087468147278,-0.06313597410917282
0.6471623182296753,0.44797807931900024,-0.12167719006538391
0.38333219289779663,0.44267264008522034,0.016241740435361862
0.5910189151763916,0.4827866554260254,-0.2387925088405609
0.4279835522174835,0.47958093881607056,-0.10468034446239471
0.571712076663971,0.4943912625312805,-0.27712857723236084
0.44009217619895935,0.491039514541626,-0.13437595963478088
0.5652569532394409,0.486683189868927,-0.2878700792789459
0.4503287971019745,0.4843069911003113,-0.15116913616657257
0.5697927474975586,0.48271745443344116,-0.2405499368906021
0.4484969973564148,0.4805982708930969,-0.11119769513607025
0.547926664352417,0.5240427851676941,-0.007463037967681885
0.47115015983581543,0.5220860242843628,0.007322796154767275
0.5527271032333374,0.6069350838661194,0.0051717208698391914
0.4482048749923706,0.6097765564918518,0.0047839037142694
0.5606346726417542,0.6895813345909119,0.14408542215824127
0.4317307770252228,0.6911128163337708,0.13435718417167664
0.5511623620986938,0.6998953223228455,0.1493011713027954
0.43719443678855896,0.6994163393974304,0.13861794769763947
0.5770522356033325,0.7145894169807434,-0.019884953275322914
0.4238969683647156,0.7180513739585876,-0.031693462282419205
-
0.47640952467918396,0.37787818908691406,-0.3690372109413147
0.48400259017944336,0.3687003552913666,-0.3686148226261139
0.4897700846195221,0.3675289750099182,-0.3685603141784668
0.49612799286842346,0.3664182126522064,-0.3685314953327179
0.47284942865371704,0.3703802824020386,-0.34714990854263306
0.46979203820228577,0.3704654574394226,-0.3471734821796417
0.4670058488845825,0.37053218483924866,-0.34715116024017334
0.5158777832984924,0.3659546971321106,-0.2715579569339752
0.4731164574623108,0.3699648380279541,-0.1754404455423355
0.4908660054206848,0.3835511803627014,-0.326619952917099
0.47599923610687256,0.38469481468200684,-0.29891493916511536
0.579796552658081,0.40516597032546997,-0.1489802747964859
0.44975924491882324,0.40559667348861694,-0.0414651557803154
0.6481902003288269,0.44798922538757324,-0.12140348553657532
0.38526543974876404,0.4418674409389496,0.037166792899370193
0.5907243490219116,0.4828566610813141,-0.23202916979789734
0.427950382232666,0.4794357419013977,-0.08705926686525345
0.5711408257484436,0.4944378733634949,-0.2699655592441559
0.4398990273475647,0.4909026026725769,-0.11767946928739548
0.5646836757659912,0.4867088198661804,-0.2816552221775055
0.44994261860847473,0.4842304587364197,-0.13400112092494965
0.5694349408149719,0.4827316403388977,-0.23399539291858673
0.44811952114105225,0.4805004596710205,-0.09408622235059738
0.5469698309898376,0.5241262316703796,-0.009494124911725521
0.4710055887699127,0.5220786333084106,0.009363969787955284
0.5527725219726562,0.6070047616958618,0.003667272161692381
0.4482037425041199,0.6097805500030518,0.004312731791287661
0.5608911514282227,0.6895889639854431,0.14214132726192474
0.4316363036632538,0.6911181211471558,0.13375888764858246
0.5514340400695801,0.6998928785324097,0.14714305102825165
0.43659910559654236,0.6994492411613464,0.13777023553848267
0.5769520401954651,0.7146861553192139,-0.02224966697394848
0.4238946735858917,0.7180304527282715,-0.0324479416012764
-
0.4748820960521698,0.3769741952419281,-0.3721473217010498
0.48239219188690186,0.3677305579185486,-0.37339213490486145
0.4879307150840759,0.36661016941070557,-0.3733220100402832
0.4943115711212158,0.365609735250473,-0.37328121066093445
0.47155728936195374,0.36944711208343506,-0.35075435042381287
0.46862372756004333,0.3695397973060608,-0.3507836163043976
0.46625328063964844,0.3696078658103943,-0.3507552146911621
0.5151817798614502,0.3654264211654663,-0.27773186564445496
0.4732113182544708,0.369245707988739,-0.1812039017677307
0.4887485206127167,0.3828606605529785,-0.3318464457988739
0.4749998450279236,0.38390129804611206,-0.3027561604976654
0.580403745174408,0.40531986951828003,-0.1542426496744156
0.45086944103240967,0.4055432379245758,-0.0498422347009182
0.6499935388565063,0.4488135278224945,-0.14277063310146332
0.38573959469795227,0.4415207803249359,0.023512141779065132
0.5894686579704285,0.4831276535987854,-0.2528758943080902
0.42790526151657104,0.4791804850101471,-0.09859029948711395
0.5686460733413696,0.49446406960487366,-0.2898334562778473
0.43968841433525085,0.4904635548591614,-0.129276305437088
0.5626716017723083,0.486698716878891,-0.2975899577140808
0.44907763600349426,0.48383551836013794,-0.14629970490932465
0.5676499009132385,0.4827299118041992,-0.25295501947402954
0.4473162293434143,0.4801366925239563,-0.1054273173213005
0.5462844967842102,0.5242732167243958,-0.010690362192690372
0.4708256721496582,0.521996796131134,0.010532629676163197
0.5527816414833069,0.6071748733520508,0.006433866918087006
0.44817814230918884,0.6097772121429443,0.010674105025827885
0.5609116554260254,0.6895912885665894,0.14823198318481445
0.4315938353538513,0.6910958290100098,0.14173531532287598
0.5515849590301514,0.6998632550239563,0.15369254350662231
0.43632805347442627,0.6994438767433167,0.14603844285011292
0.5764695405960083,0.7147326469421387,-0.014490164816379547
0.4238433539867401,0.7180213928222656,-0.021766861900687218
-
0.4731213450431824,0.37664204835891724,-0.3596417307853699
0.48083093762397766,0.36745744943618774,-0.363436758518219
0.4857715666294098,0.36631354689598083,-0.36335721611976624
0.4917090833187103,0.3652859032154083,-0.36331477761268616
0.47036781907081604,0.3692566156387329,-0.33927083015441895
0.4678705930709839,0.3693762421607971,-0.33931007981300354
0.46584999561309814,0.3694537878036499,-0.3392905294895172
0.5137896537780762,0.365121454000473,-0.2796489894390106
0.47381097078323364,0.36905112862586975,-0.1752421110868454
0.4866626262664795,0.38248878717422485,-0.3231923282146454
0.47418561577796936,0.38360223174095154,-0.29213109612464905
0.5809653401374817,0.4055439531803131,-0.15390722453594208
0.45236074924468994,0.4055323004722595,-0.05463844910264015
0.6505429744720459,0.45003741979599,-0.12758561968803406
0.3869585692882538,0.4414423108100891,0.018204014748334885
0.5889279842376709,0.48345333337783813,-0.23330077528953552
0.4280666410923004,0.4790019989013672,-0.10099568963050842
0.5680012702941895,0.4948185384273529,-0.2661178410053253
0.4396514892578125,0.4901042580604553,-0.13179166615009308
0.56123948097229,0.4868907332420349,-0.27144449949264526
0.44884639978408813,0.4836290776729584,-0.14697997272014618
0.5662758350372314,0.4829484820365906,-0.23018768429756165
0.4472559690475464,0.47997957468032837,-0.1073850616812706
0.5460851192474365,0.5242746472358704,-0.010001290589571
0.47083044052124023,0.5217377543449402,0.009818599559366703
0.5528821349143982,0.6072920560836792,0.006115346681326628
0.4486323595046997,0.6095786690711975,-0.0009794804500415921
0.5611168742179871,0.689591646194458,0.14207299053668976
0.43157249689102173,0.6909288167953491,0.1204826682806015
0.551764726638794,0.7000006437301636,0.14691662788391113
0.436042457818985,0.6991075873374939,0.12412653118371964
0.5785688757896423,0.7145940661430359,-0.017083609476685524
0.4257412850856781,0.7180384397506714,-0.04268234595656395
-
0.4696206748485565,0.37540677189826965,-0.34946340322494507
0.4779311716556549,0.36618971824645996,-0.35761287808418274
0.4827888607978821,0.3652034103870392,-0.357529878616333
0.4880633056163788,0.36424756050109863,-0.35748428106307983
0.4685317873954773,0.36784985661506653,-0.329611599445343
0.46669378876686096,0.3679700791835785,-0.3296557068824768
0.4649844765663147,0.3680543303489685,-0.3296492397785187
0.5123200416564941,0.36430829763412476,-0.28703370690345764
0.47431010007858276,0.36801835894584656,-0.1702391803264618
0.4829248785972595,0.3812558650970459,-0.31984350085258484
0.4717392027378082,0.3821190297603607,-0.2838640511035919
0.5812795162200928,0.4057844579219818,-0.17270882427692413
0.4529014527797699,0.4054393172264099,-0.05867335945367813
0.650428295135498,0.45225661993026733,-0.19255584478378296
0.3882429003715515,0.44117099046707153,-0.024895334616303444
0.5867917537689209,0.48454657196998596,-0.32477590441703796
0.4282090961933136,0.47889500856399536,-0.20225435495376587
0.5650200247764587,0.4957243800163269,-0.36722275614738464
0.43956083059310913,0.4899584650993347,-0.24244776368141174
0.5579077005386353,0.48757046461105347,-0.37387335300445557
0.4483647644519806,0.4835342764854431,-0.2548399567604065
0.5629315376281738,0.4837431311607361,-0.32490986585617065
0.44704535603523254,0.4798886775970459,-0.20981939136981964
0.545214056968689,0.5242361426353455,-0.011231381446123123
0.47045448422431946,0.5215862989425659,0.011030458845198154
0.5528687238693237,0.6073621511459351,0.0069614010863006115
0.4486173987388611,0.6095799803733826,0.01086828950792551
0.5611130595207214,0.6899593472480774,0.14486752450466156
0.43147820234298706,0.6909266710281372,0.14804401993751526
0.5518691539764404,0.7004006505012512,0.14970359206199646
0.4362599551677704,0.6991053819656372,0.15323050320148468
0.578683614730835,0.7147513031959534,-0.01697593182325363
0.4245609641075134,0.718039870262146,-0.012340974994003773
-
0.46928688883781433,0.3743903338909149,-0.35682034492492676
0.4781551659107208,0.3650238811969757,-0.36238619685173035
0.4829542338848114,0.3641913831233978,-0.36231112480163574
0.4883553683757782,0.36328867077827454,-0.3622661530971527
0.46857956051826477,0.36648744344711304,-0.33576440811157227
0.46679267287254333,0.36661234498023987,-0.33580511808395386
0.4650382101535797,0.36672279238700867,-0.3358030915260315
0.5121724605560303,0.3638838529586792,-0.28720828890800476
0.4755399823188782,0.3671521544456482,-0.1719237118959427
0.4823152422904968,0.38061073422431946,-0.3239622712135315
0.47118908166885376,0.38125067949295044,-0.28987881541252136
0.5812802910804749,0.4059956967830658,-0.17608234286308289
0.4539676606655121,0.4053792357444763,-0.0566977821290493
0.6502164006233215,0.4534972608089447,-0.19679859280586243
0.38979217410087585,0.4407808184623718,-0.02450292930006981
0.577604353427887,0.4870619773864746,-0.32435035705566406
0.428175687789917,0.47834864258766174,-0.20277710258960724
0.5563299655914307,0.498135507106781,-0.36656588315963745
0.43894076347351074,0.4897712171077728,-0.2434442788362503
0.5497796535491943,0.4899264872074127,-0.3746319115161896
0.44732704758644104,0.4834466874599457,-0.2580623924732208
0.554404079914093,0.486044704914093,-0.32500460743904114
0.4464283883571625,0.4797106385231018,-0.21142709255218506
0.5439849495887756,0.5242641568183899,-0.012048162519931793
0.47022780776023865,0.5215682983398438,0.011846804991364479
0.5527803301811218,0.6075401306152344,0.0069501036778092384
0.4486115872859955,0.6095792651176453,0.011080484837293625
0.5610950589179993,0.6900525689125061,0.14992740750312805
0.43151745200157166,0.6909199953079224,0.15385626256465912
0.5519586205482483,0.7005183696746826,0.15524934232234955
0.4370967745780945,0.6991023421287537,0.15925630927085876
0.5789908170700073,0.7149125337600708,-0.016359560191631317
0.4245558977127075,0.7180635333061218,-0.009875521995127201
-
0.4687020182609558,0.37321972846984863,-0.3309701383113861
0.47782304883003235,0.36385130882263184,-0.33689871430397034
0.4825924336910248,0.3631170690059662,-0.33682963252067566
0.4877913296222687,0.3622886538505554,-0.33678561449050903
0.468680739402771,0.36521872878074646,-0.30936649441719055
0.4668923616409302,0.3653748631477356,-0.30940160155296326
0.4651956856250763,0.3655221164226532,-0.3094033896923065
0.5116044878959656,0.3635222315788269,-0.2716708183288574
0.47751638293266296,0.36635273694992065,-0.14909395575523376
0.48145827651023865,0.3797353208065033,-0.3008614778518677
0.47080448269844055,0.38018327951431274,-0.26561519503593445
0.5810219049453735,0.4060954451560974,-0.17499618232250214
0.4548679292201996,0.4053831994533539,-0.037224821746349335
0.6480963230133057,0.45498281717300415,-0.16725370287895203
0.3916747272014618,0.44066229462623596,0.0026275343261659145
0.5767357349395752,0.48996323347091675,-0.2997414171695709
0.4281684458255768,0.47777900099754333,-0.17644110321998596
0.5578803420066833,0.5032624006271362,-0.33877697587013245
0.4389130175113678,0.4895626902580261,-0.2110893726348877
0.549445390701294,0.4968949854373932,-0.3419233560562134
0.44726863503456116,0.48334741592407227,-0.226015105843544
0.552216649055481,0.4921846389770508,-0.300741970539093
0.4464154839515686,0.479511559009552,-0.18286068737506866
0.5430364012718201,0.5242694616317749,-0.012342811562120914
0.4701082110404968,0.5215698480606079,0.012152612209320068
0.5526599287986755,0.6075392961502075,-0.0021429911721497774
0.448572039604187,0.6095728874206543,0.0009813433280214667
0.5611079931259155,0.690269410610199,0.13487447798252106
0.4315156638622284,0.690998911857605,0.1379634588956833
0.5520527958869934,0.7005904912948608,0.1389731466770172
0.4374871850013733,0.6991987824440002,0.14220030605793
0.5797532200813293,0.7155250906944275,-0.0352790541946888
0.42472630739212036,0.7181078195571899,-0.028927715495228767
-
0.4674231708049774,0.3728709816932678,-0.3237740695476532
0.4763229787349701,0.3634070158004761,-0.3316303789615631
0.4812536835670471,0.3626236617565155,-0.3315749168395996
0.4863542318344116,0.3617972433567047,-0.3315390646457672
0.46807998418807983,0.3648970127105713,-0.30151885747909546
0.46651598811149597,0.3651043474674225,-0.30154505372047424
0.46501418948173523,0.3652970790863037,-0.30153900384902954
0.5104312300682068,0.3631746768951416,-0.2720639705657959
0.47778579592704773,0.366243451833725,-0.13854464888572693
0.4803278148174286,0.37936994433403015,-0.2959011495113373
0.4702233672142029,0.37988024950027466,-0.2573040723800659
0.5806728005409241,0.40618640184402466,-0.1786378026008606
0.4551854431629181,0.40559449791908264,-0.01689833775162697
0.6417852640151978,0.45808109641075134,-0.18754863739013672
0.3947748839855194,0.4405992031097412,0.026234647259116173
0.5754196047782898,0.49442267417907715,-0.3078993558883667
0.4281989634037018,0.4772336483001709,-0.16586101055145264
0.5585324764251709,0.5109156370162964,-0.3518926501274109
0.4387556314468384,0.4893409311771393,-0.2037549763917923
0.5496574640274048,0.5056754946708679,-0.37085455656051636
0.4471975862979889,0.4833356440067291,-0.22281017899513245
0.5511063933372498,0.5002853274345398,-0.3122439980506897
0.4464060366153717,0.4794712960720062,-0.1753753274679184
0.5425577163696289,0.524188756942749,-0.01689300313591957
0.4700484275817871,0.5215632915496826,0.016764240339398384
0.5525609850883484,0.6074419617652893,-0.001890268293209374
0.4483456015586853,0.6095772981643677,-0.004636858124285936
0.5611059665679932,0.6902796626091003,0.13759204745292664
0.43145081400871277,0.6910547018051147,0.13425421714782715
0.5520564317703247,0.7005726099014282,0.14115050435066223
0.43765610456466675,0.6993352174758911,0.13796265423297882
0.5794152617454529,0.7158961296081543,-0.03451123088598251
0.42474713921546936,0.7181469202041626,-0.04022171348333359
-
0.4672413766384125,0.37091365456581116,-0.30171269178390503
0.476102352142334,0.3615381419658661,-0.30975767970085144
0.4810257852077484,0.3608502447605133,-0.30971136689186096
0.48616328835487366,0.36015358567237854,-0.3096781075000763
0.4680545926094055,0.3631894588470459,-0.27797725796699524
0.46654221415519714,0.36355477571487427,-0.2779940068721771
0.46504294872283936,0.3638874292373657,-0.2779703736305237
0.5099680423736572,0.3623361587524414,-0.25646981596946716
0.47817087173461914,0.365609347820282,-0.1139398142695427
0.47999775409698486,0.3778473436832428,-0.2762664556503296
0.47000935673713684,0.37857240438461304,-0.23536889255046844
0.580664336681366,0.40629997849464417,-0.17442560195922852
0.4553599953651428,0.4057105481624603,0.005430467426776886
0.6351611018180847,0.46043530106544495,-0.18428026139736176
0.39893820881843567,0.44103139638900757,0.038234908133745193
0.5728399753570557,0.4967505931854248,-0.3002484440803528
0.42818695306777954,0.4771115779876709,-0.16792215406894684
0.5591869950294495,0.5145554542541504,-0.34571194648742676
0.43826156854629517,0.48934921622276306,-0.21077972650527954
0.5495085120201111,0.5093374252319336,-0.3661753833293915
0.44682982563972473,0.4833536148071289,-0.23189227283000946
0.5496897101402283,0.5034757852554321,-0.3052133023738861
0.4462495446205139,0.47947025299072266,-0.1804960072040558
0.541901707649231,0.5240305066108704,-0.0198963675647974
0.4693988859653473,0.5216000080108643,0.01979297213256359
0.5523912906646729,0.6072996854782104,-0.0074597373604774475
0.4479021430015564,0.6096608638763428,-0.0027813136111944914
0.5611040592193604,0.6902786493301392,0.13894952833652496
0.43144384026527405,0.6911144256591797,0.14195211231708527
0.552055299282074,0.7005699872970581,0.14283496141433716
0.43843352794647217,0.6994627118110657,0.14574071764945984
0.5794095993041992,0.7160865068435669,-0.03767581656575203
0.42431941628456116,0.718256413936615,-0.03518546372652054
-
0.4668705463409424,0.3683670163154602,-0.2600383162498474
0.4756126403808594,0.35928237438201904,-0.2649132013320923
0.48052728176116943,0.3586791157722473,-0.2648765444755554
0.4857127368450165,0.3581334054470062,-0.2648466229438782
0.46787992119789124,0.3608061671257019,-0.23565180599689484
0.4664680063724518,0.36122873425483704,-0.2356722056865692
0.46503782272338867,0.36163952946662903,-0.23564086854457855
0.5096501111984253,0.3610832095146179,-0.20702533423900604
0.4784732460975647,0.36415964365005493,-0.07598735392093658
0.4794226288795471,0.3755139708518982,-0.23405076563358307
0.4696916341781616,0.3764381408691406,-0.19635964930057526
0.5804579854011536,0.4063904881477356,-0.1335267424583435
0.455424964427948,0.405739963054657,0.028039921075105667
0.6291952133178711,0.46073222160339355,-0.17023241519927979
0.4035646319389343,0.4426880478858948,0.03449214622378349
0.5642656683921814,0.4958680272102356,-0.29363375902175903
0.42833930253982544,0.4770428538322449,-0.1886308193206787
0.5538452863693237,0.5131224393844604,-0.330471009016037
0.43810513615608215,0.4893512725830078,-0.23771889507770538
0.5399613976478577,0.5074292421340942,-0.3474794030189514
0.446432888507843,0.48338252305984497,-0.260240375995636
0.5398110151290894,0.501941978931427,-0.2949729561805725
0.4461016356945038,0.4794681966304779,-0.20329596102237701
0.5407682061195374,0.5235656499862671,-0.019367041066288948
0.46870672702789307,0.5213003158569336,0.019265158101916313
0.552369236946106,0.6070849895477295,-0.01782858371734619
0.44770342111587524,0.6096572875976562,-0.002426351187750697
0.5612010359764099,0.6903368234634399,0.1308109313249588
0.4314430356025696,0.691096842288971,0.14257994294166565
0.5520457625389099,0.7009551525115967,0.13463094830513
0.4394412636756897,0.6994778513908386,0.14631317555904388
0.5800350904464722,0.7164491415023804,-0.05072735249996185
0.4221586585044861,0.7181836366653442,-0.03420620039105415
-
0.466599702835083,0.367069810628891,-0.2393757551908493
0.47517475485801697,0.35776486992836,-0.24371273815631866
0.48000144958496094,0.35712045431137085,-0.24368295073509216
0.48518508672714233,0.35658806562423706,-0.24364376068115234
0.4676155149936676,0.35926419496536255,-0.2147073596715927
0.46623870730400085,0.3596513569355011,-0.21473287045955658
0.464889258146286,0.360075980424881,-0.2147226184606552
0.5091986656188965,0.3595885634422302,-0.18497051298618317
0.47851330041885376,0.36314529180526733,-0.05523978918790817
0.4790625274181366,0.37421661615371704,-0.21340249478816986
0.46951422095298767,0.3752284646034241,-0.17605185508728027
0.5796787738800049,0.40644583106040955,-0.11027875542640686
0.4559950530529022,0.4058043360710144,0.04145462065935135
0.6261335015296936,0.4617536664009094,-0.15898391604423523
0.40624096989631653,0.44296789169311523,0.03533492237329483
0.5460954308509827,0.4951418936252594,-0.2847312092781067
0.4284663796424866,0.47640281915664673,-0.19117386639118195
0.5279095768928528,0.511015772819519,-0.32837674021720886
0.4377400279045105,0.48870936036109924,-0.24115689098834991
0.5145757794380188,0.5043613314628601,-0.34104254841804504
0.4459016025066376,0.48305559158325195,-0.26171696186065674
0.518843412399292,0.49984854459762573,-0.28698450326919556
0.4458979666233063,0.4791945517063141,-0.20504066348075867
0.5382888913154602,0.5240274667739868,-0.018951881676912308
0.4670810401439667,0.5218377113342285,0.01884295791387558
0.552328884601593,0.6072176694869995,-0.019229529425501823
0.4474404752254486,0.6099622845649719,0.0016575081972405314
0.5610383749008179,0.6903544664382935,0.1436840295791626
0.43135470151901245,0.6911135911941528,0.16426512598991394
0.5518364310264587,0.7010365128517151,0.15012666583061218
0.4394243359565735,0.6997352838516235,0.17007821798324585
0.5798729658126831,0.7164739966392517,-0.04305324703454971
0.4223423898220062,0.7182796001434326,-0.00796722061932087
-
0.466214656829834,0.3663049340248108,-0.2639259397983551
0.47463715076446533,0.35712748765945435,-0.2675999402999878
0.47935786843299866,0.3565188944339752,-0.2675785422325134
0.4846077263355255,0.3560134172439575,-0.26753920316696167
0.4670577943325043,0.3583759665489197,-0.24008309841156006
0.46565788984298706,0.35862910747528076,-0.24011783301830292
0.4644003212451935,0.3589473068714142,-0.24012985825538635
0.5086532831192017,0.35887402296066284,-0.20321980118751526
0.47854605317115784,0.3623270094394684,-0.08000922203063965
0.4787040650844574,0.3734763562679291,-0.23583397269248962
0.4692479372024536,0.3744845986366272,-0.20037539303302765
0.5784086585044861,0.40642595291137695,-0.12040329724550247
0.4560014605522156,0.4060247540473938,0.016185563057661057
0.6209771633148193,0.4632183909416199,-0.1792859435081482
0.4086214601993561,0.44372373819351196,0.007902996614575386
0.5366588234901428,0.4896615147590637,-0.33425840735435486
0.42949503660202026,0.47642630338668823,-0.22676077485084534
0.508984386920929,0.4985045790672302,-0.384926438331604
0.43770191073417664,0.48854345083236694,-0.27727147936820984
0.5012432336807251,0.49030113220214844,-0.38934072852134705
0.44574272632598877,0.4829554557800293,-0.29789218306541443
0.509541928768158,0.48757511377334595,-0.3352203369140625
0.44587796926498413,0.4791776239871979,-0.24088823795318604
0.5360634922981262,0.5242019891738892,-0.017158471047878265
0.465215802192688,0.5221588015556335,0.017026372253894806
0.5519611239433289,0.6072795391082764,-0.018646789714694023
0.4472476840019226,0.6100236177444458,0.004660249222069979
0.5610651969909668,0.689866840839386,0.169568732380867
0.43135932087898254,0.6911179423332214,0.17854779958724976
0.5518580675125122,0.7009804248809814,0.1777324229478836
0.4398860037326813,0.6998066902160645,0.18557949364185333
0.58128821849823,0.7162052392959595,-0.008783107623457909
0.42237600684165955,0.7187957167625427,0.005746510811150074
-
0.4661494493484497,0.3655603528022766,-0.21070806682109833
0.47460171580314636,0.3564448654651642,-0.21235717833042145
0.47934573888778687,0.35586702823638916,-0.21236355602741241
0.48465651273727417,0.3554154932498932,-0.21233507990837097
0.4668876528739929,0.35760563611984253,-0.18463797867298126
0.4654425382614136,0.3578470051288605,-0.1846626251935959
0.46420377492904663,0.3581875264644623,-0.18466050922870636
0.5086510181427002,0.3583517074584961,-0.14595898985862732
0.4787556231021881,0.3619620203971863,-0.021663634106516838
0.47870105504989624,0.3730570077896118,-0.18265901505947113
0.469207227230072,0.3740793764591217,-0.1469019055366516
0.5774729251861572,0.4059133529663086,-0.07997536659240723
0.4572162926197052,0.40625420212745667,0.0661030262708664
0.6147311925888062,0.46389040350914,-0.17286747694015503
0.4129338562488556,0.4459853172302246,0.031775251030921936
0.5239729285240173,0.4824623465538025,-0.3360805809497833
0.42926132678985596,0.475285142660141,-0.22007374465465546
0.4908151924610138,0.4909699857234955,-0.39245668053627014
0.4352501630783081,0.48696646094322205,-0.27512305974960327
0.48589789867401123,0.4820091724395752,-0.3938518464565277
0.44314172863960266,0.4817295968532562,-0.2975085973739624
0.49487173557281494,0.4791911542415619,-0.33617037534713745
0.4441862404346466,0.4781816601753235,-0.23596853017807007
0.5343146324157715,0.5244701504707336,-0.014606817625463009
0.46388137340545654,0.5223268866539001,0.014505819417536259
0.5518039464950562,0.6075032353401184,-0.03076246753334999
0.4470514953136444,0.6100151538848877,-0.01010518241673708
0.5610139966011047,0.6898331046104431,0.16367754340171814
0.4314459562301636,0.6911197900772095,0.16911527514457703
0.5516026020050049,0.7009813189506531,0.17034491896629333
0.4403218924999237,0.6999965906143188,0.17522047460079193
0.5819457769393921,0.7165905237197876,-0.009759681299328804
0.4230175018310547,0.719103991985321,-0.0011348312254995108
-
0.4662933051586151,0.36604830622673035,-0.20815055072307587
0.47468966245651245,0.35675710439682007,-0.21281494200229645
0.47946038842201233,0.35611218214035034,-0.212847501039505
0.4848063886165619,0.35557249188423157,-0.21284274756908417
0.4668806791305542,0.3580384850502014,-0.18331731855869293
0.4653896391391754,0.35832124948501587,-0.18333829939365387
0.4641340970993042,0.3586779236793518,-0.1833522766828537
0.508687436580658,0.3582161068916321,-0.15456470847129822
0.4789586067199707,0.3620995879173279,-0.021334389224648476
0.4789051413536072,0.37342512607574463,-0.18236969411373138
0.4692242443561554,0.37447455525398254,-0.14405497908592224
0.5773159265518188,0.4055696129798889,-0.09159278869628906
0.4583975076675415,0.4070112705230713,0.06604261696338654
0.6037660241127014,0.46608859300613403,-0.1797003149986267
0.4230126142501831,0.4522995948791504,0.02868613600730896
0.5033555626869202,0.47351589798927307,-0.33725348114967346
0.4310789704322815,0.4729997217655182,-0.24487270414829254
0.4713020324707031,0.48092445731163025,-0.39223814010620117
0.4357057213783264,0.48673439025878906,-0.30354049801826477
0.4715261161327362,0.4726629853248596,-0.39014965295791626
0.4432026743888855,0.4805242121219635,-0.326168417930603
0.4788822531700134,0.47032541036605835,-0.33560582995414734
0.4442182183265686,0.47617387771606445,-0.2625962495803833
0.5327415466308594,0.5245460867881775,-0.014464019797742367
0.46110856533050537,0.5223130583763123,0.014371463097631931
0.5515056848526001,0.6075780987739563,-0.033213987946510315
0.4470446705818176,0.6098772883415222,-0.010568707250058651
0.5607949495315552,0.6894993782043457,0.17058461904525757
0.4317845106124878,0.6911200284957886,0.1807652860879898
0.5512217879295349,0.7005910277366638,0.18051372468471527
0.4409814476966858,0.7001131772994995,0.18939223885536194
0.5820244550704956,0.7169001698493958,-0.00805393885821104
0.42312121391296387,0.7192403078079224,0.006830854341387749
-
0.4663769602775574,0.36629414558410645,-0.19934700429439545
0.47466179728507996,0.35689547657966614,-0.20446135103702545
0.4793942868709564,0.35636141896247864,-0.204554945230484
0.48474061489105225,0.35586869716644287,-0.2045912891626358
0.46673130989074707,0.35829609632492065,-0.17454013228416443
0.46522438526153564,0.35871970653533936,-0.1745402216911316
0.46399861574172974,0.35915425419807434,-0.17455382645130157
0.5085822939872742,0.35840389132499695,-0.14570102095603943
0.4790467917919159,0.362252414226532,-0.009931160137057304
0.4790394604206085,0.373801052570343,-0.17291396856307983
0.46949464082717896,0.3749214708805084,-0.13400939106941223
0.5762560367584229,0.4052550196647644,-0.09460685402154922
0.45976465940475464,0.4075161814689636,0.09070760011672974
0.5920623540878296,0.4669691026210785,-0.19923391938209534
0.4331091642379761,0.4568188786506653,0.03892643004655838
0.4926721453666687,0.4647257328033447,-0.36935728788375854
0.4368553161621094,0.47008585929870605,-0.2483905404806137
0.4623415172100067,0.46472686529159546,-0.42664018273353577
0.4367588758468628,0.4805791974067688,-0.30759066343307495
0.46280550956726074,0.4566085934638977,-0.42237281799316406
0.4418677091598511,0.46900254487991333,-0.33325713872909546
0.4705817401409149,0.45693954825401306,-0.36727702617645264
0.4441636800765991,0.46715980768203735,-0.2687070667743683
0.532130241394043,0.5247317552566528,-0.019326696172356606
0.4590577781200409,0.5224190950393677,0.01933986134827137
0.5506296157836914,0.6081258654594421,-0.029873337596654892
0.44701868295669556,0.6099162101745605,0.001428063027560711
0.5605870485305786,0.6900039315223694,0.16640786826610565
0.43157094717025757,0.6911402344703674,0.19222213327884674
0.5506963729858398,0.701003909111023,0.17515045404434204
0.44082799553871155,0.7004676461219788,0.20008248090744019
0.582214891910553,0.7176627516746521,-0.012490085326135159
0.4230384826660156,0.7192217111587524,0.015934506431221962
-
0.466450959444046,0.36720970273017883,-0.19522517919540405
0.47467851638793945,0.3574289381504059,-0.19705405831336975
0.4793950021266937,0.3566051125526428,-0.19715197384357452
0.48476019501686096,0.3558954894542694,-0.19719229638576508
0.4666106402873993,0.3593030869960785,-0.1685517579317093
0.4650723338127136,0.35981470346450806,-0.16854187846183777
0.4638395607471466,0.36028870940208435,-0.16855254769325256
0.5083513259887695,0.35854119062423706,-0.13033311069011688
0.4790654182434082,0.3625405728816986,-0.0004397231969051063
0.4793865978717804,0.37435227632522583,-0.16647234559059143
0.4701329171657562,0.37573790550231934,-0.12926732003688812
0.5753136873245239,0.4046398997306824,-0.08498386293649673
0.46155229210853577,0.4075891375541687,0.09691917896270752
0.5828429460525513,0.4666993021965027,-0.20182886719703674
0.4354709982872009,0.4549582898616791,0.07561871409416199
0.4894891083240509,0.45667076110839844,-0.3797100782394409
0.4389377534389496,0.47047799825668335,-0.1776159554719925
0.4612565040588379,0.4566318392753601,-0.4408800005912781
0.43880411982536316,0.4813718795776367,-0.23479093611240387
0.4632832407951355,0.4485766887664795,-0.4370850920677185
0.4420686960220337,0.4716270864009857,-0.26825571060180664
0.46966370940208435,0.4492652416229248,-0.3786865174770355
0.44429415464401245,0.46907296776771545,-0.20072898268699646
0.5312908291816711,0.5245681405067444,-0.017205186188220978
0.45798957347869873,0.5223493576049805,0.01729893870651722
0.5501941442489624,0.6081210374832153,-0.031172754243016243
0.4476607143878937,0.6090222597122192,-0.02059955522418022
0.5597389936447144,0.6899875998497009,0.16453580558300018
0.4311201274394989,0.6910659074783325,0.16465286910533905
0.5503796339035034,0.7009264230728149,0.17235471308231354
0.43959128856658936,0.7005356550216675,0.17199914157390594
0.5822761654853821,0.7172924876213074,-0.019346190616488457
0.4233885407447815,0.7192267179489136,-0.023182421922683716
-
0.4665144979953766,0.36927634477615356,-0.11648991703987122
0.47458893060684204,0.3597716689109802,-0.12659300863742828
0.479181706905365,0.35862770676612854,-0.126685231924057
0.48453980684280396,0.3574221730232239,-0.12671224772930145
0.46649879217147827,0.3619616627693176,-0.09140649437904358
0.4650057554244995,0.36239081621170044,-0.09140525758266449
0.4638046324253082,0.3628045320510864,-0.09142258763313293
0.5081852674484253,0.35882630944252014,-0.09478051215410233
0.47940465807914734,0.3633422553539276,0.06368491053581238
0.47962844371795654,0.3758840560913086,-0.10005634278059006
0.47082969546318054,0.3772113025188446,-0.05458298698067665
0.5746306777000427,0.40399259328842163,-0.07276927679777145
0.46805331110954285,0.4076911509037018,0.15172868967056274
0.5727113485336304,0.4661293625831604,-0.19394879043102264
0.44968220591545105,0.4563378691673279,0.08139028400182724
0.4779057800769806,0.4419257640838623,-0.32447752356529236
0.44036105275154114,0.46854907274246216,-0.19440197944641113
0.4515707790851593,0.437932550907135,-0.378775030374527
0.4387724697589874,0.47041529417037964,-0.2526620030403137
0.45177266001701355,0.4319041669368744,-0.3596399426460266
0.44130825996398926,0.462054580450058,-0.2804688513278961
0.45955902338027954,0.4330693185329437,-0.3161104619503021
0.4439529776573181,0.46083182096481323,-0.2189231663942337
0.5298870205879211,0.5245298743247986,-0.018921926617622375
0.457175612449646,0.5221289396286011,0.018991446122527122
0.5499758720397949,0.6082654595375061,-0.021604450419545174
0.4474662244319916,0.6090125441551208,-0.002654261654242873
0.55958491563797,0.6909996271133423,0.16430099308490753
0.43082961440086365,0.6911280751228333,0.17064431309700012
0.5499826073646545,0.7018204927444458,0.17193928360939026
0.43921101093292236,0.7009448409080505,0.1773889660835266
0.5843824744224548,0.7167845368385315,-0.01503391657024622
0.42291751503944397,0.7195378541946411,-0.004699077922850847
-
0.4656118154525757,0.3718982934951782,-0.10495129972696304
0.4727829694747925,0.36270174384117126,-0.11858176440000534
0.4773727357387543,0.36129230260849,-0.11867471039295197
0.4822542369365692,0.3597509562969208,-0.11870868504047394
0.46523454785346985,0.36494556069374084,-0.08079571276903152
0.46408611536026,0.36520814895629883,-0.08077199757099152
0.463122695684433,0.36539995670318604,-0.08078640699386597
0.5061894059181213,0.3595176339149475,-0.10696562379598618
0.4798612892627716,0.3640541434288025,0.06234487518668175
0.4794306755065918,0.3774867057800293,-0.09641692787408829
0.47085869312286377,0.37931352853775024,-0.047736670821905136
0.5736764073371887,0.40288710594177246,-0.0835157260298729
0.47287124395370483,0.407686710357666,0.14483188092708588
0.5641500353813171,0.46579065918922424,-0.19855789840221405
0.4490397274494171,0.45665210485458374,0.0908118486404419
0.46963322162628174,0.4354850649833679,-0.27842140197753906
0.43959417939186096,0.4687337279319763,-0.16901783645153046
0.44575560092926025,0.42998266220092773,-0.32569190859794617
0.4319654703140259,0.47138476371765137,-0.21930864453315735
0.4455336332321167,0.42364972829818726,-0.3119347393512726
0.44039082527160645,0.46533456444740295,-0.24748249351978302
0.4531461000442505,0.4252149164676666,-0.27125903964042664
0.4430276155471802,0.46260109543800354,-0.192181795835495
0.5287616848945618,0.5245313048362732,-0.023273974657058716
0.4556957185268402,0.5221253037452698,0.023320499807596207
0.5492251515388489,0.6082879900932312,-0.01256971899420023
0.4473825991153717,0.6089907288551331,0.013888124376535416
0.5596474409103394,0.6906183362007141,0.18285083770751953
0.43047675490379333,0.6911243796348572,0.18558081984519958
0.54937344789505,0.7013144493103027,0.1927734613418579
0.43848085403442383,0.7009598016738892,0.19296219944953918
0.5841773152351379,0.7167641520500183,0.013851112686097622
0.4237040579319,0.7196609973907471,0.02045646868646145
-
0.46564704179763794,0.3718927502632141,-0.09775784611701965
0.4728904366493225,0.3627510070800781,-0.11071596294641495
0.47749751806259155,0.36135196685791016,-0.11079336702823639
0.4824228882789612,0.359830766916275,-0.11082812398672104
0.46524399518966675,0.3650036156177521,-0.07464803010225296
0.4640823006629944,0.36529192328453064,-0.07461380213499069
0.4630972445011139,0.36552566289901733,-0.07461913675069809
0.506134569644928,0.35954946279525757,-0.10506387054920197
0.4799449145793915,0.36420542001724243,0.059004027396440506
0.4794635474681854,0.3775169551372528,-0.09155113250017166
0.4711076617240906,0.379305899143219,-0.04458644241094589
0.5731635093688965,0.40217480063438416,-0.0893353745341301
0.4719572365283966,0.4082450270652771,0.12891247868537903
0.5507836937904358,0.4647061824798584,-0.1575172245502472
0.44972357153892517,0.46704620122909546,0.10868582129478455
0.46838098764419556,0.4267701506614685,-0.15269385278224945
0.45689502358436584,0.5006645917892456,-0.07370955497026443
0.4468642771244049,0.4179067611694336,-0.18923673033714294
0.4524323642253876,0.510662853717804,-0.11012368649244308
0.4480929970741272,0.4115865230560303,-0.17980840802192688
0.45159584283828735,0.5047513842582703,-0.13877207040786743
0.4558432698249817,0.41398701071739197,-0.1469147652387619
0.4547843635082245,0.4991769790649414,-0.09344683587551117
0.5282579064369202,0.5245300531387329,-0.023494958877563477
0.4545366168022156,0.5221088528633118,0.023478195071220398
0.5488941669464111,0.6085623502731323,-0.01237976923584938
0.4469620883464813,0.6089397668838501,0.03541159629821777
0.5595297813415527,0.6899855732917786,0.18107405304908752
0.4304192364215851,0.6909653544425964,0.20606200397014618
0.5479428768157959,0.7003650665283203,0.19130320847034454
0.43846040964126587,0.7000052332878113,0.2141953557729721
0.5828334093093872,0.7167218327522278,0.01710604317486286
0.42405271530151367,0.7199870944023132,0.052122440189123154
-
0.46536749601364136,0.3720490038394928,-0.06482045352458954
0.47287118434906006,0.3632700741291046,-0.0817466750741005
0.4775335192680359,0.36198049783706665,-0.0818149745464325
0.4824443757534027,0.36058515310287476,-0.08186090737581253
0.4651585817337036,0.3652810752391815,-0.044093385338783264
0.4640153646469116,0.3655102550983429,-0.04403718560934067
0.46303802728652954,0.3657001554965973,-0.044031403958797455
0.5059364438056946,0.3600170314311981,-0.09751959145069122
0.4804469645023346,0.3643675148487091,0.07411853224039078
0.4795284569263458,0.3777341842651367,-0.0665561631321907
0.4711364805698395,0.37940487265586853,-0.01736920326948166
0.5731503963470459,0.4018884599208832,-0.09269130229949951
0.47324612736701965,0.40804973244667053,0.12757547199726105
0.5433381199836731,0.4643072187900543,-0.14698852598667145
0.4549438953399658,0.467940092086792,0.12010263651609421
0.4668668508529663,0.42052754759788513,-0.1063147783279419
0.45733219385147095,0.5123584270477295,-0.024747194722294807
0.44598299264907837,0.41074928641319275,-0.13629774749279022
0.45291751623153687,0.5247045159339905,-0.0544489324092865
0.4485301971435547,0.40575891733169556,-0.12713275849819183
0.45226436853408813,0.5199869871139526,-0.08297005295753479
0.4562932252883911,0.4075983166694641,-0.09982962906360626
0.4558524191379547,0.5139319896697998,-0.0431504026055336
0.5272740125656128,0.5245295763015747,-0.02600158378481865
0.453341543674469,0.5221351385116577,0.02591468207538128
0.5487168431282043,0.6089611649513245,-0.02525842748582363
0.44674789905548096,0.6089441180229187,0.046355146914720535
0.5595436692237854,0.6899920701980591,0.16787545382976532
0.43018221855163574,0.6909438371658325,0.2122797816991806
0.5471992492675781,0.7003059983253479,0.1803930252790451
0.43841633200645447,0.7000147104263306,0.2204214334487915
0.5817857980728149,0.71696537733078,0.00971839390695095
0.42363879084587097,0.7201535105705261,0.07117857038974762
-
0.46424612402915955,0.3729167580604553,-0.048290565609931946
0.47165367007255554,0.36440539360046387,-0.06496556848287582
0.47633349895477295,0.36322474479675293,-0.06503777951002121
0.48106086254119873,0.361968070268631,-0.06509644538164139
0.46405690908432007,0.3660809397697449,-0.02723330445587635
0.46298328042030334,0.3661990761756897,-0.02718546986579895
0.4620344936847687,0.3663135766983032,-0.027183182537555695
0.5046926736831665,0.360848069190979,-0.07835236191749573
0.48034295439720154,0.3650778830051422,0.09399103373289108
0.4789941608905792,0.3786073327064514,-0.04838702827692032
0.4708367586135864,0.38061919808387756,0.0008024427806958556
0.57245934009552,0.40121206641197205,-0.08507513999938965
0.47535374760627747,0.40792781114578247,0.15066441893577576
0.5379353165626526,0.4597682058811188,-0.13339103758335114
0.4603867530822754,0.4718117117881775,0.14534316956996918
0.4688527286052704,0.4116554856300354,-0.09832657873630524
0.45475640892982483,0.5025067925453186,-0.009526384063065052
0.4506424367427826,0.40130576491355896,-0.1306350827217102
0.4508490562438965,0.5130933523178101,-0.04062102362513542
0.4538782238960266,0.39812132716178894,-0.12067148089408875
0.4518589973449707,0.5072764158248901,-0.07033184170722961
0.46093350648880005,0.4008163511753082,-0.09217269718647003
0.4547080099582672,0.5022782683372498,-0.029079511761665344
0.5270363688468933,0.5245791077613831,-0.026018671691417694
0.45300906896591187,0.5226539969444275,0.025953110307455063
0.5487209558486938,0.6094764471054077,-0.03645801916718483
0.4467245638370514,0.6093961596488953,0.03699265420436859
0.5599660873413086,0.689990222454071,0.15617309510707855
0.43021464347839355,0.6909898519515991,0.20376695692539215
0.5475702285766602,0.7001192569732666,0.16829411685466766
0.43767789006233215,0.7001615762710571,0.21166454255580902
0.5821563005447388,0.7170820236206055,0.007481636479496956
0.4231512248516083,0.7201744318008423,0.05741959810256958
-
0.4620695412158966,0.37309759855270386,-0.030177079141139984
0.4695731997489929,0.36475083231925964,-0.051791973412036896
0.474255234003067,0.3637181520462036,-0.05185391753911972
0.47892308235168457,0.3626188337802887,-0.05190993845462799
0.46257323026657104,0.36612921953201294,-0.010622379370033741
0.461739718914032,0.3661718964576721,-0.010553528554737568
0.461029976606369,0.3662417531013489,-0.010548255406320095
0.5030131340026855,0.36148637533187866,-0.0840577483177185
0.48058217763900757,0.3651057779788971,0.10291928052902222
0.4770435690879822,0.37892207503318787,-0.03740951418876648
0.46965116262435913,0.38082364201545715,0.016332777217030525
0.5707986950874329,0.4002392292022705,-0.09675285220146179
0.47855567932128906,0.40610653162002563,0.1599835753440857
0.5352190136909485,0.4557703137397766,-0.14449924230575562
0.4684887230396271,0.47141575813293457,0.1598101258277893
0.4697492718696594,0.4083248972892761,-0.0932023674249649
0.45859649777412415,0.5076221227645874,0.024170858785510063
0.45193344354629517,0.39813217520713806,-0.12076152116060257
0.45403870940208435,0.5199965238571167,-0.0013887855457141995
0.456137090921402,0.39485758543014526,-0.10900439321994781
0.4534153938293457,0.5157768726348877,-0.030887065455317497
0.46291324496269226,0.39843979477882385,-0.08550189435482025
0.456642746925354,0.5099825263023376,0.0052102478221058846
0.525869607925415,0.5244930982589722,-0.03427276387810707
0.45278096199035645,0.5226534605026245,0.034182559698820114
0.5487136840820312,0.6098724603652954,-0.06139293685555458
0.4465998709201813,0.60959792137146,0.04155783727765083
0.5602166056632996,0.690166711807251,0.1568000316619873
0.4302392601966858,0.6910107135772705,0.22637857496738434
0.5479709506034851,0.7001212239265442,0.16926735639572144
0.4374595284461975,0.7004984617233276,0.23688983917236328
0.5794457793235779,0.717370867729187,0.007443618960678577
0.4226326048374176,0.7201724648475647,0.09087403863668442
-
0.4611138105392456,0.3731057345867157,-0.026315173134207726
0.468506395816803,0.3648279309272766,-0.04982244595885277
0.47298482060432434,0.3638975918292999,-0.04987861216068268
0.4775761365890503,0.3629056513309479,-0.04994470253586769
0.46204105019569397,0.3660557270050049,-0.007914909161627293
0.46140754222869873,0.3660925030708313,-0.007880264893174171
0.46086031198501587,0.3661937117576599,-0.00787401758134365
0.5014963150024414,0.3618987202644348,-0.0818590298295021
0.4811253547668457,0.36510029435157776,0.10837405174970627
0.475971519947052,0.37903136014938354,-0.03222079947590828
0.46926218271255493,0.38089990615844727,0.02215806022286415
0.5696367025375366,0.3999726474285126,-0.0971321389079094
0.48062196373939514,0.40484699606895447,0.17147374153137207
0.531561017036438,0.4528253972530365,-0.14698366820812225
0.46212688088417053,0.46329784393310547,0.15554454922676086
0.47004005312919617,0.40614742040634155,-0.06793275475502014
0.4597186744213104,0.4604306221008301,-0.0854627788066864
0.4530251920223236,0.3965998888015747,-0.09038269519805908
0.4573599398136139,0.4610603451728821,-0.1204114705324173
0.45737317204475403,0.39333146810531616,-0.08068539947271347
0.4588701128959656,0.45637422800064087,-0.10450659692287445
0.46396368741989136,0.3969945013523102,-0.059486135840415955
0.46120405197143555,0.4553355276584625,-0.09716492891311646
0.5257566571235657,0.5243975520133972,-0.03378064185380936
0.45303136110305786,0.5226544141769409,0.03373569995164871
0.5485525727272034,0.6102155447006226,-0.056910574436187744
0.4466126263141632,0.6096000075340271,0.03611927479505539
0.5603283643722534,0.6900421380996704,0.15290291607379913
0.430422842502594,0.6910237669944763,0.21387040615081787
0.5480576753616333,0.7000365853309631,0.16533401608467102
0.43747812509536743,0.7007115483283997,0.22287513315677643
0.5788863897323608,0.7173429131507874,0.0063238441944122314
0.42136481404304504,0.7203022241592407,0.06996900588274002
-
0.46005240082740784,0.3731316924095154,-0.011671132408082485
0.46672260761260986,0.36483705043792725,-0.03614016994833946
0.4708142578601837,0.3639512062072754,-0.0361938513815403
0.4752410352230072,0.36301296949386597,-0.03625284880399704
0.46086549758911133,0.3659905195236206,0.007310034707188606
0.46045976877212524,0.3660491108894348,0.007378992158919573
0.46014413237571716,0.36613836884498596,0.0073716528713703156
0.49898821115493774,0.3620584011077881,-0.07875882089138031
0.48111692070961,0.3649704158306122,0.1181449368596077
0.4747616648674011,0.3791281282901764,-0.022060461342334747
0.4688205420970917,0.38095664978027344,0.03431091085076332
0.566861629486084,0.4000164568424225,-0.10193915665149689
0.4837797284126282,0.4030078947544098,0.1766442060470581
0.5275317430496216,0.45063653588294983,-0.14904998242855072
0.4708620607852936,0.4631931185722351,0.17490634322166443
0.4717350900173187,0.4049258828163147,-0.06631678342819214
0.46667784452438354,0.48647475242614746,0.037030622363090515
0.4545446038246155,0.39566853642463684,-0.09174223989248276
0.4638022184371948,0.49716120958328247,0.013443599455058575
0.4589243233203888,0.3923874497413635,-0.08057386428117752
0.4648943543434143,0.4940081536769867,-0.012278713285923004
0.46523818373680115,0.3955394923686981,-0.058439455926418304
0.46684616804122925,0.48867863416671753,0.019043808802962303
0.5255053043365479,0.5242851376533508,-0.036665525287389755
0.45343461632728577,0.5226525664329529,0.036591675132513046
0.5483309626579285,0.6106537580490112,-0.06493712216615677
0.446605384349823,0.6096771955490112,0.038740940392017365
0.5602841973304749,0.690001904964447,0.15335716307163239
0.43048861622810364,0.6908881068229675,0.22737589478492737
0.5475855469703674,0.7000091671943665,0.16768725216388702
0.43746164441108704,0.7004719376564026,0.23795822262763977
0.5786862373352051,0.7173372507095337,0.010171997360885143
0.42117446660995483,0.7201019525527954,0.09293881803750992
-
0.4594467282295227,0.37346363067626953,-0.022322310134768486
0.4661567211151123,0.36514735221862793,-0.04712239280343056
0.47017425298690796,0.36427000164985657,-0.047176625579595566
0.474651038646698,0.3633478581905365,-0.0472419299185276
0.4603244364261627,0.3661656677722931,-0.003715373808518052
0.45997145771980286,0.36612433195114136,-0.00366999302059412
0.45969611406326294,0.36613351106643677,-0.0036860930267721415
0.4983029365539551,0.36230212450027466,-0.08195517957210541
0.48107287287712097,0.3649749755859375,0.11506782472133636
0.47392743825912476,0.37958666682243347,-0.02877059206366539
0.46844953298568726,0.38142484426498413,0.027522804215550423
0.5660647749900818,0.3999564051628113,-0.10179945826530457
0.4851274788379669,0.40212124586105347,0.1854270100593567
0.5277835130691528,0.44783949851989746,-0.15198151767253876
0.46570152044296265,0.4548830986022949,0.14404258131980896
0.47268298268318176,0.40319710969924927,-0.08470502495765686
0.46368134021759033,0.46360844373703003,0.01038011908531189
0.4555574953556061,0.39299947023391724,-0.11034275591373444
0.46116283535957336,0.46764808893203735,-0.03321528062224388
0.4590076804161072,0.3897750973701477,-0.10028073936700821
0.4631901681423187,0.46436649560928345,-0.07996026426553726
0.4655367136001587,0.3930387794971466,-0.07696524262428284
0.4651597738265991,0.4621472954750061,-0.014979341067373753
0.5253555774688721,0.5240870714187622,-0.037789009511470795
0.45358067750930786,0.5226519107818604,0.037747349590063095
0.5481298565864563,0.610623836517334,-0.06636626273393631
0.4467366635799408,0.6097040772438049,0.03627806901931763
0.5605413317680359,0.6900317668914795,0.15277798473834991
0.4306432902812958,0.6909497976303101,0.22288845479488373
0.5482461452484131,0.7000861763954163,0.16653786599636078
0.4374425709247589,0.700585663318634,0.2327093780040741
0.5785695314407349,0.7173319458961487,0.0028464817441999912
0.42030447721481323,0.7200391292572021,0.08072497695684433
-
0.45895907282829285,0.37359821796417236,-0.027148379012942314
0.4656347930431366,0.3651779592037201,-0.055785540491342545
0.46955469250679016,0.3643203675746918,-0.05585241690278053
0.47392892837524414,0.36342623829841614,-0.05592430382966995
0.4599943459033966,0.3661613166332245,-0.012061447836458683
0.4597479999065399,0.36609989404678345,-0.012020980007946491
0.4595625102519989,0.36609381437301636,-0.0120738185942173
0.497464120388031,0.36255061626434326,-0.08227795362472534
0.4810696840286255,0.3650573790073395,0.10098821669816971
0.47362470626831055,0.3799007534980774,-0.03568217530846596
0.46839573979377747,0.3817681670188904,0.021590689197182655
0.5654850006103516,0.3998309373855591,-0.11320706456899643
0.48640280961990356,0.40144485235214233,0.18801161646842957
0.530529260635376,0.4442806839942932,-0.17973758280277252
0.4643881618976593,0.41528335213661194,0.3144785761833191
0.4742414653301239,0.4018344283103943,-0.10851418226957321
0.4621295630931854,0.39643311500549316,0.3586708605289459
0.4563431143760681,0.3929515480995178,-0.1460755616426468
0.4627443850040436,0.3922485411167145,0.35832807421684265
0.46560847759246826,0.3892485797405243,-0.13314931094646454
0.465248703956604,0.3906964063644409,0.3413075804710388
0.4708344042301178,0.3922238051891327,-0.09592367708683014
0.4652058184146881,0.39218229055404663,0.3481524586677551
0.5253471732139587,0.5237070322036743,-0.04262399673461914
0.4551180899143219,0.5225775241851807,0.04268166050314903
0.5479737520217896,0.6104373335838318,-0.07431387156248093
0.44695425033569336,0.6095876097679138,0.02305649034678936
0.5608638525009155,0.6900116205215454,0.11346492916345596
0.43065181374549866,0.6909791231155396,0.18268917500972748
0.5490737557411194,0.7001147866249084,0.12299270927906036
0.4373529553413391,0.7011616826057434,0.18813267350196838
0.5782412886619568,0.7170953154563904,-0.051087770611047745
0.4193097949028015,0.7197495102882385,0.029868843033909798
-
