0.49547916650772095,0.3533923029899597,-0.30172857642173767
0.5048434138298035,0.3447776734828949,-0.2906878590583801
0.5118053555488586,0.34420955181121826,-0.29070156812667847
0.5187234282493591,0.34380215406417847,-0.29064005613327026
0.4944179654121399,0.3458036184310913,-0.27192750573158264
0.4922299385070801,0.3459514379501343,-0.27193593978881836
0.4898166358470917,0.346066415309906,-0.27194470167160034
0.5382108092308044,0.3475615382194519,-0.17247448861598969
0.4983844757080078,0.34984588623046875,-0.08818064630031586
0.5080508589744568,0.3622385859489441,-0.2560889422893524
0.49537786841392517,0.36279165744781494,-0.23179122805595398
0.6026465892791748,0.39974552392959595,-0.06775280088186264
0.46756982803344727,0.4004018306732178,0.011384419165551662
0.6216651201248169,0.46198949217796326,-0.2639006972312927
0.4388618469238281,0.46065354347229004,-0.13495087623596191
0.6436455845832825,0.42587709426879883,-0.6315679550170898
0.4150700569152832,0.42787712812423706,-0.511758029460907
0.6537047028541565,0.4132084250450134,-0.6959885358810425
0.40517669916152954,0.416443407535553,-0.5771499872207642
0.6514578461647034,0.4066576063632965,-0.699660062789917
0.4082910418510437,0.409524142742157,-0.5766485333442688
0.6449002623558044,0.4095234274864197,-0.6399539709091187
0.4131031036376953,0.4118804931640625,-0.5211052298545837
0.5677773356437683,0.5177374482154846,-0.008612058125436306
0.48505207896232605,0.5145596265792847,0.008337273262441158
0.5826371312141418,0.610442042350769,-0.04603782668709755
0.4737744927406311,0.6047455668449402,-0.030312828719615936
0.5976705551147461,0.6899657249450684,0.22993721067905426
0.4599052965641022,0.6845674514770508,0.23542088270187378
0.5875625610351562,0.6997628211975098,0.24693502485752106
0.46712058782577515,0.6914038062095642,0.2528320848941803
0.621113657951355,0.7183622717857361,0.05380406975746155
0.4462518095970154,0.7149443030357361,0.06375245004892349
-
0.4951927065849304,0.3534798324108124,-0.3202671706676483
0.5045782327651978,0.34477418661117554,-0.3110801875591278
0.5110041499137878,0.34418821334838867,-0.311111718416214
0.5174716711044312,0.3437250554561615,-0.31107017397880554
0.49423447251319885,0.3458615839481354,-0.29120853543281555
0.49216634035110474,0.3460389971733093,-0.2912232577800751
0.48981910943984985,0.34615933895111084,-0.29125168919563293
0.5378987789154053,0.347365140914917,-0.19948868453502655
0.49838316440582275,0.34984394907951355,-0.10896645486354828
0.5078797936439514,0.3621954619884491,-0.27671197056770325
0.49532797932624817,0.3627755045890808,-0.2507242262363434
0.6026471853256226,0.39974433183670044,-0.09208843111991882
0.46687066555023193,0.4004839360713959,-0.012888901866972446
0.6216567754745483,0.4620334208011627,-0.283185750246048
0.4388573467731476,0.46171244978904724,-0.15630213916301727
0.6438694596290588,0.42592954635620117,-0.6403017640113831
0.4156181812286377,0.4278663992881775,-0.5351460576057434
0.6531193256378174,0.4139630198478699,-0.7060807347297668
0.4067178964614868,0.4165244996547699,-0.6032712459564209
0.6514584422111511,0.4067874848842621,-0.7100290060043335
0.40909677743911743,0.4095982015132904,-0.6038874387741089
0.645143449306488,0.40962010622024536,-0.6489052772521973
0.4135303795337677,0.4121110439300537,-0.5456393957138062
0.5676735639572144,0.5179600119590759,-0.00873209722340107
0.48484018445014954,0.5156956315040588,0.008468549698591232
0.5826206803321838,0.609379768371582,-0.03871939331293106
0.47383058071136475,0.6047452688217163,-0.02470812015235424
0.5988312363624573,0.6899017095565796,0.231466144323349
0.45996856689453125,0.6854652762413025,0.23522019386291504
0.5889772176742554,0.6997434496879578,0.24814806878566742
0.4675999581813812,0.6930413246154785,0.2523050010204315
0.6217973232269287,0.7182723879814148,0.05405780300498009
0.44675174355506897,0.715766191482544,0.06112251430749893
-
0.4951050281524658,0.3535742163658142,-0.33420348167419434
0.5045644044876099,0.3447730243206024,-0.3244156241416931
0.5108528733253479,0.34417420625686646,-0.3244491517543793
0.5172300338745117,0.3436671793460846,-0.32441097497940063
0.49416378140449524,0.3459559977054596,-0.30502915382385254
0.4921407401561737,0.3461785614490509,-0.30504757165908813
0.48982301354408264,0.34632211923599243,-0.3050800561904907
0.5378478169441223,0.3472221791744232,-0.20945489406585693
0.4983731210231781,0.34984901547431946,-0.12102124094963074
0.5078783631324768,0.362184077501297,-0.2893922030925751
0.49531903862953186,0.36277762055397034,-0.26400402188301086
0.6026564836502075,0.39981502294540405,-0.10048428922891617
0.46627870202064514,0.4006107449531555,-0.02190706506371498
0.6216635704040527,0.46206599473953247,-0.2922004759311676
0.4388766288757324,0.46261030435562134,-0.16654564440250397
0.6441136002540588,0.4259827136993408,-0.6499900817871094
0.41612517833709717,0.42795127630233765,-0.5497305989265442
0.6526492834091187,0.41436606645584106,-0.716347336769104
0.4077383577823639,0.4167408347129822,-0.6188465356826782
0.6514479517936707,0.40686553716659546,-0.7203055620193481
0.4097180664539337,0.40979766845703125,-0.6198548078536987
0.6453055739402771,0.40968194603919983,-0.658610463142395
0.4139537811279297,0.4125226140022278,-0.5605236291885376
0.567635715007782,0.5181640386581421,-0.008936730213463306
0.4846855700016022,0.5163673162460327,0.008684620261192322
0.582593560218811,0.6088371872901917,-0.0350029394030571
0.47384873032569885,0.6047194004058838,-0.025046328082680702
0.5994272828102112,0.6898363828659058,0.23335617780685425
0.460024356842041,0.6860890984535217,0.23258039355278015
0.5898598432540894,0.6997169256210327,0.2497839629650116
0.4680466055870056,0.6941496133804321,0.2491709440946579
0.6219354867935181,0.7181640863418579,0.05439189821481705
0.44705283641815186,0.7164653539657593,0.05495882406830788
-
0.495148241519928,0.35357972979545593,-0.3526955842971802
0.5048204660415649,0.34472352266311646,-0.34103283286094666
0.510956346988678,0.3441104292869568,-0.34106889367103577
0.5173047780990601,0.34356290102005005,-0.3410346806049347
0.49417176842689514,0.3459679186344147,-0.32313916087150574
0.4921456277370453,0.34622156620025635,-0.323160856962204
0.48985129594802856,0.34639501571655273,-0.3231915235519409
0.5378569960594177,0.34709179401397705,-0.21829795837402344
0.49828219413757324,0.34986060857772827,-0.1364983171224594
0.5081921219825745,0.36212339997291565,-0.3050750195980072
0.4953598380088806,0.36276841163635254,-0.28168588876724243
0.6026545763015747,0.39984947443008423,-0.10776850581169128
0.46548759937286377,0.40079060196876526,-0.03305884078145027
0.6216278672218323,0.46213698387145996,-0.3006710410118103
0.43888333439826965,0.4632229208946228,-0.1813124120235443
0.6441736221313477,0.426216185092926,-0.6647465825080872
0.4167599678039551,0.42813840508461,-0.5713891983032227
0.6520708203315735,0.41506776213645935,-0.7323100566864014
0.40846696496009827,0.417027086019516,-0.6419897675514221
0.6513566970825195,0.40713056921958923,-0.7367483973503113
0.41026535630226135,0.4100613594055176,-0.6433203220367432
0.6453251838684082,0.40990859270095825,-0.673679530620575
0.414499968290329,0.41302093863487244,-0.5823739171028137
0.5676311254501343,0.518333375453949,-0.009027834981679916
0.4845951795578003,0.5168620347976685,0.008780082687735558
0.582570493221283,0.6084523797035217,-0.031847622245550156
0.47386738657951355,0.6046834588050842,-0.025294380262494087
0.5997385382652283,0.6897872090339661,0.239675834774971
0.46011480689048767,0.6864777207374573,0.23253244161605835
0.5903745293617249,0.6997005939483643,0.2563091814517975
0.4684792757034302,0.6947053670883179,0.2491815984249115
0.6219606399536133,0.7180538773536682,0.05881524458527565
0.44731494784355164,0.7169747948646545,0.053803492337465286
-
0.495319664478302,0.35358238220214844,-0.3625474274158478
0.5053101181983948,0.3446677327156067,-0.3501254916191101
0.511293351650238,0.3440532088279724,-0.3501594662666321
0.5176471471786499,0.343487948179245,-0.3501219153404236
0.4942447245121002,0.34596601128578186,-0.33294907212257385
0.49218711256980896,0.34622329473495483,-0.33297139406204224
0.4899197816848755,0.34640195965766907,-0.3330022692680359
0.5379084348678589,0.3470231890678406,-0.22366076707839966
0.49822285771369934,0.3498609662055969,-0.14524370431900024
0.5086149573326111,0.362077534198761,-0.31359514594078064
0.4954284131526947,0.36275818943977356,-0.2911893129348755
0.6025964617729187,0.39991897344589233,-0.11145099997520447
0.46463215351104736,0.4009380340576172,-0.04020020738244057
0.6215426325798035,0.4622410237789154,-0.30555859208106995
0.43887972831726074,0.46355122327804565,-0.19025622308254242
0.6442468166351318,0.42622336745262146,-0.6735777258872986
0.4172864556312561,0.4282396733760834,-0.5816293358802795
0.6518204808235168,0.4150944650173187,-0.7413102984428406
0.4089571237564087,0.4172207713127136,-0.6523053646087646
0.6512827277183533,0.4071349501609802,-0.7454314231872559
0.41070103645324707,0.4102892279624939,-0.6535027027130127
0.6453287601470947,0.4099150598049164,-0.6824714541435242
0.4150368869304657,0.413386732339859,-0.5924181342124939
0.567629873752594,0.5184981226921082,-0.00902515184134245
0.48449966311454773,0.5172125101089478,0.008777366951107979
0.5825690627098083,0.6082597970962524,-0.0296159740537405
0.4739002287387848,0.6046184301376343,-0.025522295385599136
0.6000280380249023,0.6897588968276978,0.2451978623867035
0.4601343870162964,0.6866517066955566,0.23334549367427826
0.5908051133155823,0.6996885538101196,0.262112021446228
0.46859973669052124,0.6948890686035156,0.250144898891449
0.6219636797904968,0.7180064916610718,0.06355395913124084
0.44748157262802124,0.7172579765319824,0.054435040801763535
-
0.49619394540786743,0.35358038544654846,-0.35534343123435974
0.5064634680747986,0.3446364104747772,-0.3415887951850891
0.5123264789581299,0.3440261483192444,-0.34161871671676636
0.5187972187995911,0.34346842765808105,-0.34157419204711914
0.494702011346817,0.34595829248428345,-0.3255693316459656
0.49245843291282654,0.3462231755256653,-0.3255850374698639
0.4902174770832062,0.34640324115753174,-0.325609415769577
0.5382122993469238,0.34702664613723755,-0.21426774561405182
0.4981769025325775,0.349872887134552,-0.13872012495994568
0.5098220109939575,0.36201179027557373,-0.3054119944572449
0.4958103597164154,0.3627285361289978,-0.2845596969127655
0.6022475957870483,0.40011635422706604,-0.10428543388843536
0.4639032483100891,0.40100327134132385,-0.03504984825849533
0.6214886903762817,0.46236521005630493,-0.2994958758354187
0.43886545300483704,0.46379947662353516,-0.1863391399383545
0.6444730758666992,0.42617765069007874,-0.6659433841705322
0.41786596179008484,0.4283674359321594,-0.5745800733566284
0.6517301201820374,0.41507425904273987,-0.7324807047843933
0.40947338938713074,0.417375385761261,-0.6445549726486206
0.6512075066566467,0.4071170389652252,-0.7367106676101685
0.4111969769001007,0.41050323843955994,-0.6455590724945068
0.6453283429145813,0.4098968505859375,-0.6746755838394165
0.41562893986701965,0.4137051999568939,-0.585139811038971
0.5676285028457642,0.5185949206352234,-0.008902853354811668
0.4843931496143341,0.517449676990509,0.00865154154598713
0.5825825333595276,0.6080974340438843,-0.0290981512516737
0.4739017188549042,0.604621946811676,-0.024476204067468643
0.6003528833389282,0.6897348165512085,0.24676354229450226
0.4601530432701111,0.6866824626922607,0.23627080023288727
0.5912213921546936,0.6996239423751831,0.263808935880661
0.4686632454395294,0.6948080062866211,0.2532350420951843
0.6218754649162292,0.7179550528526306,0.06537143141031265
0.4475224018096924,0.7173978686332703,0.0570896677672863
-
0.4971153140068054,0.35358503460884094,-0.35302048921585083
0.5074155330657959,0.34463515877723694,-0.3386742174625397
0.5132363438606262,0.3440243899822235,-0.33870553970336914
0.5198291540145874,0.3434673547744751,-0.3386596441268921
0.495199978351593,0.34596192836761475,-0.3231423795223236
0.4927750527858734,0.3462373912334442,-0.3231552839279175
0.4905644357204437,0.3464292883872986,-0.32317665219306946
0.5384686589241028,0.3470398187637329,-0.2100086212158203
0.4981636106967926,0.3498995304107666,-0.13591155409812927
0.5110247135162354,0.36197996139526367,-0.30248120427131653
0.4962911009788513,0.3627188801765442,-0.2822147011756897
0.6018425226211548,0.4002053737640381,-0.10099822282791138
0.4636189341545105,0.40106210112571716,-0.032586343586444855
0.6214709281921387,0.4624563157558441,-0.29695001244544983
0.43886834383010864,0.4640015661716461,-0.18353024125099182
0.6446560621261597,0.4261215329170227,-0.6616716384887695
0.4181097149848938,0.428445965051651,-0.5717592239379883
0.6516884565353394,0.41506820917129517,-0.7279221415519714
0.40970733761787415,0.41743963956832886,-0.6416336894035339
0.6511335372924805,0.4070967733860016,-0.7319900393486023
0.41137969493865967,0.4106271266937256,-0.6433735489845276
0.6453238129615784,0.4098770022392273,-0.670335590839386
0.41582706570625305,0.4138825535774231,-0.5826634168624878
0.5676051378250122,0.5187833309173584,-0.008649194613099098
0.48418787121772766,0.5176843404769897,0.008394338190555573
0.582595944404602,0.6080580353736877,-0.02792365476489067
0.4739030599594116,0.6046346426010132,-0.019764766097068787
0.6005213856697083,0.6897178888320923,0.25039008259773254
0.4602380394935608,0.6866670250892639,0.24337607622146606
0.5913938879966736,0.6995627880096436,0.2676389217376709
0.4687963128089905,0.6947830319404602,0.2605102062225342
0.6217108964920044,0.71790611743927,0.06850963085889816
0.44756099581718445,0.7174349427223206,0.06429249793291092
-
0.4981280565261841,0.3535897135734558,-0.35453328490257263
0.5083288550376892,0.34463587403297424,-0.3389599621295929
0.5141743421554565,0.3440250754356384,-0.3389942944049835
0.5209248661994934,0.34347259998321533,-0.3389504849910736
0.49572452902793884,0.3459809422492981,-0.32440024614334106
0.493097186088562,0.34627923369407654,-0.3244117200374603
0.4908820390701294,0.3464973270893097,-0.3244301974773407
0.5387712121009827,0.34706467390060425,-0.20802100002765656
0.4981345236301422,0.34997689723968506,-0.1364777833223343
0.5123094320297241,0.36194807291030884,-0.302700012922287
0.4968758523464203,0.3627111613750458,-0.2837051749229431
0.6013897061347961,0.4002150595188141,-0.0994989201426506
0.4634345471858978,0.4011639654636383,-0.03282035142183304
0.6214451193809509,0.46250414848327637,-0.29603812098503113
0.4388751983642578,0.4641316533088684,-0.18513378500938416
0.6447476148605347,0.4260450005531311,-0.6593287587165833
0.4182523488998413,0.4284958839416504,-0.5752407908439636
0.6516267657279968,0.4150291383266449,-0.7257375717163086
0.40986645221710205,0.4175077974796295,-0.6458150744438171
0.6510155200958252,0.4070645272731781,-0.7296386957168579
0.41151416301727295,0.41073471307754517,-0.6480712294578552
0.6452959775924683,0.40984898805618286,-0.6680134534835815
0.41597017645835876,0.41398948431015015,-0.5864564180374146
0.5675987601280212,0.5190178155899048,-0.008434073999524117
0.48409274220466614,0.5179291367530823,0.008176658302545547
0.5826233625411987,0.6080567240715027,-0.026550181210041046
0.47390416264533997,0.604649543762207,-0.017470376566052437
0.6006426215171814,0.6897128224372864,0.2521369755268097
0.4603317379951477,0.6866549253463745,0.24630175530910492
0.5915095210075378,0.6995266675949097,0.2693656384944916
0.4689355492591858,0.6947461366653442,0.2634502649307251
0.6215031743049622,0.71788090467453,0.0697726234793663
0.44760987162590027,0.7174431681632996,0.06717869639396667
-
0.4986633360385895,0.35358133912086487,-0.36138486862182617
0.5088603496551514,0.3446292281150818,-0.34492605924606323
0.5147076845169067,0.3440190255641937,-0.3449644148349762
0.5215476155281067,0.3434687554836273,-0.34492388367652893
0.49601536989212036,0.3459872007369995,-0.3311092257499695
0.4932783842086792,0.34630662202835083,-0.3311220705509186
0.4910590648651123,0.3465554118156433,-0.3311406970024109
0.5389286875724792,0.3470681309700012,-0.20838364958763123
0.498067170381546,0.35006847977638245,-0.14282643795013428
0.5130316019058228,0.3618468642234802,-0.30874139070510864
0.497223824262619,0.3626745939254761,-0.2907031774520874
0.6009397506713867,0.4002026617527008,-0.09901713579893112
0.46342357993125916,0.4012106955051422,-0.03953909873962402
0.6214281320571899,0.46250686049461365,-0.29455626010894775
0.43888241052627563,0.4641631543636322,-0.19459573924541473
0.6448714733123779,0.42583051323890686,-0.6634209752082825
0.4183947741985321,0.4285241961479187,-0.5872945785522461
0.6516259908676147,0.41480374336242676,-0.7311087846755981
0.410084068775177,0.4175760746002197,-0.6586023569107056
0.6509675979614258,0.4069656431674957,-0.7346026301383972
0.4116915762424469,0.4108290672302246,-0.6610161066055298
0.6452916264533997,0.4097607731819153,-0.6724069118499756
0.4161444902420044,0.41405361890792847,-0.5986658930778503
0.5675947070121765,0.5192856788635254,-0.008172944188117981
0.48405125737190247,0.5181907415390015,0.007913902401924133
0.5826554894447327,0.6080516576766968,-0.024012714624404907
0.473895400762558,0.6046596765518188,-0.014091504737734795
0.6007287502288818,0.6897104978561401,0.25391802191734314
0.46045035123825073,0.6866456270217896,0.24939197301864624
0.59157395362854,0.699510395526886,0.2710084617137909
0.46914470195770264,0.6947128176689148,0.26651644706726074
0.6214585304260254,0.7178739309310913,0.07144387811422348
0.44763532280921936,0.7174319624900818,0.07052455097436905
-
0.49876874685287476,0.3534920811653137,-0.3607138395309448
0.5090003609657288,0.3445771336555481,-0.34538060426712036
0.5148510336875916,0.3439704477787018,-0.3454191982746124
0.5217264890670776,0.34341126680374146,-0.3453757166862488
0.49610772728919983,0.3459731936454773,-0.33097004890441895
0.49334654211997986,0.3463054299354553,-0.3309873342514038
0.4911337196826935,0.3465573191642761,-0.33101195096969604
0.5389834642410278,0.34704580903053284,-0.21100449562072754
0.4980330467224121,0.35009321570396423,-0.14459316432476044
0.5132211446762085,0.3616337180137634,-0.3094903528690338
0.4973522126674652,0.3625406324863434,-0.2906460762023926
0.6005974411964417,0.40019670128822327,-0.10065922141075134
0.4634360373020172,0.40122613310813904,-0.04528453201055527
0.6214244961738586,0.4625025689601898,-0.2975712716579437
0.43888169527053833,0.4641520380973816,-0.20236244797706604
0.6450862288475037,0.42566728591918945,-0.6681575775146484
0.4184498190879822,0.4285256266593933,-0.5934306383132935
0.6516990065574646,0.4144379198551178,-0.735860288143158
0.4102410078048706,0.41759809851646423,-0.664184033870697
0.6509508490562439,0.40686172246932983,-0.7393119931221008
0.41183269023895264,0.41084447503089905,-0.6664100289344788
0.6452913880348206,0.4096956253051758,-0.6773018836975098
0.4162360727787018,0.41405075788497925,-0.6046549081802368
0.5675915479660034,0.5196031928062439,-0.007261909544467926
0.4839745759963989,0.5184726119041443,0.007007681764662266
0.5826566815376282,0.6080502867698669,-0.01784897968173027
0.4738958477973938,0.6047688126564026,-0.005873110610991716
0.6007879376411438,0.6897083520889282,0.25533583760261536
0.46047624945640564,0.6866366267204285,0.25160491466522217
0.5916251540184021,0.6995083093643188,0.2719334661960602
0.46916669607162476,0.6946882605552673,0.2681664526462555
0.6214800477027893,0.7178281545639038,0.07351052761077881
0.44767552614212036,0.7173926830291748,0.07244721800088882
-
0.49878183007240295,0.35340309143066406,-0.3570805490016937
0.5090423822402954,0.34451964497566223,-0.342415988445282
0.514898419380188,0.3439166843891144,-0.34245237708091736
0.5217881202697754,0.34334129095077515,-0.34240657091140747
0.49614736437797546,0.3459332585334778,-0.3274105489253998
0.49338221549987793,0.34627848863601685,-0.3274272382259369
0.4911767840385437,0.34654152393341064,-0.3274518847465515
0.5390387773513794,0.3470025360584259,-0.210701122879982
0.4980282187461853,0.3500944674015045,-0.1422269642353058
0.5132237076759338,0.36145585775375366,-0.30671924352645874
0.4973958432674408,0.3623958230018616,-0.2871188819408417
0.6004514694213867,0.4001474380493164,-0.10081908106803894
0.46353912353515625,0.40124306082725525,-0.04530041664838791
0.6214324235916138,0.46247491240501404,-0.29716697335243225
0.43887701630592346,0.4641140103340149,-0.20103277266025543
0.6453259587287903,0.42545050382614136,-0.6660668849945068
0.41846978664398193,0.42850416898727417,-0.5883238315582275
0.6519362330436707,0.413878858089447,-0.7332348227500916
0.4103432595729828,0.41760072112083435,-0.6580690145492554
0.6509480476379395,0.40664607286453247,-0.7367383241653442
0.4119586944580078,0.41084322333335876,-0.6599645614624023
0.6452999114990234,0.4095425605773926,-0.675121545791626
0.4163079857826233,0.4140263497829437,-0.599286675453186
0.5675866603851318,0.5198415517807007,-0.006555221974849701
0.48386865854263306,0.5186015963554382,0.0063031865283846855
0.58265221118927,0.6080306768417358,-0.015467599965631962
0.4738940894603729,0.6048590540885925,0.0006210348219610751
0.6008477210998535,0.6897095441818237,0.2539166212081909
0.4604753851890564,0.686618447303772,0.2526562511920929
0.5917123556137085,0.6995055079460144,0.27071356773376465
0.46916040778160095,0.6946240067481995,0.2687641978263855
0.6214931607246399,0.717808187007904,0.07247753441333771
0.44769710302352905,0.7172319889068604,0.07395840436220169
-
0.4987952709197998,0.3532774746417999,-0.3501908481121063
0.5090869665145874,0.3444497883319855,-0.336286723613739
0.5149545073509216,0.34385281801223755,-0.3363249599933624
0.5218703150749207,0.34325769543647766,-0.33626052737236023
0.49618878960609436,0.34584304690361023,-0.3215729594230652
0.4934205710887909,0.3461906909942627,-0.32158875465393066
0.4912223815917969,0.34645965695381165,-0.3216215670108795
0.5391249060630798,0.3469225764274597,-0.20854954421520233
0.4980301856994629,0.350058376789093,-0.14201390743255615
0.513235330581665,0.3612815737724304,-0.30171969532966614
0.49742981791496277,0.3622168004512787,-0.28245827555656433
0.6003901958465576,0.40001779794692993,-0.10006631165742874
0.463678240776062,0.40124550461769104,-0.04235886037349701
0.6214748620986938,0.4623897075653076,-0.2953203320503235
0.4388851523399353,0.4640805125236511,-0.19661958515644073
0.6454827785491943,0.425004780292511,-0.657752275466919
0.4184715747833252,0.4284598231315613,-0.585368812084198
0.6522381901741028,0.4127121865749359,-0.7227743268013
0.4103604555130005,0.4176039695739746,-0.6574820280075073
0.6509442329406738,0.4061241149902344,-0.7258836627006531
0.4120120108127594,0.41083580255508423,-0.6586863398551941
0.6453003287315369,0.40910497307777405,-0.6665993332862854
0.4163455665111542,0.41397467255592346,-0.5963824987411499
0.5675846338272095,0.5199337005615234,-0.005962029565125704
0.4837796986103058,0.5186055898666382,0.005712185520678759
0.5826267004013062,0.6080193519592285,-0.012453806586563587
0.4738984704017639,0.6048984527587891,0.0016444906359538436
0.6008680462837219,0.6897183060646057,0.2512917220592499
0.4604675769805908,0.6865953207015991,0.2521497309207916
0.5917356610298157,0.699522852897644,0.26627853512763977
0.4691436290740967,0.6945400834083557,0.2678581476211548
0.6216052174568176,0.7177859544754028,0.07016383111476898
0.4477194547653198,0.7170591950416565,0.0732700377702713
-
0.4988116919994354,0.35321322083473206,-0.3417898714542389
0.5091199278831482,0.34441518783569336,-0.3284156024456024
0.515001118183136,0.34381967782974243,-0.32845234870910645
0.5219453573226929,0.3432081341743469,-0.3283822238445282
0.4962230324745178,0.34579387307167053,-0.31359654664993286
0.4934556782245636,0.3461410403251648,-0.3136093318462372
0.4912680387496948,0.3464111387729645,-0.3136419951915741
0.5392564535140991,0.3468608558177948,-0.2031131535768509
0.49805036187171936,0.35002750158309937,-0.13655279576778412
0.5132560133934021,0.36116790771484375,-0.2941308617591858
0.49746158719062805,0.36209920048713684,-0.2747427523136139
0.6003900170326233,0.3999318480491638,-0.09540808945894241
0.4638514518737793,0.4012438654899597,-0.04093199223279953
0.6215316653251648,0.4623536467552185,-0.2879382371902466
0.4388960003852844,0.46404528617858887,-0.1955682337284088
0.6456068158149719,0.42464184761047363,-0.6466867923736572
0.4184715747833252,0.4284321665763855,-0.5741322636604309
0.6524319052696228,0.41194042563438416,-0.7108518481254578
0.4103735685348511,0.4176167845726013,-0.6421862840652466
0.6509386301040649,0.4057283401489258,-0.7136272192001343
0.41205838322639465,0.4108327329158783,-0.6439871191978455
0.6452991366386414,0.4087596535682678,-0.6553060412406921
0.416384220123291,0.41393962502479553,-0.5847832560539246
0.5675828456878662,0.5199753642082214,-0.005441926419734955
0.48371750116348267,0.5185938477516174,0.005193440709263086
0.5826010704040527,0.6080114245414734,-0.009644534438848495
0.4738979637622833,0.6049352884292603,0.0009746350115165114
0.6008785963058472,0.6897597908973694,0.24543873965740204
0.46045592427253723,0.6865783333778381,0.2457701861858368
0.5917351841926575,0.699640691280365,0.2589987516403198
0.46913549304008484,0.6945065855979919,0.2599759101867676
0.6217887997627258,0.7177836298942566,0.06484197825193405
0.4477260708808899,0.7168773412704468,0.06822693347930908
-
0.49883782863616943,0.3531755208969116,-0.34216126799583435
0.5091566443443298,0.344395250082016,-0.32877182960510254
0.5150479078292847,0.3437987267971039,-0.3288096487522125
0.52201247215271,0.34317371249198914,-0.3287368714809418
0.49625688791275024,0.34577125310897827,-0.3140966296195984
0.49348679184913635,0.34612053632736206,-0.31410983204841614
0.49130481481552124,0.3463931381702423,-0.3141440749168396
0.5393511056900024,0.3468095362186432,-0.20343264937400818
0.4980578124523163,0.3500168025493622,-0.13632284104824066
0.5133029818534851,0.3610946536064148,-0.29454270005226135
0.49749863147735596,0.362029492855072,-0.2752526104450226
0.6003933548927307,0.3998619616031647,-0.09538748860359192
0.4639272093772888,0.401244580745697,-0.04196541756391525
0.6215738654136658,0.46233630180358887,-0.28793150186538696
0.4388957917690277,0.4640306830406189,-0.19551518559455872
0.645710825920105,0.4243275225162506,-0.6473361253738403
0.4184708893299103,0.42836666107177734,-0.5738778710365295
0.652570366859436,0.41137829422950745,-0.7117823362350464
0.41038623452186584,0.41762250661849976,-0.6418421268463135
0.6509345769882202,0.40527111291885376,-0.7145884037017822
0.4121231436729431,0.41081809997558594,-0.6435896754264832
0.6452968716621399,0.40842023491859436,-0.655963659286499
0.41645097732543945,0.4138816297054291,-0.5844606161117554
0.567586362361908,0.520022988319397,-0.005051887594163418
0.4836873710155487,0.5185886025428772,0.004806174896657467
0.582590639591217,0.6080083847045898,-0.006336652673780918
0.4738912284374237,0.6049367785453796,0.0016658385284245014
0.600879430770874,0.6898173093795776,0.24229158461093903
0.4604562222957611,0.6865719556808472,0.24176804721355438
0.5917222499847412,0.6997631192207336,0.2552793622016907
0.46914583444595337,0.6944805979728699,0.2554548978805542
0.6219964027404785,0.7177805304527283,0.06160387396812439
0.44772619009017944,0.7166687250137329,0.06441715359687805
-
0.4988539516925812,0.3531338572502136,-0.34222158789634705
0.5091735124588013,0.34437376260757446,-0.3288992643356323
0.5150763392448425,0.3437742590904236,-0.32893800735473633
0.5220548510551453,0.3431316018104553,-0.3288634717464447
0.49628087878227234,0.3457469940185547,-0.31421226263046265
0.49351057410240173,0.346096932888031,-0.3142257332801819
0.491333931684494,0.3463706970214844,-0.31426045298576355
0.5394264459609985,0.3467463254928589,-0.20385465025901794
0.49807247519493103,0.35000452399253845,-0.13591977953910828
0.5133551955223083,0.3610239326953888,-0.2947559654712677
0.49753448367118835,0.36195752024650574,-0.27537959814071655
0.6004353165626526,0.3997945189476013,-0.09558144956827164
0.46404388546943665,0.40124839544296265,-0.04170898348093033
0.62162846326828,0.46231889724731445,-0.28831353783607483
0.4389074146747589,0.4640127122402191,-0.19471892714500427
0.64579176902771,0.42413777112960815,-0.6479969024658203
0.41848039627075195,0.42831510305404663,-0.573546826839447
0.6526750922203064,0.41100162267684937,-0.7127784490585327
0.41041767597198486,0.4176616668701172,-0.6415566205978394
0.6509290933609009,0.405029296875,-0.7156941890716553
0.4122180640697479,0.41081762313842773,-0.643281102180481
0.6452966332435608,0.40818706154823303,-0.6566640138626099
0.4165586233139038,0.41385617852211,-0.5841116905212402
0.5675913095474243,0.5200551748275757,-0.004985419102013111
0.48366880416870117,0.5185832381248474,0.004741462878882885
0.5825815200805664,0.6080082654953003,-0.005743990186601877
0.4738663136959076,0.6049472093582153,0.001874866895377636
0.6008784174919128,0.6898779273033142,0.24001812934875488
0.460462749004364,0.6865643262863159,0.23953095078468323
0.5917012691497803,0.6998996138572693,0.25290054082870483
0.4692072570323944,0.6944451928138733,0.2531495690345764
0.6221840977668762,0.7177771925926208,0.05926220118999481
0.4477042257785797,0.716474175453186,0.06217553839087486
-
0.4988775849342346,0.35309678316116333,-0.3423205316066742
0.5091978907585144,0.344350665807724,-0.3289892077445984
0.5151137709617615,0.3437464237213135,-0.32902762293815613
0.5221078991889954,0.34308624267578125,-0.32895487546920776
0.49631059169769287,0.34572121500968933,-0.3142073154449463
0.49353811144828796,0.346070796251297,-0.3142209053039551
0.49136462807655334,0.3463444113731384,-0.3142550587654114
0.5394958853721619,0.3466750681400299,-0.2039172500371933
0.4980910122394562,0.3499903082847595,-0.13558989763259888
0.5134209990501404,0.36095961928367615,-0.2947799563407898
0.49758055806159973,0.36189180612564087,-0.27534759044647217
0.6005241870880127,0.39973384141921997,-0.09560228139162064
0.46412530541419983,0.4012620449066162,-0.04125051572918892
0.6217305660247803,0.462299644947052,-0.28836098313331604
0.43896737694740295,0.4640003740787506,-0.1939149796962738
0.6458575129508972,0.42399635910987854,-0.6481683254241943
0.4185081422328949,0.42826104164123535,-0.5734885931015015
0.6527454853057861,0.4107271134853363,-0.712878942489624
0.4104404151439667,0.41772016882896423,-0.6412492394447327
0.6509260535240173,0.404761403799057,-0.7156735062599182
0.4123217761516571,0.41081753373146057,-0.6428452730178833
0.645295262336731,0.4079856872558594,-0.6567898392677307
0.41669270396232605,0.41383272409439087,-0.5839986801147461
0.5676003098487854,0.5200775265693665,-0.004953376948833466
0.4836597442626953,0.518576979637146,0.004710542969405651
0.5825714468955994,0.608009397983551,-0.0060069565661251545
0.4738334119319916,0.6049579977989197,0.0014578088885173202
0.6008760333061218,0.6899239420890808,0.2379402369260788
0.460466593503952,0.6865571737289429,0.23774753510951996
0.5916638970375061,0.7000062465667725,0.2508547008037567
0.46925973892211914,0.6944217085838318,0.25145065784454346
0.6224154233932495,0.7177755832672119,0.057515744119882584
0.4476652443408966,0.7163243293762207,0.060824885964393616
-
0.49892646074295044,0.3530814051628113,-0.34039634466171265
0.5092424750328064,0.3443451225757599,-0.327036589384079
0.5151687860488892,0.3437386751174927,-0.3270742893218994
0.5221863389015198,0.3430712819099426,-0.3270030617713928
0.4963504672050476,0.3457157611846924,-0.3119960427284241
0.4935697913169861,0.34606632590293884,-0.312008798122406
0.4913962185382843,0.3463408350944519,-0.3120400309562683
0.5395879149436951,0.34664759039878845,-0.20197898149490356
0.4981062710285187,0.3499888777732849,-0.13298989832401276
0.5135082006454468,0.3609272837638855,-0.2928028404712677
0.49763697385787964,0.36185747385025024,-0.273065447807312
0.6005731225013733,0.3996787667274475,-0.09402070939540863
0.46418383717536926,0.40126365423202515,-0.040018435567617416
0.6217889785766602,0.4622688293457031,-0.28669777512550354
0.43897467851638794,0.46399378776550293,-0.19198523461818695
0.6458843946456909,0.42389383912086487,-0.6460473537445068
0.4185173809528351,0.42818909883499146,-0.5690295100212097
0.6527656316757202,0.4105460047721863,-0.7106584310531616
0.41045501828193665,0.4177773892879486,-0.6364469528198242
0.6508942246437073,0.404639333486557,-0.7133079767227173
0.41241076588630676,0.4108179211616516,-0.6378225684165955
0.6452786922454834,0.40786123275756836,-0.6546045541763306
0.4167933464050293,0.41380423307418823,-0.5793214440345764
0.5676013231277466,0.5200859904289246,-0.004942174535244703
0.48365330696105957,0.5185722708702087,0.00469990074634552
0.5825561881065369,0.6080073118209839,-0.006507562473416328
0.4738212525844574,0.604973554611206,0.0013435084838420153
0.6008734107017517,0.689960241317749,0.23680861294269562
0.4604859948158264,0.6865552663803101,0.2372221201658249
0.5916293859481812,0.7000951766967773,0.249851793050766
0.4693547487258911,0.6944202780723572,0.2510424256324768
0.6225827932357788,0.7177766561508179,0.056281592696905136
0.4476301372051239,0.7162459492683411,0.060320042073726654
-
0.49895036220550537,0.35306316614151,-0.3405059278011322
0.5092623233795166,0.3443361520767212,-0.327080637216568
0.51519376039505,0.3437279164791107,-0.32711896300315857
0.5222181081771851,0.3430529236793518,-0.32704654335975647
0.49638035893440247,0.34570518136024475,-0.3120341897010803
0.49359792470932007,0.34605565667152405,-0.31204700469970703
0.4914267361164093,0.3463299870491028,-0.31207773089408875
0.539641261100769,0.3466153144836426,-0.20261609554290771
0.4981328248977661,0.3499780297279358,-0.1330510824918747
0.5135461688041687,0.36089596152305603,-0.2929566204547882
0.49768349528312683,0.36182036995887756,-0.27313587069511414
0.6005763411521912,0.39966458082199097,-0.09467539191246033
0.46425577998161316,0.40126532316207886,-0.03977726399898529
0.6217910051345825,0.4622578024864197,-0.28763437271118164
0.438992440700531,0.4639393389225006,-0.19169063866138458
0.6459254026412964,0.42367085814476013,-0.6461308002471924
0.41852250695228577,0.4281054437160492,-0.5691849589347839
0.6528548002243042,0.41030868887901306,-0.7110674381256104
0.41045764088630676,0.41780632734298706,-0.6365545988082886
0.6508961915969849,0.40440887212753296,-0.7138376832008362
0.4124627113342285,0.4108174741268158,-0.6379446387290955
0.6452805995941162,0.4076630175113678,-0.6547642350196838
0.41685765981674194,0.41376954317092896,-0.579490602016449
0.5676022171974182,0.5200955271720886,-0.004946498200297356
0.48364511132240295,0.5185681581497192,0.004704234655946493
0.5825543999671936,0.608005702495575,-0.0053129359148442745
0.473819762468338,0.6049749255180359,0.001691373297944665
0.6008743047714233,0.6899687647819519,0.23583081364631653
0.4605138897895813,0.6865536570549011,0.23583024740219116
0.5916213393211365,0.700119137763977,0.24871845543384552
0.46946534514427185,0.6944242715835571,0.24951499700546265
0.6227134466171265,0.7177732586860657,0.055018335580825806
0.4476116895675659,0.7161543965339661,0.05873218551278114
-
0.4989849925041199,0.3530399203300476,-0.3406292498111725
0.5092904567718506,0.3443208336830139,-0.32723289728164673
0.5152285695075989,0.34371089935302734,-0.3272709250450134
0.5222615003585815,0.3430291712284088,-0.3271999955177307
0.49641335010528564,0.34568533301353455,-0.31207168102264404
0.4936245083808899,0.3460351824760437,-0.3120846152305603
0.49145177006721497,0.34630849957466125,-0.3121150732040405
0.5396972894668579,0.3465896248817444,-0.20266935229301453
0.49814754724502563,0.3499611020088196,-0.13281065225601196
0.5135847926139832,0.36086899042129517,-0.29303881525993347
0.4977269768714905,0.3617824912071228,-0.2731090188026428
0.6005780100822449,0.3996541500091553,-0.09476036578416824
0.46429798007011414,0.40126681327819824,-0.0395670086145401
0.6217889189720154,0.46224039793014526,-0.28831928968429565
0.43899357318878174,0.4637807011604309,-0.19136042892932892
0.6459493637084961,0.42332392930984497,-0.6470463871955872
0.41852277517318726,0.42795300483703613,-0.5691814422607422
0.652953565120697,0.40987643599510193,-0.711808443069458
0.4104538857936859,0.41780996322631836,-0.6365798115730286
0.6509087681770325,0.4040513038635254,-0.7144082188606262
0.412482887506485,0.4108072817325592,-0.6379753351211548
0.6452914476394653,0.4073193669319153,-0.6556078195571899
0.41688278317451477,0.41370290517807007,-0.5794967412948608
0.567596971988678,0.520104706287384,-0.004949616733938456
0.4836398959159851,0.5185635685920715,0.004707702435553074
0.5825527310371399,0.6080056428909302,-0.004742167424410582
0.47380393743515015,0.604989230632782,0.0025581293739378452
0.600874125957489,0.6899776458740234,0.2361670434474945
0.46055957674980164,0.686552882194519,0.23603995144367218
0.5916070938110352,0.7001304626464844,0.24925456941127777
0.4695718586444855,0.6944174766540527,0.24986118078231812
0.6227622628211975,0.7177705764770508,0.055199213325977325
0.44760432839393616,0.7160789370536804,0.05875714123249054
-
0.4990481436252594,0.353024423122406,-0.34077611565589905
0.5093398094177246,0.34431251883506775,-0.3274422585964203
0.5152834057807922,0.34370189905166626,-0.3274805545806885
0.5223289728164673,0.3430175185203552,-0.32740768790245056
0.4964689612388611,0.34567078948020935,-0.3121981620788574
0.4936678111553192,0.3460199236869812,-0.31221091747283936
0.4914909303188324,0.34629252552986145,-0.3122422695159912
0.5397612452507019,0.34657424688339233,-0.20316848158836365
0.49817103147506714,0.34994685649871826,-0.13287478685379028
0.5136436820030212,0.36085230112075806,-0.2933642566204071
0.49779027700424194,0.36175602674484253,-0.27331656217575073
0.6005697250366211,0.3996548652648926,-0.0954364538192749
0.4643253684043884,0.4012652039527893,-0.03945118933916092
0.6217831373214722,0.4622378945350647,-0.2897998094558716
0.4389871060848236,0.4636307656764984,-0.19141940772533417
0.6459547281265259,0.42306479811668396,-0.6487905979156494
0.4185229539871216,0.4278837740421295,-0.5701372027397156
0.6530440449714661,0.409648597240448,-0.7133576273918152
0.41045069694519043,0.4178382456302643,-0.6375627517700195
0.6509239077568054,0.40387028455734253,-0.715851366519928
0.41250428557395935,0.4108069837093353,-0.6390467882156372
0.6452986598014832,0.40711456537246704,-0.657300591468811
0.4169071912765503,0.41367435455322266,-0.5805339813232422
0.5675947070121765,0.5201370716094971,-0.004952805116772652
0.483635276556015,0.5185639262199402,0.0047110505402088165
0.582551121711731,0.6080161333084106,-0.002609837334603071
0.4737356901168823,0.6050309538841248,0.00392527412623167
0.6008739471435547,0.6899797320365906,0.2367641031742096
0.46059802174568176,0.6865535974502563,0.2362002730369568
0.5915987491607666,0.700130820274353,0.24947090446949005
0.4696698486804962,0.6944119334220886,0.25015226006507874
0.6227675676345825,0.7177554368972778,0.055745650082826614
0.4475814402103424,0.7160165309906006,0.05892578884959221
-
0.4991143047809601,0.35300296545028687,-0.3404492139816284
0.5093947649002075,0.34429919719696045,-0.32708972692489624
0.5153457522392273,0.3436872363090515,-0.327127605676651
0.5224065184593201,0.3429994285106659,-0.32705506682395935
0.4965346157550812,0.345649778842926,-0.31172409653663635
0.4937193989753723,0.34599775075912476,-0.3117367923259735
0.4915367066860199,0.3462691903114319,-0.3117682635784149
0.539827823638916,0.3465571999549866,-0.2026519924402237
0.49819642305374146,0.349931538105011,-0.13209865987300873
0.5137066841125488,0.36083054542541504,-0.2930357754230499
0.49785566329956055,0.36172550916671753,-0.2728855013847351
0.6005556583404541,0.39968571066856384,-0.09526747465133667
0.4643365740776062,0.40126118063926697,-0.03845268487930298
0.6217742562294006,0.4622308313846588,-0.28980156779289246
0.438947468996048,0.4634169936180115,-0.19023041427135468
0.6459594964981079,0.4230365753173828,-0.6494685411453247
0.41851264238357544,0.42785483598709106,-0.5695680379867554
0.6530599594116211,0.4096643328666687,-0.7140868902206421
0.41043469309806824,0.4178782105445862,-0.6369760036468506
0.6509318947792053,0.40386828780174255,-0.7165645360946655
0.41251224279403687,0.4108101427555084,-0.6386184096336365
0.645301878452301,0.40710434317588806,-0.6579684019088745
0.4169141948223114,0.4136606752872467,-0.5800471901893616
0.5675947666168213,0.5201464891433716,-0.004955556243658066
0.48362863063812256,0.5185610055923462,0.004713935777544975
0.5825496912002563,0.608025312423706,-0.0015331286704167724
0.47365325689315796,0.605096697807312,0.0044595422223210335
0.6008716821670532,0.6899999976158142,0.23732730746269226
0.4606374502182007,0.6865605115890503,0.23633335530757904
0.5915794968605042,0.7001471519470215,0.24973765015602112
0.46977823972702026,0.6944164633750916,0.25033968687057495
0.6227843761444092,0.717751145362854,0.05594094470143318
0.4475490152835846,0.715972900390625,0.058953624218702316
-
0.49918243288993835,0.3529943823814392,-0.3413819968700409
0.5094566941261292,0.3442961573600769,-0.32811564207077026
0.5154114961624146,0.3436838686466217,-0.3281528949737549
0.5224829912185669,0.34299516677856445,-0.3280802369117737
0.4966104328632355,0.3456417918205261,-0.31263047456741333
0.4937821626663208,0.34598952531814575,-0.31264352798461914
0.49159330129623413,0.3462604582309723,-0.31267648935317993
0.5398902297019958,0.3465520143508911,-0.20414339005947113
0.4982281029224396,0.34992533922195435,-0.133151113986969
0.5137510299682617,0.36082199215888977,-0.29421788454055786
0.4979214668273926,0.3617100119590759,-0.2739409804344177
0.600554883480072,0.3997177481651306,-0.09738433361053467
0.46434953808784485,0.4012657701969147,-0.03966144844889641
0.6217318177223206,0.4622287154197693,-0.29398590326309204
0.43892136216163635,0.4632698595523834,-0.1921876072883606
0.6459470391273499,0.42303991317749023,-0.6556697487831116
0.4185088276863098,0.4278346002101898,-0.571883499622345
0.6530592441558838,0.40968674421310425,-0.7205400466918945
0.41041457653045654,0.4178958833217621,-0.6394361257553101
0.6509140729904175,0.40387144684791565,-0.7229115962982178
0.4125172197818756,0.4108097553253174,-0.6409522891044617
0.6452910900115967,0.4071064591407776,-0.6641023755073547
0.4169228971004486,0.41363897919654846,-0.5823341608047485
0.5675865411758423,0.5201765298843384,-0.004958220291882753
0.4836134910583496,0.5185626149177551,0.004716658499091864
0.5825499296188354,0.6080348491668701,-0.0011649493826553226
0.47359567880630493,0.6051803827285767,0.0053857238963246346
0.6008741855621338,0.6900020241737366,0.24082647264003754
0.4606674611568451,0.6865752935409546,0.23768767714500427
0.5915756821632385,0.7001357674598694,0.2537936568260193
0.46983960270881653,0.6944212913513184,0.2516445517539978
0.6227872371673584,0.717738151550293,0.060392994433641434
0.4475148916244507,0.715964674949646,0.06043679267168045
-
0.49928462505340576,0.35298967361450195,-0.3415694236755371
0.5095495581626892,0.34429222345352173,-0.3282444179058075
0.5155103206634521,0.34367984533309937,-0.3282819390296936
0.5226013660430908,0.3429911136627197,-0.32820940017700195
0.49670088291168213,0.34563928842544556,-0.3127429187297821
0.4938514232635498,0.345987468957901,-0.3127559423446655
0.49165084958076477,0.3462582230567932,-0.3127884566783905
0.5399801731109619,0.3465483784675598,-0.2042340338230133
0.4982471466064453,0.34992343187332153,-0.133199080824852
0.5138299465179443,0.36081662774086,-0.29445207118988037
0.49799618124961853,0.3617023825645447,-0.2741561830043793
0.6005685329437256,0.3997330963611603,-0.09770660102367401
0.4643699526786804,0.40127259492874146,-0.03959078714251518
0.6216896772384644,0.4622291028499603,-0.29490312933921814
0.43888360261917114,0.4631836414337158,-0.19215437769889832
0.6459407210350037,0.4230693280696869,-0.6575779914855957
0.4184819459915161,0.4277835488319397,-0.5722188949584961
0.6530539989471436,0.40971559286117554,-0.7225897908210754
0.4103647470474243,0.4178965091705322,-0.6398829817771912
0.6508697867393494,0.4039117395877838,-0.7249183058738708
0.4125148057937622,0.4107968211174011,-0.6413567662239075
0.6452725529670715,0.40713581442832947,-0.6659944653511047
0.4169258177280426,0.41360121965408325,-0.582673966884613
0.5675787329673767,0.5201969146728516,-0.004970634821802378
0.4835992455482483,0.5185619592666626,0.00472898967564106
0.5825514197349548,0.6080363392829895,-0.0014337763423100114
0.473541796207428,0.6052299737930298,0.005455424543470144
0.60088050365448,0.6900038123130798,0.24083136022090912
0.4606986939907074,0.6865814924240112,0.23772521317005157
0.5915747880935669,0.7001334428787231,0.2538103759288788
0.46990150213241577,0.6944268941879272,0.25170618295669556
0.6227900385856628,0.7177316546440125,0.060397032648324966
0.44747957587242126,0.7159391045570374,0.0604395754635334
-
0.49935680627822876,0.35298627614974976,-0.34195107221603394
0.5096157789230347,0.34428870677948,-0.3286125063896179
0.5155909061431885,0.3436766564846039,-0.3286505341529846
0.522706925868988,0.34298819303512573,-0.32857897877693176
0.49676281213760376,0.34563711285591125,-0.31299149990081787
0.4939002990722656,0.34598544239997864,-0.31300485134124756
0.49169278144836426,0.346256285905838,-0.3130359351634979
0.5400716662406921,0.34654471278190613,-0.2047160267829895
0.49826502799987793,0.3499218821525574,-0.13326488435268402
0.5138906836509705,0.36081334948539734,-0.29494625329971313
0.4980458617210388,0.36169806122779846,-0.2744925916194916
0.6005898118019104,0.39975959062576294,-0.09870187938213348
0.46441569924354553,0.4012850224971771,-0.03951147571206093
0.6216586828231812,0.46222782135009766,-0.29702529311180115
0.4388348460197449,0.46308737993240356,-0.1921105533838272
0.6459410190582275,0.4231845438480377,-0.6612834930419922
0.4184476137161255,0.42773228883743286,-0.5733357071876526
0.6530551910400391,0.40985408425331116,-0.7266809940338135
0.41030240058898926,0.41789379715919495,-0.6414832472801208
0.650843620300293,0.4040294289588928,-0.7292799949645996
0.41250643134117126,0.4107820987701416,-0.6428251266479492
0.6452639102935791,0.4072391986846924,-0.6698216795921326
0.41692402958869934,0.4135642647743225,-0.5838126540184021
0.5675672888755798,0.5202242136001587,-0.005100327543914318
0.48358187079429626,0.5185657739639282,0.004859153646975756
0.5825526118278503,0.6080435514450073,-0.001800530357286334
0.4735010862350464,0.6052325963973999,0.0052208686247467995
0.6008815169334412,0.6900054812431335,0.24085275828838348
0.4607621431350708,0.6865933537483215,0.23752552270889282
0.5915718078613281,0.7001246213912964,0.25386130809783936
0.4700029492378235,0.6944394111633301,0.2514968812465668
0.6227854490280151,0.7177248001098633,0.060447268187999725
0.4474639594554901,0.71593177318573,0.06001635268330574
-
0.49940186738967896,0.35297855734825134,-0.3419747054576874
0.509666383266449,0.34428471326828003,-0.3286244869232178
0.5156584978103638,0.3436705470085144,-0.3286627531051636
0.5227981209754944,0.34297987818717957,-0.32859107851982117
0.49680981040000916,0.34563297033309937,-0.31301751732826233
0.4939408600330353,0.34598153829574585,-0.3130309283733368
0.49172940850257874,0.34625244140625,-0.31306183338165283
0.5401536822319031,0.3465422987937927,-0.20490971207618713
0.49828651547431946,0.34992045164108276,-0.13319708406925201
0.5139338970184326,0.36080652475357056,-0.2950111925601959
0.4980880320072174,0.3616918921470642,-0.27449631690979004
0.6006666421890259,0.3997599482536316,-0.09919928759336472
0.46445727348327637,0.4013006091117859,-0.0393337644636631
0.6216376423835754,0.46221739053726196,-0.2978017330169678
0.4387942850589752,0.4629978537559509,-0.1918068826198578
0.6459405422210693,0.4233609735965729,-0.6626582145690918
0.4183904528617859,0.4276980757713318,-0.5732688307762146
0.6530255675315857,0.41020694375038147,-0.7281090021133423
0.4102189242839813,0.41789084672927856,-0.6414428949356079
0.6507951021194458,0.40418848395347595,-0.7309080958366394
0.4124840497970581,0.4107680916786194,-0.6427990198135376
0.6452511548995972,0.4073753356933594,-0.6712519526481628
0.41691020131111145,0.41353052854537964,-0.5837544798851013
0.567558228969574,0.5202447175979614,-0.005255305673927069
0.483562171459198,0.5185677409172058,0.005014544352889061
0.5825520157814026,0.608052670955658,-0.0018793349154293537
0.4734116792678833,0.6052414178848267,0.005070118233561516
0.6008742451667786,0.6900067329406738,0.24084091186523438
0.4608132243156433,0.6865991353988647,0.23741747438907623
0.591542661190033,0.7001217603683472,0.2538800835609436
0.47008514404296875,0.6944469213485718,0.2513951063156128
0.6227707862854004,0.7177156209945679,0.060444049537181854
0.44746094942092896,0.7159262895584106,0.0597902350127697
-
0.4994659125804901,0.3529720902442932,-0.34179145097732544
0.5097580552101135,0.34428197145462036,-0.32841503620147705
0.5157697200775146,0.3436667323112488,-0.32845354080200195
0.5229409337043762,0.34297633171081543,-0.32838329672813416
0.49687856435775757,0.34563010931015015,-0.312749445438385
0.49399468302726746,0.3459794521331787,-0.3127625286579132
0.4917747378349304,0.34625059366226196,-0.3127917945384979
0.5402562618255615,0.34653913974761963,-0.20461583137512207
0.4983117878437042,0.34991997480392456,-0.1327933967113495
0.5139954090118408,0.3608035445213318,-0.29481327533721924
0.4981355369091034,0.36168843507766724,-0.2742622494697571
0.600685179233551,0.3997640311717987,-0.09917206317186356
0.4644686281681061,0.401324599981308,-0.038761068135499954
0.6216360330581665,0.4621920585632324,-0.2977195680141449
0.43875229358673096,0.462883323431015,-0.19062939286231995
0.6459417343139648,0.4234975278377533,-0.6621279120445251
0.4183337390422821,0.4276888966560364,-0.5721338987350464
0.6530226469039917,0.4104735255241394,-0.7274591326713562
0.4101403057575226,0.4178924560546875,-0.6404591798782349
0.6507831811904907,0.40432897210121155,-0.7302107810974121
0.41246944665908813,0.410763680934906,-0.6418021321296692
0.6452467441558838,0.4074779152870178,-0.670682966709137
0.41690051555633545,0.41351374983787537,-0.5826051235198975
0.5675097703933716,0.5202637910842896,-0.00528621906414628
0.48352542519569397,0.5185699462890625,0.0050454228185117245
0.582542359828949,0.6080542802810669,-0.0021465979516506195
0.473396897315979,0.6052566170692444,0.0050385803915560246
0.6008501648902893,0.6900144219398499,0.24086172878742218
0.46082988381385803,0.6865992546081543,0.23790910840034485
0.5914554595947266,0.7001206278800964,0.25396856665611267
0.47010093927383423,0.6944459080696106,0.25192803144454956
0.6227161288261414,0.7177125215530396,0.06051570549607277
0.4474581480026245,0.7159159183502197,0.060297392308712006
-
0.4994986355304718,0.3529687523841858,-0.3417810797691345
0.5098194479942322,0.34427767992019653,-0.3284355700016022
0.515839695930481,0.3436618447303772,-0.3284740149974823
0.523028552532196,0.34297114610671997,-0.328404039144516
0.4969271421432495,0.34562695026397705,-0.31271427869796753
0.49403372406959534,0.3459767699241638,-0.31272733211517334
0.4918084144592285,0.34624820947647095,-0.3127562999725342
0.5403259992599487,0.3465377688407898,-0.20480877161026
0.4983442425727844,0.3499201238155365,-0.13271984457969666
0.5140155553817749,0.3607986569404602,-0.29481831192970276
0.49815696477890015,0.361683189868927,-0.2742232382297516
0.6007347702980042,0.39977318048477173,-0.09951623529195786
0.4644809663295746,0.40134376287460327,-0.03870456665754318
0.6216345429420471,0.46217671036720276,-0.2976086437702179
0.43870413303375244,0.462799608707428,-0.19026389718055725
0.6459359526634216,0.42372211813926697,-0.6620333194732666
0.41829046607017517,0.4276796281337738,-0.571586549282074
0.6530011296272278,0.41075387597084045,-0.7274006605148315
0.4101022183895111,0.4178958833217621,-0.6398866176605225
0.6507530808448792,0.40447959303855896,-0.7302786111831665
0.4124687612056732,0.4107624590396881,-0.6411178112030029
0.6452315449714661,0.40760332345962524,-0.670622706413269
0.4169006049633026,0.4135046899318695,-0.5819907784461975
0.5674760341644287,0.520282506942749,-0.005336148198693991
0.48348507285118103,0.5185707807540894,0.0050946916453540325
0.582537829875946,0.6080601215362549,-0.002727982820942998
0.4733903110027313,0.6052809357643127,0.0051360600627958775
0.6008150577545166,0.6900151371955872,0.241615891456604
0.46085289120674133,0.6865981221199036,0.23951293528079987
0.5913597345352173,0.700111985206604,0.2551500201225281
0.47011706233024597,0.6944363117218018,0.2537728548049927
0.6226697564125061,0.7177098989486694,0.061742328107357025
0.4474693834781647,0.7159115076065063,0.06221484765410423
-
0.4995168447494507,0.3529650568962097,-0.34180334210395813
0.5098616480827332,0.34427380561828613,-0.3285568952560425
0.5158867239952087,0.3436574637889862,-0.32859519124031067
0.523086667060852,0.3429667055606842,-0.3285256326198578
0.4969635307788849,0.34562402963638306,-0.31275856494903564
0.49406662583351135,0.3459743857383728,-0.31277158856391907
0.49183908104896545,0.3462461829185486,-0.31280070543289185
0.5403730869293213,0.3465355336666107,-0.205429345369339
0.49837905168533325,0.34991931915283203,-0.13280822336673737
0.5140268802642822,0.3607944846153259,-0.29492515325546265
0.49817386269569397,0.3616787791252136,-0.2742501497268677
0.6007890701293945,0.3997809588909149,-0.0999913215637207
0.4644909203052521,0.40134674310684204,-0.03876155614852905
0.6216331720352173,0.46217113733291626,-0.29755815863609314
0.43867263197898865,0.46270447969436646,-0.1902071237564087
0.6459334492683411,0.42382246255874634,-0.6619031429290771
0.4182688891887665,0.42767953872680664,-0.5709565281867981
0.6529887318611145,0.4108804166316986,-0.7272611856460571
0.41007500886917114,0.41792812943458557,-0.6391056180000305
0.6507348418235779,0.40453821420669556,-0.7301923036575317
0.41246795654296875,0.41076308488845825,-0.6403428912162781
0.6452213525772095,0.4076440930366516,-0.670502245426178
0.41690072417259216,0.4134961664676666,-0.5813198685646057
0.5674549341201782,0.5202930569648743,-0.0053398446179926395
0.48346611857414246,0.5185704827308655,0.005098616238683462
0.5825331211090088,0.6080648899078369,-0.002869603456929326
0.4733852744102478,0.6052979230880737,0.0052530341781675816
0.6007887721061707,0.6900158524513245,0.24228473007678986
0.4608820974826813,0.6865947842597961,0.24080944061279297
0.5912821292877197,0.7001038789749146,0.2560873031616211
0.4701288938522339,0.6944175958633423,0.255243182182312
0.6226526498794556,0.7177067399024963,0.06277856230735779
0.44750285148620605,0.7159079313278198,0.06389816850423813
-
0.4995226562023163,0.35296395421028137,-0.3420732319355011
0.509876549243927,0.3442727029323578,-0.3290519416332245
0.5159002542495728,0.34365570545196533,-0.32908958196640015
0.5231018662452698,0.34296470880508423,-0.329020619392395
0.4969777464866638,0.3456229865550995,-0.3131081759929657
0.49408209323883057,0.3459738492965698,-0.31312137842178345
0.4918562173843384,0.3462456464767456,-0.31315112113952637
0.5403901934623718,0.3465345799922943,-0.20638085901737213
0.4984043836593628,0.34991997480392456,-0.13318286836147308
0.5140311121940613,0.3607940971851349,-0.29529303312301636
0.498182088136673,0.361676961183548,-0.27447181940078735
0.6008042693138123,0.39980548620224,-0.10031800717115402
0.46446555852890015,0.4013489782810211,-0.039040736854076385
0.6216264367103577,0.46216869354248047,-0.29747524857521057
0.43859803676605225,0.4625738263130188,-0.1902095228433609
0.6459305882453918,0.42385849356651306,-0.6617838740348816
0.4182468354701996,0.42767924070358276,-0.5707934498786926
0.6529877781867981,0.4108896255493164,-0.7271278500556946
0.4100622534751892,0.41795459389686584,-0.6388343572616577
0.650725245475769,0.4045659601688385,-0.7300580143928528
0.41246724128723145,0.4107624888420105,-0.640047550201416
0.6452146172523499,0.407661110162735,-0.670377790927887
0.4168968200683594,0.4134899973869324,-0.5811184048652649
0.5674196481704712,0.5202999114990234,-0.005336017347872257
0.48343876004219055,0.5185703039169312,0.005094438325613737
0.5825241208076477,0.6080666780471802,-0.0031869246158748865
0.47338202595710754,0.6053115129470825,0.005213493946939707
0.6007581353187561,0.6900161504745483,0.24231719970703125
0.46090248227119446,0.6865931749343872,0.24085462093353271
0.5912055373191833,0.7001001238822937,0.2561625838279724
0.47013452649116516,0.6944047212600708,0.25530722737312317
0.6226373910903931,0.7177040576934814,0.06283779442310333
0.4475221335887909,0.7159037590026855,0.06394565105438232
-
0.49952760338783264,0.35296642780303955,-0.3408008813858032
0.5099046230316162,0.34427428245544434,-0.32809025049209595
0.5159256458282471,0.34365716576576233,-0.3281264305114746
0.5231269598007202,0.34296751022338867,-0.3280569911003113
0.4970044493675232,0.34562328457832336,-0.3118835985660553
0.49410662055015564,0.3459744155406952,-0.31189659237861633
0.491879940032959,0.3462458848953247,-0.31192606687545776
0.5404080748558044,0.34654122591018677,-0.20620065927505493
0.49843981862068176,0.3499203026294708,-0.13222987949848175
0.5140330791473389,0.3607991337776184,-0.29436811804771423
0.4981916546821594,0.36167776584625244,-0.27320340275764465
0.6008316278457642,0.399833619594574,-0.10028541088104248
0.4644519090652466,0.4013528823852539,-0.03860499709844589
0.6215909123420715,0.4621601998806,-0.29710090160369873
0.43854740262031555,0.46256309747695923,-0.18883565068244934
0.6459173560142517,0.42411094903945923,-0.6608414649963379
0.41822895407676697,0.42770594358444214,-0.5667908787727356
0.6529578566551208,0.4110984802246094,-0.7260412573814392
0.41005629301071167,0.41801658272743225,-0.6343854069709778
0.6507014632225037,0.4046754837036133,-0.7290136814117432
0.41247057914733887,0.41077932715415955,-0.6353269219398499
0.6451981067657471,0.40776580572128296,-0.6694307923316956
0.41689613461494446,0.41348886489868164,-0.5769093632698059
0.567415714263916,0.5203079581260681,-0.00536649115383625
0.483429878950119,0.5185695886611938,0.0051233842968940735
0.5825197100639343,0.6080682277679443,-0.006607877090573311
0.47340694069862366,0.6053344011306763,0.0051330155692994595
0.6007372736930847,0.6900181174278259,0.24301974475383759
0.4609210193157196,0.6865878701210022,0.2435290813446045
0.5911288857460022,0.7001001834869385,0.2574126422405243
0.47014346718788147,0.6943522691726685,0.2585586905479431
0.6226327419281006,0.7177084684371948,0.06419580429792404
0.44754502177238464,0.7158936858177185,0.06783223897218704
-
0.49956539273262024,0.35296449065208435,-0.3378596305847168
0.5099754929542542,0.3442741632461548,-0.32474395632743835
0.5159880518913269,0.3436571955680847,-0.3247806429862976
0.5231921672821045,0.34296858310699463,-0.3247152864933014
0.4970915615558624,0.3456217348575592,-0.308885395526886
0.49417635798454285,0.34597328305244446,-0.30889683961868286
0.49193742871284485,0.3462448716163635,-0.3089231550693512
0.5404480695724487,0.3465481996536255,-0.20208445191383362
0.49847695231437683,0.349919855594635,-0.12981398403644562
0.514037013053894,0.36079782247543335,-0.2911975085735321
0.49820610880851746,0.3616754710674286,-0.27048665285110474
0.60084468126297,0.3998437523841858,-0.09821691364049911
0.4644346535205841,0.4013594686985016,-0.03667515143752098
0.6214635372161865,0.4621584415435791,-0.29329296946525574
0.4385341703891754,0.46256309747695923,-0.185982808470726
0.6458917260169983,0.4243342876434326,-0.6549590826034546
0.41822534799575806,0.4278944432735443,-0.5616816878318787
0.6528548002243042,0.41139569878578186,-0.7200415730476379
0.41007596254348755,0.4181808829307556,-0.6292875409126282
0.6506567597389221,0.40480613708496094,-0.7228623032569885
0.41248032450675964,0.41088080406188965,-0.6302258968353271
0.64518141746521,0.4078933298587799,-0.6635342836380005
0.4168965220451355,0.41357937455177307,-0.5718046426773071
0.5674227476119995,0.5203108787536621,-0.005474768579006195
0.483423113822937,0.5185691118240356,0.005231233313679695
0.5825181007385254,0.6080693602561951,-0.009848645888268948
0.4734318256378174,0.6053380370140076,0.003466140478849411
0.6007349491119385,0.6900330185890198,0.24224141240119934
0.46092814207077026,0.6865805387496948,0.2432854175567627
0.5911267399787903,0.7001022100448608,0.2568610608577728
0.4701476991176605,0.6943033933639526,0.25844383239746094
0.6225206851959229,0.717729926109314,0.0639040395617485
0.4475606381893158,0.7158898115158081,0.06753452867269516
-
0.49959707260131836,0.3529626727104187,-0.3363763988018036
0.5100261569023132,0.34427475929260254,-0.3231017291545868
0.5160341858863831,0.3436576724052429,-0.323138952255249
0.5232422947883606,0.34296974539756775,-0.3230757415294647
0.49715766310691833,0.34562087059020996,-0.3073493242263794
0.4942306578159332,0.34597301483154297,-0.3073602020740509
0.49198395013809204,0.34624481201171875,-0.3073849678039551
0.5404843091964722,0.3465536832809448,-0.20013393461704254
0.4985089600086212,0.34991997480392456,-0.12842921912670135
0.5140438675880432,0.3607969880104065,-0.28962963819503784
0.49822428822517395,0.3616735339164734,-0.26906633377075195
0.6008658409118652,0.39985302090644836,-0.09698089212179184
0.46442168951034546,0.4013650417327881,-0.03540850058197975
0.6213659048080444,0.46215611696243286,-0.29124724864959717
0.43851664662361145,0.4625600278377533,-0.18423737585544586
0.6458759903907776,0.42447176575660706,-0.6521524786949158
0.4182226359844208,0.42801570892333984,-0.5593970417976379
0.6527990698814392,0.41158968210220337,-0.7172411680221558
0.4100908041000366,0.41829371452331543,-0.6270313858985901
0.6506348252296448,0.4048917889595032,-0.7200363278388977
0.4124918282032013,0.4109536111354828,-0.6280302405357361
0.645174503326416,0.4079717695713043,-0.6607347726821899
0.41689789295196533,0.4136410355567932,-0.5695628523826599
0.567427396774292,0.5203134417533875,-0.005560373421758413
0.4834180176258087,0.518568754196167,0.005317116156220436
0.5825165510177612,0.6080700755119324,-0.01127983070909977
0.47344958782196045,0.6053413152694702,0.0025440198369324207
0.6007330417633057,0.690045177936554,0.24110472202301025
0.46093642711639404,0.6865752935409546,0.24268515408039093
0.591128945350647,0.7001091837882996,0.25580286979675293
0.4701494574546814,0.6942776441574097,0.25786247849464417
0.622431218624115,0.7177428603172302,0.06303104013204575
0.4475651979446411,0.715882420539856,0.06739164888858795
-
0.49963098764419556,0.3529590368270874,-0.3351716697216034
0.5100746750831604,0.3442738354206085,-0.32178622484207153
0.5160818099975586,0.3436565697193146,-0.3218235373497009
0.5232939124107361,0.34296873211860657,-0.32176095247268677
0.49721667170524597,0.345619797706604,-0.30615079402923584
0.49427783489227295,0.3459721505641937,-0.3061613440513611
0.49202263355255127,0.34624385833740234,-0.3061855435371399
0.5405156016349792,0.3465551733970642,-0.1985303908586502
0.49852824211120605,0.34991925954818726,-0.12740176916122437
0.5140547752380371,0.3607955574989319,-0.288332462310791
0.49824291467666626,0.3616712689399719,-0.26792705059051514
0.6008855700492859,0.3998569846153259,-0.09569106996059418
0.46441149711608887,0.4013683795928955,-0.03445734083652496
0.6212918758392334,0.46215444803237915,-0.28930050134658813
0.43850797414779663,0.46256035566329956,-0.18293806910514832
0.64585942029953,0.424577534198761,-0.6499404311180115
0.4182218015193939,0.42811885476112366,-0.557543158531189
0.6527460217475891,0.41173896193504333,-0.7149856686592102
0.41010475158691406,0.41838589310646057,-0.6250869035720825
0.6506139636039734,0.4049670696258545,-0.7178059220314026
0.4125021994113922,0.4110116958618164,-0.6261471509933472
0.6451687216758728,0.4080389142036438,-0.6585409641265869
0.4168999195098877,0.4136908948421478,-0.5677168369293213
0.5674383044242859,0.5203176736831665,-0.005590071901679039
0.4834110140800476,0.5185613036155701,0.0053468625992536545
0.5825151801109314,0.6080710887908936,-0.011885160580277443
0.47346314787864685,0.6053443551063538,0.0020147168543189764
0.6007311940193176,0.6900572776794434,0.24019107222557068
0.46094414591789246,0.6865696907043457,0.24201203882694244
0.5911279320716858,0.7001169919967651,0.2548738718032837
0.47015202045440674,0.6942557096481323,0.25713521242141724
0.6223717331886292,0.7177516222000122,0.062213946133852005
0.44756972789764404,0.7158739566802979,0.06698808073997498
-
0.4996793866157532,0.3529493808746338,-0.3413536846637726
0.5101391077041626,0.34427183866500854,-0.32766345143318176
0.5161434412002563,0.3436545729637146,-0.3277035355567932
0.5233555436134338,0.34296661615371704,-0.3276435434818268
0.49729540944099426,0.34561246633529663,-0.31238773465156555
0.4943392872810364,0.3459637761116028,-0.31240126490592957
0.4920716881752014,0.3462332785129547,-0.3124283254146576
0.5405393242835999,0.34655410051345825,-0.2027585208415985
0.4985487163066864,0.3499148488044739,-0.13325448334217072
0.5140620470046997,0.3607913851737976,-0.2939123809337616
0.49826866388320923,0.3616643249988556,-0.2739987373352051
0.6009061336517334,0.39987894892692566,-0.09856123477220535
0.4643835723400116,0.4013992249965668,-0.03939333185553551
0.6212528347969055,0.4621523916721344,-0.2919807732105255
0.4385056495666504,0.4626004695892334,-0.1889016032218933
0.6458204984664917,0.42479950189590454,-0.654677152633667
0.41829198598861694,0.4282594323158264,-0.5656304359436035
0.6526803970336914,0.41202473640441895,-0.7202209234237671
0.41021013259887695,0.41848331689834595,-0.6337248682975769
0.6505814790725708,0.4051576554775238,-0.7232913374900818
0.41258057951927185,0.41107067465782166,-0.6347936987876892
0.645144522190094,0.4082101881504059,-0.6634496450424194
0.41696035861968994,0.4137600064277649,-0.5757922530174255
0.5674601793289185,0.5203316807746887,-0.005591866094619036
0.48340246081352234,0.5185650587081909,0.005348465871065855
0.5825138688087463,0.6080807447433472,-0.011613448150455952
0.47345200181007385,0.6053588390350342,0.0020153778605163097
0.6007294058799744,0.6900590062141418,0.24148498475551605
0.46095192432403564,0.686549961566925,0.24276749789714813
0.5911217331886292,0.7001218795776367,0.2562565505504608
0.4701356589794159,0.6942183375358582,0.25795313715934753
0.6223798394203186,0.7177518010139465,0.06368207931518555
0.4475948214530945,0.7158522605895996,0.06765909492969513
-
0.49976417422294617,0.35292941331863403,-0.3494932949542999
0.5102519392967224,0.34426602721214294,-0.33557912707328796
0.5162633061408997,0.34364861249923706,-0.3356201648712158
0.5234866738319397,0.34296101331710815,-0.3355618417263031
0.49740538001060486,0.3455973267555237,-0.3205163776874542
0.4944171905517578,0.3459472060203552,-0.3205321729183197
0.4921266734600067,0.34621331095695496,-0.32056114077568054
0.5405846238136292,0.3465532064437866,-0.2094280868768692
0.4985553026199341,0.34991058707237244,-0.14100489020347595
0.5140880346298218,0.36078402400016785,-0.3016563653945923
0.4983053505420685,0.3616500496864319,-0.28206589818000793
0.6009425520896912,0.3999069333076477,-0.10436695069074631
0.46430179476737976,0.4014487862586975,-0.04643240571022034
0.6212480068206787,0.46215349435806274,-0.2992776334285736
0.43850255012512207,0.4626338481903076,-0.19829590618610382
0.645797073841095,0.4248930811882019,-0.664111852645874
0.41834187507629395,0.428333044052124,-0.5774470567703247
0.6526302695274353,0.41213101148605347,-0.7298653721809387
0.41026443243026733,0.41852492094039917,-0.6459348797798157
0.6505533456802368,0.40523815155029297,-0.7327781915664673
0.41263431310653687,0.4110907018184662,-0.6466031670570374
0.6451231837272644,0.4082924723625183,-0.6728317141532898
0.41701188683509827,0.4137903153896332,-0.5874723792076111
0.5674930214881897,0.5203729867935181,-0.00559618417173624
0.48339521884918213,0.5185813307762146,0.005352557171136141
0.5825111865997314,0.6081064343452454,-0.01038572657853365
0.4734460115432739,0.6053973436355591,0.0030403584241867065
0.6007227301597595,0.6900609731674194,0.24575114250183105
0.4609581530094147,0.6865416169166565,0.2462095022201538
0.5911146402359009,0.700122058391571,0.26087287068367004
0.4701242744922638,0.6941967606544495,0.26162683963775635
0.6223525404930115,0.7177518606185913,0.06891222298145294
0.44760751724243164,0.7158490419387817,0.07156498730182648
-
0.4998987317085266,0.3528616726398468,-0.35673341155052185
0.5103879570960999,0.34423965215682983,-0.34237247705459595
0.5164209008216858,0.3436199128627777,-0.34241393208503723
0.5236576795578003,0.34293073415756226,-0.3423578143119812
0.49752509593963623,0.34555500745773315,-0.3276926875114441
0.49449822306632996,0.34590083360671997,-0.32771000266075134
0.49217846989631653,0.3461594581604004,-0.3277395963668823
0.5406239032745361,0.34654539823532104,-0.21422021090984344
0.4985640347003937,0.34990113973617554,-0.14756989479064941
0.5141627192497253,0.36074191331863403,-0.30817851424217224
0.49837371706962585,0.36159971356391907,-0.2891239523887634
0.6009662747383118,0.3999195098876953,-0.10843203961849213
0.464140921831131,0.401498019695282,-0.051718033850193024
0.621239185333252,0.46216073632240295,-0.30398526787757874
0.4384986460208893,0.4626689851284027,-0.20495551824569702
0.6457644701004028,0.42494234442710876,-0.6704294681549072
0.41839951276779175,0.4284147620201111,-0.5858024954795837
0.6525593400001526,0.4121723771095276,-0.7364278435707092
0.4103371798992157,0.41856926679611206,-0.6546579003334045
0.6505044102668762,0.4052671492099762,-0.739380955696106
0.41270706057548523,0.4111129343509674,-0.6551942825317383
0.6450661420822144,0.40832820534706116,-0.6791757941246033
0.4170758128166199,0.413825660943985,-0.5957929491996765
0.5675333738327026,0.520386815071106,-0.005595607217401266
0.4833906888961792,0.5185839533805847,0.005351465195417404
0.5825074911117554,0.6081275939941406,-0.009049052372574806
0.4734102487564087,0.6054090261459351,0.0032839823979884386
0.6007174253463745,0.6900634765625,0.24907509982585907
0.46096208691596985,0.6865371465682983,0.24806611239910126
0.5911022424697876,0.7001245617866516,0.2643451988697052
0.47012850642204285,0.694189190864563,0.26360541582107544
0.6223429441452026,0.7177530527114868,0.07229535281658173
0.447600781917572,0.7158365845680237,0.07318267971277237
-
0.5000324249267578,0.35279184579849243,-0.3622249662876129
0.5105088949203491,0.34421291947364807,-0.3474522829055786
0.5165639519691467,0.3435918390750885,-0.34749335050582886
0.5238161087036133,0.34290310740470886,-0.3474401831626892
0.49762865900993347,0.34551236033439636,-0.33305591344833374
0.4945671558380127,0.3458535075187683,-0.33307474851608276
0.4922204613685608,0.34610438346862793,-0.33310386538505554
0.5406627058982849,0.3465406000614166,-0.2173808366060257
0.4985697567462921,0.34988972544670105,-0.15198267996311188
0.5142513513565063,0.36069679260253906,-0.31296902894973755
0.49844059348106384,0.3615458011627197,-0.29429352283477783
0.60097336769104,0.3999263346195221,-0.1107390820980072
0.46398502588272095,0.40152907371520996,-0.055251412093639374
0.6212344765663147,0.4621662199497223,-0.30783167481422424
0.4384971559047699,0.46269312500953674,-0.20992836356163025
0.6457434892654419,0.4249632954597473,-0.6764706373214722
0.4184492826461792,0.4284893572330475,-0.5926175713539124
0.65252286195755,0.4121831953525543,-0.7429563999176025
0.410386860370636,0.418612003326416,-0.6620215177536011
0.650477945804596,0.40527376532554626,-0.7457741498947144
0.41277092695236206,0.41113558411598206,-0.662547767162323
0.6450411081314087,0.40834110975265503,-0.6852553486824036
0.4171346127986908,0.41385966539382935,-0.6026545166969299
0.5675722360610962,0.5204042196273804,-0.005592424422502518
0.48339322209358215,0.5185964107513428,0.0053477236069738865
0.5825017690658569,0.6081457138061523,-0.007918206043541431
0.4733732044696808,0.605455756187439,0.003549804911017418
0.600714921951294,0.6900683641433716,0.25264742970466614
0.46096688508987427,0.6865441203117371,0.24995295703411102
0.5910985469818115,0.700125515460968,0.2681422233581543
0.4701349139213562,0.694199800491333,0.2656000256538391
0.6222773194313049,0.7177593111991882,0.07560855895280838
0.44759267568588257,0.7158321142196655,0.07445376366376877
-
0.5000647306442261,0.3527179956436157,-0.3646080493927002
0.5105364322662354,0.34418654441833496,-0.3497931659221649
0.5165935754776001,0.34356489777565,-0.3498341739177704
0.5238455533981323,0.34287503361701965,-0.34978187084198
0.4976722002029419,0.34547191858291626,-0.3355118930339813
0.4945985674858093,0.3458094596862793,-0.3355318009853363
0.49223756790161133,0.3460545837879181,-0.33556172251701355
0.5406752228736877,0.34653371572494507,-0.2191927582025528
0.4985749125480652,0.3498709797859192,-0.1545046865940094
0.5142552852630615,0.360638290643692,-0.3151588439941406
0.4984539747238159,0.3614778220653534,-0.29667016863822937
0.6009734272956848,0.3999408483505249,-0.1121266558766365
0.46373817324638367,0.4015564024448395,-0.0566609650850296
0.6211511492729187,0.46216756105422974,-0.30905357003211975
0.43849441409111023,0.46272262930870056,-0.21068890392780304
0.6456514000892639,0.42498818039894104,-0.6784030199050903
0.4184863269329071,0.4285476803779602,-0.5939183235168457
0.6524431109428406,0.41218772530555725,-0.7450810074806213
0.41042768955230713,0.41864123940467834,-0.6633952260017395
0.6504213213920593,0.4052806794643402,-0.7480344772338867
0.4128086566925049,0.4111505448818207,-0.6641054153442383
0.6449576616287231,0.40835341811180115,-0.6872308850288391
0.417165070772171,0.4138886332511902,-0.6040189266204834
0.5676365494728088,0.5204092264175415,-0.005593027453869581
0.4834129214286804,0.5185966491699219,0.005348167382180691
0.5824931859970093,0.6081476211547852,-0.00651248823851347
0.47336044907569885,0.6054461002349854,0.003149024909362197
0.6007066965103149,0.6900721788406372,0.2524060904979706
0.46097633242607117,0.6865447759628296,0.249590665102005
0.5910806655883789,0.7001283764839172,0.26766136288642883
0.4701763093471527,0.6942142844200134,0.2651110589504242
0.622272253036499,0.7177596092224121,0.07497058808803558
0.44758719205856323,0.7158220410346985,0.07439591735601425
-
0.5000768899917603,0.352644681930542,-0.37109583616256714
0.51054447889328,0.3441549837589264,-0.35606473684310913
0.5165997743606567,0.34352779388427734,-0.356106698513031
0.5238527655601501,0.3428312838077545,-0.35605910420417786
0.49769774079322815,0.3454352021217346,-0.3418979048728943
0.4946199655532837,0.34577012062072754,-0.3419210612773895
0.49224990606307983,0.34601134061813354,-0.3419514298439026
0.5406911373138428,0.34651660919189453,-0.22358572483062744
0.49857980012893677,0.3498533368110657,-0.159479022026062
0.5142611861228943,0.36055442690849304,-0.32091405987739563
0.4984697699546814,0.3613990247249603,-0.30260002613067627
0.6009780168533325,0.39994877576828003,-0.11457754671573639
0.4635719656944275,0.40158945322036743,-0.05947056785225868
0.621113657951355,0.46217331290245056,-0.31259840726852417
0.4384922385215759,0.4628039002418518,-0.21387290954589844
0.6456038951873779,0.4250180125236511,-0.6853100657463074
0.4185325503349304,0.4286132752895355,-0.60047847032547
0.652414858341217,0.4121994376182556,-0.752774715423584
0.41049695014953613,0.41868481040000916,-0.670715868473053
0.6503993272781372,0.4052969515323639,-0.7559413313865662
0.41287291049957275,0.4111768305301666,-0.6716755032539368
0.6449158787727356,0.40837159752845764,-0.694307267665863
0.4172190725803375,0.4139314293861389,-0.6107538938522339
0.5676996111869812,0.5204121470451355,-0.005592431407421827
0.48344483971595764,0.5185960531234741,0.005347538739442825
0.5824912786483765,0.6081529855728149,-0.004092983435839415
0.4733525216579437,0.605444610118866,0.0014595966786146164
0.6007044315338135,0.6900870203971863,0.25371912121772766
0.4609954059123993,0.6865462064743042,0.24840953946113586
0.5910712480545044,0.7001503109931946,0.26876604557037354
0.4702598452568054,0.6942513585090637,0.2639368772506714
0.6223430037498474,0.7177585959434509,0.0751807689666748
0.4475579857826233,0.7158178687095642,0.07075723260641098
-
0.5001140832901001,0.3525780439376831,-0.37822163105010986
0.5105588436126709,0.3441206216812134,-0.36248958110809326
0.5166212916374207,0.3434875011444092,-0.3625332713127136
0.5238741040229797,0.34278619289398193,-0.3624909818172455
0.4977366626262665,0.34539803862571716,-0.348802775144577
0.49464869499206543,0.34573107957839966,-0.34882768988609314
0.49226558208465576,0.3459688425064087,-0.3488558530807495
0.540703535079956,0.3465020954608917,-0.2270401418209076
0.4985824525356293,0.34983423352241516,-0.16501633822917938
0.514274001121521,0.3604772984981537,-0.3269301652908325
0.498508483171463,0.3613278865814209,-0.30926406383514404
0.6009653210639954,0.3999517261981964,-0.11694036424160004
0.46338555216789246,0.4016151428222656,-0.06327216327190399
0.6210647225379944,0.46218347549438477,-0.31538236141204834
0.43848568201065063,0.4629391133785248,-0.2189549058675766
0.6455863118171692,0.4250711500644684,-0.6896246075630188
0.41858813166618347,0.4286964535713196,-0.6085066199302673
0.6524067521095276,0.41224685311317444,-0.7577532529830933
0.41060566902160645,0.4187595248222351,-0.679768443107605
0.6503923535346985,0.4053388237953186,-0.7611685991287231
0.412962943315506,0.41121989488601685,-0.6808156371116638
0.6449054479598999,0.4084135890007019,-0.6988072991371155
0.41729071736335754,0.41398540139198303,-0.6189001798629761
0.5677565336227417,0.5204126238822937,-0.005593281239271164
0.48349112272262573,0.5185962915420532,0.0053483727388083935
0.5824894309043884,0.6081531643867493,-0.0020442635286599398
0.47336387634277344,0.6054089665412903,-0.002026667119935155
0.6007050275802612,0.6900941133499146,0.2551409602165222
0.4610483944416046,0.6865479350090027,0.24593695998191833
0.5910672545433044,0.7001712322235107,0.2700935900211334
0.4703907072544098,0.6942933797836304,0.26151609420776367
0.6224722266197205,0.7177528738975525,0.07568331807851791
0.447546124458313,0.715814471244812,0.06628211587667465
-
0.5001746416091919,0.35249245166778564,-0.37400808930397034
0.5105970501899719,0.34407398104667664,-0.35819292068481445
0.5166717171669006,0.3434365689754486,-0.35823553800582886
0.5239226222038269,0.3427356779575348,-0.35819000005722046
0.4977986216545105,0.34534168243408203,-0.34455108642578125
0.49469032883644104,0.34566959738731384,-0.3445734977722168
0.49228614568710327,0.345899760723114,-0.34459954500198364
0.5407133102416992,0.3464908003807068,-0.22530481219291687
0.49858343601226807,0.34980231523513794,-0.16134022176265717
0.5142983198165894,0.36039015650749207,-0.3229414224624634
0.49855977296829224,0.3612465262413025,-0.3052784502506256
0.6009275317192078,0.39995408058166504,-0.11451422423124313
0.4632189869880676,0.401628315448761,-0.06097530201077461
0.6210363507270813,0.46218568086624146,-0.3118019998073578
0.4384833574295044,0.46311312913894653,-0.21576961874961853
0.6455661058425903,0.4251441955566406,-0.6878077387809753
0.41863128542900085,0.4288384020328522,-0.6030489802360535
0.652401328086853,0.41230082511901855,-0.754083514213562
0.41070806980133057,0.41888704895973206,-0.6738911271095276
0.6503778696060181,0.4053868353366852,-0.7572042942047119
0.4130420386791229,0.4113011360168457,-0.6750417351722717
0.6448745131492615,0.4084588587284088,-0.6965177655220032
0.41733959317207336,0.41407403349876404,-0.6134243011474609
0.5678314566612244,0.5203670263290405,-0.005544273182749748
0.4835619628429413,0.5185750126838684,0.005299728363752365
0.5824821591377258,0.6081359386444092,-0.0020355049055069685
0.47342169284820557,0.605318546295166,-0.006746925879269838
0.6007307171821594,0.6901113986968994,0.25407078862190247
0.4610772132873535,0.6865602135658264,0.2406003475189209
0.5910726189613342,0.700230062007904,0.26863858103752136
0.4704747498035431,0.6943826079368591,0.25598907470703125
0.622687816619873,0.7177504301071167,0.07332193106412888
0.44751331210136414,0.7158112525939941,0.060577843338251114
-
0.5001922845840454,0.35248303413391113,-0.3686504364013672
0.5106055736541748,0.34406623244285583,-0.35144442319869995
0.5166791677474976,0.3434259593486786,-0.35149043798446655
0.5239292979240417,0.3427228629589081,-0.3514493703842163
0.4978243112564087,0.34533268213272095,-0.33892759680747986
0.49471330642700195,0.34565824270248413,-0.33895015716552734
0.4923015236854553,0.3458859622478485,-0.3389683663845062
0.5407220721244812,0.346488893032074,-0.2142401784658432
0.49859076738357544,0.3497970998287201,-0.15565723180770874
0.514305055141449,0.3603692352771759,-0.3161865770816803
0.4986083209514618,0.3612334132194519,-0.2999712824821472
0.600946843624115,0.3999595046043396,-0.10595137625932693
0.4632091820240021,0.40163564682006836,-0.05419543758034706
0.6210306882858276,0.4622381627559662,-0.3001808822154999
0.43851161003112793,0.46331629157066345,-0.20673033595085144
0.6455472111701965,0.4252447187900543,-0.6691135168075562
0.4186968207359314,0.4289228916168213,-0.5921103954315186
0.6523951888084412,0.41238269209861755,-0.7359267473220825
0.4108221232891083,0.41898027062416077,-0.6631007194519043
0.6503702998161316,0.4054514765739441,-0.7393945455551147
0.4131414592266083,0.4113779067993164,-0.6650291681289673
0.6448647975921631,0.4085341989994049,-0.6782036423683167
0.41742488741874695,0.4141562879085541,-0.6028058528900146
0.5678898096084595,0.5202666521072388,-0.005567760672420263
0.4836193025112152,0.5184794664382935,0.005326935555785894
0.5824801921844482,0.6081064343452454,-0.0018943364266306162
0.47346413135528564,0.605096697807312,-0.015643034130334854
0.6007362604141235,0.6901518106460571,0.23867084085941315
0.46116358041763306,0.6865825057029724,0.2182588428258896
0.5910573601722717,0.7003734707832336,0.25111469626426697
0.4708426296710968,0.6945496797561646,0.23193660378456116
0.6231499910354614,0.7177476286888123,0.05671802535653114
0.44680020213127136,0.7157620191574097,0.037698131054639816
-
0.5002083778381348,0.35246479511260986,-0.36094534397125244
0.5106123089790344,0.3440547585487366,-0.3434591591358185
0.5166861414909363,0.3434121012687683,-0.343504935503006
0.5239376425743103,0.34270769357681274,-0.3434631824493408
0.49785029888153076,0.3453200161457062,-0.3309975266456604
0.4947358965873718,0.34564369916915894,-0.33101886510849
0.4923169016838074,0.34586936235427856,-0.33103302121162415
0.5407291650772095,0.34648746252059937,-0.2059878259897232
0.4985983073711395,0.34979069232940674,-0.14814628660678864
0.5143098831176758,0.3603445589542389,-0.308639794588089
0.4986439645290375,0.36121606826782227,-0.2924894690513611
0.6009788513183594,0.3999629020690918,-0.09971726685762405
0.46320632100105286,0.4016440510749817,-0.04817923903465271
0.6210272312164307,0.462257444858551,-0.2931729555130005
0.4385385811328888,0.4634970724582672,-0.19983498752117157
0.6455392241477966,0.4253059923648834,-0.6586886644363403
0.4187611937522888,0.42897558212280273,-0.5825585126876831
0.6523885726928711,0.4124007821083069,-0.7255064845085144
0.41094571352005005,0.41903167963027954,-0.6533212065696716
0.650361180305481,0.40546923875808716,-0.7288315892219543
0.4132472276687622,0.4114164710044861,-0.654909610748291
0.644854724407196,0.40856948494911194,-0.6678056716918945
0.4175161123275757,0.4141995906829834,-0.5930824875831604
0.5679336786270142,0.5201570987701416,-0.005587119609117508
0.48367542028427124,0.5183670520782471,0.0053490931168198586
0.5824783444404602,0.6080336570739746,-0.002890830161049962
0.4735167622566223,0.6048892736434937,-0.021510034799575806
0.6007416248321533,0.690201461315155,0.2280278503894806
0.4612106680870056,0.6866022348403931,0.210701584815979
0.5910413265228271,0.7005530595779419,0.24001869559288025
0.47109681367874146,0.6946689486503601,0.22429989278316498
0.6235645413398743,0.7177464962005615,0.0463772676885128
0.4463233947753906,0.7157298922538757,0.03094141185283661
-
0.5002180933952332,0.3524602949619293,-0.35109466314315796
0.5106207728385925,0.3440502882003784,-0.3338250517845154
0.516696035861969,0.34340643882751465,-0.3338693082332611
0.5239477753639221,0.3427010774612427,-0.33382317423820496
0.49787452816963196,0.34531480073928833,-0.32123467326164246
0.4947596788406372,0.34563732147216797,-0.32125288248062134
0.49233609437942505,0.3458619713783264,-0.3212665021419525
0.540736973285675,0.34648579359054565,-0.19710415601730347
0.4986167550086975,0.3497854471206665,-0.13943710923194885
0.5143157839775085,0.36033695936203003,-0.29933661222457886
0.4986763000488281,0.36121198534965515,-0.283009797334671
0.6010035872459412,0.39996612071990967,-0.09225725382566452
0.46320757269859314,0.40165019035339355,-0.04075222089886665
0.621021032333374,0.4622766077518463,-0.2833671271800995
0.4386000633239746,0.4636538624763489,-0.1903042495250702
0.6455247402191162,0.4253203272819519,-0.6454561352729797
0.41882672905921936,0.42906418442726135,-0.5693233013153076
0.652383029460907,0.4124036729335785,-0.7118956446647644
0.41105252504348755,0.41911453008651733,-0.6392599940299988
0.6503403782844543,0.4054742455482483,-0.7151948809623718
0.4133296012878418,0.4114844799041748,-0.6409977674484253
0.6448341608047485,0.4085734486579895,-0.6545342206954956
0.4175805449485779,0.41427522897720337,-0.5798145532608032
0.5679692029953003,0.5200353860855103,-0.005603404249995947
0.4837460517883301,0.5182551145553589,0.005368157289922237
0.5824732184410095,0.6079081892967224,-0.004018628969788551
0.4735952913761139,0.6045960187911987,-0.027548430487513542
0.6007506847381592,0.6902770400047302,0.21859079599380493
0.46123450994491577,0.6866172552108765,0.20055028796195984
0.5910281538963318,0.7008370757102966,0.22988350689411163
0.4712716341018677,0.6947733163833618,0.21365706622600555
0.6239829659461975,0.7177528142929077,0.036225009709596634
0.4457840919494629,0.7156989574432373,0.020697681233286858
-
0.5002268552780151,0.3524554371833801,-0.3464716076850891
0.5106263160705566,0.3440465033054352,-0.32953542470932007
0.5167033672332764,0.3434024751186371,-0.32957881689071655
0.5239554643630981,0.3426969051361084,-0.32952943444252014
0.49790138006210327,0.3453109860420227,-0.316724956035614
0.4947855770587921,0.34563398361206055,-0.3167415261268616
0.4923569858074188,0.34585899114608765,-0.3167567253112793
0.5407428741455078,0.34648528695106506,-0.19372327625751495
0.4986341595649719,0.34978187084198,-0.13537472486495972
0.5143212676048279,0.3603326082229614,-0.2951500117778778
0.498698353767395,0.36120712757110596,-0.27851900458335876
0.6010671854019165,0.3999691903591156,-0.08914493024349213
0.4632057547569275,0.4016554355621338,-0.037157364189624786
0.6210191249847412,0.46229010820388794,-0.2790927588939667
0.4386903941631317,0.4638136029243469,-0.18558521568775177
0.6455190181732178,0.4253532886505127,-0.6399481296539307
0.4188769459724426,0.42914047837257385,-0.5630959272384644
0.6523786187171936,0.41240912675857544,-0.7059078812599182
0.4111115336418152,0.41918307542800903,-0.6324027180671692
0.6503318548202515,0.40547823905944824,-0.7091854810714722
0.41337427496910095,0.41154661774635315,-0.6342105269432068
0.6448255181312561,0.4085787832736969,-0.6489566564559937
0.4176197052001953,0.4143458306789398,-0.5735701322555542
0.5680210590362549,0.5199397802352905,-0.005618904251605272
0.48382118344306946,0.5181599855422974,0.0053858221508562565
0.5824712514877319,0.6078320741653442,-0.005609444808214903
0.47368574142456055,0.6043623685836792,-0.02780064009130001
0.6007701754570007,0.690346360206604,0.2147197127342224
0.46123993396759033,0.6866180896759033,0.20107805728912354
0.5910218358039856,0.7010625004768372,0.22589421272277832
0.47134754061698914,0.6947981119155884,0.2142936885356903
0.6244314908981323,0.7177655696868896,0.03198159486055374
0.44544973969459534,0.7156453132629395,0.02188882604241371
-
0.5002996921539307,0.352449506521225,-0.3417213559150696
0.5106760859489441,0.3440440595149994,-0.3245845437049866
0.5167489647865295,0.34339991211891174,-0.3246270418167114
0.5239893794059753,0.3426932990550995,-0.32457783818244934
0.49797388911247253,0.3453075587749481,-0.3119316101074219
0.494844913482666,0.3456304669380188,-0.31194648146629333
0.4923965036869049,0.345855712890625,-0.31196093559265137
0.5407505631446838,0.3464863896369934,-0.1882016360759735
0.49863898754119873,0.34977975487709045,-0.1309085339307785
0.5143640637397766,0.360327810049057,-0.2903285622596741
0.49877816438674927,0.3612043857574463,-0.2739214301109314
0.6010820865631104,0.39996081590652466,-0.08425271511077881
0.4632059633731842,0.40166622400283813,-0.03342769294977188
0.6210194826126099,0.4622911810874939,-0.27458998560905457
0.43869712948799133,0.46394795179367065,-0.1824338436126709
0.6455187201499939,0.4253435730934143,-0.6352688074111938
0.4189055860042572,0.42918866872787476,-0.5589102506637573
0.6524050235748291,0.41223421692848206,-0.7012683153152466
0.41117167472839355,0.41921466588974,-0.6279836297035217
0.6503223180770874,0.40546122193336487,-0.704142689704895
0.4134323000907898,0.41158995032310486,-0.6296012997627258
0.6448180079460144,0.40857213735580444,-0.6441396474838257
0.41766616702079773,0.41440218687057495,-0.5692588090896606
0.5680501461029053,0.519805371761322,-0.005586232524365187
0.483895480632782,0.5180128216743469,0.005355554167181253
0.582466721534729,0.6077781319618225,-0.007348522078245878
0.47378477454185486,0.6041010022163391,-0.03202483057975769
0.6007720828056335,0.6904107928276062,0.21131950616836548
0.46124887466430664,0.6866169571876526,0.19662755727767944
0.5910007357597351,0.7012461423873901,0.2223670333623886
0.4713786542415619,0.6948012709617615,0.20981381833553314
0.6248565316200256,0.7177684903144836,0.028937339782714844
0.4451691210269928,0.7155941128730774,0.01781606115400791
-
0.500347375869751,0.35244494676589966,-0.33273473381996155
0.5107132196426392,0.344040185213089,-0.3153742253780365
0.516778826713562,0.34339576959609985,-0.3154155910015106
0.5240093469619751,0.34269005060195923,-0.31536489725112915
0.49803048372268677,0.3453030288219452,-0.30295222997665405
0.4948931336402893,0.34562593698501587,-0.3029636740684509
0.49243074655532837,0.3458510935306549,-0.3029766082763672
0.5407577753067017,0.34649378061294556,-0.17888464033603668
0.49864599108695984,0.3497770428657532,-0.1227358728647232
0.5143845677375793,0.36032378673553467,-0.28136226534843445
0.49883782863616943,0.3612001836299896,-0.2652481198310852
0.6010867357254028,0.3999563157558441,-0.07637888938188553
0.4632059633731842,0.40167036652565,-0.02609063871204853
0.6210169196128845,0.46229249238967896,-0.2647800147533417
0.43870723247528076,0.46400004625320435,-0.17437830567359924
0.6455152034759521,0.42534130811691284,-0.6230081915855408
0.41892874240875244,0.4292057454586029,-0.5485504269599915
0.6524027585983276,0.41223058104515076,-0.6885733604431152
0.41121625900268555,0.4192180633544922,-0.6170642971992493
0.6503046751022339,0.4054624140262604,-0.69115149974823
0.4134927988052368,0.41159844398498535,-0.6186196208000183
0.6448087096214294,0.4085763096809387,-0.6316884160041809
0.4177120625972748,0.41441479325294495,-0.5587912797927856
0.5680705904960632,0.5196911096572876,-0.005574102513492107
0.48394814133644104,0.5178850889205933,0.005344767589122057
0.5824609398841858,0.6076992750167847,-0.011332869529724121
0.4739023745059967,0.6037788391113281,-0.036459192633628845
0.600781261920929,0.690505862236023,0.2039642333984375
0.4612565040588379,0.6866074204444885,0.19105707108974457
0.5909972190856934,0.7014409303665161,0.21463735401630402
0.4713830351829529,0.6947987079620361,0.20410561561584473
0.6251373291015625,0.7177828550338745,0.020952492952346802
0.44504302740097046,0.7155455350875854,0.012624313123524189
-
0.5003846287727356,0.35244104266166687,-0.32953011989593506
0.5107457041740417,0.3440369963645935,-0.3123164176940918
0.5168032050132751,0.34339219331741333,-0.31235697865486145
0.524025559425354,0.34268730878829956,-0.3123045563697815
0.4980883002281189,0.34530025720596313,-0.29986485838890076
0.4949462413787842,0.3456234335899353,-0.29987427592277527
0.49247148633003235,0.34584853053092957,-0.2998875677585602
0.5407630205154419,0.34650081396102905,-0.1767890453338623
0.49866342544555664,0.3497721552848816,-0.12056399136781693
0.5143976211547852,0.36032265424728394,-0.27853938937187195
0.4988858997821808,0.3611977696418762,-0.2623986005783081
0.6010876297950745,0.39995113015174866,-0.07496312260627747
0.46320635080337524,0.4016745984554291,-0.024543723091483116
0.6210144758224487,0.4622936248779297,-0.2627478837966919
0.4387083649635315,0.4640333652496338,-0.17270079255104065
0.6455125212669373,0.4252687096595764,-0.6193665266036987
0.4189442992210388,0.4292221963405609,-0.545210063457489
0.6524187326431274,0.41201692819595337,-0.6844295263290405
0.4112600088119507,0.419222891330719,-0.6132245063781738
0.6502968072891235,0.4054039418697357,-0.6868171095848083
0.4135608971118927,0.41160455346107483,-0.6145011186599731
0.6447939276695251,0.4085318446159363,-0.6278995871543884
0.4177643954753876,0.4144245982170105,-0.5552875399589539
0.5680885910987854,0.5195927023887634,-0.0055712503381073475
0.4840085804462433,0.517791748046875,0.005342469085007906
0.5824510455131531,0.6076560616493225,-0.012947388924658298
0.47396451234817505,0.6036076545715332,-0.03636592626571655
0.6007898449897766,0.6905926465988159,0.2021823227405548
0.4612632691860199,0.6865874528884888,0.19091695547103882
0.5909907221794128,0.701600968837738,0.21284383535385132
0.47138896584510803,0.6947814226150513,0.20399165153503418
0.6253191828727722,0.7177942395210266,0.019686581566929817
0.44497010111808777,0.715481162071228,0.01347721554338932
-
0.5004051923751831,0.35243937373161316,-0.33200588822364807
0.5107616782188416,0.3440340459346771,-0.3151354491710663
0.5168129205703735,0.34338945150375366,-0.31517618894577026
0.524031937122345,0.3426864445209503,-0.3151246905326843
0.49812206625938416,0.3452964425086975,-0.3024426996707916
0.49498066306114197,0.345619797706604,-0.3024533689022064
0.49249976873397827,0.3458450436592102,-0.30246883630752563
0.5407701134681702,0.34650689363479614,-0.18033955991268158
0.4986804127693176,0.34976840019226074,-0.1229926347732544
0.5144033432006836,0.36032500863075256,-0.28122377395629883
0.49892479181289673,0.3611984848976135,-0.26477283239364624
0.6010907888412476,0.3999466896057129,-0.07776180654764175
0.46320992708206177,0.4016782343387604,-0.026593893766403198
0.6210119128227234,0.462296724319458,-0.2664565443992615
0.43870946764945984,0.4640754759311676,-0.17528879642486572
0.6455011367797852,0.425191730260849,-0.6235782504081726
0.41895759105682373,0.42922478914260864,-0.5489605665206909
0.6524158120155334,0.4118814468383789,-0.6885589361190796
0.4112878441810608,0.4192263185977936,-0.6170991063117981
0.6502690315246582,0.405299574136734,-0.6908456087112427
0.4136180579662323,0.41161030530929565,-0.6182540655136108
0.6447513699531555,0.408477783203125,-0.6320381164550781
0.41781675815582275,0.4144284725189209,-0.5590311884880066
0.5681031942367554,0.5195221304893494,-0.005574079230427742
0.4840437173843384,0.5177258849143982,0.0053455401211977005
0.5824471712112427,0.6076259016990662,-0.014656533487141132
0.47398900985717773,0.6034654378890991,-0.03735559806227684
0.6007988452911377,0.6906628608703613,0.20280957221984863
0.46127748489379883,0.6865575313568115,0.19142436981201172
0.5909872651100159,0.7016894817352295,0.2137230783700943
0.4713978171348572,0.6947394013404846,0.20473746955394745
0.6253910064697266,0.7178091406822205,0.020390991121530533
0.44490280747413635,0.7154227495193481,0.014308578334748745
-
0.5004205107688904,0.352435439825058,-0.3342404365539551
0.5107763409614563,0.3440280258655548,-0.31753039360046387
0.5168196558952332,0.34338465332984924,-0.31757140159606934
0.5240414142608643,0.34268373250961304,-0.3175202012062073
0.49815717339515686,0.3452872335910797,-0.30468642711639404
0.4950171709060669,0.34560921788215637,-0.3046984076499939
0.4925300180912018,0.34583285450935364,-0.3047148585319519
0.5407764911651611,0.34650763869285583,-0.18290117383003235
0.49869856238365173,0.3497518301010132,-0.1247950941324234
0.5144094228744507,0.36032310128211975,-0.28350120782852173
0.4989536702632904,0.3611963391304016,-0.2668531537055969
0.6010935306549072,0.3999404013156891,-0.07972947508096695
0.46321189403533936,0.4016750454902649,-0.028094936162233353
0.620984673500061,0.46231621503829956,-0.2690817415714264
0.43869227170944214,0.4640912413597107,-0.17730356752872467
0.6454982161521912,0.4251699447631836,-0.6275608539581299
0.4189629852771759,0.4292285442352295,-0.5520919561386108
0.6524174213409424,0.4118247926235199,-0.6928180456161499
0.41131290793418884,0.4192275106906891,-0.6204457879066467
0.6502612829208374,0.40528354048728943,-0.6953296661376953
0.41365957260131836,0.41161489486694336,-0.6216627955436707
0.6447381973266602,0.40845799446105957,-0.6361440420150757
0.4178537130355835,0.4144309163093567,-0.562211811542511
0.5681231617927551,0.5194723010063171,-0.005518524441868067
0.48409393429756165,0.5176881551742554,0.0052908859215676785
0.5824441909790039,0.6075993776321411,-0.014228150248527527
0.4740281403064728,0.6033915281295776,-0.036067940294742584
0.6008042097091675,0.6906883120536804,0.20587368309497833
0.4612879455089569,0.6865419149398804,0.19325879216194153
0.5909770131111145,0.7017388939857483,0.21704040467739105
0.4714137315750122,0.6947142481803894,0.2066420465707779
0.6255331635475159,0.7178102135658264,0.023685600608587265
0.44488275051116943,0.715369701385498,0.01580265909433365
-
0.5004327893257141,0.3524315059185028,-0.33495596051216125
0.5107892751693726,0.3440248668193817,-0.31827622652053833
0.5168256759643555,0.3433825373649597,-0.3183172047138214
0.524050235748291,0.3426818549633026,-0.31826722621917725
0.4981890916824341,0.3452802300453186,-0.3056035339832306
0.49505144357681274,0.34560084342956543,-0.3056148886680603
0.4925593137741089,0.34582293033599854,-0.3056325614452362
0.5407812595367432,0.3465089201927185,-0.183689683675766
0.49871858954429626,0.3497409224510193,-0.12643669545650482
0.5144147872924805,0.36032140254974365,-0.28418585658073425
0.4989785850048065,0.3611944913864136,-0.2677832543849945
0.6010960340499878,0.3999323546886444,-0.08006386458873749
0.463212251663208,0.4016708433628082,-0.02934614196419716
0.6209670305252075,0.46233487129211426,-0.2701118588447571
0.4386899769306183,0.4641043245792389,-0.1779835820198059
0.6454930305480957,0.4251399636268616,-0.6297781467437744
0.41896939277648926,0.4292322099208832,-0.5527992844581604
0.6524201035499573,0.41177231073379517,-0.6952711939811707
0.41132596135139465,0.4192264974117279,-0.6214646100997925
0.650253176689148,0.4052324891090393,-0.697860598564148
0.4136846363544464,0.4116191267967224,-0.6226608157157898
0.6447203159332275,0.4084300994873047,-0.638420045375824
0.41787469387054443,0.41443386673927307,-0.5629398226737976
0.5681343674659729,0.5194443464279175,-0.0054803634993731976
0.484127014875412,0.5176719427108765,0.005253413692116737
0.5824397802352905,0.607588529586792,-0.013975177891552448
0.4740355908870697,0.6033632159233093,-0.03500860929489136
0.6008052229881287,0.6906958818435669,0.2078765481710434
0.46129417419433594,0.6865202188491821,0.19469688832759857
0.5909484624862671,0.701751172542572,0.21928276121616364
0.471421480178833,0.6946803331375122,0.20812267065048218
0.6256288886070251,0.717810332775116,0.025852879509329796
0.4448806643486023,0.7153424024581909,0.017054803669452667
-
0.5004644989967346,0.35242122411727905,-0.3348744213581085
0.5108203887939453,0.34401726722717285,-0.31821733713150024
0.5168477296829224,0.34337595105171204,-0.3182583451271057
0.5240605473518372,0.3426772952079773,-0.31820768117904663
0.4982461631298065,0.34526774287223816,-0.3055228590965271
0.4951057434082031,0.34558695554733276,-0.30553388595581055
0.4926025867462158,0.34580689668655396,-0.30555176734924316
0.54078608751297,0.3465093970298767,-0.18381424248218536
0.4987454414367676,0.3497278094291687,-0.12651726603507996
0.5144186019897461,0.36031943559646606,-0.28419312834739685
0.4990190863609314,0.36119115352630615,-0.2677673101425171
0.6010982394218445,0.3999302387237549,-0.08039022237062454
0.46321389079093933,0.40166789293289185,-0.029648493975400925
0.6209230422973633,0.46235376596450806,-0.26991382241249084
0.43868187069892883,0.4641059339046478,-0.1783706396818161
0.6454852819442749,0.42504119873046875,-0.6285788416862488
0.41897451877593994,0.4292359948158264,-0.5526013970375061
0.6524231433868408,0.4116862416267395,-0.693803608417511
0.411345511674881,0.4192214906215668,-0.6208977699279785
0.6502446532249451,0.4051600396633148,-0.6963627934455872
0.41371607780456543,0.4116230905056,-0.6221187114715576
0.644710123538971,0.4083729386329651,-0.6371920704841614
0.4178982675075531,0.4144376218318939,-0.5627371668815613
0.5681401491165161,0.5194076895713806,-0.0053839897736907005
0.4841442108154297,0.5176373720169067,0.005158199928700924
0.5824331045150757,0.6075797080993652,-0.013883965089917183
0.47405222058296204,0.6033356189727783,-0.034589774906635284
0.6008062362670898,0.6907069683074951,0.20873887836933136
0.4613102674484253,0.6864972114562988,0.19459590315818787
0.5909267663955688,0.7017631530761719,0.22005710005760193
0.47143903374671936,0.6946484446525574,0.207936093211174
0.6256810426712036,0.7178105115890503,0.026683242991566658
0.4448802173137665,0.7153123617172241,0.016884127631783485
-
0.5004997253417969,0.35241907835006714,-0.333100825548172
0.5108541250228882,0.3440152108669281,-0.3164431154727936
0.5168753266334534,0.34337371587753296,-0.31648367643356323
0.5240771174430847,0.34267526865005493,-0.31643086671829224
0.498296856880188,0.34526121616363525,-0.3038026988506317
0.4951455891132355,0.3455793261528015,-0.3038123548030853
0.4926305413246155,0.3457971215248108,-0.30382999777793884
0.5407899618148804,0.3465118706226349,-0.18230976164340973
0.49875178933143616,0.349718302488327,-0.1252889782190323
0.5144231915473938,0.36032170057296753,-0.28254181146621704
0.4990432858467102,0.3611903786659241,-0.2661822438240051
0.60109543800354,0.39993202686309814,-0.07930818945169449
0.46321067214012146,0.4016380310058594,-0.028962988406419754
0.6209011077880859,0.46237149834632874,-0.26748645305633545
0.43867745995521545,0.4641045033931732,-0.17725986242294312
0.6454788446426392,0.4249771535396576,-0.6246645450592041
0.4189743399620056,0.42922869324684143,-0.5499849319458008
0.652423620223999,0.4116431772708893,-0.689534604549408
0.41135188937187195,0.41919922828674316,-0.6178147792816162
0.650239109992981,0.4051259160041809,-0.6921296119689941
0.41373008489608765,0.4116072654724121,-0.6190447807312012
0.6446940302848816,0.4083468019962311,-0.633263885974884
0.41791000962257385,0.414421945810318,-0.5600684881210327
0.5681478977203369,0.5193814039230347,-0.005299189127981663
0.4841606020927429,0.5176218748092651,0.005074382293969393
0.5824283361434937,0.6075707077980042,-0.013823292218148708
0.47405943274497986,0.6033278107643127,-0.034041352570056915
0.600813090801239,0.6907393932342529,0.20832273364067078
0.4613231122493744,0.6864854097366333,0.19446060061454773
0.5909212827682495,0.7017951011657715,0.2193935215473175
0.4714636504650116,0.6946319341659546,0.20768332481384277
0.6257397532463074,0.7178152203559875,0.02639279142022133
0.44486454129219055,0.7152954936027527,0.017084242776036263
-
0.5005384087562561,0.35240158438682556,-0.33358049392700195
0.5108791589736938,0.344007283449173,-0.3169478178024292
0.5168938040733337,0.34336724877357483,-0.3169881999492645
0.5240870714187622,0.3426705002784729,-0.31693533062934875
0.4983363151550293,0.34524765610694885,-0.3042948842048645
0.49517640471458435,0.3455643057823181,-0.30430465936660767
0.4926505982875824,0.3457792103290558,-0.30432265996932983
0.5407935380935669,0.34651198983192444,-0.18285389244556427
0.4987580180168152,0.349706768989563,-0.125747412443161
0.5144267678260803,0.3603191673755646,-0.2830354571342468
0.49907785654067993,0.36118608713150024,-0.2666592299938202
0.6010844707489014,0.39992931485176086,-0.07975634187459946
0.46321216225624084,0.4015932083129883,-0.02940099686384201
0.620880663394928,0.4623749852180481,-0.2679896056652069
0.43866658210754395,0.46408843994140625,-0.1778460144996643
0.6454389095306396,0.4248565137386322,-0.6254164576530457
0.4189796447753906,0.42921075224876404,-0.5504969358444214
0.6524143218994141,0.4115559458732605,-0.690229058265686
0.4113602042198181,0.4191451668739319,-0.618233859539032
0.6502261161804199,0.40505486726760864,-0.6927465796470642
0.41373687982559204,0.41158246994018555,-0.6193192005157471
0.6446660161018372,0.4082764983177185,-0.6339858174324036
0.4179193377494812,0.41440549492836,-0.5605053305625916
0.5681564807891846,0.5193610191345215,-0.0052116261795163155
0.48417943716049194,0.517608106136322,0.00498545216396451
0.5824254751205444,0.6075682044029236,-0.013581031002104282
0.47406917810440063,0.6032840013504028,-0.033659517765045166
0.6008144617080688,0.690750002861023,0.20883750915527344
0.46135208010673523,0.6864505410194397,0.1951248198747635
0.5909163355827332,0.7017977237701416,0.21997563540935516
0.47147852182388306,0.6945616006851196,0.20840850472450256
0.6257730722427368,0.7178248167037964,0.02696054056286812
0.44486284255981445,0.7152867913246155,0.017709843814373016
-
0.5006222128868103,0.35239124298095703,-0.3339827358722687
0.5109301805496216,0.3440049886703491,-0.31735458970069885
0.516942024230957,0.34336522221565247,-0.3173946738243103
0.5241230726242065,0.34266868233680725,-0.31734198331832886
0.49839311838150024,0.3452414870262146,-0.3046920895576477
0.49521487951278687,0.3455577492713928,-0.3047018349170685
0.49267205595970154,0.34577155113220215,-0.30471980571746826
0.5407967567443848,0.34651249647140503,-0.18319867551326752
0.4987635016441345,0.3497011959552765,-0.12605363130569458
0.5144447684288025,0.36031800508499146,-0.28341051936149597
0.4991377890110016,0.3611847758293152,-0.26702195405960083
0.6010797023773193,0.3999255299568176,-0.07999224960803986
0.4632250964641571,0.40153756737709045,-0.02970960922539234
0.6208741664886475,0.4623776376247406,-0.2682550549507141
0.4386404752731323,0.46405649185180664,-0.17827089130878448
0.645395040512085,0.4248007833957672,-0.6260839104652405
0.4189845323562622,0.4291760325431824,-0.5510430335998535
0.6523979902267456,0.41151589155197144,-0.690946102142334
0.4113675057888031,0.41907554864883423,-0.6188026666641235
0.6501952409744263,0.4050253927707672,-0.6933917999267578
0.41374295949935913,0.41154175996780396,-0.619806170463562
0.6446134448051453,0.4082490801811218,-0.6346384286880493
0.41793540120124817,0.414376437664032,-0.5610039830207825
0.5681638717651367,0.5193474292755127,-0.005135782528668642
0.48420342803001404,0.5175940990447998,0.004906761925667524
0.5824227929115295,0.6075665354728699,-0.014007235877215862
0.4740740954875946,0.6032553911209106,-0.0334046371281147
0.6008158922195435,0.690775454044342,0.2092139720916748
0.4613715410232544,0.6863889098167419,0.19566155970096588
0.5909075140953064,0.7018097639083862,0.22043022513389587
0.4714837074279785,0.6944290399551392,0.20918309688568115
0.6257933974266052,0.7178453207015991,0.027382908388972282
0.444912850856781,0.7152811288833618,0.019393304362893105
-
0.5006679892539978,0.35237962007522583,-0.3342811167240143
0.5109532475471497,0.3440018892288208,-0.3175896406173706
0.5169612169265747,0.3433632254600525,-0.31762903928756714
0.524135410785675,0.342666894197464,-0.3175773620605469
0.49842581152915955,0.34523338079452515,-0.3050064444541931
0.49523866176605225,0.34554892778396606,-0.30501559376716614
0.4926855266094208,0.34576165676116943,-0.30503374338150024
0.5407997965812683,0.3465138375759125,-0.18326504528522491
0.49876824021339417,0.34969362616539,-0.12639851868152618
0.5144503712654114,0.36031702160835266,-0.28360986709594727
0.4991738498210907,0.361183226108551,-0.26732924580574036
0.6010754108428955,0.39991769194602966,-0.0801858901977539
0.46322935819625854,0.40148067474365234,-0.030270978808403015
0.6208648681640625,0.46237969398498535,-0.26858842372894287
0.4386005401611328,0.46401435136795044,-0.1791403591632843
0.6453592777252197,0.4247451424598694,-0.6265568137168884
0.4189797341823578,0.4291102886199951,-0.5513569116592407
0.6523897647857666,0.4114786684513092,-0.6915204524993896
0.41135409474372864,0.41896048188209534,-0.6190314292907715
0.6501796841621399,0.404994398355484,-0.6941033005714417
0.4137515127658844,0.4114561080932617,-0.6199848055839539
0.6445844173431396,0.4082176685333252,-0.6351604461669922
0.41794735193252563,0.4143001139163971,-0.5611655116081238
0.5681704878807068,0.5193339586257935,-0.0050558168441057205
0.48421788215637207,0.5175829529762268,0.004824111703783274
0.5824204087257385,0.6075659990310669,-0.014669668860733509
0.4740801155567169,0.6032426357269287,-0.033362243324518204
0.6008172035217285,0.6907956004142761,0.20934844017028809
0.4613933563232422,0.6863428950309753,0.19627481698989868
0.5908923149108887,0.7018120884895325,0.22081845998764038
0.4714885652065277,0.6943253874778748,0.21012237668037415
0.6258016228675842,0.717862069606781,0.02779220975935459
0.44496777653694153,0.715275764465332,0.02053184062242508
-
0.5007065534591675,0.3523455560207367,-0.3369150459766388
0.5109671950340271,0.34398749470710754,-0.320071280002594
0.5169752240180969,0.3433495759963989,-0.3201104402542114
0.5241445899009705,0.3426545560359955,-0.32005977630615234
0.4984370768070221,0.3452143371105194,-0.30755260586738586
0.4952508807182312,0.34552931785583496,-0.30756184458732605
0.4927006959915161,0.3457406461238861,-0.30758026242256165
0.5407993197441101,0.3465122580528259,-0.18505091965198517
0.49876055121421814,0.3496829867362976,-0.12852945923805237
0.5144577026367188,0.3603073060512543,-0.2860153317451477
0.4991973042488098,0.36117228865623474,-0.2698398530483246
0.6010708212852478,0.39991503953933716,-0.08137639611959457
0.4632306396961212,0.4014454782009125,-0.032799165695905685
0.6208573579788208,0.462385356426239,-0.2707415819168091
0.43853306770324707,0.46399059891700745,-0.18312981724739075
0.6453339457511902,0.4247097969055176,-0.6305440068244934
0.4189733862876892,0.429004430770874,-0.5565279126167297
0.6523869633674622,0.4114569127559662,-0.6958872675895691
0.41132181882858276,0.41886988282203674,-0.6247072815895081
0.6501747965812683,0.40497511625289917,-0.6981783509254456
0.41375258564949036,0.41136112809181213,-0.6251968145370483
0.6445693969726562,0.4081972539424896,-0.6391265392303467
0.41795721650123596,0.4141925275325775,-0.5662163496017456
0.5681761503219604,0.5193313360214233,-0.0049138967879116535
0.4842377007007599,0.5175787806510925,0.0046780770644545555
0.5824182033538818,0.6075899600982666,-0.01457151211798191
0.4740854501724243,0.603251576423645,-0.033206429332494736
0.600813627243042,0.690809965133667,0.21499206125736237
0.46140366792678833,0.68632972240448,0.20160268247127533
0.590862512588501,0.701813817024231,0.227455735206604
0.47149497270584106,0.6942604780197144,0.21614491939544678
0.6258106827735901,0.7178826332092285,0.03493456915020943
0.4450441598892212,0.7152785062789917,0.026594461873173714
-
0.5007220506668091,0.3523423373699188,-0.33957600593566895
0.5109805464744568,0.343985378742218,-0.32314199209213257
0.516986072063446,0.343349426984787,-0.323179692029953
0.5241488814353943,0.3426579236984253,-0.32312899827957153
0.4984564781188965,0.3452094793319702,-0.3103552758693695
0.4952697455883026,0.3455246090888977,-0.31036433577537537
0.49271726608276367,0.3457360863685608,-0.31038397550582886
0.5407940745353699,0.34652411937713623,-0.18921023607254028
0.4987625479698181,0.34967848658561707,-0.13151384890079498
0.5144415497779846,0.360320121049881,-0.28900790214538574
0.49921485781669617,0.36117786169052124,-0.2725165784358978
0.6010451912879944,0.3999100923538208,-0.08451725542545319
0.46323010325431824,0.40144234895706177,-0.03571423143148422
0.6208227872848511,0.46238771080970764,-0.27381908893585205
0.4384623169898987,0.46394532918930054,-0.1871972680091858
0.6452817916870117,0.4245235323905945,-0.6322827339172363
0.41891080141067505,0.42873239517211914,-0.5615192651748657
0.6523854732513428,0.4113284945487976,-0.6972737908363342
0.411235511302948,0.4185515344142914,-0.6296387910842896
0.6501682996749878,0.4048808217048645,-0.6993988752365112
0.41370731592178345,0.41106659173965454,-0.6297374367713928
0.6445499658584595,0.4080877900123596,-0.6407383680343628
0.41793444752693176,0.4139096140861511,-0.5711105465888977
0.5681768655776978,0.5193290710449219,-0.0048258183524012566
0.48424437642097473,0.5175777673721313,0.0045873005874454975
0.5824195146560669,0.6076169013977051,-0.014541234821081161
0.4740898907184601,0.6032781004905701,-0.03209928795695305
0.6008199453353882,0.6908165216445923,0.21682780981063843
0.46143200993537903,0.6863270998001099,0.20390574634075165
0.5908494591712952,0.701795756816864,0.22936780750751495
0.4715037941932678,0.6942444443702698,0.21847735345363617
0.6258136034011841,0.7178846001625061,0.037084970623254776
0.44513723254203796,0.7152752876281738,0.02915082685649395
-
0.5007346272468567,0.352339506149292,-0.34026870131492615
0.5109920501708984,0.3439832329750061,-0.3239426016807556
0.5169965028762817,0.3433486819267273,-0.32397985458374023
0.5241559147834778,0.34265974164009094,-0.3239288330078125
0.49847212433815,0.3452058434486389,-0.31108444929122925
0.4952852129936218,0.34552156925201416,-0.31109315156936646
0.4927311837673187,0.3457323908805847,-0.31111302971839905
0.5407933592796326,0.3465319275856018,-0.19013318419456482
0.4987648129463196,0.3496754765510559,-0.13213203847408295
0.5144298672676086,0.3603309094905853,-0.28971362113952637
0.4992293417453766,0.3611820340156555,-0.2731350362300873
0.6010276079177856,0.39990705251693726,-0.08522989600896835
0.46322664618492126,0.40143340826034546,-0.036023400723934174
0.6207721829414368,0.46239346265792847,-0.2742651104927063
0.43840688467025757,0.4639315605163574,-0.18764211237430573
0.6452173590660095,0.42448943853378296,-0.6324887871742249
0.41884514689445496,0.4285735487937927,-0.5625948309898376
0.6523841023445129,0.41129937767982483,-0.6973822116851807
0.41115832328796387,0.41836753487586975,-0.6307224631309509
0.6501635313034058,0.40486088395118713,-0.6994727253913879
0.4136583209037781,0.4109082818031311,-0.6307999491691589
0.6445208787918091,0.408060222864151,-0.6409059762954712
0.4179014563560486,0.4137631058692932,-0.5722116827964783
0.5681734681129456,0.5193251371383667,-0.004819932859390974
0.48425331711769104,0.5175764560699463,0.00458064628764987
0.582417905330658,0.6076289415359497,-0.01487336028367281
0.47409215569496155,0.6033337116241455,-0.03177465498447418
0.600825309753418,0.6908224821090698,0.21863356232643127
0.46146902441978455,0.6863241791725159,0.20634271204471588
0.5908447504043579,0.7017683982849121,0.23146136105060577
0.47151467204093933,0.6942341327667236,0.22108414769172668
0.6257737278938293,0.7178889513015747,0.038801416754722595
0.4452442526817322,0.7152756452560425,0.03153512626886368
-
0.500747799873352,0.35233741998672485,-0.34130197763442993
0.5109984278678894,0.3439827561378479,-0.3249848186969757
0.5170001983642578,0.34335023164749146,-0.32502174377441406
0.5241557359695435,0.3426639437675476,-0.3249712288379669
0.498487651348114,0.3452017307281494,-0.3120289146900177
0.49530020356178284,0.3455175757408142,-0.31203797459602356
0.4927443563938141,0.3457287549972534,-0.3120575547218323
0.5407907962799072,0.3465418517589569,-0.19096912443637848
0.49876582622528076,0.3496719002723694,-0.132596954703331
0.5144082903862,0.3603423535823822,-0.29065701365470886
0.49924370646476746,0.36118677258491516,-0.2739558815956116
0.6010098457336426,0.39990493655204773,-0.08585710823535919
0.4632105231285095,0.40143218636512756,-0.03624564781785011
0.6207468509674072,0.46239933371543884,-0.2755458354949951
0.4383385181427002,0.463909387588501,-0.18827955424785614
0.6451496481895447,0.4244213104248047,-0.6341344714164734
0.4187990725040436,0.42844629287719727,-0.5643038153648376
0.6523787975311279,0.41124171018600464,-0.6991258859634399
0.41111665964126587,0.4182407855987549,-0.6327366828918457
0.6501513719558716,0.40482011437416077,-0.7010104656219482
0.4136285185813904,0.41079792380332947,-0.6326773166656494
0.6444826126098633,0.40801048278808594,-0.6424619555473328
0.4178808927536011,0.4136611521244049,-0.573911726474762
0.5681670308113098,0.519321858882904,-0.004814422223716974
0.48426154255867004,0.5175778269767761,0.004575420171022415
0.5824167728424072,0.6076439023017883,-0.01573500968515873
0.4740951657295227,0.6033509969711304,-0.03176478296518326
0.6008392572402954,0.6908281445503235,0.22022217512130737
0.4614749848842621,0.6863215565681458,0.20773565769195557
0.5908384323120117,0.701720654964447,0.23335596919059753
0.47151947021484375,0.694225013256073,0.22267532348632812
0.6257202625274658,0.7178993225097656,0.040161535143852234
0.4453236758708954,0.7152792811393738,0.032509028911590576
-
0.5007571578025818,0.352341890335083,-0.3252096176147461
0.5109975934028625,0.34398630261421204,-0.3089230954647064
0.5169982314109802,0.3433566987514496,-0.3089568018913269
0.5241541266441345,0.3426734209060669,-0.30889466404914856
0.49849382042884827,0.34519830346107483,-0.295960932970047
0.4953064024448395,0.34551316499710083,-0.2959643006324768
0.4927504360675812,0.34572386741638184,-0.29597851634025574
0.540790319442749,0.3465500473976135,-0.1759691834449768
0.49875760078430176,0.349668025970459,-0.11747739464044571
0.5143887996673584,0.36036136746406555,-0.27502259612083435
0.49925610423088074,0.3611990809440613,-0.2582525908946991
0.6009546518325806,0.39990416169166565,-0.0741087943315506
0.46316951513290405,0.40142765641212463,-0.021406076848506927
0.620719850063324,0.4624015688896179,-0.26231861114501953
0.4383242726325989,0.46386751532554626,-0.17268283665180206
0.6450476050376892,0.42439064383506775,-0.6203848719596863
0.4187568724155426,0.42831796407699585,-0.5477854013442993
0.6523453593254089,0.41123634576797485,-0.6846119165420532
0.4110642671585083,0.418138325214386,-0.614747166633606
0.6501004695892334,0.4048140048980713,-0.6865294575691223
0.4135945737361908,0.4106968343257904,-0.6149479150772095
0.6443840861320496,0.4079877734184265,-0.6285414099693298
0.4178577959537506,0.41354894638061523,-0.5574449896812439
0.5681688785552979,0.519307017326355,-0.00482553755864501
0.4842686057090759,0.5175805687904358,0.00458707008510828
0.5824174284934998,0.6076453924179077,-0.015700813382864
0.4740975797176361,0.6035698056221008,-0.023794280365109444
0.6008743047714233,0.6908330321311951,0.2199641615152359
0.46147263050079346,0.6863589882850647,0.21170592308044434
0.590844452381134,0.7016979455947876,0.2329603135585785
0.47149908542633057,0.6942616701126099,0.22591589391231537
0.6257097721099854,0.7179138660430908,0.03980856016278267
0.4452586770057678,0.7152928113937378,0.03677615895867348
-
0.5007437467575073,0.35236501693725586,-0.3262585401535034
0.5109624266624451,0.34399935603141785,-0.3103565275669098
0.5169578790664673,0.3433719575405121,-0.3103894293308258
0.5241116881370544,0.3426886796951294,-0.31032755970954895
0.49847865104675293,0.34520256519317627,-0.29705357551574707
0.49529755115509033,0.3455149531364441,-0.2970576882362366
0.4927477240562439,0.3457240164279938,-0.2970731556415558
0.5407828688621521,0.3465564250946045,-0.17799873650074005
0.4987580478191376,0.3496668338775635,-0.11833540350198746
0.5143328309059143,0.36039847135543823,-0.2763945162296295
0.49926167726516724,0.3612337112426758,-0.2591520845890045
0.6009542942047119,0.3999055027961731,-0.07551228255033493
0.4631706774234772,0.4014257490634918,-0.022319061681628227
0.6207171678543091,0.46240362524986267,-0.2640443444252014
0.4382990896701813,0.4638550281524658,-0.17318272590637207
0.6449981927871704,0.4243466854095459,-0.6223042011260986
0.4187188148498535,0.4282284379005432,-0.5479426383972168
0.6523423790931702,0.4112069010734558,-0.6866416335105896
0.41101908683776855,0.4180684983730316,-0.6148406863212585
0.6500833034515381,0.4047989249229431,-0.6885803937911987
0.4135608971118927,0.41062164306640625,-0.6149782538414001
0.6443358063697815,0.4079643189907074,-0.630490779876709
0.41783562302589417,0.4134605824947357,-0.5575443506240845
0.5681697726249695,0.519304633140564,-0.004904675297439098
0.484272837638855,0.5175890922546387,0.004663160070776939
0.5824170112609863,0.6076422929763794,-0.016365181654691696
0.4740997850894928,0.6036874055862427,-0.019140515476465225
0.6009002327919006,0.6908373236656189,0.22106854617595673
0.4614711403846741,0.6863585710525513,0.2191539704799652
0.5908620357513428,0.7016858458518982,0.23427169024944305
0.4714697003364563,0.6942509412765503,0.2336907982826233
0.6256982684135437,0.7179995179176331,0.04106483608484268
0.4452598989009857,0.715308427810669,0.045601144433021545
-
0.5007229447364807,0.3523899018764496,-0.3235838711261749
0.510922372341156,0.34401339292526245,-0.3079817295074463
0.5169090032577515,0.34338831901550293,-0.30801302194595337
0.5240561962127686,0.3427050709724426,-0.30794963240623474
0.4984610974788666,0.3452078700065613,-0.29431426525115967
0.49528783559799194,0.3455178141593933,-0.2943181097507477
0.49274441599845886,0.34572532773017883,-0.2943328619003296
0.5407685041427612,0.3465617299079895,-0.17686647176742554
0.4987596869468689,0.34966525435447693,-0.11530084908008575
0.5142725110054016,0.3604309558868408,-0.2740738093852997
0.49926328659057617,0.3612644672393799,-0.25633174180984497
0.6009528636932373,0.39990609884262085,-0.07431226968765259
0.46317654848098755,0.4014206826686859,-0.019578101113438606
0.620711624622345,0.46240705251693726,-0.2631337344646454
0.43829458951950073,0.46384674310684204,-0.16987302899360657
0.6449431777000427,0.42431163787841797,-0.6215052604675293
0.41867831349372864,0.42815032601356506,-0.5444343686103821
0.6523400545120239,0.4111859202384949,-0.6857534050941467
0.4109756350517273,0.41801244020462036,-0.6112354397773743
0.6500701904296875,0.4047868847846985,-0.6875748634338379
0.41352254152297974,0.41056615114212036,-0.6113894581794739
0.6442881226539612,0.40794605016708374,-0.6295993328094482
0.41780513525009155,0.4133918881416321,-0.5540391802787781
0.5681678056716919,0.519302487373352,-0.004964153748005629
0.48427915573120117,0.5175971984863281,0.0047211721539497375
0.582416832447052,0.607641339302063,-0.017452193424105644
0.47408735752105713,0.6038397550582886,-0.018425723537802696
0.6009387373924255,0.6908401250839233,0.2212485373020172
0.46144378185272217,0.6863618493080139,0.2202843725681305
0.590892493724823,0.7016729116439819,0.23449090123176575
0.47140994668006897,0.6942490339279175,0.23481786251068115
0.6257005333900452,0.7180943489074707,0.041125137358903885
0.4452558159828186,0.7153154611587524,0.0464450940489769
-
0.5007115006446838,0.3524011969566345,-0.31866052746772766
0.5108922123908997,0.34402236342430115,-0.30309930443763733
0.5168717503547668,0.3433992266654968,-0.3031296730041504
0.5240123867988586,0.34271612763404846,-0.30306434631347656
0.4984496533870697,0.34521016478538513,-0.28939294815063477
0.49528172612190247,0.34551844000816345,-0.28939536213874817
0.49274250864982605,0.34572479128837585,-0.2894091010093689
0.5407524704933167,0.3465653955936432,-0.17264114320278168
0.4987606406211853,0.34966355562210083,-0.1107245683670044
0.5142276883125305,0.3604479432106018,-0.269329309463501
0.4992668032646179,0.3612819314002991,-0.2515281140804291
0.6009542942047119,0.399907648563385,-0.07061131298542023
0.46318647265434265,0.4014192521572113,-0.015600057318806648
0.6207086443901062,0.46241432428359985,-0.25888288021087646
0.4382893145084381,0.4638445973396301,-0.16500765085220337
0.6448974013328552,0.4242783486843109,-0.6166312098503113
0.4186650514602661,0.428082138299942,-0.5378731489181519
0.652337908744812,0.41115623712539673,-0.6806249022483826
0.41095465421676636,0.4179641604423523,-0.6042880415916443
0.6500647068023682,0.40476521849632263,-0.6823205351829529
0.41350120306015015,0.41051632165908813,-0.6044550538063049
0.6442566514015198,0.40792185068130493,-0.6246339678764343
0.41779398918151855,0.4133380949497223,-0.5474408864974976
0.5681686401367188,0.519299328327179,-0.004975758492946625
0.48428526520729065,0.5175994634628296,0.004732413217425346
0.5824180841445923,0.6076362729072571,-0.017666969448328018
0.4740874469280243,0.6039396524429321,-0.018297268077731133
0.6009896397590637,0.6908472776412964,0.2211235612630844
0.4614201784133911,0.6863778829574585,0.2195592075586319
0.5909316539764404,0.7016652822494507,0.234266996383667
0.4713746905326843,0.6942538619041443,0.2339705377817154
0.6257404685020447,0.7182131409645081,0.040918998420238495
0.4452197551727295,0.7153238654136658,0.04566550254821777
-
0.5006939172744751,0.35241228342056274,-0.31756559014320374
0.5108599066734314,0.3440304696559906,-0.302179753780365
0.5168321132659912,0.3434085249900818,-0.3022094964981079
0.5239660143852234,0.34272485971450806,-0.3021423816680908
0.49843257665634155,0.34521356225013733,-0.28832873702049255
0.49527060985565186,0.3455204665660858,-0.28833097219467163
0.4927370846271515,0.34572601318359375,-0.2883450388908386
0.5407354831695557,0.3465678095817566,-0.17243075370788574
0.4987613260746002,0.3496626317501068,-0.10982309281826019
0.5141797065734863,0.36046385765075684,-0.2684999704360962
0.4992653429508209,0.3612994849681854,-0.2504936158657074
0.6009634137153625,0.3999161720275879,-0.07054194062948227
0.4632004499435425,0.40141552686691284,-0.015044949017465115
0.6207050085067749,0.46243318915367126,-0.2587988078594208
0.438284307718277,0.46384263038635254,-0.1643536537885666
0.6448647975921631,0.42425209283828735,-0.6161707043647766
0.41865769028663635,0.4280232787132263,-0.536853015422821
0.6523380875587463,0.4111437201499939,-0.6799952387809753
0.4109330475330353,0.41792210936546326,-0.6031657457351685
0.6500555872917175,0.4047589898109436,-0.6817562580108643
0.41347938776016235,0.41048169136047363,-0.6033410429954529
0.6442474126815796,0.40791255235671997,-0.6241804361343384
0.4177815020084381,0.4132963716983795,-0.5464280247688293
0.5681715607643127,0.5192960500717163,-0.005036233924329281
0.484289288520813,0.5176054239273071,0.004791858606040478
0.5824175477027893,0.6076381206512451,-0.018114624544978142
0.4740777015686035,0.6040385961532593,-0.017426006495952606
0.6010432839393616,0.6908606290817261,0.22103378176689148
0.4613959491252899,0.6863872408866882,0.22039316594600677
0.5909973382949829,0.7016588449478149,0.2341485321521759
0.47133970260620117,0.6942529082298279,0.23481521010398865
0.6257417798042297,0.7183249592781067,0.04083456099033356
0.44518357515335083,0.7153505682945251,0.047171302139759064
-
0.500666618347168,0.3524153232574463,-0.31762367486953735
0.5108279585838318,0.3440338969230652,-0.30230072140693665
0.5167978405952454,0.34341245889663696,-0.30233070254325867
0.5239304900169373,0.3427279591560364,-0.30226436257362366
0.49841707944869995,0.34521400928497314,-0.28837451338768005
0.4952617287635803,0.3455200493335724,-0.28837716579437256
0.49273309111595154,0.34572499990463257,-0.2883916199207306
0.5407266616821289,0.34656989574432373,-0.17272935807704926
0.49876487255096436,0.349661260843277,-0.10977263748645782
0.5141098499298096,0.3604685664176941,-0.2686224579811096
0.4992578327655792,0.3613049387931824,-0.2505166828632355
0.6009909510612488,0.39992114901542664,-0.07071871310472488
0.4632125496864319,0.40140867233276367,-0.014983251690864563
0.6207075119018555,0.4624501168727875,-0.25891050696372986
0.4382811188697815,0.4638308584690094,-0.16417643427848816
0.6448560357093811,0.42424923181533813,-0.6164036989212036
0.41865086555480957,0.42796391248703003,-0.5369529724121094
0.6523537039756775,0.4111403524875641,-0.6802829504013062
0.4109184741973877,0.41788187623023987,-0.6033510565757751
0.6500555276870728,0.4047551155090332,-0.6821250319480896
0.41346070170402527,0.4104439616203308,-0.6035388708114624
0.6442338228225708,0.40790802240371704,-0.6244515180587769
0.417772114276886,0.4132540822029114,-0.546542763710022
0.5681788325309753,0.5192933082580566,-0.005071316380053759
0.4843018054962158,0.5176162719726562,0.0048264432698488235
0.5824185013771057,0.6076589226722717,-0.01848580501973629
0.4740641713142395,0.6041132211685181,-0.01658543013036251
0.6010543704032898,0.6908652186393738,0.2217290848493576
0.4613545835018158,0.6863978505134583,0.22236160933971405
0.5909974575042725,0.7016552686691284,0.23502977192401886
0.4713132679462433,0.6942695379257202,0.2369225025177002
0.6257348656654358,0.7184146046638489,0.04193469509482384
0.4451393187046051,0.7153750658035278,0.049649253487586975
-
0.5006434321403503,0.35242754220962524,-0.31826186180114746
0.510799765586853,0.3440435826778412,-0.3029737174510956
0.5167666673660278,0.34342312812805176,-0.30300405621528625
0.5238983631134033,0.34273773431777954,-0.30293887853622437
0.49840036034584045,0.34521985054016113,-0.2889842689037323
0.4952523410320282,0.3455246090888977,-0.2889876365661621
0.4927290678024292,0.3457290530204773,-0.28900235891342163
0.5407148599624634,0.3465733528137207,-0.17330214381217957
0.4987694323062897,0.34966057538986206,-0.11003375798463821
0.5140669345855713,0.3604791760444641,-0.2692105174064636
0.49925345182418823,0.3613171875476837,-0.251015305519104
0.6010183095932007,0.39992380142211914,-0.07106710225343704
0.46323665976524353,0.4014028012752533,-0.014830989763140678
0.620705783367157,0.46246153116226196,-0.25951603055000305
0.4382830262184143,0.4638144075870514,-0.16418546438217163
0.6448468565940857,0.4242459237575531,-0.617283284664154
0.41864126920700073,0.4278828203678131,-0.5379142165184021
0.652398943901062,0.41113632917404175,-0.6812740564346313
0.41090071201324463,0.41783660650253296,-0.6044945120811462
0.650084912776947,0.4047512114048004,-0.6831310987472534
0.4134378731250763,0.4104078710079193,-0.604705274105072
0.644233763217926,0.4079038202762604,-0.6253637671470642
0.41775810718536377,0.4132097363471985,-0.5475471019744873
0.5681801438331604,0.5192917585372925,-0.005131585989147425
0.4843076467514038,0.5176352858543396,0.00488651916384697
0.5824208855628967,0.6076940894126892,-0.018768135458230972
0.474028617143631,0.6042309999465942,-0.01618296094238758
0.6010692119598389,0.6908679008483887,0.2231772541999817
0.4613167941570282,0.6864197254180908,0.2238912433385849
0.5910090208053589,0.7016438245773315,0.23673638701438904
0.4713004529476166,0.6942937970161438,0.23856982588768005
0.6257073879241943,0.7184959650039673,0.04365016520023346
0.44508203864097595,0.7154023051261902,0.05110980570316315
-
0.5005983710289001,0.3524424433708191,-0.3187256157398224
0.5107550024986267,0.34405356645584106,-0.30351167917251587
0.516720712184906,0.3434336185455322,-0.30354222655296326
0.5238544344902039,0.34274715185165405,-0.30347785353660583
0.49837443232536316,0.34522703289985657,-0.2894558608531952
0.49523958563804626,0.345530241727829,-0.2894594967365265
0.49272415041923523,0.3457341492176056,-0.2894744873046875
0.5407060980796814,0.34657609462738037,-0.17380712926387787
0.4987856149673462,0.3496597707271576,-0.11033043265342712
0.5140071511268616,0.3604874908924103,-0.2696761190891266
0.4992457926273346,0.36132848262786865,-0.25138285756111145
0.6010531187057495,0.3999278247356415,-0.07139725238084793
0.4632700979709625,0.4013945162296295,-0.014694498851895332
0.6207036972045898,0.46248283982276917,-0.2598765194416046
0.43829262256622314,0.4637998044490814,-0.16363820433616638
0.6448373794555664,0.4242430329322815,-0.6178761124610901
0.418634831905365,0.42779022455215454,-0.5378167629241943
0.652478814125061,0.4111332893371582,-0.6819314956665039
0.4108680784702301,0.4177883267402649,-0.6044663190841675
0.6501492261886597,0.404747873544693,-0.6837738752365112
0.4133985638618469,0.4103600084781647,-0.6047340631484985
0.6442533135414124,0.407900333404541,-0.6259748339653015
0.4177403450012207,0.41315239667892456,-0.5474953651428223
0.5681828856468201,0.519290030002594,-0.005197669845074415
0.48431405425071716,0.5176476240158081,0.004952619783580303
0.5824252367019653,0.6077186465263367,-0.018932988867163658
0.4740023612976074,0.6042990684509277,-0.015864532440900803
0.6010871529579163,0.6908705234527588,0.22428232431411743
0.4612756073474884,0.6864344477653503,0.2250867486000061
0.5910175442695618,0.7016329765319824,0.2379717081785202
0.47128087282180786,0.6943098306655884,0.23985065519809723
0.6256744861602783,0.7185763120651245,0.044759977608919144
0.445000022649765,0.7154189944267273,0.05227688327431679
-
0.5005747079849243,0.3524418771266937,-0.3191661536693573
0.5107277631759644,0.3440536856651306,-0.30369406938552856
0.5166950225830078,0.34343400597572327,-0.3037250339984894
0.5238292217254639,0.34274736046791077,-0.3036623001098633
0.49836409091949463,0.3452247977256775,-0.28989601135253906
0.4952351748943329,0.3455265760421753,-0.2898998260498047
0.49272292852401733,0.34572920203208923,-0.289914608001709
0.5407007932662964,0.3465765118598938,-0.17447473108768463
0.49880316853523254,0.34965163469314575,-0.11093445867300034
0.5139641761779785,0.36048775911331177,-0.2699354290962219
0.49924200773239136,0.3613296449184418,-0.25193241238594055
0.6011231541633606,0.399933397769928,-0.0717908963561058
0.4633052945137024,0.4013926088809967,-0.015207767486572266
0.6206991672515869,0.46250051259994507,-0.260079562664032
0.4383116066455841,0.4637978971004486,-0.1641029417514801
0.6448287963867188,0.4242912232875824,-0.6194581389427185
0.41862255334854126,0.42768821120262146,-0.5385445952415466
0.6525468230247498,0.41121944785118103,-0.6835978031158447
0.410808265209198,0.41770321130752563,-0.6052728891372681
0.6502443552017212,0.40481504797935486,-0.686074435710907
0.4133337736129761,0.41029635071754456,-0.6055206060409546
0.6443125605583191,0.4079523980617523,-0.6277400255203247
0.4177115261554718,0.4130921959877014,-0.5482075214385986
0.5681915879249573,0.5192910432815552,-0.0053206249140203
0.48431888222694397,0.5176556706428528,0.005075125489383936
0.582425594329834,0.6077571511268616,-0.018860241398215294
0.4739699065685272,0.6043335795402527,-0.015742382034659386
0.6011075973510742,0.6908746957778931,0.22661042213439941
0.46122950315475464,0.6864505410194397,0.22635243833065033
0.5910269618034363,0.7016137838363647,0.24041958153247833
0.47125938534736633,0.6943399906158447,0.24125370383262634
0.6256474256515503,0.7186402082443237,0.04693274572491646
0.4449295401573181,0.715431272983551,0.053472962230443954
-
0.5005428791046143,0.3524409532546997,-0.31962457299232483
0.5106931924819946,0.34405428171157837,-0.3045663833618164
0.5166582465171814,0.3434348702430725,-0.30459731817245483
0.5237893462181091,0.34274837374687195,-0.30453547835350037
0.4983561933040619,0.34522268176078796,-0.2903934121131897
0.4952338635921478,0.34552285075187683,-0.2903980016708374
0.4927235543727875,0.3457242250442505,-0.29041382670402527
0.540698766708374,0.34657785296440125,-0.17579370737075806
0.4988483786582947,0.34964585304260254,-0.11113221943378448
0.513897716999054,0.36048826575279236,-0.27048417925834656
0.4992338716983795,0.36132997274398804,-0.2520252466201782
0.6012270450592041,0.399946391582489,-0.07215593755245209
0.4633609652519226,0.4013743996620178,-0.015544354915618896
0.6206960678100586,0.46251997351646423,-0.26011648774147034
0.438321977853775,0.46379584074020386,-0.1640613079071045
0.644824743270874,0.4243466854095459,-0.6202089786529541
0.4186194837093353,0.42758163809776306,-0.5390630960464478
0.6525877714157104,0.4114009439945221,-0.6845500469207764
0.4107569456100464,0.4176340699195862,-0.6058453917503357
0.6503639221191406,0.40493708848953247,-0.6874302625656128
0.41325950622558594,0.41022562980651855,-0.6060687303543091
0.6444324254989624,0.40805038809776306,-0.6286474466323853
0.4176798462867737,0.41301995515823364,-0.5487409234046936
0.568193793296814,0.5192891955375671,-0.005407141521573067
0.48432478308677673,0.517656683921814,0.00516239320859313
0.5824331641197205,0.6077597141265869,-0.018937794491648674
0.47394129633903503,0.6043409705162048,-0.01592153310775757
0.6011224985122681,0.6908749341964722,0.2267027497291565
0.461224228143692,0.6864659190177917,0.22588317096233368
0.5910331010818481,0.7015525698661804,0.24044974148273468
0.47125956416130066,0.6943787336349487,0.24075745046138763
0.6255998015403748,0.7186640501022339,0.04665143042802811
0.4448765218257904,0.7154419422149658,0.05262841284275055
-
0.5005084276199341,0.35244137048721313,-0.3200471103191376
0.5106610655784607,0.3440549969673157,-0.3049531877040863
0.5166270732879639,0.3434363603591919,-0.30498436093330383
0.5237600803375244,0.34275054931640625,-0.30492252111434937
0.49834543466567993,0.3452207148075104,-0.2908147871494293
0.4952297508716583,0.3455192446708679,-0.2908194661140442
0.49272286891937256,0.34571924805641174,-0.290835440158844
0.5407030582427979,0.3465816080570221,-0.17592473328113556
0.49888473749160767,0.3496372103691101,-0.11139287799596786
0.5138257145881653,0.36049002408981323,-0.27087149024009705
0.49921199679374695,0.36133113503456116,-0.2524188458919525
0.6013396978378296,0.39997243881225586,-0.0722941979765892
0.4634682238101959,0.40134376287460327,-0.015056590549647808
0.6206652522087097,0.46256527304649353,-0.2600245475769043
0.4383299648761749,0.4637908935546875,-0.16278603672981262
0.6448278427124023,0.42436814308166504,-0.6199168562889099
0.4186163544654846,0.4274826645851135,-0.5383598804473877
0.6526241302490234,0.41147446632385254,-0.6842788457870483
0.41069531440734863,0.41757240891456604,-0.6051575541496277
0.6504570841789246,0.4049829840660095,-0.6872287392616272
0.41316723823547363,0.41016149520874023,-0.6057643294334412
0.6445447206497192,0.4080934524536133,-0.6284005641937256
0.41764912009239197,0.4129544794559479,-0.5482222437858582
0.5681953430175781,0.5192880034446716,-0.005420137196779251
0.48433002829551697,0.5176575779914856,0.005175753962248564
0.5824363231658936,0.6077611446380615,-0.018918557092547417
0.47392383217811584,0.6043638586997986,-0.016074417158961296
0.6011475920677185,0.6908775568008423,0.22653236985206604
0.4612238109111786,0.6864878535270691,0.22536113858222961
0.5910431742668152,0.7015251517295837,0.2402447760105133
0.47127464413642883,0.6944299936294556,0.24018296599388123
0.6255963444709778,0.7186999320983887,0.04652635380625725
0.4448094964027405,0.7154442071914673,0.052006255835294724
-
0.5004522800445557,0.3524446487426758,-0.31987643241882324
0.5106146335601807,0.3440602421760559,-0.304905503988266
0.5165777802467346,0.34344521164894104,-0.3049362301826477
0.5237115025520325,0.34276434779167175,-0.3048746883869171
0.4983248710632324,0.3452204763889313,-0.290627658367157
0.4952196478843689,0.34551841020584106,-0.2906324565410614
0.49271875619888306,0.34571781754493713,-0.2906481921672821
0.5407067537307739,0.34660303592681885,-0.17577983438968658
0.49892082810401917,0.3496344983577728,-0.11064719408750534
0.5137361884117126,0.36049920320510864,-0.27067282795906067
0.49917083978652954,0.3613353669643402,-0.25202563405036926
0.6013963222503662,0.3999878764152527,-0.07184801250696182
0.46356841921806335,0.4013099670410156,-0.013587094843387604
0.6206398010253906,0.4626012444496155,-0.2598021328449249
0.4383520483970642,0.4637884497642517,-0.16133739054203033
0.6448361873626709,0.4244305193424225,-0.6197119355201721
0.41861283779144287,0.4273681044578552,-0.5378151535987854
0.6526631116867065,0.41155940294265747,-0.6841381788253784
0.4106328785419464,0.4175264239311218,-0.6047173142433167
0.650525689125061,0.40505099296569824,-0.6870771050453186
0.4130633771419525,0.41012272238731384,-0.6055846810340881
0.6446300148963928,0.4081641137599945,-0.628200888633728
0.4176192879676819,0.41292065382003784,-0.5478293299674988
0.5681967735290527,0.5192834138870239,-0.005431783385574818
0.48433467745780945,0.5176516771316528,0.005187441129237413
0.5824403762817383,0.6077620983123779,-0.01964317075908184
0.4738881289958954,0.604375422000885,-0.018487989902496338
0.6011742353439331,0.6908798813819885,0.22544193267822266
0.4612234830856323,0.6865274310112,0.2236667424440384
0.5910526514053345,0.7015141248703003,0.2390572726726532
0.47131335735321045,0.6945116519927979,0.2384551614522934
0.6256150007247925,0.7187480330467224,0.04497349634766579
0.4447159171104431,0.7154614925384521,0.049839649349451065
-
0.5004138350486755,0.35244521498680115,-0.32429423928260803
0.5105839967727661,0.34406164288520813,-0.30991482734680176
0.5165476202964783,0.343447744846344,-0.30994513630867004
0.5236828923225403,0.34276801347732544,-0.30988675355911255
0.49831733107566833,0.3452194929122925,-0.2950431704521179
0.495216965675354,0.3455164134502411,-0.2950509488582611
0.49271824955940247,0.3457149863243103,-0.2950682044029236
0.5407140254974365,0.34660881757736206,-0.18089333176612854
0.4989636242389679,0.3496299088001251,-0.113331139087677
0.5136651992797852,0.3605020344257355,-0.27502307295799255
0.49913665652275085,0.3613365590572357,-0.2556407153606415
0.6014960408210754,0.4000011384487152,-0.07491803914308548
0.4637341797351837,0.40128836035728455,-0.014436724595725536
0.620593786239624,0.4626285433769226,-0.264655739068985
0.4383810758590698,0.46378961205482483,-0.16231553256511688
0.6448526382446289,0.42451563477516174,-0.6272603273391724
0.41860297322273254,0.42724817991256714,-0.5425692796707153
0.6527006030082703,0.41161924600601196,-0.692179799079895
0.4105466604232788,0.41748231649398804,-0.6099885106086731
0.65056973695755,0.40509670972824097,-0.6953448057174683
0.4129635691642761,0.4100772440433502,-0.6114991903305054
0.6446913480758667,0.4082270562648773,-0.6358620524406433
0.4175949990749359,0.41288018226623535,-0.5529772639274597
0.56819748878479,0.5192837715148926,-0.005481610540300608
0.48433879017829895,0.5176520943641663,0.005237000063061714
0.5824412703514099,0.6077717542648315,-0.019622167572379112
0.47383710741996765,0.6044213771820068,-0.018406502902507782
0.6011934280395508,0.6908819675445557,0.22641853988170624
0.4612225890159607,0.6865667104721069,0.22469833493232727
0.5910677909851074,0.7014914751052856,0.24007883667945862
0.4713493883609772,0.694592297077179,0.23954764008522034
0.6256217956542969,0.7187774777412415,0.04557812586426735
0.444638729095459,0.7154684066772461,0.050330664962530136
-
0.5003497004508972,0.35245081782341003,-0.3295791745185852
0.5105186700820923,0.3440656065940857,-0.31594452261924744
0.5164755582809448,0.34345361590385437,-0.315973162651062
0.5236074328422546,0.3427744507789612,-0.3159133195877075
0.49829161167144775,0.3452194929122925,-0.30036434531211853
0.4952036440372467,0.34551572799682617,-0.30037420988082886
0.492712140083313,0.3457139730453491,-0.3003929555416107
0.5407156348228455,0.3466123938560486,-0.18836158514022827
0.4989948570728302,0.3496251106262207,-0.1175018921494484
0.513558030128479,0.3605120778083801,-0.28071460127830505
0.4990915060043335,0.36134475469589233,-0.2603863477706909
0.6017634868621826,0.4000264108181,-0.0807936042547226
0.46398985385894775,0.4012622833251953,-0.017213745042681694
0.6205701231956482,0.46264663338661194,-0.27192768454551697
0.4384819567203522,0.4637994170188904,-0.1649027317762375
0.6448677182197571,0.4247896075248718,-0.6361621618270874
0.41859909892082214,0.4271206855773926,-0.5472665429115295
0.6527431011199951,0.41184598207473755,-0.7011537551879883
0.41040101647377014,0.417447566986084,-0.6148161888122559
0.6506383419036865,0.4053553640842438,-0.7045080661773682
0.41280698776245117,0.4100537896156311,-0.616558313369751
0.644805908203125,0.4084174633026123,-0.6447596549987793
0.41754916310310364,0.4128548502922058,-0.5577902793884277
0.5681982636451721,0.5192832946777344,-0.005592648405581713
0.4843403697013855,0.5176466703414917,0.005344672128558159
0.5824435949325562,0.6077858209609985,-0.01959863305091858
0.4738335609436035,0.6044353246688843,-0.01709572598338127
0.6012039184570312,0.6908785700798035,0.23166567087173462
0.46121153235435486,0.6865737438201904,0.2304704636335373
0.5910815000534058,0.7014074325561523,0.24598923325538635
0.47134828567504883,0.6945995092391968,0.24587851762771606
0.6256208419799805,0.718795895576477,0.050923820585012436
0.444607675075531,0.7154759168624878,0.056008562445640564
-
0.5003112554550171,0.3524836003780365,-0.3324907422065735
0.5104703903198242,0.3440825343132019,-0.3191229999065399
0.5164130926132202,0.3434748351573944,-0.31915104389190674
0.5235337615013123,0.34279924631118774,-0.3190903067588806
0.498271107673645,0.3452282249927521,-0.3032281994819641
0.49519094824790955,0.34552255272865295,-0.30323928594589233
0.49270471930503845,0.34572023153305054,-0.30325937271118164
0.5407156348228455,0.3466262221336365,-0.19213975965976715
0.49901139736175537,0.34962326288223267,-0.11981449276208878
0.5135002136230469,0.36054930090904236,-0.2838417887687683
0.49906039237976074,0.36137840151786804,-0.2630763053894043
0.6019842028617859,0.4000667929649353,-0.0840061604976654
0.4642288088798523,0.40122881531715393,-0.018902946263551712
0.6205655932426453,0.4626518189907074,-0.27569741010665894
0.43854740262031555,0.46380558609962463,-0.1663670688867569
0.6448930501937866,0.42492103576660156,-0.6401583552360535
0.4185972511768341,0.4270501732826233,-0.5494049787521362
0.6527957320213318,0.4119943678379059,-0.705076277256012
0.4103280305862427,0.41743603348731995,-0.6169936060905457
0.6507138013839722,0.405525267124176,-0.7084066271781921
0.4127180874347687,0.4100438952445984,-0.6186643242835999
0.6449218988418579,0.4085322916507721,-0.6487303972244263
0.4175346791744232,0.41283997893333435,-0.5599107146263123
0.5681992769241333,0.5192859172821045,-0.005774898454546928
0.4843428432941437,0.5176450610160828,0.0055247764103114605
0.5824459791183472,0.6078063249588013,-0.019585086032748222
0.4737769663333893,0.6044540405273438,-0.0166137907654047
0.601211428642273,0.6908705234527588,0.23368103802204132
0.4611966907978058,0.6865874528884888,0.23146051168441772
0.5910983681678772,0.7013059854507446,0.24814531207084656
0.4713490903377533,0.6946223378181458,0.24689845740795135
0.6255859732627869,0.7187997102737427,0.05291808024048805
0.444500595331192,0.7154819369316101,0.056727487593889236
-
0.5002801418304443,0.3525101840496063,-0.33495697379112244
0.5104258060455322,0.344096839427948,-0.3218524158000946
0.5163593292236328,0.34349265694618225,-0.32188066840171814
0.5234746336936951,0.3428202271461487,-0.32181882858276367
0.4982491433620453,0.34523600339889526,-0.3057824373245239
0.49517562985420227,0.34552890062332153,-0.30579429864883423
0.49269482493400574,0.34572625160217285,-0.3058164715766907
0.5407176613807678,0.34663859009742737,-0.19551272690296173
0.49901923537254333,0.34962165355682373,-0.12233645468950272
0.5134550929069519,0.36058205366134644,-0.28651416301727295
0.4990306794643402,0.3614085018634796,-0.2655079960823059
0.6022041440010071,0.40011754631996155,-0.08671704679727554
0.46439293026924133,0.40121689438819885,-0.021222081035375595
0.6205576658248901,0.46265697479248047,-0.27811187505722046
0.4386872947216034,0.46382278203964233,-0.1684304177761078
0.6449142694473267,0.4249862730503082,-0.6423469185829163
0.41860610246658325,0.4269871711730957,-0.5516042709350586
0.6528284549713135,0.41206756234169006,-0.7070488333702087
0.41027361154556274,0.4174310564994812,-0.6190340518951416
0.6507748961448669,0.40559911727905273,-0.7104442715644836
0.4126535654067993,0.4100360870361328,-0.6207354068756104
0.6450311541557312,0.408573716878891,-0.6509141325950623
0.4175279438495636,0.41282835602760315,-0.5621137619018555
0.5681992173194885,0.5193010568618774,-0.005820751190185547
0.48434317111968994,0.5176488161087036,0.00556925917044282
0.5824506282806396,0.6078253984451294,-0.018877578899264336
0.4737499952316284,0.6045026779174805,-0.015133914537727833
0.6012163162231445,0.6908573508262634,0.23613764345645905
0.46115776896476746,0.6866039633750916,0.23334810137748718
0.5911064147949219,0.7012121677398682,0.2506411373615265
0.47133010625839233,0.6946449279785156,0.24880433082580566
0.6255642175674438,0.7188047170639038,0.05525460094213486
0.44445058703422546,0.7154858112335205,0.05821903049945831
-
0.500251829624176,0.35252758860588074,-0.33502304553985596
0.510384738445282,0.34410610795021057,-0.3219435214996338
0.5163112282752991,0.3435034155845642,-0.32197216153144836
0.523419976234436,0.3428319990634918,-0.3219106197357178
0.4982298016548157,0.3452432453632355,-0.3059692680835724
0.49516308307647705,0.3455356955528259,-0.3059810400009155
0.49268725514411926,0.34573325514793396,-0.3060036599636078
0.5407179594039917,0.3466416597366333,-0.19564667344093323
0.49902522563934326,0.3496203124523163,-0.12291412055492401
0.5134323835372925,0.36060386896133423,-0.28656989336013794
0.4990130066871643,0.36143118143081665,-0.26569393277168274
0.6023687720298767,0.40015149116516113,-0.08677995204925537
0.46450987458229065,0.4012114405632019,-0.02169552817940712
0.6205276250839233,0.46266183257102966,-0.27727553248405457
0.4387877583503723,0.46382609009742737,-0.16856683790683746
0.6449195742607117,0.4250476360321045,-0.6408208608627319
0.41861584782600403,0.42696061730384827,-0.5511931777000427
0.6528385281562805,0.41215696930885315,-0.705450713634491
0.41021525859832764,0.4174259305000305,-0.61851966381073
0.6508059501647949,0.40567484498023987,-0.7088676691055298
0.41259557008743286,0.4100306034088135,-0.620201826095581
0.6450899243354797,0.4086172580718994,-0.6493916511535645
0.4175224304199219,0.41282325983047485,-0.5616772770881653
0.5681962370872498,0.519305408000946,-0.005827096290886402
0.4843448996543884,0.5176501870155334,0.005575322546064854
0.5824559926986694,0.6078276634216309,-0.01812017150223255
0.47371792793273926,0.6045361757278442,-0.014643583446741104
0.6012351512908936,0.6908512115478516,0.23556698858737946
0.4611014425754547,0.6866141557693481,0.23285630345344543
0.5911306142807007,0.7011722326278687,0.24984194338321686
0.4712996184825897,0.6946550607681274,0.2481701374053955
0.6255654096603394,0.7188090682029724,0.05451798066496849
0.4443739652633667,0.7154884934425354,0.05766144394874573
-
0.5002082586288452,0.35254138708114624,-0.3347584009170532
0.5103428959846497,0.3441126346588135,-0.3215954601764679
0.5162602066993713,0.34351229667663574,-0.32162371277809143
0.5233630537986755,0.3428431749343872,-0.3215612769126892
0.49821069836616516,0.34524568915367126,-0.30570554733276367
0.4951513409614563,0.34553736448287964,-0.30571699142456055
0.4926801919937134,0.345734566450119,-0.30573952198028564
0.5407203435897827,0.346649706363678,-0.19508646428585052
0.49904248118400574,0.3496166169643402,-0.122788205742836
0.5133686661720276,0.36062517762184143,-0.2862469553947449
0.49897152185440063,0.36144953966140747,-0.2654893398284912
0.6024410724639893,0.4001859724521637,-0.08654530346393585
0.46454918384552,0.4011942446231842,-0.02164240926504135
0.6205123066902161,0.46266642212867737,-0.2767764627933502
0.43885400891304016,0.4638412594795227,-0.1685570627450943
0.6449214220046997,0.4252029359340668,-0.6406770348548889
0.41861721873283386,0.42695727944374084,-0.5508738160133362
0.6528418064117432,0.4124975800514221,-0.7053187489509583
0.4101780354976654,0.4174281060695648,-0.6181468963623047
0.6508187055587769,0.4058253765106201,-0.7089125514030457
0.41255369782447815,0.4100320339202881,-0.6197968125343323
0.6451219916343689,0.40871939063072205,-0.649290144443512
0.4175165891647339,0.41282135248184204,-0.5613325834274292
0.5681992173194885,0.5193025469779968,-0.005875653587281704
0.48436328768730164,0.517649233341217,0.005623359698802233
0.5824565887451172,0.6078351736068726,-0.0178227461874485
0.4736672639846802,0.6045676469802856,-0.014150235801935196
0.6012400984764099,0.6908437609672546,0.2369416356086731
0.46107563376426697,0.6866250038146973,0.23358577489852905
0.591147243976593,0.7011095881462097,0.251307874917984
0.47129499912261963,0.6946659088134766,0.2488769143819809
0.625537633895874,0.718814492225647,0.05583077669143677
0.4441928565502167,0.7154900431632996,0.05813715234398842
-
0.5001646876335144,0.35255691409111023,-0.33411842584609985
0.510304868221283,0.3441181480884552,-0.32139307260513306
0.51621413230896,0.34351879358291626,-0.3214201331138611
0.5233099460601807,0.34285008907318115,-0.3213549852371216
0.4981915354728699,0.3452491760253906,-0.30511680245399475
0.49513915181159973,0.34554025530815125,-0.3051287829875946
0.4926725924015045,0.3457372784614563,-0.30515256524086
0.5407220125198364,0.34665268659591675,-0.1943102329969406
0.49905917048454285,0.34961363673210144,-0.1218993216753006
0.5133152008056641,0.3606446385383606,-0.28586500883102417
0.4989328980445862,0.36146920919418335,-0.264627605676651
0.6025182604789734,0.40020784735679626,-0.08618047833442688
0.4646545946598053,0.40118303894996643,-0.02017999067902565
0.6204994916915894,0.46267032623291016,-0.2764751613140106
0.4389312267303467,0.46384716033935547,-0.16615763306617737
0.6449211239814758,0.42532867193222046,-0.6399637460708618
0.4186224937438965,0.42695528268814087,-0.548287034034729
0.6528334021568298,0.412764310836792,-0.7046732306480408
0.41016921401023865,0.4174378514289856,-0.615297794342041
0.6508229374885559,0.4059440493583679,-0.7080502510070801
0.4125423729419708,0.410043865442276,-0.6172005534172058
0.6451250910758972,0.4087919294834137,-0.6485503911972046
0.41751059889793396,0.41282448172569275,-0.558834433555603
0.5682006478309631,0.5192898511886597,-0.006021567620337009
0.4843793213367462,0.5176365971565247,0.005769812501966953
0.5824576616287231,0.6078370809555054,-0.017829153686761856
0.47361403703689575,0.6045727729797363,-0.014279142022132874
0.6012541055679321,0.6908417344093323,0.2363385260105133
0.46105363965034485,0.6866282224655151,0.23315215110778809
0.5911824703216553,0.7010687589645386,0.2506064474582672
0.47128579020500183,0.6946762800216675,0.2483956664800644
0.6255025863647461,0.7188184857368469,0.05528285726904869
0.44400444626808167,0.715483546257019,0.05789163336157799
-
0.5001339912414551,0.35256627202033997,-0.32982105016708374
0.5102800726890564,0.34412187337875366,-0.31701576709747314
0.5161854028701782,0.3435233235359192,-0.3170417547225952
0.523278534412384,0.34285491704940796,-0.31697309017181396
0.49817678332328796,0.34525108337402344,-0.3009011149406433
0.4951280951499939,0.34554174542427063,-0.3009108006954193
0.49266454577445984,0.3457384705543518,-0.3009337782859802
0.5407237410545349,0.3466549515724182,-0.19082611799240112
0.4990648031234741,0.34961065649986267,-0.11841274052858353
0.5132741332054138,0.3606570065021515,-0.28161996603012085
0.4988970458507538,0.36148133873939514,-0.26058802008628845
0.6025397181510925,0.40022531151771545,-0.08332101255655289
0.46470534801483154,0.40117931365966797,-0.01679786667227745
0.620485246181488,0.4626723825931549,-0.2715287208557129
0.43898463249206543,0.46385493874549866,-0.1615433692932129
0.6449217796325684,0.42536792159080505,-0.6338340640068054
0.41862952709198,0.4269523024559021,-0.5414316654205322
0.6528360247612,0.4128905236721039,-0.6980656385421753
0.41016247868537903,0.4174412190914154,-0.607901394367218
0.6508264541625977,0.40599513053894043,-0.701736330986023
0.4125348925590515,0.41004592180252075,-0.609902560710907
0.6451292037963867,0.40881285071372986,-0.6423991322517395
0.4175053536891937,0.41282328963279724,-0.5519419312477112
0.5682039856910706,0.5192679166793823,-0.006096949335187674
0.48440802097320557,0.5176197290420532,0.005845772568136454
0.5824599266052246,0.6078375577926636,-0.017827490344643593
0.4735897183418274,0.6045735478401184,-0.014605878852307796
0.6012707948684692,0.6908402442932129,0.23536419868469238
0.4610316753387451,0.6866310834884644,0.2318982183933258
0.5912172794342041,0.701044499874115,0.249409019947052
0.4712737202644348,0.6946808099746704,0.24697797000408173
0.6254899501800537,0.7188218832015991,0.053786501288414
0.4438610374927521,0.7154749631881714,0.056634798645973206
-
0.5001165270805359,0.3525753319263458,-0.3291919231414795
0.5102674961090088,0.34412628412246704,-0.3163567781448364
0.5161709189414978,0.3435285687446594,-0.31638291478157043
0.5232629179954529,0.34286075830459595,-0.31631478667259216
0.49816974997520447,0.34525367617607117,-0.30028340220451355
0.49512210488319397,0.3455440402030945,-0.3002932071685791
0.49265968799591064,0.3457406163215637,-0.3003157675266266
0.5407270789146423,0.3466609716415405,-0.1903889775276184
0.49906909465789795,0.3496091961860657,-0.11791558563709259
0.513250470161438,0.3606702387332916,-0.2809816002845764
0.4988710582256317,0.3614926040172577,-0.2600126564502716
0.6025583148002625,0.4002528786659241,-0.08281881362199783
0.46473875641822815,0.4011748433113098,-0.016342464834451675
0.6204792857170105,0.46267494559288025,-0.2706544101238251
0.4391028881072998,0.4638805389404297,-0.1610213816165924
0.6449279189109802,0.42539167404174805,-0.6326520442962646
0.41863012313842773,0.42695504426956177,-0.5408387780189514
0.6528392434120178,0.41297537088394165,-0.6969014406204224
0.41015326976776123,0.41745835542678833,-0.6074008345603943
0.6508358716964722,0.4060356020927429,-0.7006018161773682
0.4125286042690277,0.4100622534751892,-0.609463095664978
0.6451363563537598,0.4088250696659088,-0.6412138938903809
0.41750118136405945,0.41282814741134644,-0.5513960123062134
0.5682052373886108,0.5192630887031555,-0.006156252697110176
0.48442602157592773,0.5176149606704712,0.005906492937356234
0.5824651718139648,0.6078401803970337,-0.017655374482274055
0.4735545814037323,0.6045769453048706,-0.014624319970607758
0.6012857556343079,0.6908418536186218,0.23475761711597443
0.46101632714271545,0.6866457462310791,0.2309836894273758
0.5912508368492126,0.7010400891304016,0.2485986053943634
0.4712722897529602,0.6947138905525208,0.2458765208721161
0.6254395246505737,0.7188254594802856,0.05288440361618996
0.44360148906707764,0.7154715061187744,0.0555824376642704
-
0.5000982880592346,0.35260382294654846,-0.3234845697879791
0.5102554559707642,0.3441433310508728,-0.3105655014514923
0.5161557793617249,0.34354928135871887,-0.3105922341346741
0.5232516527175903,0.34288641810417175,-0.31052276492118835
0.49815431237220764,0.3452661633491516,-0.2947293519973755
0.4951081871986389,0.34555572271347046,-0.2947358787059784
0.4926471412181854,0.3457525372505188,-0.29475846886634827
0.5407358407974243,0.34668412804603577,-0.18547765910625458
0.49907544255256653,0.34961047768592834,-0.11382921785116196
0.5132302045822144,0.3607034385204315,-0.2755250632762909
0.4988418519496918,0.36151981353759766,-0.25488707423210144
0.6025650501251221,0.40028446912765503,-0.07904060930013657
0.46474558115005493,0.4011710584163666,-0.01388334296643734
0.6204695105552673,0.4626767039299011,-0.2655877470970154
0.43914085626602173,0.46389585733413696,-0.15844054520130157
0.6449318528175354,0.4253803789615631,-0.6248924732208252
0.4186296761035919,0.42695432901382446,-0.5356999039649963
0.6528660655021667,0.4129558205604553,-0.6885008811950684
0.41014668345451355,0.41746920347213745,-0.6015698313713074
0.6508710384368896,0.40602508187294006,-0.6919751763343811
0.4125211536884308,0.41007480025291443,-0.6035085320472717
0.6451503038406372,0.4088202118873596,-0.6333178877830505
0.41749709844589233,0.4128318428993225,-0.5461373925209045
0.5682036280632019,0.5192621946334839,-0.006156522780656815
0.4844296872615814,0.5176116228103638,0.005907138809561729
0.5824660062789917,0.6078478097915649,-0.017399553209543228
0.47354891896247864,0.6045798659324646,-0.014678205363452435
0.6012968420982361,0.6908472180366516,0.23217302560806274
0.4609987437725067,0.6866489052772522,0.22927585244178772
0.5912668704986572,0.7010343074798584,0.24557042121887207
0.4712655246257782,0.6947163343429565,0.24391792714595795
0.6254358887672424,0.71885746717453,0.05091457813978195
0.4435529112815857,0.7154685854911804,0.05458131805062294
-
0.5000861883163452,0.3526485860347748,-0.31978127360343933
0.5102481245994568,0.3441658616065979,-0.3067045509815216
0.5161451697349548,0.3435751497745514,-0.3067314028739929
0.5232436060905457,0.3429170250892639,-0.30666297674179077
0.49814170598983765,0.3452851176261902,-0.29108214378356934
0.495095819234848,0.34557440876960754,-0.2910875976085663
0.4926351308822632,0.3457723557949066,-0.29110991954803467
0.540742039680481,0.34670358896255493,-0.18134278059005737
0.4990813434123993,0.3496154546737671,-0.11059939861297607
0.513221025466919,0.36075279116630554,-0.27165693044662476
0.49881842732429504,0.3615630269050598,-0.25130730867385864
0.6025705337524414,0.40030011534690857,-0.07503502070903778
0.4647531807422638,0.4011743664741516,-0.011135773733258247
0.6204652190208435,0.4626754820346832,-0.2605034410953522
0.4391552805900574,0.46390780806541443,-0.15539376437664032
0.6449345350265503,0.4253769814968109,-0.618780255317688
0.4186255931854248,0.4269532561302185,-0.5313912034034729
0.6528849005699158,0.4129300117492676,-0.6822437047958374
0.4101378619670868,0.4174789786338806,-0.5969628095626831
0.6508888602256775,0.4060128629207611,-0.6855742335319519
0.4125140309333801,0.4100862443447113,-0.5989130139350891
0.6451542377471924,0.4088139533996582,-0.6271235942840576
0.41749370098114014,0.41283339262008667,-0.5417777299880981
0.5682000517845154,0.5192580819129944,-0.006116610020399094
0.48443272709846497,0.517598569393158,0.005867787636816502
0.5824663639068604,0.6078527569770813,-0.017435887828469276
0.473540723323822,0.6045823097229004,-0.015542227774858475
0.6013064980506897,0.6908488273620605,0.22823402285575867
0.4609838128089905,0.6866533756256104,0.22550415992736816
0.5912850499153137,0.7010294795036316,0.24126046895980835
0.47125527262687683,0.694719135761261,0.23986107110977173
0.6254462599754333,0.7188791632652283,0.04681618511676788
0.4435301423072815,0.715468168258667,0.05065347999334335
-
0.5000650882720947,0.3526865243911743,-0.31556951999664307
0.5102338790893555,0.3441842496395111,-0.30262210965156555
0.5161269903182983,0.3435962200164795,-0.30264872312545776
0.5232266783714294,0.3429414629936218,-0.30257895588874817
0.4981246888637543,0.3453008532524109,-0.28697898983955383
0.495080828666687,0.345589816570282,-0.2869836688041687
0.49262169003486633,0.3457886576652527,-0.28700610995292664
0.5407464504241943,0.3467181622982025,-0.1779087632894516
0.4990863800048828,0.3496188521385193,-0.10702582448720932
0.5132037401199341,0.36079347133636475,-0.26764288544654846
0.4987901449203491,0.3615995943546295,-0.2472461760044098
0.602575957775116,0.40031424164772034,-0.07160697877407074
0.46475934982299805,0.4011719226837158,-0.008034820668399334
0.62046217918396,0.4626771807670593,-0.2555217742919922
0.43916040658950806,0.46390923857688904,-0.15079164505004883
0.6449460983276367,0.42537975311279297,-0.6125090718269348
0.41861236095428467,0.42695266008377075,-0.5248619318008423
0.6529256701469421,0.4129236340522766,-0.6756457686424255
0.41011843085289,0.4174957871437073,-0.5899540185928345
0.6509217619895935,0.4060204029083252,-0.6790929436683655
0.41250529885292053,0.410100519657135,-0.5921162962913513
0.645171046257019,0.4088154435157776,-0.6208735704421997
0.4174853563308716,0.41283488273620605,-0.5352658033370972
0.5681976079940796,0.5192418098449707,-0.0060983081348240376
0.48443570733070374,0.5175772309303284,0.005850555375218391
0.5824703574180603,0.6078545451164246,-0.017466817051172256
0.47353315353393555,0.6045807600021362,-0.015914112329483032
0.6013122200965881,0.6908525824546814,0.22296811640262604
0.4609707295894623,0.6866584420204163,0.22127468883991241
0.5912984609603882,0.7010282278060913,0.23546084761619568
0.4712482988834381,0.6947298645973206,0.2351868450641632
0.6254487037658691,0.7189003825187683,0.0411621555685997
0.4434507191181183,0.7154659628868103,0.04638426750898361
-
0.5000587701797485,0.3527035117149353,-0.30821356177330017
0.5102234482765198,0.3441911041736603,-0.2948554456233978
0.5161161422729492,0.34360259771347046,-0.29488253593444824
0.5232183933258057,0.34294649958610535,-0.29481181502342224
0.498110294342041,0.34530872106552124,-0.2795136570930481
0.495065301656723,0.3455985486507416,-0.27951550483703613
0.492607444524765,0.3457990288734436,-0.2795350253582001
0.5407549738883972,0.34672123193740845,-0.16912657022476196
0.4990893602371216,0.34962067008018494,-0.09955880790948868
0.5131957530975342,0.3608093857765198,-0.25992363691329956
0.49877631664276123,0.3616172671318054,-0.239900141954422
0.602581262588501,0.4003194272518158,-0.06335226446390152
0.46478408575057983,0.40116778016090393,-0.0007624413119629025
0.6204633712768555,0.46267861127853394,-0.24492745101451874
0.4391670525074005,0.4639098644256592,-0.14204886555671692
0.6449997425079346,0.42538270354270935,-0.6005620956420898
0.4186081290245056,0.42695164680480957,-0.5149993300437927
0.6529631018638611,0.41292518377304077,-0.6633822321891785
0.41010844707489014,0.41750115156173706,-0.5797865390777588
0.6509634852409363,0.40602701902389526,-0.6668619513511658
0.4124962389469147,0.41010189056396484,-0.5821478962898254
0.6451895236968994,0.408817857503891,-0.6088956594467163
0.4174814522266388,0.4128331243991852,-0.5254198312759399
0.5681844353675842,0.5191947817802429,-0.006071564741432667
0.4844387471675873,0.5174936652183533,0.0058248452842235565
0.5824713110923767,0.6078481078147888,-0.018491702154278755
0.47352689504623413,0.6045626401901245,-0.01826460473239422
0.6013184189796448,0.6908622980117798,0.21448108553886414
0.46096503734588623,0.6866661906242371,0.2137746959924698
0.5913053154945374,0.701046347618103,0.22632358968257904
0.4712461233139038,0.6947516798973083,0.22715860605239868
0.6254630088806152,0.7189403772354126,0.031218603253364563
0.44337746500968933,0.7154630422592163,0.03790689632296562
-
0.5000529289245605,0.35272225737571716,-0.3023405969142914
0.5102130174636841,0.3442050516605377,-0.28850287199020386
0.5161020755767822,0.343618243932724,-0.28852981328964233
0.523205041885376,0.34296438097953796,-0.2884601354598999
0.4980989992618561,0.3453209400177002,-0.27342355251312256
0.4950542747974396,0.3456113934516907,-0.2734231948852539
0.49259695410728455,0.3458136022090912,-0.27343979477882385
0.5407584309577942,0.34673669934272766,-0.16176261007785797
0.4990929365158081,0.3496300280094147,-0.09347463399171829
0.5131857395172119,0.36082589626312256,-0.25377824902534485
0.49877023696899414,0.3616318702697754,-0.23411394655704498
0.602584183216095,0.4003283381462097,-0.05688653886318207
0.46479976177215576,0.401167094707489,0.004458494484424591
0.6204716563224792,0.46267980337142944,-0.2381364405155182
0.43917426466941833,0.4639109969139099,-0.13755692541599274
0.6450433731079102,0.42531973123550415,-0.5922740697860718
0.4186028242111206,0.42695021629333496,-0.510545015335083
0.6530993580818176,0.41277560591697693,-0.6551434993743896
0.41010135412216187,0.417522132396698,-0.5755400657653809
0.6510512232780457,0.4059685170650482,-0.6582943201065063
0.41249075531959534,0.41011470556259155,-0.577752947807312
0.645199716091156,0.4087722897529602,-0.6005143523216248
0.4174758195877075,0.4128340780735016,-0.5209402441978455
0.5681712031364441,0.5191465616226196,-0.00599962892010808
0.48444128036499023,0.5174322724342346,0.005753808654844761
0.5824723839759827,0.6078491806983948,-0.020548630505800247
0.4735233783721924,0.604543924331665,-0.022283604368567467
0.6013249158859253,0.6908866763114929,0.21067574620246887
0.46095484495162964,0.6866772174835205,0.20914213359355927
0.5913100242614746,0.7010730504989624,0.22255034744739532
0.471243292093277,0.6947773098945618,0.2225547730922699
0.6254811882972717,0.7189789414405823,0.027212075889110565
0.4433307349681854,0.7154670357704163,0.03307579457759857
-
0.5000453591346741,0.3527291417121887,-0.30417537689208984
0.5102054476737976,0.34421175718307495,-0.29031822085380554
0.5160940289497375,0.3436252176761627,-0.2903459072113037
0.5231972336769104,0.3429715633392334,-0.29027822613716125
0.4980887472629547,0.3453269302845001,-0.2751837968826294
0.4950454831123352,0.34561747312545776,-0.2751848101615906
0.49258965253829956,0.34582045674324036,-0.2752019166946411
0.5407608151435852,0.3467441201210022,-0.16330581903457642
0.49909618496894836,0.34963563084602356,-0.09474650770425797
0.5131738185882568,0.3608291745185852,-0.2555311918258667
0.49876275658607483,0.3616352677345276,-0.23579302430152893
0.602584183216095,0.4003337323665619,-0.05789053812623024
0.46481436491012573,0.40116605162620544,0.0035642487928271294
0.6204858422279358,0.46268099546432495,-0.23996885120868683
0.43917426466941833,0.46390920877456665,-0.138864204287529
0.6450834274291992,0.42522305250167847,-0.5952353477478027
0.4185967445373535,0.4269492030143738,-0.5127884149551392
0.6532401442527771,0.4125964641571045,-0.6585257053375244
0.410092830657959,0.41754430532455444,-0.5781538486480713
0.6511698365211487,0.4058883786201477,-0.6617281436920166
0.4124835431575775,0.41012707352638245,-0.5803325772285461
0.6452212333679199,0.40871649980545044,-0.6035673022270203
0.4174725413322449,0.41283535957336426,-0.5232195258140564
0.5681639313697815,0.5191222429275513,-0.005969007965177298
0.4844440817832947,0.5174078941345215,0.005724368616938591
0.5824745893478394,0.6078494787216187,-0.02136882022023201
0.47351914644241333,0.604541003704071,-0.022962957620620728
0.6013301610946655,0.6908986568450928,0.21120411157608032
0.46094903349876404,0.6866966485977173,0.2098020315170288
0.5913149118423462,0.7010864019393921,0.22330905497074127
0.4712459146976471,0.694811224937439,0.22338411211967468
0.6254865527153015,0.7189962863922119,0.027687355875968933
0.44330406188964844,0.7154726386070251,0.033536769449710846
-
0.5000394582748413,0.35273540019989014,-0.3045717775821686
0.5101942420005798,0.3442160189151764,-0.2908902168273926
0.516083300113678,0.34362873435020447,-0.29091769456863403
0.523185133934021,0.3429747223854065,-0.29084908962249756
0.4980742633342743,0.34533196687698364,-0.27564698457717896
0.49503257870674133,0.3456229865550995,-0.27564769983291626
0.4925786256790161,0.34582701325416565,-0.275665283203125
0.5407623648643494,0.3467476963996887,-0.16429096460342407
0.4990977346897125,0.34964045882225037,-0.09522323310375214
0.5131638646125793,0.3608340322971344,-0.25605565309524536
0.49875620007514954,0.36163830757141113,-0.23617145419120789
0.6025795340538025,0.4003382623195648,-0.0585424043238163
0.46485546231269836,0.40116801857948303,0.0032954898197203875
0.6205061674118042,0.46268120408058167,-0.2406201958656311
0.4391782581806183,0.4639091491699219,-0.1390255242586136
0.6450863480567932,0.42500948905944824,-0.5958113074302673
0.4185888171195984,0.4269472062587738,-0.5129833817481995
0.6532970070838928,0.4123694896697998,-0.6588975191116333
0.410082072019577,0.41754579544067383,-0.578151524066925
0.6512553095817566,0.4057876467704773,-0.6621787548065186
0.41247570514678955,0.4101290702819824,-0.580414891242981
0.6452290415763855,0.4086288809776306,-0.6041336059570312
0.4174666106700897,0.412835031747818,-0.52344810962677
0.5681494474411011,0.5191029906272888,-0.005921222269535065
0.4844466745853424,0.5173808932304382,0.005677240435034037
0.5824755430221558,0.607852578163147,-0.021321633830666542
0.47351595759391785,0.6045438051223755,-0.022783448919653893
0.6013378500938416,0.6909080743789673,0.2120177447795868
0.460943341255188,0.68671053647995,0.21058674156665802
0.59131920337677,0.7010930180549622,0.22411155700683594
0.47124963998794556,0.6948275566101074,0.22414493560791016
0.6254887580871582,0.7190172672271729,0.028520021587610245
0.44324925541877747,0.7154781818389893,0.03430752083659172
-
0.5000317692756653,0.3527495265007019,-0.30575695633888245
0.5101842880249023,0.3442215323448181,-0.29219314455986023
0.5160709023475647,0.34363269805908203,-0.2922205924987793
0.5231653451919556,0.3429780602455139,-0.29215237498283386
0.4980681538581848,0.34534043073654175,-0.2768934369087219
0.4950282573699951,0.34563279151916504,-0.276894748210907
0.49257558584213257,0.34583908319473267,-0.27691295742988586
0.5407634973526001,0.34675174951553345,-0.16571061313152313
0.4991002678871155,0.349645733833313,-0.09637865424156189
0.5131551623344421,0.3608376383781433,-0.2572605013847351
0.49875086545944214,0.3616484999656677,-0.23729074001312256
0.6025721430778503,0.40034323930740356,-0.05955570563673973
0.4649289548397064,0.4011750817298889,0.0025103953666985035
0.620527982711792,0.4626787602901459,-0.24174579977989197
0.43919122219085693,0.46390971541404724,-0.13941211998462677
0.6450908780097961,0.4249112010002136,-0.597618579864502
0.41856688261032104,0.42694130539894104,-0.5133847594261169
0.6533441543579102,0.4122655391693115,-0.6607643365859985
0.41005939245224,0.41754674911499023,-0.5784655213356018
0.6513487696647644,0.40574589371681213,-0.6641802191734314
0.412461519241333,0.41013067960739136,-0.5809277296066284
0.645255446434021,0.4085875451564789,-0.6059914827346802
0.41745373606681824,0.4128337800502777,-0.5239260196685791
0.5681428909301758,0.519081711769104,-0.005868871230632067
0.4844519793987274,0.5173494219779968,0.00562552222982049
0.5824764966964722,0.6078566312789917,-0.02101733349263668
0.4735126197338104,0.604547917842865,-0.02200714498758316
0.601345419883728,0.6909131407737732,0.2127995789051056
0.4609360098838806,0.6867271065711975,0.21143104135990143
0.5913259983062744,0.7010930776596069,0.22491806745529175
0.4712490439414978,0.6948484182357788,0.2250218242406845
0.6254745721817017,0.7190210223197937,0.029186518862843513
0.4432026743888855,0.7154812216758728,0.03508340194821358
-
0.49999862909317017,0.35276007652282715,-0.30368155241012573
0.5101485252380371,0.3442264497280121,-0.2904568314552307
0.5160256028175354,0.34363776445388794,-0.2904840111732483
0.5231017470359802,0.3429821729660034,-0.29041773080825806
0.4980420768260956,0.3453454375267029,-0.27481698989868164
0.4950137138366699,0.3456372320652008,-0.27481818199157715
0.49256816506385803,0.34584349393844604,-0.2748366892337799
0.5407620072364807,0.3467541038990021,-0.1651730090379715
0.49912092089653015,0.3496468961238861,-0.0944109708070755
0.5131359100341797,0.3608410656452179,-0.25562921166419983
0.49874624609947205,0.3616546392440796,-0.2352154403924942
0.602571964263916,0.4003482460975647,-0.05914255604147911
0.4650012254714966,0.401170551776886,0.004069119226187468
0.6205319166183472,0.4626786708831787,-0.24206261336803436
0.43919074535369873,0.46389541029930115,-0.13758686184883118
0.6450945138931274,0.4248097836971283,-0.5975975394248962
0.4184691905975342,0.42690712213516235,-0.5115065574645996
0.6534052491188049,0.41214293241500854,-0.6608518362045288
0.4100276827812195,0.4175352454185486,-0.576769232749939
0.6514195203781128,0.40567177534103394,-0.6641923785209656
0.41244685649871826,0.4101276993751526,-0.5791733860969543
0.6452804207801819,0.40850576758384705,-0.6059743165969849
0.41743171215057373,0.41282063722610474,-0.5221000909805298
0.5681210160255432,0.5190562605857849,-0.005879182368516922
0.48445332050323486,0.5172858238220215,0.005636746995151043
0.5824829339981079,0.6078535318374634,-0.02149057202041149
0.47345319390296936,0.6045641303062439,-0.02244533970952034
0.601349413394928,0.6909121870994568,0.21151407063007355
0.4609273374080658,0.6867562532424927,0.20925483107566833
0.5913312435150146,0.7010802030563354,0.22354865074157715
0.47124841809272766,0.694911539554596,0.22261269390583038
0.6254587173461914,0.7190437912940979,0.02767293155193329
0.4431447684764862,0.7154978513717651,0.03242361545562744
-
0.4998681843280792,0.35285744071006775,-0.30091720819473267
0.5100266933441162,0.3442663550376892,-0.2883494198322296
0.5158750414848328,0.34367915987968445,-0.2883771061897278
0.5228939652442932,0.34302374720573425,-0.28831130266189575
0.49795690178871155,0.3453924059867859,-0.2722052335739136
0.4949708580970764,0.3456808030605316,-0.27220621705055237
0.4925495684146881,0.34588634967803955,-0.27222535014152527
0.5407101511955261,0.34676769375801086,-0.16504037380218506
0.49915221333503723,0.3496569097042084,-0.09227491915225983
0.5130487084388733,0.3609028458595276,-0.2536301016807556
0.49872317910194397,0.36172863841056824,-0.23253750801086426
0.602567732334137,0.40036019682884216,-0.05909093841910362
0.46509942412376404,0.40116795897483826,0.005567618645727634
0.620526909828186,0.4626789093017578,-0.24156208336353302
0.43922728300094604,0.4638761579990387,-0.13459089398384094
0.6451089382171631,0.424762099981308,-0.5954163670539856
0.4183364510536194,0.4268655776977539,-0.507213294506073
0.6534925103187561,0.4121266007423401,-0.6584165096282959
0.4099782407283783,0.41752010583877563,-0.5722578763961792
0.6515589952468872,0.4056711792945862,-0.6619269847869873
0.4124096632003784,0.4101218581199646,-0.5747379064559937
0.6453607678413391,0.4085034430027008,-0.6038536429405212
0.41735267639160156,0.4127975106239319,-0.5178905725479126
0.5680994987487793,0.5190523862838745,-0.005951178725808859
0.48445403575897217,0.5172630548477173,0.0057117813266813755
0.5824850797653198,0.6078554391860962,-0.02190336026251316
0.4734492003917694,0.6045652627944946,-0.022349683567881584
0.601352870464325,0.6909164190292358,0.20985561609268188
0.46089792251586914,0.6867625117301941,0.2080567628145218
0.5913358926773071,0.7010712027549744,0.22178304195404053
0.4712165296077728,0.6949363946914673,0.22129321098327637
0.6253394484519958,0.7190498113632202,0.026032138615846634
0.44305139780044556,0.7155000567436218,0.03152409568428993
-
0.49975496530532837,0.3529190123081207,-0.30024194717407227
0.5099345445632935,0.34429407119750977,-0.28789952397346497
0.5157601833343506,0.3437099754810333,-0.2879273593425751
0.5227348804473877,0.34305739402770996,-0.2878619134426117
0.49789178371429443,0.3454217314720154,-0.2716306447982788
0.4949382245540619,0.3457070291042328,-0.27163165807724
0.4925355613231659,0.34591126441955566,-0.2716512084007263
0.5406644344329834,0.34678396582603455,-0.1652945876121521
0.49917954206466675,0.34966450929641724,-0.09197494387626648
0.5129609704017639,0.3609485924243927,-0.25319331884384155
0.49869808554649353,0.3617798388004303,-0.23193012177944183
0.6025534868240356,0.40038394927978516,-0.05927235633134842
0.46515342593193054,0.401167094707489,0.005707936827093363
0.6205155849456787,0.46267932653427124,-0.2411985993385315
0.43927547335624695,0.4638541638851166,-0.133895143866539
0.645122766494751,0.42472419142723083,-0.5940762758255005
0.41821491718292236,0.4268132746219635,-0.50599604845047
0.6535956263542175,0.4121111035346985,-0.6569266319274902
0.40992674231529236,0.4174956679344177,-0.5709595084190369
0.6517031192779541,0.4056731164455414,-0.660549521446228
0.4123714864253998,0.41010937094688416,-0.5734617710113525
0.6454474329948425,0.40850263833999634,-0.6025570631027222
0.41727665066719055,0.41276735067367554,-0.5166852474212646
0.5680808424949646,0.5190473794937134,-0.005985202267765999
0.4844543933868408,0.5172412395477295,0.0057473559863865376
0.5824867486953735,0.6078593134880066,-0.02215459942817688
0.47344526648521423,0.6045659780502319,-0.022267546504735947
0.6013562679290771,0.6909235715866089,0.20939429104328156
0.46086975932121277,0.6867655515670776,0.20798438787460327
0.5913402438163757,0.7010661363601685,0.22133062779903412
0.4711812436580658,0.694952130317688,0.22123095393180847
0.6252415180206299,0.7190552949905396,0.02561311423778534
0.4430067241191864,0.7155018448829651,0.03166259452700615
-
0.4996945559978485,0.3529541492462158,-0.3008671998977661
0.5098820328712463,0.3443126678466797,-0.2884564995765686
0.5156925916671753,0.3437299430370331,-0.2884843945503235
0.522641122341156,0.34307804703712463,-0.28841903805732727
0.49785566329956055,0.34544315934181213,-0.2722541093826294
0.49492111802101135,0.34572702646255493,-0.2722552418708801
0.4925288259983063,0.3459312617778778,-0.27227458357810974
0.5406356453895569,0.3467937409877777,-0.16565249860286713
0.4991985261440277,0.3496742844581604,-0.09256624430418015
0.5129143595695496,0.36096882820129395,-0.2537343502044678
0.49868911504745483,0.36180785298347473,-0.23256130516529083
0.6025357842445374,0.40042299032211304,-0.05959617346525192
0.4651910662651062,0.40116968750953674,0.005274973809719086
0.6205187439918518,0.46267804503440857,-0.24146965146064758
0.4393291175365448,0.4638427197933197,-0.1343824863433838
0.6451588869094849,0.42463627457618713,-0.5942784547805786
0.41811835765838623,0.4267699718475342,-0.506598174571991
0.6537132263183594,0.41206398606300354,-0.6570922136306763
0.4099026620388031,0.4174517095088959,-0.5715739130973816
0.6517890691757202,0.4056628346443176,-0.6607074737548828
0.4123421609401703,0.41009560227394104,-0.5740768313407898
0.6455075740814209,0.40848007798194885,-0.6027495861053467
0.4172067940235138,0.41274428367614746,-0.5172891616821289
0.5680665969848633,0.5190421938896179,-0.006005749572068453
0.4844556450843811,0.517218828201294,0.0057687615044415
0.5824870467185974,0.6078607439994812,-0.022114500403404236
0.4734423756599426,0.6045705080032349,-0.021786654368042946
0.6013593673706055,0.6909260749816895,0.20945540070533752
0.46085116267204285,0.6867685317993164,0.20836418867111206
0.5913441777229309,0.7010574340820312,0.22139208018779755
0.4711584448814392,0.6949596405029297,0.2216360718011856
0.6251628994941711,0.7190612554550171,0.02565329521894455
0.442971408367157,0.715507447719574,0.032107770442962646
-
0.49968525767326355,0.3530157208442688,-0.3008284270763397
0.5098617672920227,0.34434396028518677,-0.28824031352996826
0.5156652927398682,0.3437592685222626,-0.2882680296897888
0.5226017236709595,0.34310612082481384,-0.2882026731967926
0.4978380799293518,0.3454868495464325,-0.2721644639968872
0.4949130713939667,0.34577077627182007,-0.2721657156944275
0.4925246238708496,0.34597688913345337,-0.27218449115753174
0.5406091213226318,0.34680211544036865,-0.16502687335014343
0.4992034137248993,0.3496999144554138,-0.09230072051286697
0.5129051208496094,0.361000657081604,-0.25349199771881104
0.498685747385025,0.3618544936180115,-0.2324793040752411
0.6025241017341614,0.40045008063316345,-0.058897096663713455
0.46520233154296875,0.4011686444282532,0.005686952732503414
0.6205189824104309,0.462675005197525,-0.24004192650318146
0.4393341541290283,0.4638148844242096,-0.13393616676330566
0.6452358961105347,0.424629271030426,-0.5927126407623291
0.41807323694229126,0.42673617601394653,-0.5063992142677307
0.6538565158843994,0.4120590090751648,-0.6556680202484131
0.4098941683769226,0.41742950677871704,-0.571537971496582
0.6518954038619995,0.4056655466556549,-0.6593798995018005
0.412332147359848,0.4100933074951172,-0.5740511417388916
0.6456134915351868,0.4084804058074951,-0.6012623906135559
0.4171742796897888,0.4127371311187744,-0.517094612121582
0.5680524706840515,0.5190344452857971,-0.006018131505697966
0.4844580292701721,0.5172066688537598,0.00578203285112977
0.5824952721595764,0.6078523397445679,-0.02217959426343441
0.47343534231185913,0.6045706868171692,-0.021485604345798492
0.6013593673706055,0.6909286379814148,0.20895780622959137
0.46081405878067017,0.6867716312408447,0.20833908021450043
0.5913472771644592,0.7010446786880493,0.22082887589931488
0.4711085855960846,0.6949652433395386,0.22152483463287354
0.6248877048492432,0.71905916929245,0.024498695507645607
0.44295603036880493,0.715509295463562,0.031693052500486374
-
0.49967968463897705,0.3530702292919159,-0.29582446813583374
0.5098484754562378,0.3443714380264282,-0.2829466164112091
0.515648603439331,0.3437850773334503,-0.28297317028045654
0.5225794911384583,0.34313175082206726,-0.28290465474128723
0.49782419204711914,0.34552380442619324,-0.267073392868042
0.494905948638916,0.34580743312835693,-0.2670733630657196
0.4925207793712616,0.3460147976875305,-0.2670907974243164
0.5405949354171753,0.3468111455440521,-0.15940126776695251
0.4992084801197052,0.34972140192985535,-0.08742159605026245
0.512895941734314,0.36102980375289917,-0.2483673244714737
0.49868443608283997,0.36189645528793335,-0.22761185467243195
0.6025205850601196,0.40047580003738403,-0.054497960954904556
0.465212881565094,0.4011659026145935,0.00987330637872219
0.6205191016197205,0.4626721739768982,-0.23535972833633423
0.43933337926864624,0.46379464864730835,-0.1298869252204895
0.6452813744544983,0.42461585998535156,-0.5876798629760742
0.41803520917892456,0.4267190992832184,-0.5019513964653015
0.6539428234100342,0.4120427668094635,-0.6505014896392822
0.4098838269710541,0.41741758584976196,-0.5669326186180115
0.6519632339477539,0.40566524863243103,-0.6541101336479187
0.41232457756996155,0.4100929796695709,-0.569473147392273
0.6456798315048218,0.4084795117378235,-0.5961888432502747
0.41714608669281006,0.4127350449562073,-0.5126522779464722
0.5680476427078247,0.5190263986587524,-0.006021035369485617
0.48445814847946167,0.5171986222267151,0.005785389803349972
0.5825039148330688,0.6078528165817261,-0.02218484692275524
0.4734227955341339,0.6045836210250854,-0.021464157849550247
0.6013588905334473,0.690934956073761,0.20871886610984802
0.46080759167671204,0.6867865920066833,0.20781712234020233
0.5913509130477905,0.7010341882705688,0.2205430418252945
0.4711053967475891,0.6949878931045532,0.22087018191814423
0.6246612668037415,0.7190621495246887,0.02412971667945385
0.44294559955596924,0.7155161499977112,0.030900584533810616
-
0.4996737539768219,0.35310062766075134,-0.2958888113498688
0.5098361968994141,0.34438690543174744,-0.28302377462387085
0.5156338810920715,0.3437975347042084,-0.28305017948150635
0.522557258605957,0.3431416451931,-0.2829809784889221
0.49781545996665955,0.34555062651634216,-0.26718670129776
0.4949001371860504,0.3458346724510193,-0.26718759536743164
0.49251604080200195,0.3460438847541809,-0.2672060430049896
0.540568470954895,0.346815288066864,-0.15961050987243652
0.49921560287475586,0.34974247217178345,-0.0877322256565094
0.5128883719444275,0.3610418438911438,-0.2484770268201828
0.4986911416053772,0.36191731691360474,-0.22776709496974945
0.6025199294090271,0.4005003869533539,-0.054758720099925995
0.46522027254104614,0.4011639952659607,0.009440285153687
0.6205254793167114,0.46267056465148926,-0.2359268218278885
0.4393331706523895,0.463787704706192,-0.1305425614118576
0.6453164219856262,0.42459210753440857,-0.5885419845581055
0.41802409291267395,0.42671170830726624,-0.5024866461753845
0.6539987921714783,0.412008136510849,-0.6513711214065552
0.4098760485649109,0.4174145758152008,-0.5674558877944946
0.6519931554794312,0.4056607186794281,-0.6549045443534851
0.41231587529182434,0.4100967049598694,-0.5699329972267151
0.645720362663269,0.40847450494766235,-0.597023069858551
0.41713643074035645,0.4127342700958252,-0.513145923614502
0.5680474042892456,0.5190234184265137,-0.006028718315064907
0.484464168548584,0.5171947479248047,0.005793691147118807
0.5825127363204956,0.6078521609306335,-0.022173911333084106
0.4734136462211609,0.6045887470245361,-0.021165210753679276
0.6013582944869995,0.6909366846084595,0.20893904566764832
0.4607967734336853,0.6867897510528564,0.20800183713436127
0.591353714466095,0.7010125517845154,0.2208041250705719
0.47110074758529663,0.6949920058250427,0.22108885645866394
0.6244597434997559,0.7190629243850708,0.024472523480653763
0.4429355561733246,0.7155174612998962,0.03115507774055004
-
0.4996660351753235,0.35312262177467346,-0.29663875699043274
0.5098282694816589,0.3443981111049652,-0.2836886942386627
0.5156258940696716,0.3438045382499695,-0.2837153971195221
0.5225455164909363,0.34314534068107605,-0.28364720940589905
0.4978080689907074,0.3455754220485687,-0.26789045333862305
0.49489453434944153,0.3458606004714966,-0.26789113879203796
0.4925118386745453,0.3460717499256134,-0.26790907979011536
0.540540874004364,0.34681785106658936,-0.1597675383090973
0.49922001361846924,0.3497636616230011,-0.08819065988063812
0.5128871202468872,0.3610461950302124,-0.24911729991436005
0.4987057149410248,0.361928790807724,-0.22846128046512604
0.6025314927101135,0.4005183279514313,-0.05493493750691414
0.4652559459209442,0.40116268396377563,0.009358183480799198
0.620531439781189,0.4626711308956146,-0.23673108220100403
0.4393356740474701,0.4637860655784607,-0.13082297146320343
0.6453468799591064,0.42458662390708923,-0.5903146266937256
0.418018639087677,0.4267091155052185,-0.5031266808509827
0.654053270816803,0.4119795858860016,-0.6530795097351074
0.4098704159259796,0.41741400957107544,-0.5682331323623657
0.6520200967788696,0.40565696358680725,-0.6567292213439941
0.4123080372810364,0.41010743379592896,-0.5706072449684143
0.6457559466362,0.4084727168083191,-0.5988602638244629
0.41713014245033264,0.4127383828163147,-0.5137295126914978
0.5680539608001709,0.5190209150314331,-0.006030428223311901
0.48446646332740784,0.517191469669342,0.0057954187504947186
0.5825169086456299,0.6078543066978455,-0.021951846778392792
0.4733855426311493,0.604619026184082,-0.019945353269577026
0.60135817527771,0.6909382939338684,0.20972749590873718
0.46079206466674805,0.6868001222610474,0.20885847508907318
0.5913569331169128,0.7010017037391663,0.22163115441799164
0.4710976779460907,0.694999635219574,0.22190532088279724
0.6243602633476257,0.7190653085708618,0.02526669017970562
0.44292017817497253,0.7155219912528992,0.031987179070711136
-
0.4996677339076996,0.35316458344459534,-0.29945239424705505
0.5098184943199158,0.34442099928855896,-0.28643864393234253
0.5156159996986389,0.3438205420970917,-0.28646570444107056
0.5225362777709961,0.3431573808193207,-0.2863990366458893
0.4977979063987732,0.3456244468688965,-0.2707682251930237
0.494888037443161,0.3459157645702362,-0.27077198028564453
0.4925093650817871,0.3461340367794037,-0.2707914710044861
0.5405284762382507,0.3468208611011505,-0.16179852187633514
0.4992212951183319,0.3498091995716095,-0.09067094326019287
0.5129321217536926,0.36105838418006897,-0.2516019642353058
0.49874523282051086,0.3619553744792938,-0.23109334707260132
0.6025444865226746,0.40052342414855957,-0.0565992146730423
0.4652656018733978,0.40116363763809204,0.007540256250649691
0.6205524802207947,0.4626704156398773,-0.23976275324821472
0.43933799862861633,0.46378904581069946,-0.13308340311050415
0.6453519463539124,0.4245852828025818,-0.595830500125885
0.4180138111114502,0.4267053008079529,-0.5064391493797302
0.6540626287460327,0.4119696021080017,-0.6591532826423645
0.4098741412162781,0.4174124598503113,-0.571931779384613
0.6520329713821411,0.40565451979637146,-0.6628377437591553
0.41230130195617676,0.41010913252830505,-0.5743149518966675
0.6457644104957581,0.40847164392471313,-0.6044384241104126
0.4171220064163208,0.4127388596534729,-0.5170934796333313
0.5680737495422363,0.5190204381942749,-0.00609764875844121
0.4844721853733063,0.517195999622345,0.005865001585334539
0.5825183987617493,0.6078418493270874,-0.021941110491752625
0.47334814071655273,0.6046298742294312,-0.019939124584197998
0.6013551354408264,0.6909369826316833,0.20983651280403137
0.4607864320278168,0.686836302280426,0.20894597470760345
0.5913588404655457,0.7009989023208618,0.22175657749176025
0.4711107909679413,0.6950743198394775,0.2220163494348526
0.6243264079093933,0.7190633416175842,0.025424689054489136
0.44279763102531433,0.7155384421348572,0.03210920840501785
-
0.49967995285987854,0.35318881273269653,-0.3009922504425049
0.5098178386688232,0.34443727135658264,-0.28783783316612244
0.5156153440475464,0.3438320755958557,-0.28786501288414
0.5225372910499573,0.34316644072532654,-0.287798672914505
0.4977903962135315,0.34566181898117065,-0.27230238914489746
0.49488335847854614,0.3459603488445282,-0.2723073363304138
0.4925077259540558,0.34618663787841797,-0.27232682704925537
0.5405195355415344,0.34682291746139526,-0.1625409722328186
0.4992162883281708,0.349853515625,-0.09192665666341782
0.5129820704460144,0.3610658645629883,-0.25287964940071106
0.4987774193286896,0.3619745373725891,-0.23253114521503448
0.6025466918945312,0.400529146194458,-0.05738796666264534
0.4652729332447052,0.4011686444282532,0.006996039766818285
0.6205638647079468,0.46266669034957886,-0.2406255304813385
0.43935462832450867,0.4637981951236725,-0.1335284411907196
0.6453571915626526,0.42460840940475464,-0.5976033806800842
0.4180047810077667,0.42670202255249023,-0.5075175762176514
0.6540747284889221,0.41199642419815063,-0.6610287427902222
0.4098696708679199,0.4174114167690277,-0.5731608271598816
0.652044415473938,0.4056697487831116,-0.6648929119110107
0.41229528188705444,0.4101121425628662,-0.5756540298461914
0.6457721590995789,0.4084782600402832,-0.6062601804733276
0.4171048104763031,0.4127402901649475,-0.5182458758354187
0.5680842399597168,0.5190195441246033,-0.00622088136151433
0.4844793975353241,0.517195463180542,0.0059902844950556755
0.5825186371803284,0.607831597328186,-0.021935388445854187
0.47333911061286926,0.6046329736709595,-0.01988278701901436
0.6013542413711548,0.6909352540969849,0.20995581150054932
0.4607818126678467,0.6868770718574524,0.20897918939590454
0.5913611054420471,0.7009948492050171,0.2218950092792511
0.47112223505973816,0.6951474547386169,0.2220730483531952
0.6242939233779907,0.7190631628036499,0.025480272248387337
0.44271206855773926,0.715576708316803,0.03219710662961006
-
0.49970173835754395,0.3532083034515381,-0.3053204417228699
0.5098270773887634,0.344451367855072,-0.2919923663139343
0.5156287550926208,0.3438415825366974,-0.29202157258987427
0.5225579142570496,0.3431738317012787,-0.2919560670852661
0.49778637290000916,0.3456927239894867,-0.2767181098461151
0.49488070607185364,0.34599632024765015,-0.2767244875431061
0.49250712990760803,0.3462275564670563,-0.2767443060874939
0.54051673412323,0.34682533144950867,-0.16553808748722076
0.4992050230503082,0.34989190101623535,-0.09610943496227264
0.5130386352539062,0.3610723316669464,-0.25677254796028137
0.4988122582435608,0.3619895577430725,-0.2367798089981079
0.6025481224060059,0.4005340039730072,-0.05981932207942009
0.4652740955352783,0.4011770784854889,0.004034081939607859
0.6205659508705139,0.46266084909439087,-0.24308224022388458
0.4393617510795593,0.4638155400753021,-0.1370929330587387
0.6453619003295898,0.42463788390159607,-0.601672351360321
0.4179995656013489,0.4267001152038574,-0.5127643942832947
0.6540846228599548,0.4120410084724426,-0.6653198599815369
0.409867525100708,0.41740965843200684,-0.5785950422286987
0.6520550847053528,0.40569329261779785,-0.6694740653038025
0.41228926181793213,0.41011229157447815,-0.5812428593635559
0.645778477191925,0.40849289298057556,-0.610442578792572
0.41709816455841064,0.41274014115333557,-0.5236025452613831
0.5680918097496033,0.5190405249595642,-0.006237383000552654
0.48448294401168823,0.5172356367111206,0.0060082064010202885
0.5825245380401611,0.6078310608863831,-0.01971416175365448
0.4733235538005829,0.604669451713562,-0.018460867926478386
0.6013548970222473,0.6909242868423462,0.21184086799621582
0.46077674627304077,0.6869021654129028,0.20974072813987732
0.5913671255111694,0.7009754776954651,0.22370901703834534
0.4711262583732605,0.6951998472213745,0.2227197289466858
0.6242787837982178,0.7190620303153992,0.02748270332813263
0.44263607263565063,0.7155986428260803,0.03258376568555832
-
0.49971768260002136,0.35322120785713196,-0.3059413731098175
0.5098342895507812,0.3444630801677704,-0.29261842370033264
0.5156384110450745,0.343850314617157,-0.2926482558250427
0.5225724577903748,0.3431812822818756,-0.29258131980895996
0.4977828860282898,0.34571748971939087,-0.2774012088775635
0.49487850069999695,0.346025288105011,-0.277407169342041
0.49250665307044983,0.34626084566116333,-0.27742740511894226
0.5405102968215942,0.34682875871658325,-0.16607888042926788
0.4991946816444397,0.34992536902427673,-0.09701137244701385
0.5130855441093445,0.3610779643058777,-0.2573857307434082
0.4988382160663605,0.3620019555091858,-0.23747965693473816
0.6025478839874268,0.40053290128707886,-0.06033266335725784
0.4652734398841858,0.4011894762516022,0.0033423141576349735
0.6205715537071228,0.46264347434043884,-0.24329164624214172
0.4393753111362457,0.46382325887680054,-0.13754960894584656
0.6453856229782104,0.4246366620063782,-0.6018483638763428
0.41798704862594604,0.42669591307640076,-0.5132116675376892
0.6541059017181396,0.41203027963638306,-0.6654300093650818
0.40985456109046936,0.4173985421657562,-0.5789424777030945
0.6520607471466064,0.40569204092025757,-0.6696685552597046
0.4122753441333771,0.41010409593582153,-0.5816786885261536
0.6457960605621338,0.408487468957901,-0.610645055770874
0.4170769155025482,0.4127311706542969,-0.5240854620933533
0.5681161880493164,0.5190690755844116,-0.0062464457005262375
0.48449787497520447,0.5172771215438843,0.006018612999469042
0.5825302004814148,0.6078366041183472,-0.015356387011706829
0.47331950068473816,0.6047031879425049,-0.016518473625183105
0.6013545393943787,0.6909245848655701,0.21448121964931488
0.4607696533203125,0.6869304776191711,0.2098006308078766
0.591370701789856,0.700971245765686,0.22612904012203217
0.4711330831050873,0.6952529549598694,0.22276443243026733
0.6242218613624573,0.7190622091293335,0.030166996642947197
0.44260483980178833,0.7156121134757996,0.032640572637319565
-
0.4997633099555969,0.353227436542511,-0.3081316351890564
0.5098749399185181,0.34446725249290466,-0.29444897174835205
0.5156801342964172,0.34385547041893005,-0.2944793701171875
0.5226175785064697,0.3431864380836487,-0.2944130301475525
0.4977973997592926,0.3457273840904236,-0.2795076072216034
0.49488797783851624,0.3460388779640198,-0.2795131802558899
0.49251317977905273,0.34627819061279297,-0.2795325815677643
0.540505051612854,0.3468307852745056,-0.16670739650726318
0.4991849660873413,0.3499458134174347,-0.09878356754779816
0.513159453868866,0.3610846996307373,-0.2591121196746826
0.4988821744918823,0.3620072603225708,-0.23959073424339294
0.6025409698486328,0.40053591132164,-0.06082480773329735
0.4652295708656311,0.4012048840522766,0.0021510084625333548
0.6205726265907288,0.4626407027244568,-0.2437928318977356
0.4393845796585083,0.4638544023036957,-0.13913416862487793
0.6454050540924072,0.4246361255645752,-0.6033480167388916
0.41798242926597595,0.4266939163208008,-0.5155521631240845
0.6541252732276917,0.412026971578598,-0.6672803163528442
0.4098510444164276,0.4173923432826996,-0.5815839767456055
0.6520674228668213,0.4056921601295471,-0.6715590357780457
0.41226765513420105,0.41010355949401855,-0.5843009352684021
0.6458108425140381,0.40848422050476074,-0.6121964454650879
0.41706132888793945,0.41273045539855957,-0.5264243483543396
0.5681278109550476,0.5190848112106323,-0.006250020582228899
0.4845077395439148,0.5172986388206482,0.006022476591169834
0.5825318694114685,0.6078593730926514,-0.014938036911189556
0.47332319617271423,0.6047435402870178,-0.015897655859589577
0.6013575196266174,0.6909260153770447,0.2176820933818817
0.460763543844223,0.6869676113128662,0.21240456402301788
0.5913925766944885,0.7009657621383667,0.22969669103622437
0.47113969922065735,0.6953185796737671,0.22551988065242767
0.624183177947998,0.7190629243850708,0.03347117453813553
0.44254884123802185,0.7156314253807068,0.03464115038514137
-
0.4998302757740021,0.35323336720466614,-0.30795687437057495
0.5099208354949951,0.34447258710861206,-0.2943991422653198
0.5157323479652405,0.3438618779182434,-0.29442909359931946
0.5226753354072571,0.34319284558296204,-0.2943626940250397
0.4978100657463074,0.34573936462402344,-0.2793370485305786
0.4948929250240326,0.3460567593574524,-0.27934253215789795
0.4925152659416199,0.3463022708892822,-0.27936214208602905
0.5404998064041138,0.34683364629745483,-0.16596196591854095
0.4991469085216522,0.3499681353569031,-0.0987156555056572
0.5132806897163391,0.3610914349555969,-0.25908803939819336
0.49893471598625183,0.3620136082172394,-0.23943521082401276
0.6025375723838806,0.4005352556705475,-0.06031258404254913
0.46522000432014465,0.40121597051620483,0.0023333667777478695
0.6205716729164124,0.4626372456550598,-0.24310778081417084
0.43938755989074707,0.46386513113975525,-0.13904397189617157
0.6454382538795471,0.4246196746826172,-0.6031680703163147
0.4179813861846924,0.42669224739074707,-0.5153788328170776
0.6541531682014465,0.41200605034828186,-0.6672328114509583
0.40984877943992615,0.4173727035522461,-0.5813308954238892
0.6520804762840271,0.4056779742240906,-0.6714509129524231
0.4122622311115265,0.4101003110408783,-0.5840262770652771
0.6458448767662048,0.4084553122520447,-0.6120518445968628
0.4170556664466858,0.4127282500267029,-0.5262333154678345
0.5681295394897461,0.519096851348877,-0.006253274157643318
0.48451024293899536,0.5173083543777466,0.006025888025760651
0.58253413438797,0.6078705191612244,-0.014768047258257866
0.47334301471710205,0.6047714948654175,-0.015454282984137535
0.6013616323471069,0.6909294724464417,0.21845264732837677
0.4607589840888977,0.6869885921478271,0.2136157602071762
0.591427206993103,0.70096355676651,0.2305113524198532
0.471139132976532,0.6953574419021606,0.22674863040447235
0.6240332126617432,0.7190674543380737,0.033976126462221146
0.4424445331096649,0.7156578302383423,0.03548046946525574
-
0.49989181756973267,0.353240430355072,-0.30672386288642883
0.5099665522575378,0.3444788157939911,-0.2927381992340088
0.5157822370529175,0.3438679575920105,-0.29276904463768005
0.5227281451225281,0.3431984484195709,-0.29270198941230774
0.4978266954421997,0.3457431197166443,-0.27807238698005676
0.494901180267334,0.3460635542869568,-0.2780757546424866
0.4925195872783661,0.3463122546672821,-0.2780936658382416
0.5404931902885437,0.34683525562286377,-0.16359290480613708
0.4991234242916107,0.34997910261154175,-0.09763887524604797
0.5133906006813049,0.36109688878059387,-0.2574990689754486
0.4989857077598572,0.36202070116996765,-0.23833687603473663
0.6025129556655884,0.4005328118801117,-0.05834247171878815
0.46521779894828796,0.40122419595718384,0.003187934635207057
0.6205695867538452,0.4626350998878479,-0.24066577851772308
0.4393901824951172,0.463874876499176,-0.13820473849773407
0.6454760432243347,0.4245579242706299,-0.6003476977348328
0.41797810792922974,0.4266921579837799,-0.5139672160148621
0.6541928052902222,0.41195178031921387,-0.6642234325408936
0.4098464846611023,0.4173632264137268,-0.5797621011734009
0.652100682258606,0.40560656785964966,-0.6684107184410095
0.41225773096084595,0.4100995659828186,-0.5824900269508362
0.6458707451820374,0.40838009119033813,-0.609210729598999
0.41705062985420227,0.4127274453639984,-0.5248265862464905
0.5681285262107849,0.5191004872322083,-0.0062200757674872875
0.4845116138458252,0.5173102021217346,0.0059942929074168205
0.5825353264808655,0.6078718304634094,-0.014136801473796368
0.47336098551750183,0.6047980785369873,-0.01489308848977089
0.6013626456260681,0.6909285187721252,0.21829181909561157
0.46075472235679626,0.6870104670524597,0.2136196792125702
0.591437578201294,0.7009567022323608,0.23031163215637207
0.47114118933677673,0.6953873634338379,0.2267201542854309
0.6239476799964905,0.7190730571746826,0.033808205276727676
0.4424003064632416,0.7156690359115601,0.035476408898830414
-
0.4999788999557495,0.35323023796081543,-0.3066844642162323
0.5100396275520325,0.3444778621196747,-0.29272302985191345
0.5158749222755432,0.3438621759414673,-0.2927536368370056
0.5228379368782043,0.3431876301765442,-0.2926865220069885
0.49785396456718445,0.34574806690216064,-0.2780219614505768
0.494913786649704,0.346069872379303,-0.27802515029907227
0.4925246238708496,0.34631937742233276,-0.2780429720878601
0.540489912033081,0.3468230962753296,-0.16317497193813324
0.49907946586608887,0.3499844968318939,-0.0975961685180664
0.5135451555252075,0.36108046770095825,-0.2574896216392517
0.4990469217300415,0.3620167374610901,-0.23830851912498474
0.6025006771087646,0.40052708983421326,-0.05806026607751846
0.4652031660079956,0.40122881531715393,0.0031866729259490967
0.6205685138702393,0.46263307332992554,-0.24063090980052948
0.4393928050994873,0.4638903737068176,-0.13828298449516296
0.6455134153366089,0.42445239424705505,-0.6004301905632019
0.4179752767086029,0.42669910192489624,-0.5140253305435181
0.6542211771011353,0.41186946630477905,-0.6643362045288086
0.4098443388938904,0.4173608720302582,-0.5798212885856628
0.6521201729774475,0.40549236536026,-0.6684902906417847
0.4122506380081177,0.41009950637817383,-0.5825487375259399
0.6458961367607117,0.40825337171554565,-0.6092855930328369
0.41704028844833374,0.4127269387245178,-0.5248857140541077
0.5681283473968506,0.5191064476966858,-0.0061876242980360985
0.4845089316368103,0.517316460609436,0.0059629506431519985
0.5825364589691162,0.6078899502754211,-0.013761043548583984
0.47336193919181824,0.6048460602760315,-0.01472166646271944
0.6013628244400024,0.6909304261207581,0.21916596591472626
0.46075066924095154,0.6870400905609131,0.21406042575836182
0.5914420485496521,0.7009527683258057,0.23120449483394623
0.4711431860923767,0.6954101324081421,0.22714926302433014
0.623810350894928,0.7190855741500854,0.03468691557645798
0.4423864483833313,0.7156875729560852,0.03578426316380501
-
0.49999409914016724,0.3532285988330841,-0.31019559502601624
0.5100417137145996,0.3444794714450836,-0.2963321805000305
0.5158809423446655,0.3438606858253479,-0.2963622510433197
0.5228485465049744,0.34318098425865173,-0.29629600048065186
0.49785229563713074,0.3457533121109009,-0.2814021706581116
0.49490880966186523,0.34607571363449097,-0.281406044960022
0.49251917004585266,0.34632548689842224,-0.281423419713974
0.540486752986908,0.3468017876148224,-0.1675775647163391
0.49904248118400574,0.34998947381973267,-0.10036098957061768
0.513603925704956,0.3610756993293762,-0.26110124588012695
0.49906107783317566,0.3620184659957886,-0.24159961938858032
0.6025257110595703,0.4005284309387207,-0.06187387928366661
0.4651753306388855,0.4012346863746643,0.0004902684595435858
0.620568573474884,0.4626540541648865,-0.24654977023601532
0.4393862783908844,0.4639214873313904,-0.14225022494792938
0.6455224752426147,0.4244498610496521,-0.607609212398529
0.41797274351119995,0.42671504616737366,-0.51912522315979
0.6542306542396545,0.4118604063987732,-0.6715936660766602
0.409842312335968,0.41735896468162537,-0.5851602554321289
0.6521297693252563,0.40547066926956177,-0.6753895878791809
0.41224342584609985,0.41010159254074097,-0.5874568223953247
0.645906388759613,0.40822118520736694,-0.6162585616111755
0.41703182458877563,0.41272860765457153,-0.5298306345939636
0.5681260824203491,0.5191165804862976,-0.006209428887814283
0.48449787497520447,0.5173311233520508,0.005984426010400057
0.5825321078300476,0.6079009771347046,-0.014429309405386448
0.4733331501483917,0.6049097776412964,-0.014619236811995506
0.6013628244400024,0.6909310221672058,0.22081376612186432
0.46075519919395447,0.6870489120483398,0.21688266098499298
0.5914678573608398,0.7009479999542236,0.23336325585842133
0.4711591899394989,0.6954143643379211,0.23039665818214417
0.6236305236816406,0.7190958261489868,0.03696078062057495
0.4423788785934448,0.7157067060470581,0.039210349321365356
-
0.5000252723693848,0.3532206416130066,-0.31391170620918274
0.5100506544113159,0.3444789946079254,-0.2998165488243103
0.5158960223197937,0.34385794401168823,-0.2998470067977905
0.522869348526001,0.34317490458488464,-0.2997822165489197
0.4978538453578949,0.34575486183166504,-0.2849266529083252
0.49490827322006226,0.3460785746574402,-0.284931480884552
0.49251773953437805,0.34632930159568787,-0.28494882583618164
0.5404838919639587,0.34678560495376587,-0.17059099674224854
0.4990157186985016,0.3499935269355774,-0.10324186831712723
0.5136751532554626,0.36106932163238525,-0.2645892798900604
0.4990796446800232,0.36201560497283936,-0.24514715373516083
0.6025338768959045,0.4005289077758789,-0.06464724987745285
0.4651321470737457,0.401235967874527,-0.0020245355553925037
0.6205743551254272,0.4626663327217102,-0.2507379651069641
0.43937551975250244,0.46393054723739624,-0.1457698792219162
0.6455504298210144,0.4244355261325836,-0.6130099892616272
0.41797223687171936,0.42671602964401245,-0.5241152048110962
0.6542543172836304,0.41180768609046936,-0.6772937178611755
0.4098401665687561,0.4173523485660553,-0.5905564427375793
0.6521409153938293,0.4054052233695984,-0.6809104681015015
0.41223976016044617,0.41010087728500366,-0.5926653742790222
0.6459288001060486,0.40815800428390503,-0.6216129660606384
0.4170261323451996,0.4127281606197357,-0.5347838997840881
0.5681264400482178,0.519134521484375,-0.006238697096705437
0.48449599742889404,0.5173511505126953,0.0060136206448078156
0.5825326442718506,0.6079215407371521,-0.014508655294775963
0.47331640124320984,0.6049469709396362,-0.014204813167452812
0.6013619899749756,0.6909311413764954,0.22321060299873352
0.46075281500816345,0.6870549321174622,0.21940487623214722
0.5914909243583679,0.7009216547012329,0.23611339926719666
0.4711591601371765,0.6954216361045837,0.23313656449317932
0.6235380172729492,0.7191036343574524,0.039897069334983826
0.4423639178276062,0.715722918510437,0.041891127824783325
-
0.5001044869422913,0.35318875312805176,-0.3149784505367279
0.5100986957550049,0.3444688022136688,-0.3005615174770355
0.5159582495689392,0.34384626150131226,-0.30059200525283813
0.5229438543319702,0.3431612253189087,-0.300527423620224
0.4978737235069275,0.3457406163215637,-0.28585922718048096
0.4949124753475189,0.346065878868103,-0.2858636975288391
0.49251794815063477,0.3463173508644104,-0.2858803868293762
0.5404812097549438,0.3467692732810974,-0.17078982293605804
0.49897414445877075,0.34999221563339233,-0.1040031760931015
0.5137752294540405,0.3610547184944153,-0.26541122794151306
0.4991034269332886,0.3620006740093231,-0.24621962010860443
0.602536678314209,0.40052086114883423,-0.06518189609050751
0.46503981947898865,0.4012359082698822,-0.002898946637287736
0.6205820441246033,0.46267810463905334,-0.2518325448036194
0.4393494427204132,0.46394580602645874,-0.14755414426326752
0.6455797553062439,0.42440706491470337,-0.614280641078949
0.41797569394111633,0.4267204701900482,-0.5261164307594299
0.6543254256248474,0.4117477834224701,-0.6786207556724548
0.4098392128944397,0.41735053062438965,-0.5927525162696838
0.6522301435470581,0.40534335374832153,-0.6821438074111938
0.4122351408004761,0.41010063886642456,-0.5946060419082642
0.6460165977478027,0.4081082344055176,-0.6228750944137573
0.41701966524124146,0.41272830963134766,-0.5366801619529724
0.5681283473968506,0.5191546678543091,-0.006271861493587494
0.4844903349876404,0.517366886138916,0.00604671984910965
0.5825332403182983,0.6079537868499756,-0.014654009602963924
0.4732886552810669,0.6049684882164001,-0.014087652787566185
0.6013597846031189,0.6909295916557312,0.2255912721157074
0.46075040102005005,0.6870601177215576,0.22114473581314087
0.5915020704269409,0.7008823156356812,0.23886536061763763
0.471163272857666,0.6954255700111389,0.23505276441574097
0.6233956813812256,0.7191156148910522,0.04304733872413635
0.44235146045684814,0.7157591581344604,0.04389015957713127
-
0.5002282857894897,0.3531655967235565,-0.3148011267185211
0.5101591348648071,0.34446412324905396,-0.30016475915908813
0.5160309076309204,0.3438403010368347,-0.30019545555114746
0.5230246782302856,0.34315451979637146,-0.30013081431388855
0.4979107677936554,0.3457350432872772,-0.28560295701026917
0.49492475390434265,0.34606269001960754,-0.2856068015098572
0.49252116680145264,0.34631597995758057,-0.28562235832214355
0.5404786467552185,0.3467614948749542,-0.1700456738471985
0.49892091751098633,0.34999433159828186,-0.10371487587690353
0.5139262080192566,0.3610403835773468,-0.26504290103912354
0.4991564452648163,0.3619890809059143,-0.24605847895145416
0.6025122404098511,0.40048009157180786,-0.06495054811239243
0.46491310000419617,0.401235431432724,-0.0027511839289218187
0.6205893754959106,0.4626806378364563,-0.25124168395996094
0.4392639100551605,0.4639524519443512,-0.14760462939739227
0.6455854773521423,0.42437976598739624,-0.6136521100997925
0.41796791553497314,0.42672380805015564,-0.5259613990783691
0.6543428897857666,0.4117162227630615,-0.6781823635101318
0.4098370373249054,0.4173487722873688,-0.592751681804657
0.6522687077522278,0.40530461072921753,-0.681709885597229
0.41222283244132996,0.4101008474826813,-0.5945885181427002
0.6460505723953247,0.4080856740474701,-0.6223046183586121
0.41699597239494324,0.4127282500267029,-0.5365239977836609
0.5681286454200745,0.5191844701766968,-0.006274346727877855
0.48447999358177185,0.5174036026000977,0.006049304734915495
0.5825347900390625,0.6080038547515869,-0.014691456221044064
0.47325262427330017,0.605046808719635,-0.013849001377820969
0.6013563871383667,0.6909304857254028,0.22667482495307922
0.46075448393821716,0.6870673894882202,0.2221047282218933
0.5915091037750244,0.7008612751960754,0.24001653492450714
0.47118058800697327,0.695430338382721,0.23601114749908447
0.6232611536979675,0.7191218137741089,0.044150594621896744
0.4423786699771881,0.7157653570175171,0.04470854252576828
-
0.5002648830413818,0.3531543016433716,-0.3145314157009125
0.5101737380027771,0.3444630205631256,-0.299992173910141
0.5160495042800903,0.34383925795555115,-0.30002355575561523
0.5230492353439331,0.3431536555290222,-0.2999591827392578
0.4979146718978882,0.34573113918304443,-0.28552836179733276
0.4949243664741516,0.3460591733455658,-0.28553229570388794
0.49251845479011536,0.3463127315044403,-0.28554975986480713
0.5404762625694275,0.3467597961425781,-0.16924498975276947
0.4988873302936554,0.3499954044818878,-0.10356760025024414
0.5139719247817993,0.36103731393814087,-0.2648956775665283
0.49916326999664307,0.36198514699935913,-0.24576634168624878
0.6024981141090393,0.40043067932128906,-0.06484340131282806
0.4648478329181671,0.40123599767684937,-0.0026055085472762585
0.6206125617027283,0.4626847207546234,-0.25135207176208496
0.4392014443874359,0.46396416425704956,-0.1477402001619339
0.645636260509491,0.4243134558200836,-0.6133766770362854
0.4179641008377075,0.42673754692077637,-0.5256534814834595
0.6544110774993896,0.4115394055843353,-0.677841067314148
0.4098356068134308,0.4173508584499359,-0.5924277305603027
0.6522875428199768,0.4051514267921448,-0.6812118291854858
0.41221559047698975,0.4101022183895111,-0.5940492153167725
0.6460674405097961,0.4080001413822174,-0.621977686882019
0.41698402166366577,0.41273003816604614,-0.536126434803009
0.5681289434432983,0.5192388296127319,-0.006317778490483761
0.4844660758972168,0.5174612998962402,0.0060941483825445175
0.5825353860855103,0.6080125570297241,-0.014873583801090717
0.4732606112957001,0.6051403284072876,-0.01348082721233368
0.6013570427894592,0.6909176111221313,0.22690270841121674
0.4607672393321991,0.6870723366737366,0.2221042662858963
0.5915588140487671,0.7007940411567688,0.24028867483139038
0.47118324041366577,0.6954361200332642,0.23594634234905243
0.6230384707450867,0.7191236615180969,0.045071836560964584
0.4424811601638794,0.715764582157135,0.044860538095235825
-
0.5002954006195068,0.3531493544578552,-0.3142937421798706
0.5101868510246277,0.34446272253990173,-0.2998768389225006
0.5160647630691528,0.3438390791416168,-0.29990875720977783
0.5230675935745239,0.3431536555290222,-0.2998453676700592
0.49792057275772095,0.3457292914390564,-0.28538772463798523
0.49492502212524414,0.34605783224105835,-0.28539159893989563
0.4925178587436676,0.34631192684173584,-0.2854105234146118
0.5404741764068604,0.3467593491077423,-0.16855908930301666
0.49886995553970337,0.3499968647956848,-0.10349343717098236
0.5140132308006287,0.3610367774963379,-0.2647894024848938
0.4991729259490967,0.36198464035987854,-0.24551723897457123
0.6024826169013977,0.4003868103027344,-0.06472771614789963
0.46481460332870483,0.40123337507247925,-0.0025097576435655355
0.6206172108650208,0.4626893401145935,-0.2511333227157593
0.4390944242477417,0.46396604180336,-0.14793673157691956
0.6456921696662903,0.42431172728538513,-0.6132528781890869
0.4179624021053314,0.42673787474632263,-0.5255544781684875
0.6544491052627563,0.4115290641784668,-0.6777840256690979
0.40983423590660095,0.41734927892684937,-0.5923281311988831
0.6522997617721558,0.4051355719566345,-0.6811491847038269
0.412210077047348,0.4100981652736664,-0.5938212871551514
0.6460802555084229,0.40799680352211,-0.6218706965446472
0.41697630286216736,0.41272664070129395,-0.535961389541626
0.5681302547454834,0.5192780494689941,-0.006322086323052645
0.48446354269981384,0.5175062417984009,0.006098842713981867
0.5825344324111938,0.6080282926559448,-0.015118544921278954
0.4732716381549835,0.6052457094192505,-0.013406816869974136
0.6013539433479309,0.6909008622169495,0.2266748696565628
0.4607751667499542,0.6870814561843872,0.22187750041484833
0.5915693640708923,0.7007495164871216,0.24001288414001465
0.4711865186691284,0.695440948009491,0.23566803336143494
0.6230150461196899,0.7191256880760193,0.045214250683784485
0.4425264596939087,0.715765118598938,0.04470212757587433
-
0.5003103613853455,0.35314732789993286,-0.3141498267650604
0.5101948380470276,0.344463050365448,-0.29972270131111145
0.5160719156265259,0.3438394069671631,-0.2997548282146454
0.5230754017829895,0.3431541323661804,-0.29969170689582825
0.4979228675365448,0.345729261636734,-0.2853391766548157
0.49492475390434265,0.346058189868927,-0.2853430509567261
0.49251610040664673,0.3463127315044403,-0.2853603661060333
0.5404700636863708,0.3467591404914856,-0.16824793815612793
0.49885591864585876,0.34999820590019226,-0.1034523993730545
0.5140357613563538,0.36103716492652893,-0.2646787166595459
0.49917730689048767,0.3619852066040039,-0.24534103274345398
0.602471113204956,0.4003375172615051,-0.0646127462387085
0.464801162481308,0.4012295603752136,-0.002473998349159956
0.6206274032592773,0.46269091963768005,-0.2513326108455658
0.4390208423137665,0.4639682173728943,-0.14825458824634552
0.6457323431968689,0.42430543899536133,-0.6134440898895264
0.4179607331752777,0.42673587799072266,-0.525518536567688
0.6544889807701111,0.41146713495254517,-0.6779794096946716
0.4098331034183502,0.41733986139297485,-0.5922679305076599
0.6523064374923706,0.40507715940475464,-0.6812692284584045
0.41220587491989136,0.4100871682167053,-0.5936359167098999
0.646087110042572,0.40797582268714905,-0.6220418214797974
0.416970431804657,0.41271790862083435,-0.5358594059944153
0.5681330561637878,0.5193099975585938,-0.006332291290163994
0.4844634234905243,0.5175407528877258,0.006109342444688082
0.5825352668762207,0.6080328226089478,-0.015295848250389099
0.47331058979034424,0.6053007245063782,-0.013262424618005753
0.601353645324707,0.6908718943595886,0.22677764296531677
0.46078479290008545,0.6870852708816528,0.22181572020053864
0.5915836095809937,0.7006877064704895,0.24016188085079193
0.4711878001689911,0.6954427361488342,0.2355913370847702
0.6229838728904724,0.719123125076294,0.045846160501241684
0.4426362216472626,0.7157642841339111,0.0447949580848217
-
0.5003238320350647,0.3531454801559448,-0.3140357434749603
0.5102036595344543,0.3444634675979614,-0.29949498176574707
0.5160800814628601,0.3438398241996765,-0.2995268404483795
0.5230863094329834,0.3431551456451416,-0.2994634807109833
0.49792400002479553,0.34572941064834595,-0.2850874662399292
0.4949239194393158,0.3460586667060852,-0.2850913107395172
0.4925137460231781,0.3463135361671448,-0.2851077616214752
0.5404678583145142,0.34675896167755127,-0.16827644407749176
0.49884411692619324,0.3499996066093445,-0.10330848395824432
0.514066755771637,0.3610381484031677,-0.2645631730556488
0.49918392300605774,0.3619857728481293,-0.24533411860466003
0.6024696826934814,0.4003085196018219,-0.06470157206058502
0.4647901654243469,0.4012165069580078,-0.00286612706258893
0.6206294298171997,0.46269434690475464,-0.2525518536567688
0.4389103353023529,0.4639686048030853,-0.14938019216060638
0.6457763910293579,0.4242761731147766,-0.6153164505958557
0.4179592430591583,0.42672258615493774,-0.5265352129936218
0.6545532941818237,0.41133373975753784,-0.6799418330192566
0.4098314940929413,0.41732534766197205,-0.5932772755622864
0.652327299118042,0.40497225522994995,-0.6831430792808533
0.41219812631607056,0.4100712835788727,-0.5943863987922668
0.6461083889007568,0.40791216492652893,-0.6239080429077148
0.41696298122406006,0.4127040505409241,-0.5367614030838013
0.5681405663490295,0.5193257331848145,-0.0063383737578988075
0.48446959257125854,0.5175735354423523,0.006115651223808527
0.5825368762016296,0.6080358028411865,-0.015343034639954567
0.4733325242996216,0.605416476726532,-0.012957420200109482
0.6013535261154175,0.6908367872238159,0.22722038626670837
0.460794061422348,0.6870957612991333,0.2219831496477127
0.5916000604629517,0.7006380558013916,0.24065881967544556
0.4711941182613373,0.69544517993927,0.23574718832969666
0.6229609847068787,0.719113826751709,0.04667968302965164
0.44268810749053955,0.7157650589942932,0.04503973200917244
-
0.5003210306167603,0.3531484007835388,-0.3128781318664551
0.5102011561393738,0.34446555376052856,-0.298397958278656
0.5160765647888184,0.34384283423423767,-0.2984287142753601
0.5230838060379028,0.343159556388855,-0.29836422204971313
0.49791136384010315,0.3457309603691101,-0.28375110030174255
0.4949093163013458,0.34606021642684937,-0.28375473618507385
0.4925020933151245,0.3463154435157776,-0.283769428730011
0.5404559969902039,0.3467599153518677,-0.16810104250907898
0.498839408159256,0.35000184178352356,-0.10227667540311813
0.5140737891197205,0.3610507845878601,-0.263772577047348
0.499185174703598,0.3619977533817291,-0.244340181350708
0.6024690270423889,0.40030065178871155,-0.06465646624565125
0.46479418873786926,0.4012141823768616,-0.0026510830502957106
0.6206312775611877,0.4626990258693695,-0.25236988067626953
0.43889057636260986,0.4639710485935211,-0.1492873579263687
0.6457844972610474,0.42426761984825134,-0.6150466203689575
0.4179529845714569,0.4267229437828064,-0.5263230800628662
0.6545856595039368,0.4112979471683502,-0.6796945333480835
0.40982791781425476,0.4173182547092438,-0.5929707884788513
0.652350127696991,0.4049573838710785,-0.6830092668533325
0.41217315196990967,0.4100639820098877,-0.5937594771385193
0.6461243629455566,0.40790653228759766,-0.623681366443634
0.4169360399246216,0.4126996099948883,-0.5364167094230652
0.5681412816047668,0.5193285942077637,-0.0063548884354531765
0.4844740927219391,0.5175843238830566,0.006132232956588268
0.5825397968292236,0.6080384254455566,-0.01557148527354002
0.4733424186706543,0.6054556965827942,-0.012955602258443832
0.6013543605804443,0.6908057928085327,0.22716602683067322
0.46080178022384644,0.6871059536933899,0.22169478237628937
0.5916197299957275,0.7005935311317444,0.24054156243801117
0.47119560837745667,0.6954477429389954,0.23542480170726776
0.6229509711265564,0.7190992832183838,0.04631516709923744
0.44272473454475403,0.7157665491104126,0.044913504272699356
-
0.500307023525238,0.3531484007835388,-0.3114716708660126
0.5101897120475769,0.34446555376052856,-0.2970777750015259
0.5160655379295349,0.34384292364120483,-0.29710763692855835
0.5230740308761597,0.3431597352027893,-0.2970411479473114
0.49789005517959595,0.3457306921482086,-0.2822209298610687
0.4948881268501282,0.3460599184036255,-0.2822236716747284
0.49248605966567993,0.34631532430648804,-0.2822369337081909
0.5404402613639832,0.346758633852005,-0.16797325015068054
0.49883049726486206,0.35000306367874146,-0.10140351951122284
0.5140761733055115,0.36105525493621826,-0.2628690004348755
0.49918001890182495,0.3620017468929291,-0.24325025081634521
0.6024675369262695,0.40029972791671753,-0.06468421965837479
0.4647955596446991,0.4012232720851898,-0.0025960616767406464
0.6206315755844116,0.46271294355392456,-0.2523737847805023
0.43888333439826965,0.4640125632286072,-0.1491086184978485
0.6457973718643188,0.4242458939552307,-0.614560604095459
0.4179493486881256,0.42673206329345703,-0.526257336139679
0.6546143293380737,0.4112812876701355,-0.6787163019180298
0.4098266065120697,0.4173150658607483,-0.5928596258163452
0.6523804664611816,0.40494924783706665,-0.6818392872810364
0.41215723752975464,0.41006118059158325,-0.5931910872459412
0.6461343765258789,0.40789794921875,-0.6230583786964417
0.4169193208217621,0.4126986861228943,-0.5362536907196045
0.5681427121162415,0.5193345546722412,-0.006463321857154369
0.48447853326797485,0.5176037549972534,0.006240317597985268
0.5825413465499878,0.6080409288406372,-0.015821548178792
0.473347008228302,0.6054750084877014,-0.012958949431777
0.6013636589050293,0.6907801628112793,0.2271009236574173
0.46080607175827026,0.6871112585067749,0.2216416895389557
0.5916836261749268,0.7005563974380493,0.24050548672676086
0.4711969494819641,0.695447564125061,0.23534038662910461
0.6228896379470825,0.7190734148025513,0.046750448644161224
0.4427739083766937,0.7157775163650513,0.04492206498980522
-
0.50029456615448,0.3531448245048523,-0.3095928728580475
0.5101817846298218,0.34446239471435547,-0.29525473713874817
0.5160601139068604,0.3438398838043213,-0.2952842116355896
0.5230715274810791,0.34315672516822815,-0.2952158749103546
0.4978695809841156,0.3457276225090027,-0.28031763434410095
0.4948662519454956,0.3460567593574524,-0.2803191840648651
0.4924677014350891,0.34631213545799255,-0.28033173084259033
0.5404319167137146,0.3467549681663513,-0.16735713183879852
0.4988168478012085,0.35000303387641907,-0.10023459047079086
0.514080286026001,0.3610558807849884,-0.26136159896850586
0.49917513132095337,0.3620026409626007,-0.2416926920413971
0.6024664044380188,0.40030068159103394,-0.06465388089418411
0.46479418873786926,0.4012362062931061,-0.0023481356911361217
0.6206318140029907,0.4627297818660736,-0.25223132967948914
0.4388798177242279,0.464047372341156,-0.14903269708156586
0.6458060145378113,0.4242256283760071,-0.611990213394165
0.41794586181640625,0.42675289511680603,-0.5255510807037354
0.6546244025230408,0.41126829385757446,-0.6754288673400879
0.4098244607448578,0.4173133373260498,-0.5918007493019104
0.6523867249488831,0.40493839979171753,-0.678428590297699
0.4121362864971161,0.41005903482437134,-0.5918600559234619
0.6461470127105713,0.40788525342941284,-0.6203162670135498
0.41689860820770264,0.4126979410648346,-0.535396158695221
0.5681431889533997,0.5193372964859009,-0.006503089796751738
0.4844799041748047,0.5176112651824951,0.006279650144279003
0.5825449824333191,0.60804283618927,-0.016218943521380424
0.47336605191230774,0.6054835915565491,-0.013037139549851418
0.6013701558113098,0.6907652616500854,0.2269945591688156
0.46080830693244934,0.6871159672737122,0.22142921388149261
0.5917080640792847,0.7005462646484375,0.2404535561800003
0.47119849920272827,0.6954468488693237,0.2351704090833664
0.622879683971405,0.7190641164779663,0.04655297100543976
0.44284480810165405,0.7157798409461975,0.044867828488349915
-
0.5002540349960327,0.35313481092453003,-0.30892378091812134
0.5101476311683655,0.34445351362228394,-0.294723242521286
0.5160285234451294,0.3438304662704468,-0.2947525382041931
0.523040235042572,0.34314578771591187,-0.2946833074092865
0.4978324770927429,0.34572044014930725,-0.27967071533203125
0.4948361814022064,0.34604936838150024,-0.27967193722724915
0.492446631193161,0.34630483388900757,-0.2796843349933624
0.5404107570648193,0.34674274921417236,-0.16734004020690918
0.49880510568618774,0.3500019907951355,-0.09989435225725174
0.514068067073822,0.3610551059246063,-0.2609313428401947
0.49916157126426697,0.36200228333473206,-0.2411329299211502
0.6024706363677979,0.4003002643585205,-0.06482914090156555
0.46479514241218567,0.4012467861175537,-0.0023030259180814028
0.6206334233283997,0.46274009346961975,-0.25216683745384216
0.4388789236545563,0.4640668034553528,-0.1489776223897934
0.6458002328872681,0.424222469329834,-0.6111908555030823
0.4179440438747406,0.4267648160457611,-0.524934709072113
0.6546334624290466,0.41126710176467896,-0.6742693781852722
0.4098203778266907,0.4172990322113037,-0.5909116268157959
0.652395486831665,0.4049345552921295,-0.6772339940071106
0.41211777925491333,0.41004568338394165,-0.5908030867576599
0.6461507081985474,0.40788155794143677,-0.6194190382957458
0.4168834984302521,0.41269296407699585,-0.5346666574478149
0.5681456923484802,0.5193406939506531,-0.006634942255914211
0.48448383808135986,0.517615020275116,0.00641090190038085
0.582547128200531,0.608043909072876,-0.016483066603541374
0.4733715057373047,0.6055043935775757,-0.013047808781266212
0.6013773083686829,0.6907563209533691,0.2267846167087555
0.46081000566482544,0.6871193647384644,0.2213234305381775
0.5917373895645142,0.7005398273468018,0.240277498960495
0.47119924426078796,0.6954424977302551,0.23509879410266876
0.6228731274604797,0.7190553545951843,0.046402521431446075
0.442889541387558,0.7157850861549377,0.04493146017193794
-
0.5000022053718567,0.353077232837677,-0.3115326464176178
0.5099954009056091,0.3444051146507263,-0.29800543189048767
0.5158727169036865,0.3437783122062683,-0.2980351150035858
0.5228560566902161,0.3430848717689514,-0.29796600341796875
0.49770817160606384,0.3456781506538391,-0.2824638783931732
0.49475526809692383,0.3460019528865814,-0.28246787190437317
0.49239709973335266,0.3462519645690918,-0.2824832797050476
0.5403011441230774,0.34669068455696106,-0.17360210418701172
0.49879899621009827,0.3499736785888672,-0.10308004915714264
0.5138664245605469,0.3610265851020813,-0.26421278715133667
0.49904149770736694,0.3619753122329712,-0.24379976093769073
0.6024723649024963,0.4002739489078522,-0.07134104520082474
0.4647938311100006,0.4012502133846283,-0.0054047065787017345
0.6206334233283997,0.4627417027950287,-0.25849097967147827
0.43887627124786377,0.4640858769416809,-0.15222592651844025
0.6458032727241516,0.4242302477359772,-0.6159674525260925
0.4179439842700958,0.4267764091491699,-0.528588056564331
0.6546341180801392,0.4112759530544281,-0.6789276003837585
0.40981897711753845,0.4172971248626709,-0.5947282910346985
0.6524015665054321,0.4049392640590668,-0.682270884513855
0.41211211681365967,0.41004300117492676,-0.5944904088973999
0.6461568474769592,0.40788334608078003,-0.6242831945419312
0.41687580943107605,0.41269174218177795,-0.5382791757583618
0.5681477189064026,0.5193451046943665,-0.006980654317885637
0.48448631167411804,0.5176345705986023,0.0067574805580079556
0.5825455784797668,0.6080448627471924,-0.01713750697672367
0.47337859869003296,0.6055084466934204,-0.012741844169795513
0.6013789176940918,0.6907057166099548,0.22777488827705383
0.4608135223388672,0.6871235966682434,0.22222532331943512
0.5917551517486572,0.7004354596138,0.24158109724521637
0.47119760513305664,0.695435106754303,0.2362062633037567
0.6226520538330078,0.7190145254135132,0.04828472062945366
0.4430754482746124,0.7158376574516296,0.046945709735155106
-
0.49982234835624695,0.35304170846939087,-0.31697818636894226
0.509883463382721,0.3443662226200104,-0.30381470918655396
0.5157557725906372,0.34373730421066284,-0.30384495854377747
0.5227202773094177,0.3430400490760803,-0.3037784695625305
0.4976160228252411,0.3456425368785858,-0.287919819355011
0.4946940839290619,0.34596186876296997,-0.2879268229007721
0.49235936999320984,0.3462070822715759,-0.2879439890384674
0.540241003036499,0.3466554880142212,-0.18031306564807892
0.49879345297813416,0.34994643926620483,-0.10800778865814209
0.513705849647522,0.3610135614871979,-0.26984667778015137
0.49894586205482483,0.36196035146713257,-0.248997300863266
0.6024754047393799,0.4002610743045807,-0.07760550081729889
0.46479254961013794,0.4012497067451477,-0.009507149457931519
0.6206326484680176,0.462746798992157,-0.26537376642227173
0.4388737082481384,0.46408915519714355,-0.15684294700622559
0.6458060145378113,0.42426419258117676,-0.6231779456138611
0.41794225573539734,0.42677974700927734,-0.5348364114761353
0.6546322107315063,0.4113127589225769,-0.6863304376602173
0.409803181886673,0.4172784686088562,-0.6013558506965637
0.6524026989936829,0.4050101339817047,-0.6898884177207947
0.41208940744400024,0.4100215435028076,-0.6010996699333191
0.6461622714996338,0.4079212248325348,-0.631555438041687
0.41686350107192993,0.4126741290092468,-0.5445576310157776
0.5681450963020325,0.5193537473678589,-0.007369260769337416
0.4844866394996643,0.5176687240600586,0.007144964300096035
0.5825462937355042,0.6080492734909058,-0.017957180738449097
0.47337982058525085,0.6055127382278442,-0.012534447945654392
0.6013808846473694,0.6906734704971313,0.22907662391662598
0.4608181118965149,0.6871288418769836,0.22396738827228546
0.5917713642120361,0.7003825902938843,0.24321840703487396
0.47119832038879395,0.6954231262207031,0.23826542496681213
0.6225337386131287,0.7189723253250122,0.050114504992961884
0.44320330023765564,0.7158735394477844,0.04950898140668869
-
0.4996567666530609,0.3530035614967346,-0.3191668391227722
0.5097759962081909,0.3443306088447571,-0.3061806857585907
0.5156421065330505,0.34370142221450806,-0.30621030926704407
0.5225852727890015,0.34300366044044495,-0.30614301562309265
0.4975234270095825,0.3456070125102997,-0.2901657223701477
0.494629442691803,0.34592223167419434,-0.29017317295074463
0.49231621623039246,0.3461638391017914,-0.29019153118133545
0.540171205997467,0.346629798412323,-0.18303902447223663
0.49878886342048645,0.34991955757141113,-0.11011416465044022
0.5135469436645508,0.361000120639801,-0.27208492159843445
0.4988504648208618,0.3619443476200104,-0.2510886490345001
0.6024762988090515,0.4002412259578705,-0.07996809482574463
0.46478721499443054,0.40125006437301636,-0.011130762286484241
0.6206044554710388,0.4627603590488434,-0.2672918438911438
0.43887075781822205,0.4641006588935852,-0.15802136063575745
0.6458052396774292,0.4243103861808777,-0.6252419948577881
0.41793832182884216,0.42677679657936096,-0.536004364490509
0.6546261310577393,0.4113532602787018,-0.6883875131607056
0.40979012846946716,0.4172283113002777,-0.6024618744850159
0.6524021029472351,0.4050719738006592,-0.6921005845069885
0.4120759665966034,0.40998587012290955,-0.6023551821708679
0.6461656093597412,0.407958447933197,-0.6336728930473328
0.41685396432876587,0.41264158487319946,-0.5457652807235718
0.5681456923484802,0.5193569660186768,-0.007648281287401915
0.48448845744132996,0.5176858305931091,0.007422049064189196
0.5825467705726624,0.6080535650253296,-0.018431290984153748
0.4733816683292389,0.6055182218551636,-0.01224237959831953
0.6013820767402649,0.6906601190567017,0.23007401823997498
0.460819274187088,0.6871340870857239,0.22558318078517914
0.5917799472808838,0.7003659009933472,0.2443685084581375
0.4711979031562805,0.6954046487808228,0.24007882177829742
0.622410774230957,0.7189518213272095,0.051061417907476425
0.4432952404022217,0.7159108519554138,0.05151492357254028
-
0.4994378089904785,0.3529646098613739,-0.31720051169395447
0.5096145272254944,0.34429875016212463,-0.30479252338409424
0.5154764652252197,0.3436706066131592,-0.3048209547996521
0.5223928093910217,0.3429752588272095,-0.30475279688835144
0.4973808228969574,0.3455710709095001,-0.2880564332008362
0.4945317208766937,0.34588128328323364,-0.28806352615356445
0.4922502338886261,0.34611934423446655,-0.28808262944221497
0.5400911569595337,0.34661275148391724,-0.18145515024662018
0.4987852871417999,0.34989678859710693,-0.10801870375871658
0.5133580565452576,0.3609888255596161,-0.27108460664749146
0.4987364113330841,0.3619261682033539,-0.24910300970077515
0.6024678349494934,0.4002090394496918,-0.07830310612916946
0.46478039026260376,0.40124788880348206,-0.009531067684292793
0.6205651760101318,0.46276530623435974,-0.26562368869781494
0.43883201479911804,0.4641043245792389,-0.15592552721500397
0.6457966566085815,0.42430979013442993,-0.6238540410995483
0.4179212749004364,0.4267723560333252,-0.5332481861114502
0.6546238660812378,0.4113527238368988,-0.6871872544288635
0.40977078676223755,0.41718071699142456,-0.5997182726860046
0.6524031162261963,0.4050712585449219,-0.6908062696456909
0.4120594561100006,0.40995845198631287,-0.599136233329773
0.646162748336792,0.40795794129371643,-0.6322970986366272
0.4168350100517273,0.4126113951206207,-0.542880654335022
0.5681418776512146,0.519354522228241,-0.008059153333306313
0.48448067903518677,0.51768958568573,0.00783347338438034
0.5825405716896057,0.6080549955368042,-0.021739117801189423
0.47337764501571655,0.6054970026016235,-0.012974744662642479
0.6013795137405396,0.690651535987854,0.22990356385707855
0.46082499623298645,0.6871352791786194,0.2256283164024353
0.5917888879776001,0.7003129124641418,0.24413882195949554
0.4711982011795044,0.6953669786453247,0.2402110993862152
0.622121274471283,0.7189262509346008,0.05079289525747299
0.4433595836162567,0.7159590125083923,0.0516059435904026
-
0.49921777844429016,0.3529357612133026,-0.31489309668540955
0.5094308853149414,0.34427425265312195,-0.30291053652763367
0.5152994990348816,0.34364643692970276,-0.30293816328048706
0.5221893787384033,0.3429514765739441,-0.3028707504272461
0.4972207248210907,0.34554263949394226,-0.2857227027416229
0.494417667388916,0.34584805369377136,-0.2857287526130676
0.4921680986881256,0.3460826277732849,-0.285748153924942
0.5400163531303406,0.3465929925441742,-0.1805189698934555
0.4987789988517761,0.34987807273864746,-0.10578203946352005
0.5131747722625732,0.3609798848628998,-0.26938486099243164
0.4986110329627991,0.36191168427467346,-0.24676653742790222
0.6024569869041443,0.4001917243003845,-0.07731473445892334
0.4647775888442993,0.4012479782104492,-0.00820318516343832
0.6205555200576782,0.4627719521522522,-0.26461005210876465
0.43882250785827637,0.4641077518463135,-0.15435154736042023
0.6458021998405457,0.4242631494998932,-0.6225617527961731
0.4179171621799469,0.4267716407775879,-0.5308374166488647
0.654636025428772,0.4113083779811859,-0.6854275465011597
0.4097613990306854,0.4171684682369232,-0.5971684455871582
0.6524117588996887,0.40503454208374023,-0.688886284828186
0.41204601526260376,0.4099532663822174,-0.5964744687080383
0.6461653113365173,0.40792274475097656,-0.6308793425559998
0.4168217182159424,0.41260242462158203,-0.540428876876831
0.568128764629364,0.5193471908569336,-0.008276404812932014
0.48445433378219604,0.5176945328712463,0.008049656637012959
0.5825404524803162,0.608056366443634,-0.02518337219953537
0.47332751750946045,0.605437695980072,-0.014924997463822365
0.6013665795326233,0.69064861536026,0.22811025381088257
0.46083953976631165,0.687133252620697,0.2255810648202896
0.5917897820472717,0.7003084421157837,0.24259445071220398
0.4712112843990326,0.695341169834137,0.2400142252445221
0.622067391872406,0.7189244627952576,0.04881510138511658
0.4434351623058319,0.7159619927406311,0.05132080614566803
-
0.49910756945610046,0.35291868448257446,-0.3148154020309448
0.5093434453010559,0.3442552387714386,-0.3026348948478699
0.5152102112770081,0.34362924098968506,-0.30266278982162476
0.5220845341682434,0.34293660521507263,-0.3025950491428375
0.49714040756225586,0.34551694989204407,-0.2856433391571045
0.4943527579307556,0.34581756591796875,-0.28564926981925964
0.49211591482162476,0.346047967672348,-0.28566816449165344
0.5399765372276306,0.3465861678123474,-0.17967720329761505
0.49877163767814636,0.3498552441596985,-0.10566756874322891
0.5130620002746582,0.36097806692123413,-0.26902854442596436
0.4985335171222687,0.3619050085544586,-0.2466941773891449
0.6024392247200012,0.4001893997192383,-0.07664288580417633
0.4647669494152069,0.40124765038490295,-0.007985875941812992
0.620517373085022,0.4627809524536133,-0.26391541957855225
0.43880271911621094,0.46411022543907166,-0.15407754480838776
0.6458101272583008,0.42423778772354126,-0.6223275065422058
0.41791993379592896,0.4267732501029968,-0.5305494666099548
0.6546463966369629,0.41129207611083984,-0.6853359341621399
0.4097585380077362,0.4171660840511322,-0.5968726277351379
0.6524325013160706,0.4050169587135315,-0.6888130903244019
0.41203802824020386,0.4099509119987488,-0.596325159072876
0.6461811661720276,0.40790683031082153,-0.6306824684143066
0.41681280732154846,0.412600576877594,-0.5401924848556519
0.5681136250495911,0.519346296787262,-0.008331596851348877
0.48443102836608887,0.517698347568512,0.008104796521365643
0.5825445652008057,0.6080571413040161,-0.026400329545140266
0.4732744097709656,0.6054233312606812,-0.016127727925777435
0.6013448238372803,0.6906418204307556,0.2265578955411911
0.46084561944007874,0.6871315240859985,0.22492343187332153
0.591778039932251,0.7003000378608704,0.24105338752269745
0.47121691703796387,0.6953188180923462,0.23951737582683563
0.6220454573631287,0.7189189195632935,0.04703209176659584
0.44350674748420715,0.7159649729728699,0.05103312060236931
-
0.49903395771980286,0.3529096245765686,-0.3147306740283966
0.5092892646789551,0.3442431688308716,-0.30258142948150635
0.5151532292366028,0.34361889958381653,-0.3026091158390045
0.5220184326171875,0.34292834997177124,-0.30254101753234863
0.49708735942840576,0.34549981355667114,-0.285567969083786
0.49430835247039795,0.3457971215248108,-0.2855737805366516
0.4920794665813446,0.34602436423301697,-0.285593181848526
0.5399386882781982,0.3465825915336609,-0.17925766110420227
0.4987656772136688,0.3498392701148987,-0.10558226704597473
0.5129868984222412,0.36097705364227295,-0.26893678307533264
0.4984791576862335,0.3619014620780945,-0.24665169417858124
0.6024044752120972,0.40018734335899353,-0.07620744407176971
0.4647446870803833,0.40124791860580444,-0.007774743717163801
0.6204684972763062,0.46278461813926697,-0.2635691165924072
0.4387936592102051,0.46411412954330444,-0.154016375541687
0.6458185315132141,0.42423802614212036,-0.6217349767684937
0.41793006658554077,0.4267813563346863,-0.5305073261260986
0.654649555683136,0.41129493713378906,-0.68454909324646
0.40976154804229736,0.4171640872955322,-0.5968046188354492
0.6524383425712585,0.4050164818763733,-0.6879465579986572
0.41203054785728455,0.40995174646377563,-0.5963448882102966
0.6461848616600037,0.40790945291519165,-0.6300266981124878
0.4168057441711426,0.41260114312171936,-0.5401641726493835
0.5681040287017822,0.5193459987640381,-0.008361388929188251
0.4844168722629547,0.5177024602890015,0.008133945055305958
0.5825508832931519,0.6080581545829773,-0.027428777888417244
0.47325849533081055,0.6054103970527649,-0.01739615947008133
0.6013344526290894,0.690619945526123,0.22602348029613495
0.46086570620536804,0.6871234178543091,0.22462067008018494
0.5917710065841675,0.7002778649330139,0.24059787392616272
0.4712344706058502,0.6952854990959167,0.2393878698348999
0.6220391988754272,0.7189133763313293,0.046675439924001694
0.4435959756374359,0.7159672975540161,0.05089670419692993
-
0.49898287653923035,0.35290202498435974,-0.3155166208744049
0.5092446208000183,0.34423381090164185,-0.30304455757141113
0.5151079297065735,0.34361058473587036,-0.30307239294052124
0.521967887878418,0.34292155504226685,-0.3030056059360504
0.49704229831695557,0.34548693895339966,-0.28630468249320984
0.4942687153816223,0.34578168392181396,-0.28631067276000977
0.4920450747013092,0.34600669145584106,-0.28632962703704834
0.5399113297462463,0.3465796113014221,-0.17986367642879486
0.498757004737854,0.34982752799987793,-0.10611767321825027
0.512931227684021,0.36097609996795654,-0.2692902982234955
0.4984380006790161,0.3618983030319214,-0.24736879765987396
0.6023938059806824,0.40018635988235474,-0.077081598341465
0.46472790837287903,0.40125149488449097,-0.00841359980404377
0.6204532384872437,0.4627927839756012,-0.26501819491386414
0.43879005312919617,0.4641251564025879,-0.15601101517677307
0.6458221077919006,0.4242369532585144,-0.6225304007530212
0.4179536998271942,0.42680883407592773,-0.5336794853210449
0.6546529531478882,0.4113013744354248,-0.6855887770652771
0.40978479385375977,0.41716891527175903,-0.6002327799797058
0.6524414420127869,0.40501752495765686,-0.6888247132301331
0.4120325446128845,0.40996018052101135,-0.5996403694152832
0.646187961101532,0.4079103469848633,-0.630783200263977
0.41680678725242615,0.4126114249229431,-0.5432769060134888
0.5680956244468689,0.5193429589271545,-0.0084226718172431
0.48439326882362366,0.5177066922187805,0.008193638175725937
0.5825513005256653,0.6080591678619385,-0.028810176998376846
0.4732353687286377,0.6054078936576843,-0.018320970237255096
0.6013073325157166,0.6906002759933472,0.2262345254421234
0.4608745574951172,0.6871221661567688,0.22465163469314575
0.5917543768882751,0.7002604603767395,0.2410132884979248
0.471241295337677,0.6952704191207886,0.23955228924751282
0.6219987869262695,0.7188953161239624,0.047139331698417664
0.44372114539146423,0.715971052646637,0.05108068883419037
-
0.49895426630973816,0.35288745164871216,-0.3192131817340851
0.5092208981513977,0.3442229628562927,-0.30624017119407654
0.5150846242904663,0.343600869178772,-0.30626845359802246
0.5219460725784302,0.3429134488105774,-0.30620190501213074
0.4970090091228485,0.34547215700149536,-0.2900863289833069
0.49423590302467346,0.3457642197608948,-0.2900923490524292
0.4920143485069275,0.34598639607429504,-0.2901117205619812
0.5398934483528137,0.34657707810401917,-0.18233051896095276
0.4987386167049408,0.34981364011764526,-0.10989011824131012
0.5128953456878662,0.36097079515457153,-0.2722662091255188
0.4984029233455658,0.3618880808353424,-0.25110557675361633
0.6023474335670471,0.40018147230148315,-0.07917141169309616
0.4646606743335724,0.4012557566165924,-0.011926280334591866
0.6204233169555664,0.4627990126609802,-0.267533540725708
0.43879109621047974,0.4641389846801758,-0.16082288324832916
0.6458181738853455,0.4242323040962219,-0.6257290244102478
0.41797488927841187,0.4268392026424408,-0.539220929145813
0.6546514630317688,0.41130954027175903,-0.6890580654144287
0.40979859232902527,0.417169988155365,-0.6058815717697144
0.6524439454078674,0.4050178527832031,-0.6923229098320007
0.4120306372642517,0.4099629521369934,-0.6055756211280823
0.64618980884552,0.40790972113609314,-0.6340542435646057
0.41680386662483215,0.4126165807247162,-0.5489060282707214
0.5680893063545227,0.5193430781364441,-0.008426789194345474
0.48437973856925964,0.517715573310852,0.00819783192127943
0.5825563073158264,0.6080609560012817,-0.028489546850323677
0.4731248617172241,0.6054106950759888,-0.01825641840696335
0.6012898087501526,0.690589189529419,0.22672703862190247
0.4608783721923828,0.6871224045753479,0.22517023980617523
0.5917343497276306,0.7002564668655396,0.24150227010250092
0.4712623953819275,0.6952575445175171,0.24014367163181305
0.6219929456710815,0.7188875079154968,0.04777907207608223
0.4438108801841736,0.7159793972969055,0.0519595742225647
-
0.4989220201969147,0.3528795540332794,-0.3204365074634552
0.5091947913169861,0.3442169427871704,-0.30716627836227417
0.5150576829910278,0.3435958921909332,-0.30719488859176636
0.521918773651123,0.34290987253189087,-0.30712857842445374
0.49697405099868774,0.34546345472335815,-0.29126879572868347
0.4942018389701843,0.3457539975643158,-0.29127511382102966
0.4919823408126831,0.34597474336624146,-0.2912944257259369
0.5398718118667603,0.34657448530197144,-0.1827818751335144
0.49871963262557983,0.349805623292923,-0.11095663905143738
0.5128532648086548,0.36096885800361633,-0.2731389105319977
0.49836209416389465,0.3618830144405365,-0.25231972336769104
0.6023184657096863,0.40017515420913696,-0.0796724408864975
0.4645838439464569,0.4012633264064789,-0.012980072759091854
0.62041175365448,0.4628010392189026,-0.26837366819381714
0.43879830837249756,0.46416372060775757,-0.1622208207845688
0.6458149552345276,0.42422914505004883,-0.6270346641540527
0.4179894030094147,0.42687392234802246,-0.5408604145050049
0.6546484231948853,0.4113190770149231,-0.6905975341796875
0.40980949997901917,0.4171735346317291,-0.6076786518096924
0.65244460105896,0.40501827001571655,-0.6938307285308838
0.41202816367149353,0.40996822714805603,-0.6074297428131104
0.64618980884552,0.4079095423221588,-0.6353979110717773
0.416800320148468,0.41262340545654297,-0.5505585670471191
0.5680880546569824,0.5193427205085754,-0.008442035876214504
0.48437732458114624,0.5177180767059326,0.008212619461119175
0.5825625061988831,0.6080622673034668,-0.028172334656119347
0.4730531871318817,0.605406641960144,-0.018354034051299095
0.6012634038925171,0.6905820965766907,0.22691896557807922
0.4608929455280304,0.6871234178543091,0.2251056730747223
0.5917032361030579,0.7002511024475098,0.24170774221420288
0.47129231691360474,0.6952550411224365,0.24006381630897522
0.6219950914382935,0.718877911567688,0.048072416335344315
0.44388851523399353,0.7160025835037231,0.05188039317727089
-
0.4989016354084015,0.3528752028942108,-0.32027390599250793
0.5091808438301086,0.34421271085739136,-0.30689921975135803
0.5150428414344788,0.3435925245285034,-0.30692818760871887
0.5219056010246277,0.3429078459739685,-0.3068617582321167
0.49695056676864624,0.3454575836658478,-0.2911085784435272
0.4941769540309906,0.34574735164642334,-0.2911146879196167
0.49195778369903564,0.34596747159957886,-0.2911335527896881
0.5398588180541992,0.3465718924999237,-0.18243302404880524
0.4987029731273651,0.3498014509677887,-0.1109018325805664
0.5128288269042969,0.360967755317688,-0.2728818953037262
0.4983333647251129,0.36188143491744995,-0.2522086799144745
0.6022977232933044,0.40016260743141174,-0.07945454120635986
0.4645354449748993,0.40127331018447876,-0.013180073350667953
0.6203990578651428,0.46280354261398315,-0.2681380808353424
0.43880560994148254,0.4642047882080078,-0.1624668538570404
0.6458104252815247,0.42422837018966675,-0.6266040205955505
0.4179968237876892,0.42689675092697144,-0.5407205820083618
0.654643714427948,0.41133037209510803,-0.6901603937149048
0.409816712141037,0.41717320680618286,-0.6074963808059692
0.6524430513381958,0.4050217270851135,-0.693371593952179
0.41202571988105774,0.40996938943862915,-0.6072843074798584
0.6461866497993469,0.40791329741477966,-0.6349678635597229
0.41679713129997253,0.41262611746788025,-0.5504195690155029
0.5680874586105347,0.5193430185317993,-0.008446130901575089
0.4843735694885254,0.5177251100540161,0.008216733112931252
0.5825774073600769,0.6080632209777832,-0.02814062125980854
0.4729712903499603,0.6054072976112366,-0.0183423925191164
0.601245641708374,0.6905686259269714,0.2268092930316925
0.46090856194496155,0.687125563621521,0.22460250556468964
0.5916759371757507,0.7002474069595337,0.2415378987789154
0.47132423520088196,0.6952530741691589,0.23954829573631287
0.6220072507858276,0.7188608646392822,0.048063550144433975
0.44394451379776,0.716018557548523,0.051692571491003036
-
0.49888432025909424,0.3528723418712616,-0.3207097053527832
0.5091685652732849,0.34420937299728394,-0.3072347342967987
0.5150302052497864,0.343589723110199,-0.30726397037506104
0.5218945741653442,0.34290575981140137,-0.3071974515914917
0.49692896008491516,0.3454540967941284,-0.29155316948890686
0.49415379762649536,0.3457435965538025,-0.2915594279766083
0.49193474650382996,0.34596362709999084,-0.29157841205596924
0.5398486256599426,0.3465695381164551,-0.18258249759674072
0.4986880123615265,0.34979918599128723,-0.11140589416027069
0.5128090977668762,0.3609667420387268,-0.27320608496665955
0.4983086585998535,0.36187976598739624,-0.2526795566082001
0.6022845506668091,0.4001556932926178,-0.0795498639345169
0.46448537707328796,0.40128999948501587,-0.013860159553587437
0.6203857064247131,0.4628060758113861,-0.268280565738678
0.4388231635093689,0.46425533294677734,-0.16330821812152863
0.6458061337471008,0.4242275357246399,-0.6267805695533752
0.41800400614738464,0.42690831422805786,-0.5414597392082214
0.654639720916748,0.4113383889198303,-0.690365195274353
0.40981996059417725,0.4171712398529053,-0.6082350611686707
0.6524397730827332,0.4050230383872986,-0.6935365796089172
0.4120233654975891,0.409967839717865,-0.608019232749939
0.6461801528930664,0.4079158902168274,-0.6351407170295715
0.4167945086956024,0.41262564063072205,-0.5511351823806763
0.5680856704711914,0.5193434357643127,-0.008448448963463306
0.4843677878379822,0.5177285075187683,0.008218974806368351
0.5825877785682678,0.6080636382102966,-0.028035176917910576
0.4729316234588623,0.6054030656814575,-0.018444132059812546
0.6012287735939026,0.6905612945556641,0.22677980363368988
0.46093085408210754,0.6871267557144165,0.22438035905361176
0.5916386246681213,0.7002406120300293,0.2414907068014145
0.4713461995124817,0.6952501535415649,0.23935779929161072
0.6220538020133972,0.7188512682914734,0.04805601388216019
0.44399505853652954,0.716044545173645,0.05163545534014702
-
0.49887555837631226,0.3528612554073334,-0.31866899132728577
0.5091609954833984,0.3442019820213318,-0.30494439601898193
0.5150225162506104,0.3435829281806946,-0.3049737215042114
0.5218889713287354,0.3429006338119507,-0.30490440130233765
0.4969140887260437,0.34544599056243896,-0.28941360116004944
0.4941367208957672,0.3457353413105011,-0.28941789269447327
0.49191707372665405,0.34595537185668945,-0.28943565487861633
0.5398430228233337,0.3465675115585327,-0.18009281158447266
0.49867862462997437,0.349794864654541,-0.10958101600408554
0.5128011703491211,0.3609621226787567,-0.27115964889526367
0.4982954263687134,0.3618752956390381,-0.25083333253860474
0.6022399663925171,0.4001491665840149,-0.07823879271745682
0.4644356071949005,0.40129709243774414,-0.0127283139154315
0.6203717589378357,0.4628086984157562,-0.26704514026641846
0.43883663415908813,0.464275062084198,-0.16255469620227814
0.6457956433296204,0.42421188950538635,-0.6250789761543274
0.4180087745189667,0.426922470331192,-0.5399402976036072
0.6546404361724854,0.4113372266292572,-0.6885356307029724
0.4098217487335205,0.41717037558555603,-0.6066622138023376
0.6524409651756287,0.40501904487609863,-0.6916527152061462
0.4120216369628906,0.4099665582180023,-0.6061575412750244
0.6461743116378784,0.40791305899620056,-0.6334241628646851
0.4167921841144562,0.4126249849796295,-0.5494834184646606
0.5680838823318481,0.5193434953689575,-0.008456326089799404
0.48436248302459717,0.5177381038665771,0.008226875215768814
0.582589328289032,0.6080688238143921,-0.027595236897468567
0.47285252809524536,0.6054191589355469,-0.01860160380601883
0.6012228727340698,0.6905490756034851,0.22687044739723206
0.46093466877937317,0.687130331993103,0.22369685769081116
0.5916207432746887,0.7002306580543518,0.24154944717884064
0.47135019302368164,0.6952483057975769,0.23865507543087006
0.6220775842666626,0.7188183665275574,0.048400573432445526
0.4440643787384033,0.7160804867744446,0.05121565982699394
-
0.4988677501678467,0.35285842418670654,-0.3162117302417755
0.5091511011123657,0.34419888257980347,-0.3023756742477417
0.5150118470191956,0.3435802161693573,-0.30240491032600403
0.521879255771637,0.34289854764938354,-0.3023337125778198
0.4969002902507782,0.3454422056674957,-0.28691449761390686
0.4941217303276062,0.3457312285900116,-0.2869175970554352
0.49190181493759155,0.34595125913619995,-0.28693532943725586
0.5398365259170532,0.3465655744075775,-0.17740856111049652
0.49867111444473267,0.3497928977012634,-0.10719100385904312
0.512790858745575,0.36096030473709106,-0.268659383058548
0.4982847571372986,0.3618736267089844,-0.24843430519104004
0.6022009253501892,0.4001440107822418,-0.0761924460530281
0.4644012749195099,0.40130624175071716,-0.010509917512536049
0.6203288435935974,0.4628109335899353,-0.2645702362060547
0.4388408660888672,0.46430063247680664,-0.16002866625785828
0.6457703113555908,0.4242021441459656,-0.6223698258399963
0.4180130362510681,0.4269276559352875,-0.5366528034210205
0.6546244621276855,0.4113381803035736,-0.6856751441955566
0.40982314944267273,0.41716402769088745,-0.6031019687652588
0.6524315476417542,0.40501928329467773,-0.6888105273246765
0.4120197594165802,0.4099593162536621,-0.6025704145431519
0.6461538672447205,0.4079129099845886,-0.6307008862495422
0.4167900085449219,0.41262087225914,-0.5461663007736206
0.5680835247039795,0.5193437337875366,-0.008459214121103287
0.48435530066490173,0.517751157283783,0.008229791186749935
0.5825985670089722,0.608077883720398,-0.027360020205378532
0.47284063696861267,0.6054258346557617,-0.018968788906931877
0.6012203097343445,0.6905375719070435,0.22692741453647614
0.4609379768371582,0.6871315240859985,0.22306488454341888
0.591612696647644,0.7002190351486206,0.24158050119876862
0.4713536500930786,0.6952463388442993,0.23801159858703613
0.6221268773078918,0.7187933921813965,0.048503126949071884
0.44416508078575134,0.7161058783531189,0.05057070031762123
-
0.4988471567630768,0.35285454988479614,-0.31196853518486023
0.5091269016265869,0.3441959023475647,-0.2982461154460907
0.5149868726730347,0.3435773551464081,-0.29827481508255005
0.5218510031700134,0.3428959250450134,-0.2982020676136017
0.4968750774860382,0.34543877840042114,-0.28274866938591003
0.49409857392311096,0.34572774171829224,-0.28275036811828613
0.4918799102306366,0.3459476828575134,-0.28276824951171875
0.5398208498954773,0.34656399488449097,-0.17402730882167816
0.4986618161201477,0.3497905135154724,-0.10362452268600464
0.512764573097229,0.36095917224884033,-0.2646653950214386
0.49826690554618835,0.361872136592865,-0.24439284205436707
0.6021459102630615,0.4001421332359314,-0.07333660125732422
0.46437713503837585,0.4013094902038574,-0.007577112875878811
0.6202934384346008,0.462813138961792,-0.26054245233535767
0.4388444721698761,0.46430641412734985,-0.1559738665819168
0.6457456946372986,0.42414242029190063,-0.6166067123413086
0.418014258146286,0.42693057656288147,-0.5306325554847717
0.6546141505241394,0.4113156795501709,-0.6794872879981995
0.40982356667518616,0.4171507954597473,-0.596577525138855
0.6524144411087036,0.4049973487854004,-0.6825464367866516
0.4120173454284668,0.4099462926387787,-0.5960655212402344
0.6461233496665955,0.40788230299949646,-0.6248614192008972
0.4167858064174652,0.4126090407371521,-0.5401109457015991
0.5680804252624512,0.5193387269973755,-0.008461304008960724
0.48434731364250183,0.5177541971206665,0.008231866173446178
0.5826023817062378,0.608081042766571,-0.02718154340982437
0.4728250801563263,0.6054326295852661,-0.01924244314432144
0.6012175679206848,0.6905219554901123,0.22669650614261627
0.4609411954879761,0.687131941318512,0.22161419689655304
0.5916070342063904,0.7001962065696716,0.24124597012996674
0.47135666012763977,0.6952394843101501,0.23643572628498077
0.6221516728401184,0.718769907951355,0.048358991742134094
0.4442746937274933,0.7161298394203186,0.04917363449931145
-
0.49882349371910095,0.3528517782688141,-0.3086320161819458
0.5090979933738708,0.3441929221153259,-0.2948884069919586
0.5149579048156738,0.3435741662979126,-0.2949175238609314
0.5218167901039124,0.3428928256034851,-0.29484453797340393
0.49684712290763855,0.345436155796051,-0.27942025661468506
0.49407318234443665,0.3457249402999878,-0.27942153811454773
0.4918561577796936,0.34594500064849854,-0.27943944931030273
0.5398016571998596,0.3465616703033447,-0.1706094890832901
0.49865153431892395,0.34978771209716797,-0.10036501288414001
0.5127319693565369,0.36095765233039856,-0.2612902820110321
0.4982471168041229,0.3618707060813904,-0.2410644143819809
0.6020907759666443,0.4001401364803314,-0.06974492967128754
0.46435266733169556,0.40131792426109314,-0.004186474718153477
0.6202695965766907,0.46281489729881287,-0.25599154829978943
0.4388447105884552,0.46431151032447815,-0.1514720767736435
0.6457360982894897,0.42410677671432495,-0.611883819103241
0.4180092215538025,0.4269309937953949,-0.5258766412734985
0.6546110510826111,0.41130518913269043,-0.6748112440109253
0.4098200500011444,0.4171116352081299,-0.5917274951934814
0.6524112224578857,0.4049838185310364,-0.6780387163162231
0.4120034873485565,0.4099089503288269,-0.5914430618286133
0.6461167931556702,0.40786242485046387,-0.6202237010002136
0.4167656898498535,0.4125746190547943,-0.5354452133178711
0.568078339099884,0.5193315744400024,-0.008455146104097366
0.48434457182884216,0.5177571773529053,0.008226211182773113
0.5826152563095093,0.6080820560455322,-0.02573924884200096
0.4728013873100281,0.6054334044456482,-0.019463567063212395
0.601216733455658,0.6905144453048706,0.22559837996959686
0.46094363927841187,0.6871345043182373,0.21905000507831573
0.5916039943695068,0.7001925706863403,0.23966528475284576
0.4713578224182129,0.6952423453330994,0.23350247740745544
0.6222167611122131,0.7187587022781372,0.04682457074522972
0.4442855715751648,0.716134250164032,0.046010572463274
-
0.49879196286201477,0.35284847021102905,-0.30853337049484253
0.509062647819519,0.3441900610923767,-0.29483330249786377
0.5149228572845459,0.34357136487960815,-0.2948624789714813
0.5217777490615845,0.34289026260375977,-0.29479077458381653
0.4968148171901703,0.3454333245754242,-0.2793262302875519
0.4940444529056549,0.3457221984863281,-0.2793280780315399
0.49182945489883423,0.3459422290325165,-0.279345840215683
0.5397868752479553,0.34655994176864624,-0.17058327794075012
0.49863916635513306,0.3497852683067322,-0.10015026479959488
0.5126842260360718,0.3609568476676941,-0.26117971539497375
0.49821799993515015,0.361869752407074,-0.240904301404953
0.6020529270172119,0.4001436233520508,-0.06934838742017746
0.46433961391448975,0.40133896470069885,-0.0037612332962453365
0.6202436089515686,0.4628164768218994,-0.25544852018356323
0.43884027004241943,0.46431469917297363,-0.15068449079990387
0.6457293629646301,0.42405781149864197,-0.6112725734710693
0.41800108551979065,0.426934152841568,-0.5252400636672974
0.6546096801757812,0.41128426790237427,-0.6742883324623108
0.4098181128501892,0.41709867119789124,-0.5911890864372253
0.6524094343185425,0.4049649238586426,-0.6774663925170898
0.41198623180389404,0.40989333391189575,-0.5909337997436523
0.6461089849472046,0.40783753991127014,-0.6196037530899048
0.4167434573173523,0.41256386041641235,-0.5348358750343323
0.56806880235672,0.5193250179290771,-0.008452641777694225
0.4843427538871765,0.5177609324455261,0.008223947137594223
0.5826272964477539,0.6080818772315979,-0.02542446181178093
0.47279176115989685,0.605432391166687,-0.019582372158765793
0.6012144684791565,0.690506100654602,0.22490791976451874
0.46094655990600586,0.6871449947357178,0.21805943548679352
0.5916022658348083,0.7001787424087524,0.23880824446678162
0.4713596701622009,0.6952453851699829,0.23241229355335236
0.6222294569015503,0.7187385559082031,0.04577811434864998
0.4443342983722687,0.716152548789978,0.044567663222551346
-
0.49875688552856445,0.35284751653671265,-0.3101660907268524
0.5090234875679016,0.3441874384880066,-0.2965882122516632
0.5148864984512329,0.3435688614845276,-0.2966178059577942
0.5217400193214417,0.34288814663887024,-0.296548068523407
0.4967767894268036,0.34543079137802124,-0.28100550174713135
0.4940120279788971,0.34571951627731323,-0.2810083329677582
0.49179962277412415,0.345939964056015,-0.28102678060531616
0.5397738218307495,0.3465586304664612,-0.17243923246860504
0.4986262023448944,0.349784791469574,-0.10163585841655731
0.5126376748085022,0.360958069562912,-0.2628151476383209
0.4981876313686371,0.36187225580215454,-0.24243704974651337
0.6020337343215942,0.40015071630477905,-0.07048297673463821
0.46428075432777405,0.4013668894767761,-0.004964022431522608
0.6202271580696106,0.4628177583217621,-0.2565349042415619
0.43884098529815674,0.4643273949623108,-0.15169508755207062
0.6457207202911377,0.4240366816520691,-0.6125733852386475
0.4179815649986267,0.426943838596344,-0.526122510433197
0.6546030640602112,0.41128095984458923,-0.6756929159164429
0.409811407327652,0.41709405183792114,-0.5921066999435425
0.6524023413658142,0.4049609303474426,-0.6788912415504456
0.41196292638778687,0.40988436341285706,-0.5918652415275574
0.6460896730422974,0.4078299105167389,-0.6209365129470825
0.41671353578567505,0.41255855560302734,-0.5357295870780945
0.5680634379386902,0.519324541091919,-0.00844841729849577
0.484340637922287,0.5177677869796753,0.008219784125685692
0.5826382040977478,0.6080830693244934,-0.025275621563196182
0.4727862775325775,0.6054331660270691,-0.019543344154953957
0.6012048721313477,0.6904962658882141,0.2249845564365387
0.4609512686729431,0.6871495246887207,0.2182067483663559
0.5915864109992981,0.7001557350158691,0.23889590799808502
0.4713614881038666,0.695244550704956,0.23258057236671448
0.6222463250160217,0.7187302708625793,0.04582485184073448
0.4444807767868042,0.7161670923233032,0.04463540017604828
-
0.4987331032752991,0.3528485894203186,-0.3121066987514496
0.5089914798736572,0.3441880941390991,-0.2984314262866974
0.5148552656173706,0.3435705006122589,-0.2984614968299866
0.521704912185669,0.3428908884525299,-0.2983931303024292
0.49674633145332336,0.34543055295944214,-0.2829156816005707
0.4939838945865631,0.34571918845176697,-0.2829194962978363
0.4917709231376648,0.345940500497818,-0.2829386293888092
0.5397576689720154,0.3465610146522522,-0.1738031655550003
0.4986022114753723,0.3497876524925232,-0.10327890515327454
0.5125963687896729,0.36096295714378357,-0.264579176902771
0.4981648623943329,0.3618781566619873,-0.24429357051849365
0.6019870638847351,0.4001558721065521,-0.07132608443498611
0.4641135334968567,0.40140724182128906,-0.00621868297457695
0.6201916933059692,0.4628191590309143,-0.2574577033519745
0.43883150815963745,0.4643387794494629,-0.15291951596736908
0.6457118391990662,0.4240283966064453,-0.6142873167991638
0.41791486740112305,0.426950603723526,-0.5273703336715698
0.6545889377593994,0.4112803041934967,-0.6776904463768005
0.40981000661849976,0.41708579659461975,-0.5935045480728149
0.6523953080177307,0.4049588739871979,-0.6808794736862183
0.4119492769241333,0.409878671169281,-0.59321129322052
0.6460748314857483,0.4078267514705658,-0.6226922869682312
0.4166608154773712,0.4125552773475647,-0.5369499921798706
0.568055272102356,0.5193241834640503,-0.008436738513410091
0.4843379259109497,0.5177741050720215,0.008208099752664566
0.5826528072357178,0.6080823540687561,-0.024850275367498398
0.4727802276611328,0.6054333448410034,-0.01944003999233246
0.6011994481086731,0.690483808517456,0.22571521997451782
0.4609537422657013,0.6871520280838013,0.21883302927017212
0.5915775895118713,0.7001267671585083,0.23971538245677948
0.47135865688323975,0.6952423453330994,0.23329849541187286
0.6222543120384216,0.7187231779098511,0.04630998522043228
0.444690078496933,0.7161843180656433,0.044913846999406815
-
0.4986923635005951,0.3528469204902649,-0.31399598717689514
0.5089371800422668,0.3441867232322693,-0.3002128303050995
0.5148060321807861,0.3435695767402649,-0.30024275183677673
0.5216493606567383,0.34289053082466125,-0.30017587542533875
0.49669694900512695,0.3454287648200989,-0.2848450839519501
0.4939396381378174,0.34571725130081177,-0.2848496437072754
0.49172618985176086,0.3459388315677643,-0.2848696708679199
0.5397332310676575,0.3465614318847656,-0.17516732215881348
0.4985676109790802,0.3497876822948456,-0.10532818734645844
0.5125374794006348,0.36096301674842834,-0.2663172483444214
0.498129278421402,0.3618784248828888,-0.2462368607521057
0.6019174456596375,0.40015703439712524,-0.07230682671070099
0.46394437551498413,0.4014503061771393,-0.008148795925080776
0.62013840675354,0.4628233015537262,-0.25809547305107117
0.43882960081100464,0.46436256170272827,-0.1552150994539261
0.6457027196884155,0.42402544617652893,-0.6150665879249573
0.4178716838359833,0.42696815729141235,-0.5298272967338562
0.6545742750167847,0.4112836420536041,-0.6786165237426758
0.40981101989746094,0.41708359122276306,-0.5961613655090332
0.6523920297622681,0.40495944023132324,-0.6818492412567139
0.41194355487823486,0.40987658500671387,-0.5958111882209778
0.6460649371147156,0.4078264832496643,-0.6235131621360779
0.41662484407424927,0.41255396604537964,-0.5393644571304321
0.568048894405365,0.5193196535110474,-0.008408737368881702
0.48433592915534973,0.5177772641181946,0.0081794997677207
0.5826671719551086,0.608073353767395,-0.024811504408717155
0.4727855622768402,0.6054280996322632,-0.019435785710811615
0.6011924147605896,0.6904696226119995,0.22617846727371216
0.4609561562538147,0.6871541142463684,0.21925383806228638
0.5915658473968506,0.7001023292541504,0.24028797447681427
0.4713495969772339,0.6952396631240845,0.23383983969688416
0.622266411781311,0.7187181115150452,0.04671970382332802
0.4448818266391754,0.7162007093429565,0.045210450887680054
-
0.49862101674079895,0.3528651297092438,-0.31397053599357605
0.50886470079422,0.3441992700099945,-0.300202339887619
0.5147300958633423,0.3435864746570587,-0.3002322018146515
0.5215467810630798,0.34291350841522217,-0.30016541481018066
0.4966403841972351,0.3454381227493286,-0.2848009765148163
0.4938924014568329,0.3457265794277191,-0.2848054766654968
0.4916820824146271,0.3459506630897522,-0.2848252058029175
0.5396766662597656,0.3465820550918579,-0.17521889507770538
0.4985520541667938,0.3498004078865051,-0.10529806464910507
0.5124176740646362,0.3609970211982727,-0.2663213610649109
0.4980657696723938,0.3619078993797302,-0.2462194412946701
0.6018843054771423,0.40018048882484436,-0.07232756912708282
0.46379026770591736,0.4015353322029114,-0.008170733228325844
0.6201016306877136,0.4628363251686096,-0.2581246793270111
0.43881338834762573,0.4643741548061371,-0.1552540510892868
0.6457009315490723,0.42399707436561584,-0.6152443885803223
0.4178151786327362,0.42697057127952576,-0.5299026370048523
0.654573917388916,0.41128212213516235,-0.678756833076477
0.409811407327652,0.4170547425746918,-0.596222996711731
0.6523923873901367,0.40495800971984863,-0.6819843053817749
0.4119384288787842,0.4098644256591797,-0.5958964824676514
0.6460628509521484,0.40782374143600464,-0.6236794590950012
0.4165901243686676,0.412548691034317,-0.5394517779350281
0.568030059337616,0.5193191170692444,-0.008396834135055542
0.4843316674232483,0.5177834033966064,0.008167813532054424
0.582675039768219,0.6080724000930786,-0.024240734055638313
0.4727821350097656,0.6054254770278931,-0.019380006939172745
0.6011828184127808,0.6904639005661011,0.22571620345115662
0.46095848083496094,0.6871619820594788,0.21928802132606506
0.591556191444397,0.7001041769981384,0.23967212438583374
0.47133928537368774,0.6952471733093262,0.23386527597904205
0.6223444938659668,0.718713641166687,0.04613875225186348
0.4449046552181244,0.7162055373191833,0.045286908745765686
-
0.49857956171035767,0.35289454460144043,-0.3144303262233734
0.5088112950325012,0.34421834349632263,-0.3007161617279053
0.5146700143814087,0.3436102569103241,-0.30074557662010193
0.5214638113975525,0.3429434597492218,-0.30067986249923706
0.49659842252731323,0.34545570611953735,-0.2851850688457489
0.4938552975654602,0.34574514627456665,-0.2851899564266205
0.4916456937789917,0.34597334265708923,-0.2852092981338501
0.5396406650543213,0.3466058075428009,-0.1758989840745926
0.49853578209877014,0.34981706738471985,-0.10544954240322113
0.512336790561676,0.361040860414505,-0.26685044169425964
0.4980315864086151,0.3619527816772461,-0.24657781422138214
0.6018768548965454,0.40019068121910095,-0.07256323844194412
0.4637015163898468,0.4015837609767914,-0.008342748507857323
0.6200822591781616,0.46284741163253784,-0.2588924765586853
0.43876415491104126,0.46437868475914,-0.15546654164791107
0.6457016468048096,0.42399901151657104,-0.6168014407157898
0.4177662432193756,0.4269656240940094,-0.5303515195846558
0.6545650362968445,0.4113403260707855,-0.6807835698127747
0.4098123013973236,0.41699981689453125,-0.5968875885009766
0.6523911952972412,0.40498971939086914,-0.6841576099395752
0.4119330644607544,0.4098380208015442,-0.5965301990509033
0.6460616588592529,0.40786170959472656,-0.6253489851951599
0.41656020283699036,0.4125330448150635,-0.5398906469345093
0.5680203437805176,0.5193126201629639,-0.008385886438190937
0.48432961106300354,0.5177862048149109,0.008157013915479183
0.5826805830001831,0.608066737651825,-0.024200307205319405
0.47277483344078064,0.6054303050041199,-0.019370263442397118
0.6011765003204346,0.6904594898223877,0.22559551894664764
0.4609570801258087,0.68717360496521,0.21932286024093628
0.5915490388870239,0.7001051902770996,0.2395344227552414
0.4713055193424225,0.6952542066574097,0.2338991016149521
0.6223939657211304,0.718712329864502,0.045808739960193634
0.4449150562286377,0.7162688970565796,0.04519457370042801
-
0.4985485374927521,0.3529347777366638,-0.31468257308006287
0.5087683796882629,0.34424322843551636,-0.30107659101486206
0.514620304107666,0.3436397314071655,-0.3011057376861572
0.5213965773582458,0.34297898411750793,-0.3010409474372864
0.4965667426586151,0.34548112750053406,-0.28535619378089905
0.4938282370567322,0.3457724452018738,-0.28536146879196167
0.4916210472583771,0.3460061848163605,-0.2853802442550659
0.539614200592041,0.3466348350048065,-0.17674998939037323
0.4985256493091583,0.3498404026031494,-0.10545111447572708
0.5122791528701782,0.3610933721065521,-0.2672484219074249
0.4980076253414154,0.36200860142707825,-0.24672046303749084
0.6018755435943604,0.40018993616104126,-0.07310118526220322
0.463661789894104,0.4016108512878418,-0.008372768759727478
0.620072603225708,0.462851345539093,-0.2609522342681885
0.43866389989852905,0.4643833637237549,-0.1554834246635437
0.6457427144050598,0.42403626441955566,-0.6199978590011597
0.41772881150245667,0.4269498288631439,-0.5304334163665771
0.6545617580413818,0.4114318788051605,-0.6844568252563477
0.40981537103652954,0.4169371724128723,-0.5971150994300842
0.6523920893669128,0.4050297141075134,-0.6879948377609253
0.411930114030838,0.4098079800605774,-0.596731960773468
0.6460924744606018,0.407909631729126,-0.6286620497703552
0.41654065251350403,0.4125150740146637,-0.5399690270423889
0.5680174231529236,0.5193086266517639,-0.008386781439185143
0.4843273162841797,0.5177898406982422,0.008158012293279171
0.582692563533783,0.6080623865127563,-0.024264369159936905
0.47277218103408813,0.6054319143295288,-0.019344927743077278
0.6011732816696167,0.6904577016830444,0.22502978146076202
0.46095550060272217,0.6871861219406128,0.21935386955738068
0.5915459394454956,0.7001200318336487,0.23894596099853516
0.4712819755077362,0.6952670812606812,0.23392967879772186
0.622455358505249,0.7187113761901855,0.044885702431201935
0.44493332505226135,0.7163171172142029,0.045115336775779724
-
0.4985130727291107,0.35297566652297974,-0.3161410987377167
0.5087251663208008,0.3442651927471161,-0.30282169580459595
0.514572024345398,0.34366509318351746,-0.30284976959228516
0.5213296413421631,0.34300822019577026,-0.3027845323085785
0.496536523103714,0.34550386667251587,-0.28675204515457153
0.4938037395477295,0.3457961976528168,-0.28675857186317444
0.4915998578071594,0.3460337519645691,-0.2867770195007324
0.539587140083313,0.34665772318840027,-0.1791566014289856
0.4985201060771942,0.34985771775245667,-0.10620440542697906
0.5122154355049133,0.36114436388015747,-0.2689038813114166
0.49798691272735596,0.36206236481666565,-0.24790774285793304
0.6018891334533691,0.4001898765563965,-0.0747697576880455
0.46364516019821167,0.40163078904151917,-0.008839034475386143
0.6200665235519409,0.46285325288772583,-0.26384738087654114
0.4385744333267212,0.46438470482826233,-0.15583200752735138
0.6457911729812622,0.4242037832736969,-0.6247701048851013
0.41770535707473755,0.42693638801574707,-0.5314695835113525
0.6545372605323792,0.4117793142795563,-0.6893781423568726
0.4098164737224579,0.4168793261051178,-0.5982897877693176
0.6523866057395935,0.40517154335975647,-0.6931716799736023
0.41192710399627686,0.40978020429611206,-0.5979980230331421
0.6461111903190613,0.40801724791526794,-0.6335028409957886
0.41653114557266235,0.41250163316726685,-0.5410431623458862
0.5680152177810669,0.5193009376525879,-0.008390703238546848
0.4843255281448364,0.5177929997444153,0.008162014186382294
0.5827003121376038,0.6080613136291504,-0.024251693859696388
0.4727695882320404,0.6054347157478333,-0.018936723470687866
0.601170539855957,0.6904554963111877,0.22500483691692352
0.46095579862594604,0.6871939897537231,0.21963447332382202
0.5915415287017822,0.7001248598098755,0.23892097175121307
0.4712716341018677,0.6952748894691467,0.2341674417257309
0.6225005984306335,0.7187111377716064,0.04471297189593315
0.4449453055858612,0.7163549661636353,0.04514149948954582
-
0.4984789490699768,0.3530346751213074,-0.3184188902378082
0.5086919665336609,0.3442968726158142,-0.3054421842098236
0.514531672000885,0.3437024652957916,-0.3054700493812561
0.5212746858596802,0.3430527150630951,-0.3054044544696808
0.49651315808296204,0.34553539752960205,-0.2889683246612549
0.4937858283519745,0.34582826495170593,-0.2889752984046936
0.4915855824947357,0.3460689187049866,-0.2889932096004486
0.5395750403404236,0.34669727087020874,-0.18271595239639282
0.49851173162460327,0.3498806059360504,-0.10782046616077423
0.5121490955352783,0.3612135052680969,-0.27150335907936096
0.49796444177627563,0.3621320426464081,-0.24996058642864227
0.6019061207771301,0.40019160509109497,-0.077694371342659
0.4636377990245819,0.40165477991104126,-0.010148294270038605
0.620059072971344,0.46285480260849,-0.26783961057662964
0.4385058581829071,0.46438756585121155,-0.15699456632137299
0.6458284854888916,0.42427220940589905,-0.6292897462844849
0.4176594614982605,0.426920086145401,-0.5333227515220642
0.6545361280441284,0.41185227036476135,-0.6937909722328186
0.40981733798980713,0.41681423783302307,-0.6001796126365662
0.6523906588554382,0.4052343964576721,-0.6975616216659546
0.41192227602005005,0.4097457826137543,-0.599869430065155
0.6461474895477295,0.40805545449256897,-0.6379706263542175
0.4165111184120178,0.41248083114624023,-0.5429123640060425
0.56800776720047,0.5192990899085999,-0.008400434628129005
0.48431384563446045,0.5177949666976929,0.00817183218896389
0.5827094316482544,0.6080612540245056,-0.024114707484841347
0.47274497151374817,0.6054537892341614,-0.017796918749809265
0.6011656522750854,0.6904539465904236,0.22502362728118896
0.460956871509552,0.6871994733810425,0.22033360600471497
0.5915347337722778,0.700130045413971,0.23893538117408752
0.4712701141834259,0.6952768564224243,0.23480896651744843
0.6225152611732483,0.7187082767486572,0.044721316546201706
0.4449634552001953,0.7163878679275513,0.04543773829936981
-
0.4984677731990814,0.35306471586227417,-0.32268476486206055
0.5086803436279297,0.3443174958229065,-0.30965977907180786
0.514511227607727,0.3437287211418152,-0.30968737602233887
0.5212432742118835,0.3430860638618469,-0.30962371826171875
0.49650466442108154,0.345551460981369,-0.29306715726852417
0.4937768578529358,0.345844030380249,-0.2930753827095032
0.4915764629840851,0.3460867404937744,-0.2930925488471985
0.539566695690155,0.3467394709587097,-0.18665699660778046
0.49850380420684814,0.34989941120147705,-0.11127398908138275
0.5120986104011536,0.36125415563583374,-0.27576136589050293
0.49794918298721313,0.36217206716537476,-0.25407567620277405
0.6019216179847717,0.40020686388015747,-0.0812021866440773
0.4636208117008209,0.40167468786239624,-0.013146639801561832
0.6200529932975769,0.4628564417362213,-0.2732726037502289
0.4384390115737915,0.4643898904323578,-0.16098470985889435
0.6458507776260376,0.4242955148220062,-0.6361730098724365
0.41764768958091736,0.4268980622291565,-0.539100706577301
0.6545376181602478,0.4118858873844147,-0.7009822726249695
0.4098251760005951,0.416713148355484,-0.606293261051178
0.6524159908294678,0.40524977445602417,-0.704546332359314
0.4119185209274292,0.40970486402511597,-0.6058329939842224
0.6461868286132812,0.4080752432346344,-0.644806981086731
0.4165049195289612,0.4124636650085449,-0.5486929416656494
0.5680022835731506,0.5192948579788208,-0.008401342667639256
0.48430997133255005,0.5177968740463257,0.008172671310603619
0.5827134847640991,0.608060359954834,-0.02317752130329609
0.4727238118648529,0.6054704785346985,-0.016744904220104218
0.6011630892753601,0.6904470324516296,0.2265992909669876
0.46095559000968933,0.687202513217926,0.22219477593898773
0.5915297865867615,0.7001245021820068,0.2406066507101059
0.47126689553260803,0.6952770948410034,0.23673656582832336
0.6225430965423584,0.7187032699584961,0.046150073409080505
0.44496971368789673,0.7163980603218079,0.046829864382743835
-
0.4984583556652069,0.353071004152298,-0.3226054012775421
0.5086684823036194,0.3443205952644348,-0.30935606360435486
0.5145012140274048,0.3437333405017853,-0.3093838095664978
0.5212366580963135,0.3430926203727722,-0.30931979417800903
0.4964912533760071,0.34555286169052124,-0.29300931096076965
0.49376434087753296,0.3458453118801117,-0.2930164933204651
0.49156510829925537,0.3460884988307953,-0.29303327202796936
0.5395553708076477,0.34675782918930054,-0.1859622597694397
0.49849772453308105,0.34990453720092773,-0.11152984946966171
0.512067437171936,0.3612710237503052,-0.2755029797554016
0.49793723225593567,0.36218777298927307,-0.2541644275188446
0.6019195318222046,0.4002409875392914,-0.08084627240896225
0.4636043608188629,0.40170592069625854,-0.013506901450455189
0.6200489401817322,0.46285301446914673,-0.2722529470920563
0.43835681676864624,0.4643762707710266,-0.16166487336158752
0.6458539962768555,0.4242781102657318,-0.6341400146484375
0.41763588786125183,0.42685264348983765,-0.5393786430358887
0.6545407772064209,0.4118863642215729,-0.6987054944038391
0.40982574224472046,0.4165538251399994,-0.6064246892929077
0.6524349451065063,0.4052504897117615,-0.7022764086723328
0.4119085967540741,0.40962380170822144,-0.6059481501579285
0.6461907029151917,0.40807461738586426,-0.6427568793296814
0.4164958596229553,0.41241899132728577,-0.5489460825920105
0.5679944753646851,0.5192877054214478,-0.008354777470231056
0.4843069612979889,0.5177942514419556,0.00812558177858591
0.5827179551124573,0.6080574989318848,-0.021577099338173866
0.4727206230163574,0.6054714918136597,-0.016338208690285683
0.6011586785316467,0.6904388666152954,0.22676381468772888
0.4609556496143341,0.6872049570083618,0.22220085561275482
0.5915241241455078,0.7001135349273682,0.24070125818252563
0.4712609648704529,0.6952739357948303,0.23673033714294434
0.622549831867218,0.7186954021453857,0.046261146664619446
0.4450473487377167,0.7164040803909302,0.046832289546728134
-
0.4984474182128906,0.3530823290348053,-0.3224191963672638
0.5086565017700195,0.3443256914615631,-0.30901437997817993
0.5144887566566467,0.3437400162220001,-0.30904239416122437
0.5212246179580688,0.3431012034416199,-0.30897843837738037
0.4964795708656311,0.34555649757385254,-0.29281318187713623
0.4937514066696167,0.3458492159843445,-0.2928197383880615
0.49155235290527344,0.34609371423721313,-0.2928362190723419
0.5395439863204956,0.346780002117157,-0.1858900636434555
0.49849292635917664,0.3499140739440918,-0.11145120114088058
0.5120540261268616,0.36129072308540344,-0.27517345547676086
0.4979264438152313,0.3622078001499176,-0.2540549635887146
0.6018916368484497,0.4003012776374817,-0.08076070994138718
0.4635642468929291,0.40172672271728516,-0.013440211303532124
0.6200445294380188,0.4628474712371826,-0.27186882495880127
0.43831080198287964,0.46435537934303284,-0.16165374219417572
0.6458374261856079,0.42425084114074707,-0.6331761479377747
0.4176265597343445,0.42683109641075134,-0.5391441583633423
0.6544885039329529,0.41188889741897583,-0.6975183486938477
0.40982508659362793,0.41645193099975586,-0.6061617136001587
0.652431309223175,0.4052528440952301,-0.701205313205719
0.4119044840335846,0.40956515073776245,-0.6056858897209167
0.6461701989173889,0.408074289560318,-0.6418183445930481
0.4164903461933136,0.4123815596103668,-0.5487111210823059
0.5679848790168762,0.5192857980728149,-0.008328640833497047
0.4843032956123352,0.5177944898605347,0.008099313825368881
0.5827220678329468,0.6080566048622131,-0.02102549374103546
0.47271528840065,0.6054773330688477,-0.01638912782073021
0.6011558175086975,0.690436840057373,0.2264019250869751
0.46095284819602966,0.6872073411941528,0.2213854193687439
0.5915212631225586,0.7001124024391174,0.24017399549484253
0.4712493419647217,0.6952739953994751,0.23576532304286957
0.6225922703742981,0.7186933159828186,0.04575956240296364
0.4450993835926056,0.7164111137390137,0.045834314078092575
-
0.49843865633010864,0.35309073328971863,-0.3244015872478485
0.5086464881896973,0.34433043003082275,-0.31059935688972473
0.5144776105880737,0.34374773502349854,-0.31062790751457214
0.5212126970291138,0.34311285614967346,-0.31056681275367737
0.4964696168899536,0.34555742144584656,-0.2947443723678589
0.4937410056591034,0.3458501696586609,-0.29475054144859314
0.49154308438301086,0.3460947871208191,-0.2947668433189392
0.5395358204841614,0.34681379795074463,-0.18604925274848938
0.4984840750694275,0.34991654753685,-0.11342379450798035
0.5120111107826233,0.36131757497787476,-0.2767445743083954
0.49790412187576294,0.36222535371780396,-0.2561056315898895
0.6018728613853455,0.4003776013851166,-0.08106938004493713
0.4634808301925659,0.4017494320869446,-0.015332354232668877
0.6200210452079773,0.4628446102142334,-0.27172380685806274
0.43822425603866577,0.4643382132053375,-0.16429346799850464
0.6458097696304321,0.42419928312301636,-0.6324262619018555
0.4176224172115326,0.4268030524253845,-0.541609525680542
0.6544498205184937,0.41188153624534607,-0.69678795337677
0.40982821583747864,0.41632381081581116,-0.6087459325790405
0.652428150177002,0.4052480161190033,-0.7002306580543518
0.41190096735954285,0.4094877243041992,-0.6080190539360046
0.646145761013031,0.4080590307712555,-0.6409866809844971
0.41648393869400024,0.41233062744140625,-0.5510600805282593
0.5679700970649719,0.5192850232124329,-0.008301733061671257
0.4842935800552368,0.5177961587905884,0.008071119897067547
0.5827242732048035,0.6080405116081238,-0.020608991384506226
0.4727117717266083,0.6054785251617432,-0.016442246735095978
0.6011517643928528,0.6904339790344238,0.22662319242954254
0.4609494209289551,0.6872084736824036,0.2214999943971634
0.5915189385414124,0.7001110315322876,0.24040713906288147
0.47120311856269836,0.6952651143074036,0.23594054579734802
0.6225986480712891,0.718691349029541,0.045996591448783875
0.44523322582244873,0.7164158821105957,0.046000320464372635
-
0.4984278678894043,0.3530924916267395,-0.32480889558792114
0.5086401104927063,0.3443317413330078,-0.31078556180000305
0.514471173286438,0.3437502682209015,-0.31081441044807434
0.521206259727478,0.3431164026260376,-0.31075409054756165
0.4964616894721985,0.3455579876899719,-0.29512959718704224
0.49373266100883484,0.34585028886795044,-0.29513534903526306
0.49153485894203186,0.34609490633010864,-0.2951515316963196
0.539527952671051,0.34682783484458923,-0.18571501970291138
0.49847933650016785,0.3499177098274231,-0.11372862011194229
0.5119370222091675,0.36132439970970154,-0.2768780291080475
0.4978744089603424,0.36223000288009644,-0.256492018699646
0.6018385291099548,0.40040749311447144,-0.08087920397520065
0.46343904733657837,0.4017552435398102,-0.015439811162650585
0.6200167536735535,0.462826669216156,-0.2716699242591858
0.43818432092666626,0.46430858969688416,-0.16429176926612854
0.6457726955413818,0.4241979122161865,-0.6323717832565308
0.4176197052001953,0.4267853796482086,-0.541688084602356
0.6543543338775635,0.41188836097717285,-0.6965381503105164
0.4098318815231323,0.4162224233150482,-0.6089144349098206
0.6523988842964172,0.40525826811790466,-0.7000756859779358
0.4118998944759369,0.40942949056625366,-0.6082501411437988
0.6461050510406494,0.4080618917942047,-0.6409153342247009
0.41648128628730774,0.41229432821273804,-0.5511569380760193
0.5679672360420227,0.5192818641662598,-0.008300266228616238
0.48429104685783386,0.5177898406982422,0.008069546893239021
0.5827200412750244,0.6080191731452942,-0.020578432828187943
0.47272172570228577,0.6054741144180298,-0.016621097922325134
0.6011481285095215,0.6904304027557373,0.22670255601406097
0.4609491229057312,0.6872092485427856,0.22177301347255707
0.5915182828903198,0.7001093626022339,0.24050681293010712
0.4711785912513733,0.6952608227729797,0.23632113635540009
0.6226055026054382,0.7186899185180664,0.04601892828941345
0.44537460803985596,0.7164211273193359,0.04632880538702011
-
0.4984208047389984,0.3530940115451813,-0.32480281591415405
0.5086334347724915,0.3443338871002197,-0.3106819987297058
0.5144644379615784,0.3437538743019104,-0.31071099638938904
0.5211993455886841,0.34312111139297485,-0.3106503188610077
0.49645406007766724,0.3455585241317749,-0.2951373755931854
0.4937242269515991,0.34585025906562805,-0.29514285922050476
0.4915262460708618,0.34609454870224,-0.2951587736606598
0.5395213961601257,0.346840500831604,-0.1856151819229126
0.4984738528728485,0.34991785883903503,-0.11380399763584137
0.5118805766105652,0.3613339066505432,-0.27676650881767273
0.4978588819503784,0.36223629117012024,-0.25652259588241577
0.601808488368988,0.400443971157074,-0.08081910759210587
0.4633903503417969,0.4017636179924011,-0.015453636646270752
0.6200118064880371,0.4628032147884369,-0.2707982063293457
0.43815749883651733,0.4642898142337799,-0.16417592763900757
0.6457509994506836,0.42421966791152954,-0.6311879754066467
0.4176231920719147,0.42677658796310425,-0.5414842963218689
0.6542677283287048,0.41192251443862915,-0.6955022811889648
0.40984904766082764,0.41617125272750854,-0.6086891889572144
0.652364194393158,0.40529340505599976,-0.6989991068840027
0.41191068291664124,0.4093920588493347,-0.6080682277679443
0.646065890789032,0.40808218717575073,-0.6397421956062317
0.4164905250072479,0.4122701585292816,-0.5509622693061829
0.5679642558097839,0.5192807912826538,-0.008291399106383324
0.4842890501022339,0.5177902579307556,0.008060319349169731
0.5827172994613647,0.6080149412155151,-0.02000437118113041
0.47273004055023193,0.6054748296737671,-0.016555313020944595
0.6011456251144409,0.690426230430603,0.22676700353622437
0.46094822883605957,0.6872098445892334,0.22191910445690155
0.591519832611084,0.7001082301139832,0.24054990708827972
0.47116008400917053,0.6952572464942932,0.2364659458398819
0.6226116418838501,0.7186892628669739,0.04605019837617874
0.44545185565948486,0.7164255380630493,0.046510130167007446
-
0.49841591715812683,0.3530956208705902,-0.32556024193763733
0.5086275935173035,0.3443352282047272,-0.3113029897212982
0.5144577622413635,0.3437553644180298,-0.311332106590271
0.5211921334266663,0.3431229293346405,-0.31127119064331055
0.49644750356674194,0.34555819630622864,-0.2959160804748535
0.49371716380119324,0.3458488881587982,-0.2959214746952057
0.4915192425251007,0.3460924029350281,-0.29593753814697266
0.5395159125328064,0.34684640169143677,-0.18547770380973816
0.49846982955932617,0.3499155640602112,-0.11454863101243973
0.5118410587310791,0.36133626103401184,-0.2773210406303406
0.49784883856773376,0.36223918199539185,-0.2572798728942871
0.6017640233039856,0.4004863202571869,-0.08070140331983566
0.46335041522979736,0.40176835656166077,-0.01592397503554821
0.6200068593025208,0.46278971433639526,-0.27076107263565063
0.4381265938282013,0.4642623960971832,-0.16435879468917847
0.6457262635231018,0.4242272973060608,-0.6309423446655273
0.4176245927810669,0.42676740884780884,-0.5416186451911926
0.6541469693183899,0.41193729639053345,-0.6951873898506165
0.4098687171936035,0.4161160886287689,-0.6088367700576782
0.6522620320320129,0.4053109586238861,-0.6986526250839233
0.41192880272865295,0.40935277938842773,-0.608284056186676
0.6459804773330688,0.40808922052383423,-0.6394824981689453
0.41650035977363586,0.4122394621372223,-0.5511049628257751
0.5679613947868347,0.519279956817627,-0.008259437046945095
0.4842877984046936,0.5177909135818481,0.008027445524930954
0.5827063918113708,0.6080116033554077,-0.018644364550709724
0.4727361500263214,0.6054761409759521,-0.015965808182954788
0.6011457443237305,0.6904222965240479,0.22720061242580414
0.4609472155570984,0.6872108578681946,0.22242622077465057
0.591532289981842,0.7001060843467712,0.2409038543701172
0.4711398184299469,0.6952552795410156,0.23693934082984924
0.6226168274879456,0.7186888456344604,0.046237822622060776
0.445568710565567,0.7164292931556702,0.04681249335408211
-
0.49840834736824036,0.353090763092041,-0.32604163885116577
0.50862056016922,0.3443361818790436,-0.3116321563720703
0.5144495368003845,0.34375694394111633,-0.31166109442710876
0.5211834907531738,0.3431248068809509,-0.3116002082824707
0.4964425265789032,0.3455561399459839,-0.2963615953922272
0.4937097728252411,0.3458457589149475,-0.2963663637638092
0.49151119589805603,0.3460884392261505,-0.2963819205760956
0.5395132899284363,0.3468496799468994,-0.18533921241760254
0.4984647035598755,0.3499147891998291,-0.11506866663694382
0.5118297338485718,0.36133912205696106,-0.27769172191619873
0.4978365898132324,0.36224085092544556,-0.25782808661460876
0.601739227771759,0.4005374014377594,-0.08061433583498001
0.4633216857910156,0.4017859399318695,-0.016402609646320343
0.6199681758880615,0.46278491616249084,-0.27069327235221863
0.4380633533000946,0.4642472267150879,-0.1648089736700058
0.6456688046455383,0.4242165982723236,-0.6308990716934204
0.4176327884197235,0.426758348941803,-0.5418018698692322
0.654073178768158,0.4119377136230469,-0.6950559616088867
0.40990546345710754,0.4160509705543518,-0.6090560555458069
0.652204155921936,0.4053131937980652,-0.6985959410667419
0.41196954250335693,0.40931063890457153,-0.6084165573120117
0.6459038853645325,0.4080895483493805,-0.6394312381744385
0.4165273904800415,0.41221317648887634,-0.5512378811836243
0.5679588913917542,0.5192786455154419,-0.008234052918851376
0.48429107666015625,0.5177904367446899,0.008000686764717102
0.5826989412307739,0.6079988479614258,-0.01714368537068367
0.4727535545825958,0.6054769158363342,-0.015380115248262882
0.6011485457420349,0.6904138326644897,0.2279917448759079
0.46094560623168945,0.6872113943099976,0.22286982834339142
0.591559886932373,0.7000923752784729,0.24164220690727234
0.4711158275604248,0.6952527165412903,0.23737967014312744
0.6226211786270142,0.7186878323554993,0.04688681662082672
0.4456738829612732,0.7164314985275269,0.047182634472846985
-
0.49840784072875977,0.35308539867401123,-0.32694658637046814
0.5086193084716797,0.3443370759487152,-0.3124883472919464
0.5144469738006592,0.34375834465026855,-0.3125181496143341
0.5211862921714783,0.3431263864040375,-0.31245771050453186
0.4964480400085449,0.34555429220199585,-0.29734504222869873
0.4937082827091217,0.34584274888038635,-0.2973501980304718
0.49150654673576355,0.3460841178894043,-0.29736626148223877
0.5395178198814392,0.3468558192253113,-0.18584461510181427
0.4984596371650696,0.349915087223053,-0.11668960005044937
0.5118151307106018,0.3613413870334625,-0.27865755558013916
0.4978298246860504,0.36224105954170227,-0.2589987814426422
0.6017153263092041,0.4006726145744324,-0.08091375231742859
0.46329957246780396,0.40182915329933167,-0.01830902136862278
0.6199287176132202,0.4627877175807953,-0.27055850625038147
0.4379962086677551,0.4642373025417328,-0.16682861745357513
0.6456072330474854,0.42413410544395447,-0.6305509209632874
0.4176386594772339,0.4267524778842926,-0.5433574914932251
0.6540260314941406,0.41189560294151306,-0.6947551965713501
0.40994495153427124,0.41603317856788635,-0.6104359030723572
0.652178168296814,0.4053058624267578,-0.6982352137565613
0.41200947761535645,0.4092978835105896,-0.6098237633705139
0.6458563208580017,0.40807729959487915,-0.6390721797943115
0.4165545105934143,0.41220521926879883,-0.552794873714447
0.5679521560668945,0.5192939043045044,-0.00797664187848568
0.4842931032180786,0.5177992582321167,0.007744171191006899
0.5826869010925293,0.6079975962638855,-0.010125650092959404
0.4728008210659027,0.6054779291152954,-0.012274048291146755
0.601150631904602,0.6903899312019348,0.22843019664287567
0.4609411358833313,0.6872143149375916,0.22285997867584229
0.5915730595588684,0.7000730037689209,0.24175216257572174
0.47111138701438904,0.6952598690986633,0.23723284900188446
0.6226944327354431,0.718686580657959,0.04724236577749252
0.4456871747970581,0.7164099216461182,0.046981535851955414
-
0.49843570590019226,0.3530758321285248,-0.32627928256988525
0.5086351633071899,0.344337522983551,-0.31168830394744873
0.5144633054733276,0.34375908970832825,-0.3117188513278961
0.5212211012840271,0.3431268632411957,-0.31165724992752075
0.4964698851108551,0.34555140137672424,-0.29671114683151245
0.49371740221977234,0.34583860635757446,-0.29671570658683777
0.4915101230144501,0.3460782766342163,-0.29673144221305847
0.5395336151123047,0.34685876965522766,-0.1845378279685974
0.498459130525589,0.34991464018821716,-0.11636333167552948
0.5118353366851807,0.36134153604507446,-0.27792009711265564
0.49785274267196655,0.36223798990249634,-0.2584953308105469
0.6017094850540161,0.40079227089881897,-0.0795004665851593
0.4632844626903534,0.40187549591064453,-0.018184008076786995
0.6199238300323486,0.46278658509254456,-0.2685459554195404
0.4379441440105438,0.46420130133628845,-0.16666872799396515
0.6456016302108765,0.42409172654151917,-0.6282332539558411
0.4176308214664459,0.4267331659793854,-0.5429489016532898
0.6540184617042542,0.4118771553039551,-0.6925972104072571
0.40995490550994873,0.4159929156303406,-0.609896719455719
0.6521443128585815,0.40530604124069214,-0.6958621740341187
0.4120529890060425,0.40925970673561096,-0.6094751954078674
0.6458195447921753,0.4080738127231598,-0.6367487907409668
0.41657689213752747,0.4121716618537903,-0.55245441198349
0.5679406523704529,0.5192999243736267,-0.007709112484008074
0.4842943847179413,0.5178052186965942,0.0074798669666051865
0.5826797485351562,0.6079963445663452,-0.006345850415527821
0.4728124737739563,0.6054881811141968,-0.01016971841454506
0.6011486649513245,0.6903712153434753,0.22863341867923737
0.46093952655792236,0.6872236728668213,0.22270332276821136
0.5915766954421997,0.7000477313995361,0.24176059663295746
0.4711091220378876,0.6952787637710571,0.23674193024635315
0.6227380633354187,0.7186804413795471,0.04730167239904404
0.4456931948661804,0.7163997292518616,0.04632604867219925
-
0.4984504282474518,0.3530750870704651,-0.3240911364555359
0.5086415410041809,0.3443383574485779,-0.3096196949481964
0.5144686102867126,0.34376007318496704,-0.30965086817741394
0.5212350487709045,0.3431280255317688,-0.30958959460258484
0.49648383259773254,0.34555068612098694,-0.29470065236091614
0.4937235414981842,0.3458370268344879,-0.2947043180465698
0.49151307344436646,0.3460753858089447,-0.29471975564956665
0.5395455360412598,0.3468664586544037,-0.1826663315296173
0.49846214056015015,0.3499143719673157,-0.11497853696346283
0.5118433237075806,0.36134305596351624,-0.27584680914878845
0.4978684186935425,0.362239271402359,-0.2565007507801056
0.601705014705658,0.4009089469909668,-0.07708007097244263
0.46327197551727295,0.4019011855125427,-0.017292866483330727
0.619898796081543,0.4627944827079773,-0.2644343376159668
0.43788447976112366,0.4641522467136383,-0.16489866375923157
0.645605742931366,0.42407822608947754,-0.6222492456436157
0.41762107610702515,0.4267027974128723,-0.5397939682006836
0.6540159583091736,0.41187840700149536,-0.6865716576576233
0.4099580943584442,0.4159659445285797,-0.6064000725746155
0.6521400213241577,0.40532273054122925,-0.6895943284034729
0.41206809878349304,0.40922778844833374,-0.6063216328620911
0.6458155512809753,0.4080812335014343,-0.6307294964790344
0.4165846109390259,0.4121340811252594,-0.5494033694267273
0.5679240226745605,0.5192996263504028,-0.007377839181572199
0.48429378867149353,0.5178055763244629,0.007153005804866552
0.5826787948608398,0.6079822182655334,-0.005661024712026119
0.47286874055862427,0.605488657951355,-0.009208651259541512
0.601146399974823,0.6903589963912964,0.22722625732421875
0.4609414041042328,0.6872275471687317,0.22117869555950165
0.5915796160697937,0.7000364065170288,0.23954759538173676
0.4711117148399353,0.6952894926071167,0.23453254997730255
0.6227717995643616,0.7186734676361084,0.0452742725610733
0.4457016885280609,0.7163845300674438,0.043997734785079956
-
0.4984530210494995,0.3530721664428711,-0.32202938199043274
0.5086400508880615,0.34433919191360474,-0.30797624588012695
0.5144667625427246,0.3437610864639282,-0.3080064058303833
0.5212363600730896,0.3431291878223419,-0.30794280767440796
0.4964839220046997,0.3455495238304138,-0.2926875352859497
0.49372178316116333,0.3458343744277954,-0.29269111156463623
0.4915105104446411,0.3460708260536194,-0.2927077114582062
0.5395520925521851,0.34686917066574097,-0.18232601881027222
0.49846336245536804,0.3499126732349396,-0.1135527640581131
0.5118507146835327,0.36134475469589233,-0.2744491398334503
0.49787890911102295,0.36223873496055603,-0.2546454966068268
0.6017268896102905,0.40099772810935974,-0.0769234374165535
0.46326154470443726,0.40191149711608887,-0.017078936100006104
0.6198861598968506,0.4627973437309265,-0.2645096778869629
0.43776291608810425,0.46410512924194336,-0.16486231982707977
0.645612895488739,0.4238737225532532,-0.6223594546318054
0.41759297251701355,0.42667239904403687,-0.5392819046974182
0.6540616154670715,0.41174834966659546,-0.6866704821586609
0.40996089577674866,0.4159422814846039,-0.6057263016700745
0.6521517634391785,0.405254989862442,-0.6896139979362488
0.41208213567733765,0.4092029929161072,-0.6054999828338623
0.6458359956741333,0.4080118238925934,-0.6308183670043945
0.4165862500667572,0.41210347414016724,-0.5488350987434387
0.5679235458374023,0.5192988514900208,-0.007172305602580309
0.4842948019504547,0.5178061723709106,0.006948699709028006
0.5826787948608398,0.6079778075218201,-0.006473257206380367
0.4729267656803131,0.6054924130439758,-0.008658947423100471
0.6011468172073364,0.6903475522994995,0.22738246619701385
0.4609411954879761,0.6872298121452332,0.2213304340839386
0.5915842056274414,0.700018048286438,0.23967325687408447
0.47110921144485474,0.6952925324440002,0.23463745415210724
0.6227960586547852,0.718670666217804,0.04559930041432381
0.44575050473213196,0.7163816690444946,0.04414443299174309
-
0.4984516203403473,0.353067547082901,-0.32089900970458984
0.5086383819580078,0.3443397879600525,-0.3069881498813629
0.5144647359848022,0.34376204013824463,-0.30701744556427
0.5212350487709045,0.34313005208969116,-0.3069532513618469
0.4964831471443176,0.34554651379585266,-0.29155105352401733
0.4937198758125305,0.34582918882369995,-0.29155460000038147
0.4915080666542053,0.3460626006126404,-0.2915716767311096
0.5395556092262268,0.346872478723526,-0.18188947439193726
0.498462051153183,0.3499067425727844,-0.11255142092704773
0.5118466019630432,0.3613463044166565,-0.2735387086868286
0.49787813425064087,0.3622366487979889,-0.25354626774787903
0.6017358303070068,0.40110450983047485,-0.07651396840810776
0.46325522661209106,0.40191683173179626,-0.016786811873316765
0.6198705434799194,0.46280163526535034,-0.2643681764602661
0.4376164376735687,0.4640117287635803,-0.16481930017471313
0.6456576585769653,0.4235185980796814,-0.6219826936721802
0.4175013303756714,0.42665809392929077,-0.5389231443405151
0.6541987657546997,0.4115327000617981,-0.6862994432449341
0.40995022654533386,0.4159252643585205,-0.6053184270858765
0.652254045009613,0.4051589071750641,-0.6892014145851135
0.4120866656303406,0.4091779589653015,-0.604950487613678
0.6459457874298096,0.40793442726135254,-0.6304536461830139
0.41658028960227966,0.4120705723762512,-0.5484200716018677
0.5679208040237427,0.5192919969558716,-0.006932368036359549
0.48429441452026367,0.5178065896034241,0.006709428038448095
0.582676887512207,0.6079714298248291,-0.007118212059140205
0.47296053171157837,0.6055002212524414,-0.008758517913520336
0.6011460423469543,0.6903301477432251,0.22762010991573334
0.46094098687171936,0.6872318983078003,0.22138117253780365
0.5915859341621399,0.6999902129173279,0.2399444580078125
0.4711019694805145,0.695294976234436,0.2346697300672531
0.6228030920028687,0.7186658382415771,0.045925676822662354
0.4457912743091583,0.7163817882537842,0.04420854151248932
-
0.4983977973461151,0.35307222604751587,-0.3178807497024536
0.5085822343826294,0.34434789419174194,-0.3043113946914673
0.5144183039665222,0.3437691330909729,-0.3043401539325714
0.5211949944496155,0.3431333303451538,-0.30427539348602295
0.4964486360549927,0.3455526530742645,-0.28841328620910645
0.4937005639076233,0.3458326458930969,-0.2884165942668915
0.4914984703063965,0.34606409072875977,-0.2884347140789032
0.5395545363426208,0.34687575697898865,-0.1806284785270691
0.4984678626060486,0.34990638494491577,-0.10918305814266205
0.5118231177330017,0.361348956823349,-0.2710605561733246
0.49787119030952454,0.3622373342514038,-0.25043073296546936
0.601739764213562,0.4011703133583069,-0.07558097690343857
0.46330079436302185,0.40193071961402893,-0.014632804319262505
0.6198628544807434,0.46280327439308167,-0.2641259431838989
0.43758583068847656,0.4639860987663269,-0.1631373018026352
0.6456989049911499,0.423147588968277,-0.6214262843132019
0.4173964560031891,0.42664843797683716,-0.5372042655944824
0.6544105410575867,0.4112478196620941,-0.6857399344444275
0.4099368751049042,0.41591840982437134,-0.6036107540130615
0.6526146531105042,0.4050206243991852,-0.6886993050575256
0.41208842396736145,0.4091726243495941,-0.603191614151001
0.6462929844856262,0.40782785415649414,-0.6299561262130737
0.41657063364982605,0.4120616316795349,-0.5467469692230225
0.567919135093689,0.5192880630493164,-0.006844339892268181
0.48429298400878906,0.5178061723709106,0.006622862070798874
0.58266282081604,0.6079697012901306,-0.00767141580581665
0.47297099232673645,0.6055117845535278,-0.008907861076295376
0.601145327091217,0.6903168559074402,0.22787624597549438
0.4609411358833313,0.6872357130050659,0.2215873748064041
0.5915865302085876,0.699958860874176,0.24037010967731476
0.4710996747016907,0.6953039765357971,0.23495392501354218
0.622810959815979,0.7186645269393921,0.04629017412662506
0.44580650329589844,0.7163817286491394,0.044417854398489
-
0.4983457028865814,0.35307225584983826,-0.31266456842422485
0.5085555911064148,0.3443504273891449,-0.2988564670085907
0.5144005417823792,0.34377166628837585,-0.29888486862182617
0.5211829543113708,0.3431345820426941,-0.29881829023361206
0.4964196979999542,0.34555432200431824,-0.2831170856952667
0.4936771094799042,0.3458331227302551,-0.2831188142299652
0.4914807081222534,0.3460637629032135,-0.2831365466117859
0.5395516157150269,0.3468785881996155,-0.17507599294185638
0.4984671175479889,0.3499061167240143,-0.1041477769613266
0.5118144154548645,0.3613502085208893,-0.2658154368400574
0.49785715341567993,0.3622364401817322,-0.24536901712417603
0.6016354560852051,0.4012058675289154,-0.07143385708332062
0.4633004367351532,0.4019683003425598,-0.01056264340877533
0.6198586225509644,0.4628032147884369,-0.26036888360977173
0.4375142455101013,0.4639720320701599,-0.1597478985786438
0.645727276802063,0.4226200580596924,-0.6164519190788269
0.41729381680488586,0.42663559317588806,-0.5330711603164673
0.6545838117599487,0.4106628894805908,-0.6805633902549744
0.40993356704711914,0.41590744256973267,-0.5993109941482544
0.6527763605117798,0.4046103358268738,-0.6834115386009216
0.41209930181503296,0.40916508436203003,-0.5987379550933838
0.6464325785636902,0.407468318939209,-0.6249961256980896
0.4165688455104828,0.41205406188964844,-0.5425747632980347
0.5679206252098083,0.5192849040031433,-0.0066991280764341354
0.4842921495437622,0.5178057551383972,0.006479931063950062
0.5826616883277893,0.6079726815223694,-0.00851884763687849
0.47298815846443176,0.6055184602737427,-0.009629943408071995
0.6011428236961365,0.6903130412101746,0.22761325538158417
0.46094179153442383,0.6872385740280151,0.22109682857990265
0.5915849208831787,0.6999533176422119,0.2401796132326126
0.4710972309112549,0.6953098773956299,0.23453010618686676
0.6228179335594177,0.7186660170555115,0.04614152014255524
0.4458337426185608,0.7163816690444946,0.04415353015065193
-
0.4983498752117157,0.35303765535354614,-0.31344205141067505
0.5085564851760864,0.34434038400650024,-0.29949358105659485
0.5144124627113342,0.3437562882900238,-0.2995228171348572
0.5212141871452332,0.3431045114994049,-0.29945841431617737
0.49642854928970337,0.3455401062965393,-0.2838647663593292
0.49368178844451904,0.34581512212753296,-0.28386715054512024
0.4914857745170593,0.34603768587112427,-0.28388452529907227
0.5395702719688416,0.346847265958786,-0.1750451773405075
0.4984806776046753,0.349873423576355,-0.10469980537891388
0.5118474364280701,0.36129525303840637,-0.2664259672164917
0.49788612127304077,0.3621782064437866,-0.24607102572917938
0.6015958786010742,0.40121445059776306,-0.07175204157829285
0.46329963207244873,0.4020063281059265,-0.010714966803789139
0.6198686957359314,0.4628002643585205,-0.26141828298568726
0.4373309314250946,0.46394628286361694,-0.16055387258529663
0.6457472443580627,0.42194658517837524,-0.6174734830856323
0.4171690344810486,0.42662590742111206,-0.534271776676178
0.6546317338943481,0.4098747670650482,-0.6819509267807007
0.40993237495422363,0.4158833920955658,-0.601071298122406
0.6528043746948242,0.40393489599227905,-0.684615433216095
0.4121008515357971,0.4091583788394928,-0.6002404689788818
0.6464711427688599,0.40676912665367126,-0.6261540055274963
0.41654860973358154,0.41204747557640076,-0.5438166856765747
0.5679193139076233,0.5192857384681702,-0.006667299196124077
0.4842818081378937,0.5178053379058838,0.006449792068451643
0.5826597213745117,0.60799241065979,-0.009504674933850765
0.47299081087112427,0.6055401563644409,-0.00967421941459179
0.6011396646499634,0.6903088092803955,0.22808818519115448
0.4609503149986267,0.6872411966323853,0.22157153487205505
0.591588020324707,0.6999462246894836,0.2409278303384781
0.47109997272491455,0.6953213810920715,0.23513968288898468
0.6227468252182007,0.7186649441719055,0.046916913241147995
0.4458441138267517,0.7163820862770081,0.04467645660042763
-
0.4985327422618866,0.35286417603492737,-0.3154853284358978
0.5086510181427002,0.34426161646842957,-0.3002447485923767
0.5145542025566101,0.34365496039390564,-0.3002777695655823
0.5214062333106995,0.34296369552612305,-0.3002222180366516
0.4965493977069855,0.345458447933197,-0.2853544056415558
0.4937395453453064,0.3457338213920593,-0.285357803106308
0.4915139079093933,0.3459427058696747,-0.28537192940711975
0.5396692752838135,0.34675222635269165,-0.17495809495449066
0.49848076701164246,0.3497779965400696,-0.10523916780948639
0.5119813084602356,0.36110371351242065,-0.26732075214385986
0.49799489974975586,0.36199694871902466,-0.2479887157678604
0.6015408635139465,0.40121880173683167,-0.07190802693367004
0.46323221921920776,0.40206772089004517,-0.011090178973972797
0.6198689937591553,0.4627997875213623,-0.2624039053916931
0.4371948540210724,0.46393004059791565,-0.1630541831254959
0.6457492709159851,0.4216153025627136,-0.6197676062583923
0.41702190041542053,0.42660942673683167,-0.5395070910453796
0.6546095609664917,0.40943703055381775,-0.6850003004074097
0.40993019938468933,0.4158194661140442,-0.6075149774551392
0.6527556777000427,0.403522253036499,-0.6871656775474548
0.412102073431015,0.4091457724571228,-0.6065638661384583
0.6464633345603943,0.40633660554885864,-0.6284655928611755
0.4165218472480774,0.4120357632637024,-0.5491613745689392
0.5679095387458801,0.5192810297012329,-0.006632427219301462
0.4842585623264313,0.5177849531173706,0.006415931973606348
0.5826596021652222,0.607995331287384,-0.01112411543726921
0.47300055623054504,0.605542778968811,-0.010775173082947731
0.6011319756507874,0.690305769443512,0.2290404886007309
0.46096909046173096,0.6872426867485046,0.2222532480955124
0.5915934443473816,0.6999274492263794,0.242325097322464
0.4711027443408966,0.6953285336494446,0.2360800802707672
0.6226783394813538,0.7186603546142578,0.04781661927700043
0.4458957314491272,0.7163780927658081,0.04494578018784523
-
0.49908676743507385,0.35205262899398804,-0.3178470730781555
0.5090174078941345,0.3438127636909485,-0.30074208974838257
0.5150635242462158,0.3431326150894165,-0.3007810711860657
0.5219687223434448,0.3423958718776703,-0.3007347583770752
0.4969139099121094,0.34510987997055054,-0.28729933500289917
0.4939362108707428,0.34539732336997986,-0.2873026430606842
0.4915970265865326,0.3455869257450104,-0.28731268644332886
0.539763331413269,0.34641948342323303,-0.17187660932540894
0.49839791655540466,0.3496038019657135,-0.10641562938690186
0.5122907161712646,0.3603430688381195,-0.26782166957855225
0.4982052743434906,0.36121752858161926,-0.2503988742828369
0.6015047430992126,0.40122222900390625,-0.06986646354198456
0.46299421787261963,0.40214380621910095,-0.011524572968482971
0.6198639869689941,0.46279940009117126,-0.2617914378643036
0.43714556097984314,0.4639257788658142,-0.16550955176353455
0.645751416683197,0.42143210768699646,-0.6200382709503174
0.4169420897960663,0.42660441994667053,-0.5447292923927307
0.6545026898384094,0.40914639830589294,-0.6858709454536438
0.40992966294288635,0.415792852640152,-0.6134639382362366
0.6526632308959961,0.40316835045814514,-0.6878653168678284
0.41210272908210754,0.4091394543647766,-0.6130574345588684
0.6464560031890869,0.40595316886901855,-0.6288190484046936
0.41650107502937317,0.4120296537876129,-0.5546904802322388
0.5679002404212952,0.5192663669586182,-0.006279690191149712
0.48424118757247925,0.5177541971206665,0.006064991001039743
0.5826664566993713,0.6079995036125183,-0.01140916720032692
0.4730246663093567,0.6055444478988647,-0.0118288928642869
0.6011276245117188,0.6903027296066284,0.23170891404151917
0.46099853515625,0.687244176864624,0.22384969890117645
0.5915974974632263,0.6999131441116333,0.245451420545578
0.47110605239868164,0.6953311562538147,0.238007053732872
0.6226590275764465,0.7186567187309265,0.0502607487142086
0.4459456503391266,0.7163771390914917,0.045663982629776
-
0.4999086558818817,0.35186341404914856,-0.3171037435531616
0.509681761264801,0.3437502086162567,-0.29881125688552856
0.5159087181091309,0.343070924282074,-0.29885193705558777
0.5229397416114807,0.34234708547592163,-0.2988089919090271
0.4974824786186218,0.3450130224227905,-0.2862054407596588
0.4942375719547272,0.3453015089035034,-0.28620645403862
0.4917134940624237,0.3454797863960266,-0.28621116280555725
0.5402739644050598,0.34642165899276733,-0.1614610105752945
0.49829351902008057,0.34956303238868713,-0.10425504297018051
0.5128682255744934,0.3602796494960785,-0.2657778561115265
0.4984389841556549,0.3610948324203491,-0.2495044320821762
0.6014332175254822,0.40122541785240173,-0.060836199671030045
0.4627549946308136,0.4022289216518402,-0.008503738790750504
0.6198568940162659,0.4627839922904968,-0.2531161308288574
0.437115341424942,0.46392327547073364,-0.16457471251487732
0.645784854888916,0.42129597067832947,-0.6127071380615234
0.4168418347835541,0.42660030722618103,-0.5443560481071472
0.6544445157051086,0.4087499678134918,-0.6787160038948059
0.40991082787513733,0.415766179561615,-0.6126744747161865
0.652521014213562,0.4028133749961853,-0.6802451610565186
0.41209420561790466,0.4091333746910095,-0.6122207045555115
0.6464394927024841,0.4055910110473633,-0.6213150024414062
0.41646936535835266,0.4120257794857025,-0.5541940331459045
0.5678700804710388,0.5192488431930542,-0.005764404311776161
0.4842284321784973,0.5177294015884399,0.00555048044770956
0.5826700329780579,0.6080055236816406,-0.01184101402759552
0.4730502963066101,0.6055464148521423,-0.014384507201611996
0.6011183261871338,0.6902992129325867,0.23137956857681274
0.4610469341278076,0.6872454285621643,0.22282415628433228
0.5915982723236084,0.6999091506004333,0.24508486688137054
0.47112807631492615,0.6953349113464355,0.23690265417099
0.6226447224617004,0.7186547517776489,0.04963582009077072
0.44598427414894104,0.7163771986961365,0.04376557469367981
-
0.502449095249176,0.35185718536376953,-0.3238983154296875
0.5125341415405273,0.3437524139881134,-0.30119937658309937
0.5193056464195251,0.3430817723274231,-0.30124902725219727
0.5260646343231201,0.3424051105976105,-0.3012233078479767
0.49924618005752563,0.3449919521808624,-0.2922080457210541
0.49555978178977966,0.3452727198600769,-0.2922043800354004
0.4923085570335388,0.3454461395740509,-0.29219314455986023
0.5417662858963013,0.3465624749660492,-0.15489047765731812
0.49810001254081726,0.3495512902736664,-0.10758090764284134
0.5158641934394836,0.3603031635284424,-0.26726359128952026
0.49963170289993286,0.3610941767692566,-0.2557225823402405
0.6010619401931763,0.40131282806396484,-0.05326584726572037
0.46181556582450867,0.4023093581199646,-0.009350023232400417
0.6198304295539856,0.4627624452114105,-0.24495673179626465
0.4370822608470917,0.4639248251914978,-0.17075671255588531
0.6458173990249634,0.42119187116622925,-0.6085642576217651
0.4168052673339844,0.4266699254512787,-0.5543598532676697
0.6543911099433899,0.40846389532089233,-0.6760839819908142
0.40987104177474976,0.41575926542282104,-0.6249842643737793
0.6523680686950684,0.4025081992149353,-0.6773566603660583
0.41204625368118286,0.4091402590274811,-0.6251888871192932
0.6464053392410278,0.4052940011024475,-0.6173961758613586
0.41641274094581604,0.41205325722694397,-0.5645508170127869
0.5678438544273376,0.5192474722862244,-0.0044510639272630215
0.484225332736969,0.517724871635437,0.0042419168166816235
0.5826916694641113,0.6080279350280762,-0.010002875700592995
0.47310155630111694,0.605548083782196,-0.018165353685617447
0.6011166572570801,0.6902977228164673,0.2327989935874939
0.461061954498291,0.6872485876083374,0.2214328497648239
0.5916135907173157,0.6999074220657349,0.2463626265525818
0.4711313843727112,0.6953558325767517,0.23548492789268494
0.6226440668106079,0.7186536192893982,0.0509052537381649
0.44600021839141846,0.7163774371147156,0.04063880443572998
-
0.5054123997688293,0.3519531190395355,-0.3330778479576111
0.5161498785018921,0.3438948690891266,-0.30843013525009155
0.5230543613433838,0.34335827827453613,-0.3084884285926819
0.5293391942977905,0.34290117025375366,-0.30847790837287903
0.5016177296638489,0.34502989053726196,-0.3016912043094635
0.49782228469848633,0.3452892303466797,-0.30168792605400085
0.49379459023475647,0.3454626798629761,-0.30167362093925476
0.5432052612304688,0.347116619348526,-0.15555356442928314
0.498097687959671,0.34959059953689575,-0.11696531623601913
0.5193822383880615,0.36057668924331665,-0.2732824683189392
0.501274824142456,0.36119359731674194,-0.2648986577987671
0.6006693243980408,0.4016152322292328,-0.053055115044116974
0.46102282404899597,0.40242013335227966,-0.015664415434002876
0.6197670698165894,0.4627595841884613,-0.2440921515226364
0.43706902861595154,0.46395254135131836,-0.178692027926445
0.6458795070648193,0.4211973249912262,-0.60944664478302
0.4168001413345337,0.4270404279232025,-0.5638591051101685
0.6542880535125732,0.4084544777870178,-0.6771323680877686
0.40985220670700073,0.4159091114997864,-0.6356420516967773
0.6520925164222717,0.40244731307029724,-0.6786316633224487
0.4120262563228607,0.4092976450920105,-0.6368952393531799
0.6462743878364563,0.40526333451271057,-0.618382453918457
0.41640031337738037,0.4123004972934723,-0.5744934678077698
0.5678136348724365,0.5192723274230957,-0.0033584360498934984
0.4842150807380676,0.5177446603775024,0.0031613025348633528
0.5827245712280273,0.6080713868141174,-0.00947689451277256
0.47312644124031067,0.6055539846420288,-0.020975422114133835
0.6011202931404114,0.690299391746521,0.23397068679332733
0.4610929787158966,0.6872507333755493,0.22080284357070923
0.5916489958763123,0.6999081969261169,0.24750055372714996
0.4711565673351288,0.6953748464584351,0.23486332595348358
0.622612714767456,0.7186524868011475,0.05180661380290985
0.44617360830307007,0.7163771390914917,0.03894565626978874
-
0.5080806016921997,0.3519807457923889,-0.3353070020675659
0.5189641118049622,0.3440547585487366,-0.3103844225406647
0.5256154537200928,0.34367161989212036,-0.31044450402259827
0.5317769050598145,0.3434506058692932,-0.31043609976768494
0.5034816265106201,0.3450634479522705,-0.30378660559654236
0.4997049570083618,0.34530383348464966,-0.3037824332714081
0.49528223276138306,0.34547242522239685,-0.3037654161453247
0.5444225668907166,0.3478389382362366,-0.15443840622901917
0.49809718132019043,0.3496949076652527,-0.11935581266880035
0.5219622850418091,0.36077892780303955,-0.27537694573402405
0.5027572512626648,0.3612576127052307,-0.26735103130340576
0.600498378276825,0.4019775390625,-0.053540319204330444
0.46083569526672363,0.4025985300540924,-0.018524806946516037
0.6196923851966858,0.4627376198768616,-0.2457180619239807
0.43705910444259644,0.46396103501319885,-0.1835939586162567
0.6459619402885437,0.42120590806007385,-0.6104143857955933
0.41678839921951294,0.42730361223220825,-0.5696402788162231
0.6540486812591553,0.40844568610191345,-0.6776680946350098
0.4097757935523987,0.41605138778686523,-0.6419567465782166
0.6515612006187439,0.4023890495300293,-0.6794514656066895
0.4119471311569214,0.4094070792198181,-0.6428750157356262
0.646007776260376,0.4052121639251709,-0.6192805171012878
0.4163611829280853,0.4124586582183838,-0.5802686810493469
0.5676999092102051,0.5193403959274292,-0.0029961499385535717
0.48418569564819336,0.5178015232086182,0.0028006660286337137
0.5827521085739136,0.608126699924469,-0.010229247622191906
0.4731311798095703,0.6056088209152222,-0.023163562640547752
0.6011456847190857,0.6903015971183777,0.2356497049331665
0.4611739218235016,0.6872476935386658,0.22085335850715637
0.5917075872421265,0.6999006867408752,0.24970124661922455
0.47121426463127136,0.6953710317611694,0.23504798114299774
0.6224374175071716,0.7186521291732788,0.054101407527923584
0.44646933674812317,0.7163761854171753,0.039309386163949966
-
0.5112669467926025,0.3522356450557709,-0.3353006839752197
0.5220115780830383,0.34439757466316223,-0.3104458451271057
0.5281861424446106,0.34420275688171387,-0.3105056881904602
0.5341992378234863,0.34416264295578003,-0.3104970157146454
0.5054746270179749,0.3452260494232178,-0.3040788471698761
0.5015658140182495,0.3454570174217224,-0.30407410860061646
0.49709367752075195,0.34561994671821594,-0.30405399203300476
0.545491635799408,0.3486466705799103,-0.1503179371356964
0.49811410903930664,0.3498535454273224,-0.12031455338001251
0.5245121717453003,0.3611629605293274,-0.2753424644470215
0.5043536424636841,0.3614475727081299,-0.2674884498119354
0.6000806093215942,0.4021855294704437,-0.049640242010354996
0.4605918526649475,0.4027048945426941,-0.019169043749570847
0.6196619272232056,0.462611585855484,-0.24240800738334656
0.4370476305484772,0.4639934003353119,-0.18417680263519287
0.645978569984436,0.4211631417274475,-0.6088558435440063
0.4167810082435608,0.42773228883743286,-0.5712881088256836
0.6534429788589478,0.408247709274292,-0.6773749589920044
0.4096739590167999,0.41633668541908264,-0.6440407037734985
0.6506444215774536,0.40223413705825806,-0.6784903407096863
0.4118289053440094,0.40960174798965454,-0.6455017924308777
0.6454958915710449,0.405059814453125,-0.6177102327346802
0.4163127541542053,0.4127424359321594,-0.5821329951286316
0.567628800868988,0.5193678140640259,-0.002471689134836197
0.48416411876678467,0.517825722694397,0.002281742636114359
0.5827703475952148,0.6081860065460205,-0.01081553753465414
0.47313520312309265,0.6057130694389343,-0.024747328832745552
0.6011618971824646,0.6902963519096375,0.23795348405838013
0.4612409472465515,0.6872370839118958,0.22104087471961975
0.5917242765426636,0.6998456120491028,0.2523851990699768
0.471244215965271,0.6953506469726562,0.2353869378566742
0.6222295165061951,0.7186512351036072,0.056581154465675354
0.446560800075531,0.7163698673248291,0.039551619440317154
-
0.5143418908119202,0.35227900743484497,-0.33443495631217957
0.5252798199653625,0.3445754945278168,-0.307706356048584
0.5314745903015137,0.3445422053337097,-0.3077740967273712
0.5376919507980347,0.3446226716041565,-0.3077712655067444
0.5074895620346069,0.3452822268009186,-0.30321723222732544
0.5031381845474243,0.34551575779914856,-0.3032170534133911
0.4988694489002228,0.34568139910697937,-0.3032105267047882
0.5474100112915039,0.34940221905708313,-0.14115439355373383
0.49812889099121094,0.350006103515625,-0.11975611746311188
0.526965856552124,0.36147254705429077,-0.27243557572364807
0.5056062936782837,0.36156007647514343,-0.26620614528656006
0.5997886657714844,0.40270423889160156,-0.04094889014959335
0.460421085357666,0.4028145670890808,-0.01938467100262642
0.6195771098136902,0.4625362455844879,-0.2306232452392578
0.436989963054657,0.4640347361564636,-0.1858299821615219
0.6459811329841614,0.42116814851760864,-0.5948353409767151
0.41675105690956116,0.4277937412261963,-0.5731246471405029
0.6527588963508606,0.4082603454589844,-0.6640837788581848
0.4095008969306946,0.4163316786289215,-0.6456092596054077
0.649864137172699,0.4022277295589447,-0.6638206243515015
0.41168341040611267,0.409600168466568,-0.6472448110580444
0.6449534893035889,0.4050527513027191,-0.603501558303833
0.4162532389163971,0.41274768114089966,-0.5839477777481079
0.5674960017204285,0.5194360017776489,-0.0008197007118724287
0.48412781953811646,0.5178514122962952,0.0006329936441034079
0.5827867984771729,0.6082462072372437,-0.008492768742144108
0.4731350839138031,0.6059092283248901,-0.0263905581086874
0.6011677384376526,0.6902949810028076,0.23919184505939484
0.4613182842731476,0.6872358322143555,0.21998341381549835
0.5917215943336487,0.6998218297958374,0.25327208638191223
0.4712955355644226,0.6953317523002625,0.23435452580451965
0.6222319006919861,0.7186726331710815,0.05835520476102829
0.4467305839061737,0.7163604497909546,0.038486216217279434
-
0.5172260999679565,0.35245367884635925,-0.3412279486656189
0.5277776122093201,0.34485283493995667,-0.3141874372959137
0.5340927839279175,0.34494325518608093,-0.3142580986022949
0.5403686761856079,0.3451210856437683,-0.3142593204975128
0.5093453526496887,0.34539833664894104,-0.31124600768089294
0.504433810710907,0.34564441442489624,-0.31123656034469604
0.5004656910896301,0.3458440601825714,-0.31120067834854126
0.5489864349365234,0.3499613404273987,-0.14528435468673706
0.4981551170349121,0.3501737415790558,-0.13050121068954468
0.5291635990142822,0.36191505193710327,-0.2774359881877899
0.5070270895957947,0.36182039976119995,-0.27405792474746704
0.5996881723403931,0.40296512842178345,-0.04192666336894035
0.4602816700935364,0.4028192162513733,-0.02494766190648079
0.6194523572921753,0.46252092719078064,-0.22727519273757935
0.43696922063827515,0.4641405940055847,-0.19088318943977356
0.6459845900535583,0.421170175075531,-0.5937455296516418
0.41674643754959106,0.42801547050476074,-0.5846871137619019
0.652470588684082,0.4082123637199402,-0.6637529134750366
0.40941718220710754,0.41644567251205444,-0.6581433415412903
0.6493922472000122,0.40210914611816406,-0.66401606798172
0.41157013177871704,0.40966901183128357,-0.6612372398376465
0.6445870399475098,0.40495815873146057,-0.6027018427848816
0.4162006676197052,0.4128603935241699,-0.5960426926612854
0.5674258470535278,0.5194517374038696,0.00020357871835585684
0.48409533500671387,0.517857015132904,-0.00038623169530183077
0.5827918648719788,0.6082714796066284,-0.005775502882897854
0.4731113314628601,0.6060408353805542,-0.027688024565577507
0.601188600063324,0.6903260350227356,0.23985572159290314
0.46132224798202515,0.6872551441192627,0.21837902069091797
0.5917249917984009,0.699824333190918,0.2535654902458191
0.47133225202560425,0.6953664422035217,0.232606440782547
0.62223219871521,0.7186830639839172,0.05836217850446701
0.44674140214920044,0.7163403630256653,0.035706669092178345
-
0.5198832154273987,0.35266274213790894,-0.3501552641391754
0.5299541354179382,0.3451845049858093,-0.3228861391544342
0.536314845085144,0.345370888710022,-0.3229600191116333
0.5423872470855713,0.34561294317245483,-0.32297107577323914
0.5114250183105469,0.3455907702445984,-0.3214656412601471
0.5059114098548889,0.3458491265773773,-0.3214540481567383
0.501922607421875,0.346097469329834,-0.32140883803367615
0.5500345826148987,0.35044118762016296,-0.1474447101354599
0.49826812744140625,0.35045939683914185,-0.1431877613067627
0.5313349962234497,0.36227497458457947,-0.28468212485313416
0.5087795257568359,0.36212557554244995,-0.283711314201355
0.5994587540626526,0.4031093120574951,-0.04188476502895355
0.4599384367465973,0.40279802680015564,-0.03336517512798309
0.6192536950111389,0.46249786019325256,-0.22180262207984924
0.43693310022354126,0.4642705023288727,-0.19689887762069702
0.6459800004959106,0.4211793541908264,-0.5910065770149231
0.4167243540287018,0.4283145070075989,-0.592186689376831
0.6522387266159058,0.40819859504699707,-0.6622023582458496
0.40928733348846436,0.4166015684604645,-0.6660073399543762
0.6491535902023315,0.40200138092041016,-0.6635867953300476
0.41137585043907166,0.4097325801849365,-0.6705629825592041
0.644399106502533,0.40487951040267944,-0.6006649136543274
0.41606077551841736,0.4129648804664612,-0.6039758920669556
0.5673773288726807,0.5194537043571472,0.0016262789722532034
0.48408666253089905,0.5178577899932861,-0.0017960832919925451
0.5827943086624146,0.6082767844200134,0.00015566355432383716
0.47307875752449036,0.6061257719993591,-0.029628971591591835
0.6012089848518372,0.69035804271698,0.2406059056520462
0.46132612228393555,0.687292754650116,0.21311384439468384
0.5917269587516785,0.6998677849769592,0.2537844181060791
0.4713595509529114,0.6955705881118774,0.22670474648475647
0.6223456859588623,0.7186818718910217,0.05851839855313301
0.4466851055622101,0.7162359952926636,0.02863018773496151
-
0.5210952162742615,0.3528192639350891,-0.3502703905105591
0.5311241745948792,0.34539371728897095,-0.32295459508895874
0.5374756455421448,0.3456272780895233,-0.3230277895927429
0.5434480309486389,0.34589818120002747,-0.323038786649704
0.512735903263092,0.3456931710243225,-0.3218097984790802
0.5068962574005127,0.34595218300819397,-0.3217964470386505
0.502813994884491,0.3462122082710266,-0.32174915075302124
0.5509389638900757,0.35074692964553833,-0.147766575217247
0.49843406677246094,0.35059303045272827,-0.1457417905330658
0.5322838425636292,0.362529456615448,-0.28509432077407837
0.5097388625144958,0.3623509407043457,-0.28470557928085327
0.5991597771644592,0.4032409191131592,-0.03954918310046196
0.459523469209671,0.4028012156486511,-0.03757353127002716
0.6191103458404541,0.4624806046485901,-0.2179744690656662
0.43678441643714905,0.46447890996932983,-0.20185820758342743
0.6459504961967468,0.42118701338768005,-0.5875154137611389
0.4166993796825409,0.42877477407455444,-0.5950257778167725
0.6520143151283264,0.40819549560546875,-0.659328281879425
0.40925124287605286,0.416820228099823,-0.6685592532157898
0.648960530757904,0.4019584655761719,-0.660780131816864
0.41129302978515625,0.4098253846168518,-0.6729207634925842
0.6442244648933411,0.40485748648643494,-0.5972998142242432
0.41598278284072876,0.41311097145080566,-0.6065771579742432
0.5673412084579468,0.519461989402771,0.0033657432068139315
0.48407185077667236,0.5178664326667786,-0.0035287386272102594
0.5827925205230713,0.6082786917686462,0.004271183628588915
0.47304636240005493,0.6061483025550842,-0.03597395867109299
0.6011818647384644,0.690350353717804,0.24079984426498413
0.4612845480442047,0.6872938871383667,0.20375366508960724
0.5916239023208618,0.699876070022583,0.253680557012558
0.47135552763938904,0.6955877542495728,0.217058926820755
0.6233965158462524,0.7186795473098755,0.05923261493444443
0.4467735290527344,0.7162005305290222,0.019283082336187363
-
0.5225436091423035,0.35296645760536194,-0.34743210673332214
0.5321989059448242,0.34560054540634155,-0.3215651214122772
0.5384670495986938,0.3458670675754547,-0.32162898778915405
0.5442752242088318,0.34614843130111694,-0.3216249644756317
0.5140683054924011,0.3458138108253479,-0.3188028633594513
0.5079681277275085,0.3460712134838104,-0.3187887966632843
0.5035709142684937,0.3463362157344818,-0.318745493888855
0.5515040159225464,0.35101330280303955,-0.14232443273067474
0.4986594021320343,0.35076698660850525,-0.14388491213321686
0.5334006547927856,0.3627479076385498,-0.2848164737224579
0.5109142065048218,0.36256352066993713,-0.2820049822330475
0.598716676235199,0.4035775661468506,-0.03304791823029518
0.45873719453811646,0.4028807580471039,-0.03759021684527397
0.6190850734710693,0.46246227622032166,-0.2085031121969223
0.4366081655025482,0.46461719274520874,-0.2022143304347992
0.6459046602249146,0.42113059759140015,-0.5756952166557312
0.41669443249702454,0.42923492193222046,-0.5920599699020386
0.6518741250038147,0.4080290198326111,-0.6473089456558228
0.4092462360858917,0.41701120138168335,-0.6648589372634888
0.6488549709320068,0.40177565813064575,-0.6485961079597473
0.4112807810306549,0.4099125266075134,-0.6688525676727295
0.6441266536712646,0.4047167897224426,-0.5854399800300598
0.4159660041332245,0.413261353969574,-0.6033245921134949
0.5673182010650635,0.5194697976112366,0.0048133437521755695
0.4840664863586426,0.5178859829902649,-0.004970830865204334
0.5827807784080505,0.6082645654678345,0.004376414231956005
0.4730168282985687,0.6061561703681946,-0.0428268201649189
0.6012049317359924,0.6903523206710815,0.23325642943382263
0.46126869320869446,0.6873171925544739,0.19497014582157135
0.5915890336036682,0.6999858617782593,0.2443992793560028
0.4713573455810547,0.6958044767379761,0.20815619826316833
0.6250638365745544,0.7189005613327026,0.052109796553850174
0.44677531719207764,0.7160629034042358,0.012286330573260784
-
0.5236325263977051,0.3530932068824768,-0.3448409140110016
0.5331502556800842,0.34582021832466125,-0.31556758284568787
0.539438784122467,0.34610500931739807,-0.3156414330005646
0.5449479222297668,0.3463752567768097,-0.3156510591506958
0.5150159001350403,0.3459612727165222,-0.3173840343952179
0.5086975693702698,0.3462367653846741,-0.31735557317733765
0.5039756298065186,0.3465191721916199,-0.3172908425331116
0.5520451664924622,0.35122206807136536,-0.13465648889541626
0.49885401129722595,0.35105422139167786,-0.14066283404827118
0.5343401432037354,0.3629104793071747,-0.27826395630836487
0.5118646621704102,0.3627150058746338,-0.28170841932296753
0.5985378623008728,0.40396055579185486,-0.027520837262272835
0.45812907814979553,0.40300288796424866,-0.03585180640220642
0.6190776228904724,0.46243634819984436,-0.20299747586250305
0.43653327226638794,0.4647365212440491,-0.19922928512096405
0.6455496549606323,0.42101722955703735,-0.5680137872695923
0.41670137643814087,0.4297575354576111,-0.5881274342536926
0.651313066482544,0.4079154431819916,-0.6391331553459167
0.40934762358665466,0.4173618257045746,-0.6605690717697144
0.6484893560409546,0.4015785753726959,-0.6404197216033936
0.41137397289276123,0.4102271497249603,-0.6640632748603821
0.6437183022499084,0.4045349061489105,-0.5777009725570679
0.4159882366657257,0.4137082099914551,-0.5992599129676819
0.5673002600669861,0.5194982290267944,0.004840336740016937
0.484054297208786,0.5179116129875183,-0.0049954866990447044
0.5827798843383789,0.6082661747932434,0.0061898562125861645
0.4730091094970703,0.6061602234840393,-0.039985280483961105
0.601311206817627,0.6903555393218994,0.2328631579875946
0.46122437715530396,0.6873599886894226,0.1982506364583969
0.5916313529014587,0.6999852657318115,0.24384909868240356
0.4713600277900696,0.6961742639541626,0.21143445372581482
0.6254733800888062,0.7190340757369995,0.0511501170694828
0.44583308696746826,0.7160097360610962,0.016067398712038994
-
0.5238996148109436,0.353352814912796,-0.35449451208114624
0.533596396446228,0.34606102108955383,-0.32596591114997864
0.5398827195167542,0.3463529050350189,-0.3260388970375061
0.545211672782898,0.34660229086875916,-0.32604968547821045
0.5153716802597046,0.34613925218582153,-0.32684192061424255
0.5090132355690002,0.34641551971435547,-0.3268224000930786
0.5041436553001404,0.34669214487075806,-0.32677218317985535
0.5525557994842529,0.35135483741760254,-0.14195699989795685
0.4991750121116638,0.35115963220596313,-0.15126244723796844
0.5347169041633606,0.36306560039520264,-0.2875114977359772
0.5122823715209961,0.36286622285842896,-0.2898010313510895
0.5985380411148071,0.40400591492652893,-0.028912294656038284
0.45791393518447876,0.40301990509033203,-0.04101460427045822
0.6190691590309143,0.46241384744644165,-0.2099098563194275
0.4363134205341339,0.4647481441497803,-0.20247900485992432
0.6451563239097595,0.42104119062423706,-0.5707442164421082
0.41660356521606445,0.4297899305820465,-0.592820942401886
0.6507948637008667,0.4081244468688965,-0.6419740319252014
0.4093450903892517,0.4173838496208191,-0.6654865741729736
0.6483359336853027,0.4015951156616211,-0.6465225219726562
0.4113781452178955,0.4102877974510193,-0.6702648401260376
0.6435165405273438,0.4045490324497223,-0.5781023502349854
0.4159816801548004,0.41378307342529297,-0.6043055057525635
0.5672914981842041,0.5195133686065674,0.005026176106184721
0.4840471148490906,0.5179132223129272,-0.005185275804251432
0.5827844142913818,0.6083189249038696,0.0072326394729316235
0.4730982482433319,0.606158971786499,-0.03826849162578583
0.6013128161430359,0.6903626322746277,0.2367897629737854
0.46122512221336365,0.687360405921936,0.20638751983642578
0.5916017889976501,0.7000070810317993,0.2478320300579071
0.4713656008243561,0.6962565779685974,0.2198510468006134
0.6254657506942749,0.7191413640975952,0.05322902649641037
0.44542279839515686,0.7160078883171082,0.02207493968307972
-
0.5240931510925293,0.353520929813385,-0.35934680700302124
0.533812403678894,0.34624311327934265,-0.3314075767993927
0.5400658845901489,0.34655120968818665,-0.3314788341522217
0.5452851057052612,0.3467971384525299,-0.331489235162735
0.5156623125076294,0.34625962376594543,-0.33156755566596985
0.5093263983726501,0.3465239107608795,-0.33155176043510437
0.5043043494224548,0.3467867970466614,-0.33150604367256165
0.5527562499046326,0.3514901399612427,-0.14860354363918304
0.49947527050971985,0.3512137830257416,-0.15560729801654816
0.5349063873291016,0.3631759285926819,-0.29255396127700806
0.5126631259918213,0.36296766996383667,-0.29391875863075256
0.5985287427902222,0.40404826402664185,-0.0300312377512455
0.4578075110912323,0.4030305743217468,-0.043409865349531174
0.6190609335899353,0.46241098642349243,-0.2131880819797516
0.4361724555492401,0.4647738039493561,-0.20387935638427734
0.6449480056762695,0.42109036445617676,-0.5758125185966492
0.41648611426353455,0.4297983646392822,-0.5961562395095825
0.6506320238113403,0.40836358070373535,-0.6501935124397278
0.40934374928474426,0.41741007566452026,-0.6689378619194031
0.6483042240142822,0.4016449451446533,-0.6557047963142395
0.4113800823688507,0.4103483259677887,-0.6743354201316833
0.6434183120727539,0.40461379289627075,-0.5854427814483643
0.4159660339355469,0.4138434827327728,-0.6078945398330688
0.5672851800918579,0.5195392370223999,0.005371767096221447
0.4840359091758728,0.5179148316383362,-0.005536499433219433
0.5827885270118713,0.6084233522415161,0.009927523322403431
0.4731610119342804,0.606164813041687,-0.034343358129262924
0.6013027429580688,0.6903669238090515,0.2440015971660614
0.4612201750278473,0.6873589754104614,0.2150736302137375
0.5915514230728149,0.7000302076339722,0.25555619597435
0.47136765718460083,0.6963123083114624,0.2288466840982437
0.6254406571388245,0.7192532420158386,0.059792082756757736
0.44488608837127686,0.7160094380378723,0.029923679307103157
-
0.524529755115509,0.3535998463630676,-0.37103188037872314
0.5343005061149597,0.3463490307331085,-0.3433600962162018
0.5405867695808411,0.3466476798057556,-0.3434309661388397
0.5455666184425354,0.3468950390815735,-0.34344416856765747
0.516109824180603,0.34632396697998047,-0.3432469666004181
0.5097770690917969,0.34658241271972656,-0.34323519468307495
0.504528284072876,0.3468444347381592,-0.34319165349006653
0.5531819462776184,0.3515891432762146,-0.1621370166540146
0.499794602394104,0.35125648975372314,-0.16642770171165466
0.5353978872299194,0.3632346987724304,-0.304043173789978
0.5131386518478394,0.3630216121673584,-0.305044949054718
0.5985747575759888,0.40407830476760864,-0.04286149516701698
0.45777803659439087,0.4030342698097229,-0.05141685903072357
0.6190540790557861,0.46240806579589844,-0.22098374366760254
0.43612146377563477,0.4648352563381195,-0.2123459130525589
0.6448461413383484,0.4211573600769043,-0.5982673764228821
0.4163706600666046,0.4297843873500824,-0.6084975600242615
0.6506059169769287,0.40859952569007874,-0.6723131537437439
0.40934181213378906,0.41741520166397095,-0.6818516850471497
0.6483108401298523,0.4017416834831238,-0.6765788793563843
0.41137877106666565,0.4103657305240631,-0.6874707341194153
0.643413782119751,0.40472036600112915,-0.6088612079620361
0.41591203212738037,0.4138506054878235,-0.6203564405441284
0.5672802925109863,0.519565761089325,0.005363658536225557
0.48403167724609375,0.517913818359375,-0.00553177110850811
0.5827901363372803,0.6085008978843689,0.011012615635991096
0.4731760323047638,0.6061798334121704,-0.03254498168826103
0.6012516617774963,0.6903597116470337,0.25077784061431885
0.46121546626091003,0.6873570680618286,0.21917660534381866
0.5914590358734131,0.7000308632850647,0.26306214928627014
0.47136959433555603,0.6963685750961304,0.23321333527565002
0.625375509262085,0.71928870677948,0.0668153390288353
0.4445805549621582,0.7160094976425171,0.03399034962058067
-
0.5250298380851746,0.3536016345024109,-0.37640663981437683
0.5347331762313843,0.3463593125343323,-0.3490413427352905
0.5411116480827332,0.3466443419456482,-0.3491131663322449
0.5458387136459351,0.34688496589660645,-0.3491279184818268
0.5164541602134705,0.3463324010372162,-0.34874606132507324
0.5101358294487,0.34658700227737427,-0.3487373888492584
0.5047176480293274,0.3468518853187561,-0.3486981689929962
0.5536519885063171,0.35157355666160583,-0.16909363865852356
0.5000460147857666,0.3512646555900574,-0.17163574695587158
0.5360139012336731,0.36323481798171997,-0.3094901740550995
0.513748824596405,0.36302798986434937,-0.3101939260959625
0.5988137125968933,0.4040766656398773,-0.049888551235198975
0.45778152346611023,0.4030214846134186,-0.05571413040161133
0.6190475821495056,0.46240609884262085,-0.22731353342533112
0.43608859181404114,0.46487975120544434,-0.2155953049659729
0.6447842717170715,0.4212048053741455,-0.6103444695472717
0.41626718640327454,0.4297780394554138,-0.6121111512184143
0.6506056189537048,0.40879449248313904,-0.6839638352394104
0.4093341529369354,0.4174063205718994,-0.6854140162467957
0.6484042406082153,0.40181732177734375,-0.6879037022590637
0.411361962556839,0.41036519408226013,-0.6913723945617676
0.6434659361839294,0.4047773778438568,-0.6212183833122253
0.4157995581626892,0.4138452112674713,-0.624101459980011
0.567278265953064,0.5195713639259338,0.0054287537932395935
0.4840230643749237,0.5178766846656799,-0.005599211435765028
0.5827890634536743,0.6085526943206787,0.012243657372891903
0.4731842577457428,0.6061893701553345,-0.03126249834895134
0.6011513471603394,0.6903506517410278,0.2531721293926239
0.46120724081993103,0.6873577237129211,0.2199878841638565
0.5913156867027283,0.7000303864479065,0.2655470669269562
0.4713698923587799,0.6964356303215027,0.23395386338233948
0.6252956986427307,0.7193014621734619,0.06918085366487503
0.4442146420478821,0.7160093784332275,0.034554556012153625
-
0.5250996351242065,0.3536030650138855,-0.37025874853134155
0.534902811050415,0.3463638722896576,-0.34322866797447205
0.5413687229156494,0.346640020608902,-0.34329864382743835
0.5459964275360107,0.3468759059906006,-0.3433089256286621
0.5165221095085144,0.34633392095565796,-0.34231507778167725
0.510218620300293,0.34658733010292053,-0.34230536222457886
0.5047799348831177,0.34685245156288147,-0.34226614236831665
0.5540801882743835,0.3515600562095642,-0.16651172935962677
0.5002502799034119,0.3512641191482544,-0.16523335874080658
0.5362119674682617,0.3632351756095886,-0.30432990193367004
0.5138583183288574,0.3630310893058777,-0.3041045665740967
0.598999559879303,0.4040502905845642,-0.048942212015390396
0.4578055143356323,0.40301862359046936,-0.05184738337993622
0.6190535426139832,0.4624038636684418,-0.2253498136997223
0.4359104633331299,0.4649001657962799,-0.2152104675769806
0.6447164416313171,0.421207994222641,-0.607475221157074
0.4161149263381958,0.42976728081703186,-0.6069161891937256
0.6506043076515198,0.4088457226753235,-0.6802910566329956
0.4093031883239746,0.41739439964294434,-0.6797730326652527
0.6484445929527283,0.40185317397117615,-0.6836234927177429
0.41131138801574707,0.41036534309387207,-0.6846650242805481
0.6434783339500427,0.40480223298072815,-0.6180248856544495
0.4156281054019928,0.4138428568840027,-0.6185171604156494
0.5672891139984131,0.5195199251174927,0.005436194594949484
0.48401886224746704,0.5176857113838196,-0.005608683917671442
0.5827882885932922,0.6085602045059204,0.01041338685899973
0.4732612669467926,0.606106162071228,-0.03362173214554787
0.6010671257972717,0.6903470158576965,0.25229984521865845
0.4612058997154236,0.687351405620575,0.21871326863765717
0.5911614894866943,0.700035035610199,0.26451927423477173
0.47136738896369934,0.6964437961578369,0.23280349373817444
0.625260055065155,0.71931391954422,0.06655977666378021
0.44411149621009827,0.7160149216651917,0.03238359093666077
-
0.5252809524536133,0.35360416769981384,-0.3672591745853424
0.5351132750511169,0.3463650643825531,-0.34080854058265686
0.5416286587715149,0.34663572907447815,-0.3408758044242859
0.5461429357528687,0.3468676209449768,-0.3408816158771515
0.5166646242141724,0.34633544087409973,-0.338955819606781
0.5103705525398254,0.346586674451828,-0.3389456570148468
0.5048689842224121,0.3468529284000397,-0.33890748023986816
0.5543656945228577,0.3515486717224121,-0.1628965437412262
0.5004031658172607,0.3512633144855499,-0.1619417667388916
0.5364882349967957,0.36323440074920654,-0.30299967527389526
0.513986349105835,0.36303338408470154,-0.3010420799255371
0.5990000367164612,0.40393003821372986,-0.04381271451711655
0.4578099548816681,0.40300482511520386,-0.05112367868423462
0.6190448999404907,0.4623619019985199,-0.21704693138599396
0.4354572296142578,0.4648407995700836,-0.20717059075832367
0.6446306705474854,0.4212857186794281,-0.6008751392364502
0.4159034788608551,0.42972469329833984,-0.6009687781333923
0.6506010890007019,0.4090855121612549,-0.6746500730514526
0.4091840386390686,0.41736188530921936,-0.6739733815193176
0.6485458612442017,0.4020389914512634,-0.6785200834274292
0.41117820143699646,0.4103434979915619,-0.6814712882041931
0.6435137987136841,0.4050218462944031,-0.6117635369300842
0.4153934419155121,0.4138150215148926,-0.6131786108016968
0.567322850227356,0.5193564891815186,0.00552267674356699
0.48404523730278015,0.5174509286880493,-0.005695435218513012
0.5827857851982117,0.6085579991340637,0.0033478117547929287
0.4733451008796692,0.6058460474014282,-0.041530124843120575
0.6009864211082458,0.6903520822525024,0.24006111919879913
0.4612119495868683,0.6873353719711304,0.20928645133972168
0.5910293459892273,0.7000523209571838,0.25175267457962036
0.47138768434524536,0.6964443325996399,0.2233573943376541
0.625156819820404,0.7193211317062378,0.053523950278759
0.4441094696521759,0.716019332408905,0.02295822836458683
-
0.5254598259925842,0.35360491275787354,-0.37257978320121765
0.5353239178657532,0.3463650941848755,-0.34534817934036255
0.541866660118103,0.34663206338882446,-0.3454163074493408
0.5462692379951477,0.3468615412712097,-0.3454282283782959
0.5168636441230774,0.3463325500488281,-0.34536805748939514
0.5106053352355957,0.34656912088394165,-0.34536081552505493
0.504995584487915,0.34683266282081604,-0.34532010555267334
0.5546053647994995,0.3515399694442749,-0.1646910011768341
0.5005350112915039,0.35122519731521606,-0.1692596822977066
0.5366635918617249,0.3632320761680603,-0.3055952787399292
0.5140780806541443,0.36303359270095825,-0.306405246257782
0.5989705920219421,0.4036532938480377,-0.04387987032532692
0.4578377902507782,0.4027799069881439,-0.05134257674217224
0.6189975142478943,0.4623492658138275,-0.21640747785568237
0.43454301357269287,0.46445026993751526,-0.20623552799224854
0.6446064710617065,0.42166122794151306,-0.6005876064300537
0.41578295826911926,0.42971891164779663,-0.5997322201728821
0.6506012678146362,0.4096694588661194,-0.6741541028022766
0.40899658203125,0.4173547625541687,-0.6726576089859009
0.6486563086509705,0.40243276953697205,-0.6779534816741943
0.4109693765640259,0.4103297293186188,-0.6799002289772034
0.6436106562614441,0.4054715633392334,-0.6113964915275574
0.41512221097946167,0.41379085183143616,-0.6118723750114441
0.5673213601112366,0.5190911293029785,0.0058210426941514015
0.48411229252815247,0.517206072807312,-0.005994976963847876
0.5827584862709045,0.6085461378097534,-0.0007762908353470266
0.47370269894599915,0.6055189967155457,-0.047241974622011185
0.6008673906326294,0.6903798580169678,0.22900909185409546
0.4612113833427429,0.6873129606246948,0.1988053023815155
0.5909029841423035,0.7001833319664001,0.2399592101573944
0.4713742136955261,0.6964305639266968,0.21235622465610504
0.6248587369918823,0.7193213701248169,0.04001762717962265
0.4441145956516266,0.7160277962684631,0.010142422281205654
-
0.5256888270378113,0.3536072373390198,-0.37236204743385315
0.5356108546257019,0.346364825963974,-0.3452902138233185
0.5421155095100403,0.3466290831565857,-0.34535595774650574
0.5463896989822388,0.3468560576438904,-0.3453638553619385
0.5172459483146667,0.3463301658630371,-0.34548625349998474
0.5110965371131897,0.3465525805950165,-0.3454783856868744
0.5052832365036011,0.34680885076522827,-0.3454349637031555
0.554776132106781,0.35153287649154663,-0.16493356227874756
0.5007049441337585,0.3511130213737488,-0.1698414832353592
0.5367994904518127,0.36322396993637085,-0.30507171154022217
0.5142192840576172,0.3630325198173523,-0.3062684237957001
0.5989681482315063,0.40300583839416504,-0.04419253021478653
0.4579383432865143,0.40231770277023315,-0.050123248249292374
0.6189942955970764,0.462240993976593,-0.2169453501701355
0.4342092275619507,0.464193731546402,-0.2034069001674652
0.644518256187439,0.42207616567611694,-0.6024886965751648
0.4157058000564575,0.42953920364379883,-0.597880482673645
0.650480329990387,0.41037148237228394,-0.676605224609375
0.4087480306625366,0.4172191023826599,-0.670685887336731
0.6486499905586243,0.4028695523738861,-0.680671215057373
0.4106118083000183,0.41011086106300354,-0.6796129941940308
0.6435941457748413,0.4059101939201355,-0.6133698225021362
0.4147864580154419,0.41348233819007874,-0.610481858253479
0.5673814415931702,0.5188654065132141,0.00589528726413846
0.48419588804244995,0.517007052898407,-0.006071418058127165
0.582754373550415,0.6085461378097534,-0.0011385057587176561
0.4741233289241791,0.605403482913971,-0.0457887277007103
0.6006925106048584,0.6903874278068542,0.22984860837459564
0.4612177908420563,0.6873088479042053,0.20075161755084991
0.5907281637191772,0.7002872228622437,0.241103857755661
0.47133442759513855,0.6964229345321655,0.21446362137794495
0.6245781183242798,0.7193097472190857,0.042023543268442154
0.44412294030189514,0.7160588502883911,0.013814704492688179
-
0.5261316299438477,0.35361987352371216,-0.3768324553966522
0.5360080599784851,0.346364825963974,-0.35042545199394226
0.5424114465713501,0.34662681818008423,-0.35048744082450867
0.5465332865715027,0.3468518555164337,-0.3504926264286041
0.5177918076515198,0.34633082151412964,-0.35092422366142273
0.5118080973625183,0.3465501666069031,-0.3509216904640198
0.5057758688926697,0.3468024432659149,-0.35088205337524414
0.5549514889717102,0.3514656126499176,-0.17035908997058868
0.5009316205978394,0.35098910331726074,-0.17630381882190704
0.5370988845825195,0.3632100820541382,-0.3089747428894043
0.514663815498352,0.3630308508872986,-0.31066644191741943
0.5989788770675659,0.4020310342311859,-0.047937095165252686
0.4583854675292969,0.40122875571250916,-0.053579770028591156
0.618988573551178,0.4620305895805359,-0.2183840423822403
0.43403103947639465,0.46392035484313965,-0.20332372188568115
0.6441769599914551,0.42226099967956543,-0.606899082660675
0.4157699644565582,0.42908143997192383,-0.5974749326705933
0.6502472162246704,0.4106524586677551,-0.6811930537223816
0.408608615398407,0.41701966524124146,-0.6703318953514099
0.6485128402709961,0.40301036834716797,-0.6854057312011719
0.4102611839771271,0.4098190665245056,-0.6783949732780457
0.6433558464050293,0.40602415800094604,-0.6178019046783447
0.41460129618644714,0.41309723258018494,-0.6099948287010193
0.5676013231277466,0.5183695554733276,0.00587744964286685
0.4843554198741913,0.5166325569152832,-0.006053522694855928
0.5827666521072388,0.6083544492721558,-0.010720769874751568
0.4746989905834198,0.6050225496292114,-0.05094750225543976
0.600637674331665,0.6904128193855286,0.2216247320175171
0.46123969554901123,0.6873068809509277,0.19478994607925415
0.5906781554222107,0.7005296945571899,0.23317009210586548
0.47128650546073914,0.6963909268379211,0.20859968662261963
0.6244994401931763,0.7193092703819275,0.034487154334783554
0.44440019130706787,0.7161083221435547,0.008032705634832382
-
0.5263368487358093,0.3536422848701477,-0.37967440485954285
0.5361223220825195,0.346366286277771,-0.35347455739974976
0.5424737930297852,0.34662455320358276,-0.3535349667072296
0.5465618371963501,0.3468479514122009,-0.3535310626029968
0.5180387496948242,0.34633302688598633,-0.3538134694099426
0.5120882391929626,0.3465505838394165,-0.3538129925727844
0.5059893131256104,0.346802294254303,-0.35377857089042664
0.5549373030662537,0.3513685166835785,-0.17355172336101532
0.5010464191436768,0.3509204387664795,-0.17820540070533752
0.5372396111488342,0.36319735646247864,-0.3116154372692108
0.5149234533309937,0.3630281686782837,-0.313069224357605
0.5990089178085327,0.4014269709587097,-0.05157141014933586
0.4587192237377167,0.40073972940444946,-0.055032212287187576
0.6189814209938049,0.4617123603820801,-0.2223670929670334
0.4338282644748688,0.4639057219028473,-0.203348770737648
0.6438055634498596,0.42258700728416443,-0.6159327030181885
0.41585099697113037,0.4289606511592865,-0.5971304774284363
0.6501162648200989,0.41096943616867065,-0.6907397508621216
0.40858951210975647,0.4170536994934082,-0.6699822545051575
0.6484358310699463,0.40325236320495605,-0.6955541372299194
0.41020581126213074,0.4098203778266907,-0.6777188777923584
0.6430883407592773,0.4062376618385315,-0.6270894408226013
0.41459739208221436,0.4130961000919342,-0.6094833016395569
0.5678075551986694,0.5182091593742371,0.005687460768967867
0.48447680473327637,0.516579270362854,-0.005869736894965172
0.5827872157096863,0.608108401298523,-0.016002383083105087
0.4753865599632263,0.604699432849884,-0.05404939502477646
0.6006370186805725,0.6904320120811462,0.2234947383403778
0.4612754285335541,0.6873141527175903,0.19684571027755737
0.590711772441864,0.7006171941757202,0.23550254106521606
0.4712200164794922,0.6963961124420166,0.21088191866874695
0.6243975162506104,0.7193294763565063,0.03631148114800453
0.4445188641548157,0.7161247134208679,0.010318414308130741
-
0.5265271663665771,0.35373014211654663,-0.3776651620864868
0.5362774133682251,0.346398264169693,-0.3517022728919983
0.5425986051559448,0.3466350734233856,-0.35176530480384827
0.5466387271881104,0.346859872341156,-0.35176482796669006
0.5182488560676575,0.34635627269744873,-0.35134240984916687
0.5122838020324707,0.34657928347587585,-0.35133957862854004
0.5061376094818115,0.3468349874019623,-0.35130903124809265
0.5549880862236023,0.35135024785995483,-0.1723000854253769
0.501156210899353,0.35091954469680786,-0.17538000643253326
0.5373987555503845,0.36320579051971436,-0.31055694818496704
0.5150839686393738,0.36303985118865967,-0.31113216280937195
0.599022626876831,0.40126365423202515,-0.050750140100717545
0.45920273661613464,0.40054696798324585,-0.05394206941127777
0.619367241859436,0.4611259996891022,-0.22223646938800812
0.4332066476345062,0.463309109210968,-0.20415407419204712
0.6437528133392334,0.4222118854522705,-0.6134364604949951
0.415907621383667,0.42895692586898804,-0.5997557640075684
0.6501156091690063,0.4107319414615631,-0.6877500414848328
0.4085924029350281,0.4170920252799988,-0.6735221147537231
0.6484214067459106,0.40311264991760254,-0.692013144493103
0.4102037250995636,0.4098362922668457,-0.6800433397293091
0.6429447531700134,0.40616360306739807,-0.6243834495544434
0.41458070278167725,0.4131040573120117,-0.6115251183509827
0.5678977370262146,0.5181319117546082,0.005591123830527067
0.48469001054763794,0.5165418386459351,-0.005775588098913431
0.5828450918197632,0.6077209711074829,-0.020327463746070862
0.47542181611061096,0.6046117544174194,-0.06208229437470436
0.6006344556808472,0.6904699802398682,0.21884924173355103
0.46132656931877136,0.6873265504837036,0.18962417542934418
0.5907172560691833,0.7007462382316589,0.2311428338289261
0.47123807668685913,0.6964141726493835,0.20418815314769745
0.6243306398391724,0.7193508148193359,0.03271063044667244
0.4446517825126648,0.7161587476730347,0.004052082542330027
-
0.5272520184516907,0.3542575240135193,-0.3907139301300049
0.5368366837501526,0.3467181324958801,-0.36392974853515625
0.5429667830467224,0.34691497683525085,-0.36399543285369873
0.5468713641166687,0.3471762537956238,-0.36400794982910156
0.5188766121864319,0.34654858708381653,-0.36426737904548645
0.512990415096283,0.34674596786499023,-0.36427032947540283
0.5067771673202515,0.34698790311813354,-0.3642224967479706
0.5550915002822876,0.35142025351524353,-0.18191201984882355
0.5013372898101807,0.3509494364261627,-0.18693269789218903
0.5378111600875854,0.36359187960624695,-0.32212209701538086
0.5155375003814697,0.3633154332637787,-0.32366010546684265
0.5990263223648071,0.4007287919521332,-0.0631301999092102
0.4594903290271759,0.40058034658432007,-0.06273309141397476
0.6207795739173889,0.4598582684993744,-0.24143294990062714
0.43269017338752747,0.4628976285457611,-0.22116917371749878
0.6437353491783142,0.42208924889564514,-0.6350106000900269
0.4154914915561676,0.4287528395652771,-0.6259216070175171
0.6500905156135559,0.41073912382125854,-0.71061772108078
0.40779516100883484,0.4170176088809967,-0.7013590335845947
0.6483712196350098,0.40325769782066345,-0.7151491045951843
0.40928059816360474,0.40984591841697693,-0.7073180079460144
0.6428477764129639,0.40623632073402405,-0.646090567111969
0.41386401653289795,0.41313061118125916,-0.6377938389778137
0.5679969787597656,0.5181539058685303,0.004933376330882311
0.4847821891307831,0.5166162848472595,-0.005119625944644213
0.5829980969429016,0.6076384782791138,-0.030499689280986786
0.47514885663986206,0.6049134135246277,-0.06457941234111786
0.6006320714950562,0.6904828548431396,0.2201385498046875
0.4613518714904785,0.6873339414596558,0.19200922548770905
0.5907546281814575,0.7008046507835388,0.23304817080497742
0.4712439775466919,0.6964139938354492,0.2066648304462433
0.6240343451499939,0.7193490266799927,0.03483618423342705
0.44488805532455444,0.7161910533905029,0.00662243040278554
-
0.527281641960144,0.35583266615867615,-0.40743544697761536
0.5368782877922058,0.3479970693588257,-0.38181886076927185
0.5429797172546387,0.34815946221351624,-0.38188278675079346
0.5469304323196411,0.3483423888683319,-0.38188913464546204
0.5189511775970459,0.3477659821510315,-0.38097840547561646
0.5130742788314819,0.34787365794181824,-0.38099128007888794
0.5069928765296936,0.347986102104187,-0.3809546232223511
0.5550985932350159,0.35203081369400024,-0.1986960768699646
0.5014792084693909,0.3515254557132721,-0.19740426540374756
0.5378920435905457,0.36493197083473206,-0.3375081419944763
0.5156155228614807,0.36484652757644653,-0.33737713098526
0.5990610122680664,0.399621844291687,-0.07737648487091064
0.46065250039100647,0.40033215284347534,-0.06451161205768585
0.6209844946861267,0.4596714377403259,-0.2558954656124115
0.43194979429244995,0.4629572331905365,-0.217547208070755
0.6430745720863342,0.42291030287742615,-0.6639164686203003
0.41518163681030273,0.4293442368507385,-0.6212838888168335
0.6497342586517334,0.4123329222202301,-0.7410621643066406
0.4076855182647705,0.4182724058628082,-0.6962683200836182
0.6480527520179749,0.4049552381038666,-0.7486979365348816
0.40909674763679504,0.41148439049720764,-0.7038418054580688
0.6421942114830017,0.4077316224575043,-0.6760913729667664
0.41354799270629883,0.41451913118362427,-0.6337546706199646
0.5681629180908203,0.5183185935020447,0.0030351681634783745
0.4849560260772705,0.5168846845626831,-0.0032348085660487413
0.5837949514389038,0.6076682806015015,-0.04588880017399788
0.47459644079208374,0.6054217219352722,-0.06507913768291473
0.6006269454956055,0.6904940605163574,0.2204151153564453
0.46136146783828735,0.6873318552970886,0.20159605145454407
0.5908113718032837,0.700868546962738,0.23640049993991852
0.4712141156196594,0.6964096426963806,0.21865274012088776
0.6236254572868347,0.7193479537963867,0.036149539053440094
0.4454084634780884,0.7162333726882935,0.011893008835613728
-
0.5278552174568176,0.3580295741558075,-0.41398918628692627
0.537300169467926,0.34988921880722046,-0.387491911649704
0.5431610941886902,0.3499487340450287,-0.38754987716674805
0.5470620393753052,0.34991973638534546,-0.3875659108161926
0.5194692015647888,0.34991854429244995,-0.3884194791316986
0.5136428475379944,0.3498345911502838,-0.3884318172931671
0.5077986717224121,0.34972962737083435,-0.38838648796081543
0.555088222026825,0.35318365693092346,-0.2016954869031906
0.5016050338745117,0.35311537981033325,-0.20854133367538452
0.5384136438369751,0.36670535802841187,-0.3430219888687134
0.5163795351982117,0.36691004037857056,-0.34530627727508545
0.5990564823150635,0.3998628556728363,-0.07990109920501709
0.46062877774238586,0.40110474824905396,-0.0755920335650444
0.622465968132019,0.45962709188461304,-0.25530165433883667
0.4310264587402344,0.4633857309818268,-0.22566254436969757
0.6429708003997803,0.4252149164676666,-0.6621496677398682
0.4144718647003174,0.43197911977767944,-0.6271888613700867
0.6495398879051208,0.4165824055671692,-0.7400093078613281
0.4064868986606598,0.4215949475765228,-0.7023746371269226
0.6476507782936096,0.40912914276123047,-0.7466807961463928
0.4084509015083313,0.4144454896450043,-0.7108981013298035
0.641647219657898,0.41165870428085327,-0.6741401553153992
0.413016140460968,0.41719937324523926,-0.6399675607681274
0.5684626698493958,0.518574059009552,0.0028465359937399626
0.4851233959197998,0.5174399614334106,-0.0030478215776383877
0.5849679708480835,0.6076993346214294,-0.05041467770934105
0.473629891872406,0.6060968041419983,-0.06611406803131104
0.6006208062171936,0.6904826760292053,0.22320008277893066
0.4613402485847473,0.6873313784599304,0.2061617523431778
0.5908856987953186,0.7008262872695923,0.2418527603149414
0.4710330665111542,0.6963647603988647,0.22407495975494385
0.6233029961585999,0.7192526459693909,0.04036025330424309
0.445993036031723,0.7162839770317078,0.018798278644680977
-
0.5278114676475525,0.3641603887081146,-0.4594716727733612
0.5371913909912109,0.35631653666496277,-0.4337741732597351
0.5431028008460999,0.3561180830001831,-0.43381935358047485
0.5469956398010254,0.35587602853775024,-0.43386220932006836
0.519438624382019,0.35659873485565186,-0.4324561357498169
0.5136913657188416,0.35652250051498413,-0.43249157071113586
0.5078651309013367,0.3564611077308655,-0.4324406087398529
0.5549788475036621,0.3584617078304291,-0.24844114482402802
0.5016094446182251,0.3592812418937683,-0.24476684629917145
0.5384026169776917,0.3726451098918915,-0.3886786997318268
0.5164318680763245,0.3731531500816345,-0.38793203234672546
0.5990568995475769,0.40327781438827515,-0.1220039501786232
0.46061447262763977,0.4050024151802063,-0.11110691726207733
0.6249117255210876,0.4596576690673828,-0.308167040348053
0.4278891384601593,0.4660256803035736,-0.2697817087173462
0.642596960067749,0.42966294288635254,-0.717818558216095
0.4098861813545227,0.4358185827732086,-0.6776983737945557
0.648729681968689,0.42167797684669495,-0.798559308052063
0.40498432517051697,0.4260517954826355,-0.7565494775772095
0.6466289162635803,0.41451495885849,-0.805185079574585
0.40745505690574646,0.4188627600669861,-0.7629410624504089
0.6406974792480469,0.4169880747795105,-0.7300698161125183
0.4110064208507538,0.42125946283340454,-0.6902182698249817
0.5686476826667786,0.5212719440460205,0.0027698390185832977
0.4851091206073761,0.5202681422233582,-0.002973493654280901
0.586767315864563,0.6098251342773438,-0.05955011025071144
0.47184211015701294,0.6089030504226685,-0.06537056714296341
0.6006187200546265,0.6903544664382935,0.24629908800125122
0.4608836770057678,0.687330424785614,0.23699644207954407
0.5910796523094177,0.7006112337112427,0.2684614062309265
0.47046560049057007,0.696364164352417,0.25834402441978455
0.6228181719779968,0.718992292881012,0.07102730870246887
0.4459078907966614,0.7162824869155884,0.059410467743873596
-
0.5271034836769104,0.37065863609313965,-0.5190028548240662
0.536216139793396,0.3623057007789612,-0.49589359760284424
0.5421960353851318,0.3619355261325836,-0.4959205985069275
0.5463666915893555,0.3616509437561035,-0.4959757626056671
0.5189055800437927,0.36262863874435425,-0.49338361620903015
0.5133230686187744,0.3625190854072571,-0.4934493899345398
0.5075407028198242,0.36259275674819946,-0.4934157133102417
0.5542850494384766,0.3635036051273346,-0.3070010840892792
0.5013903975486755,0.364870548248291,-0.2962489128112793
0.5375455021858215,0.37888625264167786,-0.44517338275909424
0.5162039995193481,0.3796754479408264,-0.44245660305023193
0.5992187261581421,0.40695422887802124,-0.15532201528549194
0.4605198800563812,0.40921854972839355,-0.1514895111322403
0.6272448897361755,0.46022504568099976,-0.34334996342658997
0.42448657751083374,0.46863728761672974,-0.30879583954811096
0.6426743268966675,0.4345523715019226,-0.7745155096054077
0.4071282744407654,0.4399016797542572,-0.7129687666893005
0.6483640074729919,0.4273563027381897,-0.8568925857543945
0.40349629521369934,0.4307103753089905,-0.7902926206588745
0.6461625099182129,0.42075252532958984,-0.8657032251358032
0.4066738486289978,0.4235246777534485,-0.7981523871421814
0.6404884457588196,0.4234887957572937,-0.7879225611686707
0.4100044369697571,0.4258427619934082,-0.7253416180610657
0.5688685774803162,0.5241143703460693,0.003912861458957195
0.4850306212902069,0.5233639478683472,-0.0041057271882891655
0.5895460844039917,0.6099347472190857,-0.1896449774503708
0.46956512331962585,0.6100441217422485,-0.07463039457798004
0.6009764075279236,0.6902536153793335,0.11050841957330704
0.4606364071369171,0.6875507831573486,0.22796747088432312
0.5916835069656372,0.7005889415740967,0.13023068010807037
0.4700852334499359,0.6968876123428345,0.24657189846038818
0.6229481101036072,0.7189772725105286,-0.09041616320610046
0.44590169191360474,0.71659916639328,0.04655586928129196
-
0.5270956754684448,0.3775846064090729,-0.5149370431900024
0.5359753370285034,0.3691125512123108,-0.4923580586910248
0.5419617295265198,0.36858808994293213,-0.49239811301231384
0.5461817979812622,0.3681153655052185,-0.49245643615722656
0.5188911557197571,0.3698074519634247,-0.49054577946662903
0.5133746862411499,0.3697526752948761,-0.4906005859375
0.507685124874115,0.3697449266910553,-0.49056094884872437
0.5538645386695862,0.36937934160232544,-0.3058837354183197
0.5013942718505859,0.3709262013435364,-0.29834896326065063
0.5375277400016785,0.3854648172855377,-0.4418593645095825
0.5163265466690063,0.38652902841567993,-0.4400213360786438
0.5991829633712769,0.41059041023254395,-0.15749570727348328
0.46051228046417236,0.4139994978904724,-0.15325547754764557
0.6295593976974487,0.4637725353240967,-0.33451783657073975
0.4247193932533264,0.47361746430397034,-0.30344098806381226
0.6432549953460693,0.4402855336666107,-0.7585744261741638
0.4073917269706726,0.4484523832798004,-0.6991785168647766
0.6483995914459229,0.43296170234680176,-0.8394001722335815
0.40215811133384705,0.4410085678100586,-0.7740235924720764
0.6458271145820618,0.42680391669273376,-0.8498280644416809
0.40534237027168274,0.4324099123477936,-0.7843493223190308
0.6401933431625366,0.4292723536491394,-0.7723756432533264
0.4095481038093567,0.4341827929019928,-0.7123647928237915
0.5691782832145691,0.5266419649124146,0.004601663909852505
0.48467907309532166,0.5258366465568542,-0.004783723969012499
0.5937526226043701,0.610548734664917,-0.19862355291843414
0.46738627552986145,0.6114022135734558,-0.0969691351056099
0.6010992527008057,0.6901894211769104,0.09638562798500061
0.4603646695613861,0.6875510215759277,0.20681720972061157
0.5919497013092041,0.7005894780158997,0.11534515768289566
0.4696323275566101,0.6968525648117065,0.22680072486400604
0.6230053305625916,0.7188524007797241,-0.09910430014133453
0.4457368552684784,0.7165905833244324,0.02260756306350231
-
0.5273007750511169,0.38607409596443176,-0.5161683559417725
0.5359978079795837,0.377922385931015,-0.49554383754730225
0.541960597038269,0.37766769528388977,-0.4955745339393616
0.5461487174034119,0.3774203658103943,-0.4956478476524353
0.5190891027450562,0.37804272770881653,-0.49593114852905273
0.5137054324150085,0.37784963846206665,-0.4959760904312134
0.5081536173820496,0.37759116291999817,-0.49592292308807373
0.5536549687385559,0.3781962990760803,-0.3099443316459656
0.5014210343360901,0.3781299293041229,-0.3127264976501465
0.5375088453292847,0.39452147483825684,-0.44206616282463074
0.5165416598320007,0.39528676867485046,-0.44309553503990173
0.5966081023216248,0.4156651496887207,-0.1544821709394455
0.4604334533214569,0.4198698103427887,-0.164613276720047
0.6306575536727905,0.4681366980075836,-0.3210825026035309
0.4241921305656433,0.4788597524166107,-0.3096972107887268
0.643255889415741,0.44366130232810974,-0.7364901900291443
0.40725037455558777,0.4530504643917084,-0.6941121220588684
0.6484713554382324,0.4377446174621582,-0.8169626593589783
0.40131276845932007,0.4466486871242523,-0.7668448686599731
0.6458237767219543,0.43198665976524353,-0.826554536819458
0.40448281168937683,0.43884915113449097,-0.7789965867996216
0.64019775390625,0.4344901144504547,-0.7500819563865662
0.409051775932312,0.44055652618408203,-0.7074398994445801
0.569369912147522,0.5284848213195801,0.006208529695868492
0.4846285581588745,0.5279070734977722,-0.006357324309647083
0.5972249507904053,0.61198890209198,-0.1953936517238617
0.46583399176597595,0.6123086214065552,-0.12883682548999786
0.6010876297950745,0.6901676654815674,0.08957735449075699
0.46034863591194153,0.6877472996711731,0.1436908096075058
0.5919931530952454,0.7005971074104309,0.10778755694627762
0.46964895725250244,0.6971933245658875,0.16047440469264984
0.6232491731643677,0.7188877463340759,-0.0941852554678917
0.4449613392353058,0.7167263031005859,-0.038590528070926666
-
0.5264943242073059,0.3965650796890259,-0.5512573719024658
0.5351155996322632,0.3884832561016083,-0.532567024230957
0.5409581661224365,0.3882732689380646,-0.532569944858551
0.5453363060951233,0.38811638951301575,-0.5326428413391113
0.518343448638916,0.3885224759578705,-0.5312283635139465
0.5129355192184448,0.38855770230293274,-0.5312967300415039
0.5074883103370667,0.38848990201950073,-0.5312487483024597
0.5525559186935425,0.38865524530410767,-0.3495630919933319
0.5013846755027771,0.38910213112831116,-0.34400203824043274
0.5368152856826782,0.4045843482017517,-0.4774320721626282
0.5161557197570801,0.4044279158115387,-0.476116806268692
0.5958376526832581,0.42327386140823364,-0.19044643640518188
0.4605255126953125,0.42706847190856934,-0.19220492243766785
0.6332824230194092,0.47590628266334534,-0.35773757100105286
0.4238415062427521,0.48359498381614685,-0.34862127900123596
0.642988920211792,0.45292097330093384,-0.7546716332435608
0.40703633427619934,0.4609474539756775,-0.7282845973968506
0.6481183171272278,0.44597363471984863,-0.8317109942436218
0.40090522170066833,0.454873651266098,-0.7991308569908142
0.6450849771499634,0.43951416015625,-0.8384289145469666
0.40418002009391785,0.4470370411872864,-0.8083996176719666
0.6396097540855408,0.4415045380592346,-0.7662794589996338
0.40871793031692505,0.4488270878791809,-0.7406215071678162
0.569527804851532,0.5329827666282654,0.006509785074740648
0.48463109135627747,0.5328801870346069,-0.006647900678217411
0.5986042022705078,0.6134140491485596,-0.235511913895607
0.46366453170776367,0.614814817905426,-0.12764650583267212
0.5998008847236633,0.6897000074386597,0.06341772526502609
0.46042901277542114,0.6876059770584106,0.14587770402431488
0.5906667113304138,0.6996372938156128,0.08339642733335495
0.47043219208717346,0.6971724033355713,0.16246411204338074
0.6231511235237122,0.7188176512718201,-0.11760175228118896
0.44480928778648376,0.7166450023651123,-0.0357239730656147
-
0.5263866186141968,0.40540823340415955,-0.5490513443946838
0.5346735715866089,0.3972863554954529,-0.5307345986366272
0.5405184030532837,0.3969081938266754,-0.5307300686836243
0.5448535680770874,0.39656567573547363,-0.5307993292808533
0.5180898308753967,0.3974550664424896,-0.5306606888771057
0.5128234028816223,0.3972088396549225,-0.5307310819625854
0.5073813796043396,0.39699816703796387,-0.5306812524795532
0.5519009232521057,0.39687544107437134,-0.3514919579029083
0.5013495683670044,0.39788514375686646,-0.3520083427429199
0.5367001891136169,0.41288766264915466,-0.4766503572463989
0.5161190032958984,0.41264548897743225,-0.47703462839126587
0.5951923131942749,0.431072860956192,-0.19337362051010132
0.4610094428062439,0.43536096811294556,-0.20172084867954254
0.6326984167098999,0.4844290614128113,-0.35422199964523315
0.4245392978191376,0.49169936776161194,-0.36001378297805786
0.6427703499794006,0.46009740233421326,-0.7442225813865662
0.40752148628234863,0.46762141585350037,-0.7353528141975403
0.647991418838501,0.4522567391395569,-0.8181219100952148
0.40101245045661926,0.46115702390670776,-0.8031833171844482
0.6450681686401367,0.4454358220100403,-0.8236377239227295
0.40422338247299194,0.4538964629173279,-0.8107263445854187
0.6396198868751526,0.4471674859523773,-0.7548283338546753
0.4087403118610382,0.4559452533721924,-0.746602475643158
0.5697556138038635,0.5370268225669861,0.006839777808636427
0.48473718762397766,0.5376951694488525,-0.006974767427891493
0.5993223190307617,0.6149190664291382,-0.25312045216560364
0.46187499165534973,0.6176159977912903,-0.12943071126937866
0.599974513053894,0.6897000670433044,0.017015045508742332
0.4604300558567047,0.6875952482223511,0.14228591322898865
0.5907599925994873,0.6997072696685791,0.03431708365678787
0.4708184599876404,0.6972789764404297,0.15917734801769257
0.6229830980300903,0.7187524437904358,-0.16117675602436066
0.4438861012458801,0.716632068157196,-0.026520011946558952
-
0.5262954831123352,0.41372933983802795,-0.5385969281196594
0.5343543291091919,0.40546494722366333,-0.5213510990142822
0.5400251150131226,0.4050265848636627,-0.5213401317596436
0.5442584156990051,0.40457645058631897,-0.5213887095451355
0.5179963111877441,0.4056145250797272,-0.5203811526298523
0.512786865234375,0.4051554799079895,-0.5204473733901978
0.5073716044425964,0.4047544598579407,-0.5204125642776489
0.5511732697486877,0.4044181704521179,-0.34655261039733887
0.5013195872306824,0.4050447344779968,-0.34228548407554626
0.536418616771698,0.4207748770713806,-0.467239648103714
0.5161070227622986,0.42068395018577576,-0.46635928750038147
0.5944150686264038,0.43561673164367676,-0.19070886075496674
0.4610171914100647,0.440488338470459,-0.18957187235355377
0.632412314414978,0.4894045293331146,-0.3399825990200043
0.424694687128067,0.4970283508300781,-0.3337370455265045
0.6415583491325378,0.46656671166419983,-0.7354844212532043
0.4076569378376007,0.4749671518802643,-0.7199797630310059
0.6471901535987854,0.459179550409317,-0.7949654459953308
0.40085288882255554,0.4683729112148285,-0.7670270204544067
0.6443616151809692,0.4521077573299408,-0.801218569278717
0.4039387106895447,0.46137022972106934,-0.7752953171730042
0.6388567090034485,0.45430701971054077,-0.7418965697288513
0.40856513381004333,0.46312084794044495,-0.7272385358810425
0.5698007941246033,0.5395892262458801,0.0063328188844025135
0.4848015308380127,0.5402015447616577,-0.006474610883742571
0.5992199182510376,0.6162844896316528,-0.2723331153392792
0.4603753685951233,0.6195617914199829,-0.1407485157251358
0.5999727845191956,0.6885794401168823,0.025405853986740112
0.46045103669166565,0.6875801086425781,0.1483369767665863
0.5907739400863647,0.6973163485527039,0.0460192896425724
0.47099483013153076,0.697064220905304,0.1673436015844345
0.6215276122093201,0.7186607718467712,-0.1466318517923355
0.443795770406723,0.7167589664459229,-0.01992950215935707
-
0.5262976288795471,0.4206436276435852,-0.5621414184570312
0.5342682600021362,0.41230350732803345,-0.5440566539764404
0.539821207523346,0.4117248058319092,-0.5440495014190674
0.5439016819000244,0.4110724925994873,-0.5441156029701233
0.5179756879806519,0.4126765727996826,-0.5429518818855286
0.5127830505371094,0.4122332036495209,-0.5430401563644409
0.507377028465271,0.4116590917110443,-0.5430176258087158
0.5510385036468506,0.4106079041957855,-0.36580193042755127
0.5013144016265869,0.41199326515197754,-0.36070042848587036
0.5364149808883667,0.42750340700149536,-0.4898003041744232
0.516275942325592,0.42746129631996155,-0.4886266589164734
0.5936082005500793,0.4405185580253601,-0.20519320666790009
0.46101197600364685,0.44748201966285706,-0.20501182973384857
0.6316806077957153,0.4945644736289978,-0.3555769920349121
0.42482975125312805,0.5037871599197388,-0.3506322205066681
0.6396710872650146,0.472602903842926,-0.7337427735328674
0.40763527154922485,0.48155149817466736,-0.7102726697921753
0.645348846912384,0.46492165327072144,-0.7996378540992737
0.3993995785713196,0.47439059615135193,-0.770315408706665
0.6421611905097961,0.45795050263404846,-0.8049362301826477
0.4026314914226532,0.46842366456985474,-0.7778259515762329
0.6363660097122192,0.46033725142478943,-0.7423712611198425
0.40767189860343933,0.4706549048423767,-0.7201688885688782
0.5700165629386902,0.5434531569480896,0.006297975312918425
0.4850647747516632,0.5442342758178711,-0.006435515359044075
0.5997480750083923,0.6175087690353394,-0.32955753803253174
0.45904678106307983,0.6209829449653625,-0.18604141473770142
0.6000534892082214,0.6886040568351746,-0.03200937807559967
0.46050193905830383,0.68746417760849,0.11942978203296661
0.5911449193954468,0.6974362134933472,-0.01134229265153408
0.47101303935050964,0.6966566443443298,0.1405584067106247
0.6206063032150269,0.7187218070030212,-0.20623713731765747
0.4440629184246063,0.7168909311294556,-0.03663942962884903
-
0.5261178612709045,0.42449790239334106,-0.5478253960609436
0.534005880355835,0.4162188172340393,-0.530180811882019
0.5394479036331177,0.4156268239021301,-0.5301709175109863
0.5434008836746216,0.41515177488327026,-0.5302205085754395
0.5178521871566772,0.4167126715183258,-0.5282329320907593
0.5126489996910095,0.41632604598999023,-0.5283169746398926
0.5072513818740845,0.4158976674079895,-0.5282929539680481
0.5507792234420776,0.41433849930763245,-0.35635629296302795
0.5012789368629456,0.4155929684638977,-0.347129762172699
0.5361984968185425,0.4311290681362152,-0.477186381816864
0.5162477493286133,0.431182861328125,-0.4749215841293335
0.5934121608734131,0.4444264769554138,-0.2011297643184662
0.4608865976333618,0.4520546495914459,-0.190974622964859
0.6315340399742126,0.49828559160232544,-0.35175517201423645
0.42517250776290894,0.5082236528396606,-0.33382296562194824
0.6389936804771423,0.4751884937286377,-0.729358434677124
0.40609481930732727,0.484860897064209,-0.6878072023391724
0.6446699500083923,0.4673934876918793,-0.7988953590393066
0.3972788155078888,0.4784072935581207,-0.7434052228927612
0.641301155090332,0.46105971932411194,-0.8047459125518799
0.4005090892314911,0.4715147614479065,-0.7498363256454468
0.6359885931015015,0.4632948040962219,-0.7386916279792786
0.40531158447265625,0.4733305871486664,-0.6969125270843506
0.5702688694000244,0.546242356300354,0.0055023194290697575
0.48590201139450073,0.5472337007522583,-0.005636532325297594
0.6000689268112183,0.6191259026527405,-0.34890151023864746
0.4548581540584564,0.624452531337738,-0.1812037080526352
0.5998817682266235,0.6888059377670288,-0.05838804319500923
0.46060460805892944,0.6873596906661987,0.12850545346736908
0.591070830821991,0.6975303888320923,-0.03862343728542328
0.47134920954704285,0.6964165568351746,0.14958415925502777
0.619840681552887,0.7187622785568237,-0.23501750826835632
0.4437296688556671,0.7167386412620544,-0.02769983373582363
-
0.5254724025726318,0.4255739748477936,-0.5463497638702393
0.533327043056488,0.41760188341140747,-0.5292484760284424
0.5387486219406128,0.41718873381614685,-0.5292342901229858
0.5426530241966248,0.41683316230773926,-0.529283881187439
0.5172659158706665,0.41789332032203674,-0.5254341959953308
0.5120732188224792,0.4175482392311096,-0.5255268812179565
0.5066540837287903,0.417036235332489,-0.5255045294761658
0.5505234599113464,0.41604167222976685,-0.3582158088684082
0.5011482834815979,0.41643214225769043,-0.34052494168281555
0.5353989601135254,0.432711124420166,-0.47693580389022827
0.5156764388084412,0.4329317510128021,-0.4722316265106201
0.5933977961540222,0.44773465394973755,-0.20721766352653503
0.46099594235420227,0.4537014961242676,-0.18346479535102844
0.6315589547157288,0.5017713308334351,-0.36230891942977905
0.42525774240493774,0.5093849897384644,-0.328916072845459
0.6383125185966492,0.4767935276031494,-0.7374626994132996
0.4047689139842987,0.4855566620826721,-0.6757985949516296
0.6438642740249634,0.46812930703163147,-0.8044507503509521
0.3939693868160248,0.4784107804298401,-0.734012246131897
0.6403593420982361,0.4628869891166687,-0.8104432821273804
0.39704957604408264,0.47158366441726685,-0.7414366006851196
0.6353669762611389,0.46531838178634644,-0.746486246585846
0.4021604657173157,0.47353848814964294,-0.6862204670906067
0.5703898072242737,0.5490579605102539,0.0027363505214452744
0.486299991607666,0.550028920173645,-0.0028686546720564365
0.6005846858024597,0.6214307546615601,-0.35716450214385986
0.45140036940574646,0.6271666884422302,-0.17080558836460114
0.5998861789703369,0.6888227462768555,-0.04292061924934387
0.4606077969074249,0.6874067783355713,0.13228711485862732
0.5911303758621216,0.6973689794540405,-0.020585499703884125
0.47135433554649353,0.6964256763458252,0.15743465721607208
0.6189757585525513,0.7188578248023987,-0.2172357141971588
0.4430791139602661,0.7164312601089478,-0.00695756683126092
-
0.5252095460891724,0.42347270250320435,-0.5274927616119385
0.5329667329788208,0.41563907265663147,-0.5073304772377014
0.5383411645889282,0.41531458497047424,-0.5073007941246033
0.5421556830406189,0.41500124335289,-0.5073189735412598
0.5167972445487976,0.41581764817237854,-0.5022382736206055
0.5115712881088257,0.4155975878238678,-0.5023511052131653
0.5062768459320068,0.4152955114841461,-0.502341628074646
0.5502299070358276,0.41501331329345703,-0.3412209153175354
0.5010257959365845,0.4154365062713623,-0.314428448677063
0.5351190567016602,0.4312368333339691,-0.46170663833618164
0.5155127048492432,0.4321461319923401,-0.454080194234848
0.5930699110031128,0.44881564378738403,-0.20063269138336182
0.4609871804714203,0.45568686723709106,-0.16587533056735992
0.631646454334259,0.49958544969558716,-0.3548770546913147
0.425171434879303,0.5104631185531616,-0.31067153811454773
0.638131856918335,0.47515439987182617,-0.7357099652290344
0.404056578874588,0.48563352227211,-0.6628795266151428
0.6429762244224548,0.4673704206943512,-0.7982900142669678
0.3931277394294739,0.4769372344017029,-0.723703145980835
0.6383678913116455,0.46250611543655396,-0.8058915734291077
0.3968314230442047,0.47002071142196655,-0.7304921746253967
0.6333553194999695,0.4653170108795166,-0.7444401979446411
0.402086079120636,0.4722040593624115,-0.6733106374740601
0.5704633593559265,0.549994170665741,0.0018529512453824282
0.48646995425224304,0.5504931807518005,-0.0019840425811707973
0.6007094979286194,0.6229808330535889,-0.37713903188705444
0.45064231753349304,0.6278945207595825,-0.17358997464179993
0.599804162979126,0.6888445615768433,-0.06067068129777908
0.4606500267982483,0.6873179078102112,0.13357612490653992
0.5907798409461975,0.6973130106925964,-0.038535673171281815
0.4713517129421234,0.6955845952033997,0.1638026386499405
0.6183218359947205,0.7188612222671509,-0.23974768817424774
0.4430229067802429,0.7159874439239502,-0.0019851175602525473
-
0.5247088074684143,0.4194428026676178,-0.5304195880889893
0.5325796008110046,0.41177019476890564,-0.5073705315589905
0.5379502773284912,0.4114634394645691,-0.5073532462120056
0.5416784882545471,0.4112294316291809,-0.5073922872543335
0.5165367722511292,0.4118382930755615,-0.5035958290100098
0.5113030672073364,0.4115823209285736,-0.5037134289741516
0.5060664415359497,0.41128602623939514,-0.5036991834640503
0.5499150156974792,0.4118264317512512,-0.3361872434616089
0.5009100437164307,0.4124211370944977,-0.31446659564971924
0.5347607731819153,0.4274429678916931,-0.4619823396205902
0.5149766802787781,0.42769676446914673,-0.4574389159679413
0.593043327331543,0.44853299856185913,-0.19257529079914093
0.460527241230011,0.4543871283531189,-0.16676680743694305
0.6318527460098267,0.4988767206668854,-0.36965179443359375
0.4244154691696167,0.5097934603691101,-0.32161471247673035
0.6381577253341675,0.4734528958797455,-0.7659084796905518
0.40342649817466736,0.48405513167381287,-0.6947136521339417
0.6430136561393738,0.46401676535606384,-0.8376278281211853
0.3928048014640808,0.4738515317440033,-0.7619155645370483
0.6385983824729919,0.45935606956481934,-0.8407995700836182
0.3970537483692169,0.467048317193985,-0.7644885778427124
0.6334965825080872,0.4625350832939148,-0.7746503949165344
0.4021351635456085,0.46963047981262207,-0.7041067481040955
0.5707228183746338,0.5499964356422424,0.0009787090821191669
0.48670002818107605,0.5504642128944397,-0.0011041362304240465
0.6013810038566589,0.6247913241386414,-0.4334048926830292
0.4506261646747589,0.6276178359985352,-0.22928713262081146
0.599803626537323,0.689378023147583,-0.09477487951517105
0.46065056324005127,0.6871967315673828,0.12508994340896606
0.590786337852478,0.6974561810493469,-0.07090029865503311
0.4712405800819397,0.6945886015892029,0.15109804272651672
0.6182867288589478,0.7189953327178955,-0.28318357467651367
0.44299355149269104,0.7159810662269592,-0.03527292609214783
-
0.5247178077697754,0.4172056317329407,-0.5308822989463806
0.532580554485321,0.40921980142593384,-0.5064487457275391
0.537865161895752,0.40877532958984375,-0.5064396858215332
0.5415095686912537,0.4083729386329651,-0.5064753890037537
0.5165365934371948,0.40916162729263306,-0.5030778646469116
0.511277973651886,0.40887999534606934,-0.503189206123352
0.5059919357299805,0.40850400924682617,-0.503171443939209
0.5490469336509705,0.40819376707077026,-0.323051393032074
0.5008389949798584,0.4088175296783447,-0.3144613206386566
0.5347585678100586,0.4252541661262512,-0.4610021710395813
0.5149521827697754,0.42544713616371155,-0.4597212076187134
0.5927311182022095,0.4462917447090149,-0.1880664825439453
0.4604431986808777,0.45166832208633423,-0.17019467055797577
0.6343412399291992,0.496091365814209,-0.37728407979011536
0.42333540320396423,0.5067082047462463,-0.3500138521194458
0.6391896605491638,0.4688945710659027,-0.7764639854431152
0.4034862816333771,0.4838380813598633,-0.7498734593391418
0.645419180393219,0.45859789848327637,-0.8516899347305298
0.3930596709251404,0.4700516164302826,-0.8243918418884277
0.6408089995384216,0.45371490716934204,-0.8507969975471497
0.3973160982131958,0.4658469557762146,-0.8224328756332397
0.6351140737533569,0.4569885730743408,-0.7839275002479553
0.4021916687488556,0.4691091477870941,-0.7582111954689026
0.5712445378303528,0.5493177175521851,0.0007655790541321039
0.4870994985103607,0.5496935844421387,-0.0009047463536262512
0.60196852684021,0.6262674331665039,-0.4316250681877136
0.45023930072784424,0.6281784772872925,-0.24683932960033417
0.5996137857437134,0.6887822151184082,-0.047211773693561554
0.4607733488082886,0.6871140599250793,0.13162381947040558
0.5902427434921265,0.6962265372276306,-0.02079582028090954
0.4713231921195984,0.6944092512130737,0.16160723567008972
0.6177030205726624,0.7189948558807373,-0.2291407734155655
0.4429854154586792,0.7159634232521057,-0.03065137378871441
-
0.524749219417572,0.40287646651268005,-0.49807295203208923
0.532715916633606,0.3956233561038971,-0.4719248414039612
0.5378961563110352,0.3956257998943329,-0.4719094932079315
0.5416247844696045,0.3955847918987274,-0.4719200134277344
0.5165375471115112,0.39503243565559387,-0.46787041425704956
0.5112553238868713,0.3948654234409332,-0.4679666757583618
0.5059530735015869,0.3947383761405945,-0.46794843673706055
0.5493254065513611,0.3979981541633606,-0.29596981406211853
0.500727653503418,0.3976428806781769,-0.2797359526157379
0.5348750352859497,0.41204601526260376,-0.432297021150589
0.5149821639060974,0.4121693968772888,-0.42817360162734985
0.593097984790802,0.44615402817726135,-0.17521525919437408
0.4608834981918335,0.4498933255672455,-0.14608322083950043
0.6355912089347839,0.4929814338684082,-0.3671002984046936
0.4233788251876831,0.5008305311203003,-0.3185049295425415
0.6392142176628113,0.45763516426086426,-0.7642821669578552
0.4033811390399933,0.4717639088630676,-0.7317287921905518
0.645313024520874,0.44744372367858887,-0.8362396359443665
0.3932929039001465,0.45724767446517944,-0.8132561445236206
0.640704870223999,0.44204244017601013,-0.8365488052368164
0.39768722653388977,0.45138049125671387,-0.7897704839706421
0.6350799202919006,0.44569629430770874,-0.7715867161750793
0.4023323059082031,0.4549559950828552,-0.7321570515632629
0.5721688866615295,0.548568844795227,0.0004817406879737973
0.4872121512889862,0.5484809279441833,-0.0006636841571889818
0.6024515628814697,0.6260733604431152,-0.3340228497982025
0.45086055994033813,0.6271584630012512,-0.20793025195598602
0.5996068716049194,0.6885219216346741,0.09636123478412628
0.460888534784317,0.6871920824050903,0.18007725477218628
0.5902021527290344,0.6959503889083862,0.1268809586763382
0.4714629352092743,0.6944541931152344,0.20886461436748505
0.6177817583084106,0.7189478874206543,-0.07325591146945953
0.4427018165588379,0.7159808874130249,0.01608201675117016
-
0.5247083902359009,0.3891321122646332,-0.5032801628112793
0.5326701998710632,0.3815002739429474,-0.4791043698787689
0.537806510925293,0.3814257085323334,-0.4790973961353302
0.5415675044059753,0.38149017095565796,-0.47913092374801636
0.5165131688117981,0.38139212131500244,-0.4739829897880554
0.5112358927726746,0.38129276037216187,-0.474065363407135
0.5059480667114258,0.38141095638275146,-0.4740368723869324
0.5493411421775818,0.3845965564250946,-0.30193549394607544
0.5006998777389526,0.3852009177207947,-0.27726638317108154
0.5348608493804932,0.39761826395988464,-0.43628793954849243
0.5149362087249756,0.3974437117576599,-0.43029001355171204
0.595079779624939,0.43442654609680176,-0.18138036131858826
0.4610433280467987,0.43614545464515686,-0.14041660726070404
0.636885404586792,0.48268136382102966,-0.40885627269744873
0.423295259475708,0.48878493905067444,-0.31848081946372986
0.6410366296768188,0.44588524103164673,-0.8236724734306335
0.40346816182136536,0.45338478684425354,-0.7256228923797607
0.6456626057624817,0.4348888397216797,-0.8993594646453857
0.39346903562545776,0.44141459465026855,-0.8018268346786499
0.6417267322540283,0.4293939471244812,-0.9001445174217224
0.3978905975818634,0.434479296207428,-0.7965965867042542
0.6369026303291321,0.4328894019126892,-0.8320874571800232
0.4027286171913147,0.438096821308136,-0.7332077026367188
0.5729407072067261,0.5410362482070923,-0.0015693793538957834
0.487692654132843,0.5399883985519409,0.0013522312510758638
0.6032676100730896,0.6252469420433044,-0.20917941629886627
0.4511656165122986,0.6265311241149902,-0.14931431412696838
0.599550187587738,0.6885359287261963,0.2035796344280243
0.46111682057380676,0.6876551508903503,0.2555290460586548
0.5901676416397095,0.6960724592208862,0.2341063767671585
0.4717875123023987,0.6947451829910278,0.2851330637931824
0.6177890300750732,0.7189388275146484,0.035077665001153946
0.441802054643631,0.7160233855247498,0.0953780934214592
-
0.5254144668579102,0.36973410844802856,-0.4222955107688904
0.5335334539413452,0.36256149411201477,-0.396745890378952
0.5383850336074829,0.36271190643310547,-0.39677056670188904
0.5428268909454346,0.3628738224506378,-0.39680397510528564
0.516857922077179,0.3620859682559967,-0.39108264446258545
0.5114007592201233,0.36196866631507874,-0.3911289572715759
0.5061156749725342,0.3620120882987976,-0.3910978138446808
0.5511093735694885,0.36730366945266724,-0.22280150651931763
0.5008711218833923,0.36700525879859924,-0.1974877417087555
0.5357131361961365,0.38024941086769104,-0.3570055663585663
0.5155781507492065,0.3802499771118164,-0.35022908449172974
0.5965230464935303,0.41723817586898804,-0.10892370343208313
0.4620762765407562,0.4211994707584381,-0.07525955140590668
0.6365401744842529,0.46551069617271423,-0.32628458738327026
0.42348015308380127,0.4747581481933594,-0.2502917945384979
0.6401929259300232,0.4281846582889557,-0.7329877018928528
0.40432560443878174,0.4368061423301697,-0.6468481421470642
0.6447534561157227,0.41845083236694336,-0.8064451217651367
0.3963734209537506,0.42402225732803345,-0.7213031053543091
0.6416829228401184,0.4126698076725006,-0.803735077381134
0.39991360902786255,0.4182681143283844,-0.7193855047225952
0.6368995904922485,0.41565337777137756,-0.7405999898910522
0.4043477475643158,0.42179909348487854,-0.6558486223220825
0.5737337470054626,0.5299600958824158,-0.001435310347005725
0.48772579431533813,0.5295010805130005,0.0012161302147433162
0.6035484075546265,0.6190530061721802,-0.22022473812103271
0.4539186656475067,0.6218386888504028,-0.1374136507511139
0.6000131368637085,0.6883186101913452,0.13353727757930756
0.4611445665359497,0.688529372215271,0.21150726079940796
0.5908090472221375,0.6960386037826538,0.1581805795431137
0.47174665331840515,0.6959490180015564,0.23650309443473816
0.6185183525085449,0.7184815406799316,-0.04950467869639397
0.44188499450683594,0.7160440683364868,0.05952993407845497
-
0.5269374251365662,0.35250556468963623,-0.35674524307250977
0.535647451877594,0.34563273191452026,-0.33276423811912537
0.5408138036727905,0.34563130140304565,-0.33280348777770996
0.5458672046661377,0.34568795561790466,-0.33282899856567383
0.518078088760376,0.34591609239578247,-0.32785406708717346
0.5122446417808533,0.34610646963119507,-0.32786884903907776
0.5070032477378845,0.3463103175163269,-0.3278183341026306
0.55396968126297,0.3493639826774597,-0.15937025845050812
0.5013812780380249,0.3505125641822815,-0.13731315732002258
0.5372915863990784,0.3624956011772156,-0.29051437973976135
0.5165867209434509,0.3636995553970337,-0.28464582562446594
0.5982083678245544,0.400898277759552,-0.052470408380031586
0.46474719047546387,0.4003369212150574,-0.017115755006670952
0.6343482732772827,0.45235785841941833,-0.2728273272514343
0.4263136088848114,0.4567563533782959,-0.19005152583122253
0.6402323246002197,0.4093260169029236,-0.6797764301300049
0.4044313132762909,0.42029285430908203,-0.5887105464935303
0.644874095916748,0.3979547917842865,-0.7534221410751343
0.39747074246406555,0.4087100028991699,-0.6630868315696716
0.641681969165802,0.39305517077445984,-0.7528773546218872
0.4011226296424866,0.40243110060691833,-0.6661379337310791
0.6369017362594604,0.3966170847415924,-0.6887224316596985
0.40541258454322815,0.40454596281051636,-0.600364625453949
0.5737500190734863,0.5177797079086304,-0.0036662945058196783
0.4878096282482147,0.5176455974578857,0.003434814279899001
0.6035020351409912,0.6097770929336548,-0.13553054630756378
0.45901939272880554,0.6105099320411682,-0.08900769799947739
0.6050183773040771,0.6883187890052795,0.16405023634433746
0.46087509393692017,0.6885460615158081,0.21012386679649353
0.5965017676353455,0.6960839033126831,0.18334589898586273
0.4704432487487793,0.6962741613388062,0.23042801022529602
0.6197793483734131,0.7184461951255798,-0.027254311367869377
0.44189682602882385,0.7161737680435181,0.03763001412153244
-
0.5290502905845642,0.33791619539260864,-0.30885612964630127
0.5381094813346863,0.33030223846435547,-0.28146180510520935
0.5432232618331909,0.33036965131759644,-0.28151431679725647
0.5483978390693665,0.3304961323738098,-0.28151991963386536
0.5204305648803711,0.33050745725631714,-0.2811574637889862
0.5141657590866089,0.33064180612564087,-0.28115609288215637
0.5089941024780273,0.3308577537536621,-0.281095027923584
0.5553039312362671,0.33433252573013306,-0.10091380029916763
0.5020243525505066,0.33500799536705017,-0.10011862963438034
0.5389953851699829,0.3480428159236908,-0.24059320986270905
0.5180023312568665,0.3488066494464874,-0.24075457453727722
0.600467324256897,0.386482298374176,-0.0019838239531964064
0.46420416235923767,0.38760215044021606,0.014579391106963158
0.6328835487365723,0.44342976808547974,-0.2020651251077652
0.4308997690677643,0.4476456046104431,-0.15342146158218384
0.6402315497398376,0.40124940872192383,-0.6000362038612366
0.40493836998939514,0.4057777523994446,-0.5527012944221497
0.6451278328895569,0.3873099684715271,-0.672066867351532
0.3975207507610321,0.3933732807636261,-0.6264665126800537
0.6421837210655212,0.3823342025279999,-0.6749275326728821
0.4011947214603424,0.3881695866584778,-0.6331504583358765
0.6373656988143921,0.385675311088562,-0.6106418967247009
0.4055519104003906,0.39028221368789673,-0.5657886266708374
0.5739066004753113,0.5059021711349487,-0.003572789253666997
0.4881250262260437,0.5061318278312683,0.003313716035336256
0.601965606212616,0.600853681564331,-0.08116418868303299
0.46339747309684753,0.6012554168701172,-0.06338164210319519
0.6125404834747314,0.6880277395248413,0.18928030133247375
0.45913925766944885,0.6840489506721497,0.23743194341659546
0.6050249934196472,0.6960111856460571,0.20483283698558807
0.46702244877815247,0.6906839609146118,0.2567836046218872
0.6223636865615845,0.7184663414955139,-0.010755354538559914
0.44192206859588623,0.7160695791244507,0.057021815329790115
-
0.5321526527404785,0.32635101675987244,-0.24728669226169586
0.5397228598594666,0.31817826628685,-0.21909010410308838
0.5443479418754578,0.3182770907878876,-0.21914058923721313
0.5497382283210754,0.3186371624469757,-0.2191402167081833
0.5234804749488831,0.31863680481910706,-0.21958506107330322
0.5171368718147278,0.3189869523048401,-0.21957670152187347
0.5112159252166748,0.3194536566734314,-0.2195245921611786
0.556833028793335,0.3244292736053467,-0.042182862758636475
0.5033765435218811,0.32446321845054626,-0.04633592069149017
0.541140615940094,0.3377111554145813,-0.180491641163826
0.5204288363456726,0.3378742039203644,-0.18214894831180573
0.601586639881134,0.37635213136672974,0.04182090237736702
0.464224249124527,0.37733304500579834,0.06112160533666611
0.6310997009277344,0.4304504990577698,-0.17036594450473785
0.430716872215271,0.4340694844722748,-0.10506296157836914
0.6402290463447571,0.3872866630554199,-0.5568321943283081
0.4049578905105591,0.3916582465171814,-0.4934975206851959
0.6449598073959351,0.3743860125541687,-0.6276564598083496
0.39752960205078125,0.38112595677375793,-0.5666322708129883
0.6420906782150269,0.3703971803188324,-0.6247379779815674
0.40117311477661133,0.3775326609611511,-0.5719389915466309
0.6373475193977356,0.3731427788734436,-0.5647988319396973
0.4055509865283966,0.3801991641521454,-0.5059201717376709
0.5741296410560608,0.495746374130249,-0.0035860962234437466
0.48840463161468506,0.4958876073360443,0.0033245172817260027
0.596853494644165,0.588666558265686,-0.07734889537096024
0.4685693383216858,0.5877560973167419,-0.05399132892489433
0.6159062385559082,0.6820693612098694,0.1564992517232895
0.4558829963207245,0.6772366762161255,0.22561313211917877
0.60835862159729,0.6900217533111572,0.1698126494884491
0.46271342039108276,0.6838074326515198,0.24365687370300293
0.6230054497718811,0.7176398038864136,-0.04660912603139877
0.4415919780731201,0.715552031993866,0.04456356540322304
-
0.5329208970069885,0.31612950563430786,-0.28309834003448486
0.5400777459144592,0.3086840808391571,-0.2586691379547119
0.5444649457931519,0.30855220556259155,-0.2587040066719055
0.5496767163276672,0.3086017370223999,-0.25868141651153564
0.5246502757072449,0.308845579624176,-0.25471198558807373
0.5186234712600708,0.3089478313922882,-0.25470057129859924
0.5129958391189575,0.30918288230895996,-0.2546517550945282
0.5569314360618591,0.3129095733165741,-0.0873890146613121
0.5053179860115051,0.31428584456443787,-0.07192502915859222
0.5416666269302368,0.32592830061912537,-0.21768435835838318
0.5218252539634705,0.3262297511100769,-0.2135891616344452
0.6064462661743164,0.3663720488548279,0.006058391649276018
0.4650897681713104,0.3640870451927185,0.03991144150495529
0.631111741065979,0.42201560735702515,-0.2008310705423355
0.43044790625572205,0.42450499534606934,-0.12947165966033936
0.6402467489242554,0.37968477606773376,-0.5981093645095825
0.4059799313545227,0.3850293755531311,-0.535310685634613
0.6451572179794312,0.3679196238517761,-0.6715088486671448
0.39957767724990845,0.3748489320278168,-0.6106405258178711
0.6427021026611328,0.36306360363960266,-0.6740586161613464
0.4029320478439331,0.3701167702674866,-0.6138479113578796
0.637746274471283,0.3659899830818176,-0.6081235408782959
0.4073392152786255,0.372791051864624,-0.5470486283302307
0.574029266834259,0.4874369204044342,-0.0033986892085522413
0.48836395144462585,0.48592376708984375,0.0031382145825773478
0.5944211483001709,0.5837429165840149,-0.0552307553589344
0.4693484306335449,0.5823162794113159,-0.04063801467418671
0.6155915856361389,0.674735963344574,0.20611245930194855
0.4540172517299652,0.669512152671814,0.2431279569864273
0.6075261235237122,0.6835802793502808,0.22084969282150269
0.46166399121284485,0.6770386695861816,0.2607179582118988
0.6303248405456543,0.7114555835723877,0.007697742432355881
0.4381651282310486,0.7077889442443848,0.05772528052330017
-
0.5357143878936768,0.3090604245662689,-0.33475446701049805
0.5422526001930237,0.30174824595451355,-0.3079674541950226
0.5467744469642639,0.301858514547348,-0.30802279710769653
0.5525814294815063,0.3020975589752197,-0.308025985956192
0.5268236398696899,0.3017464578151703,-0.30683720111846924
0.5207773447036743,0.3019627630710602,-0.30682915449142456
0.5146878361701965,0.30236494541168213,-0.30677956342697144
0.5595635175704956,0.30634310841560364,-0.12508633732795715
0.5070992112159729,0.30685955286026,-0.12212208658456802
0.5437480211257935,0.32007449865341187,-0.265253484249115
0.5247364640235901,0.32104045152664185,-0.2646617591381073
0.6103253960609436,0.3612275719642639,-0.020438117906451225
0.4660109281539917,0.35744571685791016,-0.004888822790235281
0.6340106725692749,0.41860899329185486,-0.2218131124973297
0.43153026700019836,0.4175620973110199,-0.17674675583839417
0.6435341238975525,0.3728519380092621,-0.6201207637786865
0.4069845974445343,0.37727075815200806,-0.5730541944503784
0.6466858983039856,0.36296147108078003,-0.6962172389030457
0.40079575777053833,0.3679962158203125,-0.628838300704956
0.6444041728973389,0.35775497555732727,-0.6990630626678467
0.40416446328163147,0.3643569350242615,-0.6240050196647644
0.6398833990097046,0.36105528473854065,-0.6307310461997986
0.40851232409477234,0.3667626976966858,-0.5814907550811768
0.5739365220069885,0.4825873374938965,-0.0033490569330751896
0.48827189207077026,0.47995585203170776,0.003101868089288473
0.5929800868034363,0.5748822689056396,-0.02602575346827507
0.4700413644313812,0.574336051940918,-0.043103668838739395
0.6143237352371216,0.6661443114280701,0.24550804495811462
0.45416462421417236,0.6648350358009338,0.22742584347724915
0.6072174310684204,0.675156831741333,0.26099666953086853
0.46230658888816833,0.6725652813911438,0.24774883687496185
0.6298100352287292,0.7020755410194397,0.044833965599536896
0.43784284591674805,0.7009893655776978,0.03519410267472267
-
0.5354380011558533,0.3058190941810608,-0.3511849343776703
0.5424984693527222,0.2978288531303406,-0.32160523533821106
0.5468423366546631,0.2980281710624695,-0.3216666877269745
0.5522805452346802,0.2981962561607361,-0.32169845700263977
0.5269173383712769,0.29742977023124695,-0.32391610741615295
0.5206379890441895,0.29738861322402954,-0.3239092230796814
0.5146778225898743,0.29756230115890503,-0.3238818347454071
0.5595242381095886,0.30339524149894714,-0.1329559087753296
0.5072186589241028,0.3032528758049011,-0.14487701654434204
0.543711245059967,0.31653574109077454,-0.28022995591163635
0.5246232151985168,0.31681784987449646,-0.28389161825180054
0.6098476648330688,0.3588356375694275,-0.022516192868351936
0.4660342037677765,0.3573136627674103,-0.022031396627426147
0.6340193748474121,0.4164717197418213,-0.20719709992408752
0.43437424302101135,0.4193975329399109,-0.23696307837963104
0.6466413140296936,0.36589664220809937,-0.5828208327293396
0.40792879462242126,0.3721369802951813,-0.6415164470672607
0.6497260332107544,0.35655468702316284,-0.6546288132667542
0.40232375264167786,0.36235424876213074,-0.719799280166626
0.6460272669792175,0.35142582654953003,-0.6549169421195984
0.40510547161102295,0.3592982888221741,-0.7189981341362
0.6415596604347229,0.35447385907173157,-0.5923748016357422
0.40919414162635803,0.3618367314338684,-0.6528146862983704
0.573923647403717,0.4797002673149109,0.003434732323512435
0.488251656293869,0.4770079255104065,-0.003687984077259898
0.5929451584815979,0.5699087381362915,-0.0797910988330841
0.470441609621048,0.5708235502243042,-0.05028524994850159
0.6140035390853882,0.6603716015815735,0.22760742902755737
0.45441389083862305,0.659510612487793,0.2798146903514862
0.6062542200088501,0.6688565015792847,0.2480362355709076
0.4626613259315491,0.6664425134658813,0.30372998118400574
0.6295567154884338,0.6973329186439514,0.03264059126377106
0.44306671619415283,0.6982927322387695,0.09713313728570938
-
0.5356233716011047,0.304499089717865,-0.34128662943840027
0.5429117679595947,0.29670920968055725,-0.31011489033699036
0.5470802187919617,0.29675084352493286,-0.3101710379123688
0.5523264408111572,0.29673340916633606,-0.3101682960987091
0.5270699858665466,0.2968967854976654,-0.31053510308265686
0.5205070376396179,0.2969977855682373,-0.3105256259441376
0.5146124362945557,0.2973238527774811,-0.31052204966545105
0.5604011416435242,0.3016144633293152,-0.12401007860898972
0.5076257586479187,0.3026782274246216,-0.12741197645664215
0.5444039702415466,0.3149726092815399,-0.27204611897468567
0.5253087878227234,0.3155316412448883,-0.2735602557659149
0.6119059324264526,0.35772475600242615,-0.02559538371860981
0.4659920632839203,0.35497501492500305,-0.02655710093677044
0.6336787939071655,0.41687631607055664,-0.21974900364875793
0.43456992506980896,0.4171472489833832,-0.2331010401248932
0.6494629979133606,0.36693987250328064,-0.6096087098121643
0.4088294208049774,0.3698742389678955,-0.6358366012573242
0.652706503868103,0.3566668629646301,-0.6826931834220886
0.4031670391559601,0.35969337821006775,-0.7132799625396729
0.6498902440071106,0.35162588953971863,-0.6843072175979614
0.4061077833175659,0.35601887106895447,-0.7135042548179626
0.6455661058425903,0.3541916012763977,-0.6193493604660034
0.4100079834461212,0.3584448993206024,-0.6472418308258057
0.5740759372711182,0.47866249084472656,0.003248969791457057
0.4882013201713562,0.4759666323661804,-0.0035081072710454464
0.5929985046386719,0.5668526887893677,-0.1367393583059311
0.47073251008987427,0.5696097016334534,-0.05425112694501877
0.6125794649124146,0.6553808450698853,0.19068455696105957
0.45459818840026855,0.6576062440872192,0.29921308159828186
0.605658233165741,0.6627997159957886,0.2109990417957306
0.46253839135169983,0.6636690497398376,0.32509857416152954
0.6229088306427002,0.694823145866394,0.009985709562897682
0.45124608278274536,0.6990672945976257,0.11128691583871841
-
0.5366185307502747,0.30506253242492676,-0.35432565212249756
0.5437365770339966,0.2970716059207916,-0.32354500889778137
0.5476852655410767,0.29715365171432495,-0.32360410690307617
0.5526019334793091,0.2974074184894562,-0.3236176073551178
0.5278995037078857,0.29732364416122437,-0.3252965807914734
0.5212085843086243,0.2976136803627014,-0.325298935174942
0.5151628851890564,0.2979618310928345,-0.3252854347229004
0.5605418086051941,0.3028607964515686,-0.13063624501228333
0.5080212950706482,0.30281320214271545,-0.1389712691307068
0.5452289581298828,0.3150227665901184,-0.28362134099006653
0.5260928869247437,0.315093994140625,-0.28592950105667114
0.6112087368965149,0.3581137955188751,-0.02388816699385643
0.4657066762447357,0.35502588748931885,-0.04727495461702347
0.633764922618866,0.41599902510643005,-0.21254849433898926
0.4358644187450409,0.41827231645584106,-0.2560544013977051
0.6520729660987854,0.3658924102783203,-0.5958985090255737
0.41017553210258484,0.37047484517097473,-0.6644138097763062
0.6547243595123291,0.3555648624897003,-0.6675116419792175
0.4041714668273926,0.3597427308559418,-0.7452880144119263
0.6521679162979126,0.3505125641822815,-0.665448784828186
0.40699055790901184,0.3563758134841919,-0.7453379034996033
0.6479969620704651,0.3531967103481293,-0.6044720411300659
0.41138285398483276,0.35935351252555847,-0.6759998202323914
0.5743335485458374,0.48089599609375,0.004756007809191942
0.4882505536079407,0.47849005460739136,-0.005027050618082285
0.5928617119789124,0.5706264972686768,-0.07836562395095825
0.47039100527763367,0.5718348026275635,-0.05793330445885658
0.6117339134216309,0.6570361852645874,0.28161779046058655
0.4547370970249176,0.6585783362388611,0.30822086334228516
0.605410635471344,0.6633734107017517,0.30738386511802673
0.4622872769832611,0.6647931337356567,0.33553779125213623
0.6195549368858337,0.6961085796356201,0.08571337908506393
0.45398470759391785,0.6996927261352539,0.12163016200065613
-
0.5371686220169067,0.30776578187942505,-0.3553478419780731
0.5439647436141968,0.3001723885536194,-0.32352861762046814
0.5478226542472839,0.30003151297569275,-0.3235868811607361
0.5525364279747009,0.2999465763568878,-0.32359957695007324
0.5284109115600586,0.3008139431476593,-0.3258034884929657
0.5218952894210815,0.3009856045246124,-0.32579419016838074
0.516002893447876,0.3011517822742462,-0.3257811367511749
0.5603888630867004,0.3046306371688843,-0.12793639302253723
0.508745551109314,0.30547213554382324,-0.14029747247695923
0.5455406904220581,0.3169105648994446,-0.28276047110557556
0.5267246961593628,0.3174597918987274,-0.28654515743255615
0.6106147766113281,0.3599247336387634,-0.019293591380119324
0.465731680393219,0.35562247037887573,-0.0396873913705349
0.6339253187179565,0.4176163077354431,-0.20609909296035767
0.43565577268600464,0.419703871011734,-0.2432122379541397
0.6538795828819275,0.36804628372192383,-0.5911180973052979
0.4128073453903198,0.3738155663013458,-0.6530800461769104
0.658071756362915,0.3563418686389923,-0.6645687222480774
0.40608176589012146,0.36376482248306274,-0.7305894494056702
0.6557512283325195,0.35130804777145386,-0.6626365184783936
0.4081399142742157,0.36052247881889343,-0.7317556738853455
0.6511245965957642,0.3541578948497772,-0.599615752696991
0.4124997556209564,0.3633210062980652,-0.6640949845314026
0.574435830116272,0.48297542333602905,0.004549939185380936
0.48824799060821533,0.4807104468345642,-0.004818345885723829
0.5929179191589355,0.5734275579452515,-0.07032813131809235
0.4700709581375122,0.5749942064285278,-0.057939205318689346
0.6115493178367615,0.6609069108963013,0.27917924523353577
0.4543904662132263,0.6610337495803833,0.3068956732749939
0.6049297451972961,0.6671472787857056,0.3034922778606415
0.4617706835269928,0.6672304272651672,0.33403876423835754
0.6176942586898804,0.6986297369003296,0.0817294791340828
0.45330455899238586,0.7007557153701782,0.12508419156074524
-
0.5386775732040405,0.314125120639801,-0.34980449080467224
0.5447829961776733,0.3070128858089447,-0.3168743848800659
0.548437774181366,0.3068675100803375,-0.31692299246788025
0.5530972480773926,0.30679672956466675,-0.31692996621131897
0.52997887134552,0.30728036165237427,-0.3199661672115326
0.5237231850624084,0.30727291107177734,-0.3199421465396881
0.517700731754303,0.3073353171348572,-0.3199155330657959
0.5603214502334595,0.3109474778175354,-0.11654597520828247
0.509307861328125,0.3114529848098755,-0.13363192975521088
0.5461375117301941,0.3231448829174042,-0.2749812602996826
0.527759850025177,0.3235495984554291,-0.2802918553352356
0.6104410886764526,0.3652630150318146,-0.003832144197076559
0.4656793773174286,0.36140745878219604,-0.030465513467788696
0.6354946494102478,0.41954484581947327,-0.18929964303970337
0.43642476201057434,0.4241299629211426,-0.22597718238830566
0.6550431847572327,0.37212392687797546,-0.5752930641174316
0.4148443341255188,0.3789491355419159,-0.6343746781349182
0.659683883190155,0.3613361120223999,-0.6513112187385559
0.40883415937423706,0.36929231882095337,-0.716252326965332
0.6575130224227905,0.3569789528846741,-0.6475271582603455
0.411581814289093,0.36552947759628296,-0.7175481915473938
0.6525685787200928,0.3598516583442688,-0.5835642218589783
0.4158608019351959,0.3684665858745575,-0.6453790664672852
0.5744396448135376,0.48621755838394165,0.0045783985406160355
0.4882459342479706,0.48422375321388245,-0.00484379380941391
0.5929405093193054,0.5766170024871826,-0.055458780378103256
0.4698158800601959,0.5779789686203003,-0.06222422793507576
0.6111560463905334,0.6633416414260864,0.2745410203933716
0.45300886034965515,0.6632131934165955,0.2897239625453949
0.6047312617301941,0.6679734587669373,0.2964927554130554
0.4600023627281189,0.668440043926239,0.3137998878955841
0.6175016760826111,0.7006884813308716,0.07468019425868988
0.45290276408195496,0.7042081356048584,0.08523238450288773
-
0.54048752784729,0.3178241550922394,-0.34305500984191895
0.5462974309921265,0.3104745149612427,-0.3092551529407501
0.5502716302871704,0.31031739711761475,-0.3093048334121704
0.5553752779960632,0.3101795017719269,-0.30931660532951355
0.5318893194198608,0.3106890916824341,-0.31565213203430176
0.5259602069854736,0.3106178343296051,-0.31562477350234985
0.519850492477417,0.31048259139060974,-0.3155936300754547
0.5615454912185669,0.314025342464447,-0.10985806584358215
0.5105922818183899,0.3146923780441284,-0.13921959698200226
0.5474491715431213,0.3271842300891876,-0.26850220561027527
0.5288812518119812,0.32747578620910645,-0.27801409363746643
0.6103754043579102,0.3672063946723938,0.003693352220579982
0.4655185639858246,0.3630335032939911,-0.0322016142308712
0.6373785734176636,0.4228859841823578,-0.16712293028831482
0.4362432658672333,0.4262982904911041,-0.23427356779575348
0.6563771963119507,0.37674322724342346,-0.5537682175636292
0.41454750299453735,0.3825899362564087,-0.6412221193313599
0.6625069379806519,0.3660552501678467,-0.6271113753318787
0.408467561006546,0.37305253744125366,-0.7220452427864075
0.6600075960159302,0.36126458644866943,-0.6276059746742249
0.41144421696662903,0.3692927658557892,-0.7243039608001709
0.6546949744224548,0.36418765783309937,-0.5641090869903564
0.41555532813072205,0.3721814751625061,-0.652631938457489
0.5746382474899292,0.492068350315094,0.007629500702023506
0.4882093071937561,0.48973602056503296,-0.007899266667664051
0.592757523059845,0.5819876194000244,-0.08104927092790604
0.468786358833313,0.5848222374916077,-0.06513240933418274
0.6108964085578918,0.6733438968658447,0.2486499398946762
0.4511009752750397,0.674582839012146,0.28334036469459534
0.6041579246520996,0.6801754832267761,0.2727797329425812
0.457541286945343,0.6822390556335449,0.30881452560424805
0.6176363229751587,0.7103337049484253,0.050440702587366104
0.44968846440315247,0.7117102742195129,0.1044793426990509
-
0.5407793521881104,0.3303926885128021,-0.39371681213378906
0.5477399826049805,0.322833389043808,-0.361190527677536
0.552707314491272,0.3229244649410248,-0.3612421751022339
0.5579407811164856,0.32318729162216187,-0.361298531293869
0.5323541164398193,0.32256150245666504,-0.3647303283214569
0.5263031721115112,0.3225787281990051,-0.3647051453590393
0.5200992822647095,0.3226933181285858,-0.36465826630592346
0.5636351704597473,0.3278418183326721,-0.1563965380191803
0.5111342668533325,0.3268219232559204,-0.17675422132015228
0.5481072068214417,0.34058669209480286,-0.3170183002948761
0.5291670560836792,0.3407081961631775,-0.3232618272304535
0.6100500822067261,0.37896108627319336,-0.013112244196236134
0.4662100374698639,0.3793891966342926,-0.06283025443553925
0.6398116946220398,0.43560296297073364,-0.17715610563755035
0.43625813722610474,0.44111108779907227,-0.25718456506729126
0.6580610275268555,0.38869205117225647,-0.5604570508003235
0.41812002658843994,0.3957644999027252,-0.6718970537185669
0.6646125316619873,0.376506507396698,-0.6393951177597046
0.4140339195728302,0.3855159878730774,-0.7530770301818848
0.6615434288978577,0.3716275095939636,-0.6399182081222534
0.4175756573677063,0.3808540403842926,-0.7532687783241272
0.6564516425132751,0.3753460645675659,-0.5745688676834106
0.42112410068511963,0.3835641145706177,-0.6823269128799438
0.5743239521980286,0.5037723183631897,0.01060752384364605
0.487962007522583,0.5004963874816895,-0.010859339497983456
0.5937293171882629,0.5963679552078247,-0.038378264755010605
0.46843817830085754,0.5950084924697876,-0.046839639544487
0.6102340221405029,0.6848354339599609,0.26624104380607605
0.4502236247062683,0.6807035803794861,0.29802221059799194
0.6037156581878662,0.6940968632698059,0.28612035512924194
0.45574602484703064,0.6888598799705505,0.3231102526187897
0.6179448366165161,0.718727707862854,0.07293656468391418
0.4462602734565735,0.7159714698791504,0.12105031311511993
-
0.5421800017356873,0.344664067029953,-0.41103222966194153
0.5491333603858948,0.33716291189193726,-0.37686073780059814
0.554349958896637,0.3375391364097595,-0.3769065737724304
0.5593670010566711,0.33807894587516785,-0.3769322335720062
0.5337082147598267,0.33672207593917847,-0.3797345757484436
0.5275171399116516,0.3368688225746155,-0.3797197937965393
0.5211659073829651,0.3369818329811096,-0.37968581914901733
0.5653271675109863,0.34347912669181824,-0.17457160353660583
0.5115890502929688,0.34182029962539673,-0.19162464141845703
0.5492187738418579,0.3551533818244934,-0.3364410996437073
0.5302848815917969,0.3544699251651764,-0.3416159451007843
0.6105197072029114,0.3953184485435486,-0.04198267683386803
0.46705353260040283,0.39346304535865784,-0.08650002628564835
0.6401511430740356,0.4492465853691101,-0.206674262881279
0.4366053640842438,0.4581225514411926,-0.2718397378921509
0.6610715389251709,0.4008576273918152,-0.5944263339042664
0.42054927349090576,0.4179421067237854,-0.6766111850738525
0.6678879261016846,0.391372948884964,-0.6733547449111938
0.41688647866249084,0.40767139196395874,-0.7579564452171326
0.6651478409767151,0.38708919286727905,-0.676261305809021
0.42018771171569824,0.4007507264614105,-0.759446382522583
0.6604923605918884,0.3894762694835663,-0.6095354557037354
0.42387479543685913,0.4033688008785248,-0.6874170303344727
0.5739604234695435,0.5170167684555054,0.010853424668312073
0.48728859424591064,0.5139451622962952,-0.011103586293756962
0.5940729975700378,0.6049466729164124,-0.0636729821562767
0.46683210134506226,0.6039976477622986,-0.06394502520561218
0.6029374003410339,0.6849431395530701,0.3063700199127197
0.4502407908439636,0.6859923601150513,0.31452101469039917
0.5936570167541504,0.6936132907867432,0.3348621428012848
0.45615333318710327,0.6958786249160767,0.345458984375
0.6145607829093933,0.7187044024467468,0.1365734040737152
0.44408589601516724,0.7173337340354919,0.1500975787639618
-
0.54338139295578,0.3581247925758362,-0.40121030807495117
0.5500496029853821,0.3512764871120453,-0.36821234226226807
0.5554276704788208,0.3513573408126831,-0.3682669699192047
0.5602551698684692,0.35150566697120667,-0.36829426884651184
0.5346671342849731,0.3512563109397888,-0.3710232079029083
0.5283907651901245,0.3514421880245209,-0.3710145652294159
0.5217626094818115,0.3515624701976776,-0.370989054441452
0.5658376216888428,0.35637927055358887,-0.17279493808746338
0.5119015574455261,0.35660138726234436,-0.18956124782562256
0.5501683354377747,0.36875781416893005,-0.3290005028247833
0.5315794348716736,0.369022011756897,-0.33405277132987976
0.6103776097297668,0.4088600277900696,-0.055819135159254074
0.4672272205352783,0.4074801802635193,-0.08930805325508118
0.6405252814292908,0.4600334167480469,-0.241339772939682
0.4387901723384857,0.47108644247055054,-0.27017006278038025
0.6611030101776123,0.4138855040073395,-0.6251428723335266
0.42059680819511414,0.43147778511047363,-0.6700254082679749
0.6681033372879028,0.40348944067955017,-0.6989409923553467
0.4164888560771942,0.4209132790565491,-0.7572027444839478
0.6654939651489258,0.39894095063209534,-0.6969452500343323
0.4192124605178833,0.4134256839752197,-0.7573851943016052
0.6606847047805786,0.4018033444881439,-0.6359781622886658
0.42296597361564636,0.4159722924232483,-0.6815460324287415
0.5745114088058472,0.5280498266220093,0.01052613090723753
0.4872877895832062,0.525090754032135,-0.010771493427455425
0.5964682698249817,0.6130709052085876,-0.0727967768907547
0.4633868336677551,0.6106130480766296,-0.11236117780208588
0.5977568030357361,0.6861928105354309,0.2959357798099518
0.45027944445610046,0.6863542795181274,0.2845456898212433
0.5877693891525269,0.6956272125244141,0.3240552246570587
0.45634031295776367,0.6955248117446899,0.32189786434173584
0.6148834824562073,0.7180193662643433,0.13958406448364258
0.443774551153183,0.7180595993995667,0.1288914829492569
-
0.5435605645179749,0.3684570789337158,-0.4067036807537079
0.5506907105445862,0.36157265305519104,-0.3766495883464813
0.5561133623123169,0.3615380525588989,-0.37672045826911926
0.5608986020088196,0.3615182042121887,-0.37678396701812744
0.535368025302887,0.36166125535964966,-0.3777364194393158
0.5293318629264832,0.3617827296257019,-0.37774285674095154
0.5232070684432983,0.36192452907562256,-0.3777298033237457
0.5668127536773682,0.3650287389755249,-0.19261465966701508
0.5138502717018127,0.3652178943157196,-0.20006442070007324
0.550754725933075,0.3773179054260254,-0.33798089623451233
0.5327206254005432,0.37858596444129944,-0.340518593788147
0.6103578805923462,0.4139679968357086,-0.08258162438869476
0.4685567617416382,0.4161970615386963,-0.09356553852558136
0.6404901742935181,0.4696197509765625,-0.2735522985458374
0.4428981840610504,0.47940143942832947,-0.2678585648536682
0.6605241894721985,0.4262421727180481,-0.6607606410980225
0.4207354784011841,0.4447817802429199,-0.6336308717727661
0.6676327586174011,0.41476958990097046,-0.735041618347168
0.4157692492008209,0.4334229826927185,-0.7084304690361023
0.66499924659729,0.4095068871974945,-0.7368761897087097
0.4187706708908081,0.42572563886642456,-0.7148100137710571
0.6600908637046814,0.41279226541519165,-0.6720294952392578
0.4225561022758484,0.42773953080177307,-0.6466827392578125
0.5746162533760071,0.5342325568199158,0.010425049811601639
0.4872857928276062,0.5314680337905884,-0.010691133327782154
0.6008627414703369,0.6188515424728394,-0.09272153675556183
0.4609508812427521,0.6163085699081421,-0.1218528226017952
0.5948231816291809,0.6868581175804138,0.2783912122249603
0.4511924684047699,0.6880033612251282,0.2516268491744995
0.5832715630531311,0.6960380673408508,0.30597183108329773
0.4603712260723114,0.697853684425354,0.28213220834732056
0.6161721348762512,0.7186871767044067,0.12904705107212067
0.44270554184913635,0.7185106873512268,0.10479749739170074
-
0.5433371663093567,0.37672433257102966,-0.423626571893692
0.5504815578460693,0.3695513606071472,-0.3968610167503357
0.5558189153671265,0.3695215582847595,-0.39692655205726624
0.5606180429458618,0.36964040994644165,-0.39699944853782654
0.5351844429969788,0.3698073923587799,-0.3964514434337616
0.5291904807090759,0.3700138032436371,-0.3964753746986389
0.52326500415802,0.3703102469444275,-0.3964638113975525
0.5666098594665527,0.3729010820388794,-0.21918265521526337
0.5138816237449646,0.37366679310798645,-0.21939969062805176
0.5506742000579834,0.3853088617324829,-0.3564670979976654
0.5324859619140625,0.38645440340042114,-0.3568599820137024
0.6103076338768005,0.41892939805984497,-0.1079075038433075
0.4699523448944092,0.4219793677330017,-0.10289540886878967
0.6404007077217102,0.4753700792789459,-0.3016587495803833
0.44451114535331726,0.4854734539985657,-0.26313892006874084
0.6590678691864014,0.43486133217811584,-0.694918692111969
0.420974999666214,0.4543839991092682,-0.6286106705665588
0.6645932793617249,0.42328840494155884,-0.7704516649246216
0.41529276967048645,0.44397038221359253,-0.7018568515777588
0.6622800827026367,0.4177371561527252,-0.7736064195632935
0.41870638728141785,0.4363431930541992,-0.7102518081665039
0.6576008796691895,0.4211100935935974,-0.7063314914703369
0.42228540778160095,0.4384096562862396,-0.642255425453186
0.5759322047233582,0.5380709171295166,0.008727767504751682
0.48759910464286804,0.5353310108184814,-0.00896936934441328
0.6038824915885925,0.622132420539856,-0.12084679305553436
0.4587000608444214,0.6210570931434631,-0.12439150363206863
0.595435380935669,0.6893567442893982,0.2449326366186142
0.4530303478240967,0.6882823705673218,0.2527465224266052
0.584323525428772,0.6984562277793884,0.273549348115921
0.4646937847137451,0.6968268752098083,0.28266066312789917
0.617623507976532,0.7192387580871582,0.1098233088850975
0.44205304980278015,0.7183068990707397,0.11098653078079224
-
0.5427259206771851,0.3799155056476593,-0.4385565519332886
0.5501900315284729,0.37275397777557373,-0.4105149209499359
0.5552399754524231,0.372864305973053,-0.41055166721343994
0.560333251953125,0.3731454014778137,-0.4106124937534332
0.5350096225738525,0.37231409549713135,-0.4123785197734833
0.5291035771369934,0.3721682131290436,-0.4123978018760681
0.5231762528419495,0.37211427092552185,-0.4123561978340149
0.5664581656455994,0.3772174119949341,-0.23039862513542175
0.5133863687515259,0.3763880431652069,-0.24174681305885315
0.5505489706993103,0.3888756036758423,-0.3710213005542755
0.53151935338974,0.3888094425201416,-0.3744722008705139
0.60854172706604,0.42399126291275024,-0.11101549118757248
0.46989762783050537,0.42522692680358887,-0.12387178093194962
0.6400343775749207,0.47931981086730957,-0.2859756350517273
0.44392192363739014,0.48868727684020996,-0.2677488625049591
0.6583588719367981,0.43798303604125977,-0.6757411360740662
0.4207656979560852,0.45876893401145935,-0.6314385533332825
0.6633154153823853,0.4270239770412445,-0.749972939491272
0.4143016040325165,0.44993987679481506,-0.7051287293434143
0.6604113578796387,0.42058253288269043,-0.7529116272926331
0.4170592725276947,0.4413042962551117,-0.7124210000038147
0.6556727290153503,0.42332082986831665,-0.6865695714950562
0.42087823152542114,0.4432096481323242,-0.6440032124519348
0.5765219330787659,0.5353847146034241,0.00944132823497057
0.488394170999527,0.5338340997695923,-0.00968969240784645
0.6055222749710083,0.6206205487251282,-0.137054905295372
0.4587452709674835,0.6195558309555054,-0.11493748426437378
0.5948914289474487,0.689687192440033,0.20347018539905548
0.4548926055431366,0.688416600227356,0.23847827315330505
0.5838606357574463,0.6983625292778015,0.22834739089012146
0.46617841720581055,0.6963287591934204,0.2645012438297272
0.6181585788726807,0.7191511392593384,0.05456944555044174
0.4409652352333069,0.7178691625595093,0.09487525373697281
-
0.5412250757217407,0.38280346989631653,-0.48289138078689575
0.5491461157798767,0.37512555718421936,-0.4569188058376312
0.5537332892417908,0.37500330805778503,-0.45694151520729065
0.5587342381477356,0.3749982714653015,-0.4570100009441376
0.5340573191642761,0.3752613067626953,-0.4565800428390503
0.5282162427902222,0.37502309679985046,-0.45663881301879883
0.5227178335189819,0.37479281425476074,-0.45661747455596924
0.5658044219017029,0.3787941634654999,-0.2756396532058716
0.5129492878913879,0.3785165250301361,-0.27602970600128174
0.5496422052383423,0.39112919569015503,-0.41399502754211426
0.5302356481552124,0.3909825384616852,-0.4144490659236908
0.6074960231781006,0.42320936918258667,-0.14754875004291534
0.46981918811798096,0.4266463816165924,-0.14778146147727966
0.6399871706962585,0.47977811098098755,-0.3386901915073395
0.4435993731021881,0.4883483350276947,-0.2980669438838959
0.6536544561386108,0.4423767030239105,-0.7525757551193237
0.42003071308135986,0.45977696776390076,-0.676505982875824
0.6562076807022095,0.43098384141921997,-0.8291153907775879
0.41228482127189636,0.45047202706336975,-0.7478579878807068
0.6539607644081116,0.42390114068984985,-0.8326340317726135
0.41516363620758057,0.442615807056427,-0.7565127015113831
0.6495869755744934,0.4272138178348541,-0.7628555297851562
0.4190581440925598,0.4448245167732239,-0.689062774181366
0.5767428278923035,0.5355144739151001,0.009427336044609547
0.4887407124042511,0.5344732403755188,-0.00967824924737215
0.6062431335449219,0.6198046803474426,-0.24589647352695465
0.4589007794857025,0.6188334822654724,-0.1511038839817047
0.5945857763290405,0.6890724897384644,0.11495629698038101
0.4558101296424866,0.6880110502243042,0.22090230882167816
0.5833379030227661,0.6974779367446899,0.14190946519374847
0.4668935239315033,0.6955832242965698,0.24835416674613953
0.6183650493621826,0.7189766764640808,-0.050528913736343384
0.4409323036670685,0.717614471912384,0.06759398430585861
-
0.5399190187454224,0.38008958101272583,-0.46128159761428833
0.548454999923706,0.37243711948394775,-0.4338962137699127
0.5529453754425049,0.37242820858955383,-0.4339302182197571
0.5578577518463135,0.3726047873497009,-0.4339993894100189
0.532670259475708,0.3726900517940521,-0.4346073567867279
0.5268514156341553,0.3727060556411743,-0.4346616864204407
0.5216856002807617,0.3728805184364319,-0.43464410305023193
0.5655505061149597,0.3769427537918091,-0.25427231192588806
0.5123849511146545,0.3768964409828186,-0.259538471698761
0.5490366220474243,0.3890109360218048,-0.39370614290237427
0.529222846031189,0.3888992965221405,-0.3955748379230499
0.6070621013641357,0.42297059297561646,-0.13635079562664032
0.4697412848472595,0.4258802533149719,-0.13889223337173462
0.6399664282798767,0.4784727692604065,-0.33117911219596863
0.44324907660484314,0.48805198073387146,-0.29219669103622437
0.6502907872200012,0.43963003158569336,-0.7330270409584045
0.41882434487342834,0.4617587625980377,-0.6693721413612366
0.6526753902435303,0.42813268303871155,-0.8085403442382812
0.4093727171421051,0.4519582688808441,-0.7413707971572876
0.6497191786766052,0.4212045669555664,-0.8084535598754883
0.41236957907676697,0.4435690939426422,-0.7492115497589111
0.6459468603134155,0.4248948097229004,-0.7421373724937439
0.41664502024650574,0.44611185789108276,-0.6819744110107422
0.5771637558937073,0.5364981889724731,0.009182620793581009
0.49006524682044983,0.5348110795021057,-0.009448439814150333
0.606415331363678,0.6205362677574158,-0.2622911334037781
0.4589354991912842,0.6182278394699097,-0.18042831122875214
0.5941922068595886,0.6892231106758118,0.10279957205057144
0.45616528391838074,0.6873880624771118,0.18692344427108765
0.5836296081542969,0.6975818872451782,0.13021844625473022
0.4669749438762665,0.6949908137321472,0.21391688287258148
0.618199348449707,0.7188707590103149,-0.06161413714289665
0.44104868173599243,0.7173992991447449,0.03260360658168793
-
0.5381993651390076,0.37664395570755005,-0.45136454701423645
0.5466436743736267,0.3699217438697815,-0.41888025403022766
0.5511006116867065,0.36988765001296997,-0.41892313957214355
0.5555866956710815,0.36984604597091675,-0.4189748167991638
0.5308607220649719,0.37008732557296753,-0.4203406870365143
0.5250974893569946,0.3702230155467987,-0.4203680157661438
0.5201883912086487,0.3704092800617218,-0.42035266757011414
0.5634996891021729,0.3736606240272522,-0.23806923627853394
0.5118592381477356,0.3744376301765442,-0.2430742084980011
0.5481321811676025,0.3857714831829071,-0.37787386775016785
0.5280599594116211,0.3861733675003052,-0.38087090849876404
0.6066262722015381,0.4210738241672516,-0.12304561585187912
0.4697008430957794,0.42409053444862366,-0.12775665521621704
0.6393506526947021,0.47645196318626404,-0.31784647703170776
0.44293344020843506,0.4852531850337982,-0.2839495539665222
0.6473305225372314,0.4367009997367859,-0.717521071434021
0.41786065697669983,0.45602792501449585,-0.6677302122116089
0.6486939787864685,0.42482057213783264,-0.7922106981277466
0.4077869951725006,0.4454808831214905,-0.7366251349449158
0.6457354426383972,0.41851696372032166,-0.794541597366333
0.4102539122104645,0.43889331817626953,-0.7482283115386963
0.6421979665756226,0.42228808999061584,-0.7277508974075317
0.41491466760635376,0.44166627526283264,-0.6790905594825745
0.5773857831954956,0.5341270565986633,0.009116856381297112
0.4909741282463074,0.5325709581375122,-0.009380815550684929
0.6069084405899048,0.6200551390647888,-0.2469855695962906
0.4589979350566864,0.6183316111564636,-0.10922388732433319
0.5940771102905273,0.6894153356552124,0.15410418808460236
0.45645004510879517,0.6882497072219849,0.21092578768730164
0.5836537480354309,0.697604238986969,0.18132035434246063
0.4668738842010498,0.695966899394989,0.24011290073394775
0.6183357238769531,0.719023585319519,-0.018378734588623047
0.4409525990486145,0.7173569202423096,0.055539898574352264
-
0.5367408990859985,0.3734210729598999,-0.43824005126953125
0.5453585982322693,0.3664565682411194,-0.41534745693206787
0.5499227046966553,0.3664676547050476,-0.4154002368450165
0.5541583299636841,0.3665199875831604,-0.4154832065105438
0.529140293598175,0.36651289463043213,-0.4149167239665985
0.5233341455459595,0.3665851950645447,-0.4149719178676605
0.5184328556060791,0.36672645807266235,-0.41498035192489624
0.5625066757202148,0.3704223334789276,-0.23055101931095123
0.5106198191642761,0.37090617418289185,-0.23616638779640198
0.5470015406608582,0.38253530859947205,-0.37429267168045044
0.526733934879303,0.3829665184020996,-0.37363505363464355
0.6063697338104248,0.41862350702285767,-0.11455202847719193
0.46964597702026367,0.4211503565311432,-0.12165062129497528
0.6386334896087646,0.4737571179866791,-0.3103368878364563
0.44272294640541077,0.4821511209011078,-0.28168395161628723
0.645754337310791,0.4339527189731598,-0.712862491607666
0.4178970754146576,0.45264068245887756,-0.6460789442062378
0.64799964427948,0.42226022481918335,-0.787682831287384
0.40745285153388977,0.4425041675567627,-0.7151676416397095
0.64521723985672,0.4160388112068176,-0.790231466293335
0.409431129693985,0.4358447194099426,-0.7259480953216553
0.6412951946258545,0.41986387968063354,-0.7234792113304138
0.41441237926483154,0.43850070238113403,-0.6589299440383911
0.5775697231292725,0.5323607325553894,0.009064826183021069
0.49136635661125183,0.5307270288467407,-0.009327385574579239
0.6069250702857971,0.6194344162940979,-0.1650826632976532
0.4597952663898468,0.6171343326568604,-0.09746495634317398
0.5941426753997803,0.689706027507782,0.18841995298862457
0.4565698504447937,0.6886100172996521,0.22188350558280945
0.5836853981018066,0.697864294052124,0.21273483335971832
0.46676453948020935,0.6959691047668457,0.24841538071632385
0.6185253262519836,0.7192717790603638,0.023957448080182076
0.4409586489200592,0.7172806859016418,0.0634918138384819
-
0.5352448225021362,0.3684021532535553,-0.40898817777633667
0.5435774326324463,0.36111027002334595,-0.38385841250419617
0.5485798120498657,0.36108148097991943,-0.3839121460914612
0.5524501800537109,0.361331582069397,-0.3839622437953949
0.5268207788467407,0.3616202175617218,-0.3831607401371002
0.5211756229400635,0.36208170652389526,-0.38321173191070557
0.5158628821372986,0.3628837466239929,-0.3832189738750458
0.5607630610466003,0.3663150668144226,-0.21490101516246796
0.5091789960861206,0.3690298795700073,-0.2128189653158188
0.5461832880973816,0.378132700920105,-0.34742820262908936
0.5257671475410461,0.37924259901046753,-0.3464576303958893
0.606370747089386,0.4174558222293854,-0.11277193576097488
0.46962770819664,0.4192855954170227,-0.11502042412757874
0.6382923722267151,0.473064124584198,-0.31092870235443115
0.4425886273384094,0.48071032762527466,-0.2791762948036194
0.6456179618835449,0.43259620666503906,-0.7122958898544312
0.4177703857421875,0.4497995376586914,-0.64610755443573
0.6479902267456055,0.4216281473636627,-0.7866684794425964
0.4073657691478729,0.43978437781333923,-0.7161093950271606
0.6453266143798828,0.41526126861572266,-0.7882378697395325
0.40924346446990967,0.4333736300468445,-0.7260817885398865
0.6410709619522095,0.41834157705307007,-0.722594678401947
0.4141707122325897,0.43600335717201233,-0.6590610146522522
0.5780025124549866,0.5317288637161255,0.008756721392273903
0.4915767312049866,0.5302529335021973,-0.00902800727635622
0.6067483425140381,0.6187260150909424,-0.12487248331308365
0.4601331949234009,0.6163318157196045,-0.10473085939884186
0.594258725643158,0.6895109415054321,0.23887348175048828
0.45657241344451904,0.6885628700256348,0.22544056177139282
0.5838978290557861,0.6976608037948608,0.264793336391449
0.4667094349861145,0.6957514882087708,0.25097763538360596
0.619109034538269,0.7191578149795532,0.07402096688747406
0.4409683644771576,0.7175866365432739,0.06108250096440315
-
0.5343008041381836,0.36142680048942566,-0.39037594199180603
0.5422757267951965,0.35448068380355835,-0.3654153645038605
0.5475665926933289,0.3544769287109375,-0.3654688000679016
0.5512740612030029,0.3545852303504944,-0.36550283432006836
0.5252196192741394,0.35530030727386475,-0.36354246735572815
0.519544243812561,0.3557848036289215,-0.36357566714286804
0.5140810012817383,0.35639265179634094,-0.36358052492141724
0.5594995021820068,0.3592076599597931,-0.19795286655426025
0.5076518058776855,0.36229369044303894,-0.1890500783920288
0.545772910118103,0.37110835313796997,-0.32750922441482544
0.525044322013855,0.37238115072250366,-0.32523393630981445
0.60642409324646,0.41134610772132874,-0.09124363958835602
0.4694140553474426,0.4156760275363922,-0.08854620903730392
0.6382153034210205,0.46746596693992615,-0.3050976097583771
0.44249942898750305,0.4765065312385559,-0.25307366251945496
0.6460220217704773,0.42445001006126404,-0.7056499719619751
0.4161240756511688,0.44184622168540955,-0.6310645341873169
0.6487122178077698,0.4142584800720215,-0.7800878882408142
0.40697598457336426,0.43157505989074707,-0.7026678323745728
0.6454736590385437,0.4082275331020355,-0.7818893194198608
0.40895047783851624,0.4251309931278229,-0.7079920768737793
0.6413025259971619,0.4113975167274475,-0.7160338759422302
0.4136928617954254,0.426896333694458,-0.6425668001174927
0.5782744884490967,0.528626561164856,0.008597264066338539
0.49156758189201355,0.5268945693969727,-0.008877480402588844
0.6061997413635254,0.6180866956710815,-0.11196194589138031
0.46045443415641785,0.6159095168113708,-0.09696526825428009
0.5943450331687927,0.6895174980163574,0.25336313247680664
0.4565582573413849,0.6884693503379822,0.2490205317735672
0.5840269923210144,0.6976267099380493,0.27967149019241333
0.4666688144207001,0.6955503225326538,0.2748633325099945
0.619325578212738,0.7192274332046509,0.08923192322254181
0.4409799873828888,0.7176020741462708,0.08635490387678146
-
0.5322827100753784,0.3547991216182709,-0.4384816884994507
0.5398340225219727,0.34703633189201355,-0.4123581349849701
0.5457972288131714,0.34697502851486206,-0.41241613030433655
0.5498439073562622,0.3469838798046112,-0.41247397661209106
0.5223479866981506,0.3479164242744446,-0.40963125228881836
0.5166054368019104,0.34853115677833557,-0.4096815288066864
0.5115176439285278,0.3492746353149414,-0.40967291593551636
0.5586341023445129,0.35235363245010376,-0.23021744191646576
0.5059159398078918,0.35537272691726685,-0.2175537496805191
0.5448815822601318,0.3645472228527069,-0.36965784430503845
0.5232172608375549,0.36519327759742737,-0.36669594049453735
0.6067001819610596,0.4059928059577942,-0.10478446632623672
0.4685775339603424,0.4078826308250427,-0.10037276148796082
0.6382598280906677,0.4624912738800049,-0.32255709171295166
0.442145973443985,0.4712216258049011,-0.2764911949634552
0.6464738249778748,0.41707953810691833,-0.7467113733291626
0.41628995537757874,0.4352260231971741,-0.6952826380729675
0.649088442325592,0.4066717028617859,-0.827045202255249
0.4073723554611206,0.4238179624080658,-0.7754908800125122
0.6469466686248779,0.40044909715652466,-0.8280009031295776
0.4092044532299042,0.41684895753860474,-0.7795255184173584
0.6430724263191223,0.40346240997314453,-0.7572035193443298
0.4138752818107605,0.4192323684692383,-0.7069152593612671
0.5783910751342773,0.5256962776184082,0.007430334109812975
0.4915426969528198,0.5239740610122681,-0.0076968371868133545
0.604805588722229,0.6179410815238953,-0.09902115166187286
0.4610256552696228,0.6155953407287598,-0.09774518758058548
0.5944289565086365,0.6896569132804871,0.28925666213035583
0.4564848244190216,0.6893597841262817,0.2712273895740509
0.5844982862472534,0.6977947950363159,0.31738534569740295
0.46655675768852234,0.6961091160774231,0.2986505627632141
0.6196375489234924,0.7191946506500244,0.12066136300563812
0.4408891797065735,0.7176191210746765,0.10057969391345978
-
0.530320405960083,0.34913909435272217,-0.4352383613586426
0.53830885887146,0.34153276681900024,-0.4101295471191406
0.544586718082428,0.34151265025138855,-0.41016697883605957
0.5490245223045349,0.34160172939300537,-0.4102126359939575
0.5206625461578369,0.34229016304016113,-0.4062798023223877
0.5149136185646057,0.34280452132225037,-0.4063321352005005
0.5099424719810486,0.3434917628765106,-0.40631213784217834
0.5581680536270142,0.34724220633506775,-0.22627344727516174
0.5045050978660583,0.34997493028640747,-0.20654547214508057
0.5439431667327881,0.35912901163101196,-0.3674466907978058
0.521285355091095,0.35935789346694946,-0.3632270097732544
0.6068302392959595,0.4022830128669739,-0.10304514318704605
0.4676523804664612,0.40377259254455566,-0.09474813938140869
0.6385445594787598,0.45788654685020447,-0.3159515857696533
0.4414914548397064,0.46690526604652405,-0.2766408324241638
0.647481381893158,0.41196197271347046,-0.728143572807312
0.4162917137145996,0.42668017745018005,-0.6903873682022095
0.6498304009437561,0.4004715085029602,-0.8057574033737183
0.40743207931518555,0.4149128794670105,-0.7698141932487488
0.6477938890457153,0.3947789967060089,-0.8089652061462402
0.40941646695137024,0.40920448303222656,-0.7719478011131287
0.6441463232040405,0.39805009961128235,-0.7390532493591309
0.4140366017818451,0.4125928282737732,-0.701786994934082
0.5783989429473877,0.5233494639396667,0.005904304329305887
0.4914558529853821,0.5212838649749756,-0.006161058787256479
0.6013213396072388,0.6170681715011597,-0.07323268055915833
0.46197080612182617,0.6146830320358276,-0.08822841197252274
0.594493567943573,0.6894852519035339,0.3102264106273651
0.4564962685108185,0.689197838306427,0.2656604051589966
0.5847007632255554,0.6976590156555176,0.33822551369667053
0.466469407081604,0.6960864067077637,0.29169899225234985
0.619831919670105,0.7182685136795044,0.14659802615642548
0.44053247570991516,0.7175882458686829,0.0962686613202095
-
0.5298023223876953,0.3448140323162079,-0.4261013865470886
0.5377316474914551,0.3375616669654846,-0.399008184671402
0.543952465057373,0.33761221170425415,-0.3990749418735504
0.5485637187957764,0.33774128556251526,-0.39913156628608704
0.5199941396713257,0.3383471369743347,-0.3934269845485687
0.514254093170166,0.3388975262641907,-0.39345601201057434
0.509168267250061,0.3395591676235199,-0.39342358708381653
0.557735800743103,0.34350883960723877,-0.21575401723384857
0.503679633140564,0.34631916880607605,-0.19602881371974945
0.5436151027679443,0.35511234402656555,-0.35884612798690796
0.5206848382949829,0.3554016947746277,-0.3525833785533905
0.6068811416625977,0.3997185230255127,-0.09909273684024811
0.4669018089771271,0.4017161428928375,-0.0890519767999649
0.6387215256690979,0.45479369163513184,-0.31235507130622864
0.4412296414375305,0.46361690759658813,-0.2778570353984833
0.6478100419044495,0.4086962640285492,-0.709858775138855
0.4163803458213806,0.4219802916049957,-0.6897303462028503
0.6500446200370789,0.3961801826953888,-0.7844102382659912
0.4081472158432007,0.408992201089859,-0.7686458826065063
0.6484237909317017,0.39070814847946167,-0.7812867164611816
0.41093742847442627,0.4032664895057678,-0.7691465020179749
0.6450083255767822,0.39375749230384827,-0.7183849811553955
0.4153776466846466,0.4069058895111084,-0.7007090449333191
0.5781182646751404,0.521426260471344,0.0037545531522482634
0.49133238196372986,0.5193291902542114,-0.003990858793258667
0.5965330004692078,0.6142066121101379,-0.042786985635757446
0.46444883942604065,0.6122838258743286,-0.0733666718006134
0.5945432782173157,0.6893629431724548,0.30759939551353455
0.4566449820995331,0.6890931129455566,0.2574611306190491
0.5857158899307251,0.6975804567337036,0.332336962223053
0.46642032265663147,0.6962944865226746,0.2785000801086426
0.6197525262832642,0.7176631093025208,0.1410127580165863
0.4405401349067688,0.7175634503364563,0.07819749414920807
-
0.527734100818634,0.34243786334991455,-0.43117621541023254
0.5363520383834839,0.33541709184646606,-0.4032913148403168
0.542701780796051,0.335624635219574,-0.40335285663604736
0.5476828813552856,0.33588263392448425,-0.40341445803642273
0.5187765955924988,0.33591628074645996,-0.39776259660720825
0.5130577683448792,0.33642885088920593,-0.39779403805732727
0.5083618760108948,0.3371051549911499,-0.3977666199207306
0.5572068691253662,0.3420982360839844,-0.2204597443342209
0.5033080577850342,0.3436813950538635,-0.19912073016166687
0.5422001481056213,0.3525392711162567,-0.3638817369937897
0.5185340642929077,0.35249465703964233,-0.3577175438404083
0.6068214178085327,0.397877961397171,-0.10725469887256622
0.466094434261322,0.39830031991004944,-0.08960360288619995
0.6391751766204834,0.4523238241672516,-0.32735124230384827
0.44045576453208923,0.46027669310569763,-0.30043473839759827
0.6478967070579529,0.4053474962711334,-0.7088646292686462
0.41668763756752014,0.4158288836479187,-0.7202724814414978
0.6503379940986633,0.39311450719833374,-0.7836691737174988
0.4083685874938965,0.40368348360061646,-0.8019813299179077
0.6486772894859314,0.3883470892906189,-0.7810581922531128
0.4119483232498169,0.39806461334228516,-0.7994894981384277
0.6451402306556702,0.39149126410484314,-0.7175763249397278
0.416824072599411,0.40167731046676636,-0.7305741310119629
0.5772523880004883,0.519839882850647,0.0022023741621524096
0.49115994572639465,0.5174383521080017,-0.002434166381135583
0.5926989912986755,0.61057049036026,-0.027120158076286316
0.46644559502601624,0.6101619005203247,-0.08080528676509857
0.5945636630058289,0.6883242726325989,0.327027827501297
0.4567999541759491,0.6890157461166382,0.22928528487682343
0.5860061645507812,0.6970032453536987,0.35209304094314575
0.46624326705932617,0.6964187026023865,0.2493937611579895
0.6196854710578918,0.7165946364402771,0.15940824151039124
0.44082972407341003,0.7174180746078491,0.041878897696733475
-
0.5271182060241699,0.34168165922164917,-0.42047518491744995
0.5360152125358582,0.3351338505744934,-0.39146241545677185
0.5423719882965088,0.33538123965263367,-0.39153409004211426
0.5474824905395508,0.3358348608016968,-0.3915974199771881
0.5183419585227966,0.33585140109062195,-0.38703879714012146
0.5125447511672974,0.33646315336227417,-0.38705360889434814
0.5077589154243469,0.33712145686149597,-0.3870081603527069
0.5570616126060486,0.34180861711502075,-0.20486845076084137
0.5029385089874268,0.3434092402458191,-0.19094784557819366
0.5415710210800171,0.3519422113895416,-0.35156357288360596
0.5175356864929199,0.35207560658454895,-0.34722626209259033
0.6059799790382385,0.39802661538124084,-0.08919884264469147
0.46591711044311523,0.39774274826049805,-0.08501657843589783
0.6395491361618042,0.4503289759159088,-0.29118505120277405
0.4397260546684265,0.45800209045410156,-0.29575908184051514
0.6481704115867615,0.4042589068412781,-0.6463747024536133
0.4166161119937897,0.41301989555358887,-0.7179127931594849
0.6504818797111511,0.39307060837745667,-0.7184112668037415
0.40845707058906555,0.40059104561805725,-0.7998201847076416
0.6488612294197083,0.3883734345436096,-0.7154161930084229
0.412590354681015,0.39549726247787476,-0.7982305884361267
0.6452701091766357,0.39148181676864624,-0.6542155742645264
0.41749683022499084,0.39927059412002563,-0.7285889387130737
0.5758435130119324,0.5194986462593079,0.0021892038639634848
0.49068623781204224,0.5171510577201843,-0.0024134530685842037
0.590657651424408,0.610146701335907,0.0237960796803236
0.46844029426574707,0.6090794205665588,-0.07477925717830658
0.5945471525192261,0.6883261799812317,0.35415878891944885
0.4568108022212982,0.6890913248062134,0.20891135931015015
0.5860264897346497,0.6970661878585815,0.3765355050563812
0.4657941162586212,0.6967899203300476,0.2266676425933838
0.6207424998283386,0.7166556119918823,0.18522056937217712
0.4408404529094696,0.7174012064933777,0.020953873172402382
-
0.5252485275268555,0.34321099519729614,-0.3736226260662079
0.5347692966461182,0.3366183936595917,-0.3449050188064575
0.5410548448562622,0.33688661456108093,-0.3449733257293701
0.54662024974823,0.33737388253211975,-0.3450150489807129
0.5169529914855957,0.337017297744751,-0.33976075053215027
0.5109474062919617,0.3375087082386017,-0.33976638317108154
0.5066248774528503,0.33815523982048035,-0.33970361948013306
0.5558329820632935,0.3433435261249542,-0.16608601808547974
0.5023459196090698,0.3447193205356598,-0.14655818045139313
0.5390475392341614,0.35382020473480225,-0.30814623832702637
0.5152764320373535,0.3539885878562927,-0.30263450741767883
0.6053951978683472,0.398176372051239,-0.06396518647670746
0.4654555022716522,0.3984681963920593,-0.04742613807320595
0.6401045322418213,0.4492291808128357,-0.27447059750556946
0.43806490302085876,0.45683160424232483,-0.2533162534236908
0.6482334733009338,0.402548611164093,-0.6318840980529785
0.4152213931083679,0.4123239517211914,-0.6709594130516052
0.6503375768661499,0.3918812572956085,-0.7050324082374573
0.40844735503196716,0.39970502257347107,-0.7528566718101501
0.6481066346168518,0.38773131370544434,-0.7016388177871704
0.41284823417663574,0.3948837220668793,-0.7477481365203857
0.6442894339561462,0.39089176058769226,-0.6396687626838684
0.4175524413585663,0.39838340878486633,-0.6807361841201782
0.5745486617088318,0.5196369886398315,0.0011146141914650798
0.49013596773147583,0.517228901386261,-0.001315611065365374
0.5880281925201416,0.6091117858886719,0.02480299025774002
0.4701235890388489,0.6082199215888977,-0.05212581530213356
0.5945383310317993,0.6884669065475464,0.3241569697856903
0.4568500816822052,0.6891905069351196,0.2119641900062561
0.5860377550125122,0.6973918676376343,0.3450177013874054
0.46560579538345337,0.697096049785614,0.2285124957561493
0.6206536889076233,0.7166414260864258,0.15237300097942352
0.441458523273468,0.7172180414199829,0.024513302370905876
-
0.5234136581420898,0.34367093443870544,-0.36297568678855896
0.533229649066925,0.33728474378585815,-0.33397388458251953
0.5394864678382874,0.33757641911506653,-0.33404025435447693
0.5455824732780457,0.33811473846435547,-0.3340795636177063
0.5155354738235474,0.3376244008541107,-0.32962092757225037
0.5095248818397522,0.3381098508834839,-0.329621285200119
0.5056427717208862,0.33881106972694397,-0.3295670449733734
0.55477374792099,0.34409743547439575,-0.15447528660297394
0.5015090107917786,0.3454015552997589,-0.13841255009174347
0.5371441841125488,0.35447895526885986,-0.2971575856208801
0.5134604573249817,0.35453662276268005,-0.2927497327327728
0.6040149927139282,0.39835137128829956,-0.04909254238009453
0.4648199677467346,0.3982904255390167,-0.041105013340711594
0.6399478316307068,0.4504207670688629,-0.2506188154220581
0.43767449259757996,0.45740312337875366,-0.24428366124629974
0.6482954025268555,0.4029865264892578,-0.6020199656486511
0.41414302587509155,0.4129781126976013,-0.6583049297332764
0.65050208568573,0.3915292024612427,-0.6731182336807251
0.40840619802474976,0.4002586007118225,-0.7383326888084412
0.6479717493057251,0.3875342905521393,-0.6693359613418579
0.4128457009792328,0.39531630277633667,-0.735350489616394
0.6440674066543579,0.3909853398799896,-0.609490692615509
0.417425274848938,0.3986283242702484,-0.6686159372329712
0.5742104649543762,0.5196112990379333,0.0012395393569022417
0.4897087514400482,0.5170984268188477,-0.0014438750222325325
0.5862621068954468,0.6089698076248169,0.030496861785650253
0.47138458490371704,0.6075755953788757,-0.050552573055028915
0.5944613218307495,0.6889012455940247,0.3202848434448242
0.45691558718681335,0.6892880797386169,0.2094176858663559
0.5860466957092285,0.69785475730896,0.33927658200263977
0.4655691385269165,0.697409451007843,0.2250785231590271
0.6208192110061646,0.7166481018066406,0.14692039787769318
0.44165393710136414,0.7171163558959961,0.021943025290966034
-
0.5231680274009705,0.3438146412372589,-0.3653072714805603
0.5330933928489685,0.3376367390155792,-0.33557242155075073
0.5393269658088684,0.3380148708820343,-0.33563730120658875
0.5455518364906311,0.3386254906654358,-0.33566829562187195
0.5153088569641113,0.3377201557159424,-0.3317188322544098
0.5091383457183838,0.3381401002407074,-0.33172041177749634
0.5052737593650818,0.33881300687789917,-0.3316717743873596
0.5546016693115234,0.3443700075149536,-0.1560641974210739
0.5010919570922852,0.34518539905548096,-0.14247217774391174
0.5365186929702759,0.354971319437027,-0.2998865246772766
0.5129381418228149,0.3549449145793915,-0.2962338328361511
0.6030706763267517,0.39882031083106995,-0.054948028177022934
0.4638560712337494,0.39853283762931824,-0.04796582832932472
0.6399660706520081,0.45025548338890076,-0.2589980363845825
0.4371457099914551,0.4576205611228943,-0.24996507167816162
0.6480575203895569,0.4022672176361084,-0.6110506653785706
0.41417354345321655,0.4134643077850342,-0.6597573757171631
0.6504327654838562,0.39122429490089417,-0.6819843053817749
0.408678263425827,0.40039077401161194,-0.7390297055244446
0.6472916603088379,0.3877284824848175,-0.677338182926178
0.41319724917411804,0.395623117685318,-0.7364911437034607
0.6428526639938354,0.3913101553916931,-0.6180071234703064
0.4175480306148529,0.3991199731826782,-0.6700566411018372
0.5732653737068176,0.5197731852531433,0.0013336444972082973
0.4885362386703491,0.5172069668769836,-0.001539540127851069
0.584989070892334,0.6091065406799316,0.03880628943443298
0.47179922461509705,0.6073410511016846,-0.045729413628578186
0.5944298505783081,0.6889318227767944,0.33457231521606445
0.4570438861846924,0.689276933670044,0.21482069790363312
0.586068868637085,0.697917103767395,0.35349592566490173
0.46557527780532837,0.6975050568580627,0.23291994631290436
0.6208522319793701,0.7166393399238586,0.1639370620250702
0.4418247640132904,0.7170929312705994,0.031789857894182205
-
0.523075520992279,0.3436584174633026,-0.34537065029144287
0.5329715609550476,0.33767884969711304,-0.31582361459732056
0.5392048954963684,0.3380773663520813,-0.31589579582214355
0.5454902648925781,0.3387068212032318,-0.3159279227256775
0.5150707364082336,0.3377784490585327,-0.3126751482486725
0.50888592004776,0.3381630480289459,-0.3126702308654785
0.5049845576286316,0.3387727737426758,-0.3126230835914612
0.5543715357780457,0.34445542097091675,-0.1382407546043396
0.5006160140037537,0.3450942635536194,-0.1279258131980896
0.5363413095474243,0.35507670044898987,-0.2806416153907776
0.512701690196991,0.354985773563385,-0.2779042422771454
0.6023803949356079,0.39912915229797363,-0.03744541108608246
0.4638739824295044,0.3988065719604492,-0.03980341926217079
0.6398993134498596,0.45064935088157654,-0.23531927168369293
0.43722641468048096,0.4581698775291443,-0.2438216507434845
0.6479979157447815,0.40176939964294434,-0.5764024257659912
0.41422852873802185,0.4138278365135193,-0.6493104100227356
0.6503816246986389,0.39106541872024536,-0.6445025205612183
0.40873849391937256,0.40063196420669556,-0.7266935706138611
0.6469036936759949,0.38758787512779236,-0.6397531032562256
0.4132026135921478,0.39593297243118286,-0.7255763411521912
0.6423243880271912,0.39117947220802307,-0.5831949710845947
0.41754040122032166,0.3994273543357849,-0.6601352691650391
0.5726343989372253,0.5198644399642944,0.002253682352602482
0.4877036511898041,0.5170909762382507,-0.002446358324959874
0.5841071009635925,0.609190821647644,0.05270777642726898
0.47193801403045654,0.6072722673416138,-0.03479556739330292
0.5944356918334961,0.6889277696609497,0.32891416549682617
0.457131028175354,0.6892664432525635,0.21014267206192017
0.5860833525657654,0.6980281472206116,0.34660375118255615
0.4656390845775604,0.6974984407424927,0.22452163696289062
0.62095046043396,0.7166177034378052,0.15935862064361572
0.4420067369937897,0.7168415188789368,0.025820661336183548
-
0.5233660340309143,0.34412920475006104,-0.32373401522636414
0.5331559777259827,0.3381514549255371,-0.2944013178348541
0.5393260717391968,0.338521808385849,-0.2944750189781189
0.5455420613288879,0.3391091823577881,-0.29449281096458435
0.5152891278266907,0.33825191855430603,-0.29178953170776367
0.5091056227684021,0.3386438488960266,-0.29177239537239075
0.505009651184082,0.3391989469528198,-0.29172003269195557
0.5544185042381287,0.344808429479599,-0.11922479420900345
0.5004176497459412,0.34539899230003357,-0.11157464981079102
0.53651362657547,0.35547900199890137,-0.25990164279937744
0.5128977298736572,0.3553304970264435,-0.2578992545604706
0.6016188859939575,0.3992885947227478,-0.021527374163269997
0.46381676197052,0.3988029956817627,-0.024719884619116783
0.6380791068077087,0.4510992467403412,-0.21072301268577576
0.43723857402801514,0.4584615230560303,-0.22776268422603607
0.6477535367012024,0.4025088846683502,-0.5447617769241333
0.4142381548881531,0.4143657684326172,-0.6304088830947876
0.6500505805015564,0.3914572298526764,-0.6103658080101013
0.4086618721485138,0.4012821316719055,-0.7056452631950378
0.6466162204742432,0.38789182901382446,-0.6064025163650513
0.41302427649497986,0.3962557911872864,-0.7050375938415527
0.6420902609825134,0.39155641198158264,-0.5517016053199768
0.41729986667633057,0.39947134256362915,-0.6412909030914307
0.5718621611595154,0.5199160575866699,0.002378304023295641
0.48717769980430603,0.5171476602554321,-0.0025615773629397154
0.5833908915519714,0.6091135740280151,0.05439326912164688
0.47173872590065,0.6072386503219604,-0.034020084887742996
0.5944727659225464,0.6889171004295349,0.3223089575767517
0.4573400318622589,0.689245343208313,0.19576013088226318
0.5861217379570007,0.6981038451194763,0.342529833316803
0.46622470021247864,0.6975627541542053,0.20767247676849365
0.6209503412246704,0.716586172580719,0.15265655517578125
0.44197773933410645,0.7166149020195007,0.013512644916772842
-
0.5234014987945557,0.344451367855072,-0.34365105628967285
0.5331887006759644,0.338461697101593,-0.31469014286994934
0.539402425289154,0.33882004022598267,-0.31475830078125
0.5455870032310486,0.33938419818878174,-0.31478437781333923
0.5152907371520996,0.33858156204223633,-0.3121645152568817
0.5091238021850586,0.33897465467453003,-0.31215739250183105
0.5049359798431396,0.3395143151283264,-0.3121141195297241
0.5544568300247192,0.3450492322444916,-0.13771849870681763
0.5002499222755432,0.34564247727394104,-0.1300518959760666
0.5363447666168213,0.35569000244140625,-0.27877891063690186
0.5128275752067566,0.3555472195148468,-0.27684706449508667
0.6012052893638611,0.3994639217853546,-0.0337894968688488
0.4635418653488159,0.398848295211792,-0.03818458318710327
0.6358199715614319,0.4514232277870178,-0.22224748134613037
0.43653419613838196,0.45878157019615173,-0.23154674470424652
0.6473401188850403,0.4027438759803772,-0.5576210618019104
0.41420483589172363,0.4136826992034912,-0.638484001159668
0.6495043039321899,0.3915601372718811,-0.6227129697799683
0.40861764550209045,0.4005719721317291,-0.7164372205734253
0.6462620496749878,0.38791248202323914,-0.6180964112281799
0.4130108654499054,0.3956786096096039,-0.7169314622879028
0.6418447494506836,0.3916168510913849,-0.5643377304077148
0.4172516167163849,0.3985846936702728,-0.6501187086105347
0.5714594721794128,0.5199480652809143,0.0027296142652630806
0.4867001473903656,0.5172126293182373,-0.002910589799284935
0.5826671123504639,0.6089743375778198,0.059218402951955795
0.47158950567245483,0.6072904467582703,-0.030333194881677628
0.5945382714271545,0.6888284683227539,0.32830116152763367
0.4573906660079956,0.6892338395118713,0.2015308141708374
0.5863319635391235,0.698091983795166,0.3455088138580322
0.46622589230537415,0.6975499391555786,0.21495336294174194
0.6209501624107361,0.7165639996528625,0.15980510413646698
0.4418473243713379,0.7164547443389893,0.01955999992787838
-
0.5228759050369263,0.34447890520095825,-0.3364829421043396
0.5328707098960876,0.3386038839817047,-0.307842880487442
0.5392770767211914,0.3389592170715332,-0.30790936946868896
0.545487105846405,0.33951276540756226,-0.30793496966362
0.5146318078041077,0.3386527895927429,-0.30471017956733704
0.5086053609848022,0.33903127908706665,-0.3046969473361969
0.5046195387840271,0.3396168053150177,-0.30465105175971985
0.5544582605361938,0.3452739119529724,-0.13313165307044983
0.5000139474868774,0.34576061367988586,-0.12262637168169022
0.5357674360275269,0.355731725692749,-0.2725219428539276
0.5124002695083618,0.35563892126083374,-0.26972365379333496
0.6001060009002686,0.3996196985244751,-0.03089006245136261
0.463126540184021,0.3988720774650574,-0.030570657923817635
0.6353145837783813,0.4520716071128845,-0.21885958313941956
0.4361726641654968,0.4589789807796478,-0.22651506960391998
0.6469736695289612,0.40252313017845154,-0.556167483329773
0.41309306025505066,0.41407766938209534,-0.630530595779419
0.6493117809295654,0.3917248249053955,-0.6222103238105774
0.40786293148994446,0.4005208909511566,-0.7068719863891602
0.6459957361221313,0.38804343342781067,-0.6182045340538025
0.41248831152915955,0.3955788314342499,-0.7065293192863464
0.6414809226989746,0.39174360036849976,-0.5630869269371033
0.41636961698532104,0.39840346574783325,-0.6415892243385315
0.5703563094139099,0.5199427008628845,0.0026952167972922325
0.4858183264732361,0.5172321200370789,-0.0028774102684110403
0.5820362567901611,0.608899712562561,0.04457174986600876
0.47152960300445557,0.6073499917984009,-0.03129805997014046
0.5945586562156677,0.6888136863708496,0.32537293434143066
0.4574042856693268,0.6892163753509521,0.20512987673282623
0.5866259336471558,0.6980854272842407,0.3434144854545593
0.4662151634693146,0.6975354552268982,0.21959897875785828
0.6209025382995605,0.7165623307228088,0.15870507061481476
0.44155099987983704,0.7164027690887451,0.02365708351135254
-
0.5222158432006836,0.3445824980735779,-0.3371797502040863
0.5325523614883423,0.338644802570343,-0.30839645862579346
0.5390612483024597,0.3389973044395447,-0.3084605038166046
0.5452935695648193,0.3395437002182007,-0.3084851801395416
0.5142348408699036,0.3387082517147064,-0.30533501505851746
0.5083342790603638,0.3390918970108032,-0.3053266108036041
0.5044605731964111,0.3397408127784729,-0.3052885830402374
0.5542401075363159,0.34550365805625916,-0.13480859994888306
0.499927818775177,0.3458385765552521,-0.12423158437013626
0.535105288028717,0.35576581954956055,-0.2738340198993683
0.5119500160217285,0.35576894879341125,-0.2710127830505371
0.5989407300949097,0.3999369740486145,-0.034047968685626984
0.4627380669116974,0.39898139238357544,-0.03499026596546173
0.6353721022605896,0.4522489011287689,-0.22344322502613068
0.4355299174785614,0.4590555727481842,-0.23224017024040222
0.646618127822876,0.40209445357322693,-0.5594685673713684
0.41232654452323914,0.41448941826820374,-0.6322259902954102
0.649276077747345,0.3917848467826843,-0.6250951290130615
0.4075160026550293,0.40078964829444885,-0.7077366709709167
0.6459240317344666,0.388132780790329,-0.6207700967788696
0.4121794104576111,0.39581599831581116,-0.7072842717170715
0.6413298845291138,0.39179158210754395,-0.566329836845398
0.41576075553894043,0.398700475692749,-0.6431512832641602
0.5696263909339905,0.5199664831161499,0.0029021783266216516
0.4852290749549866,0.5172505378723145,-0.0030845089349895716
0.5816843509674072,0.608905017375946,0.038171906024217606
0.47128158807754517,0.6075381636619568,-0.025138793513178825
0.5942166447639465,0.6887809038162231,0.3221990764141083
0.4573354423046112,0.6890856623649597,0.21369197964668274
0.5865843892097473,0.6980414390563965,0.34038203954696655
0.46570640802383423,0.6973524689674377,0.22673466801643372
0.620672881603241,0.716521143913269,0.15439441800117493
0.4414820671081543,0.7163689732551575,0.03091011568903923
-
0.5214498043060303,0.3446887731552124,-0.330214262008667
0.5321691632270813,0.33872395753860474,-0.3014930188655853
0.5387611389160156,0.33905789256095886,-0.3015594184398651
0.5450378656387329,0.3396015763282776,-0.30158862471580505
0.5137828588485718,0.33881163597106934,-0.29776424169540405
0.5080229640007019,0.3391939401626587,-0.29775381088256836
0.504277229309082,0.3397678732872009,-0.29771456122398376
0.554084300994873,0.34581258893013,-0.12994146347045898
0.4998799264431,0.3459804654121399,-0.11643733829259872
0.5344290137290955,0.35585084557533264,-0.267824649810791
0.5114769339561462,0.35581567883491516,-0.26414769887924194
0.5984748005867004,0.4002440571784973,-0.03242568299174309
0.4626500904560089,0.3990655541419983,-0.029844176024198532
0.6353992223739624,0.4523574709892273,-0.22313420474529266
0.4342276155948639,0.45896822214126587,-0.22744852304458618
0.6464121341705322,0.4018031060695648,-0.5583613514900208
0.41087019443511963,0.41435137391090393,-0.6245228052139282
0.6492829322814941,0.3916512131690979,-0.624313235282898
0.4069909453392029,0.400542676448822,-0.6997997760772705
0.6459020972251892,0.3880687952041626,-0.6202865242958069
0.411816269159317,0.39568591117858887,-0.6984581351280212
0.6412404179573059,0.3917282223701477,-0.5653805136680603
0.41505539417266846,0.3986071050167084,-0.6351972222328186
0.5688408613204956,0.5200560688972473,0.003029917599633336
0.4844931364059448,0.517320454120636,-0.003216003766283393
0.5815097093582153,0.608919620513916,0.03269805386662483
0.470933198928833,0.6078006029129028,-0.023505618795752525
0.5939319729804993,0.68882155418396,0.315817654132843
0.4572252631187439,0.6887689828872681,0.22074635326862335
0.5865304470062256,0.6981632113456726,0.33279451727867126
0.465025931596756,0.6968032717704773,0.23434597253799438
0.6205722689628601,0.7164720892906189,0.14697802066802979
0.44168925285339355,0.7161703109741211,0.0386287197470665
-
0.5208247900009155,0.3448220491409302,-0.3180153965950012
0.5317060947418213,0.338788241147995,-0.2897220849990845
0.5382797718048096,0.33914339542388916,-0.2897893786430359
0.5446068644523621,0.3396828770637512,-0.2898200750350952
0.5133881568908691,0.3388565480709076,-0.2857617139816284
0.5077508687973022,0.33924371004104614,-0.2857494354248047
0.5040977597236633,0.3397984504699707,-0.2857062816619873
0.5537839531898499,0.3458611071109772,-0.12004608660936356
0.49980825185775757,0.3460633456707001,-0.1057467982172966
0.5338201522827148,0.3559925854206085,-0.2562682330608368
0.5111252069473267,0.35594937205314636,-0.2523166537284851
0.5981257557868958,0.40030965209007263,-0.025008583441376686
0.46260011196136475,0.3990441858768463,-0.019134489819407463
0.6353498697280884,0.4523528516292572,-0.21473456919193268
0.4333915412425995,0.4587291181087494,-0.21406057476997375
0.646229088306427,0.4016810953617096,-0.5481430292129517
0.40975868701934814,0.4142250418663025,-0.6081491112709045
0.6492992639541626,0.3915269374847412,-0.6145258545875549
0.4066433310508728,0.4004998803138733,-0.6828485131263733
0.645923376083374,0.3879288136959076,-0.6112186908721924
0.41158849000930786,0.39562997221946716,-0.6815932989120483
0.6411871314048767,0.3915615677833557,-0.5554166436195374
0.4145996570587158,0.3985588252544403,-0.6187753081321716
0.5684059858322144,0.5200758576393127,0.0031472775153815746
0.4840714633464813,0.5173386335372925,-0.003331204643473029
0.5816220045089722,0.6089329123497009,0.030938688665628433
0.470791757106781,0.6078090667724609,-0.027067704126238823
0.5935407280921936,0.6889355182647705,0.29981452226638794
0.4570417106151581,0.6883925199508667,0.21396565437316895
0.5862207412719727,0.6985412240028381,0.3152241110801697
0.46413281559944153,0.6962868571281433,0.22700273990631104
0.6206098198890686,0.7164074778556824,0.13018955290317535
0.4423307180404663,0.7158094644546509,0.0328964926302433
-
0.5204554200172424,0.34499746561050415,-0.3216079771518707
0.531373918056488,0.3389415442943573,-0.2930491864681244
0.5378718972206116,0.33929359912872314,-0.2931194603443146
0.5442154407501221,0.3398188650608063,-0.293154239654541
0.5131202340126038,0.33899644017219543,-0.2896824777126312
0.5075320601463318,0.3393849730491638,-0.2896697521209717
0.5039049983024597,0.3399338722229004,-0.28963086009025574
0.5534021854400635,0.34593623876571655,-0.12170383334159851
0.49964192509651184,0.34616079926490784,-0.10996764153242111
0.533461332321167,0.35611483454704285,-0.25915786623954773
0.5108091235160828,0.3560473322868347,-0.25596490502357483
0.5978059768676758,0.4003676474094391,-0.02441014163196087
0.46247896552085876,0.3990517556667328,-0.02367546036839485
0.6353247165679932,0.4523297846317291,-0.21117351949214935
0.4332382082939148,0.4587095379829407,-0.2204388976097107
0.6460331678390503,0.40149879455566406,-0.540876567363739
0.40900880098342896,0.41424402594566345,-0.6163979172706604
0.6493176817893982,0.3913246989250183,-0.606254518032074
0.4061373770236969,0.4004288613796234,-0.6913014054298401
0.6458638906478882,0.3877595067024231,-0.6024566888809204
0.41121906042099,0.39552515745162964,-0.6906356811523438
0.6409813761711121,0.39138996601104736,-0.5478156208992004
0.4141245484352112,0.39847531914711,-0.6272508502006531
0.5681625008583069,0.520134449005127,0.004173695109784603
0.48383793234825134,0.5173527002334595,-0.004359131678938866
0.5818172097206116,0.6093094348907471,0.030280062928795815
0.470430463552475,0.6082199811935425,-0.026599066331982613
0.5933630466461182,0.6890365481376648,0.2990852892398834
0.45703253149986267,0.6880744695663452,0.2163926064968109
0.5858405232429504,0.6988565325737,0.31490081548690796
0.46408501267433167,0.6959702372550964,0.22969681024551392
0.621106743812561,0.7164142727851868,0.1303129494190216
0.44234439730644226,0.7157568335533142,0.038579825311899185
-
0.5198999643325806,0.34506916999816895,-0.32426610589027405
0.5308638215065002,0.339067280292511,-0.29556596279144287
0.5372734069824219,0.33941182494163513,-0.29563647508621216
0.5436102747917175,0.33993351459503174,-0.29566624760627747
0.5127052664756775,0.33914297819137573,-0.29228609800338745
0.5071923732757568,0.3395346403121948,-0.29227474331855774
0.503595232963562,0.3400569558143616,-0.2922390103340149
0.5528783798217773,0.34601742029190063,-0.12362413108348846
0.49939921498298645,0.34626835584640503,-0.11223112791776657
0.5329701900482178,0.35615959763526917,-0.26161402463912964
0.5103726387023926,0.3560561537742615,-0.2585200071334839
0.5974932909011841,0.40039199590682983,-0.026094865053892136
0.46219146251678467,0.3989500403404236,-0.026367707177996635
0.6353328227996826,0.4520997405052185,-0.21459831297397614
0.43315595388412476,0.45871639251708984,-0.22410617768764496
0.6457127332687378,0.40109318494796753,-0.5467402935028076
0.40896567702293396,0.4142969250679016,-0.6215276718139648
0.6491599082946777,0.39097708463668823,-0.61226886510849
0.40594151616096497,0.4006185531616211,-0.6966413855552673
0.6454389095306396,0.3874899744987488,-0.6080392003059387
0.4109591245651245,0.3956880271434784,-0.696090579032898
0.6404541730880737,0.3910735845565796,-0.5534688234329224
0.4138464629650116,0.3986399471759796,-0.6324030160903931
0.5680351853370667,0.5201547145843506,0.004617700353264809
0.4835870563983917,0.5173787474632263,-0.004805792588740587
0.5819605588912964,0.6096711754798889,0.03104449436068535
0.46996912360191345,0.6084136962890625,-0.02602766826748848
0.5933614373207092,0.6890742182731628,0.3001411259174347
0.4570547640323639,0.6877442598342896,0.22203579545021057
0.5858051776885986,0.6989917159080505,0.3163550794124603
0.4641333818435669,0.6957168579101562,0.2363588809967041
0.6215965747833252,0.7164567112922668,0.13137240707874298
0.4423221945762634,0.7156081795692444,0.04662702977657318
-
0.5196512341499329,0.34507864713668823,-0.3252870440483093
0.5305279493331909,0.3391574025154114,-0.2964358329772949
0.5368725657463074,0.33949676156044006,-0.29650628566741943
0.5431869029998779,0.3400173783302307,-0.29653340578079224
0.5124591588973999,0.33925846219062805,-0.2930975556373596
0.5069602727890015,0.3396492004394531,-0.29308727383613586
0.5033577680587769,0.34013813734054565,-0.2930537462234497
0.5525038242340088,0.34607791900634766,-0.1240958422422409
0.4991630017757416,0.34634336829185486,-0.11252672225236893
0.5327037572860718,0.3561782240867615,-0.26254597306251526
0.5101584792137146,0.35600319504737854,-0.2594018578529358
0.5973014831542969,0.400376558303833,-0.027175890281796455
0.4618929624557495,0.39891546964645386,-0.027187936007976532
0.635351836681366,0.4519903063774109,-0.21778973937034607
0.43316277861595154,0.4587281346321106,-0.22603678703308105
0.6452028751373291,0.40092235803604126,-0.5521174669265747
0.4090178906917572,0.4143752157688141,-0.6241132616996765
0.6486316919326782,0.39089152216911316,-0.6178985238075256
0.4058273434638977,0.4007551074028015,-0.6995489597320557
0.6448426842689514,0.3873373866081238,-0.6133243441581726
0.41078513860702515,0.395809531211853,-0.6990281343460083
0.6398416757583618,0.3908909857273102,-0.5587158799171448
0.41368693113327026,0.3987576365470886,-0.6350150108337402
0.5680500268936157,0.5201794505119324,0.0046976781450212
0.4834766387939453,0.5173922777175903,-0.004886012524366379
0.5820630788803101,0.6100528240203857,0.03429693728685379
0.4695954918861389,0.6084736585617065,-0.02760317362844944
0.5933645963668823,0.6891013979911804,0.30192282795906067
0.4571044147014618,0.6877171993255615,0.2219213843345642
0.5857798457145691,0.6990734338760376,0.31751617789268494
0.4643036425113678,0.6957188844680786,0.23628012835979462
0.6219220757484436,0.7164922952651978,0.1342889666557312
0.4423035979270935,0.7155996561050415,0.045592136681079865
-
0.5195171236991882,0.3451302945613861,-0.32780659198760986
0.5302817225456238,0.3392246961593628,-0.2989363372325897
0.5365704894065857,0.33956098556518555,-0.29900622367858887
0.5428668856620789,0.3400804102420807,-0.2990324795246124
0.5122733116149902,0.3393402695655823,-0.2955620586872101
0.506773054599762,0.33973178267478943,-0.2955528497695923
0.503166139125824,0.34020307660102844,-0.2955200672149658
0.5522196292877197,0.34612613916397095,-0.12620702385902405
0.4989224672317505,0.3464023768901825,-0.1144702136516571
0.5325295925140381,0.3562146723270416,-0.26490604877471924
0.5100539922714233,0.356015682220459,-0.26173844933509827
0.5972191691398621,0.40035194158554077,-0.028628719970583916
0.4617455005645752,0.3989282250404358,-0.02850697562098503
0.635360836982727,0.4518389105796814,-0.21888191998004913
0.4331803619861603,0.45875176787376404,-0.22847121953964233
0.6446842551231384,0.4007083773612976,-0.5560548305511475
0.40907981991767883,0.41458660364151,-0.6265549063682556
0.6480633020401001,0.39079755544662476,-0.6222315430641174
0.4058113396167755,0.4008422791957855,-0.7013455033302307
0.6443435549736023,0.38721534609794617,-0.6176429986953735
0.410714715719223,0.39587512612342834,-0.7002635598182678
0.6393554210662842,0.39075568318367004,-0.5627792477607727
0.4136224389076233,0.3988024592399597,-0.637188732624054
0.5680575370788574,0.520348072052002,0.004769451916217804
0.48341476917266846,0.5174005031585693,-0.004959592130035162
0.5821542739868164,0.6104255318641663,0.039960794150829315
0.4691443145275116,0.608558714389801,-0.02739131636917591
0.5933396816253662,0.6891778111457825,0.3109797239303589
0.4571356177330017,0.6877171397209167,0.2223844677209854
0.5856850743293762,0.6992078423500061,0.3270532190799713
0.4644659757614136,0.6957452297210693,0.23690439760684967
0.622145414352417,0.7165102362632751,0.14420053362846375
0.4422849118709564,0.7156006097793579,0.04556955769658089
-
0.5193644762039185,0.3451690077781677,-0.3260405361652374
0.5300552845001221,0.33926382660865784,-0.2971045672893524
0.5363178253173828,0.3396039605140686,-0.2971733808517456
0.542604386806488,0.34012436866760254,-0.2971978485584259
0.5120813250541687,0.3393826484680176,-0.29359108209609985
0.5065924525260925,0.33977463841438293,-0.2935808300971985
0.502991259098053,0.34024402499198914,-0.29354503750801086
0.5519921183586121,0.34615686535835266,-0.12495465576648712
0.49871504306793213,0.34644126892089844,-0.11282749474048615
0.5323370099067688,0.3562476634979248,-0.2634887397289276
0.5099260807037354,0.35604390501976013,-0.26017025113105774
0.5971516370773315,0.4003065526485443,-0.02841711789369583
0.46172040700912476,0.39893922209739685,-0.028321515768766403
0.635377049446106,0.4517139792442322,-0.22027242183685303
0.4331882894039154,0.458745539188385,-0.2291499823331833
0.644443690776825,0.4005188047885895,-0.5559667944908142
0.40911492705345154,0.41472142934799194,-0.6269173622131348
0.6479319930076599,0.39070942997932434,-0.6220617294311523
0.4057687222957611,0.40090957283973694,-0.7017737627029419
0.6441887617111206,0.3871235251426697,-0.61693274974823
0.4106234610080719,0.3959309458732605,-0.7005079388618469
0.6391812562942505,0.3906473219394684,-0.562436580657959
0.4135502576828003,0.39883363246917725,-0.6374709010124207
0.5680690407752991,0.5205096006393433,0.004782663658261299
0.4833977520465851,0.5174059271812439,-0.004972661379724741
0.5821831822395325,0.610795259475708,0.04277088865637779
0.4689674377441406,0.6086182594299316,-0.02778765931725502
0.5933405160903931,0.6892284750938416,0.3135465085506439
0.4571459889411926,0.6877371668815613,0.2166544646024704
0.5856713056564331,0.6993057131767273,0.3297147750854492
0.46456629037857056,0.6958069205284119,0.23083963990211487
0.6224555373191833,0.7165332436561584,0.14779864251613617
0.44223907589912415,0.7156543731689453,0.03999640420079231
-
0.5191840529441833,0.3451973497867584,-0.32499536871910095
0.52979975938797,0.3392937481403351,-0.2959403991699219
0.536055862903595,0.3396384119987488,-0.2960068881511688
0.5423255562782288,0.34016090631484985,-0.29603034257888794
0.5118159055709839,0.3394049108028412,-0.292251855134964
0.5063615441322327,0.33979707956314087,-0.29224178194999695
0.5027793049812317,0.34026992321014404,-0.29220592975616455
0.5517939925193787,0.3461759686470032,-0.12414760887622833
0.49850332736968994,0.34645411372184753,-0.11129969358444214
0.5321536064147949,0.35627424716949463,-0.262707382440567
0.5097953081130981,0.3560663163661957,-0.25917595624923706
0.5970950126647949,0.4003016948699951,-0.02837521769106388
0.46171098947525024,0.3989684283733368,-0.02768387459218502
0.6353908777236938,0.45157748460769653,-0.22090943157672882
0.4331987500190735,0.4587589204311371,-0.22910581529140472
0.6444481015205383,0.40029770135879517,-0.5558779835700989
0.40914908051490784,0.4149843752384186,-0.6259568929672241
0.6479610800743103,0.39069610834121704,-0.6218370795249939
0.40576833486557007,0.40101176500320435,-0.7006635069847107
0.6442258954048157,0.38710206747055054,-0.6170120239257812
0.4106132984161377,0.39604002237319946,-0.699230432510376
0.6392161250114441,0.3906051516532898,-0.5624712109565735
0.4135451018810272,0.3989735245704651,-0.6364568471908569
0.5680769085884094,0.520704448223114,0.0047833663411438465
0.4833988547325134,0.5174557566642761,-0.004973709117621183
0.5822486877441406,0.6110972166061401,0.041148245334625244
0.46872347593307495,0.6087248921394348,-0.028390459716320038
0.5932937264442444,0.6892882585525513,0.3152483105659485
0.4571416974067688,0.6877447962760925,0.21673274040222168
0.5855864882469177,0.6993994116783142,0.3319104015827179
0.46459054946899414,0.6958183646202087,0.23101183772087097
0.6225109696388245,0.71653151512146,0.15005767345428467
0.4420243501663208,0.7156826257705688,0.04001103341579437
-
0.5188592076301575,0.3452317714691162,-0.3229754865169525
0.5294888615608215,0.3393056392669678,-0.29398414492607117
0.5357775092124939,0.33965373039245605,-0.29404890537261963
0.5420311689376831,0.3401825726032257,-0.29407352209091187
0.5114495754241943,0.3394268751144409,-0.2900264859199524
0.5060724020004272,0.33981186151504517,-0.290016233921051
0.5024864673614502,0.3402850329875946,-0.28997695446014404
0.5515381097793579,0.346188485622406,-0.12284062802791595
0.49822890758514404,0.3464649021625519,-0.10878589749336243
0.5318013429641724,0.3562886118888855,-0.26099592447280884
0.5095473527908325,0.35607224702835083,-0.25710538029670715
0.596976101398468,0.4003085196018219,-0.027899203822016716
0.46158891916275024,0.3989858031272888,-0.02573225274682045
0.635400116443634,0.45153990387916565,-0.22107037901878357
0.4332088828086853,0.458749383687973,-0.2275272160768509
0.6444528102874756,0.4002609848976135,-0.5556969046592712
0.4091026186943054,0.4150259494781494,-0.6234229803085327
0.6480259299278259,0.3907119035720825,-0.6216109991073608
0.4057469367980957,0.401062548160553,-0.698036253452301
0.6443328261375427,0.38711661100387573,-0.6169880628585815
0.4105795621871948,0.3960796892642975,-0.6962885856628418
0.6392818093299866,0.3906242549419403,-0.5623800754547119
0.4134924113750458,0.3990156352519989,-0.6338440179824829
0.5680700540542603,0.5207966566085815,0.004738574847579002
0.48339834809303284,0.5174705982208252,-0.00492926687002182
0.58229660987854,0.6112400889396667,0.039937574416399
0.4685036838054657,0.6087487936019897,-0.02889758162200451
0.593268096446991,0.6893323063850403,0.3149002194404602
0.45713305473327637,0.6877409219741821,0.21674709022045135
0.5855644941329956,0.6994836926460266,0.33161798119544983
0.4645965099334717,0.6958174109458923,0.23110340535640717
0.6225721836090088,0.7164985537528992,0.14910218119621277
0.44170647859573364,0.7156951427459717,0.0400092713534832
-
0.5185761451721191,0.3452628254890442,-0.3238377869129181
0.5292854905128479,0.33931559324264526,-0.29497846961021423
0.5356061458587646,0.3396681845188141,-0.2950437366962433
0.5418691635131836,0.3401995003223419,-0.29506877064704895
0.5112074017524719,0.33944201469421387,-0.29086893796920776
0.5058773756027222,0.3398342728614807,-0.2908586263656616
0.502292275428772,0.3403088450431824,-0.29081910848617554
0.5514098405838013,0.3461992144584656,-0.1237652450799942
0.4980846047401428,0.34648585319519043,-0.10922357439994812
0.5315032005310059,0.3563005328178406,-0.2618764638900757
0.5093444585800171,0.3560858368873596,-0.257820725440979
0.596855878829956,0.4003234803676605,-0.028964363038539886
0.4615200459957123,0.39899763464927673,-0.02591351419687271
0.6354117393493652,0.4515421390533447,-0.22660988569259644
0.4332132935523987,0.45872029662132263,-0.2279289811849594
0.6444562077522278,0.4002930521965027,-0.561509907245636
0.4089721143245697,0.4150773584842682,-0.6240600347518921
0.6479995250701904,0.39077046513557434,-0.6274071335792542
0.4057251513004303,0.40108761191368103,-0.6987639665603638
0.6443434357643127,0.3871721029281616,-0.6221457719802856
0.41054803133010864,0.3961219787597656,-0.6967042088508606
0.639298141002655,0.39069241285324097,-0.5679470300674438
0.4134690463542938,0.39908963441848755,-0.6343950629234314
0.5680287480354309,0.5208783745765686,0.004552079364657402
0.48340174555778503,0.5174817442893982,-0.0047456854954361916
0.5823479890823364,0.6113166213035583,0.03808923438191414
0.46833521127700806,0.6087722778320312,-0.029223870486021042
0.5932496190071106,0.6893817186355591,0.31449073553085327
0.45712342858314514,0.6877152323722839,0.21782135963439941
0.58555668592453,0.6995705962181091,0.33141544461250305
0.46459949016571045,0.695785641670227,0.2325473427772522
0.622591495513916,0.716469407081604,0.14849571883678436
0.4414871633052826,0.7156969904899597,0.04196419566869736
-
0.5183395147323608,0.3452727496623993,-0.33032527565956116
0.5291346907615662,0.339339941740036,-0.30198901891708374
0.5354779958724976,0.33969229459762573,-0.3020537793636322
0.5417519807815552,0.3402230441570282,-0.30207619071006775
0.5110201835632324,0.33946919441223145,-0.2971082329750061
0.5057247877120972,0.3398666977882385,-0.29709967970848083
0.5021456480026245,0.3403373658657074,-0.29706019163131714
0.5513367652893066,0.34621772170066833,-0.13271558284759521
0.4979724884033203,0.34651753306388855,-0.1146564781665802
0.5312660336494446,0.35631459951400757,-0.2691068649291992
0.5091651678085327,0.3561016023159027,-0.26405808329582214
0.5968412756919861,0.4003303050994873,-0.03904414549469948
0.4613683521747589,0.3990083634853363,-0.030641227960586548
0.6354552507400513,0.4515398144721985,-0.23997774720191956
0.43301352858543396,0.45863088965415955,-0.23210637271404266
0.6445112228393555,0.4003497064113617,-0.5786393284797668
0.4086664021015167,0.4151751399040222,-0.6269732713699341
0.6479617357254028,0.39088889956474304,-0.6453597545623779
0.40561726689338684,0.4011044502258301,-0.7015323042869568
0.6443504095077515,0.38722315430641174,-0.6399425864219666
0.4103509783744812,0.3961676061153412,-0.6985239386558533
0.6393364667892456,0.39075425267219543,-0.5850581526756287
0.4132903516292572,0.3991656005382538,-0.636864960193634
0.5680070519447327,0.5209853649139404,0.004443812184035778
0.4834047853946686,0.5174983143806458,-0.004640044644474983
0.5823830962181091,0.611383855342865,0.037968456745147705
0.4681803286075592,0.6087937951087952,-0.029501132667064667
0.5932294726371765,0.6894260048866272,0.31465932726860046
0.4571070671081543,0.6876760721206665,0.21954494714736938
0.5855435729026794,0.6996491551399231,0.3318973183631897
0.4645870327949524,0.695740818977356,0.23471933603286743
0.6226245760917664,0.7164530754089355,0.14995121955871582
0.4413914680480957,0.7156945466995239,0.04417235404253006
-
0.5182048678398132,0.34528645873069763,-0.33303102850914
0.52904212474823,0.33935707807540894,-0.3049343526363373
0.5354019403457642,0.33970972895622253,-0.3050001263618469
0.5416868329048157,0.34024032950401306,-0.30502355098724365
0.5108897089958191,0.33949124813079834,-0.29993417859077454
0.5056130290031433,0.33989423513412476,-0.2999257743358612
0.5020437836647034,0.34036144614219666,-0.29988622665405273
0.5512863397598267,0.34623557329177856,-0.13647840917110443
0.49788767099380493,0.3465445339679718,-0.1179526224732399
0.5311275124549866,0.35632604360580444,-0.27210304141044617
0.5090514421463013,0.3561149835586548,-0.2669101357460022
0.5968418717384338,0.40033483505249023,-0.04276644438505173
0.4613293409347534,0.39901888370513916,-0.03368944674730301
0.6355135440826416,0.45154470205307007,-0.24310921132564545
0.43286487460136414,0.4585340917110443,-0.23458662629127502
0.6445780992507935,0.40040817856788635,-0.5809032320976257
0.4081824719905853,0.41519469022750854,-0.6288449168205261
0.6479445695877075,0.39094847440719604,-0.6474202275276184
0.4053344428539276,0.40111374855041504,-0.7032522559165955
0.644359290599823,0.38724058866500854,-0.6419405341148376
0.40996262431144714,0.3961998522281647,-0.6998831629753113
0.6393880844116211,0.3907816410064697,-0.5872799158096313
0.4129372835159302,0.3991857171058655,-0.6385809779167175
0.567997932434082,0.5210779309272766,0.004378687124699354
0.48340675234794617,0.5175077319145203,-0.004576129373162985
0.5824164748191833,0.6114504933357239,0.03752531856298447
0.4680600166320801,0.6088320016860962,-0.029635174199938774
0.5932028293609619,0.6894447803497314,0.3146069645881653
0.45710083842277527,0.6876435875892639,0.21995219588279724
0.5855131149291992,0.6996968388557434,0.33195623755455017
0.4645841717720032,0.6956973075866699,0.2351953685283661
0.6226270198822021,0.7164155840873718,0.1510496735572815
0.4413323998451233,0.7156984210014343,0.044957540929317474
-
0.5180860757827759,0.34530550241470337,-0.33343833684921265
0.5289672613143921,0.3393728733062744,-0.30539238452911377
0.5353473424911499,0.3397252857685089,-0.30545881390571594
0.5416459441184998,0.34025540947914124,-0.30548322200775146
0.5107669234275818,0.3395099639892578,-0.3003948926925659
0.5055064558982849,0.33991676568984985,-0.3003861606121063
0.5019417405128479,0.34038046002388,-0.30034610629081726
0.5512696504592896,0.34624263644218445,-0.13710643351078033
0.4978119432926178,0.34656086564064026,-0.11867408454418182
0.5310428738594055,0.3563418984413147,-0.27257275581359863
0.5089602470397949,0.3561229109764099,-0.26740187406539917
0.5968385338783264,0.40036290884017944,-0.043409835547208786
0.4613264203071594,0.3990488350391388,-0.03447593003511429
0.6355929374694824,0.4515928626060486,-0.24290519952774048
0.4328213632106781,0.4584195017814636,-0.2357967346906662
0.6445826888084412,0.40047717094421387,-0.5791259407997131
0.40772154927253723,0.41515666246414185,-0.6302473545074463
0.6479012966156006,0.3910011351108551,-0.6453859806060791
0.40482914447784424,0.40111860632896423,-0.7045888900756836
0.6443653106689453,0.38726139068603516,-0.6400231122970581
0.4095500111579895,0.3961888253688812,-0.7009913325309753
0.6394031047821045,0.3908133804798126,-0.5855028629302979
0.4125882089138031,0.39920932054519653,-0.639944314956665
0.5679879784584045,0.5211082696914673,0.004327208735048771
0.48340848088264465,0.5175214409828186,-0.0045255147852003574
0.582446813583374,0.6114782094955444,0.03724551573395729
0.4680102467536926,0.6088584065437317,-0.029701245948672295
0.59318608045578,0.6894873380661011,0.3136090040206909
0.45709913969039917,0.6876319646835327,0.21956127882003784
0.5854813456535339,0.6997679471969604,0.33090224862098694
0.46457982063293457,0.6956698894500732,0.23472625017166138
0.6226511597633362,0.716382622718811,0.1507798135280609
0.4413016438484192,0.7157069444656372,0.04492060840129852
-
0.5179924368858337,0.34543150663375854,-0.3332672417163849
0.5288684368133545,0.33940422534942627,-0.30534470081329346
0.5352789759635925,0.339743047952652,-0.3054114580154419
0.5415931940078735,0.34026631712913513,-0.30543625354766846
0.5106489658355713,0.3395506739616394,-0.3002423048019409
0.5054176449775696,0.3399508595466614,-0.3002334535121918
0.5018619298934937,0.34040719270706177,-0.30019229650497437
0.5512176752090454,0.3462649881839752,-0.13676095008850098
0.49776947498321533,0.3465787172317505,-0.11801950633525848
0.5310096740722656,0.3564399480819702,-0.2724367678165436
0.5089401602745056,0.3562038540840149,-0.2670140862464905
0.5969670414924622,0.4003693461418152,-0.04268311709165573
0.46134456992149353,0.39906221628189087,-0.03154497221112251
0.6357824206352234,0.45148634910583496,-0.24297770857810974
0.4328676760196686,0.4582313597202301,-0.22930561006069183
0.6447362899780273,0.4006419777870178,-0.5833814144134521
0.4074353575706482,0.4151592254638672,-0.6258183717727661
0.647930920124054,0.3910350203514099,-0.6506684422492981
0.4047096371650696,0.40114253759384155,-0.7005981802940369
0.6443789601325989,0.3872835338115692,-0.6458104252815247
0.40943172574043274,0.39619821310043335,-0.698212206363678
0.6394485235214233,0.39083367586135864,-0.5900341868400574
0.4124896228313446,0.3992404341697693,-0.6361333131790161
0.567995011806488,0.5211146473884583,0.004183728713542223
0.48346376419067383,0.5175282955169678,-0.004380166996270418
0.5824919939041138,0.6114912629127502,0.03306783735752106
0.46804556250572205,0.6088466048240662,-0.0264158695936203
0.5932009220123291,0.6895570755004883,0.30205410718917847
0.45712319016456604,0.687567949295044,0.22326238453388214
0.5855097770690918,0.6998739242553711,0.3184783160686493
0.4645812213420868,0.6955572366714478,0.23828519880771637
0.6226884126663208,0.7163823246955872,0.13548359274864197
0.44138407707214355,0.7157079577445984,0.04774942994117737
-
0.5180932283401489,0.34558525681495667,-0.33335840702056885
0.5289351344108582,0.33944159746170044,-0.30543801188468933
0.5353625416755676,0.33977022767066956,-0.30550506711006165
0.5416865348815918,0.34028246998786926,-0.30552938580513
0.5106689929962158,0.3395741879940033,-0.3003377616405487
0.5054193735122681,0.33997634053230286,-0.30032891035079956
0.5018653273582458,0.3404301106929779,-0.3002873957157135
0.5512850284576416,0.3462802469730377,-0.1365610659122467
0.4977700114250183,0.3466106057167053,-0.1179523766040802
0.5311159491539001,0.35654589533805847,-0.2723827064037323
0.5090274214744568,0.3563157916069031,-0.2670060098171234
0.5972952246665955,0.4003812372684479,-0.04239290952682495
0.46153590083122253,0.3990725874900818,-0.029474759474396706
0.6360779404640198,0.45128893852233887,-0.2434452325105667
0.4329257011413574,0.4579493999481201,-0.22588695585727692
0.6448504328727722,0.4006727337837219,-0.585746169090271
0.40721914172172546,0.415104478597641,-0.6247899532318115
0.6479332447052002,0.39104896783828735,-0.6532445549964905
0.4046419858932495,0.4011608064174652,-0.6996837258338928
0.6443846225738525,0.3872975707054138,-0.6484901309013367
0.4093448519706726,0.3961685299873352,-0.6978539228439331
0.6394583582878113,0.3908473551273346,-0.5923945903778076
0.4124048948287964,0.3992482125759125,-0.6353744268417358
0.5679969787597656,0.5211148858070374,0.003903300268575549
0.4835314452648163,0.5175386667251587,-0.004098811186850071
0.5825405120849609,0.6114891767501831,0.03175610676407814
0.46803683042526245,0.6088553667068481,-0.023882484063506126
0.5932088494300842,0.689606785774231,0.298143208026886
0.4571465253829956,0.6875489354133606,0.22586196660995483
0.5855483412742615,0.6999596953392029,0.314211905002594
0.4646434783935547,0.6955471038818359,0.24072802066802979
0.6226142048835754,0.7163816690444946,0.12932632863521576
0.44141265749931335,0.7157031893730164,0.04907596856355667
-
0.5184960961341858,0.34583866596221924,-0.3343845009803772
0.5291284918785095,0.33956247568130493,-0.30659371614456177
0.5355625748634338,0.3398655354976654,-0.30666112899780273
0.5418666005134583,0.3403511643409729,-0.30668601393699646
0.5108255743980408,0.33965808153152466,-0.30157238245010376
0.5054706335067749,0.3400511145591736,-0.30156365036964417
0.5019057393074036,0.3405180275440216,-0.3015221953392029
0.551450252532959,0.34638267755508423,-0.13722647726535797
0.4978054165840149,0.34677639603614807,-0.11869191378355026
0.531414270401001,0.35666418075561523,-0.2730373740196228
0.5093091130256653,0.3564797043800354,-0.26774293184280396
0.5976908206939697,0.4004111886024475,-0.04242609068751335
0.46177178621292114,0.3990517854690552,-0.02922908402979374
0.6361382603645325,0.45126503705978394,-0.24293562769889832
0.432983934879303,0.45763906836509705,-0.22522228956222534
0.6449434757232666,0.40072107315063477,-0.584835410118103
0.40699243545532227,0.4150873124599457,-0.6249092817306519
0.6479355096817017,0.3910633325576782,-0.6521636247634888
0.40460464358329773,0.4011756479740143,-0.6998282074928284
0.6443894505500793,0.3873032033443451,-0.6475520730018616
0.4092728793621063,0.3961639106273651,-0.6981528997421265
0.6394704580307007,0.39085012674331665,-0.5915090441703796
0.41229405999183655,0.399265855550766,-0.6355732679367065
0.5679978132247925,0.5211093425750732,0.003714990569278598
0.4836084544658661,0.5175405144691467,-0.003908872604370117
0.5825758576393127,0.6114870309829712,0.031784430146217346
0.46802690625190735,0.608838677406311,-0.022799592465162277
0.5932093858718872,0.6896095871925354,0.2987254559993744
0.4571843445301056,0.6875299215316772,0.22576077282428741
0.5855869054794312,0.6999810934066772,0.3148196339607239
0.4647756814956665,0.695542573928833,0.24053622782230377
0.6224844455718994,0.7163774371147156,0.12974637746810913
0.4414122700691223,0.7156938314437866,0.048707764595746994
-
0.5187934041023254,0.3460422456264496,-0.3366510272026062
0.5293326377868652,0.33965471386909485,-0.309021532535553
0.5357863306999207,0.33994072675704956,-0.30908718705177307
0.5420594215393066,0.3404042422771454,-0.30911317467689514
0.5109599828720093,0.3397340476512909,-0.30418020486831665
0.5055103302001953,0.3401263356208801,-0.30417197942733765
0.5019358396530151,0.3406068682670593,-0.3041341304779053
0.551638126373291,0.346516489982605,-0.13976909220218658
0.4978463053703308,0.346956729888916,-0.12176936119794846
0.5316685438156128,0.35677382349967957,-0.2751379609107971
0.5095247626304626,0.3566204607486725,-0.27005651593208313
0.59791499376297,0.4005086421966553,-0.04352562129497528
0.46196427941322327,0.3990462124347687,-0.03107418492436409
0.6361451745033264,0.45129871368408203,-0.24248845875263214
0.43298742175102234,0.4574318826198578,-0.22663797438144684
0.6450064778327942,0.40074634552001953,-0.5838978886604309
0.40669122338294983,0.4148717522621155,-0.6263806819915771
0.6479389071464539,0.3910648822784424,-0.651535153388977
0.40445947647094727,0.4010997414588928,-0.7011502385139465
0.6443941593170166,0.38728827238082886,-0.6467718482017517
0.4091034233570099,0.3960523009300232,-0.699757993221283
0.6394960880279541,0.3908214867115021,-0.5905880928039551
0.41208788752555847,0.3992091119289398,-0.637156069278717
0.5679976344108582,0.5210910439491272,0.0036965026520192623
0.48365160822868347,0.5175012946128845,-0.003890769323334098
0.582682192325592,0.6114882230758667,0.031830888241529465
0.46802055835723877,0.6088187098503113,-0.021999560296535492
0.5932160019874573,0.6896153092384338,0.298188179731369
0.45719969272613525,0.6875180602073669,0.2255662977695465
0.5856304168701172,0.7000052332878113,0.3141322135925293
0.46483007073402405,0.6955390572547913,0.24032481014728546
0.6224114894866943,0.7163771986961365,0.12927041947841644
0.44140857458114624,0.7156838178634644,0.048468053340911865
-
0.5189083814620972,0.3461608290672302,-0.3408263027667999
0.5294087529182434,0.3397030830383301,-0.313522607088089
0.5358574986457825,0.33997493982315063,-0.31358787417411804
0.5421269536018372,0.34041959047317505,-0.31361570954322815
0.5110223889350891,0.339790403842926,-0.30874669551849365
0.5055294036865234,0.3401864171028137,-0.3087399899959564
0.5019568204879761,0.3406798541545868,-0.3087064325809479
0.551697313785553,0.3465709090232849,-0.14495840668678284
0.49791038036346436,0.3470751643180847,-0.1270138919353485
0.5317771434783936,0.35680970549583435,-0.27937185764312744
0.5096266865730286,0.3566795289516449,-0.27435529232025146
0.5981349945068359,0.4005463123321533,-0.04720841348171234
0.46212658286094666,0.3990500569343567,-0.03557084500789642
0.6361515522003174,0.4513359069824219,-0.2444511204957962
0.4329836964607239,0.45734620094299316,-0.23141947388648987
0.6450730562210083,0.40078455209732056,-0.5837844014167786
0.4066368639469147,0.41475439071655273,-0.6299769878387451
0.647944450378418,0.39107298851013184,-0.6506733298301697
0.4044404625892639,0.4010019302368164,-0.7043972611427307
0.6444275379180908,0.3872867226600647,-0.6460280418395996
0.40902847051620483,0.39589473605155945,-0.7027918696403503
0.639614462852478,0.3907957673072815,-0.5904425978660583
0.41200119256973267,0.3991295099258423,-0.6405853033065796
0.5679986476898193,0.5210593938827515,0.003682920942083001
0.4836847484111786,0.5174521803855896,-0.003877003211528063
0.5827696323394775,0.6114779710769653,0.032080646604299545
0.4680151641368866,0.6087994575500488,-0.02174769714474678
0.5932220816612244,0.6896177530288696,0.2976624071598053
0.4572095274925232,0.687515377998352,0.2244368940591812
0.58565354347229,0.7000126242637634,0.3134708106517792
0.4649524688720703,0.6955517530441284,0.2387542575597763
0.6223975419998169,0.7163781523704529,0.12926837801933289
0.441304087638855,0.7156856060028076,0.04722671955823898
-
0.5189329981803894,0.34616905450820923,-0.33764028549194336
0.529427707195282,0.3397110104560852,-0.31061235070228577
0.5358730554580688,0.3399844467639923,-0.3106786012649536
0.5421427488327026,0.3404344916343689,-0.3107116222381592
0.5110464692115784,0.3398025929927826,-0.3053755760192871
0.5055400729179382,0.3401958644390106,-0.3053681552410126
0.5019675493240356,0.34069687128067017,-0.30533328652381897
0.5517160296440125,0.3466034233570099,-0.1442357301712036
0.4979800879955292,0.34715086221694946,-0.12403639405965805
0.5318200588226318,0.3568156659603119,-0.2769414484500885
0.5096511840820312,0.35668259859085083,-0.2713405191898346
0.5983254909515381,0.4005642831325531,-0.04688238725066185
0.4624008536338806,0.3990652561187744,-0.033360447734594345
0.6361551284790039,0.4513808786869049,-0.24401460587978363
0.43298783898353577,0.4572719931602478,-0.22967292368412018
0.6452340483665466,0.40081629157066345,-0.5825098156929016
0.40664252638816833,0.414669930934906,-0.6268230676651001
0.6480051875114441,0.39107951521873474,-0.6487109065055847
0.4044698178768158,0.4008518159389496,-0.7011805176734924
0.6445143818855286,0.3872825503349304,-0.6439636945724487
0.4090254604816437,0.39570334553718567,-0.6985755562782288
0.6398063898086548,0.39077913761138916,-0.5890578031539917
0.41200026869773865,0.3990366458892822,-0.637037992477417
0.5679740905761719,0.5210121870040894,0.003538191318511963
0.4836992025375366,0.5173627138137817,-0.0037319865077733994
0.5827794671058655,0.6114524006843567,0.028822364285588264
0.4680115282535553,0.6087483763694763,-0.023222696036100388
0.5932226777076721,0.6896406412124634,0.28936684131622314
0.4572102725505829,0.6875146627426147,0.21920011937618256
0.5856658220291138,0.7000317573547363,0.30490314960479736
0.4649580121040344,0.6955540180206299,0.2333339899778366
0.6223981380462646,0.7163813710212708,0.12174054235219955
0.4412541389465332,0.7156842947006226,0.042641863226890564
-
0.519047737121582,0.3461814522743225,-0.3334851562976837
0.5295460224151611,0.3397340178489685,-0.30618515610694885
0.5359810590744019,0.3400050103664398,-0.306254506111145
0.5422239303588867,0.34044644236564636,-0.30629482865333557
0.5111668109893799,0.3398127257823944,-0.301145076751709
0.5056136846542358,0.34020501375198364,-0.3011361062526703
0.5020083785057068,0.34071022272109985,-0.3010968863964081
0.5517500042915344,0.346691757440567,-0.1400434672832489
0.4980655312538147,0.34721606969833374,-0.12076512724161148
0.5319454669952393,0.35682541131973267,-0.272919237613678
0.5097167491912842,0.3566880226135254,-0.26760274171829224
0.5984563827514648,0.40063557028770447,-0.04475909471511841
0.4625857174396515,0.39910998940467834,-0.03166211023926735
0.6361706852912903,0.4513939321041107,-0.2417401671409607
0.43300455808639526,0.45716872811317444,-0.22899629175662994
0.6455565094947815,0.40087127685546875,-0.5758306384086609
0.40669313073158264,0.4144156873226166,-0.6255641579627991
0.6482618451118469,0.39109477400779724,-0.6415337324142456
0.40446731448173523,0.4005359709262848,-0.7000848650932312
0.6447110772132874,0.38727912306785583,-0.6365852952003479
0.40900492668151855,0.3953709602355957,-0.6972278356552124
0.6400622725486755,0.3907621502876282,-0.5822669267654419
0.4119987189769745,0.3987858295440674,-0.635694682598114
0.5679683685302734,0.5209997296333313,0.0034973816946148872
0.4837183654308319,0.517322301864624,-0.003690216224640608
0.5827920436859131,0.6114310622215271,0.027839861810207367
0.4680120348930359,0.6086944341659546,-0.029463734477758408
0.5932191610336304,0.6896594166755676,0.2886533737182617
0.45720231533050537,0.6875128746032715,0.21019087731838226
0.5856735110282898,0.7000409364700317,0.30439454317092896
0.46494755148887634,0.6955511569976807,0.22429028153419495
0.6224215626716614,0.7163761854171753,0.12227372080087662
0.4412138760089874,0.7156898379325867,0.034124910831451416
-
0.5191578269004822,0.3462049067020416,-0.33349043130874634
0.529636025428772,0.33976250886917114,-0.3061530292034149
0.5360636115074158,0.34002798795700073,-0.30622246861457825
0.5422878265380859,0.34046101570129395,-0.30626317858695984
0.5112815499305725,0.33982783555984497,-0.3011471629142761
0.5056925415992737,0.3402180075645447,-0.30113810300827026
0.5020541548728943,0.34073036909103394,-0.3010987937450409
0.5517752766609192,0.34675925970077515,-0.13987629115581512
0.4981750547885895,0.3472718298435211,-0.12074700742959976
0.5321050882339478,0.3568313419818878,-0.27284595370292664
0.5097982883453369,0.3566935658454895,-0.2675873339176178
0.5986052751541138,0.40073108673095703,-0.04409093037247658
0.4628128409385681,0.3991275429725647,-0.031787700951099396
0.6361801028251648,0.4514310359954834,-0.24002236127853394
0.4330075979232788,0.4570463299751282,-0.23040182888507843
0.6458798050880432,0.4009130001068115,-0.572147011756897
0.406840443611145,0.4143046438694,-0.627493143081665
0.6485235691070557,0.3911055624485016,-0.637739360332489
0.40448087453842163,0.40033960342407227,-0.70237135887146
0.6449307203292847,0.3872760534286499,-0.6325466632843018
0.40900492668151855,0.39513298869132996,-0.6991128921508789
0.6403288841247559,0.3907490372657776,-0.5784743428230286
0.4120556712150574,0.39860883355140686,-0.6374629735946655
0.5679653882980347,0.5209912061691284,0.0034934377763420343
0.4837373197078705,0.5173012018203735,-0.0036863149143755436
0.5828255414962769,0.6113981008529663,0.02660452574491501
0.46800824999809265,0.6086877584457397,-0.035023439675569534
0.5932224988937378,0.6896624565124512,0.29019397497177124
0.4572025239467621,0.6875281929969788,0.2062760293483734
0.5857083797454834,0.7000428438186646,0.3061593472957611
0.4649476408958435,0.6955508589744568,0.22066207230091095
0.6224752068519592,0.7163616418838501,0.12371417880058289
0.44119560718536377,0.7157407402992249,0.02990921400487423
-
0.5194115042686462,0.34631437063217163,-0.33497706055641174
0.5298119783401489,0.3398350179195404,-0.3074534237384796
0.5362364053726196,0.34009382128715515,-0.3075222969055176
0.5424163341522217,0.3405207395553589,-0.30756473541259766
0.5114943981170654,0.33988603949546814,-0.3027768135070801
0.50584477186203,0.3402668833732605,-0.30276769399642944
0.5021395087242126,0.34079107642173767,-0.3027292490005493
0.5518330931663513,0.34688815474510193,-0.13986636698246002
0.49830710887908936,0.34738215804100037,-0.12203536927700043
0.5324164032936096,0.356903612613678,-0.2737003564834595
0.5099756121635437,0.3567647337913513,-0.268862247467041
0.5987917184829712,0.4007900655269623,-0.0438886359333992
0.4629674553871155,0.3991318345069885,-0.03356403112411499
0.6362375617027283,0.45143380761146545,-0.23809131979942322
0.4330267906188965,0.4569365084171295,-0.23476600646972656
0.6461985111236572,0.40100258588790894,-0.5690605044364929
0.40693405270576477,0.4141042232513428,-0.6328310966491699
0.6488233208656311,0.39117035269737244,-0.6343721747398376
0.40448030829429626,0.4000997543334961,-0.7080687284469604
0.6451297998428345,0.38727882504463196,-0.6289634108543396
0.4090035855770111,0.3948879539966583,-0.7047024369239807
0.6405445337295532,0.39074820280075073,-0.5752820372581482
0.412124902009964,0.3983767628669739,-0.642704963684082
0.5679662227630615,0.5209845304489136,0.003501798491925001
0.4837583899497986,0.5172818899154663,-0.0036950644571334124
0.5828797221183777,0.6113892793655396,0.025372155010700226
0.46801313757896423,0.6086639761924744,-0.037800420075654984
0.5932565331459045,0.6896647214889526,0.29259681701660156
0.45720037817955017,0.6875329613685608,0.2067679762840271
0.5858201384544373,0.7000237703323364,0.30961740016937256
0.4649277925491333,0.6955384612083435,0.22148339450359344
0.6224807500839233,0.7163422703742981,0.12773500382900238
0.44116663932800293,0.7157802581787109,0.030071990564465523
-
0.5196042060852051,0.34645918011665344,-0.33552220463752747
0.5299378037452698,0.3399182856082916,-0.3080177903175354
0.5363649725914001,0.3401680588722229,-0.30808666348457336
0.5425287485122681,0.3405907154083252,-0.3081304728984833
0.5116304159164429,0.3399607837200165,-0.3033781349658966
0.5059381127357483,0.34033116698265076,-0.30336931347846985
0.5022056102752686,0.3408667743206024,-0.3033308982849121
0.551925539970398,0.347033828496933,-0.14007841050624847
0.49840012192726135,0.34753191471099854,-0.12253078818321228
0.532626748085022,0.3570205867290497,-0.2741241157054901
0.5101102590560913,0.35689425468444824,-0.2693368196487427
0.5989728569984436,0.4008978009223938,-0.04375511407852173
0.463118314743042,0.39919498562812805,-0.03437662497162819
0.6362449526786804,0.45159125328063965,-0.23732440173625946
0.4330824911594391,0.45689210295677185,-0.2355799525976181
0.6464681625366211,0.4010739326477051,-0.5670621395111084
0.40693163871765137,0.4137999415397644,-0.6335042119026184
0.6490668654441833,0.3912350535392761,-0.6320714354515076
0.4044520854949951,0.3997616767883301,-0.7088167667388916
0.6453502774238586,0.38728630542755127,-0.6267745494842529
0.40895816683769226,0.39462870359420776,-0.7055924534797668
0.6407874226570129,0.39074987173080444,-0.5733445286750793
0.4121131896972656,0.3981703221797943,-0.643464982509613
0.5679672956466675,0.5209685564041138,0.003499408485367894
0.4837718605995178,0.5172634124755859,-0.003692715661600232
0.582929253578186,0.611364483833313,0.02448955923318863
0.4680134654045105,0.6086257100105286,-0.03942951187491417
0.5932987928390503,0.6896449327468872,0.2929823398590088
0.45720380544662476,0.687537431716919,0.20483458042144775
0.5859290361404419,0.699995219707489,0.30974215269088745
0.4649413526058197,0.6955234408378601,0.21961404383182526
0.622477650642395,0.7162972688674927,0.12796036899089813
0.44114625453948975,0.7158330678939819,0.027910510078072548
-
0.5197731852531433,0.3467007875442505,-0.3406579792499542
0.5300339460372925,0.34005483984947205,-0.31333473324775696
0.5365079045295715,0.3402973413467407,-0.31340280175209045
0.5426563024520874,0.34071630239486694,-0.31344786286354065
0.5117302536964417,0.3400903344154358,-0.30869531631469727
0.5060048699378967,0.34044525027275085,-0.3086894154548645
0.5022608637809753,0.3409978747367859,-0.308652400970459
0.5520780086517334,0.34719058871269226,-0.1445128172636032
0.4984889626502991,0.3477048873901367,-0.12702517211437225
0.5328624248504639,0.3572358191013336,-0.2787896692752838
0.5102260708808899,0.3571120500564575,-0.27398809790611267
0.5992017984390259,0.40098318457603455,-0.045050498098134995
0.46319761872291565,0.39927440881729126,-0.038384053856134415
0.6362491846084595,0.451931893825531,-0.239130437374115
0.4331262707710266,0.4568859040737152,-0.2392643541097641
0.6466469168663025,0.401191383600235,-0.5694416761398315
0.4069339334964752,0.4136648178100586,-0.637331485748291
0.6491996645927429,0.39130154252052307,-0.6344737410545349
0.40444886684417725,0.3996151089668274,-0.7129899859428406
0.645475447177887,0.38729962706565857,-0.6288003325462341
0.40894725918769836,0.3945186138153076,-0.7097112536430359
0.6409551501274109,0.390758752822876,-0.57566899061203
0.4121125042438507,0.39808231592178345,-0.6472321152687073
0.5679819583892822,0.5209116339683533,0.0034968515392392874
0.4837830364704132,0.5172217488288879,-0.003690397134050727
0.5830225348472595,0.6112777590751648,0.023783037438988686
0.4680141508579254,0.6085809469223022,-0.04352026432752609
0.5934230089187622,0.6896205544471741,0.29327675700187683
0.4572097659111023,0.6875646114349365,0.2006845325231552
0.586097776889801,0.6999736428260803,0.30982547998428345
0.46497124433517456,0.6955226063728333,0.21552802622318268
0.6224764585494995,0.7162691354751587,0.1281072199344635
0.4411230683326721,0.7158789038658142,0.02278093434870243
-
0.5198277235031128,0.34686002135276794,-0.3462194502353668
0.5300829410552979,0.34019121527671814,-0.3191067576408386
0.536582887172699,0.34042373299598694,-0.3191758394241333
0.5427311658859253,0.340849906206131,-0.3192194700241089
0.51177579164505,0.3401917815208435,-0.31432271003723145
0.5060375928878784,0.3405211567878723,-0.31431835889816284
0.5022861361503601,0.3410760164260864,-0.31428390741348267
0.5521398782730103,0.3473537862300873,-0.15058633685112
0.49856385588645935,0.34781402349472046,-0.132276251912117
0.532950758934021,0.3574008345603943,-0.28441858291625977
0.5102427005767822,0.35723158717155457,-0.27936452627182007
0.5993284583091736,0.4010928273200989,-0.04983115568757057
0.4633147716522217,0.3993442952632904,-0.043315935879945755
0.636253297328949,0.45228490233421326,-0.24702845513820648
0.433197945356369,0.456860214471817,-0.2418728470802307
0.6469108462333679,0.4013897776603699,-0.5810957551002502
0.406936913728714,0.4136565625667572,-0.6384038925170898
0.6494364738464355,0.3914110064506531,-0.6468501091003418
0.4044472575187683,0.39955925941467285,-0.7141080498695374
0.6456968188285828,0.3873481750488281,-0.6412267684936523
0.40892529487609863,0.39448148012161255,-0.7111045718193054
0.6412372589111328,0.390809029340744,-0.5875079035758972
0.41210174560546875,0.39807334542274475,-0.6483868360519409
0.5680161118507385,0.5208765864372253,0.0034582074731588364
0.483803927898407,0.5171761512756348,-0.0036536785773932934
0.5831331610679626,0.6112608313560486,0.021218888461589813
0.468022882938385,0.6084856986999512,-0.04682698845863342
0.5936965942382812,0.6896036863327026,0.29208067059516907
0.45721763372421265,0.6875663995742798,0.19953297078609467
0.5863527655601501,0.6999685764312744,0.30885085463523865
0.4650384783744812,0.695513129234314,0.21465663611888885
0.6225007176399231,0.7162691354751587,0.12618814408779144
0.44102561473846436,0.7158940434455872,0.02217133529484272
-
0.519848108291626,0.34705841541290283,-0.3502978980541229
0.5300899744033813,0.34036409854888916,-0.3229581117630005
0.536588728427887,0.3405810296535492,-0.3230281174182892
0.5427454113960266,0.3410032391548157,-0.32306838035583496
0.511795699596405,0.34035158157348633,-0.3182324171066284
0.5060539245605469,0.3406605124473572,-0.3182291090488434
0.5023016333580017,0.34122148156166077,-0.3181942105293274
0.5521498322486877,0.3475182354450226,-0.15352798998355865
0.4986071288585663,0.3479713201522827,-0.13547441363334656
0.5329793095588684,0.3575684428215027,-0.28824424743652344
0.5102573037147522,0.3573474884033203,-0.2832532525062561
0.5993672013282776,0.4012695252895355,-0.05236058682203293
0.4634469449520111,0.3994296193122864,-0.04628275707364082
0.6362873315811157,0.4524751603603363,-0.2514963448047638
0.4333024322986603,0.4568207859992981,-0.24398335814476013
0.64719557762146,0.40157350897789,-0.5875992774963379
0.40696975588798523,0.41391462087631226,-0.6405040621757507
0.6496105790138245,0.39149394631385803,-0.6542150378227234
0.40447568893432617,0.39963987469673157,-0.7166061997413635
0.6458389163017273,0.38739216327667236,-0.6485873460769653
0.4089221954345703,0.39452284574508667,-0.7142372131347656
0.6414531469345093,0.3908688724040985,-0.5941014885902405
0.41209980845451355,0.39818596839904785,-0.6507195830345154
0.5680774450302124,0.5208622813224792,0.003412304213270545
0.48382410407066345,0.5171657800674438,-0.0036081515718251467
0.5831755995750427,0.6112250089645386,0.021597929298877716
0.4680323600769043,0.6084241271018982,-0.04820207878947258
0.5940055847167969,0.6895691156387329,0.2924395501613617
0.45722731947898865,0.687609076499939,0.19766226410865784
0.5865797400474548,0.699966311454773,0.309198796749115
0.46508651971817017,0.6955200433731079,0.21270838379859924
0.6225628852844238,0.7162679433822632,0.12645362317562103
0.44098469614982605,0.7159231901168823,0.019243793562054634
-
0.5200772881507874,0.3472614884376526,-0.3572426736354828
0.5302359461784363,0.34054213762283325,-0.32956716418266296
0.5367336869239807,0.34075412154197693,-0.3296351134777069
0.5428722500801086,0.3411978781223297,-0.3296694755554199
0.5119826197624207,0.34046831727027893,-0.3253951668739319
0.5061848163604736,0.3407406508922577,-0.32539206743240356
0.5023707151412964,0.34129205346107483,-0.3253604769706726
0.5522069931030273,0.34771430492401123,-0.1588231772184372
0.4986494183540344,0.34801799058914185,-0.14350880682468414
0.5331867933273315,0.3578588366508484,-0.29476499557495117
0.510373055934906,0.35752761363983154,-0.290570467710495
0.5993722677230835,0.40144991874694824,-0.056335750967264175
0.46353471279144287,0.3996098041534424,-0.05465657263994217
0.6363913416862488,0.45257535576820374,-0.25191378593444824
0.43330875039100647,0.4568004608154297,-0.25358152389526367
0.6474121809005737,0.4016186594963074,-0.5861436724662781
0.40701115131378174,0.4142610430717468,-0.6495498418807983
0.6499649286270142,0.3914998769760132,-0.6524183750152588
0.4044923484325409,0.3997286260128021,-0.7252931594848633
0.6460699439048767,0.3873951733112335,-0.6468630433082581
0.40891939401626587,0.3945450186729431,-0.7232809066772461
0.641625702381134,0.39087045192718506,-0.5925747156143188
0.41209128499031067,0.3982566297054291,-0.6597557663917542
0.5681602954864502,0.5208612084388733,0.00342296133749187
0.4839141368865967,0.517168402671814,-0.003619692288339138
0.583198606967926,0.6112220883369446,0.02379165217280388
0.46803444623947144,0.6083741784095764,-0.04708088934421539
0.5941663384437561,0.6895057559013367,0.2975064814090729
0.45723965764045715,0.6876122951507568,0.19905894994735718
0.5867727398872375,0.6999484300613403,0.3145888149738312
0.4651358723640442,0.6955164670944214,0.21406570076942444
0.6225795149803162,0.7162618041038513,0.13166634738445282
0.44095951318740845,0.7159448862075806,0.02095578797161579
-
0.5204139947891235,0.3474058508872986,-0.36525455117225647
0.5304859280586243,0.34067589044570923,-0.3373129069805145
0.5369627475738525,0.3408980667591095,-0.33737561106681824
0.5430276393890381,0.3413795828819275,-0.3374088406562805
0.512316107749939,0.3405285179615021,-0.3337688148021698
0.5064632296562195,0.3407670259475708,-0.3337664008140564
0.5025020241737366,0.3413088917732239,-0.3337377607822418
0.5522463321685791,0.3479035496711731,-0.1641315072774887
0.49870920181274414,0.34802213311195374,-0.15186844766139984
0.5333915948867798,0.35810303688049316,-0.30169549584388733
0.5105243921279907,0.35765478014945984,-0.2984073758125305
0.5993375778198242,0.40158480405807495,-0.05784958600997925
0.46357446908950806,0.3996564447879791,-0.06276146322488785
0.6365496516227722,0.45258989930152893,-0.2508124113082886
0.4333054721355438,0.45677193999290466,-0.26380982995033264
0.6475247144699097,0.40163055062294006,-0.5849271416664124
0.4071638286113739,0.41450196504592896,-0.6602479815483093
0.6501612067222595,0.39147335290908813,-0.6505104303359985
0.40465301275253296,0.39974910020828247,-0.7361845970153809
0.6461694240570068,0.38737961649894714,-0.6443416476249695
0.4090305268764496,0.39454755187034607,-0.7340838313102722
0.6416853070259094,0.39085787534713745,-0.5910341739654541
0.4122002422809601,0.3982993960380554,-0.6701956987380981
0.5682661533355713,0.520859956741333,0.003611641703173518
0.48405274748802185,0.5171676874160767,-0.003812409471720457
0.5832204818725586,0.6112192869186401,0.028790807351469994
0.4680352509021759,0.608360767364502,-0.04676834121346474
0.5943109393119812,0.6894572377204895,0.30835509300231934
0.45727020502090454,0.6876702308654785,0.1999252587556839
0.5869048833847046,0.6999346017837524,0.3260047137737274
0.4652308225631714,0.6955313086509705,0.21489866077899933
0.6225900650024414,0.7162554264068604,0.14287014305591583
0.44090625643730164,0.7160130739212036,0.021931935101747513
-
0.5206604599952698,0.34746241569519043,-0.366036057472229
0.5307118892669678,0.34072911739349365,-0.33789318799972534
0.5371790528297424,0.34095460176467896,-0.3379548490047455
0.5431573390960693,0.3414532244205475,-0.33798909187316895
0.5125734806060791,0.3405454456806183,-0.33465030789375305
0.506682276725769,0.34077730774879456,-0.33464810252189636
0.5026029348373413,0.34131792187690735,-0.3346211314201355
0.5523200035095215,0.34800246357917786,-0.16424094140529633
0.49877819418907166,0.34802818298339844,-0.15336240828037262
0.5335424542427063,0.35820403695106506,-0.30231770873069763
0.5106109976768494,0.3577088713645935,-0.2994241714477539
0.5993192195892334,0.4016851782798767,-0.05723438411951065
0.46361157298088074,0.39968228340148926,-0.06605055183172226
0.6366493701934814,0.4526117444038391,-0.25010207295417786
0.4332907795906067,0.45672717690467834,-0.26936209201812744
0.6477410197257996,0.4016815721988678,-0.5794293880462646
0.4074952006340027,0.4145169258117676,-0.6645742058753967
0.6503974199295044,0.3914785385131836,-0.6441614031791687
0.4048163592815399,0.3997228145599365,-0.7404175400733948
0.6462740302085876,0.3873812258243561,-0.6373865604400635
0.40915772318840027,0.3945264220237732,-0.738006591796875
0.6417675614356995,0.3908604681491852,-0.5852604508399963
0.41240090131759644,0.3983021378517151,-0.6743051409721375
0.5684028267860413,0.52085280418396,0.003904104931280017
0.4842071831226349,0.51716148853302,-0.004109538160264492
0.5832411646842957,0.6112098097801208,0.029050450772047043
0.46804389357566833,0.6083202958106995,-0.0481676422059536
0.5943784713745117,0.6894225478172302,0.3084877133369446
0.4572998881340027,0.6877082586288452,0.19982367753982544
0.5869413018226624,0.6999228596687317,0.32612282037734985
0.465292364358902,0.6955365538597107,0.2150038182735443
0.622592031955719,0.7162538170814514,0.14328888058662415
0.4408760070800781,0.7160677909851074,0.0221494659781456
-
0.5209287405014038,0.3475317358970642,-0.36703699827194214
0.5309382677078247,0.3407873511314392,-0.338792622089386
0.5374009609222412,0.34101468324661255,-0.33885321021080017
0.5432916283607483,0.3415272831916809,-0.3388875126838684
0.5128304958343506,0.34058064222335815,-0.3357938230037689
0.5069050192832947,0.34079888463020325,-0.33579251170158386
0.5027051568031311,0.3413389027118683,-0.3357667624950409
0.5524037480354309,0.34808939695358276,-0.16486573219299316
0.4988490641117096,0.3480435311794281,-0.1551431268453598
0.5337302684783936,0.3582906424999237,-0.30324113368988037
0.5107346773147583,0.3577737510204315,-0.3006660044193268
0.599290668964386,0.40179935097694397,-0.057150084525346756
0.46361780166625977,0.3997113108634949,-0.06851517409086227
0.6367084383964539,0.4526258409023285,-0.24994799494743347
0.4332822561264038,0.45670947432518005,-0.2720857560634613
0.6479519605636597,0.40177440643310547,-0.5773578882217407
0.40777587890625,0.4145301878452301,-0.6658468842506409
0.650611400604248,0.39148199558258057,-0.6418963074684143
0.4050031304359436,0.3997184932231903,-0.741493821144104
0.6463679671287537,0.3873843550682068,-0.6351381540298462
0.40928739309310913,0.3945184350013733,-0.7390397787094116
0.6418429613113403,0.3908713459968567,-0.5832111239433289
0.4125491678714752,0.3983047306537628,-0.6754974722862244
0.5685166716575623,0.5208483338356018,0.004269072785973549
0.48434507846832275,0.5171588659286499,-0.004476727917790413
0.5832746624946594,0.6111828088760376,0.03129187226295471
0.4680754840373993,0.6082760095596313,-0.04840564355254173
0.5944433808326721,0.6893625259399414,0.30909645557403564
0.45731663703918457,0.6877318620681763,0.1984896957874298
0.586970865726471,0.6998903155326843,0.3265293836593628
0.4653201103210449,0.6955403089523315,0.2136148065328598
0.6226070523262024,0.71625155210495,0.14395585656166077
0.44085103273391724,0.7160856127738953,0.020644066855311394
-
0.5211548209190369,0.34760624170303345,-0.3643474578857422
0.5311150550842285,0.3408454358577728,-0.336243599653244
0.5375697016716003,0.341075599193573,-0.3363065719604492
0.5433956384658813,0.3416012227535248,-0.33634260296821594
0.5130423307418823,0.34062498807907104,-0.3328520357608795
0.5070820450782776,0.3408319056034088,-0.3328496217727661
0.5027881860733032,0.3413718342781067,-0.3328213691711426
0.5524460077285767,0.34818485379219055,-0.1630968600511551
0.4988909363746643,0.348064124584198,-0.1520506590604782
0.5338653326034546,0.35839903354644775,-0.30090221762657166
0.5108368396759033,0.35785147547721863,-0.29784396290779114
0.5992189645767212,0.40194398164749146,-0.05659906193614006
0.46360769867897034,0.3997466564178467,-0.06548941880464554
0.6367154717445374,0.4526682496070862,-0.24853801727294922
0.4332611560821533,0.45667892694473267,-0.26798027753829956
0.6480177640914917,0.4018639028072357,-0.5753927230834961
0.4080466330051422,0.41450729966163635,-0.6620311141014099
0.650775671005249,0.39150840044021606,-0.6397974491119385
0.40515175461769104,0.3996705412864685,-0.7379740476608276
0.6464724540710449,0.3874107301235199,-0.63335120677948
0.409446120262146,0.39447280764579773,-0.7357209324836731
0.6418947577476501,0.3909032344818115,-0.5814076662063599
0.41276130080223083,0.39829590916633606,-0.6719392538070679
0.5686217546463013,0.5208468437194824,0.004335729870945215
0.4844614565372467,0.5171619057655334,-0.004543339367955923
0.5832929611206055,0.6111367344856262,0.0311735849827528
0.46810469031333923,0.6082688570022583,-0.048331741243600845
0.5944597721099854,0.6893075704574585,0.3075067102909088
0.45732539892196655,0.687765896320343,0.1982102245092392
0.5870050191879272,0.6998363733291626,0.32449811697006226
0.4653269946575165,0.6955620050430298,0.21312257647514343
0.6224919557571411,0.716248631477356,0.14245593547821045
0.4408406615257263,0.716112494468689,0.02060655690729618
-
0.5213667750358582,0.34768617153167725,-0.3627263009548187
0.531269907951355,0.34090250730514526,-0.3346758186817169
0.5377216339111328,0.34113436937332153,-0.3347393572330475
0.543486475944519,0.3416703939437866,-0.33477526903152466
0.5132132172584534,0.34068191051483154,-0.3311609923839569
0.5072213411331177,0.34088292717933655,-0.33115801215171814
0.5028529763221741,0.34142664074897766,-0.33112889528274536
0.5524733066558838,0.34825873374938965,-0.16197806596755981
0.4989376366138458,0.348098486661911,-0.15050345659255981
0.5340188145637512,0.35850006341934204,-0.2994742691516876
0.5109574198722839,0.35793933272361755,-0.2962472438812256
0.5991479754447937,0.4020698666572571,-0.05621347576379776
0.46360549330711365,0.3997648358345032,-0.06368769705295563
0.636687695980072,0.4528083801269531,-0.24766676127910614
0.433267205953598,0.45665526390075684,-0.26538318395614624
0.6480658054351807,0.40199095010757446,-0.574948251247406
0.4082908630371094,0.41445398330688477,-0.6614704728126526
0.6509426832199097,0.39158064126968384,-0.6393892765045166
0.40521493554115295,0.3996331989765167,-0.7362548112869263
0.6466386318206787,0.38747328519821167,-0.6332530379295349
0.40952521562576294,0.3944321572780609,-0.733891487121582
0.6419843435287476,0.39096447825431824,-0.5811115503311157
0.4128784239292145,0.3982789218425751,-0.6710308790206909
0.5686895847320557,0.5208430886268616,0.004343132954090834
0.48458412289619446,0.5171622037887573,-0.004550941288471222
0.5833133459091187,0.611076831817627,0.03101653791964054
0.46813273429870605,0.6082664728164673,-0.04826442897319794
0.594485878944397,0.6892368197441101,0.30550336837768555
0.45732876658439636,0.6877899169921875,0.19851508736610413
0.5870333313941956,0.6997707486152649,0.3223118185997009
0.4653336703777313,0.6955739855766296,0.21342800557613373
0.6224091649055481,0.7162467241287231,0.1400528848171234
0.44082432985305786,0.7161350250244141,0.020951973274350166
-
0.5214722752571106,0.34782272577285767,-0.3622962534427643
0.5313436985015869,0.34099090099334717,-0.3344118893146515
0.5377988815307617,0.3412185311317444,-0.33447375893592834
0.5435404181480408,0.3417545557022095,-0.3345063328742981
0.5132800936698914,0.34081196784973145,-0.3307822644710541
0.5072670578956604,0.3410281538963318,-0.33078017830848694
0.5028752088546753,0.34158819913864136,-0.33075326681137085
0.552489161491394,0.3483269512653351,-0.16279910504817963
0.4989807605743408,0.3482154309749603,-0.15032640099525452
0.5341213345527649,0.3586074709892273,-0.299442857503891
0.5110231041908264,0.358083039522171,-0.2960068881511688
0.5991477966308594,0.40220656991004944,-0.057965464890003204
0.4636557996273041,0.39985257387161255,-0.0635325238108635
0.6366679072380066,0.45295363664627075,-0.24958474934101105
0.43328386545181274,0.4566517472267151,-0.2642941176891327
0.648134708404541,0.40212616324424744,-0.5784493088722229
0.40839579701423645,0.4143191874027252,-0.6608238220214844
0.6509828567504883,0.3916955590248108,-0.6428437829017639
0.40523016452789307,0.39956963062286377,-0.7357354760169983
0.6467044949531555,0.3875836431980133,-0.6368792653083801
0.40954065322875977,0.39437100291252136,-0.7329708337783813
0.6420528888702393,0.3910907804965973,-0.5847388505935669
0.412917822599411,0.39823082089424133,-0.6706766486167908
0.5687152147293091,0.5208559036254883,0.0043392968364059925
0.48468199372291565,0.5171747207641602,-0.004547273274511099
0.5833302140235901,0.6110624670982361,0.030899832025170326
0.46818432211875916,0.6082639694213867,-0.04652922973036766
0.5944947004318237,0.6891671419143677,0.3046175241470337
0.45732972025871277,0.687811017036438,0.19868861138820648
0.5870401263237,0.6997140645980835,0.3213394582271576
0.4653397500514984,0.6955862045288086,0.2136438935995102
0.6222841143608093,0.7162388563156128,0.13886435329914093
0.44081535935401917,0.7161420583724976,0.021181823685765266
-
0.5215529799461365,0.34801048040390015,-0.36236584186553955
0.5313906073570251,0.3411215543746948,-0.33464062213897705
0.5378499627113342,0.34134629368782043,-0.33470118045806885
0.5435810685157776,0.34187763929367065,-0.33473360538482666
0.513332724571228,0.34102705121040344,-0.3308776915073395
0.5073116421699524,0.34127938747406006,-0.3308771848678589
0.5028973817825317,0.34185516834259033,-0.33085229992866516
0.5525190830230713,0.3484177887439728,-0.16358070075511932
0.4990254342556,0.348402202129364,-0.15021781623363495
0.5342220067977905,0.3587452471256256,-0.2996947169303894
0.511103630065918,0.35826539993286133,-0.29603976011276245
0.5991595387458801,0.40227317810058594,-0.05904148891568184
0.4638715386390686,0.3999485373497009,-0.06310081481933594
0.6366286277770996,0.4530481696128845,-0.2519054114818573
0.43331828713417053,0.4566478133201599,-0.26362547278404236
0.648145854473114,0.4022427499294281,-0.5821906328201294
0.40851646661758423,0.41417717933654785,-0.6600214242935181
0.6509875655174255,0.39176231622695923,-0.6468573808670044
0.4052591621875763,0.39950376749038696,-0.7351798415184021
0.6467217206954956,0.38767680525779724,-0.6409255862236023
0.4095829725265503,0.3943231999874115,-0.7328484654426575
0.6420699954032898,0.39122340083122253,-0.5885493755340576
0.4129900634288788,0.39818811416625977,-0.6700270771980286
0.5687397718429565,0.5208727717399597,0.004261804278939962
0.4847787320613861,0.5171781778335571,-0.004469442646950483
0.5833386182785034,0.611058235168457,0.03086608462035656
0.46824193000793457,0.6082136631011963,-0.04630062356591225
0.5945085883140564,0.6890762448310852,0.3042408525943756
0.4573030173778534,0.6878136992454529,0.19820398092269897
0.5870495438575745,0.6996175646781921,0.3209315538406372
0.46530553698539734,0.6955933570861816,0.21303895115852356
0.6220774054527283,0.7162359952926636,0.13763496279716492
0.44081008434295654,0.7161467671394348,0.02003307081758976
-
0.5216444730758667,0.3481405973434448,-0.36481305956840515
0.5314493179321289,0.34121111035346985,-0.3370063900947571
0.5379135012626648,0.34143680334091187,-0.337065726518631
0.5436252951622009,0.34196794033050537,-0.3370961844921112
0.5133894681930542,0.34116724133491516,-0.3332573473453522
0.507355809211731,0.34144139289855957,-0.3332596719264984
0.5029180645942688,0.342027485370636,-0.33323994278907776
0.5525403618812561,0.3484903573989868,-0.16552940011024475
0.4990520775318146,0.3485153913497925,-0.1521153301000595
0.5343257188796997,0.3588560223579407,-0.30203235149383545
0.5111790299415588,0.3584086298942566,-0.2983812093734741
0.5991635918617249,0.40232205390930176,-0.06048310175538063
0.463917076587677,0.4000212252140045,-0.06518968194723129
0.6366278529167175,0.45307788252830505,-0.25254613161087036
0.4333212971687317,0.45664459466934204,-0.26691851019859314
0.6481491327285767,0.40225616097450256,-0.5824375748634338
0.4085679054260254,0.4140107035636902,-0.660027801990509
0.6509695649147034,0.39178332686424255,-0.6469659805297852
0.4052632749080658,0.39935964345932007,-0.7350267767906189
0.6467324495315552,0.3877141773700714,-0.6410073041915894
0.409601092338562,0.3942273259162903,-0.7323981523513794
0.6420831084251404,0.3912770748138428,-0.5887479782104492
0.4130288362503052,0.39809083938598633,-0.6698374152183533
0.5687863230705261,0.5209329724311829,0.004246837925165892
0.4848594665527344,0.5172276496887207,-0.004454668611288071
0.583354115486145,0.6110547184944153,0.03155684471130371
0.46824508905410767,0.6082108020782471,-0.046131934970617294
0.5945274829864502,0.6890172958374023,0.3055252730846405
0.45730459690093994,0.6878348588943481,0.1983674317598343
0.5870570540428162,0.6995723843574524,0.32238510251045227
0.46535202860832214,0.6956149339675903,0.21320755779743195
0.6220079660415649,0.716231644153595,0.13865648210048676
0.44070231914520264,0.7161619663238525,0.020142516121268272
-
0.5216866731643677,0.3482435345649719,-0.36636883020401
0.5314779877662659,0.34128502011299133,-0.3383564352989197
0.5379410982131958,0.341513454914093,-0.33841586112976074
0.5436455011367798,0.3420456051826477,-0.33844709396362305
0.5134232044219971,0.34127092361450195,-0.33470895886421204
0.5073831081390381,0.34155744314193726,-0.33471301198005676
0.5029329657554626,0.34214654564857483,-0.33469468355178833
0.5525502562522888,0.3485490381717682,-0.1661592274904251
0.4990691840648651,0.3485780358314514,-0.1530531793832779
0.5343618392944336,0.3589472770690918,-0.30332744121551514
0.5112036466598511,0.35851752758026123,-0.29979151487350464
0.5991625189781189,0.4023285508155823,-0.061142608523368835
0.4639193117618561,0.40005508065223694,-0.06586365401744843
0.6366316080093384,0.45308080315589905,-0.2533755302429199
0.4333096444606781,0.4566425383090973,-0.2684761881828308
0.6481543779373169,0.4023023545742035,-0.5837425589561462
0.4085731506347656,0.4138265550136566,-0.6608394384384155
0.6509511470794678,0.3918331265449524,-0.648390531539917
0.4052666127681732,0.3992006778717041,-0.7360530495643616
0.6467403173446655,0.38777947425842285,-0.6424010992050171
0.40960726141929626,0.3941255211830139,-0.7331048846244812
0.6420930624008179,0.3913456201553345,-0.5900598764419556
0.41303956508636475,0.39797741174697876,-0.6705202460289001
0.568798840045929,0.5209764838218689,0.004212851636111736
0.48486950993537903,0.5172585844993591,-0.004421274643391371
0.5833622217178345,0.6110595464706421,0.031057259067893028
0.4682449698448181,0.6081913113594055,-0.04692467674612999
0.5945489406585693,0.6890140175819397,0.3056469261646271
0.45732176303863525,0.6878433227539062,0.19871802628040314
0.5870851278305054,0.6995517015457153,0.32267677783966064
0.46541112661361694,0.6956377625465393,0.2138148844242096
0.6219123005867004,0.7162339091300964,0.13851028680801392
0.44068285822868347,0.7161692976951599,0.02026362158358097
-
0.5217260718345642,0.3483026921749115,-0.36814993619918823
0.5315048694610596,0.34133821725845337,-0.3397480547428131
0.5379678606987,0.34157633781433105,-0.3398074507713318
0.5436649322509766,0.3421172499656677,-0.339837908744812
0.5134549140930176,0.34132206439971924,-0.3363342583179474
0.5074077248573303,0.3416081964969635,-0.3363398611545563
0.5029446482658386,0.3421948552131653,-0.33632129430770874
0.5525608658790588,0.34863120317459106,-0.16649229824543
0.49908149242401123,0.34862038493156433,-0.154242143034935
0.5343824625015259,0.3590356111526489,-0.3047410547733307
0.5112181305885315,0.35858654975891113,-0.30149969458580017
0.5990822911262512,0.40236300230026245,-0.061704035848379135
0.4638430178165436,0.40013375878334045,-0.06668779999017715
0.6366391777992249,0.4530765116214752,-0.2549247741699219
0.43328315019607544,0.4567173421382904,-0.2698231637477875
0.6481488347053528,0.4024415612220764,-0.5885323286056519
0.4085771441459656,0.41383790969848633,-0.6626536250114441
0.6508280634880066,0.3919682800769806,-0.6539652347564697
0.40526965260505676,0.39919036626815796,-0.7381449937820435
0.6466655135154724,0.38792186975479126,-0.6478977799415588
0.4096141457557678,0.3941221833229065,-0.735090970993042
0.6420749425888062,0.3914915919303894,-0.5948973894119263
0.413043349981308,0.39797502756118774,-0.6722574830055237
0.5688164830207825,0.5210264325141907,0.004187168553471565
0.4848758280277252,0.5173150300979614,-0.004396595060825348
0.5833626389503479,0.6110739707946777,0.030600465834140778
0.4682328999042511,0.6081792116165161,-0.0477185994386673
0.5945549011230469,0.6890331506729126,0.30757370591163635
0.4573235809803009,0.6878793835639954,0.20089863240718842
0.5871027112007141,0.6995494961738586,0.32505229115486145
0.46542537212371826,0.6957253813743591,0.21653155982494354
0.6218722462654114,0.7162487506866455,0.13945375382900238
0.44064560532569885,0.7161732316017151,0.021377434954047203
-
0.5217771530151367,0.34833255410194397,-0.36741283535957336
0.531543493270874,0.3413639962673187,-0.33912792801856995
0.5380059480667114,0.3416076600551605,-0.3391876518726349
0.543689489364624,0.3421553671360016,-0.33921897411346436
0.5134980082511902,0.3413463234901428,-0.33563345670700073
0.5074451565742493,0.3416314125061035,-0.3356379270553589
0.5029599070549011,0.34221720695495605,-0.33561813831329346
0.5525669455528259,0.3486919105052948,-0.16639000177383423
0.4990929067134857,0.3486468195915222,-0.153718963265419
0.5344055891036987,0.3590814173221588,-0.3041444718837738
0.5112415552139282,0.3586260676383972,-0.3008110523223877
0.5989922285079956,0.40238866209983826,-0.06150095909833908
0.46372273564338684,0.40019816160202026,-0.06633147597312927
0.63660728931427,0.4530801773071289,-0.2548723518848419
0.4332655072212219,0.4568938612937927,-0.2697446644306183
0.6481521725654602,0.40313878655433655,-0.5926960706710815
0.40861329436302185,0.41422587633132935,-0.6623040437698364
0.6505654454231262,0.3925406336784363,-0.6589685678482056
0.40531718730926514,0.39936405420303345,-0.7377732396125793
0.6464628577232361,0.38836970925331116,-0.6532283425331116
0.4096369445323944,0.3942427933216095,-0.734620213508606
0.6420214176177979,0.3919847905635834,-0.5992919206619263
0.41304659843444824,0.3980819284915924,-0.6719624996185303
0.568844735622406,0.5210410356521606,0.004163250792771578
0.484909325838089,0.5173447132110596,-0.004372376017272472
0.5833635330200195,0.6110771894454956,0.030551088973879814
0.46823057532310486,0.6081694960594177,-0.04766017571091652
0.5945611596107483,0.6891648173332214,0.30725982785224915
0.4573225975036621,0.6879329085350037,0.20254001021385193
0.5871127843856812,0.6996177434921265,0.3245358467102051
0.46545642614364624,0.6958650350570679,0.2181333303451538
0.6218799352645874,0.716366708278656,0.13781297206878662
0.4405209720134735,0.71617591381073,0.022504793480038643
-
0.5217968225479126,0.34834349155426025,-0.3673740029335022
0.5315633416175842,0.3413695693016052,-0.3391386866569519
0.5380308032035828,0.3416154980659485,-0.33919838070869446
0.5437049865722656,0.34216591715812683,-0.3392269015312195
0.5135034918785095,0.3413540720939636,-0.33572059869766235
0.5074542760848999,0.3416392207145691,-0.33572521805763245
0.5029715895652771,0.342225044965744,-0.3357042074203491
0.5525726675987244,0.3487221896648407,-0.16632656753063202
0.4990905821323395,0.3486676812171936,-0.15404216945171356
0.5344197750091553,0.3591005206108093,-0.30410608649253845
0.5112507343292236,0.3586474359035492,-0.3008420169353485
0.5989460349082947,0.40242522954940796,-0.06201120838522911
0.46351441740989685,0.40037742257118225,-0.0660051479935646
0.6366048455238342,0.45309242606163025,-0.25826677680015564
0.4332316815853119,0.4571869373321533,-0.26801130175590515
0.6481301784515381,0.40343770384788513,-0.601943850517273
0.4086175262928009,0.41486698389053345,-0.661093533039093
0.6501198410987854,0.39292794466018677,-0.6687267422676086
0.405294805765152,0.39972513914108276,-0.7360793948173523
0.6461383104324341,0.3886943757534027,-0.6628257036209106
0.40961262583732605,0.3945313096046448,-0.7331275939941406
0.6419316530227661,0.3922889828681946,-0.608417272567749
0.41300278902053833,0.3983345627784729,-0.6706153750419617
0.5688540935516357,0.5210375189781189,0.004009291995316744
0.48494961857795715,0.5173863172531128,-0.004216903820633888
0.5833470821380615,0.6110605597496033,0.029864175245165825
0.4682111442089081,0.6081670522689819,-0.0452885739505291
0.5945131778717041,0.6893445253372192,0.3026823103427887
0.45732399821281433,0.6879717111587524,0.20542234182357788
0.5870905518531799,0.699752151966095,0.319295734167099
0.4655107259750366,0.6959501504898071,0.22080707550048828
0.6218544244766235,0.7164171934127808,0.13233469426631927
0.4401615858078003,0.7161892056465149,0.025912713259458542
-
0.52192223072052,0.34832876920700073,-0.3719934821128845
0.5316410064697266,0.3413715064525604,-0.3437615633010864
0.538118302822113,0.3416186273097992,-0.34381893277168274
0.5437427759170532,0.342169851064682,-0.34384214878082275
0.5135346055030823,0.34135541319847107,-0.34063467383384705
0.5074641108512878,0.3416363298892975,-0.3406407833099365
0.5029814839363098,0.34221985936164856,-0.3406194746494293
0.5525893568992615,0.34872856736183167,-0.17006541788578033
0.4990667998790741,0.3486749529838562,-0.1592024713754654
0.5345280766487122,0.3591041564941406,-0.30837804079055786
0.5112800002098083,0.3586518466472626,-0.3054859936237335
0.5988849401473999,0.40251392126083374,-0.06493750959634781
0.46322980523109436,0.40040287375450134,-0.06908449530601501
0.636593222618103,0.453244686126709,-0.26184093952178955
0.43315422534942627,0.45760050415992737,-0.2697135806083679
0.6480789184570312,0.4038916230201721,-0.6064947843551636
0.40895384550094604,0.4155857563018799,-0.6623782515525818
0.6498838067054749,0.39338943362236023,-0.6731252670288086
0.4054356515407562,0.40029725432395935,-0.7371272444725037
0.6459917426109314,0.3891001343727112,-0.6669325828552246
0.4097159504890442,0.3949712812900543,-0.7340285181999207
0.6418697834014893,0.39264050126075745,-0.6127767562866211
0.4131454825401306,0.3986915349960327,-0.671646773815155
0.5688619613647461,0.5210381150245667,0.004005420953035355
0.4849601686000824,0.5174552202224731,-0.004213336389511824
0.5833132266998291,0.6110251545906067,0.0298465546220541
0.46816927194595337,0.6081422567367554,-0.042576730251312256
0.5944220423698425,0.6894432306289673,0.3024788796901703
0.4573269784450531,0.687975287437439,0.21085785329341888
0.5869774222373962,0.6998211145401001,0.319078266620636
0.4655734598636627,0.6959909200668335,0.22645936906337738
0.6217485666275024,0.7164285778999329,0.13242173194885254
0.43999147415161133,0.7161926031112671,0.03259679302573204
-
0.5219956040382385,0.3483229875564575,-0.371146559715271
0.5316811203956604,0.3413739800453186,-0.34304216504096985
0.5381600260734558,0.3416218161582947,-0.3430996239185333
0.5437557697296143,0.3421737551689148,-0.34312543272972107
0.5135549902915955,0.34135833382606506,-0.3397088646888733
0.5074727535247803,0.34163665771484375,-0.33971431851387024
0.5029906630516052,0.34221747517585754,-0.33969277143478394
0.5525968074798584,0.34874457120895386,-0.16965556144714355
0.49902474880218506,0.3486810624599457,-0.1583743691444397
0.53458172082901,0.3591064512729645,-0.3077349364757538
0.5112982392311096,0.35865458846092224,-0.3046155571937561
0.5987333655357361,0.40265917778015137,-0.06465394049882889
0.4628646969795227,0.4004456102848053,-0.06861130148172379
0.6365805268287659,0.4533199369907379,-0.2608626186847687
0.43315237760543823,0.4579152464866638,-0.269226998090744
0.6480822563171387,0.4041789174079895,-0.6043247580528259
0.4091954529285431,0.41635170578956604,-0.6622591614723206
0.6497567296028137,0.39367061853408813,-0.6710547804832458
0.4056546092033386,0.40099143981933594,-0.7367844581604004
0.6458970904350281,0.38935691118240356,-0.664910614490509
0.40983283519744873,0.3955972194671631,-0.7338991165161133
0.6418371796607971,0.392874538898468,-0.6106981635093689
0.4132687747478485,0.3992334008216858,-0.6715170741081238
0.5688704252243042,0.5210416316986084,0.004034235142171383
0.48498132824897766,0.5175034999847412,-0.004241483751684427
0.5832947492599487,0.611006498336792,0.02941105142235756
0.4681399464607239,0.6080969572067261,-0.04063863307237625
0.5943076610565186,0.6895848512649536,0.29671886563301086
0.457337349653244,0.6879791021347046,0.21391719579696655
0.5867394208908081,0.6999420523643494,0.31268978118896484
0.4657241404056549,0.6960510611534119,0.22957727313041687
0.6217260360717773,0.7164782285690308,0.12712080776691437
0.4399057924747467,0.7161936163902283,0.03730609267950058
-
0.5220655798912048,0.3483121693134308,-0.372073233127594
0.5317294001579285,0.3413751721382141,-0.34394732117652893
0.5382238030433655,0.3416236639022827,-0.3440067768096924
0.5437835454940796,0.3421745002269745,-0.3440312147140503
0.5135757923126221,0.3413618206977844,-0.34075766801834106
0.5074952244758606,0.3416389524936676,-0.3407630920410156
0.5029962062835693,0.34221670031547546,-0.34073978662490845
0.5526043176651001,0.34875136613845825,-0.17014512419700623
0.49900588393211365,0.348684161901474,-0.1591331511735916
0.5346577763557434,0.3591068387031555,-0.30844321846961975
0.5113607048988342,0.35865727066993713,-0.30543285608291626
0.5987306237220764,0.40267181396484375,-0.06515340507030487
0.4627486765384674,0.40061742067337036,-0.06846856325864792
0.6363456845283508,0.45382755994796753,-0.2653222680091858
0.43317916989326477,0.45824185013771057,-0.2687041163444519
0.6482607126235962,0.4045466482639313,-0.6149691939353943
0.4092586040496826,0.41670575737953186,-0.6614511609077454
0.649499237537384,0.39400163292884827,-0.6828951835632324
0.4057106375694275,0.4013083875179291,-0.7361295223236084
0.6456385850906372,0.3895568251609802,-0.6764439940452576
0.40987086296081543,0.39594197273254395,-0.733720064163208
0.6418243646621704,0.3930496573448181,-0.6213957667350769
0.41330569982528687,0.39957550168037415,-0.6708635091781616
0.568877637386322,0.521043598651886,0.003931725397706032
0.48499488830566406,0.5175367593765259,-0.004137967713177204
0.5832686424255371,0.6109878420829773,0.02731315605342388
0.46809831261634827,0.6080306768417358,-0.04080310836434364
0.5942045450210571,0.689653217792511,0.2918670177459717
0.457380473613739,0.688014030456543,0.2131546586751938
0.5864782333374023,0.6999804973602295,0.30770665407180786
0.4659256935119629,0.6962316632270813,0.22880028188228607
0.6216017603874207,0.7165125012397766,0.12152642011642456
0.439900666475296,0.7161927819252014,0.036225076764822006
-
0.522182822227478,0.3482850193977356,-0.3772519826889038
0.5318237543106079,0.341374933719635,-0.3488491475582123
0.5383395552635193,0.34162577986717224,-0.3489108979701996
0.5438470840454102,0.3421761393547058,-0.34893178939819336
0.5136288404464722,0.34136173129081726,-0.34589964151382446
0.5075559616088867,0.34163716435432434,-0.3459072411060333
0.5030146837234497,0.3422096371650696,-0.3458842635154724
0.5526622533798218,0.3487650752067566,-0.17336580157279968
0.499003142118454,0.3486885726451874,-0.1631811112165451
0.5347777605056763,0.35909798741340637,-0.3129996657371521
0.5114566683769226,0.35864806175231934,-0.31024789810180664
0.5988101959228516,0.40272146463394165,-0.0668100118637085
0.46268540620803833,0.40079957246780396,-0.07083456963300705
0.6357437372207642,0.4545014798641205,-0.2685328722000122
0.433369517326355,0.4587664008140564,-0.2686612904071808
0.6485944986343384,0.40586382150650024,-0.6233846545219421
0.4093274772167206,0.4175541400909424,-0.6619148254394531
0.6494951248168945,0.3947807848453522,-0.6923051476478577
0.4057679772377014,0.40230584144592285,-0.7369545102119446
0.6456021070480347,0.3901076316833496,-0.6863871216773987
0.40987488627433777,0.39710816740989685,-0.7353083491325378
0.6418509483337402,0.3936251997947693,-0.6302053928375244
0.4133074879646301,0.40060916543006897,-0.6716234683990479
0.5689476132392883,0.5210835337638855,0.003926468081772327
0.48503363132476807,0.5176071524620056,-0.004132130183279514
0.5832688212394714,0.6109312176704407,0.02769499272108078
0.46805042028427124,0.6079909801483154,-0.040910542011260986
0.5941148400306702,0.6897183060646057,0.2928398847579956
0.45741403102874756,0.6880486011505127,0.21484635770320892
0.586192786693573,0.7000225782394409,0.3089229464530945
0.4661310315132141,0.6964404582977295,0.23069706559181213
0.6213516592979431,0.7165312170982361,0.12303204834461212
0.4398918151855469,0.7161805033683777,0.03712211176753044
-
0.522516131401062,0.34822842478752136,-0.37599727511405945
0.5320218205451965,0.3413736820220947,-0.3476392924785614
0.538531482219696,0.3416270613670349,-0.34770092368125916
0.5439480543136597,0.34217578172683716,-0.3477226495742798
0.513799250125885,0.34136345982551575,-0.3446436822414398
0.5077475905418396,0.3416389524936676,-0.3446502089500427
0.5030902624130249,0.34220975637435913,-0.3446272015571594
0.552712619304657,0.3487709164619446,-0.17260119318962097
0.49901720881462097,0.34870773553848267,-0.1622907966375351
0.5351175665855408,0.35907605290412903,-0.3119312822818756
0.5117783546447754,0.3586353659629822,-0.3091312348842621
0.5989701747894287,0.4027324616909027,-0.06641115248203278
0.4626980721950531,0.40097126364707947,-0.07041454315185547
0.6345508694648743,0.45531249046325684,-0.26712992787361145
0.43364447355270386,0.4589523673057556,-0.2685823440551758
0.6486138701438904,0.40650421380996704,-0.6192173957824707
0.4095182716846466,0.41776734590530396,-0.6615458726882935
0.6494860053062439,0.39520975947380066,-0.6873896718025208
0.40582358837127686,0.4026261270046234,-0.7365955710411072
0.6455357670783997,0.3904199004173279,-0.6818339228630066
0.40991243720054626,0.3976016044616699,-0.7347912192344666
0.6418412327766418,0.3939632475376129,-0.6261226534843445
0.41339102387428284,0.4010416865348816,-0.6712167263031006
0.5690292119979858,0.5211243033409119,0.003909089602530003
0.4850444793701172,0.5176447033882141,-0.004113477189093828
0.5832652449607849,0.6109291315078735,0.028238432481884956
0.4679601788520813,0.6079861521720886,-0.04043696075677872
0.5940666794776917,0.6898077726364136,0.292940229177475
0.4574674963951111,0.6880967020988464,0.21476344764232635
0.5860638618469238,0.7000760436058044,0.30882787704467773
0.4663088023662567,0.6965909004211426,0.23049405217170715
0.6209814548492432,0.7165440917015076,0.12277861684560776
0.43988555669784546,0.7161566019058228,0.037234123796224594
-
0.5225508809089661,0.3481943905353546,-0.37520962953567505
0.532028317451477,0.3413736820220947,-0.34689861536026
0.53853839635849,0.34162837266921997,-0.3469603955745697
0.5439561605453491,0.34217435121536255,-0.3469821810722351
0.5138057470321655,0.3413670063018799,-0.34385713934898376
0.5077571272850037,0.34164947271347046,-0.3438631296157837
0.5030969977378845,0.3422222435474396,-0.34384027123451233
0.5527425408363342,0.3487750291824341,-0.1722445785999298
0.49902352690696716,0.34874629974365234,-0.1617269665002823
0.5352097153663635,0.35901889204978943,-0.3112475574016571
0.5118366479873657,0.3586066961288452,-0.3084392845630646
0.5991483330726624,0.40273794531822205,-0.06614185124635696
0.46276092529296875,0.40103092789649963,-0.07015980035066605
0.6338167190551758,0.45582160353660583,-0.26643335819244385
0.4338235557079315,0.45907536149024963,-0.2681269943714142
0.648655354976654,0.4069502353668213,-0.6179540157318115
0.4096300005912781,0.4177987575531006,-0.6614263653755188
0.6494886875152588,0.39555007219314575,-0.685751736164093
0.40583106875419617,0.40270400047302246,-0.7364160418510437
0.6455281376838684,0.3906944990158081,-0.6804739832878113
0.4099256694316864,0.39777591824531555,-0.7345582842826843
0.6418463587760925,0.39423924684524536,-0.6249628067016602
0.41343095898628235,0.4011930823326111,-0.6711093187332153
0.569104015827179,0.5211780071258545,0.00387770589441061
0.485053688287735,0.5176873207092285,-0.00408095633611083
0.5832590460777283,0.6109262108802795,0.028180642053484917
0.46787071228027344,0.60798180103302,-0.03857312723994255
0.5940264463424683,0.6898950338363647,0.293008029460907
0.457510769367218,0.6881183981895447,0.2171654850244522
0.5859717130661011,0.7001367807388306,0.30890363454818726
0.4664371907711029,0.6966603994369507,0.23293250799179077
0.6206444501876831,0.7165521383285522,0.12256848812103271
0.4398980736732483,0.7161415815353394,0.03999228775501251
-
0.5225531458854675,0.3481763005256653,-0.37685686349868774
0.5320344567298889,0.34136053919792175,-0.3489691913127899
0.5385465025901794,0.34161263704299927,-0.3490327298641205
0.5439713597297668,0.342143714427948,-0.3490515947341919
0.5138118267059326,0.3413686156272888,-0.3456207811832428
0.5077677965164185,0.341651976108551,-0.34562739729881287
0.5031061172485352,0.3422237038612366,-0.34560689330101013
0.5527480840682983,0.3487650454044342,-0.17550180852413177
0.49902594089508057,0.34876173734664917,-0.16319888830184937
0.5352213382720947,0.3589787483215332,-0.3132379651069641
0.5118451118469238,0.35857996344566345,-0.3099256157875061
0.5993021130561829,0.4027341902256012,-0.06941965222358704
0.4627610445022583,0.4011476933956146,-0.07101201266050339
0.6338341236114502,0.4559367597103119,-0.27140694856643677
0.43397560715675354,0.459322988986969,-0.26791438460350037
0.648689329624176,0.40733566880226135,-0.6246600151062012
0.40966007113456726,0.41849103569984436,-0.6611716747283936
0.6495062708854675,0.3959260582923889,-0.6927147507667542
0.40586844086647034,0.4034348130226135,-0.7361666560173035
0.6455245018005371,0.3908693790435791,-0.687360405921936
0.40993064641952515,0.3984690308570862,-0.7344337701797485
0.6418465971946716,0.3943784534931183,-0.6315308809280396
0.41343215107917786,0.4018852710723877,-0.6709274053573608
0.569114625453949,0.5211799740791321,0.0037847058847546577
0.4850655794143677,0.5176972150802612,-0.003985794261097908
0.5832332372665405,0.6109216809272766,0.02558257058262825
0.46777182817459106,0.607991099357605,-0.03802982345223427
0.5939728021621704,0.6900116205215454,0.288563996553421
0.45754674077033997,0.6881282925605774,0.21825546026229858
0.5858558416366577,0.7002720236778259,0.30426034331321716
0.466528058052063,0.6966820359230042,0.23409180343151093
0.6202661395072937,0.7165621519088745,0.11807650327682495
0.4399119019508362,0.716140866279602,0.04212305694818497
-
0.5229548811912537,0.34791630506515503,-0.3623543977737427
0.5323255062103271,0.3412863612174988,-0.33340203762054443
0.5387827754020691,0.3415437340736389,-0.33346298336982727
0.5440815091133118,0.3420594036579132,-0.33348000049591064
0.514081597328186,0.34129565954208374,-0.3309609889984131
0.5080515742301941,0.34157970547676086,-0.3309614062309265
0.5032309293746948,0.34215208888053894,-0.33093971014022827
0.5527874231338501,0.3487604260444641,-0.16033324599266052
0.49903878569602966,0.3487667143344879,-0.1520881950855255
0.5355981588363647,0.3588552474975586,-0.2992880940437317
0.5123507380485535,0.35845381021499634,-0.29712721705436707
0.5989835262298584,0.40273767709732056,-0.060002561658620834
0.46268534660339355,0.4011228680610657,-0.06441229581832886
0.6346073150634766,0.4549805521965027,-0.2555083930492401
0.43360137939453125,0.4592926502227783,-0.26440393924713135
0.6486823558807373,0.4061589241027832,-0.5951826572418213
0.4095664620399475,0.41773825883865356,-0.6547956466674805
0.6497573852539062,0.395243376493454,-0.6604127287864685
0.4058646261692047,0.40255841612815857,-0.7291861772537231
0.6455623507499695,0.39028018712997437,-0.6552357077598572
0.40993496775627136,0.3976127803325653,-0.7265970706939697
0.6418279409408569,0.3937866985797882,-0.60197514295578
0.41341549158096313,0.40107956528663635,-0.6643508672714233
0.5691208839416504,0.5211800336837769,0.0037321951240301132
0.4850917458534241,0.5177108645439148,-0.003931628540158272
0.5831857323646545,0.6109008193016052,0.021216576918959618
0.467685729265213,0.6080002784729004,-0.03819314017891884
0.5939400792121887,0.690051257610321,0.28117069602012634
0.45759254693984985,0.6881501078605652,0.21526066958904266
0.5858356356620789,0.7002922296524048,0.2965022027492523
0.46664297580718994,0.6966986656188965,0.2306743562221527
0.6197774410247803,0.7165724039077759,0.11047367751598358
0.4398903250694275,0.7161599397659302,0.04089857637882233
-
0.5229799747467041,0.34773313999176025,-0.3264847695827484
0.5326036810874939,0.3411926329135895,-0.2963927686214447
0.5390344262123108,0.34146249294281006,-0.2964501976966858
0.5442203879356384,0.34196943044662476,-0.2964698374271393
0.5143018364906311,0.3411809802055359,-0.29534292221069336
0.5082693099975586,0.3414549231529236,-0.2953239977359772
0.5033376812934875,0.3420039713382721,-0.29527994990348816
0.5529972910881042,0.34876394271850586,-0.12216350436210632
0.49910786747932434,0.3487313985824585,-0.12133144587278366
0.5356026887893677,0.35876932740211487,-0.26323941349983215
0.5123566389083862,0.3583247661590576,-0.2632218897342682
0.5981841683387756,0.4027312695980072,-0.029383603483438492
0.4626803398132324,0.4010557234287262,-0.037431783974170685
0.637300968170166,0.4514930248260498,-0.2180490493774414
0.4331289529800415,0.4577256739139557,-0.24247892200946808
0.6476266384124756,0.4008393883705139,-0.5353946089744568
0.40923723578453064,0.41273850202560425,-0.6286298632621765
0.649734616279602,0.39167094230651855,-0.5980897545814514
0.40588438510894775,0.3984532058238983,-0.7023549675941467
0.6453723907470703,0.3880428671836853,-0.5897587537765503
0.4099736213684082,0.393833190202713,-0.699528694152832
0.6412211656570435,0.39112889766693115,-0.540505588054657
0.4134363532066345,0.39763757586479187,-0.638293981552124
0.5691269040107727,0.5210682153701782,0.0037080575712025166
0.48511946201324463,0.5177155137062073,-0.003905502613633871
0.5831409692764282,0.6107521653175354,0.021599650382995605
0.46758753061294556,0.6079983711242676,-0.04749938100576401
0.5939090847969055,0.6900357007980347,0.27279871702194214
0.4576355814933777,0.6882172226905823,0.18648584187030792
0.5858267545700073,0.7002164125442505,0.28697845339775085
0.4667743146419525,0.6967934370040894,0.1999387890100479
0.6194196343421936,0.7165716290473938,0.10299225151538849
0.4397276043891907,0.7161793112754822,0.012918766587972641
-
0.5230050683021545,0.3476552367210388,-0.33165714144706726
0.5328930020332336,0.34112170338630676,-0.30214235186576843
0.5393171310424805,0.34140467643737793,-0.30219537019729614
0.5443711876869202,0.34191375970840454,-0.3022317886352539
0.5144808292388916,0.3410969078540802,-0.30021801590919495
0.5084112286567688,0.3413695991039276,-0.3002060055732727
0.5033932328224182,0.3419104814529419,-0.30015602707862854
0.5534371137619019,0.3487682640552521,-0.12877656519412994
0.4992133378982544,0.3487173318862915,-0.12378647178411484
0.535621702671051,0.35865360498428345,-0.2686508297920227
0.5123644471168518,0.3582227826118469,-0.2674413323402405
0.5981869101524353,0.40217533707618713,-0.032263144850730896
0.46333062648773193,0.4000750184059143,-0.03793241083621979
0.6448453068733215,0.4456576406955719,-0.22030219435691833
0.4300730526447296,0.4537277817726135,-0.2376563549041748
0.6473081111907959,0.39636579155921936,-0.5328420996665955
0.4074259400367737,0.40389198064804077,-0.6174926161766052
0.6494668126106262,0.387209951877594,-0.5959500074386597
0.40501245856285095,0.39247581362724304,-0.691673219203949
0.644439160823822,0.3848763108253479,-0.5863791704177856
0.409434050321579,0.38785624504089355,-0.6879557967185974
0.6401897072792053,0.3879541754722595,-0.5376308560371399
0.4130624234676361,0.39103156328201294,-0.6268183588981628
0.5691807866096497,0.5210630297660828,0.003689534030854702
0.4851812720298767,0.5177196264266968,-0.0038858919870108366
0.5830926895141602,0.6105590462684631,0.0212702676653862
0.4674777090549469,0.6079971790313721,-0.04732449725270271
0.59385746717453,0.6899784207344055,0.2711556851863861
0.45764049887657166,0.6882229447364807,0.18754638731479645
0.58573979139328,0.7000644207000732,0.285515159368515
0.4667828381061554,0.6967918276786804,0.20084141194820404
0.619323194026947,0.7165341377258301,0.1012229472398758
0.4396248161792755,0.7161802053451538,0.012608100660145283
-
0.5231384634971619,0.34760767221450806,-0.34838631749153137
0.5331875085830688,0.34107309579849243,-0.31952548027038574
0.5395481586456299,0.3413638472557068,-0.319570392370224
0.5444306135177612,0.34187108278274536,-0.31966763734817505
0.5148035883903503,0.34102895855903625,-0.3164462149143219
0.5087023973464966,0.3413071930408478,-0.3164289891719818
0.503495454788208,0.34184861183166504,-0.31632527709007263
0.5534698963165283,0.34876638650894165,-0.14630722999572754
0.49928170442581177,0.34871307015419006,-0.1356542855501175
0.5356278419494629,0.35844874382019043,-0.2853289842605591
0.5124183297157288,0.3581255376338959,-0.2826647162437439
0.5982701778411865,0.40102118253707886,-0.0475253090262413
0.46389245986938477,0.3982071280479431,-0.04306008294224739
0.6553600430488586,0.44267407059669495,-0.24102181196212769
0.4211110472679138,0.4482263922691345,-0.23612937331199646
0.6473842263221741,0.3934386074542999,-0.5545523166656494
0.4057554006576538,0.3971322178840637,-0.6134091019630432
0.6491198539733887,0.3837530314922333,-0.6190875172615051
0.40427249670028687,0.38525497913360596,-0.6885765790939331
0.6439582109451294,0.38194209337234497,-0.6120263338088989
0.4085961580276489,0.3818032145500183,-0.6851218938827515
0.6399664878845215,0.38486382365226746,-0.5607222318649292
0.4119059145450592,0.38502493500709534,-0.6229819655418396
0.5691530704498291,0.5210476517677307,0.0032119883690029383
0.48526445031166077,0.5177231431007385,-0.0034026997163891792
0.5830175876617432,0.6103739142417908,0.02433444932103157
0.46737492084503174,0.6079816222190857,-0.03029552474617958
0.5938180088996887,0.6898978352546692,0.27549049258232117
0.45764681696891785,0.6882445216178894,0.19995653629302979
0.5857195258140564,0.6998919248580933,0.2900734841823578
0.4667823910713196,0.6968064308166504,0.21193213760852814
0.6191858649253845,0.7164344191551208,0.10279449820518494
0.4391966164112091,0.7161810994148254,0.022831885144114494
-
0.5238445401191711,0.3473208546638489,-0.39253145456314087
0.5338021516799927,0.3408791720867157,-0.36304888129234314
0.5400109887123108,0.34116053581237793,-0.36307013034820557
0.544658899307251,0.34160906076431274,-0.3631598949432373
0.5156001448631287,0.34083205461502075,-0.3600515127182007
0.5095183253288269,0.34111517667770386,-0.36004194617271423
0.5039376616477966,0.3416613042354584,-0.35993850231170654
0.553622841835022,0.348174512386322,-0.18680977821350098
0.4994323253631592,0.3486522138118744,-0.1765306293964386
0.5361082553863525,0.3579697012901306,-0.32833242416381836
0.5133797526359558,0.3578704595565796,-0.32576674222946167
0.5986068248748779,0.398664265871048,-0.08132632821798325
0.46433770656585693,0.39754706621170044,-0.07257768511772156
0.6679299473762512,0.437871515750885,-0.28492820262908936
0.4065054953098297,0.44086307287216187,-0.2613331377506256
0.6537858843803406,0.3869076669216156,-0.5859245657920837
0.4032661020755768,0.3881794810295105,-0.6205175518989563
0.6504936814308167,0.374828040599823,-0.6498927474021912
0.40262824296951294,0.3762631118297577,-0.6955164074897766
0.6439660787582397,0.3730764389038086,-0.6267375946044922
0.4084445536136627,0.3744840621948242,-0.692751944065094
0.6403523087501526,0.37629202008247375,-0.5854036808013916
0.4118741750717163,0.3778756260871887,-0.6316544413566589
0.5691575407981873,0.5209295153617859,0.003221553983166814
0.4851991832256317,0.5177706480026245,-0.0034147799015045166
0.582984983921051,0.6101797819137573,0.040506888180971146
0.46731245517730713,0.6079882979393005,-0.012242612428963184
0.5937517881393433,0.6898461580276489,0.32080501317977905
0.45765194296836853,0.6882500648498535,0.24077023565769196
0.5856298804283142,0.6998211145401001,0.3390183448791504
0.4667908251285553,0.6968089938163757,0.2559213936328888
0.6191530227661133,0.7164260149002075,0.15349268913269043
0.43890002369880676,0.7162107825279236,0.06308487057685852
-
0.5242151618003845,0.3473525941371918,-0.39677226543426514
0.5340363383293152,0.3408770263195038,-0.3673415780067444
0.5401509404182434,0.3411446213722229,-0.36735671758651733
0.5447643995285034,0.3415687680244446,-0.3674406409263611
0.5161972641944885,0.3408648371696472,-0.3631301820278168
0.5103229284286499,0.3411939740180969,-0.363113671541214
0.504653811454773,0.34176015853881836,-0.36302146315574646
0.5536549687385559,0.3477495014667511,-0.19230236113071442
0.4998386800289154,0.34865280985832214,-0.17647907137870789
0.5365272760391235,0.3579389452934265,-0.33298221230506897
0.5144968628883362,0.3578684628009796,-0.3288268446922302
0.5991371870040894,0.3969675600528717,-0.09003924578428268
0.46440786123275757,0.39651012420654297,-0.07000692933797836
0.6773439049720764,0.43046894669532776,-0.29099041223526
0.40051448345184326,0.43111807107925415,-0.25375086069107056
0.6583566665649414,0.3767566978931427,-0.5788451433181763
0.40003055334091187,0.3785843849182129,-0.5991290211677551
0.6522628664970398,0.36313503980636597,-0.6390270590782166
0.4008094370365143,0.3650812804698944,-0.671733021736145
0.6452447772026062,0.3605121970176697,-0.6153284907341003
0.40813177824020386,0.36393728852272034,-0.6571937203407288
0.6431986689567566,0.36507290601730347,-0.576409637928009
0.4111079275608063,0.3683837056159973,-0.6044247150421143
0.569193422794342,0.5206062197685242,0.0025876048021018505
0.485047310590744,0.5177723169326782,-0.0028061207849532366
0.582923948764801,0.610001266002655,0.042677946388721466
0.46728917956352234,0.607983410358429,-0.004018029198050499
0.5936886668205261,0.6898177862167358,0.32757025957107544
0.45765796303749084,0.6882558465003967,0.2530643343925476
0.5855154395103455,0.6997915506362915,0.34614548087120056
0.46679529547691345,0.6968108415603638,0.26832807064056396
0.6191592812538147,0.7164292931556702,0.15650999546051025
0.4388312101364136,0.7162182927131653,0.07108306139707565
-
0.5244688391685486,0.34809058904647827,-0.3898380994796753
0.5342807173728943,0.3410847783088684,-0.36033180356025696
0.5403570532798767,0.3412683308124542,-0.3603482246398926
0.5449430346488953,0.3416495621204376,-0.3604206144809723
0.5165021419525146,0.34152331948280334,-0.3555370271205902
0.5108134150505066,0.34202054142951965,-0.355525940656662
0.5052119493484497,0.3425399959087372,-0.355455607175827
0.5537761449813843,0.3476506471633911,-0.18756797909736633
0.5003713965415955,0.3486538231372833,-0.1750611513853073
0.5369663834571838,0.3582829535007477,-0.3270826041698456
0.5152965188026428,0.3582891821861267,-0.32153788208961487
0.6000019311904907,0.3958722949028015,-0.09002763032913208
0.4645213782787323,0.395895391702652,-0.06115494668483734
0.6835408210754395,0.4227377772331238,-0.2849504053592682
0.38668161630630493,0.4211731553077698,-0.22939758002758026
0.6595262289047241,0.3666853606700897,-0.54413241147995
0.39922240376472473,0.36427414417266846,-0.5378246903419495
0.6523732542991638,0.3519039452075958,-0.6010805368423462
0.400928795337677,0.3524380028247833,-0.6093870997428894
0.6452910304069519,0.3502943813800812,-0.5784451961517334
0.40849342942237854,0.3513151705265045,-0.5876986384391785
0.6437546014785767,0.3554210364818573,-0.5417321920394897
0.41102516651153564,0.3562118113040924,-0.5403139591217041
0.5693127512931824,0.5205954909324646,0.00029831190477125347
0.48481038212776184,0.5179262757301331,-0.000529495591763407
0.5829141736030579,0.6098734140396118,0.03716212511062622
0.46724933385849,0.6079980134963989,-8.93737069418421e-06
0.5936599373817444,0.6897904276847839,0.3209882974624634
0.4576621651649475,0.6882593035697937,0.2664506137371063
0.585509717464447,0.699771523475647,0.33963388204574585
0.4667859375476837,0.696810245513916,0.28240448236465454
0.6191844940185547,0.7164247035980225,0.1481388509273529
0.43876615166664124,0.716283917427063,0.08307308703660965
-
0.5251176357269287,0.34814631938934326,-0.38548752665519714
0.5347118377685547,0.3410918116569519,-0.35921838879585266
0.5407016277313232,0.3412850797176361,-0.35929375886917114
0.5451913475990295,0.3416692614555359,-0.3593253791332245
0.5169346332550049,0.34151533246040344,-0.35312578082084656
0.5112914443016052,0.342002272605896,-0.35310226678848267
0.5056036114692688,0.3425065875053406,-0.35301730036735535
0.5537763237953186,0.3475708067417145,-0.17568053305149078
0.5005690455436707,0.34823447465896606,-0.1661447286605835
0.5376555919647217,0.35842427611351013,-0.3224802315235138
0.515942394733429,0.35830289125442505,-0.3177982270717621
0.6000837087631226,0.3958542048931122,-0.08108220994472504
0.46404004096984863,0.3960062265396118,-0.06003411486744881
0.6898265480995178,0.4096410870552063,-0.21267859637737274
0.3777272403240204,0.41042256355285645,-0.1981915831565857
0.6621031165122986,0.35518816113471985,-0.40616369247436523
0.39923083782196045,0.3519645631313324,-0.44021448493003845
0.6535208821296692,0.34035375714302063,-0.45973697304725647
0.4009905159473419,0.3397924304008484,-0.5093953609466553
0.6458617448806763,0.3393215835094452,-0.44325748085975647
0.4085941016674042,0.33939528465270996,-0.4886312782764435
0.6453789472579956,0.3441925048828125,-0.40644845366477966
0.41100531816482544,0.3432987630367279,-0.4428267478942871
0.5697576999664307,0.5208520889282227,0.0009792845230549574
0.4847540557384491,0.5185889601707458,-0.0011705663055181503
0.5829082727432251,0.6098896265029907,0.03672370687127113
0.4671992361545563,0.608336329460144,0.00988139770925045
0.5936461091041565,0.689789354801178,0.32538554072380066
0.45766621828079224,0.6882634162902832,0.28415271639823914
0.5854882001876831,0.6997700929641724,0.3442191779613495
0.466786652803421,0.6967819929122925,0.30017590522766113
0.6191760301589966,0.7164314389228821,0.1465221494436264
0.43876224756240845,0.7164195775985718,0.09638948738574982
-
0.5266501307487488,0.3472519814968109,-0.3696272671222687
0.5354143977165222,0.3405844569206238,-0.3325527310371399
0.5411728620529175,0.3408319354057312,-0.3325616121292114
0.5456587076187134,0.34121280908584595,-0.33263319730758667
0.5181326270103455,0.34090539813041687,-0.32931339740753174
0.5125439763069153,0.3413401246070862,-0.32932743430137634
0.5068864226341248,0.34182071685791016,-0.32928821444511414
0.5538022518157959,0.3471415638923645,-0.14613422751426697
0.5008826851844788,0.3479177951812744,-0.1340797394514084
0.5384047031402588,0.35720568895339966,-0.30510905385017395
0.5176284909248352,0.3573785424232483,-0.30138397216796875
0.6005610823631287,0.39503729343414307,-0.052554208785295486
0.46370452642440796,0.3954962193965912,-0.04219460114836693
0.693749725818634,0.39595192670822144,-0.17349131405353546
0.37530484795570374,0.3985598385334015,-0.1468483954668045
0.66364586353302,0.3439441919326782,-0.34193018078804016
0.39851266145706177,0.3428327739238739,-0.34245675802230835
0.6537723541259766,0.3298824429512024,-0.3956613838672638
0.40107834339141846,0.33028143644332886,-0.4097258746623993
0.6458682417869568,0.32740992307662964,-0.37945324182510376
0.40868687629699707,0.3295444846153259,-0.39309027791023254
0.6460517644882202,0.3326251804828644,-0.3427695333957672
0.4107535779476166,0.33418339490890503,-0.34635305404663086
0.5702154636383057,0.5207691788673401,0.0018142202170565724
0.48474985361099243,0.518660843372345,-0.0019487064564600587
0.5828325748443604,0.6098421812057495,0.03325968235731125
0.46719682216644287,0.6083594560623169,0.012021258473396301
0.5936248898506165,0.689788818359375,0.3212082087993622
0.45770949125289917,0.688261866569519,0.2806602120399475
0.5854708552360535,0.6997684240341187,0.3393166661262512
0.4668290913105011,0.696770966053009,0.29557809233665466
0.6191520094871521,0.7164372205734253,0.1397213637828827
0.4388367235660553,0.7164422273635864,0.08706164360046387
-
0.5267449021339417,0.346992552280426,-0.3702271282672882
0.535355269908905,0.3402245342731476,-0.33320724964141846
0.5411186814308167,0.34037643671035767,-0.3332149088382721
0.5456416606903076,0.34063640236854553,-0.33328989148139954
0.518123209476471,0.34062618017196655,-0.3303770422935486
0.5125170946121216,0.341036856174469,-0.33039039373397827
0.5068700313568115,0.341523677110672,-0.3303554058074951
0.5537683963775635,0.34653961658477783,-0.1429179161787033
0.500887930393219,0.34776240587234497,-0.13211916387081146
0.5387292504310608,0.35706326365470886,-0.30524006485939026
0.5181147456169128,0.3573257327079773,-0.30168649554252625
0.6009157299995422,0.3941900134086609,-0.043305762112140656
0.4636995494365692,0.395038902759552,-0.042369451373815536
0.6954813003540039,0.382345974445343,-0.16272155940532684
0.3763197958469391,0.3862966299057007,-0.13363435864448547
0.663370668888092,0.3327407240867615,-0.3236538767814636
0.3984037935733795,0.3308549225330353,-0.28992897272109985
0.6546083092689514,0.3178114593029022,-0.3786861002445221
0.4007730782032013,0.31920522451400757,-0.35512325167655945
0.6461302638053894,0.31714504957199097,-0.3621322512626648
0.40850546956062317,0.3186348080635071,-0.3404501676559448
0.6464272737503052,0.3226108253002167,-0.32525861263275146
0.4103412330150604,0.3228219151496887,-0.29453131556510925
0.5705763101577759,0.5207662582397461,0.0030330067966133356
0.4848562479019165,0.5186991095542908,-0.003102681366726756
0.582827091217041,0.6098548173904419,0.034204695373773575
0.4674595594406128,0.6083544492721558,0.014311871491372585
0.5936350226402283,0.6897411346435547,0.3310151696205139
0.4577147662639618,0.6881706714630127,0.29482394456863403
0.585407018661499,0.6997333765029907,0.349179208278656
0.46680814027786255,0.6967188119888306,0.3103172481060028
0.6202519536018372,0.7165259122848511,0.13932782411575317
0.43933960795402527,0.7164146900177002,0.09510203450918198
-
0.5270712375640869,0.3465560972690582,-0.3744906485080719
0.5353459715843201,0.3398926556110382,-0.3342457711696625
0.5410834550857544,0.3400249779224396,-0.33424103260040283
0.5456197261810303,0.34025418758392334,-0.33433088660240173
0.5183801651000977,0.3403066396713257,-0.330575168132782
0.512919008731842,0.34072571992874146,-0.3305935263633728
0.507390022277832,0.34123724699020386,-0.3305807411670685
0.5537116527557373,0.34649384021759033,-0.14754723012447357
0.501157820224762,0.3477148413658142,-0.13303899765014648
0.5389714241027832,0.3565146028995514,-0.3090178668498993
0.518769383430481,0.35689425468444824,-0.3038375675678253
0.6008889675140381,0.39351123571395874,-0.044971708208322525
0.4638666808605194,0.3944123387336731,-0.04423420876264572
0.6936675310134888,0.3744717240333557,-0.1728331595659256
0.37793397903442383,0.37599486112594604,-0.10811632126569748
0.6627047061920166,0.32240790128707886,-0.3199979066848755
0.39602941274642944,0.32112011313438416,-0.22066724300384521
0.6545635461807251,0.30551618337631226,-0.37368664145469666
0.3980107307434082,0.30615320801734924,-0.2820102572441101
0.6460905075073242,0.3051633834838867,-0.3605134189128876
0.4077293872833252,0.30585533380508423,-0.26662734150886536
0.646328330039978,0.3100961744785309,-0.32304999232292175
0.4095989167690277,0.3094070851802826,-0.22488705813884735
0.5706215500831604,0.5207663774490356,0.0031127261463552713
0.4848800301551819,0.5187219381332397,-0.0031722956337034702
0.582851231098175,0.6099814176559448,0.03527026250958443
0.46750834584236145,0.6086792349815369,0.022600913420319557
0.5936129093170166,0.6895353198051453,0.35579290986061096
0.45767393708229065,0.6881536841392517,0.31771770119667053
0.5853320360183716,0.6994127631187439,0.37676161527633667
0.4666031002998352,0.696613609790802,0.3350123465061188
0.6204535365104675,0.7165002822875977,0.1693670004606247
0.4393872916698456,0.7164219617843628,0.12241405993700027
-
0.5285289287567139,0.34637197852134705,-0.35293737053871155
0.5360580682754517,0.33984801173210144,-0.3103160858154297
0.541623055934906,0.3399891257286072,-0.3102816343307495
0.5458846092224121,0.34022989869117737,-0.3103637993335724
0.5197601914405823,0.34028226137161255,-0.30956873297691345
0.5141511559486389,0.34070634841918945,-0.3095988929271698
0.5085810422897339,0.34121382236480713,-0.30957379937171936
0.5539258122444153,0.34651368856430054,-0.11822446435689926
0.5016763210296631,0.3477078974246979,-0.11276526004076004
0.5397604703903198,0.3563862442970276,-0.28597140312194824
0.5206387639045715,0.3567618131637573,-0.2845922112464905
0.6007862687110901,0.3924635648727417,-0.02287762239575386
0.46565574407577515,0.393669068813324,-0.04007716104388237
0.6906934380531311,0.3637165427207947,-0.08957722783088684
0.381818562746048,0.3681924641132355,-0.10635774582624435
0.6623226404190063,0.3084622025489807,-0.18078190088272095
0.3957350552082062,0.3112228512763977,-0.20626023411750793
0.6554368138313293,0.2944863438606262,-0.2260875701904297
0.39772823452949524,0.29723578691482544,-0.2692144513130188
0.6464256644248962,0.29372280836105347,-0.21831734478473663
0.4073554575443268,0.29699671268463135,-0.2555302381515503
0.6464759707450867,0.297756552696228,-0.18547911942005157
0.40914759039878845,0.30022189021110535,-0.21247480809688568
0.5706673264503479,0.5207356810569763,0.004996850620955229
0.4852603077888489,0.518598198890686,-0.005049488507211208
0.5829018354415894,0.6103945374488831,0.04052991792559624
0.46753746271133423,0.608814001083374,0.016018221154808998
0.5937686562538147,0.6894858479499817,0.34831541776657104
0.45743709802627563,0.6882575154304504,0.3015930950641632
0.5853487849235535,0.6992875337600708,0.3673093616962433
0.4663010835647583,0.6968218684196472,0.31790024042129517
0.6212069392204285,0.7171216607093811,0.16201655566692352
0.4388352334499359,0.7165162563323975,0.10786788910627365
-
0.5285225510597229,0.34638211131095886,-0.3341418504714966
0.5360994338989258,0.3398989737033844,-0.29439762234687805
0.5416780710220337,0.34002867341041565,-0.29438167810440063
0.5459499955177307,0.3402464985847473,-0.2944675385951996
0.519877016544342,0.3403643071651459,-0.2917265295982361
0.5142471790313721,0.34078043699264526,-0.29174697399139404
0.5086942315101624,0.34125739336013794,-0.2917121946811676
0.5540995597839355,0.34648674726486206,-0.11308768391609192
0.5021363496780396,0.3475020229816437,-0.09807120263576508
0.5398919582366943,0.35639655590057373,-0.27095457911491394
0.520655632019043,0.35674411058425903,-0.26709744334220886
0.6005526781082153,0.39113786816596985,-0.028721770271658897
0.4672495126724243,0.39176100492477417,-0.03470350429415703
0.6879923939704895,0.3571617901325226,-0.09866037219762802
0.3837968111038208,0.360622376203537,-0.09707498550415039
0.6622809767723083,0.29891568422317505,-0.18098008632659912
0.3956303894519806,0.3019149899482727,-0.195881649851799
0.6566792726516724,0.28461983799934387,-0.225800022482872
0.39625850319862366,0.2866012454032898,-0.2591449022293091
0.6466392874717712,0.28315600752830505,-0.22338831424713135
0.4066861569881439,0.2862841784954071,-0.24776962399482727
0.6465110778808594,0.2881070673465729,-0.18801197409629822
0.40894901752471924,0.2905511260032654,-0.20378392934799194
0.5706915259361267,0.5206100344657898,0.0051696221344172955
0.48551279306411743,0.5183252096176147,-0.005216424353420734
0.5830707550048828,0.6105091571807861,0.05033984035253525
0.4677233397960663,0.608790934085846,0.024241100996732712
0.5952395796775818,0.6893695592880249,0.34054386615753174
0.457073837518692,0.6881533265113831,0.29571646451950073
0.5863522887229919,0.6993340253829956,0.3595338463783264
0.46536728739738464,0.6968148946762085,0.3106556832790375
0.6230990290641785,0.7171163558959961,0.15843898057937622
0.43877631425857544,0.7165693044662476,0.10313677042722702
-
0.5286741256713867,0.346945583820343,-0.3678264915943146
0.5363041162490845,0.3399975895881653,-0.32687509059906006
0.5418551564216614,0.3400832712650299,-0.3268258273601532
0.5461865663528442,0.3402518630027771,-0.32690489292144775
0.52016282081604,0.34055623412132263,-0.3250772953033447
0.5145301222801208,0.3409164547920227,-0.3251304030418396
0.5090011358261108,0.3413108289241791,-0.3251287639141083
0.5541948676109314,0.34619060158729553,-0.139822319149971
0.5023970007896423,0.34736257791519165,-0.12657424807548523
0.5400619506835938,0.356535941362381,-0.3017466962337494
0.5207493305206299,0.35690149664878845,-0.2985621392726898
0.6005493402481079,0.38846680521965027,-0.05784257873892784
0.468847393989563,0.3892892003059387,-0.07400671392679214
0.6870859861373901,0.3486383259296417,-0.12854845821857452
0.3869380056858063,0.35578638315200806,-0.12057308852672577
0.6622264981269836,0.2894417643547058,-0.2111431062221527
0.3954927623271942,0.29344141483306885,-0.2690427899360657
0.6565861701965332,0.27499932050704956,-0.2563391625881195
0.39483338594436646,0.2779369354248047,-0.3360891044139862
0.6458166837692261,0.27360865473747253,-0.25554829835891724
0.4061143696308136,0.27696502208709717,-0.3246243894100189
0.6450458765029907,0.27863603830337524,-0.2187114953994751
0.40888527035713196,0.2815644443035126,-0.27654045820236206
0.5704196691513062,0.5205413103103638,0.006025121081620455
0.48558780550956726,0.5181236863136292,-0.00608966825529933
0.5833175182342529,0.6105233430862427,0.04913671687245369
0.4682837724685669,0.6087876558303833,0.026392430067062378
0.5954293608665466,0.6892856955528259,0.37567630410194397
0.4568854868412018,0.6879128217697144,0.33017295598983765
0.5862386226654053,0.6993339657783508,0.3974359631538391
0.46514692902565,0.6967424750328064,0.34888219833374023
0.6230072379112244,0.7171794772148132,0.19170920550823212
0.43871328234672546,0.7165647745132446,0.1371844857931137
-
0.5288029909133911,0.34720486402511597,-0.45619967579841614
0.5370213389396667,0.34035569429397583,-0.41576042771339417
0.5423744916915894,0.3404696583747864,-0.41567549109458923
0.5468565821647644,0.3406345248222351,-0.4157099425792694
0.5210174918174744,0.34082332253456116,-0.41613420844078064
0.5154703259468079,0.341152161359787,-0.41619783639907837
0.5099871754646301,0.3414919078350067,-0.416162371635437
0.5549536943435669,0.34633374214172363,-0.22875168919563293
0.502956211566925,0.3473438620567322,-0.2288474142551422
0.5400855541229248,0.35656970739364624,-0.39054977893829346
0.5206961035728455,0.35691049695014954,-0.39103034138679504
0.6005154848098755,0.38804730772972107,-0.1505918800830841
0.46911612153053284,0.3885093629360199,-0.17967987060546875
0.6780605316162109,0.3423212170600891,-0.2047600895166397
0.39227965474128723,0.350776344537735,-0.2703443765640259
0.6620805263519287,0.2834898829460144,-0.2921268343925476
0.39522865414619446,0.28650373220443726,-0.34380006790161133
0.6570853590965271,0.2706487774848938,-0.3398170471191406
0.39255985617637634,0.27097541093826294,-0.41330641508102417
0.6453477144241333,0.2680719494819641,-0.34070393443107605
0.40529555082321167,0.2694393992424011,-0.4052404761314392
0.6433133482933044,0.2723466753959656,-0.3007466793060303
0.408896267414093,0.2735334634780884,-0.35435619950294495
0.5703070163726807,0.5202347040176392,0.010177514515817165
0.4855635464191437,0.5177253484725952,-0.010347161442041397
0.5833173990249634,0.6104786396026611,0.09693139046430588
0.46893027424812317,0.6081052422523499,0.044462867081165314
0.5967115163803101,0.6893017292022705,0.4025597870349884
0.4568779766559601,0.6867359280586243,0.34213966131210327
0.5872671604156494,0.6993669271469116,0.4208195209503174
0.46495521068573,0.695569634437561,0.3596755266189575
0.62282395362854,0.7172226309776306,0.21039123833179474
0.43965452909469604,0.7166995406150818,0.14861683547496796
-
0.528513491153717,0.34781378507614136,-0.5030699968338013
0.5370099544525146,0.3405955731868744,-0.4645688235759735
0.5423909425735474,0.3406248986721039,-0.4644879102706909
0.5469525456428528,0.34072238206863403,-0.4645386040210724
0.520997941493988,0.34133395552635193,-0.4642505645751953
0.5154114365577698,0.34180301427841187,-0.464335560798645
0.5098623633384705,0.3422456383705139,-0.46431422233581543
0.5552621483802795,0.34616464376449585,-0.28000977635383606
0.5029531121253967,0.34736958146095276,-0.27751028537750244
0.5398841500282288,0.35697633028030396,-0.43728646636009216
0.5202029943466187,0.3577621281147003,-0.43703070282936096
0.6004449129104614,0.38689661026000977,-0.19967013597488403
0.47144779562950134,0.387722373008728,-0.23228725790977478
0.6710366010665894,0.3344533145427704,-0.2588610351085663
0.4030267596244812,0.3436809480190277,-0.3304162621498108
0.6618462800979614,0.2738104462623596,-0.30404797196388245
0.39500296115875244,0.2801603078842163,-0.42724549770355225
0.6572763323783875,0.26230281591415405,-0.3514660596847534
0.3918655812740326,0.2648604214191437,-0.49681681394577026
0.6440579891204834,0.25999537110328674,-0.38682323694229126
0.40518027544021606,0.2631871700286865,-0.49051716923713684
0.6414957046508789,0.2641490399837494,-0.33571261167526245
0.4089065194129944,0.26657649874687195,-0.43730562925338745
0.5699852705001831,0.5201355814933777,0.014425466768443584
0.485487699508667,0.5176597237586975,-0.014665646478533745
0.583328902721405,0.610508918762207,0.0971558466553688
0.4690169394016266,0.6080666780471802,0.034170374274253845
0.5972100496292114,0.6893262267112732,0.3958706855773926
0.456853449344635,0.6866373419761658,0.3272588849067688
0.5872403979301453,0.6998383402824402,0.4133067727088928
0.46485579013824463,0.6954761743545532,0.3450703024864197
0.6232913136482239,0.7177661657333374,0.20204457640647888
0.44265392422676086,0.7167586088180542,0.13345389068126678
-
0.5283180475234985,0.34804782271385193,-0.5791082978248596
0.5369442701339722,0.3408695161342621,-0.5413859486579895
0.5423737168312073,0.34093207120895386,-0.5412918329238892
0.5469801425933838,0.34102508425712585,-0.5413490533828735
0.52068030834198,0.34158194065093994,-0.5437368750572205
0.5151238441467285,0.342065691947937,-0.5438608527183533
0.5095140933990479,0.3425349295139313,-0.5438523292541504
0.5553811192512512,0.34633392095565796,-0.35152584314346313
0.502931535243988,0.34750014543533325,-0.36388176679611206
0.5397562384605408,0.35715484619140625,-0.5101163387298584
0.5200849771499634,0.3579736649990082,-0.5141037702560425
0.5995607376098633,0.38672715425491333,-0.272601455450058
0.47376197576522827,0.3869481682777405,-0.32626575231552124
0.6590883731842041,0.32915759086608887,-0.35483020544052124
0.4135042428970337,0.33851358294487,-0.48965105414390564
0.6599932909011841,0.26577192544937134,-0.44144055247306824
0.3951207995414734,0.27177733182907104,-0.6419045329093933
0.6575746536254883,0.2550193667411804,-0.4889920651912689
0.3918401896953583,0.2588146924972534,-0.7140650153160095
0.6436832547187805,0.2525191903114319,-0.5050833821296692
0.40528589487075806,0.25687888264656067,-0.7061001062393188
0.6402782201766968,0.25630220770835876,-0.4580006003379822
0.40925535559654236,0.26014187932014465,-0.6513838768005371
0.5697380900382996,0.5202230215072632,0.02194582298398018
0.4858857989311218,0.5176447629928589,-0.022284571081399918
0.5842596888542175,0.611161470413208,0.10549259930849075
0.46914172172546387,0.6078097820281982,-0.020251460373401642
0.5972550511360168,0.6893612742424011,0.4249430000782013
0.45697522163391113,0.6870958805084229,0.3072475492954254
0.5864002704620361,0.6999226808547974,0.4446321129798889
0.4648616909980774,0.6966564655303955,0.3305339515209198
0.623450517654419,0.718018114566803,0.24127283692359924
0.443299263715744,0.7172623872756958,0.10797598212957382
-
0.5284977555274963,0.3492221236228943,-0.624387800693512
0.5371202826499939,0.34199145436286926,-0.5899800658226013
0.5426086783409119,0.342013955116272,-0.5898725390434265
0.5474109053611755,0.34214919805526733,-0.5899590253829956
0.5206486582756042,0.3427635133266449,-0.5937687754631042
0.5150879621505737,0.34332069754600525,-0.5939156413078308
0.5094068050384521,0.3439106345176697,-0.593909740447998
0.5554980635643005,0.3473140597343445,-0.4048532247543335
0.5027680993080139,0.3487991690635681,-0.4253929555416107
0.5398675799369812,0.35825079679489136,-0.55535489320755
0.5201504826545715,0.359201043844223,-0.5615754723548889
0.5984179377555847,0.38648921251296997,-0.32767364382743835
0.4761050343513489,0.38714057207107544,-0.39923566579818726
0.6503178477287292,0.32880905270576477,-0.42217200994491577
0.4275422692298889,0.33453407883644104,-0.604377806186676
0.6599068641662598,0.25980550050735474,-0.5147849917411804
0.3962383270263672,0.2682979106903076,-0.787387490272522
0.658908486366272,0.24852509796619415,-0.5631396174430847
0.39194256067276,0.25519418716430664,-0.8599027991294861
0.6438022255897522,0.24608466029167175,-0.573881208896637
0.4049970507621765,0.2526918649673462,-0.8562732338905334
0.6403005719184875,0.2494571954011917,-0.5286558270454407
0.40924081206321716,0.2561829388141632,-0.7993970513343811
0.5699931383132935,0.5205258131027222,0.030991002917289734
0.48685422539711,0.5178788900375366,-0.03138792887330055
0.5847162008285522,0.6112353205680847,0.1313745081424713
0.4699448049068451,0.6076242327690125,-0.05661404877901077
0.5972191095352173,0.6878305673599243,0.48517176508903503
0.4570760130882263,0.6871833801269531,0.2782925069332123
0.5845947861671448,0.6985582113265991,0.5094391107559204
0.4649643003940582,0.6966197490692139,0.3028026223182678
0.6233686804771423,0.7176240682601929,0.3218229413032532
0.4438404440879822,0.7177590131759644,0.08661779761314392
-
0.5295315980911255,0.35025566816329956,-0.6745154857635498
0.5373578667640686,0.342894971370697,-0.6435805559158325
0.542794406414032,0.3428632616996765,-0.6434551477432251
0.5476869940757751,0.34290221333503723,-0.6435549855232239
0.5207275152206421,0.3442387878894806,-0.6528521776199341
0.515069305896759,0.34509846568107605,-0.6529945731163025
0.5094083547592163,0.3458254337310791,-0.652989387512207
0.5554625988006592,0.34746453166007996,-0.46452462673187256
0.5022507905960083,0.3505512773990631,-0.5099250078201294
0.5406357049942017,0.35893261432647705,-0.606009304523468
0.520957887172699,0.3600514829158783,-0.6192050576210022
0.5957719683647156,0.38430848717689514,-0.38317248225212097
0.4786490499973297,0.3871583640575409,-0.5000783205032349
0.6373860836029053,0.3262626826763153,-0.4950289726257324
0.44082069396972656,0.32806044816970825,-0.7083987593650818
0.6601696014404297,0.2548075318336487,-0.6108872890472412
0.40051499009132385,0.26335209608078003,-0.83757084608078
0.6601285934448242,0.2445046454668045,-0.664648175239563
0.3923274874687195,0.25009092688560486,-0.9040673971176147
0.6446870565414429,0.24134263396263123,-0.6741084456443787
0.4057900607585907,0.24731405079364777,-0.9047267436981201
0.6408613324165344,0.2437802255153656,-0.6268045902252197
0.4111415445804596,0.25084778666496277,-0.8500328063964844
0.5714316964149475,0.5209158658981323,0.04056795313954353
0.4893367886543274,0.5181220769882202,-0.041019026190042496
0.5854482650756836,0.6112107634544373,0.16491833329200745
0.47038543224334717,0.6058878302574158,-0.037090811878442764
0.5978456735610962,0.6853962540626526,0.537757933139801
0.4569341838359833,0.6851046681404114,0.30376553535461426
0.5846754908561707,0.6979382038116455,0.5649466514587402
0.4649238586425781,0.6947821974754333,0.3296443223953247
0.6234003901481628,0.7167340517044067,0.3888411521911621
0.4432559609413147,0.71739262342453,0.12179246544837952
-
0.5305907130241394,0.3508606553077698,-0.6847018003463745
0.5377654433250427,0.3436555862426758,-0.6551499962806702
0.543091893196106,0.34357067942619324,-0.6550151109695435
0.5480062961578369,0.3436088263988495,-0.6551041603088379
0.5215576887130737,0.34502702951431274,-0.6639944911003113
0.5159004330635071,0.3457897901535034,-0.6641494035720825
0.5104427933692932,0.3464203476905823,-0.6641485095024109
0.5554887652397156,0.3484364151954651,-0.47888875007629395
0.5023311376571655,0.3511916995048523,-0.5224812626838684
0.5413756370544434,0.35949307680130005,-0.6166586875915527
0.5220804214477539,0.36039969325065613,-0.6294357776641846
0.5941053628921509,0.38425305485725403,-0.3873947262763977
0.4800109565258026,0.38642996549606323,-0.513282835483551
0.6312925219535828,0.3263934254646301,-0.46830064058303833
0.45134490728378296,0.32395461201667786,-0.7012616991996765
0.6599704623222351,0.25231775641441345,-0.5623700022697449
0.4060056805610657,0.2600353956222534,-0.8094156980514526
0.6600173711776733,0.24059386551380157,-0.6110114455223083
0.392386794090271,0.24782772362232208,-0.8715529441833496
0.6444626450538635,0.23769772052764893,-0.61937016248703
0.4060154855251312,0.24443331360816956,-0.8723260760307312
0.6403759717941284,0.24001340568065643,-0.576978325843811
0.41228482127189636,0.24780972301959991,-0.820651650428772
0.5713294744491577,0.5210002660751343,0.04882432147860527
0.4906787574291229,0.5180202722549438,-0.04931589215993881
0.5854666233062744,0.6107972860336304,0.18043629825115204
0.47252652049064636,0.604435384273529,-0.05231441929936409
0.5980594754219055,0.6845198273658752,0.5250579714775085
0.4566539227962494,0.684750497341156,0.26717409491539
0.5846728086471558,0.6978875398635864,0.5495729446411133
0.4640534222126007,0.6944190263748169,0.29044532775878906
0.623823881149292,0.716264009475708,0.378423810005188
0.44500237703323364,0.7168475389480591,0.08543507754802704
-
0.5305766463279724,0.35116463899612427,-0.700660228729248
0.5377610921859741,0.34392133355140686,-0.6703062057495117
0.5430929660797119,0.34374627470970154,-0.6701555252075195
0.5480325818061829,0.34373146295547485,-0.670240581035614
0.5215284824371338,0.34547731280326843,-0.6789980530738831
0.5158621668815613,0.34622475504875183,-0.6791607737541199
0.5104048252105713,0.34692633152008057,-0.6791597008705139
0.5554952621459961,0.34882596135139465,-0.4916524291038513
0.5023291110992432,0.3518688678741455,-0.5335352420806885
0.5414273738861084,0.3595110774040222,-0.631740927696228
0.5220378041267395,0.36049410700798035,-0.6440441608428955
0.5936681032180786,0.38423383235931396,-0.3987027406692505
0.481295108795166,0.3863369822502136,-0.5292905569076538
0.6326539516448975,0.3258434236049652,-0.4817006289958954
0.4519565999507904,0.32230499386787415,-0.7226877212524414
0.6593445539474487,0.2505466938018799,-0.5703107118606567
0.41094207763671875,0.25825875997543335,-0.8241796493530273
0.6597325205802917,0.23724409937858582,-0.6187988519668579
0.39492806792259216,0.24714548885822296,-0.8871066570281982
0.6437547206878662,0.23422309756278992,-0.6261206865310669
0.4080295264720917,0.24357593059539795,-0.8851696252822876
0.6394118666648865,0.23725035786628723,-0.5842465758323669
0.4153798818588257,0.2470671832561493,-0.8342068195343018
0.5712363123893738,0.5210486054420471,0.04992837831377983
0.4907023012638092,0.5180461406707764,-0.05042475461959839
0.5854669809341431,0.6106079816818237,0.1866929829120636
0.47333067655563354,0.6044459939002991,-0.048316556960344315
0.5989636182785034,0.6829427480697632,0.5540825724601746
0.45569291710853577,0.6843336820602417,0.2708973288536072
0.5847241282463074,0.6969213485717773,0.5811933875083923
0.4619532823562622,0.6938408613204956,0.2933865487575531
0.6241449117660522,0.7161061763763428,0.4082576632499695
0.44521763920783997,0.7167510390281677,0.08741789311170578
-
0.5298783779144287,0.35214969515800476,-0.7402321100234985
0.5371844172477722,0.344492107629776,-0.711952805519104
0.5426754951477051,0.3442939221858978,-0.7117799520492554
0.5478323101997375,0.34423914551734924,-0.7118611931800842
0.5207772850990295,0.34615781903266907,-0.7174829244613647
0.5151044726371765,0.34686973690986633,-0.7176580429077148
0.509734570980072,0.3475390076637268,-0.7176545858383179
0.5554462671279907,0.3493413031101227,-0.5336300134658813
0.5020372867584229,0.35233816504478455,-0.5619831085205078
0.5410014390945435,0.3602742850780487,-0.6709995269775391
0.5211357474327087,0.3615415096282959,-0.6792783141136169
0.5931376814842224,0.3843480944633484,-0.43608102202415466
0.4819457232952118,0.3864654302597046,-0.5417973399162292
0.6279416084289551,0.3252508044242859,-0.5232267379760742
0.4523988962173462,0.3238412141799927,-0.7172921299934387
0.6570352911949158,0.2507018446922302,-0.6128624677658081
0.41293156147003174,0.25960829854011536,-0.8196482062339783
0.6588878035545349,0.23797886073589325,-0.6643542647361755
0.3969445526599884,0.24946191906929016,-0.8811882138252258
0.6425118446350098,0.23518626391887665,-0.6719954013824463
0.40933147072792053,0.24603787064552307,-0.8834868669509888
0.6377117037773132,0.23835141956806183,-0.6269546747207642
0.4166378974914551,0.2491835355758667,-0.8311342000961304
0.571025013923645,0.5214946866035461,0.048108600080013275
0.4913936257362366,0.5183030962944031,-0.048613112419843674
0.5840352773666382,0.6104263663291931,0.23092730343341827
0.4733579754829407,0.6042734384536743,-0.03541070222854614
0.5989283919334412,0.6829742789268494,0.563008189201355
0.4547467529773712,0.6848012804985046,0.27326154708862305
0.5843193531036377,0.6976360082626343,0.5862022638320923
0.46168288588523865,0.6956366896629333,0.29437458515167236
0.6259100437164307,0.7161089777946472,0.4107902944087982
0.4434572458267212,0.7172688245773315,0.08778011798858643
-
0.5300835967063904,0.352136492729187,-0.7107648253440857
0.5372067093849182,0.34454935789108276,-0.6805193424224854
0.5426808595657349,0.3443455398082733,-0.6803558468818665
0.5478391647338867,0.34428128600120544,-0.6804277896881104
0.5208566188812256,0.34626397490501404,-0.6893013715744019
0.5151619911193848,0.34700918197631836,-0.6894670724868774
0.5097721815109253,0.3477402627468109,-0.6894597411155701
0.555287778377533,0.3493943512439728,-0.49950873851776123
0.5020528435707092,0.3525846004486084,-0.5434554815292358
0.5410890579223633,0.36025041341781616,-0.6410835981369019
0.5212582945823669,0.3615320026874542,-0.6537142395973206
0.5931588411331177,0.3842650353908539,-0.39646750688552856
0.48216700553894043,0.3861040472984314,-0.5424724817276001
0.6298261284828186,0.32569482922554016,-0.47283682227134705
0.4506966769695282,0.32407209277153015,-0.7356927394866943
0.65699303150177,0.2510397136211395,-0.5683451294898987
0.4132954180240631,0.2592304050922394,-0.8298795223236084
0.6592488884925842,0.2382400929927826,-0.6174299716949463
0.3991243541240692,0.24965766072273254,-0.8902086019515991
0.6428701877593994,0.23596742749214172,-0.6260910630226135
0.41086074709892273,0.24614958465099335,-0.8881751894950867
0.6378501653671265,0.2393045872449875,-0.5828284621238708
0.41782382130622864,0.24927189946174622,-0.8391335606575012
0.5712102055549622,0.5222771167755127,0.05695049464702606
0.49173086881637573,0.5189055800437927,-0.05743458494544029
0.5839623808860779,0.6104130744934082,0.25012385845184326
0.47368842363357544,0.6037684679031372,-0.04567885398864746
0.5995910167694092,0.6830345392227173,0.5859249830245972
0.4534423053264618,0.6843609809875488,0.24324767291545868
0.5843999981880188,0.6979467272758484,0.609924852848053
0.45882123708724976,0.6951808929443359,0.26276925206184387
0.6287391185760498,0.7161104083061218,0.445578932762146
0.4439629316329956,0.7171304821968079,0.058815907686948776
-
0.5308332443237305,0.3520408570766449,-0.7249529361724854
0.5374438166618347,0.3445316553115845,-0.6929223537445068
0.5427757501602173,0.3443480134010315,-0.6927484273910522
0.5478834509849548,0.34430086612701416,-0.692822277545929
0.5214846730232239,0.3462068736553192,-0.6997966170310974
0.5159010291099548,0.34695786237716675,-0.6999743580818176
0.5104935169219971,0.3477126359939575,-0.6999776363372803
0.5552023649215698,0.34958040714263916,-0.5105196833610535
0.5024389028549194,0.35276272892951965,-0.5439247488975525
0.5413996577262878,0.3600407540798187,-0.6555379629135132
0.5223082304000854,0.3613591492176056,-0.6652612090110779
0.5931998491287231,0.38437074422836304,-0.41353899240493774
0.4820895195007324,0.38620060682296753,-0.5396064519882202
0.6322029232978821,0.3258025050163269,-0.5020526051521301
0.447268545627594,0.3266868591308594,-0.7279426455497742
0.6563630104064941,0.2520737051963806,-0.5946271419525146
0.41285035014152527,0.2599157691001892,-0.8241282105445862
0.6594744920730591,0.24030473828315735,-0.6450747847557068
0.39985784888267517,0.24967539310455322,-0.8856030702590942
0.6428842544555664,0.2379877120256424,-0.651142954826355
0.41266965866088867,0.24663135409355164,-0.8830165266990662
0.6377691626548767,0.2409733533859253,-0.6085421442985535
0.41970330476760864,0.24998891353607178,-0.8334379196166992
0.5713098049163818,0.5228716731071472,0.05290057510137558
0.4920578896999359,0.5193971991539001,-0.053360674530267715
0.5836657881736755,0.6102384328842163,0.22437849640846252
0.474020779132843,0.6029508113861084,-0.051132090389728546
0.5998856425285339,0.6827989816665649,0.5780519843101501
0.45174577832221985,0.6841450929641724,0.24931494891643524
0.5848168134689331,0.6978363990783691,0.6033226251602173
0.4561241865158081,0.6941081881523132,0.26957064867019653
0.6267324686050415,0.7154573798179626,0.4257162809371948
0.4446302056312561,0.7171123623847961,0.05975668877363205
-
0.5312831401824951,0.3519929051399231,-0.679183304309845
0.5376492142677307,0.34452641010284424,-0.6474880576133728
0.5428631901741028,0.3443521559238434,-0.6473647356033325
0.5479274988174438,0.3443141579627991,-0.6474508047103882
0.5218518376350403,0.3461754620075226,-0.653239905834198
0.5163589715957642,0.34692293405532837,-0.6533825993537903
0.5109244585037231,0.34768179059028625,-0.6533765196800232
0.5551305413246155,0.34964051842689514,-0.4672069549560547
0.502768874168396,0.352740615606308,-0.49529919028282166
0.5416298508644104,0.35981935262680054,-0.6108816862106323
0.5229822993278503,0.36108270287513733,-0.6192163825035095
0.593593418598175,0.38448184728622437,-0.37371116876602173
0.4820357859134674,0.38617730140686035,-0.47442659735679626
0.6326746344566345,0.3266313672065735,-0.4818311929702759
0.4463115632534027,0.32927781343460083,-0.6503410935401917
0.6560106873512268,0.2539519667625427,-0.5401735305786133
0.41254547238349915,0.26266998052597046,-0.7966488599777222
0.6594762802124023,0.24258074164390564,-0.5885502696037292
0.40125879645347595,0.2521470785140991,-0.8796966671943665
0.6427263617515564,0.2398635596036911,-0.5968169569969177
0.4144160747528076,0.24951419234275818,-0.8786263465881348
0.637449324131012,0.24305589497089386,-0.5547340512275696
0.4211544990539551,0.25320369005203247,-0.8130478858947754
0.5716463923454285,0.5230082273483276,0.05086173862218857
0.492268443107605,0.5196237564086914,-0.05130681395530701
0.5835181474685669,0.610112726688385,0.21051624417304993
0.47433018684387207,0.6024205088615417,-0.04760892689228058
0.6000849008560181,0.6825441122055054,0.5502227544784546
0.45068830251693726,0.6838753819465637,0.24907319247722626
0.5852660536766052,0.6977061033248901,0.5741406083106995
0.45421189069747925,0.6930299997329712,0.2691091001033783
0.625652551651001,0.7151508331298828,0.3953336179256439
0.445814311504364,0.7170426845550537,0.05958719924092293
-
0.5303923487663269,0.3520767092704773,-0.6191401481628418
0.5369783043861389,0.3445984125137329,-0.5848868489265442
0.5424967408180237,0.34439951181411743,-0.5847683548927307
0.5477078557014465,0.34435296058654785,-0.5848391652107239
0.5206258296966553,0.34634363651275635,-0.5838251113891602
0.5149266719818115,0.3471188247203827,-0.5839853286743164
0.5095563530921936,0.34787383675575256,-0.584011971950531
0.5550410747528076,0.34968990087509155,-0.4067477285861969
0.5025575160980225,0.3527675271034241,-0.40302345156669617
0.5415107011795044,0.3598102927207947,-0.553668737411499
0.5226497650146484,0.3610709607601166,-0.552425742149353
0.5958014726638794,0.38494056463241577,-0.3190770149230957
0.4819100797176361,0.38652655482292175,-0.37726882100105286
0.6446920037269592,0.32787561416625977,-0.3939334750175476
0.43499335646629333,0.3306226432323456,-0.4948858916759491
0.6569143533706665,0.25447317957878113,-0.4784892201423645
0.4123484194278717,0.26513707637786865,-0.5896536707878113
0.6599499583244324,0.24327895045280457,-0.5296502709388733
0.4023628532886505,0.254366934299469,-0.6549113988876343
0.6435958743095398,0.2410755604505539,-0.5402488708496094
0.41581985354423523,0.2516290545463562,-0.648509681224823
0.6386746764183044,0.24398818612098694,-0.4929640591144562
0.42179983854293823,0.255007803440094,-0.5985458493232727
0.5717347264289856,0.5236647725105286,0.04440959170460701
0.4922562539577484,0.5204735398292542,-0.044735029339790344
0.583647608757019,0.610603392124176,0.19838333129882812
0.4742881655693054,0.6024395227432251,-0.04611961171030998
0.600751519203186,0.6826256513595581,0.5369468331336975
0.4502013623714447,0.6838445067405701,0.25295963883399963
0.5856967568397522,0.6977125406265259,0.5607162117958069
0.4541131854057312,0.693030595779419,0.2737148404121399
0.6255759596824646,0.7151567339897156,0.3661476671695709
0.44640690088272095,0.7169338464736938,0.06264016032218933
-
0.5302265286445618,0.3520469069480896,-0.5528684258460999
0.5368918776512146,0.3445424735546112,-0.5163794159889221
0.5424597859382629,0.3443431854248047,-0.5162631273269653
0.547692060470581,0.3443143367767334,-0.5163221955299377
0.5202980041503906,0.3463054299354553,-0.5189664363861084
0.5144445896148682,0.34708359837532043,-0.5190930962562561
0.5089420080184937,0.3478543162345886,-0.5191008448600769
0.554981529712677,0.3496924340724945,-0.3324529528617859
0.5020899772644043,0.3527573347091675,-0.34605762362480164
0.5414924025535583,0.3597995936870575,-0.48601409792900085
0.5226000547409058,0.361050546169281,-0.48989078402519226
0.5972615480422974,0.3852265477180481,-0.2394634485244751
0.4817243218421936,0.387270987033844,-0.32101789116859436
0.6599984169006348,0.3289187550544739,-0.2945235073566437
0.41884925961494446,0.3336898982524872,-0.43727946281433105
0.656765341758728,0.26115772128105164,-0.3909466564655304
0.40136268734931946,0.26576662063598633,-0.5199968814849854
0.658386766910553,0.25265032052993774,-0.43890631198883057
0.39707693457603455,0.2550501823425293,-0.5801461935043335
0.6422721147537231,0.24942651391029358,-0.4481048583984375
0.4115246534347534,0.2517548203468323,-0.5681256651878357
0.6383852362632751,0.2530864179134369,-0.4050551950931549
0.4150787889957428,0.25557613372802734,-0.5258858799934387
0.5719633102416992,0.5240878462791443,0.04399867728352547
0.4922802746295929,0.5209812521934509,-0.044339265674352646
0.5838710069656372,0.6108223795890808,0.19463753700256348
0.47427040338516235,0.6025003790855408,-0.014580934308469296
0.6008974313735962,0.6825731992721558,0.5157080888748169
0.4499509036540985,0.6837826371192932,0.26862773299217224
0.5857245326042175,0.6976165175437927,0.5365963578224182
0.4539121985435486,0.6929886937141418,0.28762608766555786
0.6255338191986084,0.7150312066078186,0.35470497608184814
0.44764629006385803,0.7168036103248596,0.08215375244617462
-
0.530210018157959,0.35129526257514954,-0.47340190410614014
0.5369515419006348,0.34374120831489563,-0.43507447838783264
0.5425761938095093,0.34357282519340515,-0.43495848774909973
0.5478663444519043,0.34362679719924927,-0.4350181519985199
0.5202977061271667,0.34536322951316833,-0.43484485149383545
0.514445424079895,0.3461686670780182,-0.4349522590637207
0.5089358687400818,0.34695303440093994,-0.4349330961704254
0.5552634000778198,0.3494584262371063,-0.2537701725959778
0.5021713972091675,0.35217583179473877,-0.2536769211292267
0.5415975451469421,0.35926997661590576,-0.4092501401901245
0.5226158499717712,0.36024942994117737,-0.40927183628082275
0.5999892950057983,0.38524189591407776,-0.18134844303131104
0.48123693466186523,0.38739559054374695,-0.21387578547000885
0.6731518507003784,0.3330921232700348,-0.24525409936904907
0.4073145091533661,0.338947594165802,-0.31329452991485596
0.6598237752914429,0.274028480052948,-0.32435861229896545
0.39816993474960327,0.2703384757041931,-0.40412357449531555
0.6597892045974731,0.26463979482650757,-0.3722127377986908
0.395673930644989,0.25866007804870605,-0.4691745340824127
0.642800509929657,0.2602824568748474,-0.3773815929889679
0.40999671816825867,0.25618475675582886,-0.45102572441101074
0.6396682858467102,0.2640973925590515,-0.33642202615737915
0.4128047823905945,0.2599641680717468,-0.40936416387557983
0.57198166847229,0.5247882604598999,0.031421463936567307
0.49201732873916626,0.5214177370071411,-0.031622353941202164
0.583872377872467,0.6108613610267639,0.1517602801322937
0.473469614982605,0.6026361584663391,0.0010183356935158372
0.6006253361701965,0.6821092367172241,0.46317580342292786
0.45007234811782837,0.682664155960083,0.29542842507362366
0.5854470729827881,0.696600079536438,0.48454758524894714
0.4547004699707031,0.6916480660438538,0.3150327503681183
0.6220894455909729,0.7151364088058472,0.29513394832611084
0.4480135142803192,0.7163035273551941,0.10882896929979324
-
0.5305324196815491,0.3509809076786041,-0.45184326171875
0.5375980138778687,0.3434431552886963,-0.41374245285987854
0.543237030506134,0.34328460693359375,-0.41362518072128296
0.5484817624092102,0.34332507848739624,-0.41370561718940735
0.5205105543136597,0.3450371325016022,-0.4138593077659607
0.5145860314369202,0.3458040654659271,-0.4139327108860016
0.5089826583862305,0.34643107652664185,-0.4138850271701813
0.5554600358009338,0.3488991856575012,-0.23242929577827454
0.5022227764129639,0.35151201486587524,-0.23442904651165009
0.5422226190567017,0.3591494858264923,-0.3876287639141083
0.5228191614151001,0.3599523901939392,-0.3882811367511749
0.6004883050918579,0.38595402240753174,-0.1527320295572281
0.4809258282184601,0.3881959319114685,-0.1848386526107788
0.6805991530418396,0.34112077951431274,-0.2086721807718277
0.40254202485084534,0.34907132387161255,-0.2792557179927826
0.6623231768608093,0.2834331691265106,-0.27525055408477783
0.3947177827358246,0.27960553765296936,-0.3715815246105194
0.6640007495880127,0.27273011207580566,-0.31774142384529114
0.39270541071891785,0.2660963833332062,-0.43378308415412903
0.6448071599006653,0.2684537172317505,-0.3152220547199249
0.4060693383216858,0.26395276188850403,-0.4116091728210449
0.6423966884613037,0.27248162031173706,-0.28290244936943054
0.4088903069496155,0.2679666578769684,-0.3744315207004547
0.5713900923728943,0.5248808860778809,0.02721593901515007
0.4910036325454712,0.5215131640434265,-0.02741617150604725
0.5844861268997192,0.6112927794456482,0.1335432529449463
0.4726812243461609,0.6047639846801758,0.013811463490128517
0.6003402471542358,0.6820077300071716,0.4601985514163971
0.45078036189079285,0.6824254393577576,0.31424662470817566
0.5847097039222717,0.6962118744850159,0.4839733839035034
0.4589606821537018,0.6916972398757935,0.33493325114250183
0.6221094727516174,0.7154454588890076,0.30178701877593994
0.445747971534729,0.7160573601722717,0.13740889728069305
-
0.5304641723632812,0.35061410069465637,-0.4146358072757721
0.5376137495040894,0.34298965334892273,-0.3759717643260956
0.5433337688446045,0.34291961789131165,-0.3758649230003357
0.5486778020858765,0.34294310212135315,-0.3759189248085022
0.5204737782478333,0.3444746434688568,-0.3750230073928833
0.5144404768943787,0.34523314237594604,-0.3750646412372589
0.5088114738464355,0.34586507081985474,-0.37499696016311646
0.5555975437164307,0.3483831584453583,-0.1971731334924698
0.5022052526473999,0.3506835699081421,-0.1946774125099182
0.5422937273979187,0.3589950203895569,-0.3523697257041931
0.5227673649787903,0.35978034138679504,-0.3516688346862793
0.6014778017997742,0.3864164352416992,-0.13132275640964508
0.47930192947387695,0.3885907232761383,-0.15365339815616608
0.6882781982421875,0.3506331741809845,-0.2106616199016571
0.39786216616630554,0.3538881242275238,-0.280527263879776
0.6636335849761963,0.29668182134628296,-0.27030861377716064
0.3955131471157074,0.29029959440231323,-0.39406949281692505
0.6633120179176331,0.28369301557540894,-0.31310921907424927
0.3933766186237335,0.2760729193687439,-0.45648884773254395
0.6448121666908264,0.28106585144996643,-0.299473375082016
0.40620481967926025,0.27479007840156555,-0.4360329806804657
0.6430343985557556,0.2852841019630432,-0.2722361385822296
0.4088377356529236,0.27910542488098145,-0.39726489782333374
0.5714091062545776,0.5258846879005432,0.025929568335413933
0.4899800717830658,0.522598922252655,-0.02611430175602436
0.5847180485725403,0.611331045627594,0.15150988101959229
0.47234174609184265,0.604851484298706,0.005000419449061155
0.5985656976699829,0.6814703941345215,0.5005411505699158
0.45110803842544556,0.6816969513893127,0.2902204394340515
0.5836025476455688,0.6951307058334351,0.5269554853439331
0.46004706621170044,0.6908208727836609,0.3084715008735657
0.6228132247924805,0.7155846953392029,0.3556370735168457
0.4448372721672058,0.7160429358482361,0.11621074378490448
-
0.5297344326972961,0.34930211305618286,-0.4294535219669342
0.5369847416877747,0.3420560359954834,-0.38783276081085205
0.5427982211112976,0.3419354557991028,-0.3877335488796234
0.5482629537582397,0.3418586850166321,-0.3877672553062439
0.5200393199920654,0.3436127305030823,-0.3882942497730255
0.5142292976379395,0.34435784816741943,-0.3883383870124817
0.5086700916290283,0.3449132442474365,-0.38826972246170044
0.5552063584327698,0.3473774790763855,-0.19259582459926605
0.5022591948509216,0.3497249484062195,-0.1982937753200531
0.5420129299163818,0.35764890909194946,-0.36167657375335693
0.5224212408065796,0.3584655225276947,-0.36351436376571655
0.6016974449157715,0.38811352849006653,-0.12002521008253098
0.47524315118789673,0.38899216055870056,-0.14964160323143005
0.6967589855194092,0.3621358573436737,-0.2299160361289978
0.3902380168437958,0.36280736327171326,-0.35994285345077515
0.6649557948112488,0.3086422085762024,-0.31723305583000183
0.39602309465408325,0.3045574724674225,-0.6043931841850281
0.6632817983627319,0.2940686047077179,-0.36135220527648926
0.3956083655357361,0.2897587716579437,-0.6793984174728394
0.6457684636116028,0.29337894916534424,-0.340705007314682
0.40633663535118103,0.2891862392425537,-0.6509391665458679
0.6449376344680786,0.2987521290779114,-0.3156701326370239
0.40859776735305786,0.2936706840991974,-0.6058596968650818
0.5714084506034851,0.5261752009391785,0.02602589875459671
0.488958477973938,0.5231618285179138,-0.026218459010124207
0.5846966505050659,0.6111368536949158,0.14972609281539917
0.4723459482192993,0.6053637266159058,0.005528205074369907
0.5980581641197205,0.6815007328987122,0.5003367066383362
0.45497292280197144,0.6818197965621948,0.3227839469909668
0.5835123062133789,0.6947647333145142,0.5263618230819702
0.46272987127304077,0.6908833980560303,0.34484294056892395
0.6219460368156433,0.7156368494033813,0.3490603268146515
0.44620567560195923,0.7160433530807495,0.137515127658844
-
0.5288745164871216,0.34894588589668274,-0.44124361872673035
0.5359795689582825,0.34174174070358276,-0.402005136013031
0.5418143272399902,0.3415530323982239,-0.40193289518356323
0.5475097894668579,0.34136784076690674,-0.4019449055194855
0.5190984606742859,0.3432038426399231,-0.39861705899238586
0.5134556889533997,0.34391412138938904,-0.39865583181381226
0.5078988671302795,0.3445233106613159,-0.39860808849334717
0.5547055602073669,0.3463357090950012,-0.20921888947486877
0.5022091865539551,0.34945228695869446,-0.1954241693019867
0.5414628386497498,0.35730859637260437,-0.373471200466156
0.5216395854949951,0.3583049476146698,-0.37001389265060425
0.6019801497459412,0.38977691531181335,-0.13972146809101105
0.4726085960865021,0.38968366384506226,-0.13046443462371826
0.7002190351486206,0.3714193105697632,-0.2797011733055115
0.38552916049957275,0.3709743022918701,-0.3654117286205292
0.6648414134979248,0.3203270137310028,-0.4420001208782196
0.3963906168937683,0.3172207772731781,-0.6595460772514343
0.6620014309883118,0.305607408285141,-0.49759262800216675
0.3980697989463806,0.3015647828578949,-0.7413581013679504
0.6460734605789185,0.30515673756599426,-0.47469931840896606
0.40704086422920227,0.3011322617530823,-0.7143524289131165
0.6454266309738159,0.31122034788131714,-0.43902647495269775
0.4086456298828125,0.3061835765838623,-0.6615505814552307
0.5713798403739929,0.5262160897254944,0.014749717898666859
0.4878879487514496,0.5233107209205627,-0.01485094241797924
0.5846844911575317,0.6120074987411499,0.12777402997016907
0.4715641438961029,0.606697678565979,0.009223699569702148
0.5972445607185364,0.6819866299629211,0.4926260709762573
0.45524588227272034,0.6834473013877869,0.330520898103714
0.5836341977119446,0.6943622827529907,0.5192182660102844
0.46272626519203186,0.6922481656074524,0.35197973251342773
0.6174885034561157,0.7156647443771362,0.3153146803379059
0.4463061988353729,0.7163172960281372,0.13532452285289764
-
0.528040885925293,0.348937451839447,-0.39867523312568665
0.5358582735061646,0.341406911611557,-0.36521056294441223
0.5417283773422241,0.3412160575389862,-0.36518219113349915
0.547456681728363,0.3410486578941345,-0.36522623896598816
0.5190538763999939,0.3427751660346985,-0.35272830724716187
0.5134570002555847,0.34335172176361084,-0.3527221381664276
0.507911205291748,0.34379708766937256,-0.3526894748210907
0.555049479007721,0.3455021381378174,-0.20091961324214935
0.502998948097229,0.3481559157371521,-0.14562326669692993
0.5408757328987122,0.35731205344200134,-0.3419989049434662
0.5206127762794495,0.35818201303482056,-0.3261123597621918
0.6035112738609314,0.3902133107185364,-0.13767486810684204
0.47126486897468567,0.3901415169239044,-0.0536392517387867
0.7023332118988037,0.3802201747894287,-0.283281147480011
0.38168132305145264,0.3793424963951111,-0.14983539283275604
0.6646824479103088,0.32729095220565796,-0.43301865458488464
0.39764782786369324,0.3255758285522461,-0.32765480875968933
0.660433828830719,0.3131493926048279,-0.4845215380191803
0.40193116664886475,0.30985647439956665,-0.38968759775161743
0.6460167169570923,0.313813716173172,-0.46419382095336914
0.410491406917572,0.31025317311286926,-0.3651101291179657
0.6453960537910461,0.3198413550853729,-0.4309513568878174
0.4111420810222626,0.31588807702064514,-0.3283161222934723
0.5713772773742676,0.5258501172065735,0.0024810191243886948
0.48596274852752686,0.5230504274368286,-0.0025524969678372145
0.5849047899246216,0.61290442943573,0.08236745744943619
0.4710977375507355,0.6072729229927063,0.018445447087287903
0.5976258516311646,0.6866707801818848,0.39697545766830444
0.456349641084671,0.6855986714363098,0.329736590385437
0.5844659209251404,0.6971232891082764,0.4182833433151245
0.46453535556793213,0.6948255300521851,0.3423193395137787
0.6198530197143555,0.7173957228660583,0.21554696559906006
0.44520556926727295,0.7184022665023804,0.1301977038383484
-
0.5274276733398438,0.34880104660987854,-0.36782336235046387
0.5349663496017456,0.3413550555706024,-0.3328971564769745
0.5408986210823059,0.341168612241745,-0.3328520655632019
0.5465695858001709,0.3409997224807739,-0.3328720033168793
0.5189932584762573,0.34263747930526733,-0.322964072227478
0.5134817957878113,0.34314513206481934,-0.32298287749290466
0.508047342300415,0.34359490871429443,-0.3229338228702545
0.5550656914710999,0.3454335331916809,-0.16281692683696747
0.5037727355957031,0.3480752408504486,-0.11911982297897339
0.5404716730117798,0.35714712738990784,-0.30933743715286255
0.5205689072608948,0.3579062223434448,-0.2970243990421295
0.6043497920036316,0.39083969593048096,-0.09395448118448257
0.4714399576187134,0.39146777987480164,-0.042256854474544525
0.7006165981292725,0.39102208614349365,-0.26069867610931396
0.3822847008705139,0.3875526785850525,-0.2024814784526825
0.6645463705062866,0.3376055061817169,-0.4242042601108551
0.4004753828048706,0.3339373469352722,-0.43624308705329895
0.660187840461731,0.32483378052711487,-0.4765342175960541
0.40816637873649597,0.3203490972518921,-0.5067996382713318
0.6465492844581604,0.32448580861091614,-0.45891842246055603
0.41603678464889526,0.3208931088447571,-0.4813914895057678
0.6459463238716125,0.32956865429878235,-0.4239412844181061
0.4161856472492218,0.32613223791122437,-0.4376850128173828
0.5714911818504333,0.5251559019088745,0.002433628076687455
0.4858962297439575,0.5224921107292175,-0.0025394835975021124
0.5848912000656128,0.6128784418106079,0.06851083785295486
0.4711022973060608,0.6073928475379944,0.02722250670194626
0.5980109572410583,0.6886964440345764,0.36486107110977173
0.45645201206207275,0.6855306625366211,0.31913548707962036
0.5857177376747131,0.6990287899971008,0.3838356137275696
0.46475517749786377,0.69476318359375,0.33517032861709595
0.6199422478675842,0.7174118161201477,0.17702743411064148
0.44465699791908264,0.7182358503341675,0.12633387744426727
-
0.5269103646278381,0.3487953245639801,-0.35331717133522034
0.5345310568809509,0.34123435616493225,-0.3210526704788208
0.5405377745628357,0.3410714864730835,-0.32099154591560364
0.5461854338645935,0.34097474813461304,-0.3209999203681946
0.5189561247825623,0.34235385060310364,-0.3109081983566284
0.5134985446929932,0.3427758812904358,-0.31092721223831177
0.5082646012306213,0.34311074018478394,-0.31089720129966736
0.55513596534729,0.34547626972198486,-0.15997232496738434
0.5042890310287476,0.3478030860424042,-0.11508683860301971
0.540026068687439,0.35715681314468384,-0.2976045310497284
0.5204201340675354,0.35781532526016235,-0.28508493304252625
0.6044030785560608,0.39213019609451294,-0.0960337445139885
0.4712190330028534,0.3923148512840271,-0.04512954130768776
0.6981843709945679,0.40295514464378357,-0.2682967483997345
0.3841498792171478,0.39715129137039185,-0.22659237682819366
0.6629694104194641,0.34640341997146606,-0.4622623026371002
0.4045208692550659,0.3417086899280548,-0.470534086227417
0.6581167578697205,0.3326328694820404,-0.5140427350997925
0.4109494984149933,0.3290695250034332,-0.5402196049690247
0.6465714573860168,0.3316691517829895,-0.4926661252975464
0.4188588559627533,0.3297075629234314,-0.5135303735733032
0.6458857655525208,0.3373642563819885,-0.4602075219154358
0.4196678102016449,0.3350176513195038,-0.4716552793979645
0.5714871883392334,0.5248470306396484,-0.00021541997557505965
0.4850790798664093,0.5223944783210754,-1.3719354683416896e-05
0.5848709344863892,0.6126753091812134,0.06334220618009567
0.4708186686038971,0.6079455614089966,0.03328537940979004
0.5980013608932495,0.6889547109603882,0.3756338655948639
0.456428200006485,0.685480535030365,0.3187195360660553
0.5862532258033752,0.6991377472877502,0.3968953490257263
0.4646633565425873,0.6947323679924011,0.33589962124824524
0.6186152100563049,0.7176003456115723,0.19732600450515747
0.4442305266857147,0.7181742191314697,0.1345677226781845
-
0.526902973651886,0.349283367395401,-0.36761704087257385
0.5345393419265747,0.3416079580783844,-0.33621060848236084
0.5405429601669312,0.34149760007858276,-0.33616766333580017
0.5461903214454651,0.34148234128952026,-0.3361956477165222
0.5190058946609497,0.34245285391807556,-0.3267236053943634
0.5136509537696838,0.3428017497062683,-0.3267209529876709
0.508691668510437,0.3431287407875061,-0.32668083906173706
0.5554504990577698,0.34628450870513916,-0.17422987520694733
0.5052730441093445,0.34781861305236816,-0.1329083889722824
0.5399499535560608,0.3578946590423584,-0.3110714554786682
0.5202859044075012,0.35812583565711975,-0.2996661365032196
0.6043038368225098,0.3939220607280731,-0.10423837602138519
0.4712703824043274,0.3935059905052185,-0.05094420164823532
0.6968933939933777,0.41559380292892456,-0.28664064407348633
0.38574036955833435,0.4078989624977112,-0.22864973545074463
0.662784218788147,0.3577958941459656,-0.5148775577545166
0.4062916934490204,0.3499815762042999,-0.4887864291667938
0.6577054262161255,0.3448393940925598,-0.568068265914917
0.41103485226631165,0.33648616075515747,-0.5603468418121338
0.6471033692359924,0.34258392453193665,-0.5472373366355896
0.4192911684513092,0.33671340346336365,-0.5230966210365295
0.6461293697357178,0.3476888835430145,-0.5129184126853943
0.42070719599723816,0.3421667516231537,-0.4861955940723419
0.5714269876480103,0.5245723724365234,-0.0017048476729542017
0.48506203293800354,0.5220615863800049,0.0014139661798253655
0.5850462317466736,0.6125115156173706,0.05510713905096054
0.4708552956581116,0.6079928874969482,0.027207612991333008
0.5978724360466003,0.6887577772140503,0.38246363401412964
0.45624953508377075,0.6861969232559204,0.3168991804122925
0.5866451263427734,0.6990723013877869,0.40545544028282166
0.46457743644714355,0.6951315402984619,0.33239927887916565
0.6186103820800781,0.7175492644309998,0.21002382040023804
0.44246140122413635,0.7181723713874817,0.13098935782909393
-
0.5273135900497437,0.34953561425209045,-0.37635666131973267
0.5354205369949341,0.3420950770378113,-0.3457120954990387
0.5412591695785522,0.34217503666877747,-0.34569358825683594
0.5466567277908325,0.3423282504081726,-0.34575387835502625
0.5200967788696289,0.3425752520561218,-0.33852535486221313
0.5148921608924866,0.34286046028137207,-0.33850806951522827
0.5103070735931396,0.3431512713432312,-0.3384495973587036
0.5558063387870789,0.3471014201641083,-0.17805512249469757
0.5069333910942078,0.34787487983703613,-0.14674918353557587
0.5399742722511292,0.3585875630378723,-0.3164367377758026
0.5203531384468079,0.35840076208114624,-0.3080179691314697
0.6038785576820374,0.39514487981796265,-0.09006337076425552
0.47131797671318054,0.39400726556777954,-0.0522347092628479
0.6928991079330444,0.4251619279384613,-0.2866634726524353
0.3917308747768402,0.4190211892127991,-0.22574397921562195
0.6633807420730591,0.370928555727005,-0.5436489582061768
0.40655940771102905,0.36151307821273804,-0.5220916271209717
0.6584128737449646,0.357697993516922,-0.601165235042572
0.4104377031326294,0.34661173820495605,-0.5941559076309204
0.6500028967857361,0.35550814867019653,-0.5794278979301453
0.4188457429409027,0.3459950387477875,-0.5687172412872314
0.6484668254852295,0.3594786524772644,-0.541951596736908
0.42036640644073486,0.35204020142555237,-0.5234809517860413
0.5714519023895264,0.5229591131210327,-0.0008131060167215765
0.4851687550544739,0.5203345417976379,0.0005241013132035732
0.5848432183265686,0.6121523380279541,0.046143654733896255
0.4708459675312042,0.6085199117660522,0.024045322090387344
0.5978217124938965,0.6887595653533936,0.3682182729244232
0.45632442831993103,0.686797022819519,0.3087053596973419
0.5874567627906799,0.6992396116256714,0.39070895314216614
0.4645140767097473,0.6955606937408447,0.32430964708328247
0.618513822555542,0.7170892953872681,0.19683954119682312
0.44224801659584045,0.7181352376937866,0.12487918883562088
-
0.5283095240592957,0.3487907648086548,-0.3748936951160431
0.5373004674911499,0.34196367859840393,-0.34666475653648376
0.5430077314376831,0.34208109974861145,-0.3466489911079407
0.5482502579689026,0.3422863781452179,-0.3466995060443878
0.5220070481300354,0.34236955642700195,-0.3396928906440735
0.5170295834541321,0.3426591753959656,-0.3396737277507782
0.5122408270835876,0.34297728538513184,-0.3396133780479431
0.5576128363609314,0.3471839725971222,-0.18314872682094574
0.5084129571914673,0.3478918671607971,-0.15424282848834991
0.5406886339187622,0.358299195766449,-0.3163377642631531
0.5210564732551575,0.3582686185836792,-0.3084910213947296
0.6038546562194824,0.3968965411186218,-0.09347318857908249
0.4723395109176636,0.39454156160354614,-0.06611765176057816
0.6830589175224304,0.4335413873195648,-0.3051379919052124
0.40192711353302,0.4274068772792816,-0.2507161796092987
0.6632314920425415,0.3797667622566223,-0.5902668237686157
0.40727126598358154,0.37179243564605713,-0.5946393609046936
0.6590756177902222,0.3661455512046814,-0.6490334272384644
0.41060328483581543,0.35833051800727844,-0.6660140752792358
0.6515371799468994,0.3646126985549927,-0.6256899237632751
0.41895151138305664,0.35760611295700073,-0.6455425024032593
0.6488184332847595,0.36823734641075134,-0.5881621241569519
0.42062726616859436,0.36239397525787354,-0.5971513986587524
0.5713579058647156,0.5224807262420654,0.0008165632607415318
0.48519283533096313,0.5198479294776917,-0.0011037213262170553
0.5844753980636597,0.6115583181381226,0.0657178983092308
0.4707384407520294,0.6085526347160339,0.024755103513598442
0.5976199507713318,0.6886375546455383,0.37065544724464417
0.456564724445343,0.6870061159133911,0.285918653011322
0.5875488519668579,0.6991772651672363,0.3909930884838104
0.46485358476638794,0.6957079172134399,0.30055874586105347
0.6184958815574646,0.7165738344192505,0.2062777429819107
0.44055747985839844,0.7179753184318542,0.1080792099237442
-
0.5292279124259949,0.34804561734199524,-0.3695290982723236
0.5387923121452332,0.34149646759033203,-0.3440009653568268
0.5448036789894104,0.3416821360588074,-0.3440263867378235
0.5496533513069153,0.34196096658706665,-0.3440859615802765
0.5223467350006104,0.3420201539993286,-0.3368884325027466
0.5171651244163513,0.34239527583122253,-0.33686545491218567
0.5121751427650452,0.3427433371543884,-0.3368040919303894
0.5588932037353516,0.3471032381057739,-0.18133330345153809
0.508336067199707,0.3479137122631073,-0.15183351933956146
0.5414979457855225,0.35772842168807983,-0.3100224435329437
0.521258533000946,0.3579966127872467,-0.301868200302124
0.6045650243759155,0.39666154980659485,-0.08296721428632736
0.47294092178344727,0.3944839537143707,-0.05544663965702057
0.6682714223861694,0.44086772203445435,-0.2971498966217041
0.4108649790287018,0.4336574971675873,-0.25112852454185486
0.6584001779556274,0.388612300157547,-0.5926777124404907
0.40831130743026733,0.38294339179992676,-0.6285752654075623
0.6581646800041199,0.377215713262558,-0.6562207937240601
0.4107186496257782,0.37011662125587463,-0.7037442326545715
0.6513553857803345,0.3753078281879425,-0.6448719501495361
0.4188558757305145,0.3688987195491791,-0.6945788264274597
0.6483125686645508,0.3787732422351837,-0.5960814356803894
0.42087212204933167,0.37301644682884216,-0.636258602142334
0.5709698796272278,0.5214033722877502,0.0011841104133054614
0.4852205514907837,0.5186028480529785,-0.0014298800379037857
0.5843905210494995,0.6111901998519897,0.057567108422517776
0.4705631732940674,0.608534038066864,0.023734278976917267
0.5971866250038147,0.6885555982589722,0.3112980127334595
0.45681047439575195,0.6871528625488281,0.24510549008846283
0.5878844857215881,0.6991325616836548,0.32584595680236816
0.4655712842941284,0.6958895325660706,0.25653645396232605
0.6186040043830872,0.716620922088623,0.1387767195701599
0.43850988149642944,0.7177916765213013,0.06450553983449936
-
0.5296491980552673,0.34780481457710266,-0.319999635219574
0.5394200086593628,0.34145721793174744,-0.29347363114356995
0.5456429123878479,0.34167054295539856,-0.29352688789367676
0.5504097938537598,0.34195858240127563,-0.29358190298080444
0.5223233699798584,0.3419748842716217,-0.2875383794307709
0.5171157121658325,0.3423720896244049,-0.2875175476074219
0.5121371150016785,0.34273818135261536,-0.28745412826538086
0.5594859719276428,0.3471834361553192,-0.12899009883403778
0.5082546472549438,0.3480393588542938,-0.10574425756931305
0.541840136051178,0.35763221979141235,-0.2599799335002899
0.521256685256958,0.357962042093277,-0.2535351514816284
0.6052471399307251,0.3973235785961151,-0.033960651606321335
0.4734049141407013,0.3945468068122864,-0.01705964095890522
0.6553547978401184,0.4465690553188324,-0.23549936711788177
0.4199517071247101,0.44215378165245056,-0.2176632583141327
0.6548896431922913,0.3948466181755066,-0.5461670160293579
0.40915265679359436,0.3914394974708557,-0.6003157496452332
0.6576381921768188,0.383993923664093,-0.6089705228805542
0.4108867645263672,0.3793053925037384,-0.6755695343017578
0.6513069868087769,0.3811517655849457,-0.5993574261665344
0.4188269376754761,0.37630659341812134,-0.6689404845237732
0.6480947136878967,0.38452282547950745,-0.5500258803367615
0.4207266569137573,0.38014283776283264,-0.6091557741165161
0.5709254741668701,0.5207804441452026,0.001460385276004672
0.4854297935962677,0.5177918672561646,-0.0016729597700759768
0.5842755436897278,0.6111302971839905,0.050741568207740784
0.4701012372970581,0.608515739440918,-0.018925389274954796
0.5965161919593811,0.6885043978691101,0.3054139316082001
0.456800252199173,0.6880429983139038,0.18883132934570312
0.5878798961639404,0.6991007328033447,0.32053661346435547
0.46556922793388367,0.6967486143112183,0.19949518144130707
0.619038999080658,0.7166212797164917,0.13893495500087738
0.4374867379665375,0.717544674873352,0.00813400000333786
-
0.52968430519104,0.34736835956573486,-0.32373562455177307
0.5397694110870361,0.3410470485687256,-0.314765602350235
0.5460948944091797,0.3413182199001312,-0.31507408618927
0.5509070754051208,0.3417278528213501,-0.3151101768016815
0.5222862958908081,0.3415928781032562,-0.3126194179058075
0.5170180201530457,0.3420305550098419,-0.3126259744167328
0.5119895339012146,0.3424535393714905,-0.31261223554611206
0.5598872303962708,0.3471914529800415,-0.15524162352085114
0.5082048773765564,0.34802740812301636,-0.1439037173986435
0.5418986678123474,0.35747846961021423,-0.2676090598106384
0.5208569169044495,0.3576139509677887,-0.2570508122444153
0.6058042049407959,0.4000358581542969,-0.06804092973470688
0.47325578331947327,0.39517632126808167,-0.02311052195727825
0.6487113237380981,0.45236533880233765,-0.2782398760318756
0.42388585209846497,0.45008039474487305,-0.2730224132537842
0.6543018817901611,0.40200820565223694,-0.6199737787246704
0.41015055775642395,0.39538154006004333,-0.6708670854568481
0.6572814583778381,0.39111387729644775,-0.687316358089447
0.4120286703109741,0.3842097222805023,-0.7470636367797852
0.6513442993164062,0.38652321696281433,-0.677844762802124
0.4187377393245697,0.38021034002304077,-0.7405511736869812
0.6480196714401245,0.39017245173454285,-0.6251245737075806
0.4207074046134949,0.3836359977722168,-0.6792612075805664
0.5709174871444702,0.5208290815353394,0.001721066888421774
0.4857078194618225,0.5177197456359863,-0.001924294512718916
0.5842418074607849,0.6110858917236328,0.059824563562870026
0.47005972266197205,0.6081481575965881,-0.017125016078352928
0.5960155725479126,0.6884869337081909,0.3296000063419342
0.4569007456302643,0.6880647540092468,0.20349623262882233
0.5878321528434753,0.699077308177948,0.34616443514823914
0.4657706022262573,0.6966837048530579,0.21586622297763824
0.6190683841705322,0.7165886759757996,0.1638258546590805
0.4376673102378845,0.7174887657165527,0.023177385330200195
-
0.5302309393882751,0.34702637791633606,-0.3528614938259125
0.5403711795806885,0.34076687693595886,-0.33079636096954346
0.5467388033866882,0.3410723805427551,-0.3309054374694824
0.5514735579490662,0.3415503203868866,-0.3309466242790222
0.5224155187606812,0.3413582444190979,-0.32534468173980713
0.5170299410820007,0.3418610394001007,-0.32535320520401
0.5119345784187317,0.3423509895801544,-0.32529670000076294
0.5603294372558594,0.34722834825515747,-0.1666879802942276
0.508149266242981,0.3480338454246521,-0.15117046236991882
0.5426267981529236,0.3574190139770508,-0.29467520117759705
0.5208748579025269,0.3575284481048584,-0.2845107316970825
0.6061172485351562,0.4026525616645813,-0.07302391529083252
0.4729766845703125,0.3967856466770172,-0.03054305911064148
0.6404746174812317,0.4591505527496338,-0.2718518376350403
0.42866769433021545,0.4555211067199707,-0.27869248390197754
0.6544919610023499,0.4102213382720947,-0.5989100337028503
0.4113469123840332,0.397445946931839,-0.6606418490409851
0.65757155418396,0.398359090089798,-0.6637821197509766
0.41178131103515625,0.385781854391098,-0.7338360548019409
0.6529150605201721,0.3936668932437897,-0.6559464931488037
0.418485164642334,0.38279855251312256,-0.7292243242263794
0.6488093137741089,0.39722543954849243,-0.604647696018219
0.4206666350364685,0.3865033686161041,-0.6695702075958252
0.5708884000778198,0.5209044218063354,0.0022096734028309584
0.48570263385772705,0.517673134803772,-0.0023816153407096863
0.5842446088790894,0.6110796928405762,0.06231968104839325
0.4701510965824127,0.6077324151992798,-0.025539249181747437
0.5955648422241211,0.6885805726051331,0.3226464092731476
0.4570605754852295,0.6881037354469299,0.18857800960540771
0.5875783562660217,0.6991665363311768,0.3382817506790161
0.4657432436943054,0.6966370940208435,0.20078487694263458
0.6209343671798706,0.7167393565177917,0.1590222269296646
0.4378941059112549,0.7174770832061768,0.00849828775972128
-
0.5313823819160461,0.3469373285770416,-0.34554213285446167
0.541246235370636,0.3407451808452606,-0.3199121952056885
0.5475450158119202,0.34105563163757324,-0.3199976086616516
0.552064061164856,0.34154272079467773,-0.3200087547302246
0.5229343771934509,0.3413541913032532,-0.31658652424812317
0.5174039006233215,0.34186720848083496,-0.31657981872558594
0.5119877457618713,0.34235721826553345,-0.3165681064128876
0.5606681108474731,0.3473641574382782,-0.15404623746871948
0.5081098079681396,0.3480434715747833,-0.14354197680950165
0.5434550642967224,0.3574034571647644,-0.2850375473499298
0.5214151740074158,0.35752832889556885,-0.28103163838386536
0.6061360239982605,0.4042106568813324,-0.05149107053875923
0.4725962281227112,0.397857666015625,-0.049522917717695236
0.6287539005279541,0.4627414643764496,-0.23481763899326324
0.43228819966316223,0.45696744322776794,-0.2580365836620331
0.6534279584884644,0.413239061832428,-0.5739223957061768
0.4154520630836487,0.40471237897872925,-0.6342723369598389
0.6572183966636658,0.40198755264282227,-0.6370171308517456
0.41255319118499756,0.39133933186531067,-0.7050008773803711
0.653079628944397,0.3972241282463074,-0.6327612400054932
0.4186317026615143,0.387357622385025,-0.7020072340965271
0.6488350629806519,0.39987578988075256,-0.5805414915084839
0.42157110571861267,0.3911212086677551,-0.6436925530433655
0.5707861185073853,0.5209583640098572,0.003352203406393528
0.48569515347480774,0.517706573009491,-0.003508822526782751
0.5842050313949585,0.6110019087791443,0.07314807921648026
0.47019580006599426,0.6076841354370117,-0.017875200137495995
0.5953251123428345,0.688557505607605,0.3305083215236664
0.4570392668247223,0.6884061098098755,0.19769130647182465
0.5875604152679443,0.6991502046585083,0.34523674845695496
0.4657256305217743,0.6967257261276245,0.20869594812393188
0.6212244629859924,0.7167757153511047,0.16372822225093842
0.4379784166812897,0.7174309492111206,0.015216268599033356
-
0.5325164794921875,0.3469316363334656,-0.3488830626010895
0.5421164631843567,0.3407522439956665,-0.3258017599582672
0.5483487248420715,0.34107327461242676,-0.32601550221443176
0.5526489019393921,0.34157609939575195,-0.32598719000816345
0.5235669612884521,0.34135645627975464,-0.32869818806648254
0.5179576873779297,0.34187108278274536,-0.3287053108215332
0.5122131109237671,0.34236305952072144,-0.3287698030471802
0.5611253380775452,0.34758707880973816,-0.1625439077615738
0.5081281065940857,0.34805917739868164,-0.15673500299453735
0.5442439913749695,0.35740309953689575,-0.2925777733325958
0.5218546986579895,0.3575395941734314,-0.28519266843795776
0.6062473654747009,0.40485674142837524,-0.055687952786684036
0.47212713956832886,0.39880725741386414,-0.06887169927358627
0.6243736147880554,0.46356773376464844,-0.23437434434890747
0.4368109107017517,0.45865339040756226,-0.2796824276447296
0.6533920764923096,0.4145593047142029,-0.5765227675437927
0.4162690043449402,0.4078104496002197,-0.6684441566467285
0.6571888327598572,0.403808057308197,-0.6401879787445068
0.4124191999435425,0.3940064013004303,-0.7406144142150879
0.653860330581665,0.3990071415901184,-0.6382353901863098
0.41850048303604126,0.39011073112487793,-0.7421224117279053
0.6496328711509705,0.40166282653808594,-0.5848376154899597
0.42151251435279846,0.39380308985710144,-0.679790198802948
0.5707582831382751,0.5211766958236694,0.008516626432538033
0.48570531606674194,0.5177547335624695,-0.008670390583574772
0.584129273891449,0.6109458804130554,0.0688420981168747
0.4701758027076721,0.6077584028244019,-0.015292638912796974
0.5950347185134888,0.6884349584579468,0.3388085663318634
0.45703989267349243,0.6883065104484558,0.2261003851890564
0.5873070359230042,0.6989426016807556,0.35495132207870483
0.4656163454055786,0.6962293386459351,0.24152886867523193
0.6218779683113098,0.7167100310325623,0.17129828035831451
0.4391414523124695,0.7172585129737854,0.04637310653924942
-
0.5328696966171265,0.3469464182853699,-0.37177667021751404
0.5424057245254517,0.34075504541397095,-0.34693643450737
0.5486679077148438,0.3410762846469879,-0.34710294008255005
0.5529091954231262,0.34158235788345337,-0.34708860516548157
0.5236623883247375,0.3413591682910919,-0.3475415110588074
0.5179823637008667,0.3418789803981781,-0.3475547730922699
0.5122003555297852,0.342387318611145,-0.3476007282733917
0.5613718628883362,0.34771639108657837,-0.17352323234081268
0.5081119537353516,0.3481702506542206,-0.17087404429912567
0.5445431470870972,0.35753899812698364,-0.30881333351135254
0.5220052003860474,0.35772234201431274,-0.3064892590045929
0.6062893271446228,0.4052470326423645,-0.0648067444562912
0.47183501720428467,0.3995218873023987,-0.0793738067150116
0.6222889423370361,0.46467795968055725,-0.2453831285238266
0.43822792172431946,0.45949140191078186,-0.2839900851249695
0.6530576348304749,0.41593971848487854,-0.5991109013557434
0.41846930980682373,0.411019504070282,-0.6746759414672852
0.6570942997932434,0.4051380753517151,-0.6646478176116943
0.412832647562027,0.39597517251968384,-0.747631311416626
0.6541122198104858,0.39996442198753357,-0.6640660166740417
0.4184313118457794,0.392010897397995,-0.7483607530593872
0.6498487591743469,0.4025607109069824,-0.6081836223602295
0.42171576619148254,0.3960629403591156,-0.6856732964515686
0.570746123790741,0.521280825138092,0.008480698801577091
0.48575735092163086,0.5177990198135376,-0.008637110702693462
0.5840124487876892,0.6105257272720337,0.06918661296367645
0.47003495693206787,0.6078106164932251,-0.012174826115369797
0.5947399139404297,0.6881702542304993,0.3404098153114319
0.4570842683315277,0.6882785558700562,0.22653082013130188
0.5871870517730713,0.6986822485923767,0.3570905029773712
0.4656168520450592,0.6961080431938171,0.2432403564453125
0.6218771934509277,0.7164232730865479,0.17320221662521362
0.4394735097885132,0.7172499895095825,0.049075398594141006
-
0.5328379273414612,0.3462847173213959,-0.3593698740005493
0.5423378348350525,0.34044915437698364,-0.33360934257507324
0.5485984086990356,0.3407990634441376,-0.3337201774120331
0.5529308915138245,0.3412650525569916,-0.33370646834373474
0.5236495733261108,0.3408454954624176,-0.3311415910720825
0.5179513692855835,0.3412960171699524,-0.33114418387413025
0.5121837258338928,0.3418322801589966,-0.3311689496040344
0.5615290999412537,0.34769102931022644,-0.16417604684829712
0.5080912709236145,0.3480849862098694,-0.15387804806232452
0.5445567965507507,0.35697779059410095,-0.2973548173904419
0.5219571590423584,0.357221782207489,-0.2939237952232361
0.606279730796814,0.40478482842445374,-0.05833372473716736
0.47178417444229126,0.3995792269706726,-0.06477821618318558
0.6227601170539856,0.46372613310813904,-0.24424724280834198
0.4388260245323181,0.45939597487449646,-0.2627832293510437
0.6521427035331726,0.4159638285636902,-0.5953651070594788
0.41961371898651123,0.41168513894081116,-0.6509152054786682
0.6565350294113159,0.4049283564090729,-0.6600382328033447
0.4131490886211395,0.39716005325317383,-0.7229761481285095
0.6540440917015076,0.400094598531723,-0.6595000624656677
0.4183793067932129,0.39305609464645386,-0.7210370302200317
0.6498011350631714,0.40252360701560974,-0.603999137878418
0.42176297307014465,0.3968745768070221,-0.660824716091156
0.5707254409790039,0.5212887525558472,0.008058185689151287
0.48577186465263367,0.5178122520446777,-0.008221115916967392
0.5840009450912476,0.610428512096405,0.06328604370355606
0.47000396251678467,0.6078161597251892,-0.015681173652410507
0.5945562720298767,0.6881617307662964,0.32794880867004395
0.4572106599807739,0.6882985830307007,0.21862688660621643
0.5870535373687744,0.6986732482910156,0.3437284231185913
0.4656882882118225,0.6961109638214111,0.23292125761508942
0.6219003796577454,0.7164029479026794,0.16055864095687866
0.4397256076335907,0.7171960473060608,0.03936436027288437
-
0.5327956080436707,0.34587788581848145,-0.36149585247039795
0.5423049330711365,0.34023287892341614,-0.33499443531036377
0.5485590696334839,0.3405981659889221,-0.3350842297077179
0.5529489517211914,0.341031938791275,-0.33509090542793274
0.5236483812332153,0.3404815196990967,-0.3320712745189667
0.5179370045661926,0.34087908267974854,-0.33207497000694275
0.512202799320221,0.3414190113544464,-0.33208364248275757
0.5615553855895996,0.3476244807243347,-0.16463874280452728
0.5080756545066833,0.34784480929374695,-0.15377503633499146
0.5445605516433716,0.3566057085990906,-0.29901888966560364
0.5219547152519226,0.35691049695014954,-0.2957466244697571
0.6062370538711548,0.40437763929367065,-0.05979758873581886
0.47134849429130554,0.3994695544242859,-0.06267576664686203
0.6245022416114807,0.4631322920322418,-0.24702194333076477
0.4382403790950775,0.45873743295669556,-0.2597563564777374
0.6514984369277954,0.4157859683036804,-0.5995124578475952
0.4197196662425995,0.4093855023384094,-0.64990234375
0.6561803817749023,0.40460100769996643,-0.6658627986907959
0.41313034296035767,0.39559584856033325,-0.7229092121124268
0.6539912819862366,0.39980268478393555,-0.6658316254615784
0.4183426797389984,0.3914254307746887,-0.7219768762588501
0.6497358083724976,0.4022739827632904,-0.6083388328552246
0.4217939078807831,0.39507871866226196,-0.6602238416671753
0.5706993341445923,0.5213195085525513,0.007508864160627127
0.48580825328826904,0.517804741859436,-0.007671227678656578
0.5839837789535522,0.6102925539016724,0.06269172579050064
0.4700044095516205,0.6077919006347656,-0.016044743359088898
0.5944697260856628,0.6881715655326843,0.3246748149394989
0.4572477638721466,0.6883167028427124,0.2168257236480713
0.5870386958122253,0.6986633539199829,0.3402613401412964
0.46567824482917786,0.6961275339126587,0.2303943783044815
0.6219622492790222,0.7163515686988831,0.1568089872598648
0.43974265456199646,0.7170745134353638,0.03599603846669197
-
0.5326704382896423,0.3459014296531677,-0.3618217408657074
0.5421710014343262,0.34023410081863403,-0.3368191719055176
0.5484680533409119,0.3405973017215729,-0.3369383215904236
0.5529355406761169,0.34102946519851685,-0.3369596004486084
0.5234419703483582,0.34048059582710266,-0.33355122804641724
0.5176247954368591,0.34087222814559937,-0.33356010913848877
0.5121005773544312,0.3414207100868225,-0.33357688784599304
0.5615416765213013,0.3477070927619934,-0.16707022488117218
0.5080263614654541,0.34785133600234985,-0.15473617613315582
0.5445475578308105,0.3566667437553406,-0.29991403222084045
0.521783173084259,0.3569681942462921,-0.2967674732208252
0.6062272191047668,0.4044426381587982,-0.06311116367578506
0.4713369607925415,0.3995692729949951,-0.06500527262687683
0.6277090311050415,0.46185335516929626,-0.25331103801727295
0.4379403293132782,0.4583593010902405,-0.2609420418739319
0.651607871055603,0.41338181495666504,-0.606326699256897
0.4195350706577301,0.40879496932029724,-0.6549432277679443
0.6561859846115112,0.4019920229911804,-0.6720306277275085
0.41315048933029175,0.39495331048965454,-0.7282077074050903
0.6539497971534729,0.3972007930278778,-0.6691698431968689
0.4183092415332794,0.39076417684555054,-0.7275017499923706
0.6497114300727844,0.40015730261802673,-0.613899290561676
0.42182111740112305,0.39454546570777893,-0.6655734777450562
0.5705991387367249,0.5213433504104614,0.006886938586831093
0.4858161509037018,0.5177643299102783,-0.007047019898891449
0.5839571952819824,0.6102768778800964,0.06342793256044388
0.4700601398944855,0.6076993942260742,-0.020201407372951508
0.5943994522094727,0.688180148601532,0.31952527165412903
0.45728355646133423,0.6883004903793335,0.2038906067609787
0.586968183517456,0.6986557245254517,0.3341042697429657
0.46566659212112427,0.6961219310760498,0.21640640497207642
0.6220028400421143,0.7163069248199463,0.15040647983551025
0.4397665560245514,0.7167366743087769,0.021509341895580292
-
0.5322479009628296,0.34592345356941223,-0.35325849056243896
0.5418640971183777,0.34023481607437134,-0.32703647017478943
0.548222541809082,0.3405945599079132,-0.3271273374557495
0.5528491735458374,0.3410228490829468,-0.3271554708480835
0.5230904221534729,0.340475469827652,-0.3228975534439087
0.5171805620193481,0.3408612310886383,-0.3228980302810669
0.5119510889053345,0.34141451120376587,-0.32288944721221924
0.5615327954292297,0.3477294147014618,-0.15754789113998413
0.5080195069313049,0.34785720705986023,-0.14166469871997833
0.5443961024284363,0.35667261481285095,-0.29115238785743713
0.5214364528656006,0.3569731116294861,-0.28686240315437317
0.6059834361076355,0.4042874276638031,-0.05060919001698494
0.47153952717781067,0.3995434641838074,-0.051655277609825134
0.6297323703765869,0.4602805972099304,-0.23782053589820862
0.436832457780838,0.45701488852500916,-0.250894695520401
0.6516679525375366,0.41016626358032227,-0.5792362689971924
0.41923412680625916,0.40655311942100525,-0.6483215689659119
0.6570886969566345,0.39922675490379333,-0.6438882946968079
0.41310709714889526,0.3930407762527466,-0.721262514591217
0.6543785929679871,0.39446577429771423,-0.6393430233001709
0.41821691393852234,0.3888973593711853,-0.7189911007881165
0.6497547626495361,0.3975725471973419,-0.585902214050293
0.42180725932121277,0.39274027943611145,-0.6583021283149719
0.5705757737159729,0.5213608741760254,0.006438931450247765
0.48580971360206604,0.5177514553070068,-0.006593773141503334
0.5838837027549744,0.6103045344352722,0.06421369314193726
0.47006097435951233,0.6077002882957458,-0.01860281638801098
0.5943854451179504,0.6882165670394897,0.3189392387866974
0.4572784900665283,0.6883225440979004,0.20223170518875122
0.5869614481925964,0.6986488699913025,0.3334866762161255
0.465501606464386,0.6961373090744019,0.2141992151737213
0.621961236000061,0.716265082359314,0.14870145916938782
0.4397902488708496,0.7165482640266418,0.018566656857728958
-
0.5313889980316162,0.3459564447402954,-0.35700172185897827
0.5413850545883179,0.34023648500442505,-0.3301655054092407
0.5478110313415527,0.34059685468673706,-0.3302435874938965
0.5526586174964905,0.34102585911750793,-0.33026742935180664
0.5226843357086182,0.3404456675052643,-0.3263314962387085
0.5166995525360107,0.34079548716545105,-0.326333612203598
0.5117940902709961,0.34132254123687744,-0.3263278603553772
0.5613279342651367,0.3477628231048584,-0.16054309904575348
0.5079319477081299,0.34781134128570557,-0.14512966573238373
0.5435842871665955,0.35677361488342285,-0.2949497401714325
0.5204736590385437,0.35697633028030396,-0.2908939719200134
0.6059110164642334,0.4042395055294037,-0.05173204839229584
0.4715360999107361,0.39948150515556335,-0.054079946130514145
0.6327547430992126,0.4585079550743103,-0.25168129801750183
0.4359302520751953,0.4557793140411377,-0.2536352872848511
0.6517476439476013,0.40848881006240845,-0.5854810476303101
0.4171145558357239,0.4041239619255066,-0.6538709998130798
0.6569894552230835,0.39734700322151184,-0.65013587474823
0.410999596118927,0.39070427417755127,-0.7285174131393433
0.6540600061416626,0.3928297758102417,-0.6436133980751038
0.41703346371650696,0.38700512051582336,-0.7249059677124023
0.6493645906448364,0.3958635628223419,-0.5912030339241028
0.4212028980255127,0.3908313512802124,-0.6637418270111084
0.5705929398536682,0.5213698744773865,0.004158402793109417
0.48595649003982544,0.5177757740020752,-0.004319177474826574
0.5837026238441467,0.6103965044021606,0.06268353760242462
0.4699781537055969,0.6077090501785278,-0.026146968826651573
0.5943256616592407,0.6882091760635376,0.323723703622818
0.4572351574897766,0.6883150935173035,0.20101942121982574
0.5869520902633667,0.6985297203063965,0.3389580547809601
0.4652106463909149,0.6961208581924438,0.21391703188419342
0.6215949654579163,0.7162493467330933,0.15417695045471191
0.4398742616176605,0.7162957191467285,0.018367206677794456
-
0.5305633544921875,0.345980703830719,-0.3295806348323822
0.5407195687294006,0.34023788571357727,-0.3006208837032318
0.5471505522727966,0.34059712290763855,-0.3006865084171295
0.5523103475570679,0.34102877974510193,-0.30073103308677673
0.521992027759552,0.34037935733795166,-0.2967976927757263
0.5159123539924622,0.34070152044296265,-0.2967856824398041
0.5114396810531616,0.34118974208831787,-0.29673412442207336
0.5607909560203552,0.34781354665756226,-0.12679991126060486
0.5075302720069885,0.3477957844734192,-0.11334900557994843
0.5425214171409607,0.356778085231781,-0.266349196434021
0.5195605158805847,0.3569301962852478,-0.26276493072509766
0.6055936813354492,0.4027389585971832,-0.02820202335715294
0.47150179743766785,0.3988151550292969,-0.02440905012190342
0.6379572749137878,0.45377063751220703,-0.22013431787490845
0.43539169430732727,0.4552142024040222,-0.2318558543920517
0.6516221165657043,0.40265926718711853,-0.5377768874168396
0.4162852466106415,0.4029906690120697,-0.6325756907463074
0.6568350791931152,0.39344823360443115,-0.6026846170425415
0.4111318290233612,0.38974887132644653,-0.7096631526947021
0.6537532210350037,0.3903299570083618,-0.5947418808937073
0.41702771186828613,0.3859151601791382,-0.7054545283317566
0.648786187171936,0.39311903715133667,-0.5430273413658142
0.42112764716148376,0.3899851441383362,-0.6425191760063171
0.5706069469451904,0.5212993025779724,0.0033961315639317036
0.48621100187301636,0.5177577137947083,-0.0035530882887542248
0.5836080312728882,0.6104050278663635,0.048589833080768585
0.4699336290359497,0.6076787114143372,-0.03409474343061447
0.5943126082420349,0.6882055401802063,0.31368201971054077
0.45718491077423096,0.6882830858230591,0.19937480986118317
0.586943507194519,0.6984388828277588,0.32983240485191345
0.46489250659942627,0.6960465908050537,0.21277205646038055
0.6215274333953857,0.7162492871284485,0.14394086599349976
0.44004732370376587,0.7160808444023132,0.01785886287689209
-
0.5297836065292358,0.3459985852241516,-0.3140612840652466
0.5402178764343262,0.3402290344238281,-0.28522852063179016
0.5466431975364685,0.34058424830436707,-0.28528502583503723
0.5519880652427673,0.3410223424434662,-0.28534412384033203
0.5211678147315979,0.3403173089027405,-0.2809128761291504
0.5149959325790405,0.3406330943107605,-0.28089845180511475
0.5108902454376221,0.3410959541797638,-0.2808130383491516
0.5603542923927307,0.34781989455223083,-0.11446069180965424
0.5069099068641663,0.34779855608940125,-0.09889009594917297
0.5419397354125977,0.3567816913127899,-0.2521718144416809
0.5188341736793518,0.3569246530532837,-0.24793052673339844
0.6052396297454834,0.4017168879508972,-0.02111567184329033
0.471508651971817,0.3977962136268616,-0.0056880381889641285
0.6474400162696838,0.4478137493133545,-0.2110210359096527
0.4305230379104614,0.4488493800163269,-0.1915316879749298
0.6512255072593689,0.3957754671573639,-0.5194089412689209
0.4136344790458679,0.3972957730293274,-0.571044385433197
0.6556822061538696,0.38723647594451904,-0.5851114392280579
0.41097700595855713,0.38759708404541016,-0.6462999582290649
0.6522530317306519,0.3849617540836334,-0.5763922929763794
0.4164995551109314,0.3839047849178314,-0.6430171728134155
0.6477596759796143,0.38754838705062866,-0.5243796706199646
0.4197676479816437,0.3869258463382721,-0.5812765955924988
0.5706221461296082,0.5212888121604919,0.0026909341104328632
0.48650893568992615,0.5177649259567261,-0.002838210202753544
0.5835301876068115,0.6104047894477844,0.03881581500172615
0.4699329733848572,0.6076186895370483,-0.03122393600642681
0.5942970514297485,0.6881823539733887,0.29140907526016235
0.45711225271224976,0.6882817149162292,0.19958718121051788
0.5869519710540771,0.698387622833252,0.30638426542282104
0.4645824432373047,0.696054220199585,0.21244646608829498
0.621406078338623,0.7162548303604126,0.1206357404589653
0.4403038024902344,0.7159333229064941,0.019216813147068024
-
0.5293802618980408,0.34591183066368103,-0.32502642273902893
0.5399117469787598,0.3400783836841583,-0.2977646589279175
0.5462772250175476,0.3404385447502136,-0.29782283306121826
0.551690936088562,0.34085968136787415,-0.29782751202583313
0.5209832787513733,0.3400905430316925,-0.29345715045928955
0.5148121118545532,0.3404114544391632,-0.29345232248306274
0.5107131600379944,0.3408118486404419,-0.2934170961380005
0.5597624182701111,0.3473277688026428,-0.12924079596996307
0.5064845681190491,0.34759411215782166,-0.11306915432214737
0.5412482619285583,0.3565899133682251,-0.26392316818237305
0.5184507369995117,0.35668694972991943,-0.2593177855014801
0.6043586134910583,0.3999060094356537,-0.03104381076991558
0.47053685784339905,0.3967929184436798,-0.02397863008081913
0.6551378965377808,0.44293227791786194,-0.22921708226203918
0.4225531816482544,0.44223275780677795,-0.21570028364658356
0.6515148878097534,0.39029064774513245,-0.526187539100647
0.4104499816894531,0.39200085401535034,-0.5947185754776001
0.6556557416915894,0.3790533244609833,-0.5999212861061096
0.40985772013664246,0.3802022635936737,-0.6691934466362
0.6515047550201416,0.37720876932144165,-0.584923267364502
0.4159601926803589,0.37675589323043823,-0.6650704145431519
0.6468093991279602,0.3801918625831604,-0.5290846228599548
0.41904783248901367,0.379977822303772,-0.6042112112045288
0.5706234574317932,0.5209092497825623,0.0026953357737511396
0.4866536855697632,0.5177276730537415,-0.002842285903170705
0.5835230350494385,0.6104017496109009,0.04323821887373924
0.4699493944644928,0.6075758934020996,-0.02889462374150753
0.594291627407074,0.6880955100059509,0.3029751181602478
0.4570188820362091,0.6883639097213745,0.20181511342525482
0.5869655609130859,0.6983460187911987,0.31803077459335327
0.46440598368644714,0.6961455941200256,0.21461895108222961
0.6214851140975952,0.7162734270095825,0.13168025016784668
0.4405762553215027,0.7159110903739929,0.020976202562451363
-
0.5287423729896545,0.3459629416465759,-0.33884185552597046
0.5393807888031006,0.3400788903236389,-0.309061735868454
0.5457082390785217,0.3404369056224823,-0.30909010767936707
0.5511909127235413,0.34085381031036377,-0.3091660737991333
0.5207230448722839,0.34009048342704773,-0.3052462339401245
0.5145865678787231,0.34041136503219604,-0.30523818731307983
0.5104617476463318,0.34081411361694336,-0.3051646053791046
0.559535562992096,0.34724360704421997,-0.1371009349822998
0.5062567591667175,0.3476088345050812,-0.1240418329834938
0.5406976342201233,0.3566383421421051,-0.2770630419254303
0.5183537602424622,0.3566892445087433,-0.27361828088760376
0.60284423828125,0.39889413118362427,-0.03878353163599968
0.47002753615379333,0.39636775851249695,-0.025941427797079086
0.6669711470603943,0.43650683760643005,-0.24922044575214386
0.41412997245788574,0.4359501898288727,-0.22425271570682526
0.6562493443489075,0.38108643889427185,-0.5358310341835022
0.4078212380409241,0.3841021955013275,-0.5833287835121155
0.6562921404838562,0.3693963885307312,-0.6079552173614502
0.4089362621307373,0.37035709619522095,-0.6555635929107666
0.6514005064964294,0.3673784136772156,-0.5946125388145447
0.41569286584854126,0.36813777685165405,-0.6452021598815918
0.6470203995704651,0.37080681324005127,-0.5435553193092346
0.4182891547679901,0.3723621964454651,-0.5895835161209106
0.5707101821899414,0.5208753347396851,0.0041226292960345745
0.48666927218437195,0.517777681350708,-0.0043128617107868195
0.5835179090499878,0.6105204820632935,0.04378547891974449
0.4699500501155853,0.6076894998550415,-0.013341992162168026
0.5942906737327576,0.6881228089332581,0.3221297264099121
0.4569714069366455,0.6885374188423157,0.23476888239383698
0.5869962573051453,0.6984449625015259,0.3403850197792053
0.46439993381500244,0.6961698532104492,0.24965201318264008
0.6226750016212463,0.7162714004516602,0.15826374292373657
0.44069451093673706,0.716145932674408,0.0540945790708065
-
0.5273581743240356,0.34689730405807495,-0.36336690187454224
0.5374718904495239,0.3404689431190491,-0.3334504961967468
0.543702244758606,0.3407163918018341,-0.3334589898586273
0.5493357181549072,0.34108585119247437,-0.33353951573371887
0.5198366641998291,0.34067630767822266,-0.32665640115737915
0.5139985084533691,0.34093695878982544,-0.32665061950683594
0.5099480152130127,0.3412836492061615,-0.32659175992012024
0.5576207041740417,0.3471798300743103,-0.16114875674247742
0.5059072375297546,0.3476470112800598,-0.13294179737567902
0.5394072532653809,0.35701051354408264,-0.3013542890548706
0.5180050134658813,0.3569422662258148,-0.29401013255119324
0.6021648645401001,0.3977668285369873,-0.06374191492795944
0.4691890776157379,0.3958917260169983,-0.026789754629135132
0.676374077796936,0.430166095495224,-0.2743958830833435
0.40514707565307617,0.4263134002685547,-0.2284012883901596
0.6610588431358337,0.37120717763900757,-0.5387259721755981
0.40721362829208374,0.3712586760520935,-0.5692847967147827
0.6580710411071777,0.35793834924697876,-0.612118124961853
0.40898576378822327,0.356914758682251,-0.6415480971336365
0.6519604325294495,0.35540926456451416,-0.5960374474525452
0.4158836007118225,0.35525262355804443,-0.6222502589225769
0.6486502289772034,0.36013033986091614,-0.5498148798942566
0.4182743430137634,0.3609009385108948,-0.5724674463272095
0.570841372013092,0.5207656621932983,0.004342321306467056
0.486584335565567,0.5177837610244751,-0.004552500322461128
0.5835123062133789,0.6106829643249512,0.046602778136730194
0.46996214985847473,0.6078783869743347,0.0012428908376023173
0.594276487827301,0.688423216342926,0.3315926492214203
0.45697715878486633,0.6887721419334412,0.26505011320114136
0.5869559645652771,0.6987946629524231,0.3510531187057495
0.4644351899623871,0.6963009238243103,0.28113895654678345
0.622735321521759,0.7162798643112183,0.16287648677825928
0.44097989797592163,0.7163732051849365,0.07947134226560593
-
0.5269705057144165,0.34842079877853394,-0.372152715921402
0.5369873642921448,0.3415374755859375,-0.3415151834487915
0.5432739853858948,0.34173744916915894,-0.34151163697242737
0.5488840937614441,0.3420996069908142,-0.34158676862716675
0.5194778442382812,0.3416880667209625,-0.33545419573783875
0.5137035846710205,0.34186264872550964,-0.3354579210281372
0.5095663666725159,0.34207767248153687,-0.33542078733444214
0.5568065047264099,0.34734565019607544,-0.16823044419288635
0.5055986046791077,0.34765323996543884,-0.14100953936576843
0.5388690829277039,0.3582269251346588,-0.30972734093666077
0.5175495743751526,0.3580455183982849,-0.3029102087020874
0.6016654372215271,0.39719149470329285,-0.06974765658378601
0.4666251838207245,0.3957219421863556,-0.039378225803375244
0.6817683577537537,0.42240506410598755,-0.2674681842327118
0.3916250765323639,0.4161319136619568,-0.22833125293254852
0.6623591780662537,0.36487752199172974,-0.5151172876358032
0.40740421414375305,0.3584718108177185,-0.522960901260376
0.6593859195709229,0.34911173582077026,-0.5750017166137695
0.409967303276062,0.34478825330734253,-0.5934557914733887
0.6528075933456421,0.3476942181587219,-0.5553654432296753
0.41749781370162964,0.3439007103443146,-0.5697225332260132
0.6498333215713501,0.35339704155921936,-0.5159571170806885
0.4188978970050812,0.3490247130393982,-0.5244659185409546
0.5712301135063171,0.5207346081733704,0.004760307725518942
0.4864162504673004,0.5178214907646179,-0.0049751922488212585
0.5835072994232178,0.6107270121574402,0.04808996617794037
0.4699634909629822,0.6080939173698425,0.007797681726515293
0.5942708849906921,0.6885746717453003,0.3350038230419159
0.45698097348213196,0.6889625191688538,0.26547151803970337
0.5869108438491821,0.6989365816116333,0.35390374064445496
0.464478462934494,0.6964377164840698,0.2803221046924591
0.6227262020111084,0.7163008451461792,0.16262874007225037
0.4409843981266022,0.7165018916130066,0.0771573930978775
-
0.5272126793861389,0.3483662009239197,-0.37486767768859863
0.5370144844055176,0.3413010835647583,-0.34121593832969666
0.5432858467102051,0.3415077328681946,-0.34121274948120117
0.5488213300704956,0.34185558557510376,-0.341283917427063
0.5195367932319641,0.3413853943347931,-0.33726710081100464
0.5137596726417542,0.34156423807144165,-0.33728286623954773
0.5095629096031189,0.3418135941028595,-0.33725705742836
0.5564019680023193,0.3470373749732971,-0.1657557636499405
0.5054362416267395,0.34741735458374023,-0.14274096488952637
0.5388906598091125,0.35831087827682495,-0.310291588306427
0.5176748633384705,0.358119934797287,-0.30620452761650085
0.6014252305030823,0.39652594923973083,-0.0649774894118309
0.4646793007850647,0.39549520611763,-0.04966755583882332
0.6907237768173218,0.4099537432193756,-0.22071096301078796
0.38269856572151184,0.407172292470932,-0.21815946698188782
0.663334846496582,0.3540019392967224,-0.4287654757499695
0.4071667492389679,0.3487432599067688,-0.4720662832260132
0.6594358682632446,0.33894020318984985,-0.48490282893180847
0.4098404347896576,0.3354524075984955,-0.5438645482063293
0.6526353359222412,0.33772656321525574,-0.46766212582588196
0.41740748286247253,0.3348228335380554,-0.5213070511817932
0.6498129963874817,0.34263983368873596,-0.4290686249732971
0.41877245903015137,0.33926695585250854,-0.4741077721118927
0.5719653964042664,0.520780622959137,0.007539965678006411
0.4863907992839813,0.5180923342704773,-0.007735331077128649
0.5835028886795044,0.6110371351242065,0.0478651262819767
0.46996304392814636,0.6086851358413696,0.011986656114459038
0.5943037867546082,0.6885792016983032,0.34653371572494507
0.45699310302734375,0.6889933943748474,0.28894734382629395
0.5869051218032837,0.6989332437515259,0.3662709593772888
0.4644789695739746,0.6964396238327026,0.30531319975852966
0.6227373480796814,0.7164300680160522,0.1675475686788559
0.4409918487071991,0.7165533304214478,0.09817034751176834
-
0.5272341966629028,0.3483465313911438,-0.3721367418766022
0.536773681640625,0.3412171006202698,-0.3374849855899811
0.5430232286453247,0.34141701459884644,-0.3374549150466919
0.5485774874687195,0.3417435586452484,-0.33754289150238037
0.5193607807159424,0.3413670063018799,-0.3357219398021698
0.5135799050331116,0.3415549397468567,-0.335758239030838
0.5092716813087463,0.34180721640586853,-0.3357436954975128
0.5560545921325684,0.34704044461250305,-0.15013816952705383
0.504848062992096,0.3474271595478058,-0.13649429380893707
0.5389182567596436,0.3583006262779236,-0.3092119097709656
0.517684280872345,0.35811030864715576,-0.30406084656715393
0.6010914444923401,0.39531269669532776,-0.050865571945905685
0.4638504981994629,0.3951472342014313,-0.04859992116689682
0.6941258907318115,0.39593246579170227,-0.18718890845775604
0.3795602023601532,0.39592546224594116,-0.1775144636631012
0.6653044819831848,0.34308743476867676,-0.3662354648113251
0.4058511555194855,0.3396933972835541,-0.3831552267074585
0.6594306230545044,0.3280585706233978,-0.42198997735977173
0.4097515940666199,0.32653266191482544,-0.4529460072517395
0.6525541543960571,0.325906366109848,-0.4053289592266083
0.41725853085517883,0.3252101540565491,-0.4344521760940552
0.6503034234046936,0.3312462568283081,-0.36716902256011963
0.4181198477745056,0.33052659034729004,-0.38669896125793457
0.5723748803138733,0.5207728147506714,0.007626899518072605
0.4864030182361603,0.5181993246078491,-0.007798607461154461
0.5834994912147522,0.61103755235672,0.04273158684372902
0.4698643982410431,0.608788013458252,0.014556855894625187
0.5944351553916931,0.6885184049606323,0.34349820017814636
0.45712560415267944,0.6889520287513733,0.290208637714386
0.5870136022567749,0.6987909078598022,0.3625424802303314
0.46484285593032837,0.6964282393455505,0.3056612014770508
0.6226999163627625,0.716436505317688,0.1617155522108078
0.4403572380542755,0.7163974046707153,0.09526697546243668
-
0.5270176529884338,0.34807321429252625,-0.3710653483867645
0.5356560349464417,0.34101319313049316,-0.3372558057308197
0.5414493680000305,0.3411058187484741,-0.33723849058151245
0.5471189022064209,0.3412998914718628,-0.33731064200401306
0.5187193751335144,0.3413504660129547,-0.33561065793037415
0.5129798054695129,0.34156084060668945,-0.3356572389602661
0.508668839931488,0.34187453985214233,-0.3356589078903198
0.5543071031570435,0.34681540727615356,-0.14658409357070923
0.5038945078849792,0.3474566340446472,-0.12679465115070343
0.5388043522834778,0.35789725184440613,-0.3074747622013092
0.517690896987915,0.3579828143119812,-0.30290350317955017
0.6009312272071838,0.3936663568019867,-0.047015342861413956
0.4638553261756897,0.3945813775062561,-0.03681240603327751
0.6966893672943115,0.38338205218315125,-0.18233968317508698
0.38161927461624146,0.38473644852638245,-0.12598322331905365
0.6651856303215027,0.33128708600997925,-0.35235223174095154
0.40485814213752747,0.330711305141449,-0.29068243503570557
0.6601950526237488,0.31596696376800537,-0.4090694487094879
0.4077870547771454,0.31670090556144714,-0.3570500612258911
0.6526818871498108,0.31518781185150146,-0.39238446950912476
0.415547251701355,0.3159494400024414,-0.34255391359329224
0.650575578212738,0.32040873169898987,-0.3539435565471649
0.4166821837425232,0.3206186890602112,-0.29585781693458557
0.5723760724067688,0.5205296277999878,0.0068661426194012165
0.48643356561660767,0.5181770324707031,-0.006974866613745689
0.5834216475486755,0.610907793045044,0.03521326556801796
0.46990564465522766,0.6087769269943237,0.016626525670289993
0.5945340991020203,0.6886090040206909,0.3418923616409302
0.45746561884880066,0.6888620853424072,0.2967923879623413
0.5871157050132751,0.6989591717720032,0.360368549823761
0.46514713764190674,0.6963306069374084,0.31212037801742554
0.6225700974464417,0.7164530158042908,0.14825139939785004
0.44077229499816895,0.7164613604545593,0.09493809938430786
-
0.5270386338233948,0.347785621881485,-0.36345478892326355
0.535573422908783,0.3410075604915619,-0.3239581882953644
0.5412293076515198,0.3410874009132385,-0.3239368200302124
0.5468268990516663,0.3412833511829376,-0.3240123689174652
0.518729567527771,0.3413476347923279,-0.32192739844322205
0.5130158066749573,0.341594934463501,-0.32195234298706055
0.5086508393287659,0.34192124009132385,-0.32194212079048157
0.5534324645996094,0.34682977199554443,-0.13252346217632294
0.5037497878074646,0.34745344519615173,-0.11577590554952621
0.5388170480728149,0.35750508308410645,-0.297347754240036
0.5179031491279602,0.35764026641845703,-0.29315969347953796
0.6003326177597046,0.3930375874042511,-0.036121025681495667
0.4639531075954437,0.393305242061615,-0.03303469717502594
0.6947599053382874,0.37405160069465637,-0.14750953018665314
0.3814450204372406,0.3757691979408264,-0.10189565271139145
0.6648510694503784,0.322214275598526,-0.29232290387153625
0.4029465615749359,0.3220394551753998,-0.21078866720199585
0.6601610779762268,0.30518049001693726,-0.3467160165309906
0.40661972761154175,0.30514734983444214,-0.27242040634155273
0.6523038148880005,0.30459874868392944,-0.33310285210609436
0.41510912775993347,0.3051373362541199,-0.25635337829589844
0.6505529284477234,0.3093383312225342,-0.2957341969013214
0.4163801968097687,0.3093375563621521,-0.21462035179138184
0.5723574161529541,0.520339846611023,0.006386819761246443
0.48659056425094604,0.5180944204330444,-0.006444442085921764
0.5833223462104797,0.6108730435371399,0.03081766702234745
0.46991539001464844,0.6086280941963196,0.014408128336071968
0.5943564772605896,0.6894310712814331,0.32977160811424255
0.45771849155426025,0.6887425184249878,0.29074394702911377
0.586919903755188,0.6997531652450562,0.34733718633651733
0.4654689431190491,0.6962531805038452,0.3058546185493469
0.6220008134841919,0.7165510654449463,0.1305801421403885
0.44106143712997437,0.7164598703384399,0.09066988527774811
-
0.5265840888023376,0.3475854992866516,-0.3284631669521332
0.5346549153327942,0.34099626541137695,-0.2884483337402344
0.5403077006340027,0.34108132123947144,-0.28842025995254517
0.5460811257362366,0.3412661552429199,-0.28849297761917114
0.5183380842208862,0.3413431942462921,-0.2838311791419983
0.5128723382949829,0.34160375595092773,-0.28384366631507874
0.5084031224250793,0.3419329524040222,-0.28380391001701355
0.553229570388794,0.34679850935935974,-0.10522553324699402
0.503635823726654,0.3474578559398651,-0.08010473102331161
0.5385952591896057,0.3572098910808563,-0.2651274800300598
0.5178802609443665,0.35734644532203674,-0.25837013125419617
0.6003352403640747,0.3919985592365265,-0.021038176491856575
0.46427422761917114,0.3921967148780823,-0.004335440695285797
0.6916887760162354,0.36370304226875305,-0.11008365452289581
0.38294920325279236,0.3676786422729492,-0.06457560509443283
0.6639048457145691,0.30766382813453674,-0.21303723752498627
0.40238985419273376,0.31158751249313354,-0.16308778524398804
0.6599427461624146,0.29243209958076477,-0.2615090608596802
0.4053880572319031,0.29597240686416626,-0.22565215826034546
0.6513529419898987,0.2909737825393677,-0.25370553135871887
0.41416677832603455,0.2958286702632904,-0.20681315660476685
0.6498401165008545,0.2960001230239868,-0.21814796328544617
0.4157283902168274,0.29954737424850464,-0.16751889884471893
0.5722476243972778,0.520122230052948,0.003611538093537092
0.48666635155677795,0.5178841352462769,-0.00362662342377007
0.5832977890968323,0.6108642816543579,0.03278573974967003
0.4699476957321167,0.6083385348320007,0.016627134755253792
0.5942304134368896,0.6894538998603821,0.3202931582927704
0.4577215909957886,0.6887397170066833,0.2837628424167633
0.5865350365638733,0.6997308135032654,0.33661186695098877
0.4654942750930786,0.6963311433792114,0.29820600152015686
0.6210728287696838,0.7166036367416382,0.12488400191068649
0.4404773712158203,0.7164591550827026,0.08669199794530869
-
0.5265944600105286,0.34736350178718567,-0.31039175391197205
0.5345707535743713,0.3409372568130493,-0.26883554458618164
0.5402483344078064,0.3410077393054962,-0.2688048779964447
0.5459997057914734,0.34115681052207947,-0.2688826024532318
0.5183475017547607,0.3413088321685791,-0.2673650085926056
0.5128787159919739,0.34157317876815796,-0.26738449931144714
0.5083995461463928,0.34190553426742554,-0.26733770966529846
0.5531361699104309,0.34649813175201416,-0.08247113972902298
0.5036316514015198,0.3472813069820404,-0.07242321223020554
0.5386058688163757,0.3569636642932892,-0.2459528148174286
0.518023669719696,0.3570129871368408,-0.24353253841400146
0.5998033285140991,0.3901739716529846,-0.0006757856463082135
0.46556714177131653,0.39077645540237427,-0.008959214203059673
0.689185619354248,0.3559432625770569,-0.057144567370414734
0.3856681287288666,0.3583046793937683,-0.07925879955291748
0.6637214422225952,0.2977283298969269,-0.129758819937706
0.402452290058136,0.2995303273200989,-0.1788254827260971
0.6601206660270691,0.2842542827129364,-0.17405876517295837
0.404363751411438,0.28450971841812134,-0.2429470717906952
0.6512815952301025,0.2826656699180603,-0.1722564846277237
0.41363638639450073,0.28430411219596863,-0.23082487285137177
0.6497931480407715,0.28747934103012085,-0.1370178908109665
0.4155236482620239,0.28879314661026,-0.1863742619752884
0.5721942186355591,0.5197581052780151,0.004007469397038221
0.48675093054771423,0.5174216628074646,-0.0040029967203736305
0.5829092264175415,0.6108028888702393,0.03899530693888664
0.46994829177856445,0.6083451509475708,0.016833649948239326
0.5946202874183655,0.6893946528434753,0.3197951912879944
0.45769041776657104,0.6888409852981567,0.27990999817848206
0.5867275595664978,0.6997125148773193,0.33518949151039124
0.46548429131507874,0.6969746947288513,0.29389065504074097
0.6214926838874817,0.716598391532898,0.12398222088813782
0.4404498338699341,0.7167106866836548,0.08505704998970032
-
0.5257779359817505,0.3471483588218689,-0.3714291751384735
0.5337721109390259,0.34083473682403564,-0.32928895950317383
0.5397666096687317,0.34089869260787964,-0.3292042315006256
0.5455697178840637,0.34102028608322144,-0.329243928194046
0.5176341533660889,0.34123489260673523,-0.3266041576862335
0.5124446153640747,0.34152430295944214,-0.3266444504261017
0.5079231858253479,0.34187793731689453,-0.3265952467918396
0.5531819462776184,0.34634071588516235,-0.1432071328163147
0.503393828868866,0.3472844362258911,-0.12757115066051483
0.5380855202674866,0.35649538040161133,-0.30753204226493835
0.5171493887901306,0.3566119968891144,-0.30349767208099365
0.599661111831665,0.3893154561519623,-0.06491238623857498
0.46710336208343506,0.38992491364479065,-0.08447472006082535
0.6870840191841125,0.3487706780433655,-0.12165268510580063
0.38669589161872864,0.35346299409866333,-0.14942452311515808
0.6635860204696655,0.28701505064964294,-0.2017522156238556
0.401803195476532,0.28951913118362427,-0.27837538719177246
0.6601817011833191,0.27393877506256104,-0.24575084447860718
0.3997061550617218,0.27500566840171814,-0.3462845981121063
0.6502448916435242,0.2721598744392395,-0.24917356669902802
0.41157257556915283,0.2743934690952301,-0.334989994764328
0.6484108567237854,0.2767234742641449,-0.2110467553138733
0.4150038957595825,0.27831846475601196,-0.28640881180763245
0.5720383524894714,0.5196422338485718,0.0062940167263150215
0.48676231503486633,0.5173169374465942,-0.006355332210659981
0.5834131240844727,0.6105992794036865,0.08132365345954895
0.4699428081512451,0.6087686419487,0.036785390228033066
0.5953380465507507,0.6891586184501648,0.3895002007484436
0.45760342478752136,0.6888387203216553,0.32237130403518677
0.5867710709571838,0.6996215581893921,0.40794646739959717
0.4652782380580902,0.6971150636672974,0.3385222256183624
0.6214830279350281,0.716623067855835,0.19616016745567322
0.4397837817668915,0.716908872127533,0.1254902184009552
-
0.525801420211792,0.3471331000328064,-0.43233197927474976
0.5338351130485535,0.3408324122428894,-0.39041638374328613
0.5398277640342712,0.34089457988739014,-0.3903140723705292
0.5455953478813171,0.34101638197898865,-0.3903329074382782
0.5177184343338013,0.34123384952545166,-0.3913792073726654
0.5124678611755371,0.3415244519710541,-0.3914276957511902
0.507896900177002,0.34187573194503784,-0.3913882076740265
0.5532355308532715,0.34627747535705566,-0.20063044130802155
0.5028918385505676,0.34715360403060913,-0.20348642766475677
0.5380271673202515,0.35620394349098206,-0.36631813645362854
0.5171201229095459,0.35643547773361206,-0.3675976097583771
0.5986581444740295,0.38768717646598816,-0.12013305723667145
0.4671701192855835,0.3886467516422272,-0.16427810490131378
0.6771872043609619,0.34188854694366455,-0.1265624463558197
0.39008820056915283,0.34870702028274536,-0.2652038633823395
0.6631065607070923,0.2807125449180603,-0.2419755756855011
0.3999837636947632,0.28460443019866943,-0.32657161355018616
0.6602139472961426,0.26810333132743835,-0.2847879230976105
0.3958037197589874,0.269497811794281,-0.3952045142650604
0.649352490901947,0.26534026861190796,-0.2938358187675476
0.4105680286884308,0.2689498960971832,-0.3860012888908386
0.6466249823570251,0.27015143632888794,-0.25387558341026306
0.4147670269012451,0.27273431420326233,-0.337329238653183
0.5714061260223389,0.5196073055267334,0.011928225867450237
0.4867256283760071,0.5173215866088867,-0.012105791829526424
0.5833750367164612,0.6106134653091431,0.1047874167561531
0.47036975622177124,0.6084166169166565,0.040006913244724274
0.5960234999656677,0.6890732049942017,0.4316886365413666
0.4569031298160553,0.6879869699478149,0.33838149905204773
0.5869974493980408,0.6992133259773254,0.45200660824775696
0.46381086111068726,0.6964471340179443,0.3563762307167053
0.6204732060432434,0.7166210412979126,0.2420283854007721
0.4397941529750824,0.7171745896339417,0.1440579742193222
-
0.5255757570266724,0.347251832485199,-0.5376225709915161
0.533875048160553,0.34085798263549805,-0.4991658627986908
0.5398702621459961,0.3409351706504822,-0.4990578591823578
0.5456210374832153,0.34107506275177,-0.499101847410202
0.5176490545272827,0.3412976562976837,-0.5012847185134888
0.5122916102409363,0.3416210114955902,-0.5013778805732727
0.5073526501655579,0.3419809937477112,-0.5013508200645447
0.5532784461975098,0.34628042578697205,-0.31109753251075745
0.5025909543037415,0.34714940190315247,-0.3211137652397156
0.5377624034881592,0.3562774658203125,-0.4700641334056854
0.5166258215904236,0.35668161511421204,-0.4734204113483429
0.5975977778434753,0.386759489774704,-0.22938276827335358
0.46799802780151367,0.38809439539909363,-0.2816019058227539
0.6680294275283813,0.33575230836868286,-0.28764164447784424
0.40055006742477417,0.3415399193763733,-0.4175577461719513
0.6630219221115112,0.27264657616615295,-0.37257522344589233
0.39865735173225403,0.27818354964256287,-0.5461015701293945
0.6626871228218079,0.25998038053512573,-0.41718602180480957
0.3943724036216736,0.2631785571575165,-0.6167736649513245
0.6493168473243713,0.2569025754928589,-0.43972697854042053
0.40998348593711853,0.2618325352668762,-0.608616828918457
0.6459980607032776,0.2619294226169586,-0.3908873200416565
0.4143301248550415,0.26531022787094116,-0.555462658405304
0.5713953375816345,0.5193362236022949,0.017695195972919464
0.4867561459541321,0.5172134637832642,-0.017985902726650238
0.5833873152732849,0.6106443405151367,0.10193586349487305
0.4707438051700592,0.6078833341598511,0.038297154009342194
0.5964586734771729,0.6890660524368286,0.4137304127216339
0.4568929374217987,0.6875237226486206,0.3273828625679016
0.5869004726409912,0.6992721557617188,0.4324515759944916
0.46382278203964233,0.6963664889335632,0.3457815647125244
0.620482861995697,0.7168431282043457,0.22389598190784454
0.44178470969200134,0.7171854376792908,0.1334746778011322
-
0.5244325995445251,0.3480934798717499,-0.5892661213874817
0.5331093072891235,0.3412042558193207,-0.5537539720535278
0.5391561985015869,0.34126847982406616,-0.5536373257637024
0.5450699329376221,0.34142500162124634,-0.5536941885948181
0.5161947011947632,0.3418443500995636,-0.5544950366020203
0.5105454921722412,0.3423578143119812,-0.5546240210533142
0.5053194761276245,0.3429490327835083,-0.5546080470085144
0.5532073378562927,0.34676164388656616,-0.3691239655017853
0.5015414357185364,0.34819191694259644,-0.375148743391037
0.5368781685829163,0.3569420278072357,-0.5217812657356262
0.5160941481590271,0.35777029395103455,-0.523906946182251
0.5963475704193115,0.386422723531723,-0.2888164222240448
0.47136104106903076,0.38712626695632935,-0.33602389693260193
0.6578289270401001,0.33208203315734863,-0.36700135469436646
0.4111347496509552,0.33788546919822693,-0.5094296336174011
0.6623100638389587,0.2679327726364136,-0.4536733031272888
0.3971248269081116,0.27150341868400574,-0.674920380115509
0.6626226305961609,0.25486546754837036,-0.5007277131080627
0.3913871645927429,0.2586880326271057,-0.7480212450027466
0.6486514806747437,0.25234150886535645,-0.5155829787254333
0.4079860746860504,0.2569381594657898,-0.7370458245277405
0.6449130177497864,0.2561279833316803,-0.46854329109191895
0.4127303659915924,0.259994775056839,-0.6836970448493958
0.5711010694503784,0.5193556547164917,0.023421287536621094
0.4872356057167053,0.5171993970870972,-0.023781802505254745
0.5837236642837524,0.610842227935791,0.11869272589683533
0.4707801043987274,0.6073007583618164,-0.014733384363353252
0.5959659218788147,0.6879879236221313,0.4664662778377533
0.45701801776885986,0.6869874596595764,0.31474047899246216
0.5843773484230042,0.6981209516525269,0.4897577166557312
0.46383365988731384,0.695541262626648,0.33260905742645264
0.62043297290802,0.716822624206543,0.29238489270210266
0.44438615441322327,0.7173606753349304,0.12133713066577911
-
0.5244690179824829,0.34896814823150635,-0.6022863388061523
0.5329971313476562,0.34194034337997437,-0.5681413412094116
0.539000928401947,0.3419707715511322,-0.5680350065231323
0.5449053645133972,0.34210050106048584,-0.5681055188179016
0.5160887241363525,0.3427984118461609,-0.569533109664917
0.5104225873947144,0.3434407711029053,-0.569677472114563
0.5049878358840942,0.3441070020198822,-0.5696839094161987
0.5530754923820496,0.3473154604434967,-0.3848530650138855
0.5007936954498291,0.34911230206489563,-0.39372825622558594
0.5367998480796814,0.3574487566947937,-0.5341775417327881
0.5161392092704773,0.35849425196647644,-0.537068247795105
0.5951160192489624,0.38462403416633606,-0.3123184144496918
0.4738342761993408,0.38696742057800293,-0.3681401014328003
0.6463854312896729,0.32838189601898193,-0.4270041584968567
0.42341911792755127,0.33407750725746155,-0.587253749370575
0.6609316468238831,0.2600410580635071,-0.5317691564559937
0.39736273884773254,0.27027782797813416,-0.7824125289916992
0.6620158553123474,0.2469281256198883,-0.5820605158805847
0.3919292390346527,0.2556781470775604,-0.8565025329589844
0.6473255753517151,0.24441030621528625,-0.5915185213088989
0.40705329179763794,0.2535325288772583,-0.8471084833145142
0.6433058381080627,0.24809351563453674,-0.5452210903167725
0.41225090622901917,0.2573990225791931,-0.7923685908317566
0.5710324645042419,0.5194290280342102,0.02715160883963108
0.4878086447715759,0.5172511339187622,-0.02752678468823433
0.5837953686714172,0.6107172966003418,0.10269147157669067
0.47064560651779175,0.6071798801422119,-0.05157306045293808
0.5959584712982178,0.6856004595756531,0.43578457832336426
0.457181453704834,0.6863857507705688,0.2988761067390442
0.5841843485832214,0.6965816020965576,0.4584481418132782
0.4638805389404297,0.694438099861145,0.32508450746536255
0.6192508935928345,0.7166092991828918,0.26154351234436035
0.4485919177532196,0.7177208662033081,0.11034850776195526
-
0.5245057940483093,0.3492737412452698,-0.6593421697616577
0.5330306887626648,0.34225308895111084,-0.6287659406661987
0.5390345454216003,0.3423157334327698,-0.6286375522613525
0.5449240207672119,0.34244304895401,-0.6287397146224976
0.5160404443740845,0.34333986043930054,-0.6315770745277405
0.510345995426178,0.344169557094574,-0.6317124962806702
0.5048012137413025,0.3449532687664032,-0.631708562374115
0.5529455542564392,0.3473784923553467,-0.45634543895721436
0.499968945980072,0.3502340316772461,-0.4708532691001892
0.5368293523788452,0.357551634311676,-0.5941030383110046
0.5161522626876831,0.3587469160556793,-0.5984561443328857
0.5937084555625916,0.3835921883583069,-0.3916645348072052
0.4758104681968689,0.3870621919631958,-0.4518303871154785
0.6375457048416138,0.3242790102958679,-0.5038003921508789
0.4381093382835388,0.32905125617980957,-0.6324464082717896
0.6598947048187256,0.2521011531352997,-0.5950327515602112
0.4025859832763672,0.26369762420654297,-0.7529805302619934
0.6615061163902283,0.24156387150287628,-0.6478195190429688
0.3929775357246399,0.250389039516449,-0.8179025650024414
0.6463884711265564,0.23894166946411133,-0.6562815308570862
0.40810149908065796,0.24771323800086975,-0.8186635971069336
0.6422891020774841,0.24171915650367737,-0.6094131469726562
0.41395437717437744,0.25131773948669434,-0.7657862305641174
0.5720155239105225,0.5198708772659302,0.027632711455225945
0.4893515408039093,0.5175704956054688,-0.028031200170516968
0.584696888923645,0.61086106300354,0.12255886197090149
0.47100400924682617,0.6070669293403625,-0.028606407344341278
0.5959993004798889,0.6856732964515686,0.47676360607147217
0.45721322298049927,0.6862574815750122,0.3516819477081299
0.5837786197662354,0.6966451406478882,0.50151526927948
0.46397891640663147,0.6944559812545776,0.377299427986145
0.6195371747016907,0.7166099548339844,0.3118417263031006
0.4482245445251465,0.7176938056945801,0.17325817048549652
-
0.5245267748832703,0.34980085492134094,-0.6609361171722412
0.533051073551178,0.34294238686561584,-0.6309673190116882
0.539057195186615,0.34286174178123474,-0.6308520436286926
0.5449160933494568,0.342901349067688,-0.6309497356414795
0.5160590410232544,0.3441618084907532,-0.6361753344535828
0.5103595852851868,0.3448803126811981,-0.6363100409507751
0.5048263669013977,0.3455736041069031,-0.6363093852996826
0.552824854850769,0.34792476892471313,-0.4570207893848419
0.49973970651626587,0.3508106470108032,-0.4834824502468109
0.5368176102638245,0.3577653467655182,-0.5943294763565063
0.5161780714988708,0.35881245136260986,-0.6020259857177734
0.5910502076148987,0.38332924246788025,-0.3782547116279602
0.47652897238731384,0.3868180215358734,-0.46657100319862366
0.6315718293190002,0.32718831300735474,-0.46866413950920105
0.4472925364971161,0.3259858787059784,-0.6209443211555481
0.658582329750061,0.25389760732650757,-0.5607187151908875
0.40659472346305847,0.2617869973182678,-0.7011107802391052
0.6606268286705017,0.24100074172019958,-0.6119951605796814
0.394369900226593,0.24944362044334412,-0.7605496644973755
0.6457821726799011,0.23814621567726135,-0.6207913160324097
0.40815290808677673,0.24576249718666077,-0.7628271579742432
0.6416127681732178,0.24079664051532745,-0.5750184655189514
0.4143272936344147,0.2494906485080719,-0.7126731276512146
0.5720313787460327,0.5208404660224915,0.03723003342747688
0.4894193410873413,0.5180267691612244,-0.03764680400490761
0.5846899747848511,0.6108510494232178,0.1666686236858368
0.47105395793914795,0.6064764261245728,-0.0329720638692379
0.5964234471321106,0.6857001185417175,0.5097414255142212
0.45619311928749084,0.6848434805870056,0.31950563192367554
0.5838032364845276,0.6981831192970276,0.5341224074363708
0.4632715582847595,0.6934047341346741,0.34944817423820496
0.6239227056503296,0.7161592841148376,0.35957905650138855
0.4471474885940552,0.7175532579421997,0.16997626423835754
-
0.525172770023346,0.3499191701412201,-0.6297292709350586
0.5331822037696838,0.34310072660446167,-0.6009882688522339
0.5391266345977783,0.34295734763145447,-0.6008524894714355
0.5449386835098267,0.34295713901519775,-0.6009275317192078
0.5163900852203369,0.3445058763027191,-0.6083816289901733
0.5107001662254333,0.3452555537223816,-0.608503520488739
0.5051931142807007,0.3460082411766052,-0.6085021495819092
0.5526480674743652,0.3480309844017029,-0.43229275941848755
0.4997597634792328,0.35112911462783813,-0.46943199634552
0.5371636748313904,0.35776466131210327,-0.5646952986717224
0.5165987014770508,0.3587998151779175,-0.5753256678581238
0.5904161930084229,0.3825056850910187,-0.3545079231262207
0.478438138961792,0.3856393098831177,-0.4623650908470154
0.6289293766021729,0.3246394991874695,-0.4316321909427643
0.4499143958091736,0.32413893938064575,-0.6310560703277588
0.654589056968689,0.2494601011276245,-0.5175611972808838
0.4089501202106476,0.259938508272171,-0.7081644535064697
0.6559439301490784,0.23717398941516876,-0.5656172633171082
0.3948105275630951,0.24933993816375732,-0.7622588276863098
0.6414112448692322,0.23424077033996582,-0.5709708333015442
0.40823718905448914,0.24625930190086365,-0.7635987997055054
0.6375104188919067,0.23699510097503662,-0.5302753448486328
0.4146123230457306,0.24970388412475586,-0.7182503342628479
0.5720993280410767,0.5209652185440063,0.04093823581933975
0.4894733726978302,0.5181039571762085,-0.0413719117641449
0.5851249098777771,0.610652506351471,0.1726275533437729
0.4712546765804291,0.6058021187782288,-0.02511155791580677
0.5966917276382446,0.6850109100341797,0.5005795955657959
0.4556746482849121,0.6846408247947693,0.3089318871498108
0.5838285088539124,0.6981834173202515,0.5240488052368164
0.4629620909690857,0.6934599876403809,0.3377755582332611
0.6238439679145813,0.7153887152671814,0.3569452166557312
0.44703665375709534,0.7173375487327576,0.1496809870004654
-
0.5256446599960327,0.3499809205532074,-0.6490706205368042
0.5333175659179688,0.3435550332069397,-0.619469940662384
0.5391695499420166,0.3434208631515503,-0.6193174719810486
0.544946014881134,0.34341222047805786,-0.6193929314613342
0.5168040990829468,0.34504324197769165,-0.6271822452545166
0.5111539959907532,0.34582599997520447,-0.6273069381713867
0.5057032108306885,0.3466261029243469,-0.6272925734519958
0.5524373054504395,0.3485787808895111,-0.44705769419670105
0.4997846484184265,0.3517979681491852,-0.48619523644447327
0.5373440384864807,0.35774391889572144,-0.5831171870231628
0.5168387293815613,0.35878846049308777,-0.5943838953971863
0.5902012586593628,0.3829377293586731,-0.3620154559612274
0.4787425994873047,0.38573628664016724,-0.48287129402160645
0.6270299553871155,0.32464683055877686,-0.4351000487804413
0.45056456327438354,0.3221420645713806,-0.6479424238204956
0.6542931795120239,0.2507985532283783,-0.5214279890060425
0.4090234637260437,0.25904321670532227,-0.7142018675804138
0.6559357047080994,0.23841066658496857,-0.5694005489349365
0.39487144351005554,0.24928665161132812,-0.7673851251602173
0.6409040093421936,0.23483240604400635,-0.575202465057373
0.40826746821403503,0.2464875727891922,-0.769748866558075
0.6365087032318115,0.23765695095062256,-0.5348199009895325
0.414625346660614,0.2495741844177246,-0.7245165705680847
0.5724963545799255,0.5216382741928101,0.04699663072824478
0.4900077283382416,0.5184335708618164,-0.04743869975209236
0.5853696465492249,0.6106519103050232,0.21832315623760223
0.471971720457077,0.6055579781532288,-0.027938667684793472
0.5974997878074646,0.6849241256713867,0.5561608672142029
0.4548876881599426,0.6843252778053284,0.2783145010471344
0.5836617946624756,0.6985878944396973,0.5807037353515625
0.4621889293193817,0.6934972405433655,0.30098310112953186
0.6286890506744385,0.7154182195663452,0.4205159544944763
0.4454728066921234,0.7173775434494019,0.11092562973499298
-
0.5256596207618713,0.3503407835960388,-0.6687957048416138
0.533294141292572,0.3437778651714325,-0.6393375396728516
0.5391401648521423,0.34362679719924927,-0.6391921043395996
0.5449049472808838,0.34358903765678406,-0.6392828822135925
0.5168061852455139,0.3452783226966858,-0.6433588862419128
0.5111396908760071,0.3460295498371124,-0.6435079574584961
0.5056925415992737,0.34678179025650024,-0.64351487159729
0.5523372888565063,0.3486986756324768,-0.4676510691642761
0.4996245205402374,0.35180363059043884,-0.4878178834915161
0.5373513698577881,0.3579637110233307,-0.6030547022819519
0.51680588722229,0.3590219020843506,-0.6090352535247803
0.5902675986289978,0.3830314576625824,-0.3945470154285431
0.4790951907634735,0.38579729199409485,-0.47543153166770935
0.62665855884552,0.325128972530365,-0.49089398980140686
0.4495307505130768,0.32397598028182983,-0.645575225353241
0.6539588570594788,0.2506968379020691,-0.5704672336578369
0.4094763398170471,0.2597384750843048,-0.7329962253570557
0.6557563543319702,0.237822026014328,-0.6202471256256104
0.395119309425354,0.24990256130695343,-0.7913228273391724
0.6404781937599182,0.2352026253938675,-0.6265479922294617
0.40831875801086426,0.24702510237693787,-0.7925431132316589
0.6358705163002014,0.2384558916091919,-0.5836657881736755
0.4149308502674103,0.2502450942993164,-0.7442235946655273
0.5724962949752808,0.5224751234054565,0.043051961809396744
0.49000149965286255,0.5189202427864075,-0.043441176414489746
0.5854969620704651,0.6106911897659302,0.17667709290981293
0.4720160961151123,0.6055729985237122,-0.0242303479462862
0.5982754826545715,0.6841598749160767,0.5228285193443298
0.4541478157043457,0.6843480467796326,0.3045405149459839
0.5841856002807617,0.6984454393386841,0.5481783747673035
0.4616709053516388,0.6935667991638184,0.3290838599205017
0.6273043751716614,0.7152256369590759,0.37039685249328613
0.44543588161468506,0.7173886895179749,0.12874601781368256
-
0.5269733667373657,0.35007786750793457,-0.6769776344299316
0.5339918732643127,0.3436645567417145,-0.645334005355835
0.5396067500114441,0.3434935510158539,-0.6451759338378906
0.5451921820640564,0.3434421420097351,-0.6452561020851135
0.5176160335540771,0.3452489674091339,-0.6525971293449402
0.5117782950401306,0.34601518511772156,-0.6527514457702637
0.5061951279640198,0.3467439115047455,-0.6527588963508606
0.5522795915603638,0.3486585021018982,-0.4660647213459015
0.4996276795864105,0.35172542929649353,-0.5020250082015991
0.5380215048789978,0.35756129026412964,-0.6086133122444153
0.5174891352653503,0.3586392402648926,-0.6190824508666992
0.5903815627098083,0.3829118609428406,-0.3842739164829254
0.47890201210975647,0.38533613085746765,-0.4938500225543976
0.6293365955352783,0.32449352741241455,-0.47195887565612793
0.44634565711021423,0.32469600439071655,-0.6787542700767517
0.6540542244911194,0.2500215172767639,-0.5620386600494385
0.40939730405807495,0.2600261867046356,-0.7725165486335754
0.6563481688499451,0.23765261471271515,-0.6115675568580627
0.39531680941581726,0.2499886304140091,-0.8323535323143005
0.6406356692314148,0.23493225872516632,-0.6182305812835693
0.40846896171569824,0.24693016707897186,-0.8298648595809937
0.6360239386558533,0.23794536292552948,-0.5757871270179749
0.4150993227958679,0.2501988708972931,-0.7818936109542847
0.5725512504577637,0.5227092504501343,0.04249269887804985
0.49012747406959534,0.5191808938980103,-0.04290565103292465
0.5859207510948181,0.6108753085136414,0.17979106307029724
0.4719499945640564,0.6051578521728516,-0.02962125465273857
0.5983346700668335,0.6840049624443054,0.5461859107017517
0.45389655232429504,0.6842848658561707,0.30378031730651855
0.5841226577758789,0.6982241868972778,0.5730412602424622
0.461291640996933,0.6936764717102051,0.32766395807266235
0.6269179582595825,0.7153581976890564,0.395720511674881
0.4458407461643219,0.7172208428382874,0.12593458592891693
-
0.52728670835495,0.3500649333000183,-0.6994024515151978
0.5340985059738159,0.34365010261535645,-0.6680904626846313
0.5396502017974854,0.34348151087760925,-0.6679203510284424
0.5451997518539429,0.34343141317367554,-0.6680060625076294
0.5178130269050598,0.3452364504337311,-0.6739118695259094
0.5118998885154724,0.34600207209587097,-0.6740722060203552
0.5062850713729858,0.3467339873313904,-0.6740639805793762
0.5521705746650696,0.348652720451355,-0.48979800939559937
0.4996315836906433,0.3516770303249359,-0.5188894271850586
0.5381864905357361,0.3575599193572998,-0.6315019130706787
0.5178883671760559,0.35863885283470154,-0.6399393677711487
0.5904741287231445,0.38299888372421265,-0.4066077470779419
0.47886359691619873,0.3854258954524994,-0.5065098404884338
0.6314895153045654,0.3254268169403076,-0.5001224875450134
0.4441124498844147,0.3271019756793976,-0.682929515838623
0.6532037258148193,0.2503816485404968,-0.5873000025749207
0.4089639484882355,0.2616768479347229,-0.7752047181129456
0.6557111740112305,0.23792478442192078,-0.6384432315826416
0.3955064117908478,0.2508170008659363,-0.8354699611663818
0.6391919255256653,0.23528485000133514,-0.6434105038642883
0.4085381329059601,0.24781754612922668,-0.8326890468597412
0.6341491937637329,0.23853103816509247,-0.6002605557441711
0.4150903820991516,0.25141996145248413,-0.7844444513320923
0.5725966095924377,0.5227173566818237,0.04218543320894241
0.49047085642814636,0.5192424058914185,-0.04261428490281105
0.585602879524231,0.6109306812286377,0.1837255209684372
0.47184324264526367,0.6048060655593872,-0.03652995079755783
0.598443329334259,0.6837712526321411,0.5433218479156494
0.4539087116718292,0.6842985153198242,0.2838650941848755
0.5835575461387634,0.6982296109199524,0.5692850947380066
0.46142223477363586,0.693805456161499,0.3061949908733368
0.6267461776733398,0.7153626680374146,0.3917454481124878
0.4462147057056427,0.7172229290008545,0.09935836493968964
-
0.5272969007492065,0.3500528037548065,-0.6710923314094543
0.534084677696228,0.3436519503593445,-0.6393537521362305
0.5396014451980591,0.3434883654117584,-0.6391967535018921
0.5450720191001892,0.34344246983528137,-0.6392751336097717
0.5178806185722351,0.3452341556549072,-0.6432733535766602
0.511974573135376,0.3459959328174591,-0.6434149742126465
0.5063838362693787,0.3467329442501068,-0.6433981657028198
0.5519548058509827,0.3486640453338623,-0.46191102266311646
0.4996381402015686,0.3516729474067688,-0.4823400378227234
0.5381898880004883,0.3575596809387207,-0.6041383147239685
0.5180675387382507,0.35863831639289856,-0.6099788546562195
0.590616762638092,0.38289621472358704,-0.3804597556591034
0.4786072075366974,0.38543611764907837,-0.4655056893825531
0.6318135261535645,0.3264441192150116,-0.4723954498767853
0.43943899869918823,0.32872316241264343,-0.6311050057411194
0.6522719860076904,0.25234413146972656,-0.5643611550331116
0.407956600189209,0.26299864053726196,-0.7323146462440491
0.6551966071128845,0.24058786034584045,-0.6166699528694153
0.39558377861976624,0.25183671712875366,-0.7936921715736389
0.6384655833244324,0.23792651295661926,-0.6224710941314697
0.40891897678375244,0.24903805553913116,-0.790439248085022
0.63358473777771,0.24123015999794006,-0.5773053765296936
0.41530296206474304,0.2527911961078644,-0.7415604591369629
0.5729050040245056,0.5227047801017761,0.04130899906158447
0.4906715452671051,0.5192955136299133,-0.041725996881723404
0.5850972533226013,0.61091548204422,0.195850670337677
0.4718432128429413,0.6043925881385803,-0.03340788558125496
0.5986426472663879,0.6836931705474854,0.5426638722419739
0.4538964033126831,0.6842642426490784,0.272574245929718
0.5833093523979187,0.6983554363250732,0.5673394203186035
0.4615960419178009,0.6941314935684204,0.2927618622779846
0.6281661987304688,0.715387225151062,0.38949155807495117
0.44608235359191895,0.7172218561172485,0.08492588251829147
-
0.5266495943069458,0.35015609860420227,-0.6184526681900024
0.5337121486663818,0.3436625599861145,-0.5867377519607544
0.5393396615982056,0.34349846839904785,-0.5865911841392517
0.5448811054229736,0.3434584438800812,-0.5866574048995972
0.5171480178833008,0.34523090720176697,-0.5864554643630981
0.5111601948738098,0.3459867537021637,-0.5865942239761353
0.5055276155471802,0.34671348333358765,-0.5865797400474548
0.5519102215766907,0.3486914336681366,-0.41476041078567505
0.4990997314453125,0.35165613889694214,-0.41584479808807373
0.5378087759017944,0.3576136529445648,-0.5545762181282043
0.5174152851104736,0.35871437191963196,-0.5545781254768372
0.590736448764801,0.3829372823238373,-0.33200594782829285
0.4772113859653473,0.38549575209617615,-0.38633665442466736
0.6407027840614319,0.32758253812789917,-0.3982999622821808
0.42807796597480774,0.3297479748725891,-0.5013983845710754
0.652354896068573,0.25323015451431274,-0.4846746623516083
0.4066391885280609,0.26450878381729126,-0.5824247598648071
0.6551169753074646,0.24101421236991882,-0.5360158085823059
0.3958241641521454,0.25294750928878784,-0.6423876285552979
0.6386556625366211,0.23924942314624786,-0.546019434928894
0.40928566455841064,0.2503306567668915,-0.6346120834350586
0.6336259841918945,0.24151115119457245,-0.49883660674095154
0.4154330790042877,0.25418850779533386,-0.5898775458335876
0.573013961315155,0.5229023694992065,0.03904647007584572
0.490627259016037,0.5198572278022766,-0.03937266394495964
0.5850985646247864,0.6111050844192505,0.1878928244113922
0.4716997444629669,0.6044642925262451,-0.01842217892408371
0.5986206531524658,0.6833840608596802,0.5277773141860962
0.45382893085479736,0.6839185953140259,0.2757951617240906
0.5825316905975342,0.6981874704360962,0.5520226955413818
0.46165144443511963,0.6938129663467407,0.2966006100177765
0.6285542249679565,0.7154918909072876,0.3734269440174103
0.44604870676994324,0.7172229886054993,0.08720114827156067
-
0.5263378620147705,0.3502292037010193,-0.5739460587501526
0.5334483981132507,0.34365221858024597,-0.5404767990112305
0.5391680598258972,0.34345725178718567,-0.5403440594673157
0.5447555780410767,0.34338581562042236,-0.5404021143913269
0.5165574550628662,0.345215767621994,-0.5420175194740295
0.5105780363082886,0.3459697961807251,-0.5421450138092041
0.5049492120742798,0.3466939926147461,-0.5421315431594849
0.551848828792572,0.3486413061618805,-0.36625030636787415
0.4988276958465576,0.3516436517238617,-0.3757082521915436
0.5377705097198486,0.35762569308280945,-0.5100002288818359
0.5173302292823792,0.3587602376937866,-0.5125836133956909
0.5933369398117065,0.3830631375312805,-0.28359121084213257
0.47679829597473145,0.3860158324241638,-0.3521929979324341
0.6530856490135193,0.3276587128639221,-0.34166082739830017
0.41763293743133545,0.33454281091690063,-0.4739725887775421
0.652616024017334,0.2583702802658081,-0.42473921179771423
0.4008943736553192,0.26570817828178406,-0.5547872185707092
0.6550701856613159,0.24731440842151642,-0.47324442863464355
0.39423152804374695,0.25307542085647583,-0.6141945123672485
0.63880455493927,0.24343517422676086,-0.48196882009506226
0.40814879536628723,0.2506122291088104,-0.6049129366874695
0.6339751482009888,0.24774864315986633,-0.43828824162483215
0.41301584243774414,0.2552211880683899,-0.5616887211799622
0.5733231902122498,0.5231820344924927,0.038704343140125275
0.4906213879585266,0.5202269554138184,-0.03902580216526985
0.585099458694458,0.6112768054008484,0.19721929728984833
0.4716947376728058,0.6044751405715942,-0.02390206605195999
0.5985373854637146,0.6832955479621887,0.5234992504119873
0.45377421379089355,0.683552622795105,0.24744388461112976
0.5817932486534119,0.6981465220451355,0.5469510555267334
0.46158188581466675,0.6930940747261047,0.265137255191803
0.629452109336853,0.7156658172607422,0.37269383668899536
0.44634389877319336,0.7172490358352661,0.062066011130809784
-
0.5263137817382812,0.35019001364707947,-0.5241168737411499
0.5334514379501343,0.3433905243873596,-0.4894329607486725
0.5391786098480225,0.3431655764579773,-0.4892919361591339
0.5447705388069153,0.34309789538383484,-0.48934754729270935
0.5165454149246216,0.34504806995391846,-0.4907319247722626
0.5105764269828796,0.34582966566085815,-0.49084556102752686
0.5049575567245483,0.34659212827682495,-0.49083054065704346
0.551877498626709,0.3486233353614807,-0.3179827630519867
0.4989660978317261,0.35157257318496704,-0.32603469491004944
0.5378208756446838,0.3576095998287201,-0.46231138706207275
0.5173943638801575,0.3587472140789032,-0.46454522013664246
0.5945433974266052,0.38452112674713135,-0.24205201864242554
0.4765203297138214,0.3869841694831848,-0.2994064688682556
0.6639931797981262,0.3301525413990021,-0.29960352182388306
0.40831783413887024,0.3404305577278137,-0.41515541076660156
0.6544628739356995,0.2658243775367737,-0.37633854150772095
0.39576131105422974,0.27076202630996704,-0.49707815051078796
0.6558252573013306,0.25544872879981995,-0.42284080386161804
0.39220982789993286,0.2580108344554901,-0.5568830966949463
0.6392159461975098,0.25040438771247864,-0.42908790707588196
0.405862033367157,0.25563788414001465,-0.541033148765564
0.6355422735214233,0.2554400563240051,-0.3887121081352234
0.40937918424606323,0.2598026394844055,-0.5018773674964905
0.5736284255981445,0.5234185457229614,0.03632395714521408
0.4905647337436676,0.5205329656600952,-0.036595746874809265
0.5850715637207031,0.6113861203193665,0.19072051346302032
0.4716285169124603,0.6044152975082397,-0.0204512607306242
0.5983625650405884,0.6831953525543213,0.5115264654159546
0.4538934826850891,0.6833751201629639,0.2485722005367279
0.5812098383903503,0.6981002688407898,0.532909095287323
0.4620335102081299,0.6929250955581665,0.26562684774398804
0.6293716430664062,0.7156751751899719,0.3627224862575531
0.4466818869113922,0.7172678709030151,0.06519600749015808
-
0.5261417627334595,0.3501541018486023,-0.48471954464912415
0.5334094166755676,0.3431433439254761,-0.4487813413143158
0.539169192314148,0.34288734197616577,-0.44864994287490845
0.5447697043418884,0.34279900789260864,-0.4487170875072479
0.5162991881370544,0.34478330612182617,-0.4469802975654602
0.5103133320808411,0.3455524444580078,-0.44708073139190674
0.504580557346344,0.34630948305130005,-0.44706717133522034
0.5519195795059204,0.3484745919704437,-0.275419682264328
0.49893712997436523,0.3513794541358948,-0.2681991755962372
0.5377981662750244,0.357608437538147,-0.4231019616127014
0.5173293948173523,0.3587358891963959,-0.4211137592792511
0.5963442921638489,0.3847094774246216,-0.20259304344654083
0.47630220651626587,0.38757121562957764,-0.22282354533672333
0.6728228330612183,0.33459821343421936,-0.26659366488456726
0.40043291449546814,0.34443432092666626,-0.315223753452301
0.6569151282310486,0.2744147777557373,-0.3437507748603821
0.39309775829315186,0.27499496936798096,-0.4096953570842743
0.6577532887458801,0.2646491825580597,-0.38972336053848267
0.3895483613014221,0.26187169551849365,-0.47330743074417114
0.6407037973403931,0.2605307102203369,-0.3933570981025696
0.40301865339279175,0.2598247528076172,-0.4540906548500061
0.6377993822097778,0.26466214656829834,-0.3544716536998749
0.4064452648162842,0.2640582025051117,-0.4143140912055969
0.5736344456672668,0.5234202146530151,0.026004381477832794
0.4904834032058716,0.5205513834953308,-0.026217473670840263
0.5856589674949646,0.6114272475242615,0.1498037874698639
0.4715226888656616,0.6053867340087891,0.008541826158761978
0.5985327959060669,0.682459831237793,0.4701342284679413
0.4535265564918518,0.6833567023277283,0.29157334566116333
0.5825411677360535,0.6959127187728882,0.4927673041820526
0.46147286891937256,0.6928274631500244,0.3096175193786621
0.6241940259933472,0.7154816389083862,0.30897554755210876
0.44683536887168884,0.7171608209609985,0.10872697085142136
-
0.5264214873313904,0.34991806745529175,-0.4437492787837982
0.5338847637176514,0.34285834431648254,-0.4069514274597168
0.539760410785675,0.3426193296909332,-0.4068417549133301
0.5453976392745972,0.34254878759384155,-0.40690168738365173
0.5164627432823181,0.3444627821445465,-0.404510498046875
0.510439395904541,0.3451648950576782,-0.4045866131782532
0.5046855211257935,0.3457642197608948,-0.40455910563468933
0.5526188015937805,0.3480871021747589,-0.23392528295516968
0.4993766248226166,0.3508462607860565,-0.2243483066558838
0.5387881994247437,0.35756123065948486,-0.38290145993232727
0.5179835557937622,0.3585553467273712,-0.3801405727863312
0.5991849899291992,0.3852638602256775,-0.16523043811321259
0.4762449860572815,0.3885346055030823,-0.18065980076789856
0.679615318775177,0.34308043122291565,-0.24407325685024261
0.3970511555671692,0.3505139946937561,-0.28071483969688416
0.6631295084953308,0.28539082407951355,-0.33017000555992126
0.3934853971004486,0.2824820876121521,-0.3813546597957611
0.6614497900009155,0.2734150290489197,-0.37935367226600647
0.389862596988678,0.26903969049453735,-0.44454842805862427
0.6437227725982666,0.26952481269836426,-0.3764317035675049
0.4028576612472534,0.26724007725715637,-0.4238565266132355
0.642035186290741,0.2740921974182129,-0.3380349278450012
0.40620845556259155,0.2715316712856293,-0.38450443744659424
0.5734326839447021,0.5236892700195312,0.02236807905137539
0.4896603524684906,0.5206133127212524,-0.022549856454133987
0.5856110453605652,0.611402153968811,0.14275729656219482
0.47154393792152405,0.6054388284683228,0.004178795963525772
0.5985093116760254,0.682332456111908,0.4607372581958771
0.4533730745315552,0.6827841997146606,0.289458692073822
0.5827880501747131,0.6959245204925537,0.4833775460720062
0.4612268805503845,0.6925408244132996,0.3078683316707611
0.6245745420455933,0.7154263257980347,0.3010164797306061
0.44684669375419617,0.715101957321167,0.10630780458450317
-
0.5267816185951233,0.3490411043167114,-0.4195067584514618
0.5341527462005615,0.34213781356811523,-0.3799411356449127
0.5400447249412537,0.342047780752182,-0.37983083724975586
0.545699417591095,0.34206002950668335,-0.37986332178115845
0.5170651078224182,0.34355905652046204,-0.37909719347953796
0.5111758708953857,0.3442666828632355,-0.3791534900665283
0.505607545375824,0.344910204410553,-0.37909752130508423
0.552731454372406,0.34765246510505676,-0.19694994390010834
0.49993205070495605,0.35014718770980835,-0.1962551474571228
0.5395188331604004,0.35715633630752563,-0.35621583461761475
0.5186945199966431,0.358108252286911,-0.356049507856369
0.5999448895454407,0.3857775926589966,-0.1292465180158615
0.4748535454273224,0.38891634345054626,-0.15715736150741577
0.6838298439979553,0.35185301303863525,-0.20818884670734406
0.3894962668418884,0.35710522532463074,-0.3257746994495392
0.6660512685775757,0.2994972765445709,-0.27777883410453796
0.39394137263298035,0.2953144907951355,-0.47046443819999695
0.6626008749008179,0.28521984815597534,-0.32091379165649414
0.3920506238937378,0.2812215983867645,-0.534246563911438
0.6475174427032471,0.2832733392715454,-0.31180939078330994
0.4029321074485779,0.2805645167827606,-0.5129565596580505
0.6463308930397034,0.2875632047653198,-0.28171467781066895
0.4064232409000397,0.28469303250312805,-0.4735482633113861
0.5731089115142822,0.5248438119888306,0.023112161085009575
0.48892736434936523,0.5216368436813354,-0.023321162909269333
0.5855526924133301,0.6110671162605286,0.14491117000579834
0.47165077924728394,0.6063336133956909,0.019442550837993622
0.5984982252120972,0.6835528016090393,0.46939048171043396
0.4546971917152405,0.6831313967704773,0.3087206482887268
0.5826525092124939,0.696707546710968,0.49206894636154175
0.4622615873813629,0.6928291320800781,0.3282952606678009
0.624601423740387,0.7157641649246216,0.3111628293991089
0.4468420147895813,0.7151382565498352,0.1294403076171875
-
0.5267857313156128,0.34820556640625,-0.44214069843292236
0.5342724323272705,0.34152957797050476,-0.40245920419692993
0.5402361750602722,0.3414226174354553,-0.4023745357990265
0.5459197163581848,0.34135502576828003,-0.40241825580596924
0.5170795321464539,0.3429206609725952,-0.40134701132774353
0.5111956000328064,0.34361058473587036,-0.40138593316078186
0.5056067109107971,0.3441399931907654,-0.4013243317604065
0.5527541041374207,0.3468286395072937,-0.21063056588172913
0.4999343752861023,0.3491547703742981,-0.20851008594036102
0.5395042300224304,0.356804221868515,-0.3749014437198639
0.5185686349868774,0.3574889302253723,-0.3744676411151886
0.6001294851303101,0.38659754395484924,-0.13845981657505035
0.4690191447734833,0.3891276717185974,-0.14991828799247742
0.6938750147819519,0.36262211203575134,-0.25129926204681396
0.3838224709033966,0.36553671956062317,-0.35751673579216003
0.666941225528717,0.3059519827365875,-0.3418368697166443
0.394225537776947,0.30538827180862427,-0.5942565202713013
0.6628776788711548,0.29175299406051636,-0.38887646794319153
0.39367154240608215,0.29028958082199097,-0.6715111136436462
0.6485991477966309,0.2907346785068512,-0.3787187933921814
0.4030376970767975,0.2899070978164673,-0.6415554285049438
0.6476336717605591,0.29550760984420776,-0.3458573520183563
0.4065527617931366,0.29454392194747925,-0.5952737927436829
0.5723375082015991,0.52544105052948,0.021936984732747078
0.48667222261428833,0.5226073265075684,-0.022119730710983276
0.5857465267181396,0.6114591360092163,0.149047389626503
0.4703569710254669,0.6079212427139282,0.022117318585515022
0.5970606207847595,0.6832977533340454,0.5254542231559753
0.4560833275318146,0.6831330060958862,0.3519664406776428
0.5821588039398193,0.6952506303787231,0.5543756484985352
0.46419551968574524,0.6921356916427612,0.37566015124320984
0.623985230922699,0.7158206701278687,0.3710966408252716
0.4455024003982544,0.7153273820877075,0.17040584981441498
-
0.5249217748641968,0.3482109308242798,-0.44273146986961365
0.5324168801307678,0.34153276681900024,-0.4036414623260498
0.5384186506271362,0.3414243459701538,-0.40359917283058167
0.5443238615989685,0.3413524329662323,-0.4036305844783783
0.5150992274284363,0.3429088890552521,-0.39897146821022034
0.5091992020606995,0.3435804545879364,-0.3990055024623871
0.5040743350982666,0.34410998225212097,-0.3989596366882324
0.5521173477172852,0.3464598059654236,-0.21396653354167938
0.49941495060920715,0.3491440415382385,-0.19405561685562134
0.5379101037979126,0.3568107485771179,-0.37636837363243103
0.5162438750267029,0.3574962019920349,-0.37102726101875305
0.6000563502311707,0.38859519362449646,-0.14092983305454254
0.4670241177082062,0.390177845954895,-0.1204109638929367
0.6953626871109009,0.37010449171066284,-0.2711082994937897
0.3821173310279846,0.37383750081062317,-0.31581202149391174
0.6664759516716003,0.31694501638412476,-0.4090747833251953
0.39444172382354736,0.3158991038799286,-0.5758715867996216
0.6624807119369507,0.3020351827144623,-0.4662292003631592
0.39499202370643616,0.299711138010025,-0.6526491641998291
0.6485433578491211,0.30147939920425415,-0.4460051655769348
0.40331903100013733,0.29952535033226013,-0.6259002089500427
0.647462785243988,0.30683377385139465,-0.4071732759475708
0.40669509768486023,0.3045574128627777,-0.5778140425682068
0.572140097618103,0.5252269506454468,0.014087011106312275
0.4866552948951721,0.5225423574447632,-0.014110066927969456
0.5857537388801575,0.6114071607589722,0.1032014712691307
0.4703483581542969,0.6077001690864563,0.018400387838482857
0.596902072429657,0.6843931674957275,0.4325259327888489
0.45670589804649353,0.6840223670005798,0.3368434011936188
0.5821669101715088,0.6954879760742188,0.4544912576675415
0.4643605053424835,0.6923812031745911,0.36132103204727173
0.6210318207740784,0.7157596349716187,0.24766680598258972
0.447125107049942,0.7163586616516113,0.13535237312316895
-
0.5237839221954346,0.3482404947280884,-0.40277624130249023
0.532167375087738,0.34147143363952637,-0.36888545751571655
0.538313090801239,0.3413553833961487,-0.36886459589004517
0.5442659258842468,0.3413238823413849,-0.3689165711402893
0.5149444341659546,0.3427848815917969,-0.3584326505661011
0.5091429352760315,0.343333899974823,-0.3584301769733429
0.5040088891983032,0.3437512516975403,-0.35838600993156433
0.5521649718284607,0.34629034996032715,-0.20167793333530426
0.499493271112442,0.34825363755226135,-0.1550045758485794
0.536464512348175,0.35697436332702637,-0.3445509076118469
0.5146396160125732,0.3575192391872406,-0.33115023374557495
0.6003398895263672,0.3896266222000122,-0.1345738023519516
0.46536538004875183,0.3904794454574585,-0.06777296960353851
0.6977190971374512,0.37953025102615356,-0.2770119309425354
0.3797403872013092,0.3810066878795624,-0.1833447366952896
0.665935218334198,0.3260831832885742,-0.4123294949531555
0.394540011882782,0.3241272568702698,-0.38121524453163147
0.6615444421768188,0.3108738660812378,-0.4658156633377075
0.39647701382637024,0.30809175968170166,-0.4474596381187439
0.6484585404396057,0.3107951283454895,-0.44632649421691895
0.40502628684043884,0.3080401122570038,-0.4225994944572449
0.6473551392555237,0.31685614585876465,-0.41020873188972473
0.40767577290534973,0.3133414387702942,-0.3819813132286072
0.5719174146652222,0.5247090458869934,0.004700575489550829
0.48497724533081055,0.5224601030349731,-0.004729025065898895
0.5857070684432983,0.6113229990005493,0.07553906738758087
0.47037583589553833,0.6081249713897705,0.028964098542928696
0.597237229347229,0.686241865158081,0.3846469521522522
0.45668303966522217,0.6850273013114929,0.3252117931842804
0.5835438370704651,0.6965502500534058,0.4052521884441376
0.4641251564025879,0.6945072412490845,0.34634631872177124
0.621154248714447,0.7167407274246216,0.2053350806236267
0.4467049539089203,0.7163665890693665,0.13416141271591187
-
0.523262083530426,0.3491903841495514,-0.38152915239334106
0.5318077802658081,0.34197962284088135,-0.3497470021247864
0.5379335880279541,0.34187689423561096,-0.34972143173217773
0.5439578890800476,0.341819167137146,-0.3497724235057831
0.5147358179092407,0.3429838716983795,-0.3380507230758667
0.5089601278305054,0.3434360921382904,-0.3380442261695862
0.5039696097373962,0.343803346157074,-0.3380017876625061
0.5521665215492249,0.3463034927845001,-0.1883881390094757
0.49956652522087097,0.3482677638530731,-0.13630573451519012
0.5357197523117065,0.35795825719833374,-0.3251585066318512
0.5140174031257629,0.35824814438819885,-0.3102712333202362
0.6003249287605286,0.38982251286506653,-0.11748479306697845
0.46513116359710693,0.3923126757144928,-0.04393821209669113
0.6976994276046753,0.38769233226776123,-0.2657138705253601
0.37773239612579346,0.38781026005744934,-0.14703240990638733
0.6630874872207642,0.3328569233417511,-0.40952980518341064
0.39556747674942017,0.33175405859947205,-0.3335118889808655
0.6570838689804077,0.3194999396800995,-0.4621632993221283
0.3996770679950714,0.3167232275009155,-0.3955364227294922
0.6461249589920044,0.31960028409957886,-0.44014158844947815
0.40824538469314575,0.31690719723701477,-0.37046894431114197
0.6455172896385193,0.32538533210754395,-0.40745115280151367
0.4101760983467102,0.3226079046726227,-0.33415764570236206
0.5719116926193237,0.5243921875953674,0.0009549975511617959
0.4847893714904785,0.5224164724349976,-0.0010024053044617176
0.5854540467262268,0.6113306283950806,0.07397438585758209
0.4701470136642456,0.6083123087882996,0.02720574289560318
0.5975658297538757,0.6868792176246643,0.36676669120788574
0.4566640257835388,0.68503737449646,0.29805949330329895
0.5855506062507629,0.6972166299819946,0.3859815001487732
0.4646311104297638,0.694609522819519,0.313164085149765
0.6211973428726196,0.7167472243309021,0.19059255719184875
0.4455517530441284,0.7170637845993042,0.11208401620388031
-
0.5210181474685669,0.348078191280365,-0.3656556308269501
0.5292964577674866,0.3411157727241516,-0.3314412832260132
0.5351462364196777,0.3411284387111664,-0.33139294385910034
0.541396975517273,0.34119290113449097,-0.33141279220581055
0.513314962387085,0.34167492389678955,-0.3209246098995209
0.5081946849822998,0.3420025706291199,-0.3209453225135803
0.503808319568634,0.34227699041366577,-0.32092157006263733
0.5515009164810181,0.34621065855026245,-0.16616378724575043
0.4995895326137543,0.3476410508155823,-0.11894460022449493
0.5342311859130859,0.3566141128540039,-0.30898821353912354
0.5127910375595093,0.3566153645515442,-0.2957850396633148
0.6003349423408508,0.3901243209838867,-0.09587034583091736
0.4647255837917328,0.3941650986671448,-0.042900845408439636
0.6972150206565857,0.40018051862716675,-0.25421279668807983
0.37775853276252747,0.39626097679138184,-0.19201615452766418
0.6628671884536743,0.34342867136001587,-0.4140397310256958
0.3960142433643341,0.33903270959854126,-0.41178351640701294
0.6571289896965027,0.32952645421028137,-0.4651426672935486
0.4002428650856018,0.3250957131385803,-0.4797922372817993
0.6469001173973083,0.32877886295318604,-0.4460941255092621
0.40885674953460693,0.3250139355659485,-0.45300543308258057
0.645799994468689,0.3338463604450226,-0.4128943085670471
0.41060128808021545,0.3301384150981903,-0.41281527280807495
0.5720483660697937,0.5234460234642029,0.000252364989137277
0.4847683012485504,0.5217409133911133,-0.00040238024666905403
0.5851120352745056,0.6110338568687439,0.05492349714040756
0.47016245126724243,0.6083472967147827,0.02492106705904007
0.5976235866546631,0.6874291896820068,0.37185630202293396
0.45656123757362366,0.6862677335739136,0.30104953050613403
0.5859760046005249,0.6977792978286743,0.3931632936000824
0.4640825390815735,0.6951390504837036,0.3161335289478302
0.6209725141525269,0.7170620560646057,0.18990673124790192
0.44540122151374817,0.7172678709030151,0.11336813122034073
-
0.5210663676261902,0.34818539023399353,-0.3708180785179138
0.5293269753456116,0.3411228656768799,-0.3380610942840576
0.5352160930633545,0.34113413095474243,-0.33803266286849976
0.5414947271347046,0.34119850397109985,-0.338082492351532
0.5136226415634155,0.3416852355003357,-0.3282165825366974
0.5087316036224365,0.34199216961860657,-0.328215628862381
0.504412055015564,0.34223252534866333,-0.3281850218772888
0.5515422224998474,0.3462235629558563,-0.17239797115325928
0.5003594160079956,0.34751003980636597,-0.12818337976932526
0.5343018770217896,0.3567628860473633,-0.31294092535972595
0.5128586292266846,0.35662490129470825,-0.30070608854293823
0.6004318594932556,0.39139488339424133,-0.09511539340019226
0.46475327014923096,0.39510101079940796,-0.03448104485869408
0.6951661109924316,0.41052788496017456,-0.2519418001174927
0.378318190574646,0.4041263163089752,-0.16293537616729736
0.6620995402336121,0.3524068593978882,-0.43095555901527405
0.39736244082450867,0.34506839513778687,-0.3903106153011322
0.6552833318710327,0.3384724259376526,-0.48098665475845337
0.4011583924293518,0.33154886960983276,-0.455727219581604
0.6467975378036499,0.33682161569595337,-0.46190282702445984
0.40937677025794983,0.33155059814453125,-0.42824411392211914
0.6457490921020508,0.3422509431838989,-0.42928072810173035
0.41106224060058594,0.3366846740245819,-0.39073389768600464
0.5719916224479675,0.5227577090263367,-0.0034931583795696497
0.4847983419895172,0.5208368897438049,0.0032963452395051718
0.5849167108535767,0.6109237670898438,0.03145231306552887
0.4699075520038605,0.6090303063392639,0.022813968360424042
0.5976981520652771,0.6878968477249146,0.3627128601074219
0.4567166566848755,0.6870788335800171,0.30343472957611084
0.5875202417373657,0.6979808211326599,0.38595640659332275
0.4646339416503906,0.6958996057510376,0.319277822971344
0.619873046875,0.717049241065979,0.1856003701686859
0.44200074672698975,0.7174021601676941,0.11495952308177948
-
0.5223484039306641,0.34849148988723755,-0.38759177923202515
0.5305542349815369,0.3414618670940399,-0.35661908984184265
0.53675776720047,0.3415730595588684,-0.35658836364746094
0.5424127578735352,0.341736763715744,-0.356640487909317
0.5146778225898743,0.3418159484863281,-0.34778955578804016
0.5098046064376831,0.3420724868774414,-0.347779244184494
0.5055097937583923,0.3422654867172241,-0.3477180600166321
0.5520895719528198,0.3465821146965027,-0.1920580118894577
0.5013628005981445,0.3475300371646881,-0.15395353734493256
0.5352129340171814,0.35734274983406067,-0.3300608992576599
0.5137848854064941,0.3567916452884674,-0.319088876247406
0.600445032119751,0.3933815062046051,-0.11690438538789749
0.4648934602737427,0.3953123986721039,-0.05838875100016594
0.6942428946495056,0.4188176095485687,-0.307922899723053
0.37945857644081116,0.41241884231567383,-0.21154910326004028
0.6623207330703735,0.3630627691745758,-0.5407120585441589
0.39812329411506653,0.35340315103530884,-0.48558154702186584
0.6554762125015259,0.3485744595527649,-0.5949135422706604
0.4017547070980072,0.339702308177948,-0.5531608462333679
0.6477674841880798,0.3457171320915222,-0.5744747519493103
0.4095846712589264,0.33924394845962524,-0.5280680656433105
0.6464763879776001,0.3511928915977478,-0.5388266444206238
0.41121846437454224,0.34455031156539917,-0.4871496856212616
0.571861207485199,0.5221202969551086,-0.005585073959082365
0.48482269048690796,0.5198463201522827,0.005330589599907398
0.5845037698745728,0.6100741624832153,0.03680984675884247
0.4699108898639679,0.608862042427063,0.022815881296992302
0.5976811647415161,0.6885184645652771,0.334611713886261
0.45670539140701294,0.6875168681144714,0.2884199023246765
0.5880230665206909,0.6990224123001099,0.354326456785202
0.4645254909992218,0.696709930896759,0.3027290105819702
0.6183227896690369,0.7168201804161072,0.15764597058296204
0.4409491717815399,0.7173486948013306,0.10305733978748322
-
0.5223899483680725,0.3486194312572479,-0.3740271329879761
0.5305842757225037,0.3416055142879486,-0.34492814540863037
0.5367973446846008,0.3417309522628784,-0.3449196517467499
0.5424341559410095,0.34198981523513794,-0.34497901797294617
0.5146979689598083,0.34203946590423584,-0.3357098698616028
0.5098162889480591,0.3423360586166382,-0.33569425344467163
0.5055234432220459,0.34254318475723267,-0.33562952280044556
0.5523402690887451,0.34683337807655334,-0.1815393716096878
0.5016517043113708,0.3476584255695343,-0.14182759821414948
0.5352516174316406,0.3578108847141266,-0.3159954845905304
0.5138009190559387,0.357485830783844,-0.30495068430900574
0.6004353165626526,0.3943482041358948,-0.09312629699707031
0.46589288115501404,0.39527416229248047,-0.04258793592453003
0.6887139081954956,0.42484015226364136,-0.3015005886554718
0.3858671486377716,0.41922855377197266,-0.21093718707561493
0.6622186303138733,0.3691160976886749,-0.5219628810882568
0.40032413601875305,0.3613857328891754,-0.5063654780387878
0.6555553674697876,0.35633987188339233,-0.5764849185943604
0.4042156934738159,0.3470625579357147,-0.5748399496078491
0.6479736566543579,0.35377591848373413,-0.5548442006111145
0.4116113781929016,0.3463088870048523,-0.5493192672729492
0.6465176343917847,0.3584107756614685,-0.51959228515625
0.41307803988456726,0.35198408365249634,-0.5075295567512512
0.5718474388122559,0.5212298035621643,-0.0033554222900420427
0.48484909534454346,0.5190927982330322,0.0031093161087483168
0.5844934582710266,0.6099649667739868,0.043501146137714386
0.4697415232658386,0.6088370680809021,0.022070836275815964
0.5975825190544128,0.6888627409934998,0.31268203258514404
0.45673662424087524,0.6883318424224854,0.2651917040348053
0.5879900455474854,0.6994569301605225,0.3296346962451935
0.4648135006427765,0.6976758241653442,0.2784750163555145
0.6218991875648499,0.717056393623352,0.1382070928812027
0.4407091438770294,0.7174171209335327,0.07859475910663605
-
0.5230323076248169,0.34824472665786743,-0.37218594551086426
0.5315123796463013,0.34153687953948975,-0.3422900438308716
0.5377696752548218,0.34166961908340454,-0.34229570627212524
0.543244481086731,0.3419506847858429,-0.34237387776374817
0.5154793858528137,0.34190085530281067,-0.33715954422950745
0.5105078220367432,0.34217238426208496,-0.337144672870636
0.5059545040130615,0.34244388341903687,-0.337069034576416
0.5528464913368225,0.3468325734138489,-0.17039601504802704
0.501936674118042,0.34764963388442993,-0.14986462891101837
0.53606778383255,0.357704222202301,-0.31010308861732483
0.5147680640220642,0.3574753403663635,-0.3049283027648926
0.5996986627578735,0.39497464895248413,-0.07099573314189911
0.4661521911621094,0.3951423168182373,-0.05265835300087929
0.67707359790802,0.42983609437942505,-0.2764582335948944
0.39284759759902954,0.42604750394821167,-0.22094696760177612
0.66163170337677,0.3765925168991089,-0.5360375046730042
0.4019995331764221,0.369017094373703,-0.5756127238273621
0.6557395458221436,0.3638779819011688,-0.5948470234870911
0.40646108984947205,0.35542863607406616,-0.6476467847824097
0.6485594511032104,0.3617855906486511,-0.5733762383460999
0.4137575030326843,0.35486647486686707,-0.6265740394592285
0.6465583443641663,0.3654206693172455,-0.5346327424049377
0.415078341960907,0.35973456501960754,-0.5780333876609802
0.5717663168907166,0.5203139781951904,-0.0029994789510965347
0.48492631316185,0.5181760191917419,0.0028245425783097744
0.583924412727356,0.6098568439483643,0.044269319623708725
0.4696139991283417,0.608695387840271,0.011095760390162468
0.596857488155365,0.6889301538467407,0.33723267912864685
0.45697230100631714,0.688222348690033,0.2674511969089508
0.5878311991691589,0.6994537711143494,0.357008159160614
0.4654446840286255,0.6975914239883423,0.28304511308670044
0.6215512752532959,0.7170519828796387,0.1691552698612213
0.4403364360332489,0.7173532843589783,0.08493375033140182
-
0.5236318111419678,0.34746235609054565,-0.38376644253730774
0.5328230261802673,0.34111687541007996,-0.3531542122364044
0.5388348698616028,0.3413509726524353,-0.35313621163368225
0.5442317724227905,0.34170347452163696,-0.3532024025917053
0.5166386961936951,0.34123387932777405,-0.34713587164878845
0.511584997177124,0.3414939045906067,-0.3471370339393616
0.506573498249054,0.34179186820983887,-0.34707579016685486
0.5533648133277893,0.34673815965652466,-0.1824229508638382
0.5024398565292358,0.3474794030189514,-0.1564169079065323
0.5362922549247742,0.3572799563407898,-0.3219802677631378
0.514959990978241,0.35708075761795044,-0.3158493936061859
0.5996459126472473,0.3954271376132965,-0.08592404425144196
0.4663968086242676,0.3950267434120178,-0.06529127806425095
0.6672117710113525,0.4360494613647461,-0.29404789209365845
0.4008302092552185,0.4328992962837219,-0.2557982802391052
0.658457338809967,0.382968008518219,-0.6044767498970032
0.4039327800273895,0.3767430782318115,-0.6328454613685608
0.655752420425415,0.3703309893608093,-0.6690118312835693
0.4073037803173065,0.36271435022354126,-0.7080758810043335
0.64863121509552,0.36882323026657104,-0.6517856121063232
0.4146747887134552,0.36191874742507935,-0.6941728591918945
0.6463295221328735,0.3719821572303772,-0.6057069301605225
0.41677331924438477,0.366696834564209,-0.6380932331085205
0.5715119242668152,0.5202219486236572,-0.0016964569222182035
0.48503270745277405,0.5180858373641968,0.0015066000632941723
0.5838707685470581,0.6098610162734985,0.051432348787784576
0.46938204765319824,0.6085020899772644,0.006207741796970367
0.596509575843811,0.6892501711845398,0.33425024151802063
0.45702651143074036,0.6883658766746521,0.2597869038581848
0.587776780128479,0.6995295882225037,0.35221734642982483
0.4657759368419647,0.6975371837615967,0.27495869994163513
0.6213897466659546,0.7171922326087952,0.16433049738407135
0.43834686279296875,0.7173092365264893,0.08021891117095947
-
0.524136483669281,0.34726715087890625,-0.3615773022174835
0.5335463881492615,0.3408213257789612,-0.33344486355781555
0.5394549369812012,0.341108113527298,-0.3334827125072479
0.5449283123016357,0.34152671694755554,-0.3335474133491516
0.5168959498405457,0.3409422039985657,-0.32860472798347473
0.5116145014762878,0.3412501811981201,-0.32858961820602417
0.5065842866897583,0.3415936231613159,-0.3285124897956848
0.5534441471099854,0.34673789143562317,-0.1630941927433014
0.5024687051773071,0.3474515676498413,-0.1445092260837555
0.5364811420440674,0.35711926221847534,-0.29952600598335266
0.5150176286697388,0.35698825120925903,-0.29467296600341797
0.599305272102356,0.3957519233226776,-0.06420133262872696
0.46651893854141235,0.39497947692871094,-0.04925499111413956
0.6571311354637146,0.44141197204589844,-0.26610496640205383
0.40710702538490295,0.43816179037094116,-0.25328826904296875
0.6545600295066833,0.38944390416145325,-0.5685708522796631
0.4049428701400757,0.3849964141845703,-0.6277285814285278
0.6558366417884827,0.3793802857398987,-0.6343981623649597
0.40734633803367615,0.372746080160141,-0.7046149969100952
0.6493434309959412,0.3770582377910614,-0.6242563724517822
0.4150328040122986,0.3705429434776306,-0.6954183578491211
0.6460728049278259,0.38005977869033813,-0.5728837847709656
0.4175228476524353,0.3745546340942383,-0.6353090405464172
0.5710751414299011,0.5198764204978943,-0.000884326989762485
0.48504436016082764,0.5176941156387329,0.0006898719584569335
0.5837221741676331,0.6095061302185059,0.0553913339972496
0.46904414892196655,0.6080645322799683,-0.008587743155658245
0.5960718393325806,0.6891897916793823,0.3239438831806183
0.4574684500694275,0.6883643865585327,0.2182980477809906
0.5877358913421631,0.69933021068573,0.34007859230041504
0.4665341377258301,0.6974709033966064,0.23066475987434387
0.6201267242431641,0.7168707251548767,0.15480832755565643
0.4383418560028076,0.7171027064323425,0.0399511456489563
-
0.5265094041824341,0.3469819128513336,-0.35997721552848816
0.5351755619049072,0.340772420167923,-0.3318955600261688
0.541008710861206,0.3410850167274475,-0.33193907141685486
0.5460870265960693,0.34151676297187805,-0.33199402689933777
0.5183293223381042,0.3408324122428894,-0.3280481994152069
0.5129807591438293,0.3411611020565033,-0.32803621888160706
0.5073524713516235,0.3415312170982361,-0.3279716968536377
0.553713321685791,0.3467458188533783,-0.15998594462871552
0.5028233528137207,0.3474438190460205,-0.14650188386440277
0.5379018187522888,0.35706180334091187,-0.2970632016658783
0.516484260559082,0.3569639325141907,-0.2936217486858368
0.599323570728302,0.39612436294555664,-0.05849073827266693
0.46694421768188477,0.39494985342025757,-0.052476171404123306
0.6507867574691772,0.4454508423805237,-0.25001949071884155
0.41482362151145935,0.443697988986969,-0.25490641593933105
0.6527217030525208,0.393799364566803,-0.5590180158615112
0.4069116711616516,0.3925212323665619,-0.6390249133110046
0.6558850407600403,0.3838678002357483,-0.6247367262840271
0.40909984707832336,0.3802240490913391,-0.7151598334312439
0.6494907736778259,0.3807140290737152,-0.6161876916885376
0.4158274829387665,0.3768600821495056,-0.7070066928863525
0.6456944346427917,0.38375481963157654,-0.5638919472694397
0.4185301959514618,0.38066092133522034,-0.6464827060699463
0.5709220170974731,0.5193249583244324,-0.0005771073047071695
0.4855197072029114,0.5168948173522949,0.00037148979026824236
0.5835300087928772,0.608968198299408,0.053265538066625595
0.46900856494903564,0.6074951887130737,-0.036623064428567886
0.5957294702529907,0.6891513466835022,0.32009655237197876
0.4579505920410156,0.6883208155632019,0.1869092583656311
0.5877017378807068,0.6992794275283813,0.3363896906375885
0.46688112616539,0.6973175406455994,0.19940553605556488
0.6197130084037781,0.7162004113197327,0.15159739553928375
0.43915510177612305,0.7169331312179565,0.004734731279313564
-
0.5269973278045654,0.346969872713089,-0.36990126967430115
0.5358319282531738,0.34079378843307495,-0.3405061662197113
0.5415887236595154,0.34112998843193054,-0.340518981218338
0.5465907454490662,0.3415791094303131,-0.34057673811912537
0.518949568271637,0.3408523499965668,-0.3351424038410187
0.5136239528656006,0.34118354320526123,-0.33513563871383667
0.5077978372573853,0.3415531814098358,-0.33506977558135986
0.553917407989502,0.3469502627849579,-0.16907532513141632
0.5032127499580383,0.3474472165107727,-0.1476319134235382
0.5381283760070801,0.3570629954338074,-0.30774030089378357
0.5166657567024231,0.3569612503051758,-0.30282285809516907
0.5993929505348206,0.3983542323112488,-0.07016217708587646
0.4674649238586426,0.3953457474708557,-0.05963728204369545
0.6477486491203308,0.44948720932006836,-0.2514735162258148
0.42184892296791077,0.44896554946899414,-0.2680913805961609
0.6515771746635437,0.39768412709236145,-0.591779351234436
0.40755394101142883,0.3966302275657654,-0.6584605574607849
0.6546189785003662,0.38775214552879333,-0.6596287488937378
0.408843994140625,0.3846511244773865,-0.7350457906723022
0.6485462784767151,0.3840063810348511,-0.6490182876586914
0.4157494008541107,0.3809071183204651,-0.7288461327552795
0.6440398693084717,0.387482225894928,-0.5959764122962952
0.41834938526153564,0.3847428858280182,-0.6667669415473938
0.5706592202186584,0.5193309187889099,-0.0003761488478630781
0.4856438636779785,0.5166881084442139,0.0001681500143604353
0.583236813545227,0.6086653470993042,0.054791223257780075
0.4689977765083313,0.6070407629013062,-0.04080774635076523
0.5956172347068787,0.6887412667274475,0.32852432131767273
0.4581016004085541,0.688293993473053,0.1911730021238327
0.5876663327217102,0.6987497806549072,0.3457149863243103
0.46716034412384033,0.6972652673721313,0.20455768704414368
0.6196809411048889,0.7156314253807068,0.1600441038608551
0.4399958848953247,0.7167971730232239,0.005628741346299648
-
0.5274254679679871,0.34698548913002014,-0.38171595335006714
0.5363523364067078,0.3407980799674988,-0.35473108291625977
0.5422350764274597,0.3411315083503723,-0.3547975420951843
0.547132670879364,0.34158021211624146,-0.35484492778778076
0.519168496131897,0.3408617079257965,-0.3509085178375244
0.5138015747070312,0.3412089943885803,-0.35091468691825867
0.5079296827316284,0.34158819913864136,-0.35088393092155457
0.5547218918800354,0.34703654050827026,-0.17852003872394562
0.5034824013710022,0.3474789559841156,-0.16467133164405823
0.5387516617774963,0.3570868968963623,-0.3162808418273926
0.516969621181488,0.3570272922515869,-0.31337928771972656
0.6005410552024841,0.40023255348205566,-0.07744362950325012
0.4685209393501282,0.3968529999256134,-0.07159958779811859
0.6427029371261597,0.4543529450893402,-0.27484315633773804
0.42735955119132996,0.4533002972602844,-0.2844395637512207
0.6512211561203003,0.40260037779808044,-0.6222624778747559
0.4100012183189392,0.4000934064388275,-0.676336944103241
0.653974711894989,0.3921942114830017,-0.6903418302536011
0.408617228269577,0.3874548077583313,-0.7530824542045593
0.6485272645950317,0.387651264667511,-0.6796319484710693
0.4156431555747986,0.3837258517742157,-0.7472141981124878
0.6439981460571289,0.39117249846458435,-0.6268148422241211
0.41827723383903503,0.38744378089904785,-0.6848732829093933
0.5703406929969788,0.5193729400634766,-0.00021452833607327193
0.4856511354446411,0.5166805982589722,1.6076430256362073e-05
0.5831637382507324,0.6086738705635071,0.038791049271821976
0.4692375063896179,0.6068960428237915,-0.030338022857904434
0.5955029129981995,0.6888860464096069,0.31923213601112366
0.45824936032295227,0.6882697343826294,0.21446633338928223
0.5876373648643494,0.698830246925354,0.33728381991386414
0.4672434628009796,0.6970874071121216,0.22738340497016907
0.6197564601898193,0.7158549427986145,0.14772437512874603
0.441042959690094,0.7167564630508423,0.028607500717043877
-
0.5294643640518188,0.3470335304737091,-0.35938695073127747
0.5378878116607666,0.3409409523010254,-0.331805557012558
0.5437185764312744,0.34130334854125977,-0.33188968896865845
0.5481075048446655,0.3417495787143707,-0.33193299174308777
0.5203816890716553,0.34094661474227905,-0.330055832862854
0.5148672461509705,0.3413025736808777,-0.3300562798976898
0.508745551109314,0.3416913151741028,-0.3300396502017975
0.5553072094917297,0.3471684753894806,-0.15817542374134064
0.5037204027175903,0.34759971499443054,-0.15250031650066376
0.5402941107749939,0.3573560118675232,-0.2952910363674164
0.5187020301818848,0.357389897108078,-0.2940368950366974
0.6011008024215698,0.4013538956642151,-0.054784536361694336
0.46845144033432007,0.398287832736969,-0.06360172480344772
0.6385111212730408,0.4552292227745056,-0.25568047165870667
0.4317731559276581,0.4564886689186096,-0.2726665139198303
0.6511315703392029,0.40641647577285767,-0.5969583988189697
0.41191455721855164,0.40564194321632385,-0.6418560743331909
0.6527433395385742,0.39635321497917175,-0.6630873084068298
0.40849748253822327,0.3919455111026764,-0.715690553188324
0.6484056115150452,0.39198407530784607,-0.6545012593269348
0.4150940477848053,0.3879378139972687,-0.7115398049354553
0.6440110802650452,0.39496079087257385,-0.6024317145347595
0.4181780219078064,0.3916851878166199,-0.6508052945137024
0.5700818300247192,0.5194112658500671,-3.866707174893236e-06
0.485659658908844,0.5166167616844177,-0.0001918644120451063
0.5831610560417175,0.6085901260375977,0.02543962188065052
0.4693893492221832,0.6068813800811768,-0.029360106214880943
0.5952514410018921,0.689380407333374,0.2786366939544678
0.4583372473716736,0.6882487535476685,0.2171390801668167
0.5876139998435974,0.6993632912635803,0.29371801018714905
0.4672360420227051,0.6969908475875854,0.2319563329219818
0.6195458769798279,0.7161070108413696,0.10630777478218079
0.4410533010959625,0.7167040705680847,0.038045741617679596
-
0.5306520462036133,0.3470478951931,-0.3574616312980652
0.5386881232261658,0.34097105264663696,-0.32964929938316345
0.5446015000343323,0.34135663509368896,-0.32973384857177734
0.5487284064292908,0.3418184220790863,-0.32977086305618286
0.5209248661994934,0.3409583270549774,-0.32775986194610596
0.5154390335083008,0.34131449460983276,-0.3277592062950134
0.5091246962547302,0.3417064845561981,-0.3277492821216583
0.5556035041809082,0.3472360372543335,-0.1572146862745285
0.5039008855819702,0.3476044535636902,-0.15101593732833862
0.5411365032196045,0.35754430294036865,-0.2941012978553772
0.5195423364639282,0.35755279660224915,-0.2924904525279999
0.6016297340393066,0.4022621214389801,-0.053352948278188705
0.4680154025554657,0.40018782019615173,-0.06370902806520462
0.6334558129310608,0.4570826590061188,-0.2509426474571228
0.436112642288208,0.45902934670448303,-0.2691124975681305
0.6498053669929504,0.40854954719543457,-0.5948253870010376
0.41355594992637634,0.41110938787460327,-0.6381330490112305
0.6515373587608337,0.39882585406303406,-0.6606273651123047
0.4085761606693268,0.3967694640159607,-0.7110260128974915
0.6482667326927185,0.39460134506225586,-0.6543511748313904
0.41502201557159424,0.3933005630970001,-0.7090615630149841
0.6439427733421326,0.39730972051620483,-0.601446807384491
0.41815185546875,0.396563857793808,-0.6478576064109802
0.5696988701820374,0.5194409489631653,0.0006222697556950152
0.4856500029563904,0.5166248679161072,-0.0008190075750462711
0.5831243991851807,0.6083552837371826,0.022484492510557175
0.4694059193134308,0.6068223118782043,-0.02944510243833065
0.595216691493988,0.6895433068275452,0.2687808871269226
0.4584241509437561,0.6882224082946777,0.22037437558174133
0.5877603888511658,0.6997972726821899,0.28304219245910645
0.4672570824623108,0.6968274712562561,0.2358390837907791
0.6195502281188965,0.7162671685218811,0.09604177623987198
0.44107720255851746,0.7164338827133179,0.043048299849033356
-
0.5306887030601501,0.34705984592437744,-0.3415948450565338
0.538670003414154,0.34097063541412354,-0.31209227442741394
0.5446227788925171,0.3413521349430084,-0.31218186020851135
0.5488197803497314,0.34181487560272217,-0.31220921874046326
0.5209270715713501,0.34096699953079224,-0.31108638644218445
0.5154092907905579,0.34133610129356384,-0.31107860803604126
0.5091186165809631,0.3417525291442871,-0.31105613708496094
0.5555823445320129,0.34724780917167664,-0.13691461086273193
0.5039029121398926,0.34763219952583313,-0.13556529581546783
0.5411593914031982,0.35759133100509644,-0.27781885862350464
0.5195618867874146,0.3576046824455261,-0.277492493391037
0.6014029383659363,0.4024437963962555,-0.034406792372465134
0.4678797423839569,0.4009055197238922,-0.050925981253385544
0.6298794150352478,0.4580884873867035,-0.22463251650333405
0.4385717213153839,0.46057242155075073,-0.25021466612815857
0.6488774418830872,0.4088214039802551,-0.5847814083099365
0.41544872522354126,0.41544365882873535,-0.6325860023498535
0.6510990262031555,0.3993528485298157,-0.6459699273109436
0.40904107689857483,0.40097466111183167,-0.7062901258468628
0.647931694984436,0.39508020877838135,-0.6361584663391113
0.41495561599731445,0.39673614501953125,-0.7056350708007812
0.6436678767204285,0.3977147936820984,-0.5870749950408936
0.41815078258514404,0.3997829258441925,-0.6428645849227905
0.569415807723999,0.5194633603096008,0.0023747379891574383
0.48564717173576355,0.5166267156600952,-0.0025690910406410694
0.5830799341201782,0.6081077456474304,0.030236689373850822
0.46941840648651123,0.6068052649497986,-0.028533874079585075
0.5953601598739624,0.689470112323761,0.28859391808509827
0.45850884914398193,0.6881899833679199,0.22102856636047363
0.5884435772895813,0.6997305154800415,0.3039398193359375
0.46725034713745117,0.6965878009796143,0.2363431304693222
0.6196686625480652,0.7162671685218811,0.11747558414936066
0.4417659342288971,0.7164024710655212,0.042618680745363235
-
0.5306128263473511,0.3471111059188843,-0.3392695188522339
0.5386117696762085,0.3410499691963196,-0.30963125824928284
0.5445681810379028,0.3414040803909302,-0.30971822142601013
0.5488291382789612,0.34184813499450684,-0.30974605679512024
0.5208945870399475,0.34126049280166626,-0.30853956937789917
0.5153944492340088,0.34173744916915894,-0.30853375792503357
0.5091115236282349,0.34218016266822815,-0.3085152804851532
0.5555546879768372,0.3473713994026184,-0.1347280740737915
0.5038989782333374,0.34789878129959106,-0.13302455842494965
0.5411638617515564,0.35768938064575195,-0.2757215201854706
0.5195518732070923,0.35777658224105835,-0.27532413601875305
0.6011718511581421,0.40284037590026855,-0.03166181966662407
0.4678758978843689,0.4015372395515442,-0.05064744874835014
0.6279701590538025,0.45869413018226624,-0.2200741171836853
0.440155029296875,0.4610111117362976,-0.24771450459957123
0.6483185887336731,0.4088555872440338,-0.5792989134788513
0.416280061006546,0.41627320647239685,-0.6322807669639587
0.6509712338447571,0.3995184600353241,-0.6391581892967224
0.4091103971004486,0.40181055665016174,-0.7058971524238586
0.6477895975112915,0.39526817202568054,-0.6298777461051941
0.41475600004196167,0.3972923755645752,-0.7064675092697144
0.6435072422027588,0.39799565076828003,-0.5801389217376709
0.4181326925754547,0.40018805861473083,-0.6431618928909302
0.5692616701126099,0.5195883512496948,0.0049279131926596165
0.48565229773521423,0.5166435837745667,-0.00512284692376852
0.5830552577972412,0.6080995202064514,0.03919399529695511
0.46941375732421875,0.6068259477615356,-0.027398046106100082
0.5953613519668579,0.6891754269599915,0.2902546525001526
0.4585025906562805,0.6881638765335083,0.21873880922794342
0.588445246219635,0.6995090246200562,0.30550622940063477
0.46716248989105225,0.6962507963180542,0.2335273176431656
0.6197701096534729,0.716056764125824,0.12871509790420532
0.44187813997268677,0.7160679697990417,0.03872634470462799
-
0.5305778980255127,0.34729403257369995,-0.34816136956214905
0.5386509299278259,0.34117865562438965,-0.3193392753601074
0.5446793437004089,0.3415423035621643,-0.3194546699523926
0.5489701628684998,0.3420167863368988,-0.3194597065448761
0.520885705947876,0.3413878381252289,-0.3194684386253357
0.515362560749054,0.3418859839439392,-0.3194761574268341
0.5091014504432678,0.34235483407974243,-0.3194889724254608
0.5556908845901489,0.3476431667804718,-0.1393003612756729
0.5039128661155701,0.348019003868103,-0.14421482384204865
0.5411999821662903,0.358115553855896,-0.28247907757759094
0.5195353031158447,0.3581719994544983,-0.2843487560749054
0.6012013554573059,0.40338143706321716,-0.04237659275531769
0.467875599861145,0.40154606103897095,-0.061954107135534286
0.6279499530792236,0.4591279923915863,-0.2275586873292923
0.4403517544269562,0.46063193678855896,-0.26239830255508423
0.6476517915725708,0.40860313177108765,-0.5974211096763611
0.4169902503490448,0.415029376745224,-0.6534042954444885
0.650057315826416,0.3996230661869049,-0.6639410853385925
0.40930116176605225,0.4006497263908386,-0.728611946105957
0.6470731496810913,0.39550238847732544,-0.6595569849014282
0.41472455859184265,0.39604243636131287,-0.7287521958351135
0.6429025530815125,0.39817723631858826,-0.6041571497917175
0.41839170455932617,0.3988557457923889,-0.6640517711639404
0.5692164301872253,0.5199153423309326,0.005453342571854591
0.4856535494327545,0.5167088508605957,-0.005660155788064003
0.5830156803131104,0.6081540584564209,0.05798586085438728
0.4693915545940399,0.6068688035011292,-0.026533132418990135
0.5953386425971985,0.688386857509613,0.340927392244339
0.4580210745334625,0.6884079575538635,0.2201157659292221
0.5884318947792053,0.6986700296401978,0.35917922854423523
0.4666568636894226,0.696259617805481,0.23503254354000092
0.6203672289848328,0.7160600423812866,0.17925480008125305
0.44103559851646423,0.7162408232688904,0.03942056745290756
-
0.530631959438324,0.3472984731197357,-0.3556053638458252
0.5387453436851501,0.34117719531059265,-0.3286973536014557
0.544819712638855,0.34153202176094055,-0.32881760597229004
0.5491047501564026,0.3420117199420929,-0.3288305401802063
0.5209386348724365,0.34139540791511536,-0.32816603779792786
0.5153719782829285,0.3419000208377838,-0.32818034291267395
0.5091264843940735,0.3423900902271271,-0.328210711479187
0.5560711622238159,0.34767937660217285,-0.14925989508628845
0.5039466023445129,0.34805333614349365,-0.15103843808174133
0.5414172410964966,0.35812824964523315,-0.28872817754745483
0.519582986831665,0.3582090735435486,-0.2902868092060089
0.6012500524520874,0.4031822085380554,-0.048107221722602844
0.46791279315948486,0.40131086111068726,-0.06434672325849533
0.6272081732749939,0.4593032896518707,-0.23321042954921722
0.4401717782020569,0.4596342444419861,-0.26293283700942993
0.6475332379341125,0.40985384583473206,-0.5966973900794983
0.4167453348636627,0.4133334755897522,-0.65385502576828
0.6500079035758972,0.4001077711582184,-0.6636442542076111
0.4092513620853424,0.3994874060153961,-0.7288111448287964
0.6470733880996704,0.39580583572387695,-0.660409688949585
0.4146128296852112,0.39508339762687683,-0.7298600077629089
0.6429203152656555,0.39859282970428467,-0.6043936610221863
0.4183617830276489,0.3979731798171997,-0.6649877429008484
0.5692206621170044,0.5199278593063354,0.005458620842546225
0.4857196509838104,0.5166450142860413,-0.00566479517146945
0.5828176140785217,0.6081587672233582,0.056582264602184296
0.46958157420158386,0.6068477630615234,-0.03264598548412323
0.5951616764068604,0.6881174445152283,0.33737286925315857
0.45788681507110596,0.6884149312973022,0.21223630011081696
0.5882869958877563,0.6985167264938354,0.3550589978694916
0.46636420488357544,0.6962500214576721,0.22704221308231354
0.6203097701072693,0.7160338163375854,0.17197662591934204
0.4412675201892853,0.716361403465271,0.029722115024924278
-
0.5306081771850586,0.3473023772239685,-0.3648569881916046
0.53872150182724,0.3411674499511719,-0.33836162090301514
0.5447958111763,0.3415068984031677,-0.3384658098220825
0.549104630947113,0.3419867157936096,-0.3384990394115448
0.5209268927574158,0.34140127897262573,-0.3370005488395691
0.5153530240058899,0.3419042229652405,-0.3370169997215271
0.5091305375099182,0.3423996567726135,-0.3370407521724701
0.5560988783836365,0.34768301248550415,-0.1611025035381317
0.5039940476417542,0.34807977080345154,-0.15833096206188202
0.5414103865623474,0.3581276535987854,-0.2984091639518738
0.5195726752281189,0.3582090735435486,-0.29868537187576294
0.6013723611831665,0.4029974043369293,-0.05113479122519493
0.46791425347328186,0.40115946531295776,-0.0685698539018631
0.62953120470047,0.45852193236351013,-0.24397015571594238
0.43935444951057434,0.45814886689186096,-0.2663570046424866
0.6476774215698242,0.4088868498802185,-0.5998128056526184
0.4164545238018036,0.41045841574668884,-0.6558203101158142
0.6500216126441956,0.3988490104675293,-0.6661009788513184
0.4091786742210388,0.3969762325286865,-0.7304067015647888
0.6469672322273254,0.3942171037197113,-0.6611403822898865
0.4144537150859833,0.39261481165885925,-0.7306366562843323
0.6429128646850586,0.39717358350753784,-0.6066874861717224
0.41834408044815063,0.3958039879798889,-0.6667510271072388
0.5692459344863892,0.5198801159858704,0.005455598700791597
0.48589906096458435,0.5165216326713562,-0.0056612794287502766
0.5826947689056396,0.6081640720367432,0.050420310348272324
0.46969762444496155,0.6068465113639832,-0.035407863557338715
0.595079779624939,0.6880179643630981,0.32863849401474
0.4577743113040924,0.688421368598938,0.20732825994491577
0.5881866216659546,0.698459267616272,0.34630903601646423
0.46605318784713745,0.696245551109314,0.2220558226108551
0.6201844811439514,0.716027021408081,0.16198796033859253
0.4420882761478424,0.7164173722267151,0.024200785905122757
-
0.5303342342376709,0.3471762537956238,-0.37396439909935
0.5386521816253662,0.3410119116306305,-0.3472406268119812
0.5447401404380798,0.3413233160972595,-0.3473205864429474
0.5491008758544922,0.3418104946613312,-0.3473657965660095
0.5208635330200195,0.341215580701828,-0.34482166171073914
0.5152302980422974,0.3416394293308258,-0.34483596682548523
0.5091195702552795,0.3421640396118164,-0.3448411226272583
0.5561553835868835,0.3476502001285553,-0.17097195982933044
0.5040071606636047,0.34799060225486755,-0.1634286642074585
0.5413347482681274,0.3580366373062134,-0.30808764696121216
0.5193836092948914,0.358027845621109,-0.3066565692424774
0.6013652682304382,0.4029148519039154,-0.05958890914916992
0.46802106499671936,0.4004967212677002,-0.07124197483062744
0.6307504177093506,0.45686984062194824,-0.25674211978912354
0.4378936290740967,0.4572761058807373,-0.27338066697120667
0.6477388739585876,0.40733107924461365,-0.6009106636047363
0.41637852787971497,0.40826162695884705,-0.6662633419036865
0.6496399641036987,0.3971019387245178,-0.6668548583984375
0.40914085507392883,0.39467746019363403,-0.7419552206993103
0.6463150978088379,0.3924713134765625,-0.6602325439453125
0.41441458463668823,0.39063239097595215,-0.7396999597549438
0.6424127221107483,0.3956352472305298,-0.6068663597106934
0.41835856437683105,0.393928587436676,-0.6762782335281372
0.5692969560623169,0.5197486877441406,0.005093540996313095
0.4859156012535095,0.5163766741752625,-0.005298662930727005
0.5825820565223694,0.6081993579864502,0.03899605572223663
0.4696974456310272,0.6069949269294739,-0.036255110055208206
0.5950338244438171,0.6878812313079834,0.32770660519599915
0.45765185356140137,0.6884155869483948,0.21094487607479095
0.5881744027137756,0.6983097791671753,0.345234215259552
0.4657914340496063,0.6961857676506042,0.22573812305927277
0.6197039484977722,0.716022789478302,0.16038812696933746
0.4429095387458801,0.716500997543335,0.02858048491179943
-
0.5299121141433716,0.34713858366012573,-0.3858680725097656
0.5385895371437073,0.340921014547348,-0.35761991143226624
0.544707715511322,0.34120792150497437,-0.3576766550540924
0.5490954518318176,0.34170329570770264,-0.3577251434326172
0.5207329392433167,0.3410593569278717,-0.3553593158721924
0.5149821639060974,0.3413954973220825,-0.355371356010437
0.5090706944465637,0.34192028641700745,-0.35534805059432983
0.5561890006065369,0.3476463854312897,-0.17825794219970703
0.5040100812911987,0.3478888273239136,-0.17170241475105286
0.5410805940628052,0.35800185799598694,-0.3194144666194916
0.5189567804336548,0.3579440116882324,-0.3180837631225586
0.601300835609436,0.4028836786746979,-0.06527065485715866
0.46802547574043274,0.40005263686180115,-0.07758671790361404
0.6355034708976746,0.4558715224266052,-0.26039692759513855
0.43742960691452026,0.4562644362449646,-0.28229284286499023
0.6477974057197571,0.40662437677383423,-0.595250129699707
0.41570329666137695,0.4073355793952942,-0.6729744076728821
0.6493394374847412,0.39630523324012756,-0.6609757542610168
0.40891629457473755,0.39453715085983276,-0.7498556971549988
0.6454737186431885,0.3919869065284729,-0.6546550989151001
0.41438624262809753,0.390245646238327,-0.7453831434249878
0.6415284276008606,0.39500242471694946,-0.6012289524078369
0.4183519184589386,0.39349210262298584,-0.681897759437561
0.5693669319152832,0.5197494626045227,0.005003194324672222
0.48595988750457764,0.5163800716400146,-0.0052093020640313625
0.5824918746948242,0.6082409620285034,0.03884153813123703
0.469729483127594,0.6070584058761597,-0.0347767248749733
0.5950226187705994,0.6878498196601868,0.32992714643478394
0.45755141973495483,0.6883800625801086,0.21686959266662598
0.5881649851799011,0.6982555985450745,0.3487493097782135
0.46548202633857727,0.6960047483444214,0.23321247100830078
0.6193652153015137,0.7160213589668274,0.1620785892009735
0.4433879852294922,0.7165170311927795,0.034218136221170425
-
0.5286878943443298,0.3471103012561798,-0.3815079927444458
0.5381906628608704,0.34086528420448303,-0.3523906171321869
0.5442869663238525,0.34111493825912476,-0.3524404764175415
0.5489662885665894,0.3415950536727905,-0.35249584913253784
0.5201857089996338,0.3410016596317291,-0.3499795198440552
0.5141866207122803,0.3413121700286865,-0.3499848544597626
0.5087999701499939,0.34183770418167114,-0.34993764758110046
0.5560373663902283,0.34760022163391113,-0.17175529897212982
0.5039538145065308,0.34784871339797974,-0.1645525097846985
0.5397563576698303,0.3578309714794159,-0.31471505761146545
0.5178146958351135,0.3577773869037628,-0.3132743537425995
0.6005898118019104,0.40160393714904785,-0.0621824637055397
0.46780282258987427,0.3990522027015686,-0.06970331072807312
0.6409931778907776,0.4501149654388428,-0.24960501492023468
0.4346233308315277,0.45499706268310547,-0.279872864484787
0.6477356553077698,0.40096768736839294,-0.5659192204475403
0.41403529047966003,0.4016435146331787,-0.6633300185203552
0.6495670080184937,0.39153534173965454,-0.6308144330978394
0.4086350202560425,0.39023295044898987,-0.7399592995643616
0.6454765796661377,0.3885439932346344,-0.6222555637359619
0.41412314772605896,0.3868083357810974,-0.7356195449829102
0.6412680149078369,0.3913688063621521,-0.5708439350128174
0.417951762676239,0.39009803533554077,-0.672459602355957
0.569396436214447,0.519752025604248,0.004335695877671242
0.4860749840736389,0.5164057016372681,-0.0045394557528197765
0.5824289321899414,0.6082814335823059,0.034823182970285416
0.46973368525505066,0.6071487069129944,-0.034089285880327225
0.5950170159339905,0.6878411173820496,0.3296932578086853
0.45746731758117676,0.6883562207221985,0.22161051630973816
0.5881590247154236,0.698239803314209,0.3478180468082428
0.4653904438018799,0.695862889289856,0.2383294403553009
0.619236171245575,0.7160224318504333,0.16136828064918518
0.4433852434158325,0.7165658473968506,0.04198182374238968
-
0.5286992192268372,0.347068727016449,-0.3509840965270996
0.5381783843040466,0.3408600687980652,-0.32178133726119995
0.5442509055137634,0.3411006033420563,-0.3218342363834381
0.5489246845245361,0.3415762782096863,-0.3219040632247925
0.5201799869537354,0.3410090208053589,-0.31928837299346924
0.5141823887825012,0.3413292169570923,-0.3192777931690216
0.5087747573852539,0.3418664336204529,-0.3192214071750641
0.5558808445930481,0.3475984036922455,-0.14409862458705902
0.5039311051368713,0.34798017144203186,-0.13613608479499817
0.5397787690162659,0.357683002948761,-0.2856423556804657
0.517918050289154,0.35768312215805054,-0.2838050127029419
0.6004481911659241,0.40009933710098267,-0.03830260783433914
0.4679628014564514,0.39757591485977173,-0.04013530910015106
0.6490969657897949,0.4432346224784851,-0.22151419520378113
0.4272855222225189,0.44834795594215393,-0.23446057736873627
0.6477242112159729,0.39467892050743103,-0.5307955145835876
0.40978559851646423,0.3954046070575714,-0.6159683465957642
0.6496855616569519,0.3859288692474365,-0.594921350479126
0.40855658054351807,0.3845735490322113,-0.6926606297492981
0.6454868912696838,0.3839311897754669,-0.5842916369438171
0.4140952229499817,0.3817576766014099,-0.6887357234954834
0.6412733197212219,0.38658231496810913,-0.5349028706550598
0.4174196124076843,0.3847706913948059,-0.6255477070808411
0.5694060325622559,0.5197556018829346,0.004100529011338949
0.48617392778396606,0.5164108276367188,-0.004292901139706373
0.5822679996490479,0.6082842350006104,0.02434486337006092
0.46973296999931335,0.6072646379470825,-0.029252754524350166
0.594930112361908,0.6878384351730347,0.30636167526245117
0.4574306607246399,0.6883527040481567,0.22744609415531158
0.5879658460617065,0.6981379985809326,0.3240364193916321
0.46533867716789246,0.6957733631134033,0.24363458156585693
0.618756115436554,0.7160614132881165,0.13358522951602936
0.4432508647441864,0.7166401147842407,0.047329775989055634
-
0.5281305313110352,0.3473735749721527,-0.38181474804878235
0.5377153754234314,0.3409866988658905,-0.3534852862358093
0.5436927676200867,0.34118902683258057,-0.3535201847553253
0.5485764145851135,0.34162670373916626,-0.3535977900028229
0.5196880102157593,0.3413364589214325,-0.34838011860847473
0.5136464238166809,0.3417181670665741,-0.3483836352825165
0.5084103941917419,0.3422474265098572,-0.3483116924762726
0.5553498864173889,0.3475925326347351,-0.1785605251789093
0.5037199854850769,0.3482189476490021,-0.1576184332370758
0.5393156409263611,0.3577989339828491,-0.3175913989543915
0.5175096988677979,0.35785943269729614,-0.3121339976787567
0.6004465222358704,0.3987346291542053,-0.07396943122148514
0.4679587781429291,0.3966313600540161,-0.05071992427110672
0.6635212898254395,0.440812885761261,-0.2798644006252289
0.4167034924030304,0.4413054585456848,-0.23823189735412598
0.6501619815826416,0.39116746187210083,-0.59230637550354
0.40802159905433655,0.388536274433136,-0.6231752038002014
0.6503193378448486,0.3797997236251831,-0.6595345735549927
0.4084407389163971,0.377275288105011,-0.6995072960853577
0.6454901099205017,0.3782261908054352,-0.6423481106758118
0.41410213708877563,0.3750637471675873,-0.6940472722053528
0.6412774324417114,0.38160961866378784,-0.5934906601905823
0.4173564016819,0.3782923221588135,-0.6318846940994263
0.5694018602371216,0.5197571516036987,0.0030244586523622274
0.4861782193183899,0.5165566205978394,-0.003218876663595438
0.5821574330329895,0.608270525932312,0.026718659326434135
0.4697262644767761,0.607424795627594,-0.01358877681195736
0.5948933959007263,0.6878278255462646,0.3198961615562439
0.4574219882488251,0.6883457899093628,0.2540903389453888
0.5877811312675476,0.6980687975883484,0.34045732021331787
0.4653361141681671,0.6957346200942993,0.27095827460289
0.6186524629592896,0.7161155939102173,0.14853553473949432
0.4432013928890228,0.716655969619751,0.07186012715101242
-
0.5281701683998108,0.3473394513130188,-0.3884045481681824
0.5377066731452942,0.34092479944229126,-0.3586682975292206
0.5436854958534241,0.34112367033958435,-0.35869354009628296
0.5485517978668213,0.3415607213973999,-0.35877740383148193
0.5198102593421936,0.34125620126724243,-0.3544882535934448
0.5138238072395325,0.34164169430732727,-0.3544807732105255
0.5084529519081116,0.34217569231987,-0.3543964922428131
0.5553141236305237,0.34743452072143555,-0.1836140751838684
0.503724217414856,0.34819719195365906,-0.1673741191625595
0.5393238067626953,0.3577931523323059,-0.3247719407081604
0.5177426934242249,0.3578380048274994,-0.3206765949726105
0.6002510786056519,0.39804208278656006,-0.08127303421497345
0.4678588807582855,0.39619171619415283,-0.06181278079748154
0.6741618514060974,0.4363830089569092,-0.284685343503952
0.4071386456489563,0.4367203712463379,-0.2425658404827118
0.6586213707923889,0.38331472873687744,-0.5903602838516235
0.40650618076324463,0.3808654248714447,-0.619719922542572
0.654120683670044,0.37060707807540894,-0.653352677822113
0.4074290692806244,0.3676888942718506,-0.6951541900634766
0.6473547220230103,0.3685165047645569,-0.625566840171814
0.41403061151504517,0.3661496043205261,-0.6828314661979675
0.6447867751121521,0.3720429837703705,-0.5845409631729126
0.4169941246509552,0.3706201910972595,-0.625465452671051
0.5694702863693237,0.5196725726127625,0.0030852053314447403
0.4861832857131958,0.516619086265564,-0.0032893293537199497
0.582066535949707,0.6082754135131836,0.04371803253889084
0.4695420563220978,0.6076287031173706,0.0009495808626525104
0.5948906540870667,0.6878266334533691,0.34969502687454224
0.4573807120323181,0.688309371471405,0.2724940776824951
0.5876112580299377,0.6980639696121216,0.37102124094963074
0.4653085172176361,0.695616602897644,0.2896758019924164
0.6186506748199463,0.7161882519721985,0.1854916661977768
0.44291242957115173,0.716651976108551,0.09211067855358124
-
0.5270675420761108,0.34879690408706665,-0.3879843056201935
0.5363619327545166,0.34208041429519653,-0.35875287652015686
0.5423362851142883,0.34211841225624084,-0.35877570509910583
0.5474664568901062,0.3423912227153778,-0.35885974764823914
0.5192998051643372,0.34263402223587036,-0.35348039865493774
0.5135784149169922,0.34297478199005127,-0.35347068309783936
0.5082884430885315,0.34335026144981384,-0.35339757800102234
0.5548183917999268,0.3476104140281677,-0.18589399755001068
0.5036929845809937,0.34849172830581665,-0.1664017289876938
0.5380759239196777,0.359054833650589,-0.3250316083431244
0.5174097418785095,0.35940128564834595,-0.319376140832901
0.5998642444610596,0.39751136302948,-0.08572380989789963
0.4678066670894623,0.395788311958313,-0.06122153252363205
0.6803515553474426,0.42945194244384766,-0.2875141501426697
0.40386348962783813,0.42797383666038513,-0.24517406523227692
0.6617333292961121,0.373634397983551,-0.5656925439834595
0.4061768352985382,0.37089625000953674,-0.596018373966217
0.6556742191314697,0.3596198856830597,-0.6250552535057068
0.40745535492897034,0.3569478392601013,-0.669915497303009
0.6487473249435425,0.35713374614715576,-0.5995544791221619
0.4140409827232361,0.3553365170955658,-0.6533097624778748
0.6469866633415222,0.361644446849823,-0.5608647465705872
0.4167497754096985,0.3610173463821411,-0.6003260612487793
0.5695177912712097,0.5196232795715332,0.003079174319282174
0.48608559370040894,0.5166919827461243,-0.003286515362560749
0.5820543169975281,0.6082879304885864,0.04455643147230148
0.46948984265327454,0.607753336429596,0.00851913820952177
0.5948519110679626,0.6878398656845093,0.3429575264453888
0.4573628604412079,0.6882489323616028,0.2766152620315552
0.5872206091880798,0.6980636715888977,0.36311644315719604
0.4651840925216675,0.6954927444458008,0.29311880469322205
0.6186994910240173,0.7162328958511353,0.17674557864665985
0.44288456439971924,0.7165054082870483,0.09383169561624527
-
0.5255483388900757,0.34992820024490356,-0.391287624835968
0.534876823425293,0.3428570032119751,-0.3616079092025757
0.5410158038139343,0.34279492497444153,-0.3616155982017517
0.5465375781059265,0.34297090768814087,-0.36169371008872986
0.5177637338638306,0.34354835748672485,-0.35527148842811584
0.5122458338737488,0.34388434886932373,-0.35526931285858154
0.5075534582138062,0.34414011240005493,-0.35521891713142395
0.5542377233505249,0.34775659441947937,-0.18967492878437042
0.5032484531402588,0.34855860471725464,-0.16549284756183624
0.5368967652320862,0.3598734736442566,-0.3289586305618286
0.5162377953529358,0.3601393401622772,-0.3216342031955719
0.5993971824645996,0.39704984426498413,-0.0935085117816925
0.46661439538002014,0.3956630229949951,-0.06178290396928787
0.683868408203125,0.4221910536289215,-0.29412421584129333
0.396733820438385,0.4197600483894348,-0.24722647666931152
0.6615035533905029,0.36509013175964355,-0.554340124130249
0.40622398257255554,0.36166077852249146,-0.5794844627380371
0.6560924649238586,0.35026392340660095,-0.6129160523414612
0.4076036214828491,0.34845227003097534,-0.6532620787620544
0.649176299571991,0.3488221764564514,-0.5895971655845642
0.41436851024627686,0.3472023010253906,-0.6313091516494751
0.6473811864852905,0.35387593507766724,-0.5510581731796265
0.4167782664299011,0.3524261713027954,-0.5820633769035339
0.5696718692779541,0.5196434259414673,0.003053119871765375
0.48587125539779663,0.5169467329978943,-0.003267051884904504
0.5820345282554626,0.6083599328994751,0.043386079370975494
0.4694628119468689,0.6079152822494507,0.01335205603390932
0.5948165059089661,0.6878467798233032,0.34371131658554077
0.45735421776771545,0.6881715059280396,0.2894017696380615
0.5868410468101501,0.6980603337287903,0.3642796277999878
0.4650757312774658,0.6953238248825073,0.30633360147476196
0.618743896484375,0.7163065671920776,0.1740817427635193
0.4428830146789551,0.7164562344551086,0.1038551852107048
-
0.5256167054176331,0.3498276174068451,-0.38448816537857056
0.5349056720733643,0.3428316116333008,-0.350616991519928
0.5410395264625549,0.34275883436203003,-0.35060015320777893
0.5465302467346191,0.34294918179512024,-0.35067862272262573
0.5178337097167969,0.34319156408309937,-0.34636035561561584
0.5123234391212463,0.3434613049030304,-0.3463737964630127
0.5075733065605164,0.34370937943458557,-0.3463476896286011
0.553943395614624,0.3477270007133484,-0.17373254895210266
0.5032360553741455,0.3482561707496643,-0.15601247549057007
0.5369446873664856,0.35985004901885986,-0.3215601444244385
0.5161990523338318,0.36007171869277954,-0.3161713182926178
0.5993619561195374,0.3961558938026428,-0.07948664575815201
0.4648067057132721,0.3955332338809967,-0.06202421337366104
0.6908606886863708,0.41083765029907227,-0.23807743191719055
0.38877367973327637,0.4098171591758728,-0.24113477766513824
0.6624760627746582,0.35587042570114136,-0.4437825381755829
0.4056192934513092,0.35272452235221863,-0.5200629830360413
0.6580978631973267,0.34125688672065735,-0.4979361295700073
0.40757161378860474,0.33904722332954407,-0.5921624898910522
0.650418221950531,0.3404718339443207,-0.47897180914878845
0.41435736417770386,0.33836472034454346,-0.5699301958084106
0.648566484451294,0.34564778208732605,-0.44253167510032654
0.4167208671569824,0.34272879362106323,-0.522356390953064
0.5702505707740784,0.5197514295578003,0.005923727992922068
0.48584604263305664,0.5172984600067139,-0.006129707675427198
0.5820181965827942,0.6085754632949829,0.045308779925107956
0.4694615602493286,0.6081395745277405,0.014733446761965752
0.5947958827018738,0.6879011988639832,0.3430432975292206
0.45735037326812744,0.6881040334701538,0.2889818549156189
0.5865415930747986,0.6980692148208618,0.362868070602417
0.4649588167667389,0.6951824426651001,0.305430144071579
0.6190560460090637,0.716478705406189,0.1717986911535263
0.4428841769695282,0.7163771986961365,0.10391826927661896
-
0.5261958837509155,0.34885069727897644,-0.364867240190506
0.535175085067749,0.34174293279647827,-0.32761895656585693
0.5412426590919495,0.34191542863845825,-0.3276073932647705
0.5466025471687317,0.3422679305076599,-0.32768574357032776
0.518345296382904,0.34171217679977417,-0.3251543939113617
0.5129402875900269,0.3419334292411804,-0.3251723051071167
0.5078806281089783,0.34223660826683044,-0.3251393437385559
0.5539565682411194,0.3474828004837036,-0.14545804262161255
0.5032515525817871,0.3475521504878998,-0.1337488740682602
0.5374874472618103,0.35933899879455566,-0.3008054196834564
0.516522228717804,0.35925352573394775,-0.29767388105392456
0.5993656516075134,0.39517340064048767,-0.05418252572417259
0.4646579623222351,0.39512795209884644,-0.04400917515158653
0.6928924322128296,0.4002567231655121,-0.18659129738807678
0.3834194242954254,0.40132150053977966,-0.17431631684303284
0.6640757918357849,0.34593409299850464,-0.3658415377140045
0.4054954946041107,0.34414371848106384,-0.3989502787590027
0.6593668460845947,0.3329351842403412,-0.42071282863616943
0.4074153006076813,0.33150118589401245,-0.4685012400150299
0.6513590216636658,0.3309953212738037,-0.405608594417572
0.4143314063549042,0.33139875531196594,-0.4501846730709076
0.6500194072723389,0.3353135883808136,-0.36685121059417725
0.4165665805339813,0.33555054664611816,-0.40272781252861023
0.5708226561546326,0.5197754502296448,0.00600805226713419
0.48599040508270264,0.5174720883369446,-0.006195046938955784
0.5820086598396301,0.6086666584014893,0.0409710556268692
0.4694805145263672,0.6082350015640259,0.013259703293442726
0.5944384932518005,0.6880548000335693,0.3285170793533325
0.45734378695487976,0.6878897547721863,0.28201231360435486
0.5860238671302795,0.6981778740882874,0.34596243500709534
0.4645666480064392,0.6949849128723145,0.2975025177001953
0.619062066078186,0.7165631055831909,0.1411542296409607
0.44296395778656006,0.7159550786018372,0.09454988688230515
-
0.526383101940155,0.3488386869430542,-0.36210301518440247
0.5351998209953308,0.3417181968688965,-0.32469576597213745
0.5412457585334778,0.34188157320022583,-0.32469823956489563
0.5465844869613647,0.3422192633152008,-0.32479292154312134
0.5183587670326233,0.3417133092880249,-0.32223811745643616
0.5129457712173462,0.3419443964958191,-0.32225269079208374
0.5078604817390442,0.3422437310218811,-0.32221776247024536
0.5536750555038452,0.347472608089447,-0.13837163150310516
0.5031616687774658,0.3475607633590698,-0.12535648047924042
0.5376113057136536,0.3593171238899231,-0.2960978150367737
0.5167527198791504,0.35923877358436584,-0.29283463954925537
0.5993597507476807,0.3944908082485199,-0.0399053581058979
0.46410420536994934,0.3941151797771454,-0.029925817623734474
0.6949172616004944,0.39036864042282104,-0.16765081882476807
0.3818745017051697,0.3913642466068268,-0.12915930151939392
0.6648810505867004,0.3378829061985016,-0.3436168134212494
0.40306946635246277,0.3370351195335388,-0.3221660256385803
0.6591176986694336,0.32386189699172974,-0.4003256559371948
0.40642526745796204,0.32313039898872375,-0.39015480875968933
0.6512614488601685,0.32198017835617065,-0.38504302501678467
0.4133414924144745,0.3218640685081482,-0.3750401437282562
0.6501530408859253,0.3270827829837799,-0.3453174829483032
0.41481783986091614,0.32714617252349854,-0.327237993478775
0.5708376169204712,0.5197470784187317,0.0059735411778092384
0.4859864115715027,0.5175508260726929,-0.006156764458864927
0.5819998979568481,0.6087068915367126,0.030049413442611694
0.46948421001434326,0.6083112955093384,0.010645432397723198
0.5942321419715881,0.6882010102272034,0.3244521915912628
0.4573374092578888,0.6877623200416565,0.284212589263916
0.5859881639480591,0.698311448097229,0.3422495424747467
0.4643135070800781,0.6948896646499634,0.29966962337493896
0.6190184354782104,0.7166572213172913,0.13081680238246918
0.4431021511554718,0.7158192992210388,0.09055381268262863
-
0.5264407396316528,0.34877461194992065,-0.36414358019828796
0.5350983738899231,0.34167635440826416,-0.3275100290775299
0.5409847497940063,0.34179019927978516,-0.32752224802970886
0.5463199019432068,0.3420720398426056,-0.327623575925827
0.5183493494987488,0.3417326509952545,-0.3239738345146179
0.5129386782646179,0.34199562668800354,-0.3239791989326477
0.5078348517417908,0.34229347109794617,-0.32394737005233765
0.5528092384338379,0.347419798374176,-0.14056405425071716
0.5030244588851929,0.34756797552108765,-0.12016964703798294
0.5376419425010681,0.359197199344635,-0.29814907908439636
0.5170451998710632,0.35919326543807983,-0.2935600280761719
0.5991219282150269,0.3936881422996521,-0.04083648696541786
0.46393564343452454,0.3929118812084198,-0.019859926775097847
0.6956894993782043,0.3804936707019806,-0.1640864461660385
0.3821844458580017,0.3823900520801544,-0.07802128046751022
0.6642581224441528,0.3274097442626953,-0.32274818420410156
0.4028097689151764,0.32698559761047363,-0.21461716294288635
0.6589429974555969,0.3118160367012024,-0.37943732738494873
0.40456944704055786,0.31291764974594116,-0.2775687575340271
0.6511908769607544,0.3112383484840393,-0.3648662269115448
0.4125083386898041,0.3124125599861145,-0.26341912150382996
0.649953305721283,0.3163561224937439,-0.32513338327407837
0.4142625033855438,0.3170439600944519,-0.21967455744743347
0.5708103775978088,0.519687831401825,0.005677985493093729
0.4859662353992462,0.5175824165344238,-0.005802931264042854
0.5820392370223999,0.6087726354598999,0.028176626190543175
0.46948355436325073,0.6084036231040955,0.01293470710515976
0.5944381952285767,0.6882761716842651,0.3247015178203583
0.4573453664779663,0.6881435513496399,0.29392385482788086
0.5863409042358398,0.6985552906990051,0.3425954282283783
0.4648001492023468,0.6952966451644897,0.3092859387397766
0.622975766658783,0.7166925668716431,0.13500002026557922
0.44197195768356323,0.7159737944602966,0.09276854991912842
-
0.5274538397789001,0.34868302941322327,-0.36563724279403687
0.5351487994194031,0.3417018949985504,-0.3299291729927063
0.5409948825836182,0.34181708097457886,-0.3299434781074524
0.5463219881057739,0.3420800566673279,-0.330036997795105
0.5185800194740295,0.341785192489624,-0.326215922832489
0.513209342956543,0.3420591354370117,-0.3262178897857666
0.5079745650291443,0.3423529863357544,-0.3261773884296417
0.5525768995285034,0.3474161922931671,-0.14157968759536743
0.5030008554458618,0.34757229685783386,-0.12673144042491913
0.5384460687637329,0.3590314984321594,-0.2993982434272766
0.5183160305023193,0.35907238721847534,-0.2936687767505646
0.5990030169487,0.3928505480289459,-0.0378834493458271
0.4639638364315033,0.392489492893219,-0.02416221797466278
0.6953182816505432,0.37345239520072937,-0.14024043083190918
0.3821718096733093,0.3753577470779419,-0.11192520707845688
0.664158821105957,0.32216742634773254,-0.2795165777206421
0.40035951137542725,0.3202529549598694,-0.2224455326795578
0.6588239669799805,0.304993212223053,-0.3317437171936035
0.40112850069999695,0.3036856949329376,-0.2834482491016388
0.6507962346076965,0.30443280935287476,-0.31782376766204834
0.4103008210659027,0.303322970867157,-0.2686018943786621
0.649844765663147,0.30904075503349304,-0.28241410851478577
0.41249844431877136,0.3072541654109955,-0.22679680585861206
0.5707821249961853,0.5196841359138489,0.007991457358002663
0.4860198199748993,0.5176509618759155,-0.008049030788242817
0.5820778012275696,0.6089677214622498,0.03694640100002289
0.46943727135658264,0.6084029078483582,0.0111455749720335
0.5943573713302612,0.6887861490249634,0.3337826132774353
0.4575260579586029,0.6881290674209595,0.2907467484474182
0.5863305926322937,0.6990817189216614,0.3514062464237213
0.46492183208465576,0.6952908635139465,0.3063713610172272
0.6234468817710876,0.7166948914527893,0.13699287176132202
0.44197532534599304,0.716013491153717,0.0915960967540741
-
0.5272703766822815,0.3487643599510193,-0.34659096598625183
0.5347949862480164,0.3419753909111023,-0.30730316042900085
0.5406275987625122,0.3420453369617462,-0.30727726221084595
0.5460183024406433,0.34223875403404236,-0.30735650658607483
0.5184831619262695,0.3421441912651062,-0.30329522490501404
0.5131506323814392,0.34240517020225525,-0.3033159375190735
0.5079430937767029,0.3426938056945801,-0.3032830059528351
0.5523804426193237,0.34751096367836,-0.1194872334599495
0.5029701590538025,0.3477533459663391,-0.09940876066684723
0.5383641123771667,0.35901939868927,-0.28099116683006287
0.5183104872703552,0.3590582311153412,-0.27535516023635864
0.5990193486213684,0.39183318614959717,-0.023335564881563187
0.4643254578113556,0.3919910788536072,-0.016407497227191925
0.6936608552932739,0.3653457760810852,-0.10850135236978531
0.38359832763671875,0.36839330196380615,-0.07665973901748657
0.662853479385376,0.3099200427532196,-0.21547803282737732
0.39949119091033936,0.31184878945350647,-0.1723790019750595
0.6586179733276367,0.29563450813293457,-0.2644411623477936
0.4001788794994354,0.2964954078197479,-0.235153466463089
0.649590253829956,0.2953372895717621,-0.2528655230998993
0.4094771444797516,0.29587456583976746,-0.21682463586330414
0.6484804153442383,0.2989775538444519,-0.21880972385406494
0.41189834475517273,0.2993873059749603,-0.1768599897623062
0.5708652138710022,0.5196740627288818,0.007203389424830675
0.48635318875312805,0.5176337361335754,-0.007227613590657711
0.5821234583854675,0.6091375350952148,0.039918407797813416
0.46956947445869446,0.608200192451477,0.0150147071108222
0.594399631023407,0.6887847781181335,0.3337036669254303
0.45763978362083435,0.688055157661438,0.28957921266555786
0.5863624811172485,0.6989986896514893,0.3513622283935547
0.46522432565689087,0.6953536868095398,0.3049144148826599
0.623367965221405,0.7166965007781982,0.14005407691001892
0.4418700635433197,0.716011643409729,0.09172861278057098
-
0.5287924408912659,0.3484073579311371,-0.3085215985774994
0.5356624126434326,0.34180688858032227,-0.26630687713623047
0.5413711667060852,0.3419092297554016,-0.26627302169799805
0.5463854074478149,0.3420954644680023,-0.2663455903530121
0.5196464657783508,0.34194087982177734,-0.2660212814807892
0.514180064201355,0.3422238230705261,-0.26604992151260376
0.5088648200035095,0.34254786372184753,-0.266006201505661
0.5527125000953674,0.3473615050315857,-0.0784706175327301
0.5031009316444397,0.347624808549881,-0.07450337707996368
0.5397787094116211,0.35826578736305237,-0.24379613995552063
0.5200809836387634,0.3584107756614685,-0.24310359358787537
0.5990172624588013,0.3901125490665436,0.003835315117612481
0.46529421210289,0.39074182510375977,-0.010578216053545475
0.6916611194610596,0.35689589381217957,-0.06165245920419693
0.3844676911830902,0.3601141571998596,-0.07963878661394119
0.6626818180084229,0.30036526918411255,-0.14263924956321716
0.3991546332836151,0.30176156759262085,-0.17350569367408752
0.6585314273834229,0.28707075119018555,-0.1878812611103058
0.39882197976112366,0.28640735149383545,-0.23577314615249634
0.6492006182670593,0.2855880558490753,-0.18152156472206116
0.4089597165584564,0.28586870431900024,-0.22173184156417847
0.6484054327011108,0.29018038511276245,-0.1481936275959015
0.4117140769958496,0.29003453254699707,-0.17995713651180267
0.5708698630332947,0.5188472867012024,0.007552101742476225
0.48654988408088684,0.5166710019111633,-0.007566859479993582
0.5821356773376465,0.6088026165962219,0.05009332299232483
0.4701217710971832,0.6076534986495972,0.014326529577374458
0.5947372317314148,0.6887683868408203,0.3073323965072632
0.45766377449035645,0.6880488395690918,0.2652583122253418
0.5864801406860352,0.6990072131156921,0.31958210468292236
0.4652409553527832,0.6956784725189209,0.276223361492157
0.6243811249732971,0.7166986465454102,0.10935693234205246
0.4413544833660126,0.7160522937774658,0.061030108481645584
-
0.5289424061775208,0.3485068380832672,-0.338752806186676
0.5358803868293762,0.3418514132499695,-0.28139573335647583
0.541570246219635,0.3419482111930847,-0.28119638562202454
0.5465550422668457,0.3421184718608856,-0.28118929266929626
0.5199475884437561,0.34196245670318604,-0.2935009002685547
0.5143741369247437,0.34222760796546936,-0.29360470175743103
0.5091302394866943,0.3425390422344208,-0.2936050593852997
0.5531330704689026,0.3473658561706543,-0.10459493845701218
0.50310218334198,0.3476247489452362,-0.10266894102096558
0.5398437976837158,0.3582601845264435,-0.265114426612854
0.5202008485794067,0.3584013283252716,-0.2745411694049835
0.5989760756492615,0.3893369734287262,-0.015111317858099937
0.4673196077346802,0.3901570439338684,-0.06744085997343063
0.6902607083320618,0.3503973186016083,-0.06160365790128708
0.3865620791912079,0.3576637804508209,-0.10003113001585007
0.6625952124595642,0.2922908663749695,-0.12304602563381195
0.3987860679626465,0.2960055470466614,-0.25043946504592896
0.6584794521331787,0.27917352318763733,-0.1628720462322235
0.39665329456329346,0.2806108593940735,-0.3148125112056732
0.648203432559967,0.27818819880485535,-0.16327081620693207
0.40717750787734985,0.27931421995162964,-0.30699777603149414
0.6471204161643982,0.28286999464035034,-0.13076011836528778
0.4108915627002716,0.2834852933883667,-0.2591000497341156
0.5707789063453674,0.5188745856285095,0.01496465690433979
0.4865538775920868,0.5167367458343506,-0.014998266473412514
0.58260178565979,0.6092516183853149,0.06552957743406296
0.4700927436351776,0.6079492568969727,0.015343401581048965
0.5951089859008789,0.6898232102394104,0.34301263093948364
0.45752352476119995,0.6879516243934631,0.28938838839530945
0.5864763855934143,0.7005768418312073,0.35736820101737976
0.465249240398407,0.6959252953529358,0.30360254645347595
0.6245782375335693,0.7167256474494934,0.14277507364749908
0.43959927558898926,0.7160158157348633,0.08513016998767853
-
0.5287038087844849,0.3484528958797455,-0.3906988501548767
0.5357988476753235,0.341848760843277,-0.34431666135787964
0.5414743423461914,0.34194478392601013,-0.34418585896492004
0.5464711785316467,0.342100590467453,-0.34421464800834656
0.5198983550071716,0.3419899046421051,-0.3471728265285492
0.5143337249755859,0.3422751724720001,-0.3472478687763214
0.5091012120246887,0.3425908088684082,-0.34721308946609497
0.553132176399231,0.3473459482192993,-0.1550760716199875
0.5030038952827454,0.3476715683937073,-0.15399782359600067
0.5397070646286011,0.35749712586402893,-0.32279539108276367
0.5199530124664307,0.3579140901565552,-0.32460296154022217
0.5988713502883911,0.3883739709854126,-0.07453877478837967
0.46836331486701965,0.3890690803527832,-0.10992082208395004
0.6828935146331787,0.34451550245285034,-0.11265290528535843
0.38855746388435364,0.3521016538143158,-0.18645985424518585
0.6611574292182922,0.2853055000305176,-0.19199220836162567
0.3975324332714081,0.28877562284469604,-0.29794034361839294
0.6581906080245972,0.27241307497024536,-0.23536831140518188
0.39371824264526367,0.2739550471305847,-0.3656458854675293
0.6468448042869568,0.2704542875289917,-0.24017293751239777
0.4055582284927368,0.2727811336517334,-0.3548140525817871
0.6448249220848083,0.27529677748680115,-0.20195674896240234
0.4098805785179138,0.2766903042793274,-0.30578574538230896
0.57076495885849,0.5188188552856445,0.014809465035796165
0.48657354712486267,0.5167251229286194,-0.014893854968249798
0.5826072096824646,0.6092511415481567,0.0779041275382042
0.4701548218727112,0.6080445051193237,0.030463729053735733
0.5955341458320618,0.6896592378616333,0.40181973576545715
0.4571358561515808,0.6874162554740906,0.33700475096702576
0.5864967107772827,0.7003615498542786,0.4219897389411926
0.4651035666465759,0.6954046487808228,0.35549724102020264
0.6215391159057617,0.7165483236312866,0.20866508781909943
0.43925538659095764,0.7161499261856079,0.14055977761745453
-
0.5285567045211792,0.34848958253860474,-0.4502832591533661
0.5358683466911316,0.34192249178886414,-0.4086320102214813
0.5415565967559814,0.3419959843158722,-0.4085230529308319
0.5465679168701172,0.34212931990623474,-0.4085528552532196
0.5199125409126282,0.3420845866203308,-0.41112127900123596
0.514329731464386,0.34235721826553345,-0.41117972135543823
0.5090529322624207,0.34267014265060425,-0.41114386916160583
0.5533280372619629,0.3472193479537964,-0.21876110136508942
0.5029224157333374,0.3476501405239105,-0.22784358263015747
0.539515495300293,0.3574828505516052,-0.383194237947464
0.5195634365081787,0.3579223155975342,-0.3864380419254303
0.5977704524993896,0.3871482014656067,-0.13715015351772308
0.46900707483291626,0.38888019323349,-0.18446025252342224
0.6734746694564819,0.33944427967071533,-0.17296725511550903
0.3923359215259552,0.34745705127716064,-0.2854039967060089
0.6603206396102905,0.27788394689559937,-0.25152674317359924
0.3955443501472473,0.2856898903846741,-0.38284555077552795
0.6581370830535889,0.26638269424438477,-0.29653993248939514
0.391831636428833,0.26939740777015686,-0.45134875178337097
0.6451196670532227,0.2639995217323303,-0.299189031124115
0.4049273133277893,0.26848405599594116,-0.439555823802948
0.6420320272445679,0.2680888772010803,-0.26030829548835754
0.409594863653183,0.2721603512763977,-0.3901430666446686
0.5705417394638062,0.5188014507293701,0.016194166615605354
0.4865340292453766,0.5167354345321655,-0.016360661014914513
0.5827562212944031,0.6093147993087769,0.10336950421333313
0.4702729880809784,0.607828676700592,0.043201789259910583
0.5969266891479492,0.6896455883979797,0.41702648997306824
0.4569280445575714,0.6868243217468262,0.3444231450557709
0.5873874425888062,0.7003172636032104,0.43626150488853455
0.46484649181365967,0.6952921152114868,0.3627381920814514
0.6210085153579712,0.7167271375656128,0.22926244139671326
0.4389856457710266,0.7165212035179138,0.15415996313095093
-
0.5281155705451965,0.34876468777656555,-0.4867970645427704
0.5357517004013062,0.34222710132598877,-0.4489753246307373
0.5415033102035522,0.34222668409347534,-0.4488804340362549
0.5465621948242188,0.3422858715057373,-0.4489208161830902
0.5190337300300598,0.34255126118659973,-0.45139041543006897
0.5132657885551453,0.3428811728954315,-0.4514687955379486
0.5076783299446106,0.3432106375694275,-0.4514631927013397
0.5532919764518738,0.3472207486629486,-0.2633489668369293
0.5021769404411316,0.3477424681186676,-0.27415046095848083
0.5391174554824829,0.35781529545783997,-0.4196704924106598
0.5189147591590881,0.35850587487220764,-0.42321255803108215
0.5968665480613708,0.38660889863967896,-0.17517685890197754
0.4701443612575531,0.38870948553085327,-0.23951536417007446
0.665705680847168,0.3353272080421448,-0.2201111614704132
0.40216687321662903,0.34360235929489136,-0.3437436521053314
0.6602997183799744,0.27290406823158264,-0.29870373010635376
0.39359936118125916,0.2794719338417053,-0.44492077827453613
0.6581217646598816,0.2603520452976227,-0.34093156456947327
0.3890388607978821,0.2636673152446747,-0.5129474401473999
0.6438122391700745,0.2572791278362274,-0.36619076132774353
0.40256378054618835,0.26221975684165955,-0.5061236619949341
0.6405057907104492,0.2615421414375305,-0.3179493844509125
0.407481849193573,0.2658511698246002,-0.4537244439125061
0.570542573928833,0.5188366174697876,0.023083170875906944
0.48652398586273193,0.516919732093811,-0.02333587035536766
0.5830506682395935,0.6095621585845947,0.11650875210762024
0.4703419506549835,0.6077442765235901,0.0375063493847847
0.5977796912193298,0.689485490322113,0.43089917302131653
0.4568675458431244,0.6868249177932739,0.34130123257637024
0.5874614119529724,0.7000566720962524,0.4507797658443451
0.4645160138607025,0.6954396963119507,0.36073964834213257
0.6215493679046631,0.7167872190475464,0.25244346261024475
0.44267454743385315,0.7166225910186768,0.15664519369602203
-
0.5274868607521057,0.3487609326839447,-0.5558001399040222
0.5352205038070679,0.34222155809402466,-0.5196269750595093
0.5409773588180542,0.34222063422203064,-0.5195162296295166
0.5462245345115662,0.342282772064209,-0.5195583701133728
0.5180636048316956,0.342597097158432,-0.5218636989593506
0.512187123298645,0.34302908182144165,-0.5219923853874207
0.5063822865486145,0.34350377321243286,-0.5219851732254028
0.5530514121055603,0.3473052680492401,-0.333605021238327
0.5012552738189697,0.34843629598617554,-0.3464412987232208
0.5384612083435059,0.35773494839668274,-0.4880499541759491
0.5185179114341736,0.3585044741630554,-0.49210527539253235
0.5964192748069763,0.3864402174949646,-0.25557777285575867
0.47307485342025757,0.38873910903930664,-0.3143634498119354
0.6572018265724182,0.3294406533241272,-0.3327859938144684
0.41209274530410767,0.3404100239276886,-0.5091408491134644
0.6599234938621521,0.26645129919052124,-0.42310774326324463
0.3937343657016754,0.27498069405555725,-0.7020196914672852
0.6582804918289185,0.2541307806968689,-0.4689292013645172
0.3881686329841614,0.2601853013038635,-0.7767506241798401
0.6436417102813721,0.2516365647315979,-0.4844737946987152
0.40163570642471313,0.258230060338974,-0.7655044794082642
0.6402613520622253,0.2553039491176605,-0.4381991922855377
0.40680813789367676,0.2616865038871765,-0.7109512686729431
0.5705373287200928,0.5188432931900024,0.026162071153521538
0.48764723539352417,0.5168501734733582,-0.02647913247346878
0.5833343267440796,0.6101228594779968,0.11794931441545486
0.4711076021194458,0.6068585515022278,-0.008032657206058502
0.5977400541305542,0.687842071056366,0.44678759574890137
0.45691460371017456,0.6867719292640686,0.31986334919929504
0.5870604515075684,0.6984245181083679,0.46813586354255676
0.46415358781814575,0.6954361796379089,0.34615758061408997
0.621319055557251,0.716654896736145,0.27142617106437683
0.44563642144203186,0.7176514267921448,0.13136102259159088
-
0.5274861454963684,0.3493747115135193,-0.6175714135169983
0.5351924896240234,0.34298378229141235,-0.5831226706504822
0.540939211845398,0.3429911434650421,-0.5830165147781372
0.54620361328125,0.34308016300201416,-0.5830978155136108
0.5180371403694153,0.34361931681632996,-0.5877224802970886
0.5121521353721619,0.34424784779548645,-0.5878449082374573
0.506330132484436,0.34486594796180725,-0.5878241062164307
0.55289626121521,0.3478706181049347,-0.3965541422367096
0.5006495714187622,0.3498886227607727,-0.4204113781452179
0.5383954644203186,0.35797417163848877,-0.547909677028656
0.5185100436210632,0.3587917685508728,-0.5550578832626343
0.595098614692688,0.3850632309913635,-0.3243929147720337
0.47412922978401184,0.3881128430366516,-0.3997039794921875
0.6418073177337646,0.32826539874076843,-0.4520387351512909
0.42347243428230286,0.3328019082546234,-0.6428353786468506
0.6596712470054626,0.25953271985054016,-0.5769944787025452
0.39383524656295776,0.26806390285491943,-0.8551614284515381
0.658629834651947,0.24738502502441406,-0.6311681270599365
0.38858261704444885,0.2546848654747009,-0.9320656061172485
0.6437142491340637,0.2451673448085785,-0.6417310833930969
0.4015136659145355,0.2522275745868683,-0.924100399017334
0.6404120326042175,0.24871154129505157,-0.591819167137146
0.4068843722343445,0.2557918131351471,-0.8662105798721313
0.5709534883499146,0.5192005634307861,0.029974408447742462
0.48823997378349304,0.5170807838439941,-0.030327213928103447
0.5845276117324829,0.6101114749908447,0.11993776261806488
0.47110435366630554,0.6068660020828247,-0.030545324087142944
0.5966896414756775,0.6870392560958862,0.46973028779029846
0.45716559886932373,0.6866942048072815,0.3192422389984131
0.5831445455551147,0.6973041892051697,0.4932993948459625
0.4643334746360779,0.6952506899833679,0.3390858471393585
0.6213299036026001,0.7168072462081909,0.2978306710720062
0.44622278213500977,0.7176522016525269,0.12743782997131348
-
0.5286646485328674,0.35060372948646545,-0.6422488689422607
0.5357641577720642,0.3438256084918976,-0.6105044484138489
0.5413447022438049,0.34379035234451294,-0.6103808283805847
0.5465831160545349,0.34381335973739624,-0.6104657053947449
0.5188661217689514,0.3448733389377594,-0.6185310482978821
0.5129409432411194,0.34560567140579224,-0.6186549067497253
0.5072680711746216,0.3461992144584656,-0.6186384558677673
0.5529021620750427,0.3480466604232788,-0.43447014689445496
0.5005985498428345,0.3506857454776764,-0.4744219183921814
0.5392927527427673,0.3587760627269745,-0.5754691958427429
0.5197115540504456,0.3596726655960083,-0.5871095657348633
0.5925208330154419,0.3836689293384552,-0.36152249574661255
0.47487539052963257,0.38762858510017395,-0.46658357977867126
0.6299139857292175,0.32688504457473755,-0.45599573850631714
0.43738436698913574,0.32915714383125305,-0.6523687839508057
0.6558319926261902,0.25359323620796204,-0.5509597063064575
0.3943791687488556,0.26362115144729614,-0.7580594420433044
0.6567776203155518,0.24311785399913788,-0.6016675233840942
0.38673722743988037,0.2507699429988861,-0.8199539184570312
0.6399490833282471,0.24107463657855988,-0.6083920001983643
0.39963120222091675,0.24795499444007874,-0.8212062120437622
0.6356433033943176,0.2440224140882492,-0.5648288130760193
0.40633755922317505,0.2516290545463562,-0.769899308681488
0.5711725950241089,0.5198279023170471,0.0402124784886837
0.48915570974349976,0.5175331234931946,-0.04064261540770531
0.5859201550483704,0.6103197932243347,0.17308276891708374
0.47109493613243103,0.6066433191299438,-0.024880805984139442
0.5966834425926208,0.6857892870903015,0.5308194756507874
0.45693686604499817,0.6855282187461853,0.3154055178165436
0.583016574382782,0.6964424252510071,0.5569219589233398
0.46335992217063904,0.6937740445137024,0.3343438506126404
0.62321937084198,0.7164839506149292,0.3887333869934082
0.44607052206993103,0.7170538902282715,0.12957732379436493
-
0.5286595225334167,0.35063043236732483,-0.6494966745376587
0.5357723832130432,0.34408828616142273,-0.6202040314674377
0.5413463711738586,0.3440094590187073,-0.6200761198997498
0.546583354473114,0.3440404534339905,-0.6201614141464233
0.5189164280891418,0.34533894062042236,-0.6276110410690308
0.5130181908607483,0.34610092639923096,-0.6277344226837158
0.5073901414871216,0.34675315022468567,-0.6277303695678711
0.5529011487960815,0.3489907383918762,-0.4516064524650574
0.5004969835281372,0.3518618941307068,-0.4887716472148895
0.539289116859436,0.3587726652622223,-0.5850797295570374
0.5197123885154724,0.3596618175506592,-0.5958480834960938
0.5905143022537231,0.3840009272098541,-0.37999632954597473
0.4758465588092804,0.38729211688041687,-0.4809207618236542
0.6214672327041626,0.32680317759513855,-0.4692922830581665
0.4448164701461792,0.324705570936203,-0.6473042368888855
0.6485119462013245,0.2540140748023987,-0.5567309260368347
0.39703261852264404,0.26230934262275696,-0.7162284851074219
0.6523141264915466,0.24239549040794373,-0.6066171526908875
0.38712078332901,0.25041455030441284,-0.7713487148284912
0.6362062096595764,0.24033451080322266,-0.6118695735931396
0.3996734917163849,0.24781295657157898,-0.7742413878440857
0.6309962272644043,0.24276205897331238,-0.5700958371162415
0.40643835067749023,0.2517252564430237,-0.7274153828620911
0.5712424516677856,0.5206578969955444,0.042468588799238205
0.4892862141132355,0.5179932117462158,-0.042915742844343185
0.5858854055404663,0.6102826595306396,0.17723602056503296
0.4712948799133301,0.6066521406173706,-0.0194382481276989
0.5962830185890198,0.6858575940132141,0.5144736170768738
0.456804096698761,0.6844392418861389,0.31362417340278625
0.5811530351638794,0.6971479654312134,0.5385879278182983
0.4632463753223419,0.6931163668632507,0.3317030966281891
0.6234243512153625,0.7158123254776001,0.3728676736354828
0.44588109850883484,0.7161378264427185,0.13180413842201233
-
0.5283869504928589,0.3508835434913635,-0.6338744759559631
0.5353097319602966,0.34435027837753296,-0.6043528914451599
0.5409368872642517,0.3442015051841736,-0.6042292714118958
0.5462537407875061,0.3441801369190216,-0.6043151021003723
0.5185616612434387,0.3457815647125244,-0.6100991368293762
0.5126558542251587,0.3465508818626404,-0.6102203726768494
0.5070285201072693,0.3472430109977722,-0.6102129817008972
0.5524376630783081,0.3492743670940399,-0.4343489706516266
0.4999357759952545,0.3520881235599518,-0.4633432924747467
0.5391488075256348,0.35879239439964294,-0.5689865350723267
0.5192139744758606,0.359699547290802,-0.577455461025238
0.5895788669586182,0.38379114866256714,-0.3589964210987091
0.4773862957954407,0.3870745301246643,-0.4568541347980499
0.6236114501953125,0.326261430978775,-0.4446128010749817
0.4474998116493225,0.32668396830558777,-0.6144848465919495
0.6464767456054688,0.25275617837905884,-0.5339013338088989
0.398609459400177,0.26277974247932434,-0.6850482225418091
0.6491968631744385,0.24141180515289307,-0.5836724042892456
0.3879334628582001,0.2520346939563751,-0.7401596903800964
0.6334686875343323,0.2383871078491211,-0.5887032151222229
0.40026918053627014,0.24974235892295837,-0.7416969537734985
0.627901554107666,0.24057050049304962,-0.5470411777496338
0.4069059491157532,0.2532775402069092,-0.6954755187034607
0.5712493658065796,0.5212138891220093,0.0434853620827198
0.48928454518318176,0.5183066129684448,-0.04393654316663742
0.5858569145202637,0.6102858781814575,0.18016067147254944
0.47128716111183167,0.6062695980072021,-0.015944473445415497
0.596644937992096,0.6858338117599487,0.5154842138290405
0.4561713635921478,0.6827490925788879,0.3171599209308624
0.5814208984375,0.6979511976242065,0.5398703217506409
0.46289923787117004,0.6914066672325134,0.33896303176879883
0.624805212020874,0.715762197971344,0.3729521930217743
0.44577962160110474,0.7156383395195007,0.1448775678873062
-
0.5273870229721069,0.3514910936355591,-0.6163237690925598
0.5342497825622559,0.3446524739265442,-0.5878146290779114
0.5400018692016602,0.34445661306381226,-0.5876933932304382
0.5455607771873474,0.3443877398967743,-0.587769627571106
0.5174698233604431,0.3461412787437439,-0.5917425751686096
0.5115485787391663,0.3468821048736572,-0.5918517112731934
0.505958616733551,0.34752485156059265,-0.5918350219726562
0.5519363880157471,0.34940844774246216,-0.42134588956832886
0.49902957677841187,0.3521004915237427,-0.4423163831233978
0.5384599566459656,0.3590918183326721,-0.5526288151741028
0.5177912712097168,0.35998326539993286,-0.5586962103843689
0.58882075548172,0.3834633231163025,-0.350707083940506
0.4772925078868866,0.3864206075668335,-0.4305509328842163
0.6233299970626831,0.3261863589286804,-0.4394868314266205
0.44559741020202637,0.32693547010421753,-0.583759069442749
0.6441552042961121,0.25265759229660034,-0.5248974561691284
0.39968791604042053,0.26321011781692505,-0.6541373133659363
0.6466305255889893,0.2404395043849945,-0.5746356248855591
0.3897372782230377,0.25272539258003235,-0.7079460620880127
0.6319270730018616,0.2372972071170807,-0.5799859166145325
0.40157264471054077,0.250053346157074,-0.708395779132843
0.6265064477920532,0.24008958041667938,-0.5376521348953247
0.4079738259315491,0.2534564733505249,-0.6640135645866394
0.5712127089500427,0.5216356515884399,0.04144168645143509
0.48937875032424927,0.5187477469444275,-0.041846342384815216
0.5858343243598938,0.6102614998817444,0.1900613009929657
0.4711543917655945,0.6061719655990601,-0.014810383319854736
0.5968018770217896,0.6856273412704468,0.5068379044532776
0.45548903942108154,0.682770848274231,0.30220067501068115
0.5815346837043762,0.6980806589126587,0.5294915437698364
0.4627922475337982,0.6919717192649841,0.3224385976791382
0.6275478005409241,0.7157183289527893,0.3641795814037323
0.44369348883628845,0.7159003019332886,0.13526752591133118
-
0.5271007418632507,0.351881742477417,-0.6303740739822388
0.5337533354759216,0.3448154032230377,-0.6012178063392639
0.5395306944847107,0.34456080198287964,-0.6010857224464417
0.5450999140739441,0.344439834356308,-0.6011597514152527
0.5172398686408997,0.34645912051200867,-0.6053696870803833
0.5112960338592529,0.3472282886505127,-0.6055001020431519
0.5057575702667236,0.3478732705116272,-0.6054908037185669
0.5514214634895325,0.34941622614860535,-0.4332727789878845
0.49869754910469055,0.35217559337615967,-0.4544844329357147
0.5382142663002014,0.3593137264251709,-0.5662187337875366
0.5175313353538513,0.36044278740882874,-0.5724233984947205
0.5887637734413147,0.38317006826400757,-0.3615136444568634
0.4771445393562317,0.3858582377433777,-0.4472821056842804
0.6233145594596863,0.3257790505886078,-0.45064276456832886
0.44324272871017456,0.3282868266105652,-0.6036123633384705
0.6439865827560425,0.25305312871932983,-0.5355179905891418
0.3997385799884796,0.2627154290676117,-0.6736844182014465
0.646548867225647,0.241105318069458,-0.5858049392700195
0.3899189829826355,0.25210848450660706,-0.7293000221252441
0.6317530870437622,0.23807565867900848,-0.5908203125
0.40183427929878235,0.2494809329509735,-0.7300976514816284
0.6264707446098328,0.24103550612926483,-0.5483182072639465
0.4081765413284302,0.2528836131095886,-0.68373042345047
0.571141242980957,0.522314190864563,0.04025007784366608
0.4893900156021118,0.5192727446556091,-0.04064663499593735
0.5859003067016602,0.6106021404266357,0.19269680976867676
0.47112828493118286,0.605908989906311,-0.016578052192926407
0.5969957709312439,0.6851500272750854,0.5233407616615295
0.45513060688972473,0.6827622652053833,0.2970823347568512
0.5818917751312256,0.6980942487716675,0.5471469759941101
0.4622243642807007,0.6919531226158142,0.31838929653167725
0.6274476051330566,0.7157217264175415,0.37611275911331177
0.4441530108451843,0.7157521843910217,0.1286693960428238
-
0.5265531539916992,0.3525347113609314,-0.6314582824707031
0.5331739783287048,0.34520286321640015,-0.602340042591095
0.5390355587005615,0.344880074262619,-0.602206826210022
0.5446576476097107,0.344698965549469,-0.6022838950157166
0.5167031288146973,0.34705787897109985,-0.6049020290374756
0.510756254196167,0.34786099195480347,-0.6050452589988708
0.505289614200592,0.34851330518722534,-0.6050483584403992
0.5510741472244263,0.34948891401290894,-0.43366098403930664
0.49853286147117615,0.3527326285839081,-0.44654253125190735
0.5377839803695679,0.35976776480674744,-0.5668989419937134
0.5171151161193848,0.3613561689853668,-0.5706854462623596
0.5890172123908997,0.3832262456417084,-0.3565472960472107
0.47738587856292725,0.38591083884239197,-0.43356361985206604
0.6267456412315369,0.32762235403060913,-0.44235557317733765
0.4403855502605438,0.33010706305503845,-0.5823034644126892
0.6440792083740234,0.25466492772102356,-0.5280450582504272
0.39759552478790283,0.2629081606864929,-0.6599429845809937
0.6468936204910278,0.24274680018424988,-0.5772915482521057
0.38809964060783386,0.25179463624954224,-0.7168639898300171
0.632242739200592,0.2392973005771637,-0.5832317471504211
0.40129077434539795,0.24927687644958496,-0.7161110639572144
0.626979410648346,0.24220967292785645,-0.5409136414527893
0.4072389006614685,0.2530061900615692,-0.6696711778640747
0.5714166164398193,0.5229489803314209,0.039782389998435974
0.48976457118988037,0.5197882056236267,-0.04015817865729332
0.5859276652336121,0.6108711957931519,0.18043909966945648
0.4711204469203949,0.6057986617088318,-0.02039416693150997
0.5970189571380615,0.6842750310897827,0.5281282067298889
0.4543280005455017,0.6823087930679321,0.2969605326652527
0.5820678472518921,0.6974140405654907,0.5537357926368713
0.4615098237991333,0.691389262676239,0.3185352683067322
0.6252699494361877,0.7155025601387024,0.37819790840148926
0.4444822072982788,0.7153227925300598,0.12819258868694305
-
0.5263321399688721,0.3526274561882019,-0.614156186580658
0.5330374240875244,0.34529581665992737,-0.587213397026062
0.5389395356178284,0.34495633840560913,-0.5870123505592346
0.5445598363876343,0.34475260972976685,-0.5870701670646667
0.5165554285049438,0.3472021222114563,-0.578328549861908
0.5105898976325989,0.34802645444869995,-0.5784925222396851
0.5051285028457642,0.3487078547477722,-0.5785307884216309
0.5510644316673279,0.3494893014431,-0.41891899704933167
0.49849459528923035,0.3529432713985443,-0.4005905091762543
0.5376217365264893,0.35980021953582764,-0.5591667294502258
0.5169480443000793,0.36145880818367004,-0.5454623103141785
0.590219259262085,0.38330718874931335,-0.3277553617954254
0.47731009125709534,0.38597288727760315,-0.3787318468093872
0.6286174058914185,0.3285442590713501,-0.42188596725463867
0.43233078718185425,0.3313571512699127,-0.4841710925102234
0.6443846225738525,0.25656816363334656,-0.5011845827102661
0.3957325518131256,0.2648615837097168,-0.5691477060317993
0.6477898359298706,0.2446768581867218,-0.5520533919334412
0.3863487243652344,0.25319647789001465,-0.63047194480896
0.6325896978378296,0.24124112725257874,-0.5680888295173645
0.4009011685848236,0.25093874335289,-0.6278837323188782
0.6274062395095825,0.24450981616973877,-0.5170024633407593
0.40670979022979736,0.2548357844352722,-0.5794519782066345
0.5714845061302185,0.5233767628669739,0.031039850786328316
0.48968517780303955,0.5201472043991089,-0.03136003017425537
0.5856806635856628,0.6110206246376038,0.17354372143745422
0.47112837433815,0.6057788133621216,-0.005889415740966797
0.5970309972763062,0.683040201663971,0.5143473744392395
0.4540437161922455,0.6820213794708252,0.3245948553085327
0.5822256803512573,0.6960633993148804,0.5400641560554504
0.46144920587539673,0.6909534335136414,0.3477562367916107
0.6205984950065613,0.7152382135391235,0.3578004539012909
0.44482794404029846,0.7153269052505493,0.14820866286754608
-
0.5261467695236206,0.35328739881515503,-0.5531501173973083
0.532943069934845,0.34572428464889526,-0.5223749279975891
0.5388600826263428,0.34540265798568726,-0.5222312211990356
0.544471800327301,0.345211923122406,-0.5222892761230469
0.5165215730667114,0.34753134846687317,-0.518734872341156
0.5105487704277039,0.3483065962791443,-0.5188655257225037
0.5050964951515198,0.3489532768726349,-0.5188829898834229
0.5510636568069458,0.34985244274139404,-0.3565443754196167
0.4984830319881439,0.35301822423934937,-0.34508004784584045
0.5374493598937988,0.3606458008289337,-0.493710994720459
0.5168658494949341,0.3621145784854889,-0.4882752597332001
0.5917314291000366,0.3833957314491272,-0.2861148715019226
0.4772290885448456,0.3864474296569824,-0.3127560019493103
0.638428270816803,0.3297499716281891,-0.35893940925598145
0.4224436581134796,0.3317541480064392,-0.41484513878822327
0.646286129951477,0.2575100362300873,-0.4378126263618469
0.3931710422039032,0.2664586007595062,-0.5080070495605469
0.6478986740112305,0.24497456848621368,-0.4879843294620514
0.3849731981754303,0.2548472285270691,-0.5703614354133606
0.632847785949707,0.24195639789104462,-0.5002226233482361
0.4003755748271942,0.25261959433555603,-0.5646925568580627
0.6276980638504028,0.24561898410320282,-0.4523645043373108
0.40584152936935425,0.25629445910453796,-0.5173153281211853
0.5718991160392761,0.5235686302185059,0.02559949830174446
0.4897083640098572,0.5201919674873352,-0.025856323540210724
0.5856014490127563,0.6110527515411377,0.1443522721529007
0.47143033146858215,0.6057138442993164,-0.004917030688375235
0.5970242619514465,0.682120680809021,0.48693427443504333
0.4539339244365692,0.6816437244415283,0.3209306299686432
0.582275927066803,0.6950580477714539,0.5122508406639099
0.46130651235580444,0.690234899520874,0.34353354573249817
0.6180732846260071,0.7149745225906372,0.3240585923194885
0.4457494616508484,0.7153030633926392,0.14502014219760895
-
0.5261659026145935,0.35380667448043823,-0.5559985637664795
0.5330451726913452,0.34594589471817017,-0.5247753858566284
0.538960874080658,0.3456561267375946,-0.5246395468711853
0.5445508360862732,0.34548577666282654,-0.5247028470039368
0.5165258049964905,0.34767889976501465,-0.5233515501022339
0.5105312466621399,0.3484194278717041,-0.5234755873680115
0.505043089389801,0.3490453362464905,-0.5234829783439636
0.5510812401771545,0.3501278758049011,-0.35500213503837585
0.49840256571769714,0.3530697226524353,-0.35332006216049194
0.5374864935874939,0.361479252576828,-0.49427664279937744
0.5168664455413818,0.3627609610557556,-0.49226853251457214
0.5929591655731201,0.38364559412002563,-0.27699312567710876
0.4768851697444916,0.3867597281932831,-0.3154497444629669
0.6512235999107361,0.3300081193447113,-0.3343465328216553
0.4116039574146271,0.33445364236831665,-0.41986384987831116
0.6517156362533569,0.26266393065452576,-0.41631880402565
0.3893558084964752,0.2669222950935364,-0.5145488381385803
0.6507041454315186,0.25082457065582275,-0.46438077092170715
0.3808397650718689,0.2552890479564667,-0.5754687786102295
0.6345660090446472,0.24711327254772186,-0.4759613573551178
0.39729490876197815,0.2529214024543762,-0.5677757859230042
0.6311373114585876,0.25188949704170227,-0.43077611923217773
0.40281498432159424,0.2573455572128296,-0.5226047039031982
0.5722103714942932,0.5236847996711731,0.024507159367203712
0.4897116422653198,0.5202937722206116,-0.024733681231737137
0.5853848457336426,0.6110607385635376,0.14382830262184143
0.4716811180114746,0.6056841015815735,-0.0077132415026426315
0.597023069858551,0.6812435984611511,0.4799625277519226
0.4539153575897217,0.6815565824508667,0.29180359840393066
0.5823596119880676,0.6944513916969299,0.5041337609291077
0.461309552192688,0.6902249455451965,0.3113936483860016
0.617445170879364,0.7148243188858032,0.3163747787475586
0.4463275372982025,0.7153086066246033,0.10715436935424805
-
0.5261679291725159,0.3538365960121155,-0.5243155360221863
0.5330479741096497,0.3459382653236389,-0.49029648303985596
0.5389775037765503,0.3456500470638275,-0.4901702105998993
0.5445857644081116,0.3454824686050415,-0.49023687839508057
0.5162999629974365,0.347661554813385,-0.48984816670417786
0.5100723505020142,0.3484079837799072,-0.48997217416763306
0.5043414831161499,0.34902501106262207,-0.4899768531322479
0.5510751008987427,0.3501411974430084,-0.31561145186424255
0.49783504009246826,0.3530622124671936,-0.3154238164424896
0.5375451445579529,0.36163705587387085,-0.4607534110546112
0.5168370008468628,0.36284080147743225,-0.46040594577789307
0.5941296219825745,0.3843269348144531,-0.23566658794879913
0.4755990207195282,0.38798290491104126,-0.26787447929382324
0.6669113039970398,0.3314530551433563,-0.30348217487335205
0.4015674591064453,0.34170976281166077,-0.36680513620376587
0.6519577503204346,0.2703859806060791,-0.3895886242389679
0.38870251178741455,0.2712443470954895,-0.4586617350578308
0.650193452835083,0.26015087962150574,-0.4379724860191345
0.38141852617263794,0.2596662640571594,-0.5204870104789734
0.6342743039131165,0.2571720480918884,-0.44206947088241577
0.3974717855453491,0.2583005130290985,-0.5037754774093628
0.6311678290367126,0.26199063658714294,-0.40068453550338745
0.40285831689834595,0.26238685846328735,-0.4631088376045227
0.5724309086799622,0.5237632989883423,0.024034908041357994
0.48972654342651367,0.5204481482505798,-0.02424253709614277
0.5854322910308838,0.611084520816803,0.1395450234413147
0.47193464636802673,0.6056300401687622,-0.010053152218461037
0.5970523357391357,0.6813575029373169,0.45544683933258057
0.45387378334999084,0.6812866926193237,0.2708401679992676
0.5823982954025269,0.6945239901542664,0.4773046672344208
0.46122482419013977,0.6900644302368164,0.28873953223228455
0.6186704039573669,0.7148154973983765,0.2932664752006531
0.4465304911136627,0.7147252559661865,0.08438827842473984
-
0.5263047218322754,0.3536406457424164,-0.4752090573310852
0.5334814190864563,0.34571516513824463,-0.4401939809322357
0.5395249128341675,0.3454592823982239,-0.44006219506263733
0.5451886653900146,0.34534382820129395,-0.44011634588241577
0.5163514018058777,0.34726718068122864,-0.43920445442199707
0.5101346373558044,0.3479369282722473,-0.4393029510974884
0.5043713450431824,0.3485596776008606,-0.43929579854011536
0.5516366958618164,0.3501393795013428,-0.26898065209388733
0.49828487634658813,0.35296812653541565,-0.26489242911338806
0.5381729006767273,0.3615703880786896,-0.41379889845848083
0.5172693133354187,0.3626061975955963,-0.41265004873275757
0.5962218046188354,0.3852458596229553,-0.20269949734210968
0.47528186440467834,0.38957852125167847,-0.213886097073555
0.6733285188674927,0.33879464864730835,-0.27827244997024536
0.39503830671310425,0.3497680425643921,-0.3199690878391266
0.653854250907898,0.281051367521286,-0.35519009828567505
0.38907700777053833,0.27970799803733826,-0.42192330956459045
0.6504085659980774,0.26997748017311096,-0.4021736681461334
0.38319075107574463,0.26676157116889954,-0.48475244641304016
0.6343494653701782,0.26630470156669617,-0.40042147040367126
0.39804866909980774,0.26497161388397217,-0.46330469846725464
0.631632387638092,0.270893931388855,-0.36363300681114197
0.4029385447502136,0.26932626962661743,-0.42469799518585205
0.5722686052322388,0.524543046951294,0.017869018018245697
0.48915359377861023,0.5213425755500793,-0.01806715689599514
0.5852577090263367,0.6109048128128052,0.1304529756307602
0.47188323736190796,0.606166660785675,0.022526871412992477
0.5971450209617615,0.6816808581352234,0.442656934261322
0.45449236035346985,0.681309700012207,0.3131345212459564
0.5825936794281006,0.6953336000442505,0.4646483063697815
0.46242064237594604,0.6904594898223877,0.3322639465332031
0.6186472773551941,0.7149415612220764,0.2782900929450989
0.44643914699554443,0.714762270450592,0.1351320445537567
-
0.5263051986694336,0.35276439785957336,-0.445036917924881
0.5335826277732849,0.3448651134967804,-0.406894713640213
0.5396877527236938,0.3448040783405304,-0.40676629543304443
0.5453800559043884,0.34474977850914,-0.4068068563938141
0.5162668824195862,0.3461633622646332,-0.406430184841156
0.5100347995758057,0.34681829810142517,-0.4065258800983429
0.5042138695716858,0.34735625982284546,-0.4065110981464386
0.5516930222511292,0.3498006761074066,-0.22523438930511475
0.49822717905044556,0.35225024819374084,-0.22602401673793793
0.5382208228111267,0.36110153794288635,-0.38109496235847473
0.5172305107116699,0.36200088262557983,-0.38151025772094727
0.5964808464050293,0.3869260251522064,-0.14608851075172424
0.47059202194213867,0.3912279009819031,-0.18683136999607086
0.6778106093406677,0.34764033555984497,-0.19870375096797943
0.3874501883983612,0.35676026344299316,-0.3349176347255707
0.6621953845024109,0.28986817598342896,-0.24679620563983917
0.3893546760082245,0.29198890924453735,-0.46397367119789124
0.6570495367050171,0.276955783367157,-0.2841540575027466
0.38503438234329224,0.2786625027656555,-0.5280801057815552
0.641348123550415,0.27433258295059204,-0.27928289771080017
0.39858168363571167,0.2778661847114563,-0.5044323205947876
0.6400593519210815,0.27913230657577515,-0.2520619034767151
0.40298935770988464,0.28204894065856934,-0.4663393795490265
0.5721274018287659,0.5254729390144348,0.022102028131484985
0.4888286888599396,0.5225967168807983,-0.022308994084596634
0.585222601890564,0.6106899976730347,0.15005283057689667
0.4713813364505768,0.6066661477088928,0.00021751401072833687
0.5967262983322144,0.6828348636627197,0.464191734790802
0.45449164509773254,0.6813347935676575,0.2811168134212494
0.5824599266052246,0.6970261335372925,0.48649293184280396
0.46178507804870605,0.689849317073822,0.30040204524993896
0.6188581585884094,0.7147200107574463,0.3093854784965515
0.44706061482429504,0.7147306203842163,0.09986259788274765
-
0.5256514549255371,0.35152101516723633,-0.45327135920524597
0.5332114100456238,0.344294011592865,-0.41501015424728394
0.5394813418388367,0.3441030979156494,-0.41491878032684326
0.5451889634132385,0.3439348638057709,-0.41495054960250854
0.5155941247940063,0.34557148814201355,-0.4131034016609192
0.509382426738739,0.34611982107162476,-0.41316884756088257
0.5034269690513611,0.346542090177536,-0.4131262004375458
0.5516189336776733,0.34903475642204285,-0.22669817507266998
0.4980911612510681,0.35143396258354187,-0.22097466886043549
0.5380367040634155,0.36024826765060425,-0.38681304454803467
0.5165043473243713,0.3609398901462555,-0.3853692412376404
0.5971251726150513,0.38712120056152344,-0.1527375429868698
0.4668768644332886,0.3911738097667694,-0.1633072793483734
0.6872435212135315,0.3557243347167969,-0.258466899394989
0.3809622824192047,0.3653075098991394,-0.3624515235424042
0.6630252599716187,0.3005000650882721,-0.29721522331237793
0.38922831416130066,0.3049243688583374,-0.592026948928833
0.6580128073692322,0.28663766384124756,-0.31017687916755676
0.38681232929229736,0.2907111644744873,-0.668012261390686
0.6424746513366699,0.28490832448005676,-0.37333226203918457
0.3987148702144623,0.29065802693367004,-0.6391350030899048
0.6413994431495667,0.28982967138290405,-0.33250218629837036
0.40294384956359863,0.2953386902809143,-0.5930548906326294
0.5722200274467468,0.5255592465400696,0.021121513098478317
0.4879155457019806,0.5232230424880981,-0.021294856444001198
0.5866362452507019,0.6113177537918091,0.1493317037820816
0.4707602560520172,0.6083787083625793,0.004103530198335648
0.5967254042625427,0.6847754120826721,0.4781729280948639
0.4559001922607422,0.6837716698646545,0.31014788150787354
0.582379162311554,0.6973023414611816,0.5022205114364624
0.46365806460380554,0.6918362379074097,0.3310854732990265
0.6217264533042908,0.7157770395278931,0.316696435213089
0.44657543301582336,0.7160663604736328,0.12179124355316162
-
0.523988664150238,0.3511234223842621,-0.44592398405075073
0.5317956805229187,0.3436504006385803,-0.4087355434894562
0.5381736755371094,0.34343814849853516,-0.4086969494819641
0.5441659092903137,0.3432953357696533,-0.40874481201171875
0.514099657535553,0.34476780891418457,-0.4029928743839264
0.508010745048523,0.3452222943305969,-0.40302154421806335
0.502483606338501,0.34566351771354675,-0.4029599130153656
0.5512743592262268,0.34799686074256897,-0.2239588350057602
0.49784883856773376,0.3505483567714691,-0.19975806772708893
0.5368339419364929,0.3598562777042389,-0.3808742165565491
0.5151932835578918,0.3605927526950836,-0.3741464912891388
0.5972772240638733,0.38799917697906494,-0.14698264002799988
0.4643172323703766,0.39124244451522827,-0.11693309992551804
0.6948423385620117,0.36716243624687195,-0.2757635712623596
0.37618428468704224,0.37340500950813293,-0.261216938495636
0.6627671718597412,0.3146545886993408,-0.3869604766368866
0.38983476161956787,0.314877450466156,-0.4752165973186493
0.6577920317649841,0.29957839846611023,-0.4396659731864929
0.38943910598754883,0.2989639639854431,-0.5467248558998108
0.6432563066482544,0.29896068572998047,-0.42750799655914307
0.39995166659355164,0.2991377115249634,-0.5209038257598877
0.6421371698379517,0.30438610911369324,-0.388318806886673
0.40338024497032166,0.303943932056427,-0.47600212693214417
0.5719252824783325,0.5254485011100769,0.017624683678150177
0.4878682792186737,0.5231995582580566,-0.017651431262493134
0.5865204930305481,0.6113165616989136,0.12067842483520508
0.4710301160812378,0.6083148121833801,-0.011475484818220139
0.5964168310165405,0.6848260164260864,0.4486474394798279
0.4565080404281616,0.6849918365478516,0.2734273672103882
0.5820685625076294,0.6966003179550171,0.47152599692344666
0.46377143263816833,0.6933504939079285,0.2911399006843567
0.6215766072273254,0.7160526514053345,0.2785962224006653
0.45066118240356445,0.7162306904792786,0.07622765749692917
-
0.5217204689979553,0.3508185148239136,-0.4098834693431854
0.5297812223434448,0.34348413348197937,-0.3759630024433136
0.5361522436141968,0.34323373436927795,-0.3759274482727051
0.5424256920814514,0.34304118156433105,-0.37597715854644775
0.5125194787979126,0.34462085366249084,-0.3658604919910431
0.506746768951416,0.3450757563114166,-0.3658648729324341
0.5017160773277283,0.3454475700855255,-0.3658226430416107
0.550757884979248,0.3474605679512024,-0.2085944265127182
0.497783362865448,0.3499912619590759,-0.16301068663597107
0.5345468521118164,0.3596726357936859,-0.3514353334903717
0.5132724642753601,0.36018770933151245,-0.33831629157066345
0.597568154335022,0.38910147547721863,-0.14073681831359863
0.4620063900947571,0.392627477645874,-0.07478395849466324
0.6961827278137207,0.37517380714416504,-0.27924394607543945
0.3732183277606964,0.38081634044647217,-0.18799783289432526
0.662371039390564,0.3216983675956726,-0.40026652812957764
0.3901641070842743,0.3225194215774536,-0.3764886260032654
0.6568494439125061,0.3076087236404419,-0.45275816321372986
0.3907959461212158,0.3069661259651184,-0.4420437216758728
0.6430709362030029,0.3072916865348816,-0.4310421049594879
0.4009821116924286,0.3075695335865021,-0.4170086681842804
0.6420239210128784,0.31278789043426514,-0.39671385288238525
0.404165655374527,0.3126367926597595,-0.37717169523239136
0.5719640254974365,0.5250865817070007,0.004524379037320614
0.4862006604671478,0.5231524705886841,-0.004538227338343859
0.5861565470695496,0.6113123893737793,0.078994020819664
0.47089746594429016,0.6087994575500488,0.030593056231737137
0.5964758396148682,0.6854599714279175,0.4022037386894226
0.4565140902996063,0.6853304505348206,0.3220076858997345
0.5826268792152405,0.6966156363487244,0.42433977127075195
0.4637497365474701,0.6942437887191772,0.339962363243103
0.6210556626319885,0.716900110244751,0.2254604995250702
0.44744935631752014,0.717273473739624,0.1365947276353836
-
0.5178341269493103,0.3510473072528839,-0.4030834138393402
0.5268541574478149,0.343547523021698,-0.373550683259964
0.5330410599708557,0.34328171610832214,-0.373534232378006
0.5393223166465759,0.3430912494659424,-0.3735963702201843
0.5099021196365356,0.3446637988090515,-0.3584437966346741
0.5048312544822693,0.345089852809906,-0.3584229350090027
0.5008127093315125,0.3454575836658478,-0.35837677121162415
0.5500349998474121,0.34748485684394836,-0.21683557331562042
0.49771618843078613,0.35001081228256226,-0.14833375811576843
0.5305330753326416,0.35983917117118835,-0.3481424152851105
0.5094875693321228,0.3603355288505554,-0.3284156918525696
0.5976888537406921,0.3891936242580414,-0.14658896625041962
0.46174442768096924,0.39339160919189453,-0.04286404326558113
0.6969553232192993,0.3845699727535248,-0.29743272066116333
0.3727680742740631,0.3885596692562103,-0.10245621204376221
0.6621171236038208,0.33067479729652405,-0.46547093987464905
0.3907209634780884,0.3313007950782776,-0.2705840766429901
0.656782865524292,0.31758540868759155,-0.5185560584068298
0.392871230840683,0.3163222074508667,-0.3287868797779083
0.6433163285255432,0.31778183579444885,-0.49885228276252747
0.40281838178634644,0.316694438457489,-0.3086112141609192
0.6421116590499878,0.32353687286376953,-0.46367722749710083
0.4054596424102783,0.32220277190208435,-0.2727825343608856
0.5718887448310852,0.5249919891357422,-0.005204811226576567
0.4854956269264221,0.5231299996376038,0.005170506425201893
0.5861448049545288,0.6113183498382568,0.07676117867231369
0.47089046239852905,0.6088783144950867,0.04931633174419403
0.5972954034805298,0.6859809756278992,0.3881724774837494
0.45640966296195984,0.6854214668273926,0.3323874771595001
0.5842893123626709,0.6968258023262024,0.40956273674964905
0.4635087847709656,0.6945947408676147,0.34989336133003235
0.6211733222007751,0.7172166109085083,0.2084953933954239
0.4445374310016632,0.717302680015564,0.148882657289505
-
0.5172744989395142,0.34935951232910156,-0.36631593108177185
0.5256903171539307,0.3422848582267761,-0.3337308168411255
0.53146892786026,0.3421446681022644,-0.33367806673049927
0.5378729701042175,0.3421168923377991,-0.33370596170425415
0.5094330906867981,0.3431428372859955,-0.32224348187446594
0.5045963525772095,0.3435026705265045,-0.32226109504699707
0.5007803440093994,0.34388983249664307,-0.32222792506217957
0.5492563247680664,0.34728819131851196,-0.17325465381145477
0.4977264106273651,0.3492237329483032,-0.12073975801467896
0.5302188396453857,0.3579806387424469,-0.3108798563480377
0.5090756416320801,0.35826048254966736,-0.2961696982383728
0.597769021987915,0.3897262215614319,-0.10545448958873749
0.4620468020439148,0.3948059678077698,-0.04301746189594269
0.6964532136917114,0.39597734808921814,-0.2754775881767273
0.3740784823894501,0.3962121307849884,-0.19292424619197845
0.6619521975517273,0.3415461778640747,-0.446469783782959
0.39270180463790894,0.3390064835548401,-0.3189908564090729
0.656678318977356,0.3283647894859314,-0.4974365532398224
0.39672520756721497,0.3249911367893219,-0.37893226742744446
0.6445346474647522,0.32823747396469116,-0.4801937937736511
0.4056410789489746,0.32497578859329224,-0.39218562841415405
0.6430685520172119,0.33338040113449097,-0.44596150517463684
0.4072275757789612,0.3300929665565491,-0.34647688269615173
0.5721518993377686,0.5240305662155151,-0.005359896924346685
0.48540258407592773,0.5222228765487671,0.005193381104618311
0.5858666896820068,0.6109561920166016,0.04872875288128853
0.47060397267341614,0.6089937686920166,0.04161452874541283
0.5974873900413513,0.6864047646522522,0.3827565014362335
0.45637020468711853,0.6853753328323364,0.3365958631038666
0.5855557322502136,0.6968808770179749,0.4062991142272949
0.46359285712242126,0.6945177912712097,0.35560882091522217
0.619579553604126,0.717197835445404,0.20352821052074432
0.44237497448921204,0.7172960042953491,0.15524080395698547
-
0.5174135565757751,0.34940606355667114,-0.35382312536239624
0.5258603692054749,0.34221208095550537,-0.3214567303657532
0.5317094922065735,0.34211522340774536,-0.3214177191257477
0.5380945801734924,0.3420972228050232,-0.3214690387248993
0.5095675587654114,0.3429190516471863,-0.3117818534374237
0.5048967003822327,0.34321433305740356,-0.3117815852165222
0.5011398196220398,0.3434799015522003,-0.31173646450042725
0.5492551922798157,0.3473036289215088,-0.15961462259292603
0.4978915750980377,0.34902888536453247,-0.11567579209804535
0.5303568243980408,0.35802021622657776,-0.2974289059638977
0.5092273354530334,0.35827329754829407,-0.28524842858314514
0.5977671146392822,0.39153385162353516,-0.08646154403686523
0.461990088224411,0.3961849808692932,-0.03111833706498146
0.6936119794845581,0.4074691832065582,-0.2484208047389984
0.37423011660575867,0.4043065905570984,-0.17777356505393982
0.6605576276779175,0.3508755564689636,-0.4456203877925873
0.39546406269073486,0.346427857875824,-0.39135056734085083
0.6537832617759705,0.33653566241264343,-0.49380841851234436
0.3984244465827942,0.3332585394382477,-0.45632413029670715
0.6445115208625793,0.3354640007019043,-0.4632672071456909
0.4066448509693146,0.33314448595046997,-0.43706515431404114
0.6430312395095825,0.3408057689666748,-0.43554389476776123
0.4083916246891022,0.3383582532405853,-0.39734989404678345
0.572116494178772,0.5233620405197144,-0.004786577075719833
0.4853937029838562,0.5214542150497437,0.004595627076923847
0.5858556628227234,0.610925555229187,0.03309730440378189
0.46997129917144775,0.6093465089797974,0.03445421904325485
0.5974931716918945,0.6867274641990662,0.3546160161495209
0.45632967352867126,0.686268150806427,0.3309289216995239
0.5859659910202026,0.6970915198326111,0.3769359290599823
0.4637434780597687,0.6959304213523865,0.3466354012489319
0.6186293959617615,0.7170361280441284,0.1807088404893875
0.4393662214279175,0.7171562910079956,0.15486553311347961
-
0.5171741843223572,0.34945568442344666,-0.37317928671836853
0.5258716344833374,0.3422406315803528,-0.34268543124198914
0.5316444039344788,0.3421323001384735,-0.3426569700241089
0.5380120873451233,0.34214070439338684,-0.3427046537399292
0.5096063613891602,0.3429744243621826,-0.33297112584114075
0.5049313306808472,0.34327250719070435,-0.3329598903656006
0.5011507272720337,0.34351152181625366,-0.3328950107097626
0.5491027235984802,0.3473159670829773,-0.1797795593738556
0.4982248544692993,0.3487786650657654,-0.1371091604232788
0.5301167964935303,0.3580634593963623,-0.31584763526916504
0.5091704726219177,0.35829949378967285,-0.3040004372596741
0.5977234840393066,0.39281052350997925,-0.10067728906869888
0.4621744453907013,0.3959229588508606,-0.043700139969587326
0.6927053332328796,0.4175775647163391,-0.2736077308654785
0.374451607465744,0.4146033227443695,-0.20659340918064117
0.660499095916748,0.36189621686935425,-0.5177849531173706
0.39629337191581726,0.3570892810821533,-0.48917049169540405
0.6537718176841736,0.3480212688446045,-0.5716062188148499
0.3988892436027527,0.34338733553886414,-0.5580339431762695
0.6447810530662537,0.34558922052383423,-0.5483397245407104
0.4066266715526581,0.34274646639823914,-0.5323283076286316
0.6433674097061157,0.3508378565311432,-0.514232337474823
0.4084523916244507,0.3480508625507355,-0.49069944024086
0.5721219778060913,0.5226166248321533,-0.004465417005121708
0.4854472577571869,0.5207663774490356,0.00422471109777689
0.5858409404754639,0.6105689406394958,0.049339018762111664
0.4699147939682007,0.6091715097427368,0.03123351000249386
0.5974112749099731,0.6880168318748474,0.3540950417518616
0.4561476409435272,0.6866047978401184,0.30602553486824036
0.5862466096878052,0.6987701654434204,0.3747558295726776
0.46373626589775085,0.6962279081344604,0.3207119107246399
0.6192266941070557,0.7171407341957092,0.18147067725658417
0.43854138255119324,0.7170876264572144,0.1254940629005432
-
0.5172052383422852,0.34935104846954346,-0.38916319608688354
0.5259151458740234,0.3422551453113556,-0.3586237132549286
0.5317434668540955,0.34215426445007324,-0.3585963249206543
0.5380740761756897,0.34216398000717163,-0.3586540222167969
0.5096492767333984,0.3429601490497589,-0.35128137469291687
0.5049650073051453,0.3432491421699524,-0.3512795865535736
0.5012062788009644,0.3435019850730896,-0.35121628642082214
0.5492079854011536,0.3473037779331207,-0.18931728601455688
0.49824029207229614,0.3487359583377838,-0.15804828703403473
0.5301533341407776,0.3580741286277771,-0.3284151554107666
0.5092158913612366,0.3583433926105499,-0.320431649684906
0.5973383188247681,0.39306217432022095,-0.09012970328330994
0.46258845925331116,0.395721971988678,-0.06291759014129639
0.6844695806503296,0.4248892664909363,-0.27598562836647034
0.3817366659641266,0.42343226075172424,-0.21002723276615143
0.6604140400886536,0.37113481760025024,-0.5363063812255859
0.3980346620082855,0.36513203382492065,-0.5593858361244202
0.6538370847702026,0.35819822549819946,-0.5938469171524048
0.4016197621822357,0.3507643938064575,-0.6297991275787354
0.6454938054084778,0.3557661175727844,-0.5699384212493896
0.40866056084632874,0.3502499759197235,-0.6054912209510803
0.6439048647880554,0.3600958585739136,-0.5334091782569885
0.4100480377674103,0.3559565544128418,-0.5604178309440613
0.5719759464263916,0.5209935903549194,-0.004026622977107763
0.4855493903160095,0.5195273756980896,0.003884545061737299
0.5851938128471375,0.6099352836608887,0.05487867817282677
0.4701247811317444,0.6088292598724365,0.029750540852546692
0.5970239043235779,0.6883718371391296,0.35376209020614624
0.45613691210746765,0.6867986917495728,0.29834458231925964
0.586499810218811,0.6990035772323608,0.3738603889942169
0.46372541785240173,0.6961486339569092,0.3142531216144562
0.6194314956665039,0.7174156904220581,0.18320144712924957
0.4386730492115021,0.7169903516769409,0.11751704663038254
-
0.5183466672897339,0.3481943607330322,-0.3773861229419708
0.5273034572601318,0.34175533056259155,-0.34812742471694946
0.5333966016769409,0.3417251706123352,-0.34813839197158813
0.5393400192260742,0.341830849647522,-0.348213791847229
0.5107213258743286,0.34239643812179565,-0.34338200092315674
0.5056634545326233,0.3427397608757019,-0.34336841106414795
0.501625120639801,0.34304580092430115,-0.3432893455028534
0.5498352646827698,0.3471902012825012,-0.17914506793022156
0.4983302354812622,0.3486021161079407,-0.16038654744625092
0.5314633846282959,0.357595294713974,-0.31646305322647095
0.5099068284034729,0.357927143573761,-0.3118593096733093
0.5963203310966492,0.39406871795654297,-0.07923807203769684
0.46273791790008545,0.3955974578857422,-0.06252874433994293
0.6746947169303894,0.4311716556549072,-0.27442318201065063
0.38849496841430664,0.43315061926841736,-0.2140166014432907
0.6594867706298828,0.37820181250572205,-0.549526035785675
0.39827728271484375,0.3739706873893738,-0.5845143795013428
0.6537922620773315,0.3650009036064148,-0.6085312962532043
0.4015599191188812,0.35997214913368225,-0.6546964645385742
0.6454329490661621,0.36336690187454224,-0.5863801836967468
0.40834298729896545,0.35893410444259644,-0.6358819603919983
0.6438719630241394,0.3670087456703186,-0.5479710698127747
0.4099853038787842,0.3635980784893036,-0.5872191786766052
0.5719715356826782,0.520010769367218,-0.003641086397692561
0.48606979846954346,0.5182709097862244,0.0034472292754799128
0.5849047303199768,0.6092100143432617,0.05797635018825531
0.46994537115097046,0.6084132194519043,0.020173732191324234
0.5967872738838196,0.6883977055549622,0.3311343193054199
0.45614323019981384,0.68717360496521,0.25888878107070923
0.5865592956542969,0.6990021467208862,0.3486901521682739
0.4637197256088257,0.6963365077972412,0.27279776334762573
0.6197861433029175,0.717424750328064,0.1676618903875351
0.43885037302970886,0.7169767022132874,0.07962846010923386
-
0.5184482932090759,0.3480602502822876,-0.3768012523651123
0.5273439884185791,0.3417305648326874,-0.3490351438522339
0.5334208011627197,0.3417196273803711,-0.34905770421028137
0.5393662452697754,0.3418303430080414,-0.3491196632385254
0.5107565522193909,0.3423856496810913,-0.3436908721923828
0.5056313872337341,0.3427486717700958,-0.343686044216156
0.5016299486160278,0.3430406153202057,-0.34362003207206726
0.5498261451721191,0.34714585542678833,-0.18081384897232056
0.498323917388916,0.34854617714881897,-0.16061660647392273
0.5314435958862305,0.35751768946647644,-0.3156934976577759
0.5099438428878784,0.35792338848114014,-0.310260534286499
0.595433235168457,0.39419740438461304,-0.07868921756744385
0.4627884328365326,0.39552634954452515,-0.06523958593606949
0.6637710332870483,0.43691307306289673,-0.2742733359336853
0.39527925848960876,0.44019216299057007,-0.24730561673641205
0.6531621813774109,0.3848561644554138,-0.5689989924430847
0.39970314502716064,0.38589802384376526,-0.6247522830963135
0.6521517038345337,0.37305569648742676,-0.6320412755012512
0.4019523561000824,0.37217187881469727,-0.6979264616966248
0.6448774337768555,0.3716017007827759,-0.6149378418922424
0.40895962715148926,0.37012019753456116,-0.6832977533340454
0.6408350467681885,0.3752800226211548,-0.5700899958610535
0.41127434372901917,0.3744608461856842,-0.6289523839950562
0.5718127489089966,0.5194448232650757,-0.0025899845641106367
0.48637086153030396,0.5175462365150452,0.0023907124996185303
0.5839634537696838,0.6091426610946655,0.06216713413596153
0.46987593173980713,0.6074528694152832,-0.0029596788808703423
0.5962083339691162,0.688753604888916,0.333085834980011
0.4562045633792877,0.6871429681777954,0.23061512410640717
0.5865679979324341,0.699085533618927,0.35012438893318176
0.46392470598220825,0.6962869763374329,0.24442161619663239
0.6197724938392639,0.717380940914154,0.16907888650894165
0.4390665590763092,0.7168558239936829,0.05327751487493515
-
0.5182083249092102,0.3481162488460541,-0.37998950481414795
0.5272817015647888,0.3417871594429016,-0.3530280292034149
0.5333834886550903,0.34182506799697876,-0.35305511951446533
0.5393600463867188,0.34193354845046997,-0.35311391949653625
0.5107041001319885,0.34240007400512695,-0.3470347225666046
0.505531370639801,0.34278208017349243,-0.3470362424850464
0.5016096234321594,0.34306561946868896,-0.34697848558425903
0.5498210191726685,0.34721630811691284,-0.18582390248775482
0.498324453830719,0.34859269857406616,-0.16260114312171936
0.5310466289520264,0.3575393259525299,-0.319097101688385
0.5097553133964539,0.35795095562934875,-0.31260091066360474
0.595572829246521,0.39470189809799194,-0.08402519673109055
0.46334919333457947,0.3955243229866028,-0.06753958761692047
0.656756579875946,0.44093021750450134,-0.2794785499572754
0.40516039729118347,0.44579076766967773,-0.26124319434165955
0.647473156452179,0.38776496052742004,-0.5867245197296143
0.4013175666332245,0.3930129110813141,-0.6445499658584595
0.6490472555160522,0.3771025538444519,-0.6512306928634644
0.4028417766094208,0.38023075461387634,-0.7197335958480835
0.6430972218513489,0.3752365708351135,-0.6361171007156372
0.40915337204933167,0.3773137629032135,-0.7097930908203125
0.638080358505249,0.3787710964679718,-0.5886403322219849
0.4116339683532715,0.38126474618911743,-0.6513461470603943
0.5715035796165466,0.519396185874939,-0.0015348513843491673
0.48664095997810364,0.5172051191329956,0.001333203399553895
0.583446741104126,0.6090205907821655,0.06362360715866089
0.46981823444366455,0.6071261167526245,-0.02070053480565548
0.5957119464874268,0.6887144446372986,0.3249812424182892
0.4563155770301819,0.6872721910476685,0.19821152091026306
0.5864718556404114,0.6989231109619141,0.3407754600048065
0.4640671908855438,0.696414589881897,0.21020261943340302
0.6189539432525635,0.7167573571205139,0.15905122458934784
0.43920373916625977,0.7165001630783081,0.017502158880233765
-
0.5182572603225708,0.3479610085487366,-0.35870203375816345
0.527332067489624,0.34180766344070435,-0.3308412730693817
0.5335479378700256,0.34183815121650696,-0.3308868408203125
0.5394790768623352,0.3419429659843445,-0.330924928188324
0.5107606053352356,0.34238359332084656,-0.32617253065109253
0.5055381059646606,0.34275323152542114,-0.32616597414016724
0.5016138553619385,0.3430021405220032,-0.3261062204837799
0.5498946309089661,0.34732767939567566,-0.16085830330848694
0.49835437536239624,0.3484787940979004,-0.14443938434123993
0.5309194326400757,0.3574492633342743,-0.2969112992286682
0.5097052454948425,0.3576105237007141,-0.2923394739627838
0.5956138372421265,0.39679622650146484,-0.06296226382255554
0.4631172716617584,0.3959923982620239,-0.0528336837887764
0.6481271386146545,0.4466882348060608,-0.26443493366241455
0.412918359041214,0.4498506188392639,-0.2601287066936493
0.647094190120697,0.3940473198890686,-0.5757240056991577
0.40293261408805847,0.39684364199638367,-0.6388607621192932
0.6492062211036682,0.3835902512073517,-0.6421996355056763
0.40304237604141235,0.3846682608127594,-0.7142125368118286
0.6431360244750977,0.3806438148021698,-0.630466878414154
0.4093116819858551,0.3813071846961975,-0.7056479454040527
0.6379910707473755,0.3843192160129547,-0.5793415307998657
0.4122698903083801,0.3851739764213562,-0.6460604667663574
0.5711275935173035,0.5192009806632996,-0.0008617108105681837
0.48664262890815735,0.5168188810348511,0.0006588234100490808
0.5832989811897278,0.608946681022644,0.060527101159095764
0.46980056166648865,0.6070595979690552,-0.04463213309645653
0.595586895942688,0.6886704564094543,0.32267332077026367
0.4568052589893341,0.6878198385238647,0.17542703449726105
0.5864789485931396,0.6986578702926636,0.3388534188270569
0.4646962881088257,0.6967116594314575,0.18772779405117035
0.6189574599266052,0.7164989709854126,0.1576344221830368
0.4393135607242584,0.7164958715438843,-0.006155220791697502
-
0.5182802677154541,0.3479797840118408,-0.3705749809741974
0.5273810625076294,0.3418132960796356,-0.341561496257782
0.533641517162323,0.341850221157074,-0.34157150983810425
0.539563775062561,0.3419599235057831,-0.341619074344635
0.5107932686805725,0.34240299463272095,-0.3352404534816742
0.5055443644523621,0.34277084469795227,-0.33523955941200256
0.5016169548034668,0.3430200219154358,-0.33517012000083923
0.5499449372291565,0.3474249243736267,-0.1722223311662674
0.49840033054351807,0.34848552942276,-0.14468668401241302
0.5309465527534485,0.35745885968208313,-0.3093818426132202
0.5097306370735168,0.35762274265289307,-0.30344098806381226
0.5960018634796143,0.3995557427406311,-0.0742412805557251
0.4631618857383728,0.3976104259490967,-0.0539364293217659
0.6421116590499878,0.452292263507843,-0.27349618077278137
0.4208953380584717,0.4538211226463318,-0.2861202657222748
0.6477593183517456,0.3992440402507782,-0.6101661324501038
0.4068213701248169,0.4042920470237732,-0.6745134592056274
0.649831235408783,0.3889428675174713,-0.6780005693435669
0.40360119938850403,0.3898018002510071,-0.7499212622642517
0.6439464688301086,0.38472265005111694,-0.6668659448623657
0.4098797142505646,0.38605159521102905,-0.7423509359359741
0.6382359266281128,0.3882632851600647,-0.6144418120384216
0.4140346646308899,0.3903196454048157,-0.6820685267448425
0.5708478689193726,0.5192819833755493,-0.0007045161328278482
0.4865523874759674,0.5169061422348022,0.0005062003037892282
0.5832636952400208,0.6089583039283752,0.052410099655389786
0.46980032324790955,0.6073624491691589,-0.03900187462568283
0.595527708530426,0.6888099312782288,0.3277971148490906
0.4573591351509094,0.6888523697853088,0.19417813420295715
0.5864940881729126,0.6986463665962219,0.34537413716316223
0.4656533896923065,0.6972051858901978,0.20788836479187012
0.6178510785102844,0.7162541747093201,0.1635170429944992
0.4393657147884369,0.7165395617485046,0.012888137251138687
-
0.5206983089447021,0.34792375564575195,-0.37123772501945496
0.5296927690505981,0.341808021068573,-0.3416339159011841
0.535732626914978,0.34186097979545593,-0.34168222546577454
0.5411593317985535,0.3419654667377472,-0.3417245149612427
0.512531578540802,0.3423657715320587,-0.338540256023407
0.5070899724960327,0.3427501320838928,-0.33854034543037415
0.5022165179252625,0.3430226743221283,-0.3384944200515747
0.5505539178848267,0.34763747453689575,-0.16531120240688324
0.49845102429389954,0.34849250316619873,-0.15099124610424042
0.5329506993293762,0.35747915506362915,-0.30731454491615295
0.5109671354293823,0.3576917052268982,-0.3055298328399658
0.5964149236679077,0.40143021941185,-0.06260129809379578
0.46305155754089355,0.3990255892276764,-0.06073499098420143
0.6345666646957397,0.4567771852016449,-0.260405570268631
0.4255180060863495,0.45730823278427124,-0.28471577167510986
0.6479591131210327,0.40718913078308105,-0.5978195667266846
0.4102626442909241,0.4092039465904236,-0.6709411144256592
0.649854838848114,0.3957328498363495,-0.665965735912323
0.4044498801231384,0.3951968550682068,-0.7458446025848389
0.6450530290603638,0.3912193775177002,-0.6582837700843811
0.4102191925048828,0.39115971326828003,-0.741359531879425
0.6392907500267029,0.39434096217155457,-0.6038087606430054
0.4147951900959015,0.3944721221923828,-0.6795474290847778
0.5708110928535461,0.5193208456039429,0.0009053416433744133
0.4864637553691864,0.5169743299484253,-0.0010881657944992185
0.5832601189613342,0.6091580390930176,0.047994937747716904
0.46977415680885315,0.6072497963905334,-0.04574783146381378
0.5954421162605286,0.6891272068023682,0.32576557993888855
0.45735612511634827,0.6887844204902649,0.2012675404548645
0.5864694118499756,0.698682427406311,0.3434908986091614
0.46555912494659424,0.6970755457878113,0.2166542112827301
0.617884635925293,0.716485857963562,0.16194026172161102
0.43998801708221436,0.7164281010627747,0.02217874303460121
-
0.5228502750396729,0.3476187586784363,-0.3747861087322235
0.5314258337020874,0.3415200114250183,-0.34522271156311035
0.5374383330345154,0.34169554710388184,-0.3452470004558563
0.542413592338562,0.34191519021987915,-0.34529513120651245
0.5140178203582764,0.3418284058570862,-0.33927690982818604
0.5085549354553223,0.3422418236732483,-0.33928507566452026
0.502871572971344,0.3426138758659363,-0.3392164707183838
0.5507141351699829,0.3476253151893616,-0.16987344622612
0.4984924793243408,0.34826189279556274,-0.16014829277992249
0.5345256328582764,0.3574756383895874,-0.3117695450782776
0.5120787024497986,0.3576710820198059,-0.30812421441078186
0.5966613292694092,0.40222829580307007,-0.06516127288341522
0.4629034996032715,0.3998006582260132,-0.06407314538955688
0.6265732049942017,0.4607943892478943,-0.25928211212158203
0.42881834506988525,0.4600641131401062,-0.28274792432785034
0.6482639312744141,0.4122546315193176,-0.6112736463546753
0.41288337111473083,0.41591978073120117,-0.6768384575843811
0.649932861328125,0.3996579051017761,-0.6814307570457458
0.4059731662273407,0.4007441997528076,-0.7526489496231079
0.6463402509689331,0.39499932527542114,-0.6778238415718079
0.4109037220478058,0.39607444405555725,-0.7502309083938599
0.6410895586013794,0.39777839183807373,-0.6192205548286438
0.41567331552505493,0.39909833669662476,-0.6861489415168762
0.5705903172492981,0.5193489789962769,0.0020132388453930616
0.4861275553703308,0.5168696045875549,-0.002192089566960931
0.5830144882202148,0.6091282963752747,0.050313860177993774
0.46978652477264404,0.6067776083946228,-0.04828780144453049
0.5952889919281006,0.6891220808029175,0.3257603645324707
0.4573574960231781,0.6887177228927612,0.2017020583152771
0.5863893032073975,0.6986777186393738,0.3428816795349121
0.4655967652797699,0.6970318555831909,0.21721027791500092
0.6181904673576355,0.7165259122848511,0.16059765219688416
0.44076117873191833,0.716430127620697,0.02207341603934765
-
0.5238701701164246,0.34720903635025024,-0.36933520436286926
0.5322498083114624,0.3410591781139374,-0.3393283486366272
0.5382867455482483,0.34131649136543274,-0.3393944799900055
0.5430606603622437,0.34167981147766113,-0.33942463994026184
0.5147051811218262,0.34132838249206543,-0.3366958200931549
0.5091810822486877,0.3417901396751404,-0.3366953730583191
0.5031915903091431,0.34226781129837036,-0.33665087819099426
0.5507211685180664,0.34743666648864746,-0.16120831668376923
0.4984978437423706,0.3480525612831116,-0.15814554691314697
0.5353436470031738,0.35735347867012024,-0.304916650056839
0.5126386880874634,0.3575403690338135,-0.30387991666793823
0.5966669917106628,0.4021987318992615,-0.055442169308662415
0.4628808796405792,0.3999941945075989,-0.06640394777059555
0.6236294507980347,0.4608965516090393,-0.24231520295143127
0.430652916431427,0.4612731337547302,-0.2797667980194092
0.6484794020652771,0.41350430250167847,-0.5955371260643005
0.41417986154556274,0.4179919362068176,-0.6643672585487366
0.6501003503799438,0.40047088265419006,-0.6645825505256653
0.40651553869247437,0.40276163816452026,-0.7400567531585693
0.6473023891448975,0.3961871564388275,-0.662655770778656
0.4110241234302521,0.3974441885948181,-0.7386451959609985
0.6422898173332214,0.39900535345077515,-0.6039803624153137
0.41581523418426514,0.40068092942237854,-0.6741810441017151
0.5703898668289185,0.5193809270858765,0.004255183972418308
0.48598048090934753,0.5167775750160217,-0.004460382275283337
0.5826854109764099,0.609054446220398,0.051906388252973557
0.4698866605758667,0.6065205335617065,-0.03886314108967781
0.5951429009437561,0.6890987157821655,0.33109161257743835
0.4576033353805542,0.6887038946151733,0.20991308987140656
0.5862246155738831,0.698661208152771,0.3486776649951935
0.46596458554267883,0.6967763900756836,0.22463756799697876
0.6192426681518555,0.7165263891220093,0.16549202799797058
0.44177499413490295,0.7164403796195984,0.027674667537212372
-
0.5244274735450745,0.34694162011146545,-0.3713272511959076
0.5326663851737976,0.34077519178390503,-0.3413486182689667
0.5386871099472046,0.3410470187664032,-0.341416597366333
0.5433894991874695,0.34147679805755615,-0.3414478898048401
0.5150995254516602,0.3411036729812622,-0.33894088864326477
0.509516179561615,0.34160706400871277,-0.3389405608177185
0.5033809542655945,0.3421359360218048,-0.3388996124267578
0.5507153272628784,0.3472326993942261,-0.1628262847661972
0.4985021948814392,0.34794381260871887,-0.159134179353714
0.5357944369316101,0.3572322726249695,-0.306668221950531
0.5130602717399597,0.35744085907936096,-0.30557379126548767
0.5967597365379333,0.40194734930992126,-0.056903865188360214
0.4628664255142212,0.4001270830631256,-0.0677063912153244
0.6231138706207275,0.46038252115249634,-0.2465367466211319
0.43175214529037476,0.46161842346191406,-0.27539682388305664
0.6486145257949829,0.41381150484085083,-0.6092145442962646
0.4149545431137085,0.418343722820282,-0.6621071696281433
0.6501758694648743,0.4006304144859314,-0.6803472638130188
0.4071139097213745,0.4032956063747406,-0.7382856607437134
0.6475384831428528,0.3963504433631897,-0.6799704432487488
0.4111693799495697,0.3978877067565918,-0.7377150058746338
0.642762303352356,0.3991319537162781,-0.6186431646347046
0.4159424304962158,0.4011935293674469,-0.6723721623420715
0.5702321529388428,0.5193602442741394,0.0053674629889428616
0.4858604371547699,0.5166840553283691,-0.005585532635450363
0.5825149416923523,0.6089233756065369,0.05335451662540436
0.46993839740753174,0.6063915491104126,-0.0346214734017849
0.5950865149497986,0.689003050327301,0.33201852440834045
0.4581648111343384,0.6886664628982544,0.2168545126914978
0.5861780047416687,0.6986017823219299,0.34964120388031006
0.46662217378616333,0.6964743733406067,0.23320721089839935
0.619818925857544,0.7164852619171143,0.16669906675815582
0.4425705373287201,0.7164503335952759,0.034647710621356964
-
0.5251411199569702,0.34685859084129333,-0.37801623344421387
0.5332513451576233,0.3406873047351837,-0.3485308885574341
0.539252758026123,0.34096404910087585,-0.348624050617218
0.5437769889831543,0.3414149582386017,-0.3486565053462982
0.515640139579773,0.3410356640815735,-0.34813934564590454
0.5100890398025513,0.341552734375,-0.3481403589248657
0.5037325024604797,0.3420964777469635,-0.3481180965900421
0.5507734417915344,0.34716418385505676,-0.16377012431621552
0.49856263399124146,0.3478798270225525,-0.16973577439785004
0.5364053249359131,0.3571870028972626,-0.31064102053642273
0.5138993859291077,0.3574213683605194,-0.31232723593711853
0.5970845222473145,0.40166616439819336,-0.06190457195043564
0.46287956833839417,0.4002102017402649,-0.07423018664121628
0.6232722997665405,0.46051478385925293,-0.25079166889190674
0.4330843687057495,0.46098431944847107,-0.277054101228714
0.6482643485069275,0.4135954976081848,-0.6170699000358582
0.4159984290599823,0.4161599576473236,-0.6714852452278137
0.6501956582069397,0.4007509648799896,-0.6880886554718018
0.40813958644866943,0.40073496103286743,-0.7472469806671143
0.6477791666984558,0.39585503935813904,-0.6875892877578735
0.4116792380809784,0.396062433719635,-0.7470288872718811
0.6429471969604492,0.398529589176178,-0.626368522644043
0.41665375232696533,0.39945536851882935,-0.6817870736122131
0.5702178478240967,0.5192853212356567,0.006324043497443199
0.4858601987361908,0.5165706872940063,-0.006538639310747385
0.582370400428772,0.6088813543319702,0.061434172093868256
0.46997904777526855,0.6063739061355591,-0.032416194677352905
0.5950133204460144,0.6889479756355286,0.3392409682273865
0.4584801197052002,0.6886187195777893,0.21984483301639557
0.586083710193634,0.6985689401626587,0.35653284192085266
0.4670862853527069,0.696332573890686,0.23584671318531036
0.6201488971710205,0.7164172530174255,0.17423903942108154
0.4430290758609772,0.7164477109909058,0.038231369107961655
-
0.5257148146629333,0.3467627167701721,-0.3898390531539917
0.5337568521499634,0.34059083461761475,-0.3606208860874176
0.5397294759750366,0.34087449312210083,-0.3607025444507599
0.5440785884857178,0.34134596586227417,-0.36074429750442505
0.5161539912223816,0.34094223380088806,-0.3606418967247009
0.510647177696228,0.34146130084991455,-0.3606463670730591
0.5040868520736694,0.34201809763908386,-0.3606260120868683
0.5508387088775635,0.3471158444881439,-0.1763128787279129
0.4986204504966736,0.3477531671524048,-0.1827070415019989
0.5367901921272278,0.3571513295173645,-0.32221803069114685
0.5144153237342834,0.3574002981185913,-0.324235737323761
0.5971128344535828,0.4015263617038727,-0.06383408606052399
0.46281731128692627,0.40019917488098145,-0.08691819757223129
0.6251193284988403,0.45972609519958496,-0.2542732059955597
0.4337165355682373,0.4606294631958008,-0.2892038822174072
0.648357629776001,0.4107557237148285,-0.6189620494842529
0.41744354367256165,0.4161756634712219,-0.6833399534225464
0.650210976600647,0.3987983465194702,-0.6881701350212097
0.40952011942863464,0.40039724111557007,-0.7586931586265564
0.6479390263557434,0.39399608969688416,-0.6855478882789612
0.4126097857952118,0.3958459496498108,-0.7569667100906372
0.6432616114616394,0.39684537053108215,-0.6273029446601868
0.4175930917263031,0.3990817666053772,-0.6929428577423096
0.570127546787262,0.5192588567733765,0.006358142010867596
0.48587626218795776,0.5164953470230103,-0.006571333389729261
0.5822345018386841,0.6088781356811523,0.061415836215019226
0.46999216079711914,0.6063755750656128,-0.031274180859327316
0.59501051902771,0.6889386177062988,0.3398539125919342
0.45855042338371277,0.6886380314826965,0.22150801122188568
0.5861982107162476,0.6985241174697876,0.3573223650455475
0.46725425124168396,0.6963251233100891,0.23734039068222046
0.6200714707374573,0.7163955569267273,0.17468667030334473
0.44302797317504883,0.7164378762245178,0.040192022919654846
-
0.5260323882102966,0.3467288613319397,-0.39104732871055603
0.534237802028656,0.34058669209480286,-0.3618220388889313
0.5401104688644409,0.3408760130405426,-0.36189329624176025
0.5443440079689026,0.34134966135025024,-0.3619341254234314
0.5165473818778992,0.34090590476989746,-0.36176353693008423
0.5110241174697876,0.34141454100608826,-0.36176812648773193
0.5043407678604126,0.34197014570236206,-0.36174917221069336
0.5509594678878784,0.34712153673171997,-0.1784776747226715
0.49866625666618347,0.34767213463783264,-0.18415603041648865
0.5369955897331238,0.3571498692035675,-0.32371699810028076
0.5147551894187927,0.35738882422447205,-0.3255568742752075
0.5970883965492249,0.40135854482650757,-0.06600703299045563
0.4622049927711487,0.40011319518089294,-0.08992328494787216
0.6261443495750427,0.4586002230644226,-0.25548887252807617
0.4333758056163788,0.4602108597755432,-0.29258278012275696
0.6484050154685974,0.4082459807395935,-0.6093098521232605
0.41730019450187683,0.41443872451782227,-0.6817575693130493
0.6502656936645508,0.3968965411186218,-0.6770516037940979
0.40983840823173523,0.398892879486084,-0.7564495801925659
0.6476246118545532,0.3918183445930481,-0.672829806804657
0.4131520986557007,0.39444056153297424,-0.7534549236297607
0.6429848074913025,0.3947324752807617,-0.6167278289794922
0.4178635776042938,0.39763015508651733,-0.6906880140304565
0.5700386166572571,0.5191957354545593,0.006426983512938023
0.4858735501766205,0.5164464116096497,-0.006639538332819939
0.581993818283081,0.6088830232620239,0.059844207018613815
0.4700162708759308,0.6063777208328247,-0.03156530484557152
0.5950133204460144,0.6889263391494751,0.3385813534259796
0.45856255292892456,0.6886408925056458,0.21963058412075043
0.5864204168319702,0.6985177993774414,0.3560776114463806
0.46728605031967163,0.6963158845901489,0.23512893915176392
0.6199887990951538,0.7164236903190613,0.17275361716747284
0.44302284717559814,0.7164009809494019,0.03838580846786499
-
0.5261821150779724,0.3466656506061554,-0.3906272351741791
0.5344806909561157,0.3405606150627136,-0.3612101376056671
0.5403496026992798,0.3408619463443756,-0.36127734184265137
0.5445123910903931,0.34134671092033386,-0.36131781339645386
0.5167112350463867,0.3408541679382324,-0.36092808842658997
0.5111793279647827,0.3413514196872711,-0.36093252897262573
0.5044559240341187,0.34190496802330017,-0.36091309785842896
0.5510575771331787,0.347133070230484,-0.17832545936107635
0.49866998195648193,0.34761884808540344,-0.18267586827278137
0.5370972156524658,0.35714349150657654,-0.323554664850235
0.5148980617523193,0.35736435651779175,-0.32504019141197205
0.5969880819320679,0.4012505114078522,-0.06457454711198807
0.4617272615432739,0.40005889534950256,-0.08957342803478241
0.6273931264877319,0.4576117992401123,-0.250669002532959
0.4336509704589844,0.4601193964481354,-0.2925930321216583
0.6484391689300537,0.4067215025424957,-0.6054903864860535
0.4173537492752075,0.4144560694694519,-0.6830717921257019
0.6505434513092041,0.39552783966064453,-0.6734148859977722
0.41053009033203125,0.39901313185691833,-0.7579299211502075
0.6476089954376221,0.3904477655887604,-0.6668326258659363
0.41382378339767456,0.394548624753952,-0.7554863095283508
0.6429780125617981,0.39350706338882446,-0.6118721961975098
0.41820424795150757,0.39771804213523865,-0.6923219561576843
0.570005476474762,0.5192015767097473,0.006627738941460848
0.4858736991882324,0.5164483785629272,-0.006838379893451929
0.5817871689796448,0.6088986992835999,0.06034010276198387
0.47003674507141113,0.606403648853302,-0.033221762627363205
0.5949999690055847,0.688917338848114,0.34245193004608154
0.45856332778930664,0.6886706352233887,0.21614159643650055
0.5864259004592896,0.6984686255455017,0.360209584236145
0.4672837257385254,0.6962977647781372,0.23119047284126282
0.6199869513511658,0.7164332866668701,0.1760038584470749
0.4430221617221832,0.7163995504379272,0.03291572630405426
-
0.5261469483375549,0.346579372882843,-0.3902462422847748
0.534477949142456,0.34049057960510254,-0.36077597737312317
0.5403618216514587,0.3408047556877136,-0.36084094643592834
0.5445458889007568,0.34131351113319397,-0.3608814775943756
0.5167021155357361,0.34079593420028687,-0.3602668046951294
0.5111584663391113,0.3412945568561554,-0.3602714538574219
0.504459798336029,0.3418532609939575,-0.3602513074874878
0.5511325597763062,0.3471412658691406,-0.17833253741264343
0.49866175651550293,0.34760698676109314,-0.18162626028060913
0.5370973348617554,0.35712742805480957,-0.3234333097934723
0.514897346496582,0.3573375940322876,-0.32459408044815063
0.5970027446746826,0.4011775553226471,-0.06474590301513672
0.46163177490234375,0.40003904700279236,-0.08977718651294708
0.6283966302871704,0.4572303891181946,-0.25110676884651184
0.43379202485084534,0.4600193500518799,-0.29305216670036316
0.6484644412994385,0.4060238301753998,-0.6015551686286926
0.41717690229415894,0.41442346572875977,-0.6830449104309082
0.6505839228630066,0.39496511220932007,-0.6690954566001892
0.41047629714012146,0.3989031910896301,-0.7578902244567871
0.6475582718849182,0.3898351490497589,-0.6627622842788696
0.41400855779647827,0.394601434469223,-0.7554870843887329
0.6429479122161865,0.3929765820503235,-0.6080045700073242
0.41832390427589417,0.39766302704811096,-0.692348837852478
0.5699824094772339,0.5192195177078247,0.006950137205421925
0.4858657121658325,0.5164534449577332,-0.00716051273047924
0.5816562175750732,0.608913779258728,0.06041179597377777
0.4700428545475006,0.6065036058425903,-0.03432558849453926
0.594908595085144,0.6888461709022522,0.3452654778957367
0.4584612250328064,0.6886889338493347,0.21463584899902344
0.5863020420074463,0.6983156204223633,0.36339879035949707
0.46712425351142883,0.6962836980819702,0.22966712713241577
0.6199862360954285,0.7164445519447327,0.1799769103527069
0.4430648386478424,0.7163805365562439,0.03159884363412857
-
0.5260463953018188,0.3465022146701813,-0.3846672475337982
0.5344230532646179,0.34039297699928284,-0.3555319905281067
0.5403042435646057,0.3406979441642761,-0.35559725761413574
0.5445311069488525,0.3412197232246399,-0.35563692450523376
0.5166422128677368,0.340762197971344,-0.35505613684654236
0.5110177397727966,0.3412718176841736,-0.3550601601600647
0.5044183135032654,0.3418356776237488,-0.3550432324409485
0.5511355996131897,0.34713587164878845,-0.1746356338262558
0.49863171577453613,0.34760716557502747,-0.17729438841342926
0.5370689630508423,0.3570847809314728,-0.3181944787502289
0.5148489475250244,0.357300341129303,-0.3190944790840149
0.5970166325569153,0.40111613273620605,-0.061155810952186584
0.4616014361381531,0.40001925826072693,-0.08716066926717758
0.6289716958999634,0.4571393132209778,-0.24922336637973785
0.43377915024757385,0.45973262190818787,-0.291376531124115
0.6484810709953308,0.40642014145851135,-0.5995375514030457
0.4169939160346985,0.41446906328201294,-0.6766436100006104
0.6507461071014404,0.39513257145881653,-0.6667479276657104
0.4103385806083679,0.3989189565181732,-0.7513471841812134
0.6475452184677124,0.38983193039894104,-0.6605488657951355
0.41397467255592346,0.3946489095687866,-0.7484936118125916
0.6429410576820374,0.39304059743881226,-0.605965256690979
0.41828474402427673,0.3976178765296936,-0.6857790350914001
0.569940447807312,0.5192198753356934,0.007056795060634613
0.4858328104019165,0.516417920589447,-0.007265457883477211
0.5815377831459045,0.6089152097702026,0.05716130509972572
0.47006794810295105,0.6065976619720459,-0.03467037156224251
0.5948445796966553,0.6888266801834106,0.3405171036720276
0.45831435918807983,0.6886907815933228,0.2130865901708603
0.5862237215042114,0.6982448697090149,0.3585212826728821
0.4667741060256958,0.6962588429450989,0.22803090512752533
0.6199859380722046,0.716476559638977,0.17563781142234802
0.4431305229663849,0.7163555026054382,0.03075735829770565
-
0.5259737372398376,0.3463806211948395,-0.37418127059936523
0.5343807935714722,0.34024420380592346,-0.3452429473400116
0.5402606725692749,0.3405257761478424,-0.3453080952167511
0.5445186495780945,0.34105175733566284,-0.3453463613986969
0.5165882110595703,0.3407059609889984,-0.3444565534591675
0.5108985304832458,0.34123262763023376,-0.34445831179618835
0.5043825507164001,0.3418090045452118,-0.3444412350654602
0.5511406660079956,0.3470664322376251,-0.16589558124542236
0.49861282110214233,0.34760358929634094,-0.16659468412399292
0.5370564460754395,0.35697486996650696,-0.30815547704696655
0.5148295760154724,0.35721534490585327,-0.3085041642189026
0.5970458388328552,0.4010601043701172,-0.05346861854195595
0.4615621268749237,0.4000123143196106,-0.0779639407992363
0.6290265917778015,0.4570034146308899,-0.24327236413955688
0.4339115619659424,0.45953479409217834,-0.2837298512458801
0.6485177278518677,0.406257688999176,-0.5954331159591675
0.41689419746398926,0.4144948422908783,-0.673852264881134
0.6507708430290222,0.3950338363647461,-0.6628737449645996
0.41025424003601074,0.3989565074443817,-0.7484573125839233
0.647521436214447,0.3896223306655884,-0.6580137610435486
0.413971871137619,0.394680380821228,-0.7444749474525452
0.6429035067558289,0.3928513824939728,-0.6025450229644775
0.41827303171157837,0.39766785502433777,-0.682537317276001
0.5698742270469666,0.5191493630409241,0.007154181133955717
0.48575925827026367,0.5162892937660217,-0.00735957408323884
0.5813741087913513,0.6089058518409729,0.05626251921057701
0.47010231018066406,0.6066505312919617,-0.03500582277774811
0.594774603843689,0.6888015866279602,0.3372673988342285
0.4582071900367737,0.688684344291687,0.20813456177711487
0.5861374735832214,0.698188304901123,0.35498371720314026
0.46639636158943176,0.6961877346038818,0.22246256470680237
0.6200119256973267,0.716482400894165,0.1719476282596588
0.44322577118873596,0.7163273692131042,0.024877900257706642
-
0.5259324908256531,0.34624794125556946,-0.3692774176597595
0.5343658924102783,0.34006521105766296,-0.3404366970062256
0.5402470231056213,0.34031981229782104,-0.3405022621154785
0.544514000415802,0.3408433496952057,-0.34053903818130493
0.5165401697158813,0.3406217098236084,-0.3396373391151428
0.5107790231704712,0.3411654829978943,-0.3396378457546234
0.504345178604126,0.3417610228061676,-0.3396233916282654
0.5511606931686401,0.34692293405532837,-0.1612684726715088
0.4985984265804291,0.34757328033447266,-0.16174514591693878
0.5370473265647888,0.3568395972251892,-0.30322033166885376
0.5148152112960815,0.3571225106716156,-0.3035315275192261
0.5971072316169739,0.40090060234069824,-0.04833700507879257
0.4614413380622864,0.39980456233024597,-0.07390410453081131
0.6286752223968506,0.45716506242752075,-0.23761823773384094
0.4341118335723877,0.459453284740448,-0.27904844284057617
0.6484957933425903,0.40636715292930603,-0.5897929072380066
0.41699838638305664,0.4144538342952728,-0.6727965474128723
0.6507989168167114,0.39513054490089417,-0.6572154760360718
0.4103356599807739,0.3989601135253906,-0.7470825910568237
0.6473826766014099,0.389602929353714,-0.6535502672195435
0.41408756375312805,0.3946686387062073,-0.7434948682785034
0.6427789330482483,0.3928377330303192,-0.5974206924438477
0.41834864020347595,0.39767104387283325,-0.6821925044059753
0.5697938203811646,0.5191069841384888,0.008047224953770638
0.4856283962726593,0.5162108540534973,-0.008246736600995064
0.5812333822250366,0.6089102029800415,0.05655122175812721
0.470122367143631,0.6067909002304077,-0.03434266149997711
0.5947188138961792,0.688788890838623,0.33729857206344604
0.45810458064079285,0.6886809468269348,0.20836223661899567
0.5860381722450256,0.6981849670410156,0.35488903522491455
0.4661282002925873,0.696134090423584,0.22242815792560577
0.6200715899467468,0.7164837121963501,0.17186522483825684
0.44325679540634155,0.716314435005188,0.024724183604121208
-
0.5259010195732117,0.34619587659835815,-0.36944350600242615
0.5343401432037354,0.33998745679855347,-0.34057626128196716
0.5402273535728455,0.3402382433414459,-0.34064149856567383
0.5445138216018677,0.34076860547065735,-0.340678334236145
0.5165271162986755,0.3405718207359314,-0.33982405066490173
0.5107645988464355,0.34112146496772766,-0.33982348442077637
0.5043395161628723,0.3417249619960785,-0.3398075997829437
0.5512058734893799,0.3468669652938843,-0.16191044449806213
0.4985968768596649,0.3475172221660614,-0.16249005496501923
0.5370349287986755,0.35680022835731506,-0.3036549389362335
0.5148079991340637,0.357090562582016,-0.30404695868492126
0.5971275568008423,0.40085333585739136,-0.05044439062476158
0.46126678586006165,0.3997494578361511,-0.07461050152778625
0.6281005144119263,0.4574485719203949,-0.24005217850208282
0.43404969573020935,0.4593963027000427,-0.2792488634586334
0.6483781933784485,0.4067261219024658,-0.5897793769836426
0.4169068932533264,0.4139198362827301,-0.6706229448318481
0.6506583094596863,0.3955139219760895,-0.6571835279464722
0.41029515862464905,0.3986203670501709,-0.7450011372566223
0.646948516368866,0.3898996114730835,-0.6534350514411926
0.41412994265556335,0.394390732049942,-0.7413702011108398
0.6423971652984619,0.39306801557540894,-0.5973774194717407
0.4183570444583893,0.39738020300865173,-0.6798466444015503
0.5696837306022644,0.5191072821617126,0.008549592457711697
0.4855004549026489,0.5162101984024048,-0.008745448663830757
0.5811351537704468,0.6089483499526978,0.06098030507564545
0.4701263904571533,0.6069353818893433,-0.03275728225708008
0.5946520566940308,0.6887819170951843,0.3387894034385681
0.45802074670791626,0.688679575920105,0.20834219455718994
0.5858815908432007,0.6981693506240845,0.35615578293800354
0.46602529287338257,0.69610995054245,0.2222672551870346
0.620145857334137,0.7164747714996338,0.17486169934272766
0.4432332217693329,0.7163045406341553,0.02543639950454235
-
0.5259383916854858,0.3461993336677551,-0.3652600049972534
0.5344224572181702,0.33998340368270874,-0.33583563566207886
0.5403290390968323,0.34023576974868774,-0.335906058549881
0.544571578502655,0.3407673239707947,-0.3359408378601074
0.5165567398071289,0.3405628800392151,-0.33599188923835754
0.5107882022857666,0.3411102890968323,-0.33598536252975464
0.5043558478355408,0.34171077609062195,-0.3359629511833191
0.5512762665748596,0.3468612730503082,-0.15588469803333282
0.4985964000225067,0.3474723994731903,-0.1608102023601532
0.5370604395866394,0.35680800676345825,-0.2991016209125519
0.514844536781311,0.3571062982082367,-0.3007315993309021
0.5970062017440796,0.4008152484893799,-0.04431230574846268
0.46117183566093445,0.39973607659339905,-0.07387638837099075
0.6273590922355652,0.457724004983902,-0.2267434298992157
0.4340037405490875,0.4596286416053772,-0.27869242429733276
0.6480569243431091,0.40714502334594727,-0.5699583292007446
0.4168356955051422,0.41377657651901245,-0.6693674921989441
0.6506766676902771,0.3959199786186218,-0.6369662284851074
0.41022321581840515,0.39868730306625366,-0.7437596917152405
0.6469020247459412,0.39038851857185364,-0.633834183216095
0.41412344574928284,0.3945721387863159,-0.7401998043060303
0.6421388983726501,0.3935032784938812,-0.5778207778930664
0.4183492064476013,0.3974943161010742,-0.6784580945968628
0.5696210861206055,0.5191086530685425,0.009595202282071114
0.4854598045349121,0.5162113904953003,-0.00978617649525404
0.5810324549674988,0.6089608073234558,0.06412281095981598
0.4701736569404602,0.6069668531417847,-0.03263314068317413
0.5946112871170044,0.6887723207473755,0.3387530446052551
0.4579572379589081,0.688654363155365,0.20530420541763306
0.5858191847801208,0.6981673836708069,0.3559008836746216
0.4658929705619812,0.696031391620636,0.21906104683876038
0.6202143430709839,0.7164599895477295,0.17490483820438385
0.4432302713394165,0.716293454170227,0.02367600053548813
-
0.5259562730789185,0.3462722599506378,-0.3653087615966797
0.534454882144928,0.3400041460990906,-0.3359903395175934
0.5403813123703003,0.3402610719203949,-0.3360629379749298
0.544601559638977,0.3407924175262451,-0.3360980451107025
0.5165819525718689,0.34057319164276123,-0.3362049460411072
0.5108198523521423,0.3411196172237396,-0.3361974358558655
0.5043742060661316,0.3417153060436249,-0.3361731767654419
0.5512893795967102,0.3468640446662903,-0.15621677041053772
0.49859729409217834,0.3474655747413635,-0.1613488346338272
0.5370568633079529,0.35688120126724243,-0.29917457699775696
0.5148705244064331,0.3572143018245697,-0.300902396440506
0.5969550013542175,0.4007928967475891,-0.044100791215896606
0.4611909091472626,0.3997838795185089,-0.07428815960884094
0.6266611814498901,0.4578761160373688,-0.22464582324028015
0.43428653478622437,0.4599273204803467,-0.2786947786808014
0.6476584672927856,0.40749406814575195,-0.5659761428833008
0.4168453514575958,0.4143887460231781,-0.6690659523010254
0.6506924033164978,0.3963354229927063,-0.6329076886177063
0.4101960062980652,0.39940017461776733,-0.7435401082038879
0.6468796133995056,0.3909561038017273,-0.6300866007804871
0.4141177237033844,0.3952394723892212,-0.7412546873092651
0.6419224143028259,0.3939341604709625,-0.5739269256591797
0.4183780550956726,0.39813777804374695,-0.67845219373703
0.5695533156394958,0.5191099047660828,0.01047542318701744
0.48543065786361694,0.5162151455879211,-0.010663064196705818
0.5809798240661621,0.6089619398117065,0.0686488077044487
0.4701787829399109,0.6070085167884827,-0.03255359083414078
0.5945756435394287,0.6887656450271606,0.33920446038246155
0.4578925669193268,0.6886270642280579,0.2030843049287796
0.5857603549957275,0.6981597542762756,0.3560025990009308
0.46580594778060913,0.6959565877914429,0.2165895402431488
0.6202473640441895,0.7164233922958374,0.17648540437221527
0.4432235360145569,0.7162744998931885,0.02206246927380562
-
0.5259437561035156,0.34646302461624146,-0.36132341623306274
0.5344451665878296,0.3401286005973816,-0.33204731345176697
0.5403754711151123,0.34038859605789185,-0.3321228623390198
0.5446041822433472,0.3408990502357483,-0.33215850591659546
0.5165748596191406,0.3406643867492676,-0.33226659893989563
0.5108115673065186,0.3412061333656311,-0.33225664496421814
0.5043737888336182,0.34177517890930176,-0.3322302997112274
0.5512921810150146,0.3468880355358124,-0.15261515974998474
0.4985966682434082,0.3474690020084381,-0.1579946130514145
0.5370394587516785,0.3570185899734497,-0.29531681537628174
0.5148675441741943,0.35739749670028687,-0.2970358431339264
0.5968689322471619,0.40083223581314087,-0.040611546486616135
0.46121445298194885,0.39982444047927856,-0.07177839428186417
0.6262633204460144,0.45798152685165405,-0.22033341228961945
0.4345858693122864,0.46010905504226685,-0.2751425802707672
0.647499680519104,0.40761828422546387,-0.5602606534957886
0.41680586338043213,0.41492900252342224,-0.6669110059738159
0.650705099105835,0.39657947421073914,-0.6269748210906982
0.4101841449737549,0.3998664915561676,-0.7414178848266602
0.646869421005249,0.3913373053073883,-0.6241639256477356
0.414089173078537,0.3956648111343384,-0.7406838536262512
0.641873300075531,0.39421674609184265,-0.5681882500648499
0.41837209463119507,0.3985975384712219,-0.6769307255744934
0.5694878697395325,0.519098699092865,0.010881658643484116
0.4853987395763397,0.5162061452865601,-0.011065839789807796
0.5809341669082642,0.6089609265327454,0.06900138407945633
0.47019174695014954,0.6070221066474915,-0.032709985971450806
0.5945500135421753,0.6887581944465637,0.3378555178642273
0.4578222632408142,0.6886102557182312,0.19937801361083984
0.5857096314430237,0.6981552839279175,0.3542271852493286
0.4657154381275177,0.6959072351455688,0.21260009706020355
0.6202715039253235,0.7163873910903931,0.1751101016998291
0.44321408867836,0.7162676453590393,0.018315250054001808
-
0.5257751941680908,0.3466651737689972,-0.35547351837158203
0.5343490242958069,0.3402610719203949,-0.32626187801361084
0.5403187870979309,0.34051042795181274,-0.32633811235427856
0.5445953011512756,0.34099477529525757,-0.3263729214668274
0.51646488904953,0.34083235263824463,-0.32597097754478455
0.5106399059295654,0.34138548374176025,-0.3259599506855011
0.504304826259613,0.34191033244132996,-0.32593217492103577
0.551295816898346,0.3469215929508209,-0.14838315546512604
0.4985751807689667,0.3475026488304138,-0.15150558948516846
0.5369539260864258,0.35714736580848694,-0.2902076840400696
0.5147576928138733,0.35757768154144287,-0.2912382185459137
0.5968028903007507,0.40092796087265015,-0.03917810693383217
0.4612380266189575,0.39990878105163574,-0.06619204580783844
0.6259213089942932,0.4580135941505432,-0.2208053171634674
0.4347919523715973,0.46020936965942383,-0.2690882086753845
0.6473485827445984,0.4077602028846741,-0.559629499912262
0.4167839586734772,0.4149189591407776,-0.6600102186203003
0.6506957411766052,0.39684587717056274,-0.6263283491134644
0.4101495146751404,0.3998923599720001,-0.7345211505889893
0.6468494534492493,0.3916530907154083,-0.6232730746269226
0.4140791893005371,0.3957769572734833,-0.7339638471603394
0.641782820224762,0.39444488286972046,-0.5674285292625427
0.41837430000305176,0.39876556396484375,-0.6701623201370239
0.5694254040718079,0.5190973281860352,0.010862603783607483
0.48537635803222656,0.5162062644958496,-0.011047572828829288
0.5808894038200378,0.6089617609977722,0.06857665628194809
0.4701964557170868,0.607036828994751,-0.033090051263570786
0.5944933295249939,0.6887511014938354,0.33625760674476624
0.45778778195381165,0.6886065602302551,0.19732730090618134
0.5855914950370789,0.6981519460678101,0.352485716342926
0.46567752957344055,0.6958995461463928,0.21050959825515747
0.620232105255127,0.7163408994674683,0.173237144947052
0.4431970715522766,0.716263473033905,0.016296345740556717
-
0.5253402590751648,0.3469776213169098,-0.3504865765571594
0.534111499786377,0.3405093848705292,-0.3214520812034607
0.5401360392570496,0.34072306752204895,-0.3215291500091553
0.5445529222488403,0.3411664366722107,-0.32156404852867126
0.5161628723144531,0.34120285511016846,-0.3205006420612335
0.5102249383926392,0.34175509214401245,-0.3204898238182068
0.5041353702545166,0.3422113060951233,-0.320464164018631
0.5512992739677429,0.3470095098018646,-0.14453111588954926
0.4985329508781433,0.3476479649543762,-0.14457811415195465
0.5367447137832642,0.35732847452163696,-0.28562816977500916
0.5144485831260681,0.35784482955932617,-0.28578609228134155
0.5968033075332642,0.4009701609611511,-0.03676826134324074
0.46133315563201904,0.39998307824134827,-0.059883471578359604
0.6256664991378784,0.4580361247062683,-0.2202436625957489
0.43512171506881714,0.46018481254577637,-0.2630140483379364
0.6471309661865234,0.4078156054019928,-0.5584564208984375
0.41677147150039673,0.414745569229126,-0.6535471677780151
0.6506240963935852,0.3970268964767456,-0.6251134276390076
0.4101167917251587,0.3997693955898285,-0.7281403541564941
0.6467927694320679,0.39186349511146545,-0.6218275427818298
0.41407743096351624,0.3957728445529938,-0.7274333238601685
0.6416575312614441,0.39461439847946167,-0.5661338567733765
0.41839882731437683,0.39878425002098083,-0.6637803912162781
0.569370687007904,0.519102931022644,0.010843686759471893
0.4853563904762268,0.5162094831466675,-0.01102783065289259
0.5808728933334351,0.6089655160903931,0.06836020201444626
0.4701980948448181,0.6070405840873718,-0.035354919731616974
0.5944468379020691,0.6887530088424683,0.33513593673706055
0.4577796459197998,0.6886029839515686,0.1941908895969391
0.5854902267456055,0.6981558203697205,0.3514055609703064
0.46567052602767944,0.6958943605422974,0.20742161571979523
0.6202116012573242,0.716289222240448,0.1717897206544876
0.44319722056388855,0.7162598967552185,0.012853126041591167
-
0.524800717830658,0.3472770154476166,-0.3484655022621155
0.5337835550308228,0.340758353471756,-0.3196874260902405
0.5398755669593811,0.34093111753463745,-0.31976431608200073
0.544472873210907,0.3413406312465668,-0.3197997212409973
0.5157626867294312,0.3415582776069641,-0.3183916211128235
0.5097078680992126,0.342105895280838,-0.3183812201023102
0.5039163827896118,0.3425140380859375,-0.31835660338401794
0.5513024926185608,0.347135454416275,-0.1438336968421936
0.4984605610370636,0.3478506803512573,-0.14226922392845154
0.5364052653312683,0.35754233598709106,-0.2840122580528259
0.5139593482017517,0.35814541578292847,-0.2836882174015045
0.596817672252655,0.4009847044944763,-0.03699570894241333
0.46138301491737366,0.4001538157463074,-0.05732385814189911
0.6252840161323547,0.4581407904624939,-0.22163026034832
0.43559136986732483,0.46019476652145386,-0.25963032245635986
0.6469907760620117,0.4080626368522644,-0.5598767995834351
0.4167453646659851,0.4146572947502136,-0.6484026908874512
0.6505953669548035,0.3973078727722168,-0.6266009211540222
0.41009411215782166,0.3997548222541809,-0.7227048277854919
0.6467602849006653,0.39207300543785095,-0.6231924891471863
0.41408059000968933,0.3958143889904022,-0.7217282056808472
0.6415647864341736,0.3947787880897522,-0.5674927830696106
0.41843757033348083,0.3988719880580902,-0.6585431694984436
0.5693030953407288,0.5191062688827515,0.010700761340558529
0.4853285849094391,0.516209065914154,-0.010882959701120853
0.5808638334274292,0.6089635491371155,0.0662010982632637
0.47020262479782104,0.6070336103439331,-0.037891462445259094
0.5944070816040039,0.6887751221656799,0.3288797438144684
0.45777443051338196,0.688595712184906,0.19053541123867035
0.5854068994522095,0.6981720924377441,0.3448490798473358
0.46566903591156006,0.6958802938461304,0.20368005335330963
0.6201894879341125,0.7162732481956482,0.16464656591415405
0.44320228695869446,0.7162567377090454,0.009132135659456253
-
0.5243626236915588,0.34743162989616394,-0.33945512771606445
0.5335223078727722,0.34086495637893677,-0.31042927503585815
0.5396633148193359,0.3410213887691498,-0.31050926446914673
0.5443963408470154,0.34142154455184937,-0.3105430603027344
0.5154668092727661,0.3417161703109741,-0.3091733455657959
0.5093359351158142,0.3422631621360779,-0.309161514043808
0.5037447214126587,0.3426538407802582,-0.30913737416267395
0.5513052940368652,0.3472210764884949,-0.13445794582366943
0.49839451909065247,0.34797006845474243,-0.13297167420387268
0.5360645055770874,0.3576691746711731,-0.27497249841690063
0.5135558247566223,0.35832148790359497,-0.2746736705303192
0.5968340635299683,0.40098437666893005,-0.02918977290391922
0.46140170097351074,0.40030279755592346,-0.04825931787490845
0.6249641180038452,0.45827656984329224,-0.21527409553527832
0.43594905734062195,0.46018853783607483,-0.248164564371109
0.6468966603279114,0.408438116312027,-0.5548434853553772
0.4167388379573822,0.4146396517753601,-0.6349102854728699
0.6505821943283081,0.3976175785064697,-0.621937096118927
0.4100874066352844,0.3997802138328552,-0.7088396549224854
0.64671391248703,0.3922494351863861,-0.6183215379714966
0.4140963554382324,0.3958585262298584,-0.707991898059845
0.6414505243301392,0.3949155807495117,-0.5623883008956909
0.41849759221076965,0.39895084500312805,-0.6450240015983582
0.5692475438117981,0.5190974473953247,0.010678697377443314
0.48529765009880066,0.5161828994750977,-0.010861411690711975
0.5808550119400024,0.6089040040969849,0.057995446026325226
0.4702059030532837,0.6069422364234924,-0.052118461579084396
0.5943847894668579,0.6889188289642334,0.30939874053001404
0.4577696621417999,0.6885924339294434,0.17473649978637695
0.585307240486145,0.6983869671821594,0.3241477310657501
0.46566450595855713,0.6958692073822021,0.187643900513649
0.6202877163887024,0.7162753343582153,0.1426009088754654
0.4433315694332123,0.7162655591964722,-0.00773046026006341
-
0.5240881443023682,0.34756016731262207,-0.32767871022224426
0.5333499312400818,0.3409569263458252,-0.29850390553474426
0.5395399332046509,0.34109795093536377,-0.29858651757240295
0.5443500280380249,0.3414863348007202,-0.2986176609992981
0.515225350856781,0.34185338020324707,-0.2972955107688904
0.5090318322181702,0.3424023985862732,-0.2972806990146637
0.5035914182662964,0.3427830636501312,-0.2972552478313446
0.5513108372688293,0.3472580313682556,-0.12306737154722214
0.49833017587661743,0.34806904196739197,-0.12167935818433762
0.5358624458312988,0.35776185989379883,-0.2634619474411011
0.5132562518119812,0.3584815561771393,-0.2631726861000061
0.5969105958938599,0.40098118782043457,-0.019690487533807755
0.461419939994812,0.40036725997924805,-0.037910155951976776
0.6245929002761841,0.45837268233299255,-0.20472531020641327
0.43620795011520386,0.46015557646751404,-0.23620223999023438
0.6468660235404968,0.40892142057418823,-0.543885350227356
0.4167273938655853,0.41457971930503845,-0.6223433017730713
0.6505748629570007,0.39792853593826294,-0.6108788251876831
0.41008999943733215,0.3997413218021393,-0.6959624290466309
0.646702766418457,0.3924739956855774,-0.607428252696991
0.4141128659248352,0.3958377540111542,-0.6953614950180054
0.6414415836334229,0.39513474702835083,-0.5515169501304626
0.41854339838027954,0.3989374339580536,-0.6325479745864868
0.5692256689071655,0.5190885066986084,0.010657788254320621
0.4852631390094757,0.5161647796630859,-0.010838227346539497
0.5808508396148682,0.6088457703590393,0.05141838267445564
0.4702196717262268,0.6068323850631714,-0.05715992674231529
0.594378650188446,0.6891206502914429,0.29565268754959106
0.45776277780532837,0.6885898113250732,0.16896873712539673
0.5852576494216919,0.6986696124076843,0.309621125459671
0.4656563699245453,0.6958668828010559,0.1817653924226761
0.6203880310058594,0.7163097858428955,0.127473846077919
0.4433916211128235,0.7162728905677795,-0.013099165633320808
-
0.523847222328186,0.3477362394332886,-0.32144126296043396
0.5331863164901733,0.34107258915901184,-0.2924787402153015
0.5394280552864075,0.341192364692688,-0.2925601601600647
0.544308066368103,0.34156548976898193,-0.2925843596458435
0.5149834752082825,0.3420129120349884,-0.291053831577301
0.508729875087738,0.34256675839424133,-0.29103803634643555
0.5034387707710266,0.34293946623802185,-0.2910119891166687
0.5513246655464172,0.34728512167930603,-0.11761610209941864
0.4982741177082062,0.348177969455719,-0.1151922196149826
0.5356621146202087,0.35789230465888977,-0.2573985755443573
0.512994110584259,0.3586752712726593,-0.25678884983062744
0.5970732569694519,0.4009628891944885,-0.01447482593357563
0.46145811676979065,0.4004022479057312,-0.031023578718304634
0.6242098212242126,0.45845499634742737,-0.19904744625091553
0.4364076256752014,0.4601372182369232,-0.2270047962665558
0.6468551158905029,0.40951675176620483,-0.5413489937782288
0.4167802035808563,0.41453108191490173,-0.6134124994277954
0.6505835652351379,0.398222953081131,-0.6085594892501831
0.4100872576236725,0.3997315466403961,-0.6865732669830322
0.6467201709747314,0.3926897943019867,-0.6056177616119385
0.4141157865524292,0.3958249092102051,-0.6863606572151184
0.6414556503295898,0.3953903913497925,-0.5492188334465027
0.4185869097709656,0.3989281952381134,-0.62372887134552
0.5692113041877747,0.5190898180007935,0.010629150085151196
0.4852488934993744,0.5161675214767456,-0.010808122344315052
0.5808517932891846,0.60880446434021,0.04853242635726929
0.47026824951171875,0.6068008542060852,-0.056061096489429474
0.5943707227706909,0.6892412900924683,0.29134389758110046
0.4577432870864868,0.6885806918144226,0.1713365763425827
0.5851561427116394,0.6988450884819031,0.305101215839386
0.46563437581062317,0.6958631873130798,0.18419592082500458
0.6205577850341797,0.716385006904602,0.12244556099176407
0.44353142380714417,0.7162740230560303,-0.010417725890874863
-
0.5233592987060547,0.34789222478866577,-0.3135778605937958
0.5328282117843628,0.3411669433116913,-0.2852195203304291
0.5391669273376465,0.3412569761276245,-0.2852974236011505
0.5441934466362,0.34161967039108276,-0.28531429171562195
0.5145267248153687,0.34216904640197754,-0.2831098139286041
0.5081992745399475,0.3427315652370453,-0.28309178352355957
0.5031944513320923,0.34309321641921997,-0.2830643951892853
0.5513313412666321,0.3473127484321594,-0.1125202476978302
0.4982028901576996,0.34828490018844604,-0.10695312172174454
0.5352566838264465,0.3579948842525482,-0.250268816947937
0.512526273727417,0.3588237166404724,-0.24873346090316772
0.5972185134887695,0.40094947814941406,-0.011138400994241238
0.4615742564201355,0.4004030227661133,-0.021976327523589134
0.6239650845527649,0.458488792181015,-0.19643783569335938
0.43667203187942505,0.4600687623023987,-0.21453239023685455
0.6467982530593872,0.4096667170524597,-0.5391215682029724
0.416912704706192,0.41449302434921265,-0.5993546843528748
0.6505551338195801,0.3983151614665985,-0.6061236262321472
0.4100945293903351,0.39974719285964966,-0.6716880202293396
0.6467017531394958,0.3927685022354126,-0.6029984951019287
0.4141165018081665,0.39582768082618713,-0.6714931130409241
0.6414448022842407,0.3954868018627167,-0.5468391180038452
0.4186341166496277,0.3989279866218567,-0.6096289157867432
0.5691782832145691,0.5190776586532593,0.010039231739938259
0.4852243661880493,0.5161596536636353,-0.010218601673841476
0.5808432102203369,0.6087031960487366,0.04240472614765167
0.4703546166419983,0.6067603826522827,-0.054248079657554626
0.5943606495857239,0.6893800497055054,0.2816120982170105
0.4577275514602661,0.688575267791748,0.17421488463878632
0.5851401686668396,0.6990031599998474,0.29499608278274536
0.4656302034854889,0.6958669424057007,0.18715929985046387
0.6205794811248779,0.7164887189865112,0.1111188605427742
0.4437485933303833,0.7162731885910034,-0.00716819753870368
-
0.5226879715919495,0.34804511070251465,-0.30430933833122253
0.5322413444519043,0.34128013253211975,-0.27648431062698364
0.5387239456176758,0.34132686257362366,-0.2765585482120514
0.5439557433128357,0.3416723310947418,-0.27656954526901245
0.5139122605323792,0.3423488140106201,-0.27405020594596863
0.5075775384902954,0.34292131662368774,-0.27402976155281067
0.5029048323631287,0.34326833486557007,-0.27399924397468567
0.5513312220573425,0.3473421037197113,-0.10587117075920105
0.49812600016593933,0.34840065240859985,-0.0987839475274086
0.5347257256507874,0.3580867350101471,-0.24164138734340668
0.5119762420654297,0.3589479327201843,-0.23964671790599823
0.5973091125488281,0.400945246219635,-0.005733676254749298
0.46177223324775696,0.40040355920791626,-0.013484274037182331
0.6237168312072754,0.4585541784763336,-0.18969853222370148
0.4367629587650299,0.45996183156967163,-0.20168259739875793
0.6467270255088806,0.4097767770290375,-0.5316973924636841
0.4170892834663391,0.4145021438598633,-0.5830804109573364
0.6505438685417175,0.3984054625034332,-0.5981606841087341
0.41011568903923035,0.39984017610549927,-0.6543131470680237
0.6466965079307556,0.39286115765571594,-0.5951141119003296
0.4141223430633545,0.3958939015865326,-0.6542196869850159
0.641442596912384,0.39559176564216614,-0.5393409132957458
0.4186974763870239,0.3989860713481903,-0.5932632684707642
0.5691429376602173,0.5190449953079224,0.009668251499533653
0.4851991534233093,0.5161086320877075,-0.009850197471678257
0.5808357000350952,0.6086255311965942,0.035098109394311905
0.4704529643058777,0.6067138314247131,-0.05404629185795784
0.5943520665168762,0.6895619034767151,0.26619359850883484
0.4577238857746124,0.6885636448860168,0.17365017533302307
0.5851287841796875,0.6992281675338745,0.2786927819252014
0.46562132239341736,0.6958637833595276,0.18643373250961304
0.6206439137458801,0.7166749238967896,0.09452863037586212
0.4440456032752991,0.7162231206893921,-0.0067149256356060505
-
0.5220201015472412,0.3482643961906433,-0.2981061339378357
0.531610369682312,0.34154394268989563,-0.27031409740448
0.5382601618766785,0.3415251672267914,-0.2703850567340851
0.543668806552887,0.3418305814266205,-0.27039363980293274
0.5133029222488403,0.3426186442375183,-0.267736554145813
0.5070028305053711,0.3431912362575531,-0.26771482825279236
0.502644956111908,0.343509703874588,-0.26768186688423157
0.55132657289505,0.34745514392852783,-0.10039269179105759
0.4980736970901489,0.3485586941242218,-0.09254468232393265
0.5342258214950562,0.3582092523574829,-0.23568561673164368
0.511504590511322,0.3590680658817291,-0.23346997797489166
0.597360372543335,0.4009671211242676,-0.0003792629577219486
0.4619731605052948,0.40040501952171326,-0.007960871793329716
0.6235764026641846,0.45862317085266113,-0.18216854333877563
0.43682920932769775,0.4598124921321869,-0.19391359388828278
0.6466866135597229,0.40988031029701233,-0.5215365290641785
0.4172511696815491,0.41448110342025757,-0.5721408128738403
0.6505400538444519,0.3984754681587219,-0.587286114692688
0.4101622998714447,0.39985913038253784,-0.6428762078285217
0.6467108130455017,0.39295297861099243,-0.5842624306678772
0.41414743661880493,0.3959023356437683,-0.6426711678504944
0.6414604783058167,0.39568981528282166,-0.5291421413421631
0.41878700256347656,0.3989960551261902,-0.582226037979126
0.5690680146217346,0.5190297365188599,0.009567312896251678
0.48518532514572144,0.5160577297210693,-0.00975146796554327
0.5808310508728027,0.6085245013237,0.02865147590637207
0.4705582857131958,0.6065965890884399,-0.05407704785466194
0.5943446755409241,0.6897350549697876,0.2536194324493408
0.4577212929725647,0.6885515451431274,0.17448550462722778
0.585118293762207,0.699438214302063,0.26545366644859314
0.46561554074287415,0.6958653330802917,0.18736770749092102
0.6206728219985962,0.716951847076416,0.08029282093048096
0.44418013095855713,0.7161139249801636,-0.005357466638088226
-
0.5216737985610962,0.3483942449092865,-0.3016985058784485
0.5312621593475342,0.3417285978794098,-0.2735605239868164
0.537993311882019,0.34167468547821045,-0.27363184094429016
0.543498694896698,0.34195658564567566,-0.27364382147789
0.5129712224006653,0.34279972314834595,-0.27131932973861694
0.506697416305542,0.34336546063423157,-0.27129772305488586
0.5024869441986084,0.3436650335788727,-0.2712658643722534
0.5513215065002441,0.34756046533584595,-0.10193929821252823
0.49802660942077637,0.3486718535423279,-0.09554720669984818
0.5339389443397522,0.3582910895347595,-0.23865549266338348
0.5112501978874207,0.3591355085372925,-0.2368806004524231
0.5973785519599915,0.40099892020225525,0.0003247762506362051
0.46206575632095337,0.40042391419410706,-0.011119211092591286
0.623511016368866,0.4586547911167145,-0.17911545932292938
0.43691879510879517,0.45974135398864746,-0.1990518718957901
0.646676242351532,0.4101143479347229,-0.5179159641265869
0.417301207780838,0.4144744277000427,-0.5792257785797119
0.6505398154258728,0.39862722158432007,-0.583705484867096
0.41020041704177856,0.3998608887195587,-0.6506288051605225
0.6467375755310059,0.3931427299976349,-0.5808172225952148
0.41417431831359863,0.39589834213256836,-0.6505764722824097
0.6415039896965027,0.3958666920661926,-0.5256521105766296
0.4188426434993744,0.3989909589290619,-0.5894216895103455
0.5689978003501892,0.5190219879150391,0.00961125548928976
0.4851781129837036,0.5160353779792786,-0.009797115810215473
0.580844521522522,0.6084094047546387,0.02602512761950493
0.4706355631351471,0.6065376996994019,-0.05330948904156685
0.5943403244018555,0.6898431181907654,0.2556445300579071
0.4577212333679199,0.6885454654693604,0.17827223241329193
0.5851104259490967,0.6995469331741333,0.26797404885292053
0.4655517637729645,0.6958633661270142,0.19179250299930573
0.6206769943237305,0.7171941995620728,0.08198558539152145
0.4443811774253845,0.7159698009490967,0.0001924791286000982
-
0.5213609933853149,0.3485233187675476,-0.30583909153938293
0.5309562087059021,0.34189528226852417,-0.27751827239990234
0.5377582311630249,0.3418194055557251,-0.27759021520614624
0.5433425307273865,0.3420812487602234,-0.27760568261146545
0.512690544128418,0.3429449498653412,-0.275498628616333
0.5064542889595032,0.3435061573982239,-0.27547767758369446
0.5023598074913025,0.34379133582115173,-0.27544718980789185
0.5513177514076233,0.3476739525794983,-0.10463663935661316
0.4979966878890991,0.348762571811676,-0.09929496794939041
0.5337072014808655,0.3583851754665375,-0.24232272803783417
0.5109973549842834,0.3592178225517273,-0.24086089432239532
0.5973829627037048,0.4010234475135803,-0.00030348653672263026
0.46207255125045776,0.40043896436691284,-0.014870774932205677
0.623411238193512,0.4587124288082123,-0.17830270528793335
0.43695729970932007,0.4596714377403259,-0.20510850846767426
0.6466764807701111,0.41044482588768005,-0.5175405144691467
0.4173000752925873,0.41430187225341797,-0.5870353579521179
0.6505447626113892,0.39882582426071167,-0.583507776260376
0.41019999980926514,0.39984333515167236,-0.6589680314064026
0.6468198299407959,0.3933489918708801,-0.580856442451477
0.4141746163368225,0.39589402079582214,-0.6588377952575684
0.641620397567749,0.39608556032180786,-0.5254582762718201
0.41884997487068176,0.3989868462085724,-0.597241222858429
0.5689579844474792,0.5190160274505615,0.00983724556863308
0.48516958951950073,0.5160185098648071,-0.010025023482739925
0.5808722972869873,0.6083356142044067,0.027727441862225533
0.4706748425960541,0.6065016984939575,-0.053124427795410156
0.5943436026573181,0.6898987889289856,0.2620406448841095
0.4577186107635498,0.6885422468185425,0.18249891698360443
0.5850992202758789,0.6995987892150879,0.2748507261276245
0.4654393494129181,0.695864200592041,0.19637025892734528
0.6206502914428711,0.7173562049865723,0.0888560339808464
0.4444868862628937,0.7158682346343994,0.004482967779040337
-
0.5211765766143799,0.34860023856163025,-0.30930301547050476
0.5307936072349548,0.34200045466423035,-0.2809152901172638
0.5376247763633728,0.3419187068939209,-0.28098782896995544
0.5432539582252502,0.3421744704246521,-0.28100496530532837
0.5125503540039062,0.34302809834480286,-0.2789851427078247
0.5063390731811523,0.3435845971107483,-0.27896642684936523
0.5022902488708496,0.3438628315925598,-0.2789364159107208
0.5513162612915039,0.34776437282562256,-0.10779201984405518
0.4979795217514038,0.3488072156906128,-0.10296783596277237
0.5335568189620972,0.3584440350532532,-0.24575716257095337
0.5108153223991394,0.359262079000473,-0.24444319307804108
0.5973854660987854,0.4010285437107086,-0.0028293009381741285
0.4620570242404938,0.400441974401474,-0.018296541646122932
0.6233527660369873,0.4587601125240326,-0.1799374669790268
0.4369616210460663,0.45962080359458923,-0.20970195531845093
0.6467061638832092,0.410832941532135,-0.5189647078514099
0.4172322452068329,0.4140622615814209,-0.5915817022323608
0.6505475640296936,0.39906442165374756,-0.584873616695404
0.41018956899642944,0.39980146288871765,-0.6636938452720642
0.6469116806983948,0.3936246931552887,-0.5825435519218445
0.4141612648963928,0.3958851099014282,-0.6629677414894104
0.6417903304100037,0.3963642716407776,-0.5270431041717529
0.41884464025497437,0.3989779055118561,-0.6015486121177673
0.568926990032196,0.5190165638923645,0.01018358301371336
0.48516300320625305,0.5160169005393982,-0.010372675023972988
0.5809106826782227,0.6083022356033325,0.02981160394847393
0.47068145871162415,0.6064808368682861,-0.050707168877124786
0.5943421125411987,0.6899162530899048,0.26807701587677
0.4577159583568573,0.688528835773468,0.18905967473983765
0.585074782371521,0.6996160745620728,0.28132084012031555
0.465343177318573,0.6958616971969604,0.203240305185318
0.620615541934967,0.7174177169799805,0.09596318006515503
0.4445291757583618,0.7158061265945435,0.011071126908063889
-
0.5210439562797546,0.3487119674682617,-0.310718297958374
0.5306814908981323,0.3421410322189331,-0.28233012557029724
0.5375286340713501,0.3420543968677521,-0.28240323066711426
0.54319167137146,0.3422999680042267,-0.282422810792923
0.5124462842941284,0.3431311547756195,-0.2803497910499573
0.5062600374221802,0.34367749094963074,-0.28033074736595154
0.502241313457489,0.3439461886882782,-0.28030088543891907
0.5513158440589905,0.34786489605903625,-0.10882453620433807
0.4979715943336487,0.3488512635231018,-0.10367810726165771
0.533433735370636,0.35853782296180725,-0.24700701236724854
0.5107019543647766,0.35932841897010803,-0.24561886489391327
0.5973886251449585,0.4010453224182129,-0.003169682342559099
0.46213051676750183,0.4004595875740051,-0.0185772106051445
0.6232953071594238,0.4587855935096741,-0.18056076765060425
0.4370107054710388,0.45960235595703125,-0.20989331603050232
0.6467553973197937,0.4111484885215759,-0.5200275182723999
0.41722628474235535,0.4138868749141693,-0.5932759046554565
0.6505452990531921,0.3992335796356201,-0.5861018300056458
0.41018858551979065,0.39974305033683777,-0.6656303405761719
0.6469531059265137,0.3938558101654053,-0.5838254690170288
0.41415777802467346,0.39585089683532715,-0.665316641330719
0.6419097781181335,0.39663299918174744,-0.5281420946121216
0.4188472032546997,0.3989669382572174,-0.6034860610961914
0.5688548684120178,0.519011378288269,0.010280366986989975
0.48515641689300537,0.5159923434257507,-0.01046895794570446
0.5809442400932312,0.6082413792610168,0.029416712000966072
0.4707004427909851,0.6064190864562988,-0.050603851675987244
0.5943400263786316,0.689933717250824,0.26861464977264404
0.4577135741710663,0.6885114312171936,0.18943054974079132
0.5850661993026733,0.699634850025177,0.2819254994392395
0.46523845195770264,0.69585120677948,0.20352259278297424
0.6205986738204956,0.7174487113952637,0.09616779536008835
0.44453319907188416,0.7157744765281677,0.010833892971277237
-
0.5209795236587524,0.3487890362739563,-0.31360748410224915
0.5306347012519836,0.34226906299591064,-0.28521791100502014
0.5374855399131775,0.3421842157840729,-0.28529244661331177
0.543163537979126,0.34243085980415344,-0.2853187024593353
0.5124099850654602,0.3432104289531708,-0.2829539477825165
0.5062385201454163,0.34374696016311646,-0.28293511271476746
0.5022262930870056,0.34401118755340576,-0.2829029858112335
0.5513261556625366,0.3479935824871063,-0.11072390526533127
0.4979735016822815,0.3488934338092804,-0.10432855784893036
0.5333807468414307,0.35860833525657654,-0.24951457977294922
0.5106495022773743,0.35936397314071655,-0.24776293337345123
0.5973926782608032,0.40105241537094116,-0.004127889405936003
0.46233826875686646,0.4004605710506439,-0.019282173365354538
0.6232558488845825,0.4588392376899719,-0.18273217976093292
0.43703341484069824,0.45959538221359253,-0.21117891371250153
0.64682936668396,0.411409467458725,-0.5221328139305115
0.4171733856201172,0.4137671887874603,-0.5949342250823975
0.6505656838417053,0.39937716722488403,-0.5880541801452637
0.4101124703884125,0.39962857961654663,-0.6682847142219543
0.6470724940299988,0.39405179023742676,-0.5851870775222778
0.4141007661819458,0.39575672149658203,-0.668330192565918
0.6421210765838623,0.3968757390975952,-0.5300137400627136
0.4188331663608551,0.3989105224609375,-0.6054293513298035
0.5688009262084961,0.5190103054046631,0.010512126609683037
0.48515018820762634,0.5159815549850464,-0.010698273777961731
0.5809814929962158,0.608206570148468,0.030656777322292328
0.4707055687904358,0.6064102053642273,-0.050415631383657455
0.5943426489830017,0.6899479627609253,0.2705623507499695
0.4577089846134186,0.688507616519928,0.1892642080783844
0.5850597620010376,0.6996499300003052,0.28392478823661804
0.4651300609111786,0.6958492994308472,0.20328405499458313
0.6205858588218689,0.7174558639526367,0.09874898195266724
0.444526344537735,0.7157467007637024,0.010391534306108952
-
0.5208613872528076,0.3488917350769043,-0.31465619802474976
0.5305638909339905,0.3424161374568939,-0.28639811277389526
0.5374316573143005,0.342336505651474,-0.2864726781845093
0.5431339740753174,0.3425860106945038,-0.2865018844604492
0.5123342275619507,0.3432891368865967,-0.28355029225349426
0.5061783194541931,0.3438158929347992,-0.28353193402290344
0.5021981000900269,0.3440701961517334,-0.2834964096546173
0.5513432025909424,0.3481537401676178,-0.11205466836690903
0.4979775846004486,0.34893471002578735,-0.10543613135814667
0.5332933068275452,0.3587227761745453,-0.2506568729877472
0.5105273127555847,0.35942476987838745,-0.24810971319675446
0.5974025130271912,0.40105724334716797,-0.004415975417941809
0.4625977873802185,0.4004644453525543,-0.02013978362083435
0.6232531070709229,0.45885521173477173,-0.18393121659755707
0.4370429515838623,0.4595808982849121,-0.2121487557888031
0.6469395756721497,0.4115990996360779,-0.5257927179336548
0.4169970154762268,0.4137285649776459,-0.5954912900924683
0.6505910158157349,0.3994728922843933,-0.5928272008895874
0.4098508656024933,0.39952370524406433,-0.6688776016235352
0.6471397876739502,0.39420151710510254,-0.5906574130058289
0.41392233967781067,0.3956378996372223,-0.6688007116317749
0.642255961894989,0.3970641493797302,-0.534087598323822
0.4187285006046295,0.39882129430770874,-0.6058511734008789
0.5687629580497742,0.5190085768699646,0.010485208593308926
0.4851451814174652,0.5159521102905273,-0.010670807212591171
0.5810104012489319,0.6081982254981995,0.029314661398530006
0.4707149565219879,0.6064000129699707,-0.05033238232135773
0.5943439602851868,0.6899647116661072,0.272027850151062
0.4577067494392395,0.6884874701499939,0.19006407260894775
0.585064709186554,0.6996573209762573,0.28546616435050964
0.46507805585861206,0.6958125829696655,0.20426711440086365
0.620421290397644,0.7174608707427979,0.10038614273071289
0.4445285499095917,0.7157350778579712,0.010609187185764313
-
0.5208435654640198,0.3490014672279358,-0.3181866407394409
0.5305585861206055,0.3425678312778473,-0.2898871600627899
0.5374267101287842,0.34249767661094666,-0.2899624705314636
0.5431261658668518,0.3427589237689972,-0.28999561071395874
0.512325644493103,0.3433583378791809,-0.28703823685646057
0.5061734318733215,0.3438718914985657,-0.28702133893966675
0.502193033695221,0.3441219627857208,-0.28698378801345825
0.5513641238212585,0.34832483530044556,-0.11502636969089508
0.49799269437789917,0.34896954894065857,-0.10752035677433014
0.5332715511322021,0.3588518500328064,-0.2539854347705841
0.5104820728302002,0.3595004975795746,-0.2514339089393616
0.5974060297012329,0.40106192231178284,-0.006101877894252539
0.46271833777427673,0.40048152208328247,-0.020202849060297012
0.6232520341873169,0.4588564336299896,-0.1864890456199646
0.4370458722114563,0.4595654606819153,-0.21228435635566711
0.6469746232032776,0.41174307465553284,-0.5296945571899414
0.41680264472961426,0.41369757056236267,-0.5999298691749573
0.6505920886993408,0.39952534437179565,-0.5973870158195496
0.4095812439918518,0.3994719386100769,-0.6742197275161743
0.6471695899963379,0.39427781105041504,-0.5953221917152405
0.4137209951877594,0.3955583870410919,-0.6739978790283203
0.6423162221908569,0.3971793055534363,-0.5381395816802979
0.4185841977596283,0.3987672030925751,-0.6103588342666626
0.568732738494873,0.5189965963363647,0.010469135828316212
0.48514077067375183,0.5159173607826233,-0.010653882287442684
0.5810559988021851,0.6081944108009338,0.029017776250839233
0.4707219898700714,0.6063894033432007,-0.05101252719759941
0.5943689346313477,0.6899765729904175,0.27279192209243774
0.457705020904541,0.6884785294532776,0.18992143869400024
0.5851250886917114,0.6996663808822632,0.2861179709434509
0.4650721251964569,0.6957952976226807,0.20404163002967834
0.6203728318214417,0.7174609899520874,0.10129920393228531
0.4445042014122009,0.715734601020813,0.010562535375356674
-
0.5208011865615845,0.34916019439697266,-0.3185100853443146
0.5305497646331787,0.34277579188346863,-0.29025009274482727
0.5374205112457275,0.3427124619483948,-0.29032474756240845
0.5431190729141235,0.3429805636405945,-0.29035741090774536
0.5122923254966736,0.34346437454223633,-0.2872887849807739
0.5061348676681519,0.34396085143089294,-0.28727152943611145
0.5021752715110779,0.34419694542884827,-0.287231981754303
0.5513833165168762,0.34853774309158325,-0.11550335586071014
0.49799275398254395,0.34902191162109375,-0.10785934329032898
0.5332140326499939,0.35901936888694763,-0.25436609983444214
0.5103862881660461,0.35959678888320923,-0.2516562044620514
0.5973882675170898,0.40110158920288086,-0.006567787379026413
0.4627774655818939,0.4004904627799988,-0.020807135850191116
0.6231874823570251,0.45887118577957153,-0.1879243403673172
0.43705087900161743,0.45955419540405273,-0.21302056312561035
0.6469799280166626,0.4117487967014313,-0.5318818688392639
0.41652706265449524,0.41366466879844666,-0.6001201272010803
0.650542676448822,0.39952221512794495,-0.5998369455337524
0.4092908203601837,0.39942747354507446,-0.6746813058853149
0.6471366286277771,0.3942883610725403,-0.5977187156677246
0.4135373532772064,0.39549869298934937,-0.6744254231452942
0.6422975063323975,0.39720919728279114,-0.5403155088424683
0.4184500277042389,0.3987286686897278,-0.6105833649635315
0.568689227104187,0.51899254322052,0.010409525595605373
0.4851360321044922,0.5159086585044861,-0.010594063438475132
0.5810778141021729,0.608183741569519,0.029385320842266083
0.47072142362594604,0.6063993573188782,-0.049846746027469635
0.594403088092804,0.689977765083313,0.2786813974380493
0.4576990306377411,0.6884763836860657,0.19090038537979126
0.5852316617965698,0.6996641159057617,0.2930028438568115
0.4650588035583496,0.6957905888557434,0.20500895380973816
0.6203196048736572,0.7174409627914429,0.10801442712545395
0.4444071352481842,0.7157474756240845,0.010966900736093521
-
0.5207608342170715,0.34930288791656494,-0.31982916593551636
0.5305374264717102,0.3429677188396454,-0.29169416427612305
0.5374078750610352,0.34290415048599243,-0.29176855087280273
0.5431129932403564,0.3431743085384369,-0.2917994558811188
0.5122686624526978,0.34356945753097534,-0.2887187898159027
0.5061095952987671,0.3440455496311188,-0.28870102763175964
0.502162754535675,0.34426939487457275,-0.2886603772640228
0.5513903498649597,0.3487236201763153,-0.11744619160890579
0.4979923665523529,0.3490728735923767,-0.10926050692796707
0.5331223011016846,0.359170138835907,-0.2558586895465851
0.510315477848053,0.3596821427345276,-0.25316187739372253
0.5973657369613647,0.40112408995628357,-0.009417546913027763
0.4627745449542999,0.40052422881126404,-0.021245969459414482
0.6230510473251343,0.4589152932167053,-0.19125832617282867
0.437050998210907,0.4595510959625244,-0.21297124028205872
0.6469199061393738,0.411893755197525,-0.5357779860496521
0.4162362515926361,0.4136558473110199,-0.6004795432090759
0.6503129005432129,0.39960020780563354,-0.6039175391197205
0.40920040011405945,0.39940720796585083,-0.674789309501648
0.6469844579696655,0.3943521976470947,-0.6019959449768066
0.4134540557861328,0.395492821931839,-0.6745328903198242
0.6421633362770081,0.3972644507884979,-0.5441746711730957
0.4183548092842102,0.3987194001674652,-0.6109098196029663
0.5686231255531311,0.518980860710144,0.010269766673445702
0.48513051867485046,0.5159040689468384,-0.010452454909682274
0.5810799598693848,0.6081147789955139,0.03126109763979912
0.4707190692424774,0.606397807598114,-0.04890871420502663
0.5944547653198242,0.6899781823158264,0.2808515131473541
0.45768365263938904,0.6884765625,0.19083267450332642
0.5854042768478394,0.6996628046035767,0.2951602637767792
0.4650218188762665,0.6957882642745972,0.20493608713150024
0.620277464389801,0.7174157500267029,0.10998833924531937
0.4442695081233978,0.7157559990882874,0.01046462170779705
-
0.5206781029701233,0.34940510988235474,-0.3197007477283478
0.530489444732666,0.34313008189201355,-0.29159313440322876
0.5373556613922119,0.3430706262588501,-0.291667103767395
0.5430737733840942,0.34333503246307373,-0.2916962206363678
0.5122159719467163,0.34366029500961304,-0.2886645793914795
0.5060539245605469,0.34411880373954773,-0.28864651918411255
0.5021304488182068,0.34432587027549744,-0.2886066138744354
0.5513800978660583,0.34887152910232544,-0.11746431887149811
0.4979791045188904,0.3491056561470032,-0.10942979156970978
0.5329184532165527,0.35927945375442505,-0.2557964622974396
0.510182797908783,0.3597305119037628,-0.2531919777393341
0.5972186326980591,0.401135116815567,-0.009651473723351955
0.4626135528087616,0.40053266286849976,-0.020281586796045303
0.6229245066642761,0.45894765853881836,-0.19206614792346954
0.437054306268692,0.4595441222190857,-0.21020331978797913
0.6466095447540283,0.41191548109054565,-0.5371291041374207
0.415993332862854,0.4136732518672943,-0.5984516739845276
0.6499017477035522,0.39960697293281555,-0.6052004098892212
0.4091241955757141,0.3993985950946808,-0.6722747087478638
0.6466716527938843,0.3943542540073395,-0.6030818223953247
0.4134032428264618,0.3954917788505554,-0.6721164584159851
0.6417866349220276,0.3972700238227844,-0.5453512668609619
0.4182646572589874,0.39872148633003235,-0.6088563203811646
0.5685703754425049,0.518944263458252,0.01011492870748043
0.48512712121009827,0.5158827900886536,-0.01029768493026495
0.5810795426368713,0.6080113649368286,0.033197835087776184
0.470722496509552,0.6063751578330994,-0.04889900982379913
0.594508945941925,0.6899737119674683,0.28317147493362427
0.4576666057109833,0.6885021924972534,0.18937361240386963
0.5856310725212097,0.6996579170227051,0.29747554659843445
0.46499595046043396,0.6957985162734985,0.20310476422309875
0.6202614903450012,0.7173731327056885,0.1120053380727768
0.4440676271915436,0.7157790064811707,0.007804351393133402
-
0.5206336379051208,0.3494505286216736,-0.3174963593482971
0.5304467678070068,0.3432089686393738,-0.2892701029777527
0.5373057723045349,0.3431493639945984,-0.2893439531326294
0.5430342555046082,0.34340900182724,-0.2893678545951843
0.5121862888336182,0.34371036291122437,-0.28652700781822205
0.5060198903083801,0.344162255525589,-0.2865067720413208
0.502109944820404,0.3443584144115448,-0.2864670753479004
0.5513677597045898,0.3489418029785156,-0.11527509987354279
0.49796974658966064,0.34912216663360596,-0.10769417881965637
0.5327861905097961,0.3593236804008484,-0.2536647617816925
0.5101068019866943,0.3597503900527954,-0.2513332962989807
0.597133457660675,0.4011429250240326,-0.008425741456449032
0.4625542163848877,0.4005417823791504,-0.017767703160643578
0.6228191256523132,0.4589664936065674,-0.19141389429569244
0.43704915046691895,0.45953860878944397,-0.20621535181999207
0.646381676197052,0.41190892457962036,-0.5370231866836548
0.4158150553703308,0.4137066900730133,-0.5938234329223633
0.6495956182479858,0.3996051549911499,-0.6050487756729126
0.4090680778026581,0.3993940055370331,-0.6672213077545166
0.6464419960975647,0.3943521976470947,-0.6028773784637451
0.4133633077144623,0.3954997658729553,-0.6671551465988159
0.6415512561798096,0.3972676992416382,-0.5452303886413574
0.41819021105766296,0.3987274467945099,-0.6041926741600037
0.5684673190116882,0.5189033150672913,0.010124179534614086
0.4851166307926178,0.5158311724662781,-0.010306800715625286
0.5810816884040833,0.6079400181770325,0.03652943670749664
0.47072649002075195,0.6063326597213745,-0.049118973314762115
0.5945521593093872,0.6899594068527222,0.28557974100112915
0.4576432406902313,0.6885308027267456,0.18498249351978302
0.585768461227417,0.6996471881866455,0.2997685670852661
0.4649237394332886,0.6958177089691162,0.19810998439788818
0.6202595829963684,0.7173377275466919,0.11435120552778244
0.44399207830429077,0.715796172618866,0.0017445796402171254
-
0.5204923152923584,0.3495010733604431,-0.3147599995136261
0.5302711725234985,0.3433005213737488,-0.28667372465133667
0.5371383428573608,0.34323567152023315,-0.2867465615272522
0.5429016947746277,0.343478798866272,-0.28676682710647583
0.5120600461959839,0.3437844216823578,-0.2837604880332947
0.5059055089950562,0.34422767162323,-0.2837391495704651
0.5020449161529541,0.34441033005714417,-0.28370046615600586
0.5513296723365784,0.34901362657546997,-0.11360888183116913
0.497935026884079,0.3491573631763458,-0.1049758568406105
0.5325559973716736,0.3593601584434509,-0.2512984871864319
0.5099726319313049,0.35976865887641907,-0.24874648451805115
0.5970885753631592,0.40116414427757263,-0.007642806973308325
0.4625348746776581,0.4005776345729828,-0.014778252691030502
0.622757613658905,0.45896902680397034,-0.19140665233135223
0.43703845143318176,0.4595441222190857,-0.20180322229862213
0.6463388800621033,0.41186490654945374,-0.5378298759460449
0.4157554507255554,0.4138537049293518,-0.5880188345909119
0.6495136618614197,0.39955934882164,-0.6059759259223938
0.4090556204319,0.3994324803352356,-0.6609642505645752
0.6463503241539001,0.3943072557449341,-0.6037873029708862
0.4133480191230774,0.3955415189266205,-0.6606692671775818
0.6414574980735779,0.39723294973373413,-0.5460497736930847
0.41815829277038574,0.39877086877822876,-0.5982751846313477
0.5683498978614807,0.5188668966293335,0.010104106739163399
0.48509901762008667,0.5157844424247742,-0.010286526754498482
0.5810832381248474,0.6078716516494751,0.038363017141819
0.4707295596599579,0.6063135266304016,-0.04883848875761032
0.5946238040924072,0.6899154186248779,0.2869659662246704
0.4576381742954254,0.6885789036750793,0.18309712409973145
0.5859664678573608,0.6995880603790283,0.3011311888694763
0.46489647030830383,0.6958736181259155,0.1958540827035904
0.6202574968338013,0.7172878980636597,0.11576057970523834
0.4439495801925659,0.715816080570221,-0.00089520268375054
-
0.5201148390769958,0.3495374023914337,-0.3133855164051056
0.5298847556114197,0.3433533310890198,-0.2855531573295593
0.5367792248725891,0.3432874083518982,-0.2856236696243286
0.5426244735717773,0.34351009130477905,-0.2856428325176239
0.5117544531822205,0.34383875131607056,-0.28215569257736206
0.5056669116020203,0.34427541494369507,-0.2821350395679474
0.5019204020500183,0.34444302320480347,-0.28209683299064636
0.5512540340423584,0.3490516245365143,-0.11352699995040894
0.49789711833000183,0.34917593002319336,-0.10274063795804977
0.5321293473243713,0.35937851667404175,-0.25044387578964233
0.5096960067749023,0.35977333784103394,-0.2472681701183319
0.5970879793167114,0.40128105878829956,-0.00781360175460577
0.4625603258609772,0.40060320496559143,-0.013460619375109673
0.6227700114250183,0.458970308303833,-0.19376182556152344
0.4370414614677429,0.4595455229282379,-0.2011021226644516
0.6463483572006226,0.41182035207748413,-0.5413831472396851
0.4157516062259674,0.4138927459716797,-0.5861585140228271
0.6494936347007751,0.39951151609420776,-0.6095085144042969
0.4090532660484314,0.3994290828704834,-0.6590033769607544
0.6463366150856018,0.39429154992103577,-0.6072061061859131
0.4133434593677521,0.3955402672290802,-0.6580829620361328
0.6414536833763123,0.39722177386283875,-0.549564003944397
0.41815564036369324,0.398772656917572,-0.5962165594100952
0.5682231187820435,0.5188565850257874,0.010000566951930523
0.48508182168006897,0.5157663822174072,-0.01018341351300478
0.581084668636322,0.6078548431396484,0.04136960953474045
0.47073233127593994,0.6063014268875122,-0.04478991776704788
0.594706654548645,0.689830482006073,0.2919537425041199
0.45762622356414795,0.6886493563652039,0.18326246738433838
0.586091935634613,0.6994307041168213,0.30643782019615173
0.46488678455352783,0.6959758400917053,0.19600701332092285
0.6202461123466492,0.7172574996948242,0.1215314194560051
0.44371557235717773,0.7158657312393188,-0.0006261312519200146
-
0.5196927189826965,0.3495856523513794,-0.3092140257358551
0.529499888420105,0.34341660141944885,-0.28143981099128723
0.5364075303077698,0.3433556854724884,-0.2815084159374237
0.542352557182312,0.343553364276886,-0.2815258204936981
0.511432945728302,0.34389251470565796,-0.2776588499546051
0.5054213404655457,0.3443196415901184,-0.2776373028755188
0.5017856359481812,0.34447237849235535,-0.2775973677635193
0.5511481165885925,0.3490990698337555,-0.11110509186983109
0.4978678524494171,0.34920307993888855,-0.0984058678150177
0.5317227840423584,0.3593977093696594,-0.2470007836818695
0.5094135999679565,0.3597818613052368,-0.2433239370584488
0.5970749855041504,0.4015111029148102,-0.007564700208604336
0.46258875727653503,0.4007895588874817,-0.009896999225020409
0.6227697134017944,0.4589761793613434,-0.19379664957523346
0.4370118975639343,0.45954370498657227,-0.1977657526731491
0.6463485956192017,0.4117918610572815,-0.5410878658294678
0.41558727622032166,0.413860946893692,-0.5820238590240479
0.6494885087013245,0.39948898553848267,-0.6091229319572449
0.40883868932724,0.399368017911911,-0.6548041701316833
0.6463293433189392,0.39428967237472534,-0.6067984104156494
0.4132300913333893,0.3954799771308899,-0.6534579992294312
0.6414448022842407,0.39721739292144775,-0.5492585301399231
0.41809314489364624,0.3987273573875427,-0.5919800400733948
0.5681154727935791,0.5188536643981934,0.009744844399392605
0.48504701256752014,0.5157620906829834,-0.009928097017109394
0.5810898542404175,0.607848048210144,0.041787341237068176
0.47073104977607727,0.6062983274459839,-0.044207967817783356
0.5947970747947693,0.6897228360176086,0.29227057099342346
0.4576069414615631,0.6887575387954712,0.18225829303264618
0.5861931443214417,0.6991885900497437,0.3067716062068939
0.46487075090408325,0.6961451768875122,0.19469167292118073
0.6201714277267456,0.717244565486908,0.1219620481133461
0.44357654452323914,0.7159388661384583,-0.0020849057473242283
-
0.5195181369781494,0.34961166977882385,-0.3098205029964447
0.529304563999176,0.34345096349716187,-0.28195488452911377
0.5362086296081543,0.34339460730552673,-0.28202375769615173
0.54219651222229,0.3435796797275543,-0.2820424735546112
0.5113292932510376,0.34391286969184875,-0.2783787250518799
0.5053419470787048,0.34433525800704956,-0.2783576548099518
0.501742959022522,0.3444816470146179,-0.278317928314209
0.5510666966438293,0.34912946820259094,-0.11130306124687195
0.49786466360092163,0.3492104411125183,-0.09939057379961014
0.5315040349960327,0.3594076931476593,-0.24744218587875366
0.5093138217926025,0.35978588461875916,-0.24402070045471191
0.5970621109008789,0.40165290236473083,-0.007662637159228325
0.46260562539100647,0.4009340703487396,-0.010986072942614555
0.6227557063102722,0.45902109146118164,-0.19378772377967834
0.43696561455726624,0.459547758102417,-0.19917874038219452
0.6463457345962524,0.4117876887321472,-0.5397468209266663
0.41553881764411926,0.4138508439064026,-0.5840840935707092
0.6495177745819092,0.39948609471321106,-0.6076251268386841
0.40869462490081787,0.39935556054115295,-0.6569129228591919
0.64634770154953,0.3942873179912567,-0.6056884527206421
0.41313090920448303,0.3954288363456726,-0.6559429168701172
0.6414492130279541,0.3972153067588806,-0.5480570793151855
0.4180448651313782,0.39869579672813416,-0.594154417514801
0.5680006146430969,0.5188540816307068,0.009724711999297142
0.4850064516067505,0.5157589316368103,-0.009907244704663754
0.5810937285423279,0.6078431606292725,0.04405897855758667
0.47072720527648926,0.6062955856323242,-0.0417400561273098
0.5948538184165955,0.6896028518676758,0.2955073118209839
0.45758920907974243,0.6888375282287598,0.18239548802375793
0.5862252712249756,0.698944628238678,0.310165673494339
0.4648595154285431,0.6962862014770508,0.19483201205730438
0.6201403141021729,0.7172397375106812,0.12629859149456024
0.44321298599243164,0.716046929359436,-0.0018129873787984252
-
0.5191574692726135,0.3496434688568115,-0.30979999899864197
0.5289732217788696,0.3434881567955017,-0.28188371658325195
0.5358722805976868,0.3434406518936157,-0.28195175528526306
0.5419386625289917,0.3436065912246704,-0.2819698750972748
0.5110872387886047,0.34393954277038574,-0.2783341407775879
0.5051707029342651,0.34435662627220154,-0.2783130407333374
0.5016394257545471,0.3444945812225342,-0.2782720625400543
0.5509058833122253,0.34914490580558777,-0.11122866719961166
0.4978557229042053,0.34921833872795105,-0.09946315735578537
0.531175434589386,0.35942018032073975,-0.24744409322738647
0.5090991258621216,0.3597884774208069,-0.24407854676246643
0.5970461964607239,0.4018462598323822,-0.007674610707908869
0.4626092314720154,0.4010671079158783,-0.01092846505343914
0.6227178573608398,0.45911914110183716,-0.19356060028076172
0.43693363666534424,0.459577739238739,-0.19940130412578583
0.6463443636894226,0.4117831289768219,-0.5396935939788818
0.41553524136543274,0.41396674513816833,-0.5853017568588257
0.6496023535728455,0.3994846045970917,-0.6075278520584106
0.40860095620155334,0.39948317408561707,-0.6582291722297668
0.6464397311210632,0.3942888379096985,-0.6054584383964539
0.41304725408554077,0.3954833447933197,-0.657306432723999
0.6414978504180908,0.3972134292125702,-0.5479883551597595
0.4180091321468353,0.39875727891921997,-0.5953986048698425
0.5678662061691284,0.5188524127006531,0.009686833247542381
0.48498082160949707,0.5157567262649536,-0.009869925677776337
0.5810912251472473,0.6078383922576904,0.04376273229718208
0.47073042392730713,0.606293261051178,-0.041336480528116226
0.5949050784111023,0.6895251274108887,0.2952737808227539
0.4575645327568054,0.6888929009437561,0.18247584998607635
0.5862575769424438,0.6987858414649963,0.30993568897247314
0.46484920382499695,0.6963537335395813,0.19498930871486664
0.6201366186141968,0.7172424793243408,0.12588249146938324
0.44289320707321167,0.7161914110183716,-0.001583881676197052
-
0.5189036130905151,0.3496667742729187,-0.31016066670417786
0.5287399888038635,0.34349867701530457,-0.28221192955970764
0.5356371402740479,0.3434554934501648,-0.2822802662849426
0.5417513251304626,0.34361180663108826,-0.28229862451553345
0.5109212398529053,0.3439483642578125,-0.27875953912734985
0.5050488710403442,0.34436389803886414,-0.2787386476993561
0.5015588402748108,0.3444972634315491,-0.2786981761455536
0.550748884677887,0.34914860129356384,-0.111259326338768
0.4978429079055786,0.34922415018081665,-0.0999475046992302
0.5309195518493652,0.35943111777305603,-0.24769346415996552
0.5089207291603088,0.35979583859443665,-0.2444455921649933
0.5970444679260254,0.4019346833229065,-0.0072836196050047874
0.4626113474369049,0.40115371346473694,-0.010979955084621906
0.6225786209106445,0.45921602845191956,-0.1913304179906845
0.43691256642341614,0.45963478088378906,-0.1988561451435089
0.646312415599823,0.41181620955467224,-0.5392598509788513
0.41553136706352234,0.4145509600639343,-0.5861207246780396
0.6496630907058716,0.39949503540992737,-0.6073799729347229
0.4084678590297699,0.4001657962799072,-0.6590355634689331
0.6465551257133484,0.3942975401878357,-0.6052536368370056
0.41289737820625305,0.3958793580532074,-0.6578755974769592
0.6415541172027588,0.39721763134002686,-0.5477709770202637
0.41790369153022766,0.3990989327430725,-0.5961723923683167
0.5677705407142639,0.5188498497009277,0.009681658819317818
0.48495134711265564,0.5157545208930969,-0.00986474473029375
0.5810871720314026,0.6078364253044128,0.043625250458717346
0.47075650095939636,0.6062884330749512,-0.041550617665052414
0.5949333906173706,0.6894310712814331,0.29497069120407104
0.4575522243976593,0.6889137029647827,0.18254484236240387
0.586260199546814,0.6986448168754578,0.3096446096897125
0.4648422598838806,0.696385383605957,0.19503280520439148
0.6201378107070923,0.7172600626945496,0.12524579465389252
0.4426245391368866,0.7162860631942749,-0.001443469082005322
-
0.5187730193138123,0.34968438744544983,-0.31000083684921265
0.5286149978637695,0.34351226687431335,-0.28189000487327576
0.5355072617530823,0.3434733748435974,-0.28195855021476746
0.5416423082351685,0.34362196922302246,-0.2819761335849762
0.5108480453491211,0.34395769238471985,-0.27856937050819397
0.5049906373023987,0.3443727195262909,-0.2785482406616211
0.5015215277671814,0.3445027470588684,-0.27850642800331116
0.5506429672241211,0.3491517901420593,-0.11032336205244064
0.49783799052238464,0.349227637052536,-0.09969302266836166
0.5307631492614746,0.35943785309791565,-0.24736107885837555
0.5087980628013611,0.3598017990589142,-0.2442886382341385
0.5970397591590881,0.40200939774513245,-0.0062079173512756824
0.46261274814605713,0.4012279510498047,-0.009921536780893803
0.6225032210350037,0.45926928520202637,-0.1893748790025711
0.4368318021297455,0.4596926271915436,-0.19632790982723236
0.6463069915771484,0.4118327498435974,-0.5390485525131226
0.4154934287071228,0.41525211930274963,-0.5855557918548584
0.6497228145599365,0.39950090646743774,-0.6072599291801453
0.4083385765552521,0.4007771909236908,-0.658724308013916
0.6466454267501831,0.3943040370941162,-0.6051268577575684
0.4126935601234436,0.3962938189506531,-0.6581167578697205
0.6416232585906982,0.3972208797931671,-0.5477422475814819
0.4176922142505646,0.3995001018047333,-0.5958456993103027
0.5676924586296082,0.5188466310501099,0.009663892909884453
0.4849357306957245,0.5157524347305298,-0.009846867993474007
0.5810850262641907,0.6078301668167114,0.041484151035547256
0.4707673490047455,0.6062802672386169,-0.04245174303650856
0.5949532985687256,0.6893738508224487,0.2933466136455536
0.4575307071208954,0.6889432668685913,0.1825622320175171
0.5862584710121155,0.6985772848129272,0.3079993426799774
0.46483704447746277,0.6964300870895386,0.19506412744522095
0.6202062964439392,0.7172868251800537,0.12299589812755585
0.44253009557724,0.7163587808609009,-0.00181439274456352
-
0.5186780095100403,0.34970957040786743,-0.3064776659011841
0.5285356640815735,0.3435313105583191,-0.2780275046825409
0.5354211926460266,0.3434981405735016,-0.27809616923332214
0.5415642857551575,0.34364038705825806,-0.27811199426651
0.510814368724823,0.34396812319755554,-0.2749570608139038
0.5049678087234497,0.3443818688392639,-0.27493515610694885
0.5015074610710144,0.344509094953537,-0.27488940954208374
0.5505523681640625,0.34916335344314575,-0.1057157963514328
0.4978339672088623,0.34923145174980164,-0.096223384141922
0.5306551456451416,0.35945233702659607,-0.24361871182918549
0.5087084174156189,0.3598141670227051,-0.24087584018707275
0.5970308780670166,0.40206441283226013,-0.0022933476138859987
0.46261024475097656,0.40133509039878845,-0.00584656186401844
0.6224543452262878,0.4592859745025635,-0.1847301721572876
0.436707079410553,0.45975595712661743,-0.19098305702209473
0.6463063359260559,0.41183215379714966,-0.5353221297264099
0.4153890013694763,0.41579174995422363,-0.5815549492835999
0.6497668027877808,0.3995009958744049,-0.6040679216384888
0.40820756554603577,0.4013069272041321,-0.6550483107566833
0.6466981768608093,0.39430689811706543,-0.6027979850769043
0.4124852418899536,0.39666426181793213,-0.6550063490867615
0.6416730880737305,0.3972211480140686,-0.5442900657653809
0.4174436032772064,0.39985209703445435,-0.5920602083206177
0.5676029920578003,0.5188357830047607,0.009541833773255348
0.4849119484424591,0.5157501101493835,-0.009723288007080555
0.5810784101486206,0.6078160405158997,0.0384213887155056
0.47078174352645874,0.6062782406806946,-0.04327346384525299
0.5949703454971313,0.6893317103385925,0.28822314739227295
0.4575069844722748,0.6890053749084473,0.18219593167304993
0.5862644910812378,0.6985305547714233,0.30258285999298096
0.4648321270942688,0.6965101361274719,0.194650799036026
0.6202210187911987,0.7172950506210327,0.1166076585650444
0.4424947202205658,0.7164862155914307,-0.002788269892334938
-
0.5185918211936951,0.3497745096683502,-0.3059018850326538
0.5284588932991028,0.34359002113342285,-0.27735307812690735
0.5353232622146606,0.3435686528682709,-0.27742239832878113
0.5414784550666809,0.3437015414237976,-0.27743858098983765
0.5107768177986145,0.344004362821579,-0.2743730843067169
0.5049446821212769,0.3444133400917053,-0.2743512988090515
0.5014952421188354,0.3445379436016083,-0.274306058883667
0.5504545569419861,0.34919869899749756,-0.10472969710826874
0.4978334307670593,0.3492569327354431,-0.09562522917985916
0.5305587649345398,0.35951170325279236,-0.24291756749153137
0.5086329579353333,0.3598594665527344,-0.2402961254119873
0.5970094203948975,0.4021516442298889,-0.0013364021433517337
0.4626012444496155,0.40145403146743774,-0.00496268505230546
0.6224068403244019,0.45930829644203186,-0.18338435888290405
0.43662315607070923,0.45980769395828247,-0.18992982804775238
0.6463040113449097,0.4118383526802063,-0.5338018536567688
0.41532644629478455,0.4161102771759033,-0.580783486366272
0.6498268842697144,0.3995053768157959,-0.6026541590690613
0.40811294317245483,0.4015924036502838,-0.6543528437614441
0.6467560529708862,0.39431172609329224,-0.6016557216644287
0.41234004497528076,0.39688464999198914,-0.6544803380966187
0.6417065262794495,0.39722296595573425,-0.5427798628807068
0.4172825217247009,0.40007534623146057,-0.591349184513092
0.5675356984138489,0.5188321471214294,0.009450951591134071
0.48488205671310425,0.5157480239868164,-0.009631345979869366
0.5810773372650146,0.6077865362167358,0.034623801708221436
0.4708070456981659,0.6062594652175903,-0.04637696593999863
0.5949767827987671,0.6893213987350464,0.2823745608329773
0.4574783742427826,0.6890293955802917,0.18108613789081573
0.586259126663208,0.6985265016555786,0.2964763641357422
0.4648022949695587,0.6965436339378357,0.19361534714698792
0.6202690005302429,0.71732097864151,0.10983924567699432
0.44247865676879883,0.7165725827217102,-0.00435648811981082
-
