0.0008871675236150622,-0.646605908870697,-0.16149401664733887
0.006701262667775154,-0.6835085153579712,-0.14438819885253906
0.007194693200290203,-0.6838909983634949,-0.14394760131835938
0.006935823243111372,-0.6843681931495667,-0.14367222785949707
-0.026284094899892807,-0.6796002984046936,-0.14434361457824707
-0.025925805792212486,-0.6803685426712036,-0.14520812034606934
-0.026011575013399124,-0.681533694267273,-0.14433050155639648
0.0530899316072464,-0.6685722470283508,-0.028657913208007812
-0.09396637231111526,-0.6570829749107361,-0.042120933532714844
0.022445276379585266,-0.6211400032043457,-0.12014174461364746
-0.019928012043237686,-0.6151576638221741,-0.12259078025817871
0.14066192507743835,-0.4688918888568878,0.04281412065029144
-0.1614542454481125,-0.46683090925216675,0.027040958404541016
0.17644847929477692,-0.26102015376091003,-0.04494655132293701
-0.21531885862350464,-0.23025014996528625,-0.033984050154685974
0.23411762714385986,-0.3739301264286041,-0.2801063060760498
-0.27199652791023254,-0.3094024062156677,-0.2505810260772705
0.23499009013175964,-0.3858394920825958,-0.32297468185424805
-0.27628153562545776,-0.3154132068157196,-0.28965091705322266
0.24601130187511444,-0.4155403673648834,-0.3318302631378174
-0.2950788140296936,-0.34949249029159546,-0.30144381523132324
0.2353471964597702,-0.39179527759552,-0.28766298294067383
-0.27129387855529785,-0.3247862756252289,-0.26188111305236816
0.11254773288965225,-0.0024353698827326298,0.010856151580810547
-0.1125270277261734,0.0017696500290185213,-0.01011037826538086
0.1424805074930191,0.41203364729881287,-0.004435896873474121
-0.11670409142971039,0.398653119802475,-0.017302513122558594
0.22086478769779205,0.7552070021629333,0.10845804214477539
-0.14810656011104584,0.765566349029541,0.10221195220947266
0.23301668465137482,0.799671471118927,0.1110372543334961
-0.15074624121189117,0.8114984631538391,0.10524129867553711
0.25405240058898926,0.8603052496910095,-0.018085002899169922
-0.17135252058506012,0.867601752281189,-0.024981975555419922
-
0.0009281492093577981,-0.6393265128135681,-0.16272026300430298
0.006965750362724066,-0.6766933798789978,-0.1457723081111908
0.007461014203727245,-0.6771109104156494,-0.14533761143684387
0.0071956743486225605,-0.6776034235954285,-0.14505340158939362
-0.02615085244178772,-0.6732635498046875,-0.14574238657951355
-0.02579411305487156,-0.6740265488624573,-0.14659655094146729
-0.02588183991611004,-0.6752187609672546,-0.14568674564361572
0.05373430624604225,-0.6654083728790283,-0.029062403365969658
-0.0940038412809372,-0.6552075147628784,-0.042786356061697006
0.02245796099305153,-0.6155831813812256,-0.12077086418867111
-0.019989507272839546,-0.6101354956626892,-0.12328223884105682
0.14071641862392426,-0.4686029851436615,0.04282515496015549
-0.16232457756996155,-0.4665742516517639,0.02701205387711525
0.17579664289951324,-0.2610255479812622,-0.04485392943024635
-0.21524766087532043,-0.23031550645828247,-0.0326087661087513
0.230089470744133,-0.3739817142486572,-0.2786136269569397
-0.27203404903411865,-0.30644598603248596,-0.24949902296066284
0.22999300062656403,-0.38570263981819153,-0.32141512632369995
-0.2763316035270691,-0.30951952934265137,-0.28889554738998413
0.24030274152755737,-0.41533786058425903,-0.33026301860809326
-0.29480987787246704,-0.34337955713272095,-0.30111339688301086
0.23053719103336334,-0.391798734664917,-0.2860938012599945
-0.27128490805625916,-0.3215214014053345,-0.26098135113716125
0.11263435333967209,-0.0024346194695681334,0.01091708429157734
-0.11260911822319031,0.0017678537406027317,-0.010158464312553406
0.1424405574798584,0.41304582357406616,-0.003673580940812826
-0.11677607148885727,0.398640513420105,-0.0173506923019886
0.21993808448314667,0.755440354347229,0.11382844299077988
-0.14682652056217194,0.7646250128746033,0.10401780903339386
0.23218348622322083,0.7999611496925354,0.11721190810203552
-0.1491278111934662,0.8106520175933838,0.10749967396259308
0.25476929545402527,0.8606979846954346,-0.010119052603840828
-0.16969317197799683,0.8675893545150757,-0.023348310962319374
-
0.0009142715134657919,-0.6361516118049622,-0.16337065398693085
0.007024502847343683,-0.673658549785614,-0.1464599072933197
0.007520335726439953,-0.6740885972976685,-0.14602749049663544
0.007252776063978672,-0.6745834350585938,-0.145738884806633
-0.026137977838516235,-0.6704182624816895,-0.14643648266792297
-0.025781722739338875,-0.6711782813072205,-0.14728504419326782
-0.02587013691663742,-0.6723790168762207,-0.14636056125164032
0.05398178473114967,-0.6636056303977966,-0.029216380789875984
-0.09413207322359085,-0.654106080532074,-0.04307570680975914
0.022418897598981857,-0.6129080653190613,-0.12110866606235504
-0.020179282873868942,-0.607704222202301,-0.12365706264972687
0.14071986079216003,-0.46845120191574097,0.04284614697098732
-0.16321152448654175,-0.4662924110889435,0.02701256051659584
0.17536289989948273,-0.26127246022224426,-0.044855404645204544
-0.21524888277053833,-0.23033027350902557,-0.031452588737010956
0.22720292210578918,-0.37408047914505005,-0.2782908082008362
-0.27220457792282104,-0.30370205640792847,-0.24845701456069946
0.22645075619220734,-0.3856141269207001,-0.32110580801963806
-0.276506632566452,-0.3051053285598755,-0.2881259024143219
0.2362288534641266,-0.415208101272583,-0.3299555480480194
-0.29474684596061707,-0.3388950824737549,-0.30071818828582764
0.22713179886341095,-0.3918212950229645,-0.28575900197029114
-0.27133652567863464,-0.3185664713382721,-0.2600809633731842
0.11270216852426529,-0.0024331684689968824,0.010945426300168037
-0.11267416924238205,0.0017653887625783682,-0.010179240256547928
0.14228415489196777,0.4137827754020691,-0.0028343796730041504
-0.11699166893959045,0.39860352873802185,-0.017364198341965675
0.21874259412288666,0.7557522058486938,0.11660295724868774
-0.14665091037750244,0.7640312910079956,0.10489068925380707
0.2310452163219452,0.8003356456756592,0.12022612243890762
-0.1488776057958603,0.8101271390914917,0.10854068398475647
0.2549220323562622,0.8610453605651855,-0.0065313768573105335
-0.1693987101316452,0.8675801753997803,-0.0226101316511631
-
0.0008268685778602958,-0.6345158815383911,-0.16344061493873596
0.007026814389973879,-0.67206209897995,-0.1465236097574234
0.007522739004343748,-0.6724943518638611,-0.14609189331531525
0.007254754193127155,-0.6729899048805237,-0.14580197632312775
-0.02616342157125473,-0.6688981652259827,-0.14650742709636688
-0.025807827711105347,-0.6696586608886719,-0.14735396206378937
-0.0258975550532341,-0.6708617806434631,-0.14642664790153503
0.054041069000959396,-0.6623844504356384,-0.029164422303438187
-0.09440887719392776,-0.6532840728759766,-0.04307648912072182
0.0222808588296175,-0.6113783717155457,-0.12111441791057587
-0.020503578707575798,-0.6062875986099243,-0.12367188185453415
0.14066319167613983,-0.46830981969833374,0.04312564805150032
-0.1641320437192917,-0.46590471267700195,0.02717682532966137
0.17488117516040802,-0.2616324722766876,-0.04478900879621506
-0.2153710573911667,-0.23033501207828522,-0.02999315783381462
0.22508683800697327,-0.3741285800933838,-0.27792516350746155
-0.27272114157676697,-0.302142858505249,-0.24682928621768951
0.22398757934570312,-0.38545313477516174,-0.3207956552505493
-0.27706003189086914,-0.30294644832611084,-0.2867330312728882
0.2333655059337616,-0.4149802029132843,-0.3296399414539337
-0.2948201894760132,-0.3367340862751007,-0.29971614480018616
0.22467675805091858,-0.391821950674057,-0.2853947579860687
-0.27168014645576477,-0.31693899631500244,-0.25857311487197876
0.11274505406618118,-0.0024337582290172577,0.010973411612212658
-0.11271463334560394,0.001765270484611392,-0.010200278833508492
0.1420438587665558,0.41426998376846313,-0.0021906369365751743
-0.11728303879499435,0.39857417345046997,-0.017393775284290314
0.21770136058330536,0.7560988664627075,0.11772804707288742
-0.14665254950523376,0.7637644410133362,0.1051267459988594
0.23004339635372162,0.8007356524467468,0.12138909846544266
-0.14887256920337677,0.8098995089530945,0.10882024466991425
0.2549605667591095,0.8612352609634399,-0.005254949443042278
-0.16933348774909973,0.8675830364227295,-0.02246648073196411
-
0.0006948675727471709,-0.6336323618888855,-0.16343162953853607
0.006994063500314951,-0.6711767911911011,-0.14650559425354004
0.007490030489861965,-0.6716084480285645,-0.14607390761375427
0.007221026811748743,-0.6721032857894897,-0.14578357338905334
-0.026242505759000778,-0.6680038571357727,-0.1464899331331253
-0.02588755078613758,-0.6687643527984619,-0.14733481407165527
-0.025979816913604736,-0.6699677109718323,-0.1464071273803711
0.05404900759458542,-0.6615268588066101,-0.028967492282390594
-0.09470739960670471,-0.6525255441665649,-0.04295504465699196
0.02211839333176613,-0.6104738116264343,-0.1210612878203392
-0.02081310749053955,-0.6053884625434875,-0.12362904846668243
0.1406051516532898,-0.46818065643310547,0.04343065246939659
-0.1648245006799698,-0.4653702676296234,0.02755412831902504
0.17430289089679718,-0.2619098722934723,-0.04477429762482643
-0.21557819843292236,-0.23033422231674194,-0.028398599475622177
0.22293499112129211,-0.3740611672401428,-0.2778739929199219
-0.27363893389701843,-0.30115705728530884,-0.2450404167175293
0.22150613367557526,-0.38479673862457275,-0.3207758367061615
-0.27805444598197937,-0.3017561435699463,-0.28513196110725403
0.23053455352783203,-0.4141490161418915,-0.32961976528167725
-0.2952718734741211,-0.3355516791343689,-0.2984435260295868
0.22224511206150055,-0.3916073143482208,-0.2853463888168335
-0.2724396884441376,-0.3159278631210327,-0.25689488649368286
0.11278365552425385,-0.0024336364585906267,0.010998639278113842
-0.11275096982717514,0.001764495624229312,-0.010219060815870762
0.1417182832956314,0.4146343469619751,-0.001711043412797153
-0.11761423200368881,0.39854902029037476,-0.017419809475541115
0.21677884459495544,0.7564070224761963,0.11837740987539291
-0.14667361974716187,0.7635582089424133,0.1052343100309372
0.229156032204628,0.8010783195495605,0.12202932685613632
-0.14887726306915283,0.8097139000892639,0.10894614458084106
0.2549549639225006,0.8613442778587341,-0.004691924899816513
-0.1691933125257492,0.8675944805145264,-0.022439729422330856
-
0.0005941751878708601,-0.6329749822616577,-0.1633811891078949
0.006962043233215809,-0.6705325841903687,-0.14644742012023926
0.007457592524588108,-0.6709614992141724,-0.1460162103176117
0.007188263349235058,-0.6714558005332947,-0.14572522044181824
-0.026310408487915993,-0.6673330664634705,-0.14642305672168732
-0.02595614083111286,-0.6680922508239746,-0.14726606011390686
-0.026050111278891563,-0.6692939400672913,-0.14633797109127045
0.05406250059604645,-0.6609272956848145,-0.028766494244337082
-0.09489849954843521,-0.6519041061401367,-0.042736273258924484
0.022011615335941315,-0.6098143458366394,-0.12095755338668823
-0.021015280857682228,-0.6046984791755676,-0.12351810932159424
0.14059823751449585,-0.46809783577919006,0.04366670548915863
-0.16524237394332886,-0.46495649218559265,0.02804058976471424
0.17390216886997223,-0.2621895968914032,-0.044772591441869736
-0.2157842367887497,-0.23036755621433258,-0.027055539190769196
0.2212485373020172,-0.3737959861755371,-0.2779011130332947
-0.27431392669677734,-0.3007449209690094,-0.24392123520374298
0.21957631409168243,-0.38375967741012573,-0.32085931301116943
-0.278740793466568,-0.30134105682373047,-0.2842194139957428
0.22834323346614838,-0.41294628381729126,-0.3297101855278015
-0.2955953776836395,-0.3352068066596985,-0.29773566126823425
0.2203732430934906,-0.3911288380622864,-0.28537827730178833
-0.2729976177215576,-0.315538227558136,-0.2558645009994507
0.11282502859830856,-0.0024264242965728045,0.011010296642780304
-0.11279069632291794,0.0017563108121976256,-0.01022727508097887
0.1413431018590927,0.415004700422287,-0.0016299937851727009
-0.11835279315710068,0.3984728455543518,-0.017432155087590218
0.21609793603420258,0.7565878033638,0.11908630281686783
-0.14698967337608337,0.7630167007446289,0.10581572353839874
0.22851283848285675,0.8012648224830627,0.12281397730112076
-0.14912094175815582,0.8091727495193481,0.10963490605354309
0.25491607189178467,0.8614050149917603,-0.004067202564328909
-0.16918960213661194,0.8674806356430054,-0.022023851051926613
-
0.0004389786336105317,-0.6325117945671082,-0.16329799592494965
0.006883436813950539,-0.6700761318206787,-0.14635837078094482
0.007378706242889166,-0.6705034971237183,-0.14592744410037994
0.007108633406460285,-0.6709974408149719,-0.1456352025270462
-0.02642952837049961,-0.6668425798416138,-0.14631636440753937
-0.02607601508498192,-0.667601466178894,-0.1471569985151291
-0.02617204189300537,-0.66880202293396,-0.14622829854488373
0.05406390130519867,-0.6604927182197571,-0.028572024777531624
-0.09510085731744766,-0.6513977646827698,-0.04247267171740532
0.021865008398890495,-0.6093469262123108,-0.12083054333925247
-0.02124616503715515,-0.604192852973938,-0.123371921479702
0.140581414103508,-0.46801528334617615,0.043842606246471405
-0.16557873785495758,-0.46460795402526855,0.02856528013944626
0.17345061898231506,-0.26229652762413025,-0.04477382451295853
-0.21604003012180328,-0.23039905726909637,-0.02602309174835682
0.2202017903327942,-0.3735266625881195,-0.2779054641723633
-0.2749873697757721,-0.3006259799003601,-0.24304896593093872
0.21849462389945984,-0.38296937942504883,-0.3208805322647095
-0.27940788865089417,-0.301311194896698,-0.283447802066803
0.22724729776382446,-0.4120246171951294,-0.32973483204841614
-0.2959787845611572,-0.33520206809043884,-0.29706013202667236
0.2192971259355545,-0.3906865119934082,-0.2853836417198181
-0.27357569336891174,-0.3154345154762268,-0.25502774119377136
0.11286083608865738,-0.0024238023906946182,0.011014915071427822
-0.1128249391913414,0.0017529698088765144,-0.010229616425931454
0.14118091762065887,0.41523540019989014,-0.001506076194345951
-0.11879515647888184,0.39842459559440613,-0.017430419102311134
0.21589559316635132,0.7567803859710693,0.11928392201662064
-0.14717862010002136,0.7627483606338501,0.1060720905661583
0.22833818197250366,0.8014712333679199,0.12299998104572296
-0.14926385879516602,0.8089088797569275,0.10991895198822021
0.2549470067024231,0.8614822626113892,-0.004020205233246088
-0.16917924582958221,0.8674399256706238,-0.021861132234334946
-
0.00031864811899140477,-0.6322270035743713,-0.16291441023349762
0.00679835956543684,-0.6697887182235718,-0.1459694802761078
0.0072929393500089645,-0.670214831829071,-0.14553885161876678
0.007022308185696602,-0.670708179473877,-0.14524398744106293
-0.026539769023656845,-0.6664959192276001,-0.14587587118148804
-0.026187121868133545,-0.6672558784484863,-0.14671199023723602
-0.02628513053059578,-0.6684554815292358,-0.14578300714492798
0.05406420677900314,-0.6601970195770264,-0.028147606179118156
-0.09521880000829697,-0.6508975028991699,-0.0418301522731781
0.02177722565829754,-0.6090521812438965,-0.12042202800512314
-0.02137620374560356,-0.603827953338623,-0.12290310859680176
0.14060242474079132,-0.4679597318172455,0.04414873197674751
-0.16571852564811707,-0.46424734592437744,0.029329560697078705
0.17331480979919434,-0.2623596489429474,-0.044733013957738876
-0.21617154777050018,-0.23041248321533203,-0.024786099791526794
0.21977102756500244,-0.3731476664543152,-0.27781644463539124
-0.2754591703414917,-0.30053943395614624,-0.24174021184444427
0.21806760132312775,-0.3821677565574646,-0.32081127166748047
-0.27990028262138367,-0.30132856965065,-0.2821783423423767
0.22679777443408966,-0.41111332178115845,-0.3296637237071991
-0.29629749059677124,-0.33522874116897583,-0.2958637475967407
0.21886470913887024,-0.3901398181915283,-0.28529348969459534
-0.2739969789981842,-0.31536099314689636,-0.2537364065647125
0.11289282888174057,-0.002418486401438713,0.011014561168849468
-0.11285581439733505,0.0017469715094193816,-0.010226130485534668
0.14102213084697723,0.4154011309146881,-0.0014707620721310377
-0.11913174390792847,0.3983727991580963,-0.017433062195777893
0.2157142460346222,0.7569373250007629,0.11932586133480072
-0.14725831151008606,0.7625239491462708,0.10620058327913284
0.2281869649887085,0.8016322255134583,0.12303326278924942
-0.14931176602840424,0.8086841702461243,0.11006612330675125
0.2549844980239868,0.8615071177482605,-0.004059456288814545
-0.16913045942783356,0.8673977851867676,-0.02175958827137947
-
0.00025905572692863643,-0.6319398283958435,-0.16251349449157715
0.006753335706889629,-0.6695041656494141,-0.14556987583637238
0.007247524801641703,-0.6699294447898865,-0.1451396942138672
0.0069763739593327045,-0.6704227328300476,-0.14484184980392456
-0.026599563658237457,-0.6661519408226013,-0.14543035626411438
-0.026247510686516762,-0.6669130921363831,-0.14626242220401764
-0.02634674869477749,-0.6681118607521057,-0.1453324407339096
0.054071102291345596,-0.6599459052085876,-0.027743706479668617
-0.09527905285358429,-0.6504331827163696,-0.0412355437874794
0.02174191363155842,-0.6087790131568909,-0.1200047954916954
-0.02143404446542263,-0.6034847497940063,-0.1224319338798523
0.14065520465373993,-0.4679098427295685,0.0444459430873394
-0.16577745974063873,-0.4639286398887634,0.030015040189027786
0.17319130897521973,-0.26238492131233215,-0.044640153646469116
-0.21622101962566376,-0.2304152101278305,-0.0237299595028162
0.21954594552516937,-0.37285497784614563,-0.2775856852531433
-0.27571532130241394,-0.3003976047039032,-0.24057266116142273
0.21790142357349396,-0.3816083073616028,-0.32058823108673096
-0.28016072511672974,-0.3012509047985077,-0.28100284934043884
0.2266571968793869,-0.41047272086143494,-0.32943975925445557
-0.2964533567428589,-0.3351585865020752,-0.29473745822906494
0.21866942942142487,-0.3897289037704468,-0.28505975008010864
-0.27422016859054565,-0.3152281939983368,-0.2525778114795685
0.11292281746864319,-0.0024122039321810007,0.011011064983904362
-0.11288478970527649,0.0017400424694642425,-0.010219323448836803
0.1409190148115158,0.41555091738700867,-0.0014585132012143731
-0.11936313658952713,0.3983144462108612,-0.017434194684028625
0.21561090648174286,0.7570899128913879,0.11930545419454575
-0.1472860872745514,0.7622983455657959,0.10630469769239426
0.2281043529510498,0.8017886281013489,0.12300258129835129
-0.1493232399225235,0.8084567189216614,0.11018478870391846
0.2550608813762665,0.8615456223487854,-0.00413120212033391
-0.16907109320163727,0.8673396706581116,-0.02165297418832779
-
0.00019241974223405123,-0.6319189071655273,-0.16241957247257233
0.0067068468779325485,-0.6694803833961487,-0.14545834064483643
0.007201275788247585,-0.6699051260948181,-0.14502866566181183
0.006929561961442232,-0.6703986525535583,-0.14473041892051697
-0.02666887827217579,-0.6661059260368347,-0.14531336724758148
-0.026317032054066658,-0.6668667793273926,-0.14614495635032654
-0.02641727402806282,-0.6680657267570496,-0.14521390199661255
0.054073091596364975,-0.6598950624465942,-0.02757449820637703
-0.09539659321308136,-0.6503013372421265,-0.04103977978229523
0.021688489243388176,-0.6087437272071838,-0.11989293247461319
-0.021524298936128616,-0.603420615196228,-0.12231016159057617
0.1406484693288803,-0.46789562702178955,0.04455965384840965
-0.16588151454925537,-0.4637487232685089,0.030220909044146538
0.17289723455905914,-0.2625156044960022,-0.04461368918418884
-0.2163349688053131,-0.23048284649848938,-0.023597275838255882
0.2192629873752594,-0.3726177215576172,-0.27748093008995056
-0.27596503496170044,-0.30049800872802734,-0.2404966950416565
0.21772180497646332,-0.381073534488678,-0.32050785422325134
-0.28042227029800415,-0.30139148235321045,-0.2809452712535858
0.22648386657238007,-0.40978190302848816,-0.3293726444244385
-0.2965911030769348,-0.3353350758552551,-0.29464468359947205
0.21841201186180115,-0.3893534541130066,-0.2849607765674591
-0.27443164587020874,-0.3153568208217621,-0.2524924874305725
0.1129445806145668,-0.0024117534048855305,0.011014253832399845
-0.11290497332811356,0.0017389870481565595,-0.010220637544989586
0.14081978797912598,0.41566094756126404,-0.001448594150133431
-0.11963872611522675,0.3982957899570465,-0.01742669939994812
0.21554680168628693,0.7571121454238892,0.11951599270105362
-0.14723730087280273,0.7621229290962219,0.10662166029214859
0.22806160151958466,0.8018064498901367,0.12325844168663025
-0.14922045171260834,0.8082733154296875,0.1105499416589737
0.2552511394023895,0.8615540266036987,-0.0038031362928450108
-0.16873608529567719,0.8673103451728821,-0.021235348656773567
-
6.2701859860681e-05,-0.6319143772125244,-0.16228872537612915
0.006614636164158583,-0.6694727540016174,-0.14531350135803223
0.0071089006960392,-0.6698969602584839,-0.14488396048545837
0.006836654618382454,-0.6703904867172241,-0.1445854753255844
-0.02678917907178402,-0.6660892963409424,-0.1451663374900818
-0.026437949389219284,-0.6668503284454346,-0.1459973007440567
-0.026539403945207596,-0.6680490970611572,-0.1450658142566681
0.05404818058013916,-0.6598555445671082,-0.027373870834708214
-0.09558720141649246,-0.6502301692962646,-0.04085478559136391
0.021560702472925186,-0.6087208390235901,-0.11973991245031357
-0.02169904112815857,-0.6033849120140076,-0.12215950340032578
0.14059075713157654,-0.4678845703601837,0.04471060261130333
-0.16606155037879944,-0.4636387825012207,0.03039753995835781
0.17257438600063324,-0.26270243525505066,-0.04454049468040466
-0.21659520268440247,-0.23059402406215668,-0.023513611406087875
0.21900595724582672,-0.37251606583595276,-0.27719777822494507
-0.2764432728290558,-0.3007124364376068,-0.24040929973125458
0.21754558384418488,-0.380839079618454,-0.32023200392723083
-0.28096744418144226,-0.30176395177841187,-0.28085067868232727
0.2263307124376297,-0.4094783067703247,-0.3291269540786743
-0.2969849705696106,-0.3357188403606415,-0.2945083975791931
0.218185693025589,-0.38918110728263855,-0.2846899628639221
-0.2748812139034271,-0.3156072199344635,-0.2523915767669678
0.11295714229345322,-0.0024096351116895676,0.011021316982805729
-0.11291646957397461,0.0017364069353789091,-0.01022539846599102
0.14076252281665802,0.4157212972640991,-0.0013782450696453452
-0.1199900433421135,0.3982563316822052,-0.017426516860723495
0.21545401215553284,0.7571678757667542,0.11960622668266296
-0.14732398092746735,0.7619760632514954,0.10670009255409241
0.227985218167305,0.8018589019775391,0.12335307896137238
-0.14928361773490906,0.8081203103065491,0.11063799262046814
0.2554195523262024,0.8615543246269226,-0.003644339507445693
-0.16873100399971008,0.8672493696212769,-0.021128876134753227
-
-0.00010199625830864534,-0.6319089531898499,-0.1621236354112625
0.00649802153930068,-0.6694684028625488,-0.1451374590396881
0.0069922939874231815,-0.6698921322822571,-0.1447085291147232
0.006719319149851799,-0.6703858971595764,-0.144409641623497
-0.02693951316177845,-0.6660819053649902,-0.14499762654304504
-0.02658911421895027,-0.6668432950973511,-0.14582857489585876
-0.02669157274067402,-0.668042004108429,-0.14489580690860748
0.05399157106876373,-0.6598390936851501,-0.027117542922496796
-0.09585318714380264,-0.6502033472061157,-0.040668003261089325
0.021382197737693787,-0.6087065935134888,-0.11954040080308914
-0.021933047100901604,-0.6033642292022705,-0.12197718024253845
0.14042863249778748,-0.467891126871109,0.04490669444203377
-0.16631169617176056,-0.4635940194129944,0.030565137043595314
0.17223170399665833,-0.2630079686641693,-0.04432329162955284
-0.21716837584972382,-0.23092316091060638,-0.023486284539103508
0.21890424191951752,-0.37250399589538574,-0.27639034390449524
-0.2773002088069916,-0.3015742301940918,-0.24036704003810883
0.21753551065921783,-0.38079071044921875,-0.31937935948371887
-0.2819366455078125,-0.3030848503112793,-0.28078997135162354
0.22635065019130707,-0.4093925952911377,-0.32835665345191956
-0.29775452613830566,-0.33704042434692383,-0.2943938076496124
0.21812544763088226,-0.3891468346118927,-0.2839092016220093
-0.2757069170475006,-0.3165474534034729,-0.25233349204063416
0.11296825855970383,-0.002409480046480894,0.011027038097381592
-0.11292711645364761,0.001735846046358347,-0.01022901851683855
0.14072048664093018,0.4157843589782715,-0.0012969837989658117
-0.12035714834928513,0.3982352316379547,-0.017427459359169006
0.21540307998657227,0.7572207450866699,0.119664765894413
-0.14750473201274872,0.7619007229804993,0.1067357286810875
0.22794240713119507,0.801908016204834,0.1234135702252388
-0.14943812787532806,0.8080408573150635,0.11067726463079453
0.2555364668369293,0.861562967300415,-0.003542713588103652
-0.16876880824565887,0.8672217130661011,-0.021072139963507652
-
-0.00023787555983290076,-0.6319421529769897,-0.1620873212814331
0.006404567509889603,-0.6694981455802917,-0.14508837461471558
0.006898777559399605,-0.6699215769767761,-0.14465947449207306
0.006625194102525711,-0.6704152822494507,-0.14436082541942596
-0.02706203982234001,-0.6661080718040466,-0.1449570506811142
-0.026712318882346153,-0.6668695211410522,-0.14578790962696075
-0.026815438643097878,-0.6680680513381958,-0.14485463500022888
0.053937606513500214,-0.6598446369171143,-0.026995033025741577
-0.09609200060367584,-0.6502043008804321,-0.040621068328619
0.021222230046987534,-0.6087262630462646,-0.11948463320732117
-0.022141017019748688,-0.6033799648284912,-0.12193769961595535
0.1402646005153656,-0.4679063856601715,0.045014746487140656
-0.16652601957321167,-0.4635724425315857,0.03059164062142372
0.17210599780082703,-0.2634330689907074,-0.04424944147467613
-0.21757176518440247,-0.23119033873081207,-0.023545624688267708
0.21893194317817688,-0.372668981552124,-0.2759542763233185
-0.27798253297805786,-0.30214881896972656,-0.24038982391357422
0.21759027242660522,-0.3809438943862915,-0.3189009130001068
-0.28274402022361755,-0.303968220949173,-0.2808002233505249
0.2264254242181778,-0.40951335430145264,-0.3278999924659729
-0.29843899607658386,-0.3378632664680481,-0.29439079761505127
0.2181745320558548,-0.3892631530761719,-0.2834863066673279
-0.27638745307922363,-0.31714698672294617,-0.2523508667945862
0.11297819018363953,-0.0024082972668111324,0.01103940885514021
-0.1129363402724266,0.001734341960400343,-0.010238739661872387
0.14070075750350952,0.41582879424095154,-0.001164634246379137
-0.12073591351509094,0.39818617701530457,-0.017416875809431076
0.21534423530101776,0.7572901844978333,0.11971423029899597
-0.14769916236400604,0.7617707848548889,0.10677780956029892
0.22788472473621368,0.801978349685669,0.12345688790082932
-0.14961877465248108,0.8079078197479248,0.1107197105884552
0.2556895911693573,0.8615773320198059,-0.0034375665709376335
-0.16888734698295593,0.8671350479125977,-0.020980365574359894
-
-0.0003380824055057019,-0.6319708228111267,-0.16189256310462952
0.006342974491417408,-0.6695244908332825,-0.1448516547679901
0.006836804561316967,-0.669947624206543,-0.14442233741283417
0.0065628099255263805,-0.6704413294792175,-0.14412473142147064
-0.027152860537171364,-0.6661317348480225,-0.14475658535957336
-0.02680370770394802,-0.6668932437896729,-0.1455872505903244
-0.02690783143043518,-0.6680915951728821,-0.1446550190448761
0.053880807012319565,-0.6598483324050903,-0.02656455524265766
-0.09636001288890839,-0.6502056121826172,-0.04043227806687355
0.02108154445886612,-0.6087418794631958,-0.1192319244146347
-0.022333500906825066,-0.6033931374549866,-0.12174708396196365
0.1400449424982071,-0.46792176365852356,0.045470986515283585
-0.1667674034833908,-0.4635307490825653,0.03071470372378826
0.17206840217113495,-0.26383236050605774,-0.043790388852357864
-0.21796388924121857,-0.23135650157928467,-0.0235569030046463
0.21896831691265106,-0.37276750802993774,-0.2748536169528961
-0.2786960005760193,-0.30272313952445984,-0.24036705493927002
0.21767552196979523,-0.38101959228515625,-0.31776246428489685
-0.283587247133255,-0.3049440383911133,-0.2807437479496002
0.2264939844608307,-0.4095788598060608,-0.32677575945854187
-0.29923364520072937,-0.3387792408466339,-0.29428139328956604
0.21821311116218567,-0.38932880759239197,-0.2823958694934845
-0.2771323323249817,-0.3177589178085327,-0.25231361389160156
0.11298463493585587,-0.002410522196441889,0.011060361750423908
-0.11294161528348923,0.001736344420351088,-0.01025659404695034
0.14067289233207703,0.4158460795879364,-0.0009656422771513462
-0.12091489881277084,0.3981429934501648,-0.01742994599044323
0.2153017222881317,0.7573503851890564,0.11970683932304382
-0.1478712409734726,0.7616801857948303,0.10674526542425156
0.2278449535369873,0.8020403385162354,0.12344285845756531
-0.14978139102458954,0.807807981967926,0.11067791283130646
0.25575166940689087,0.8615639805793762,-0.003459521336480975
-0.16889677941799164,0.8670408725738525,-0.021036047488451004
-
-0.0004105854022782296,-0.63199383020401,-0.16156895458698273
0.006296426057815552,-0.669547975063324,-0.14448282122612
0.006789664272218943,-0.6699705123901367,-0.14405232667922974
0.00651561701670289,-0.6704643368721008,-0.1437562108039856
-0.02721972018480301,-0.6661583781242371,-0.14441734552383423
-0.02687106281518936,-0.6669203042984009,-0.1452479213476181
-0.026975788176059723,-0.6681183576583862,-0.14431756734848022
0.05384272336959839,-0.6598549485206604,-0.02604471519589424
-0.09653959423303604,-0.6502076387405396,-0.04011310636997223
0.020981846377253532,-0.6087577939033508,-0.11885996162891388
-0.02246667444705963,-0.6034063696861267,-0.12143122404813766
0.13990333676338196,-0.46793973445892334,0.045944541692733765
-0.16690881550312042,-0.4634799361228943,0.030948951840400696
0.17203392088413239,-0.2642001807689667,-0.04347052797675133
-0.21818777918815613,-0.23146884143352509,-0.023555053398013115
0.21899524331092834,-0.3728681206703186,-0.2742287218570709
-0.2791563868522644,-0.30320608615875244,-0.24035079777240753
0.2177228033542633,-0.3810897767543793,-0.317158043384552
-0.2841418385505676,-0.30572807788848877,-0.2807042598724365
0.22655950486660004,-0.4096401631832123,-0.3261420726776123
-0.2997610867023468,-0.3395076394081116,-0.2941986918449402
0.21825376152992249,-0.38939931988716125,-0.2817659080028534
-0.2776119112968445,-0.31826451420783997,-0.25228533148765564
0.1129884198307991,-0.0024114721454679966,0.01108495332300663
-0.11294400691986084,0.0017372035654261708,-0.010278616100549698
0.14064183831214905,0.4158617854118347,-0.0007870103581808507
-0.12109513580799103,0.3980821967124939,-0.017438732087612152
0.21527348458766937,0.7575041055679321,0.1196519136428833
-0.14801953732967377,0.7615880966186523,0.10670024156570435
0.2278241664171219,0.8021985292434692,0.12335933744907379
-0.14992976188659668,0.8077071309089661,0.11062077432870865
0.25593191385269165,0.8615373373031616,-0.003554105758666992
-0.1689198762178421,0.8668714761734009,-0.021111417561769485
-
-0.000431190273957327,-0.6319804191589355,-0.16108514368534088
0.006280862260609865,-0.6695398688316345,-0.14396314322948456
0.0067740548402071,-0.669961154460907,-0.14353148639202118
0.0064999135211110115,-0.6704553365707397,-0.1432361602783203
-0.02723831683397293,-0.6661515235900879,-0.14395025372505188
-0.02688964270055294,-0.6669140458106995,-0.14477896690368652
-0.026994427666068077,-0.6681116223335266,-0.1438494771718979
0.053825464099645615,-0.659835934638977,-0.025335801765322685
-0.09666049480438232,-0.6501858830451965,-0.03971029072999954
0.02093810774385929,-0.6087328791618347,-0.1182955950498581
-0.022530900314450264,-0.6033810377120972,-0.12096139043569565
0.1397746354341507,-0.4679425358772278,0.04673588648438454
-0.16701842844486237,-0.4634084403514862,0.03134400397539139
0.17200104892253876,-0.26429519057273865,-0.04241993650794029
-0.2182679921388626,-0.2314845323562622,-0.02323072776198387
0.21901710331439972,-0.3728693127632141,-0.27240189909935
-0.27947747707366943,-0.303242027759552,-0.23967069387435913
0.21777313947677612,-0.3810865879058838,-0.31528857350349426
-0.284539133310318,-0.30583131313323975,-0.27984553575515747
0.2265978753566742,-0.4096398651599884,-0.3242815136909485
-0.300218790769577,-0.33958202600479126,-0.2933112382888794
0.21828432381153107,-0.3893970549106598,-0.2799396216869354
-0.2779804468154907,-0.3183022439479828,-0.2515844404697418
0.11298970133066177,-0.0024115864653140306,0.011110917665064335
-0.11294395476579666,0.0017373216105625033,-0.010302425362169743
0.14062410593032837,0.41589248180389404,-0.0006582754431292415
-0.1212393194437027,0.3980361521244049,-0.01745903678238392
0.21527715027332306,0.7576488256454468,0.11955299973487854
-0.14819929003715515,0.7615117430686951,0.10664030909538269
0.22783415019512177,0.8023415803909302,0.12322700023651123
-0.15011677145957947,0.8076214790344238,0.11055272072553635
0.25618013739585876,0.8615196943283081,-0.0036944239400327206
-0.1689709573984146,0.8667551279067993,-0.021199166774749756
-
-0.0004533580504357815,-0.6319414973258972,-0.16062089800834656
0.006269337609410286,-0.6695080995559692,-0.14346787333488464
0.006762227509170771,-0.6699280142784119,-0.1430361270904541
0.006487992592155933,-0.6704226136207581,-0.14274030923843384
-0.02725743129849434,-0.66612309217453,-0.1435074657201767
-0.02690889500081539,-0.6668862700462341,-0.14433498680591583
-0.027013875544071198,-0.6680832505226135,-0.14340603351593018
0.0538179911673069,-0.6598005294799805,-0.024653282016515732
-0.09674812853336334,-0.6501558423042297,-0.039321545511484146
0.020912975072860718,-0.6086850166320801,-0.11774997413158417
-0.02257159724831581,-0.6033357381820679,-0.1205047145485878
0.1396920382976532,-0.4679417610168457,0.047547597438097
-0.1671067774295807,-0.463349312543869,0.031765080988407135
0.17199766635894775,-0.2643969655036926,-0.04143412038683891
-0.218298077583313,-0.23149330914020538,-0.022819774225354195
0.21910852193832397,-0.3728982210159302,-0.2709413170814514
-0.27972960472106934,-0.3032233715057373,-0.23899021744728088
0.21790723502635956,-0.3811066746711731,-0.3138337731361389
-0.28486311435699463,-0.3058379888534546,-0.2790367305278778
0.22669696807861328,-0.40967467427253723,-0.32278555631637573
-0.30059072375297546,-0.3395688831806183,-0.2925480008125305
0.21837285161018372,-0.38942253589630127,-0.2784672975540161
-0.27827465534210205,-0.3182755708694458,-0.2509104907512665
0.11299172788858414,-0.0024118598084896803,0.01112986821681261
-0.11294487118721008,0.0017375805182382464,-0.0103194834664464
0.1406088024377823,0.41592642664909363,-0.0006052555399946868
-0.12145193666219711,0.39797350764274597,-0.017474878579378128
0.21534347534179688,0.7578022480010986,0.11928065866231918
-0.14860624074935913,0.7614312767982483,0.10658157616853714
0.22791501879692078,0.8024984002113342,0.12289795279502869
-0.15055912733078003,0.8075358271598816,0.1104840487241745
0.2564994692802429,0.8615174293518066,-0.004057229496538639
-0.16932463645935059,0.86658775806427,-0.021269574761390686
-
-0.00044962146785110235,-0.631952166557312,-0.16055865585803986
0.0062979478389024734,-0.6695194840431213,-0.14339245855808258
0.006790314335376024,-0.6699390411376953,-0.1429608017206192
0.006515959743410349,-0.670433759689331,-0.1426653414964676
-0.027248281985521317,-0.6661349534988403,-0.14345885813236237
-0.026900174096226692,-0.666898250579834,-0.1442868411540985
-0.02700546197593212,-0.668095052242279,-0.14335784316062927
0.05382751300930977,-0.6598005294799805,-0.024474840611219406
-0.09677690267562866,-0.6501622200012207,-0.03929524123668671
0.02089434117078781,-0.608688235282898,-0.11764872074127197
-0.022599706426262856,-0.6033399701118469,-0.12044539302587509
0.13965903222560883,-0.46797049045562744,0.04784920811653137
-0.1671668440103531,-0.4633268415927887,0.031810443848371506
0.17214012145996094,-0.2647470533847809,-0.041187383234500885
-0.21836677193641663,-0.2315616011619568,-0.022823043167591095
0.21934810280799866,-0.3731086552143097,-0.27082327008247375
-0.2799690067768097,-0.30323392152786255,-0.2389945536851883
0.2181951105594635,-0.3813192546367645,-0.3137570321559906
-0.28516316413879395,-0.30586111545562744,-0.2790380120277405
0.22692576050758362,-0.40990662574768066,-0.322684645652771
-0.3008963167667389,-0.3395860195159912,-0.29254579544067383
0.21859954297542572,-0.38962414860725403,-0.2783476412296295
-0.2785382866859436,-0.31828197836875916,-0.25091448426246643
0.11299491673707962,-0.002409732434898615,0.011153249070048332
-0.11294697225093842,0.001735379919409752,-0.010341042652726173
0.14059504866600037,0.4159913659095764,-0.0005971980863250792
-0.12196602672338486,0.3978828489780426,-0.01747465506196022
0.21540893614292145,0.7578662633895874,0.11920517683029175
-0.14904996752738953,0.761176347732544,0.10669305920600891
0.22799915075302124,0.802557110786438,0.12282188981771469
-0.15101103484630585,0.807267427444458,0.11060776561498642
0.2569260001182556,0.8615148663520813,-0.004099955316632986
-0.16974806785583496,0.866232693195343,-0.021070990711450577
-
-0.00040568725671619177,-0.63196861743927,-0.16046376526355743
0.006363505031913519,-0.669539213180542,-0.1432749480009079
0.006855690851807594,-0.6699582934379578,-0.14284361898899078
0.006581200286746025,-0.6704530715942383,-0.14254796504974365
-0.02720578946173191,-0.6661580801010132,-0.14337380230426788
-0.026858115568757057,-0.6669214367866516,-0.14420269429683685
-0.026963597163558006,-0.6681177020072937,-0.14327412843704224
0.05385942384600639,-0.6598086953163147,-0.024252720177173615
-0.09680665284395218,-0.6501745581626892,-0.03923753276467323
0.02090427093207836,-0.6086985468864441,-0.11751767992973328
-0.02260897122323513,-0.6033517122268677,-0.12035667151212692
0.13964363932609558,-0.46801134943962097,0.04812204837799072
-0.16721023619174957,-0.46330639719963074,0.03188394382596016
0.17221251130104065,-0.265054851770401,-0.041062671691179276
-0.21841028332710266,-0.2315984070301056,-0.022821394726634026
0.21943776309490204,-0.373212605714798,-0.2708449959754944
-0.28004905581474304,-0.3032117784023285,-0.23900443315505981
0.2183104008436203,-0.3814069628715515,-0.31382036209106445
-0.2852495610713959,-0.30585506558418274,-0.2790524959564209
0.22699977457523346,-0.40999844670295715,-0.32273322343826294
-0.3009811043739319,-0.33956989645957947,-0.29255497455596924
0.21867585182189941,-0.3897167444229126,-0.2783704698085785
-0.2786211669445038,-0.31825345754623413,-0.25092440843582153
0.11299936473369598,-0.002408193424344063,0.01117210928350687
-0.11295053362846375,0.0017337038880214095,-0.010358310304582119
0.14054492115974426,0.4160635769367218,-0.0006542492774315178
-0.12230050563812256,0.3977745473384857,-0.01747472584247589
0.21542292833328247,0.7579148411750793,0.11909382045269012
-0.14922569692134857,0.7608548402786255,0.10690164566040039
0.22802519798278809,0.8026016354560852,0.12271624803543091
-0.15118660032749176,0.806934118270874,0.11084155738353729
0.2571509778499603,0.8615128397941589,-0.0041778176091611385
-0.16995787620544434,0.8658173680305481,-0.02072208933532238
-
-0.0003401191788725555,-0.6319952607154846,-0.1604357659816742
0.006449277512729168,-0.6695714592933655,-0.14323553442955017
0.0069413380697369576,-0.6699898838996887,-0.14280441403388977
0.006666524801403284,-0.6704848408699036,-0.14250867068767548
-0.027144454419612885,-0.6661925911903381,-0.14334996044635773
-0.026797214522957802,-0.6669559478759766,-0.14417941868305206
-0.0269026942551136,-0.6681514978408813,-0.14325104653835297
0.053916800767183304,-0.6598296165466309,-0.024142317473888397
-0.09683158248662949,-0.6501953601837158,-0.03921734541654587
0.020937414839863777,-0.6087180972099304,-0.11746808886528015
-0.022598955780267715,-0.6033716201782227,-0.12032844871282578
0.13964968919754028,-0.4680589735507965,0.04831688478589058
-0.16723351180553436,-0.4632902443408966,0.03191230073571205
0.17254561185836792,-0.2654358744621277,-0.04099378362298012
-0.2184339314699173,-0.23163405060768127,-0.02284533903002739
0.2197762429714203,-0.37349733710289,-0.27089616656303406
-0.28006693720817566,-0.3031312823295593,-0.23908331990242004
0.21867667138576508,-0.3817034661769867,-0.3139243721961975
-0.28526344895362854,-0.30576345324516296,-0.279144287109375
0.22730346024036407,-0.4103285074234009,-0.32280513644218445
-0.3009984493255615,-0.3394518792629242,-0.2926412522792816
0.2189912497997284,-0.3900024890899658,-0.2784191370010376
-0.27863937616348267,-0.31815305352211,-0.251004695892334
0.11300361901521683,-0.0024053261149674654,0.011191326193511486
-0.1129540279507637,0.001730733085423708,-0.010376283898949623
0.14050500094890594,0.41612470149993896,-0.0006839070119895041
-0.12257248908281326,0.39765289425849915,-0.017468491569161415
0.21546103060245514,0.7579487562179565,0.11900339275598526
-0.14943356812000275,0.7605459690093994,0.10712821781635284
0.22808371484279633,0.8026322722434998,0.12262572348117828
-0.1514003425836563,0.806617259979248,0.11108943819999695
0.2574203312397003,0.861494779586792,-0.004259144421666861
-0.17021937668323517,0.865408718585968,-0.020388402044773102
-
-0.00020486208086367697,-0.6320314407348633,-0.16040827333927155
0.006626730319112539,-0.6696130037307739,-0.14319688081741333
0.007118702866137028,-0.6700308322906494,-0.14276602864265442
0.006843366660177708,-0.670525848865509,-0.1424700915813446
-0.026999877765774727,-0.6662413477897644,-0.14332617819309235
-0.026653407141566277,-0.6670047640800476,-0.14415620267391205
-0.026758559048175812,-0.6681994199752808,-0.14322800934314728
0.05405610054731369,-0.6598549485206604,-0.024031633511185646
-0.09682348370552063,-0.6502405405044556,-0.039197660982608795
0.02102576568722725,-0.6087433695793152,-0.11741986870765686
-0.022541698068380356,-0.6034024953842163,-0.12030085176229477
0.13968400657176971,-0.4680984318256378,0.048499882221221924
-0.16725465655326843,-0.46328407526016235,0.031944338232278824
0.17298631370067596,-0.26574772596359253,-0.04094254598021507
-0.21843917667865753,-0.23166213929653168,-0.022882599383592606
0.2203586995601654,-0.3737814426422119,-0.27098169922828674
-0.28006210923194885,-0.3030621111392975,-0.23921506106853485
0.2193291336297989,-0.3820103704929352,-0.3140586018562317
-0.28524383902549744,-0.3056770861148834,-0.2792840003967285
0.22791890799999237,-0.4106743633747101,-0.32290318608283997
-0.3009917438030243,-0.33934465050697327,-0.29277560114860535
0.21956485509872437,-0.3902941048145294,-0.2785016894340515
-0.27863770723342896,-0.31806689500808716,-0.2511342763900757
0.113007552921772,-0.002404351020231843,0.011206665076315403
-0.11295723915100098,0.0017296853475272655,-0.010390625335276127
0.14047090709209442,0.4161607325077057,-0.0006864924798719585
-0.12266538292169571,0.3975412845611572,-0.01746491529047489
0.21550393104553223,0.7579830288887024,0.11885689944028854
-0.14953306317329407,0.7603379487991333,0.10722902417182922
0.2281450480222702,0.8026666641235352,0.12246036529541016
-0.15151210129261017,0.8064073324203491,0.11119191348552704
0.2576206922531128,0.861474335193634,-0.004447226412594318
-0.17040479183197021,0.865079402923584,-0.020249614492058754
-
-0.00013847218360751867,-0.6320464015007019,-0.16036313772201538
0.006719417404383421,-0.6696327328681946,-0.14314623177051544
0.00721112173050642,-0.6700500845909119,-0.1427154541015625
0.006935545243322849,-0.6705450415611267,-0.14241982996463776
-0.0269293412566185,-0.6662662625312805,-0.14328975975513458
-0.026583299040794373,-0.6670297384262085,-0.1441207379102707
-0.02668830193579197,-0.6682237386703491,-0.14319290220737457
0.05412236601114273,-0.6598712205886841,-0.023918073624372482
-0.09683571755886078,-0.650270402431488,-0.039170339703559875
0.021060245111584663,-0.6087539196014404,-0.11734896898269653
-0.02252604253590107,-0.6034162640571594,-0.12025299668312073
0.13968351483345032,-0.4681430160999298,0.04867460951209068
-0.16727402806282043,-0.4632800817489624,0.03197305649518967
0.17319834232330322,-0.26601341366767883,-0.04092086851596832
-0.2184682935476303,-0.23172757029533386,-0.022959649562835693
0.22057341039180756,-0.37398067116737366,-0.2711692750453949
-0.28008943796157837,-0.30306974053382874,-0.23941704630851746
0.21956166625022888,-0.38221627473831177,-0.3143343925476074
-0.28526759147644043,-0.3056916892528534,-0.27950534224510193
0.2281145453453064,-0.4109010100364685,-0.32313302159309387
-0.30101683735847473,-0.33935728669166565,-0.29297131299972534
0.21976660192012787,-0.3904934525489807,-0.2786884903907776
-0.2786668837070465,-0.3180730938911438,-0.2513308525085449
0.11300842463970184,-0.002402807353064418,0.011226728558540344
-0.11295720189809799,0.0017281625187024474,-0.010410073213279247
0.14041094481945038,0.41620689630508423,-0.0006999814650043845
-0.12278610467910767,0.3974696099758148,-0.017474398016929626
0.21550826728343964,0.7580685019493103,0.1186644583940506
-0.14964832365512848,0.7602600455284119,0.10723874717950821
0.22815589606761932,0.8027516603469849,0.1222425326704979
-0.15163472294807434,0.8063288331031799,0.11119984835386276
0.25771743059158325,0.8614725470542908,-0.00467017013579607
-0.17051400244235992,0.8649209141731262,-0.02023921348154545
-
-9.378658432979137e-05,-0.6320610642433167,-0.16022783517837524
0.006787057500332594,-0.6696515679359436,-0.14299757778644562
0.007278548553586006,-0.6700682640075684,-0.14256694912910461
0.007002645172178745,-0.6705632209777832,-0.1422715187072754
-0.02687920443713665,-0.6662909388542175,-0.1431662142276764
-0.0265333354473114,-0.6670547723770142,-0.1439981907606125
-0.026638546958565712,-0.6682480573654175,-0.14307183027267456
0.054162148386240005,-0.6598806977272034,-0.02366926521062851
-0.09684986621141434,-0.650294303894043,-0.03906310722231865
0.021077413111925125,-0.6087620854377747,-0.11717506498098373
-0.02252171002328396,-0.6034277677536011,-0.1201174184679985
0.13967300951480865,-0.46816813945770264,0.048967353999614716
-0.16730637848377228,-0.4632757604122162,0.03207676112651825
0.17332510650157928,-0.266196072101593,-0.04083402454853058
-0.21855467557907104,-0.23176689445972443,-0.02297317050397396
0.22071608901023865,-0.374205082654953,-0.27122488617897034
-0.28014075756073,-0.30307117104530334,-0.2394646555185318
0.21971341967582703,-0.3824714124202728,-0.3144385516643524
-0.28530603647232056,-0.3056979775428772,-0.27955543994903564
0.22824177145957947,-0.41118893027305603,-0.32320767641067505
-0.30105748772621155,-0.33936187624931335,-0.29300445318222046
0.21990205347537994,-0.3907260298728943,-0.2787424325942993
-0.2787182331085205,-0.31807300448417664,-0.25137069821357727
0.11300788819789886,-0.0024038387928158045,0.0112429428845644
-0.11295577883720398,0.0017291930271312594,-0.01042573805898428
0.14032749831676483,0.4162292778491974,-0.0007102786330506206
-0.12281262874603271,0.39741817116737366,-0.01749986782670021
0.2155153751373291,0.7580932378768921,0.11852874606847763
-0.14969952404499054,0.7602232098579407,0.10722535103559494
0.22816970944404602,0.8027762174606323,0.12208999693393707
-0.151689812541008,0.806291401386261,0.1111820638179779
0.25774437189102173,0.8614513278007507,-0.004858370870351791
-0.17053018510341644,0.8648340702056885,-0.020252957940101624
-
-8.587355296185706e-06,-0.6320886015892029,-0.15991069376468658
0.006899883970618248,-0.6696822047233582,-0.14265938103199005
0.0073908851481974125,-0.6700979471206665,-0.14222925901412964
0.007114756852388382,-0.6705930829048157,-0.14193354547023773
-0.02678442932665348,-0.666326642036438,-0.14284425973892212
-0.026438813656568527,-0.6670910716056824,-0.14367727935314178
-0.02654414437711239,-0.6682834029197693,-0.14275296032428741
0.05426337197422981,-0.6598910689353943,-0.02326057292521
-0.09683065861463547,-0.650314211845398,-0.038743022829294205
0.021135542541742325,-0.6087768077850342,-0.11683584749698639
-0.022479264065623283,-0.6034455895423889,-0.11980412900447845
0.13968373835086823,-0.4681755602359772,0.04931690916419029
-0.16731847822666168,-0.4632696509361267,0.03236375376582146
0.17346952855587006,-0.2662951946258545,-0.040696825832128525
-0.21857315301895142,-0.23179054260253906,-0.022912608459591866
0.22086156904697418,-0.3744186758995056,-0.271230012178421
-0.2801516354084015,-0.3030715882778168,-0.23944321274757385
0.21986569464206696,-0.38273748755455017,-0.3144570291042328
-0.285309374332428,-0.3057026267051697,-0.2795335352420807
0.22838276624679565,-0.4114910662174225,-0.3232155740261078
-0.301066130399704,-0.33936363458633423,-0.29296648502349854
0.2200472205877304,-0.3909538984298706,-0.27874472737312317
-0.27872997522354126,-0.3180716335773468,-0.2513412535190582
0.11300724744796753,-0.0024041433352977037,0.011252548545598984
-0.11295440793037415,0.0017294820863753557,-0.010434447787702084
0.14028552174568176,0.41624948382377625,-0.0007453564321622252
-0.12284020334482193,0.3973556458950043,-0.017521226778626442
0.2155771702528,0.7581205368041992,0.11839725822210312
-0.14972445368766785,0.7601547241210938,0.10722320526838303
0.2282511293888092,0.8028028607368469,0.12195029854774475
-0.15171463787555695,0.8062186241149902,0.11117870360612869
0.25781211256980896,0.8614158034324646,-0.005050433333963156
-0.1705358326435089,0.8647059798240662,-0.020251937210559845
-
0.0001122402391047217,-0.6321278214454651,-0.15984773635864258
0.007057924289256334,-0.6697239875793457,-0.1425863355398178
0.007548251189291477,-0.6701385974884033,-0.1421559900045395
0.007272021844983101,-0.6706337332725525,-0.14186090230941772
-0.0266489889472723,-0.6663800477981567,-0.14278067648410797
-0.026303492486476898,-0.667144775390625,-0.1436145156621933
-0.026408875361084938,-0.6683358550071716,-0.14269152283668518
0.05439743772149086,-0.6599026918411255,-0.02312721498310566
-0.09679201990365982,-0.6503514647483826,-0.03867154195904732
0.02121678553521633,-0.6087973117828369,-0.11675619333982468
-0.022417062893509865,-0.6034742593765259,-0.11973995715379715
0.1397039145231247,-0.46818268299102783,0.04946853965520859
-0.16733011603355408,-0.463270902633667,0.032437656074762344
0.17364008724689484,-0.26639324426651,-0.04067835956811905
-0.21859022974967957,-0.23182126879692078,-0.022934844717383385
0.22104975581169128,-0.37452393770217896,-0.271528422832489
-0.2801458537578583,-0.3030659854412079,-0.2395579218864441
0.22004912793636322,-0.38286054134368896,-0.31488147377967834
-0.28528380393981934,-0.3057006895542145,-0.2796797752380371
0.22856421768665314,-0.4116328954696655,-0.3235865831375122
-0.3010510802268982,-0.3393607437610626,-0.2930896282196045
0.2202347368001938,-0.3910655081272125,-0.27904364466667175
-0.2787240445613861,-0.31806474924087524,-0.25144776701927185
0.11300864815711975,-0.00240231491625309,0.011264736764132977
-0.11295532435178757,0.0017276230501011014,-0.01044636219739914
0.14025592803955078,0.4162677228450775,-0.0007498267223127186
-0.12293072789907455,0.3972833454608917,-0.01754220761358738
0.2156452238559723,0.7581200003623962,0.11840140074491501
-0.15001478791236877,0.7600515484809875,0.10723250359296799
0.2283337563276291,0.8027973175048828,0.12195474654436111
-0.15201516449451447,0.8061085939407349,0.11118972301483154
0.25783833861351013,0.8613320589065552,-0.005074746441096067
-0.17061904072761536,0.8645750880241394,-0.02024674043059349
-
0.0003003199817612767,-0.6321403384208679,-0.15953557193279266
0.0073121837340295315,-0.6697376370429993,-0.14227430522441864
0.007801189552992582,-0.6701518297195435,-0.14184357225894928
0.007524896878749132,-0.6706469655036926,-0.14154820144176483
-0.026421375572681427,-0.6663956642150879,-0.14248782396316528
-0.026076866313815117,-0.6671604514122009,-0.14332298934459686
-0.026181915774941444,-0.6683513522148132,-0.14240208268165588
0.05462314188480377,-0.659902036190033,-0.02273351326584816
-0.09669207036495209,-0.6503809094429016,-0.038412705063819885
0.021347083151340485,-0.6088005900382996,-0.11640062183141708
-0.022309431806206703,-0.603482723236084,-0.1194276362657547
0.13974080979824066,-0.4681866765022278,0.04986126720905304
-0.16731731593608856,-0.4632962644100189,0.03263642266392708
0.1737692952156067,-0.2665155231952667,-0.040600329637527466
-0.218539759516716,-0.23191764950752258,-0.022925224155187607
0.22133521735668182,-0.3748682737350464,-0.27156928181648254
-0.28011468052864075,-0.3030681908130646,-0.23957058787345886
0.22039416432380676,-0.3833264410495758,-0.3149445652961731
-0.2852601110935211,-0.30570533871650696,-0.2796914279460907
0.2289666086435318,-0.41213053464889526,-0.323621928691864
-0.3010382354259491,-0.33935531973838806,-0.29310548305511475
0.22055017948150635,-0.3914370834827423,-0.2790829539299011
-0.27870163321495056,-0.3180626928806305,-0.25146082043647766
0.11300818622112274,-0.0023983486462384462,0.011278936639428139
-0.11295437067747116,0.0017238145228475332,-0.010460355319082737
0.14022305607795715,0.41628438234329224,-0.0007510521681979299
-0.12305445224046707,0.3972204327583313,-0.01759868487715721
0.21577130258083344,0.758133590221405,0.11838079988956451
-0.15052630007266998,0.7599896192550659,0.10719553381204605
0.22848883271217346,0.8028087615966797,0.12193187326192856
-0.15257512032985687,0.8060429096221924,0.11115120351314545
0.25794878602027893,0.8612277507781982,-0.005119777284562588
-0.17099517583847046,0.864461362361908,-0.02030479535460472
-
0.000387287960620597,-0.6321526169776917,-0.15933012962341309
0.007443276699632406,-0.6697506904602051,-0.14207090437412262
0.007931932806968689,-0.6701645851135254,-0.14164011180400848
0.007655451074242592,-0.6706597208976746,-0.14134405553340912
-0.026305343955755234,-0.6664106845855713,-0.14228872954845428
-0.02596132829785347,-0.6671755909919739,-0.14312458038330078
-0.026066236197948456,-0.668366014957428,-0.1422048658132553
0.054753221571445465,-0.659903347492218,-0.022503366693854332
-0.0966363325715065,-0.6504152417182922,-0.038232505321502686
0.021405961364507675,-0.6088057160377502,-0.11618048697710037
-0.02226225472986698,-0.6034917235374451,-0.1192239299416542
0.13974913954734802,-0.4681850075721741,0.05001676455140114
-0.16731853783130646,-0.46332284808158875,0.03278990089893341
0.17376558482646942,-0.26654961705207825,-0.040582723915576935
-0.21852841973304749,-0.23200154304504395,-0.022922834381461143
0.22139917314052582,-0.3749648928642273,-0.27162763476371765
-0.2801035940647125,-0.3030697703361511,-0.2396019995212555
0.22051703929901123,-0.38347625732421875,-0.31500309705734253
-0.28525054454803467,-0.30570897459983826,-0.27971577644348145
0.22917138040065765,-0.41228827834129333,-0.3236709535121918
-0.3010326623916626,-0.33934929966926575,-0.29313230514526367
0.22064822912216187,-0.3915422260761261,-0.27914318442344666
-0.27869322896003723,-0.31806010007858276,-0.2514902651309967
0.11300919204950333,-0.00239654746837914,0.011286613531410694
-0.11295494437217712,0.0017219689907506108,-0.010467181913554668
0.14020009338855743,0.41629791259765625,-0.0007579259690828621
-0.12316711992025375,0.39717742800712585,-0.01764691062271595
0.21590138971805573,0.7581484913825989,0.11828049272298813
-0.1509890854358673,0.7599614858627319,0.10711146146059036
0.22864429652690887,0.802823007106781,0.12181615829467773
-0.1530805230140686,0.8060140013694763,0.11105500906705856
0.2580563426017761,0.8611865639686584,-0.00529742194339633
-0.1713893562555313,0.8644002079963684,-0.020433375611901283
-
0.0004926111432723701,-0.6321597695350647,-0.1592237800359726
0.007589113898575306,-0.6697578430175781,-0.1419716775417328
0.00807714182883501,-0.6701714396476746,-0.14154085516929626
0.007800685241818428,-0.6706664562225342,-0.1412445604801178
-0.026170864701271057,-0.6664240956306458,-0.1421937644481659
-0.025827186182141304,-0.6671891808509827,-0.14303040504455566
-0.02593219466507435,-0.6683791875839233,-0.1421116143465042
0.054885752499103546,-0.6598943471908569,-0.02239695005118847
-0.09655816107988358,-0.6504298448562622,-0.03816043958067894
0.02148134633898735,-0.6088035702705383,-0.11606462299823761
-0.022194616496562958,-0.603497326374054,-0.11912073940038681
0.13976392149925232,-0.46817225217819214,0.05010495334863663
-0.16730740666389465,-0.463331937789917,0.03284937143325806
0.17377100884914398,-0.2665810286998749,-0.040566738694906235
-0.21844376623630524,-0.23202212154865265,-0.02292611449956894
0.22151848673820496,-0.37503352761268616,-0.2718120515346527
-0.2800244390964508,-0.30303534865379333,-0.23963868618011475
0.22070924937725067,-0.38359010219573975,-0.31519681215286255
-0.2851731777191162,-0.3056755065917969,-0.2797415554523468
0.22945472598075867,-0.41241130232810974,-0.3238436281681061
-0.3009903132915497,-0.33929601311683655,-0.2931678593158722
0.22081051766872406,-0.39162227511405945,-0.27933210134506226
-0.27863162755966187,-0.31801727414131165,-0.2515273690223694
0.11301043629646301,-0.0023955481592565775,0.011293767020106316
-0.11295585334300995,0.0017209382494911551,-0.010473566129803658
0.14016573131084442,0.4163079261779785,-0.0007792184478603303
-0.12323681265115738,0.3971518278121948,-0.01772286184132099
0.21606692671775818,0.7581534385681152,0.118157759308815
-0.15134458243846893,0.7599292993545532,0.1069917157292366
0.22884191572666168,0.8028256297111511,0.12167692929506302
-0.15345710515975952,0.8059808611869812,0.11092141270637512
0.25814908742904663,0.8611168265342712,-0.005507445428520441
-0.17159804701805115,0.8643688559532166,-0.020633874461054802
-
0.0005903139826841652,-0.6321660280227661,-0.15911127626895905
0.007720287889242172,-0.6697641611099243,-0.14186841249465942
0.008207771927118301,-0.6701774001121521,-0.14143766462802887
0.007931225001811981,-0.6706722974777222,-0.1411411464214325
-0.026048853993415833,-0.6664361953735352,-0.14209319651126862
-0.02570548839867115,-0.6672014594078064,-0.1429305225610733
-0.025810567662119865,-0.6683910489082336,-0.14201267063617706
0.0550079308450222,-0.6598875522613525,-0.02229342795908451
-0.09647787362337112,-0.6504443287849426,-0.03807826712727547
0.02155626378953457,-0.6088020205497742,-0.11594683676958084
-0.02212507836520672,-0.6035025119781494,-0.11901094019412994
0.1397797018289566,-0.46816349029541016,0.05018332228064537
-0.1672871857881546,-0.4633444547653198,0.03292630612850189
0.1737738996744156,-0.2666087746620178,-0.040550973266363144
-0.21837271749973297,-0.23204633593559265,-0.022924277931451797
0.22164897620677948,-0.3751142919063568,-0.2719065845012665
-0.2799731492996216,-0.3030335605144501,-0.23966364562511444
0.2209206372499466,-0.3837209641933441,-0.31529203057289124
-0.28512322902679443,-0.3056774437427521,-0.2797570526599884
0.22976180911064148,-0.412550151348114,-0.32392987608909607
-0.30097123980522156,-0.3392922580242157,-0.29318973422050476
0.22099001705646515,-0.39171451330184937,-0.2794303894042969
-0.27859586477279663,-0.31801319122314453,-0.2515523433685303
0.11301201581954956,-0.002395205432549119,0.01129754539579153
-0.1129571944475174,0.0017205418553203344,-0.010476509109139442
0.14014221727848053,0.41631433367729187,-0.0007981022354215384
-0.12328800559043884,0.39712637662887573,-0.017796216532588005
0.21627357602119446,0.7581458687782288,0.11806473881006241
-0.15166813135147095,0.7599028944969177,0.10686910897493362
0.22907428443431854,0.802815318107605,0.12157124280929565
-0.15379834175109863,0.8059531450271606,0.11078629642724991
0.25818872451782227,0.8610656261444092,-0.00570597592741251
-0.17178493738174438,0.864339292049408,-0.02084367349743843
-
0.0005926853627897799,-0.6320809721946716,-0.1587255448102951
0.00773758115246892,-0.669685423374176,-0.14149226248264313
0.008224966004490852,-0.6700969338417053,-0.14106233417987823
0.007948365993797779,-0.6705916523933411,-0.14076419174671173
-0.02603635936975479,-0.6663815975189209,-0.14170360565185547
-0.025693101808428764,-0.6671472191810608,-0.1425425112247467
-0.02579832263290882,-0.668335497379303,-0.1416275054216385
0.05502656474709511,-0.6597990989685059,-0.021896667778491974
-0.09648453444242477,-0.6504305005073547,-0.03765144944190979
0.021548347547650337,-0.6087033748626709,-0.11554667353630066
-0.02214233949780464,-0.6034314036369324,-0.11860443651676178
0.13973519206047058,-0.46805912256240845,0.05059278756380081
-0.1673179715871811,-0.46333181858062744,0.03341499716043472
0.1735858917236328,-0.26641514897346497,-0.04029395058751106
-0.21837612986564636,-0.23202568292617798,-0.022590335458517075
0.22166360914707184,-0.37509652972221375,-0.2718603312969208
-0.27994078397750854,-0.3029155433177948,-0.2395043969154358
0.2209601253271103,-0.3837334215641022,-0.3152691423892975
-0.28507110476493835,-0.30555829405784607,-0.27959802746772766
0.22981081902980804,-0.4125697612762451,-0.32389402389526367
-0.3009280562400818,-0.33918246626853943,-0.29303815960884094
0.22102367877960205,-0.3917083144187927,-0.2793852388858795
-0.2785632908344269,-0.31789979338645935,-0.2513866126537323
0.11301183700561523,-0.002395860617980361,0.01129949651658535
-0.11295681446790695,0.0017210808582603931,-0.010477603413164616
0.14009664952754974,0.4163208603858948,-0.0008773257723078132
-0.12337996065616608,0.397091805934906,-0.01790429651737213
0.21633575856685638,0.7581033706665039,0.11798802763223648
-0.15240047872066498,0.7598784565925598,0.1067131906747818
0.22913649678230286,0.8027672171592712,0.12149811536073685
-0.15461209416389465,0.8059279322624207,0.11062382161617279
0.25817450881004333,0.8609843850135803,-0.005893710535019636
-0.17248551547527313,0.8642495274543762,-0.02112267166376114
-
0.0005377226625569165,-0.6320222616195679,-0.1585988998413086
0.007715670857578516,-0.669633686542511,-0.14137032628059387
0.008203037083148956,-0.6700441837310791,-0.14094123244285583
0.007926136255264282,-0.6705392599105835,-0.14064228534698486
-0.02606870047748089,-0.6663442850112915,-0.14156295359134674
-0.02572561986744404,-0.6671103239059448,-0.14240238070487976
-0.025831304490566254,-0.6682977080345154,-0.14148783683776855
0.055034492164850235,-0.6597506403923035,-0.021784018725156784
-0.09652393311262131,-0.6504216194152832,-0.037455640733242035
0.021490633487701416,-0.6086417436599731,-0.11542659252882004
-0.022213373333215714,-0.6033838391304016,-0.11846205592155457
0.1396830528974533,-0.46800193190574646,0.05068488419055939
-0.16736993193626404,-0.46331271529197693,0.03371141850948334
0.17351751029491425,-0.2663540542125702,-0.04023797810077667
-0.21841779351234436,-0.23200683295726776,-0.022360125556588173
0.2216460257768631,-0.37511640787124634,-0.2718242108821869
-0.27994054555892944,-0.3028803765773773,-0.239364892244339
0.22095385193824768,-0.38380593061447144,-0.3152187466621399
-0.28505876660346985,-0.3055407702922821,-0.27944040298461914
0.22983968257904053,-0.41266298294067383,-0.3238295614719391
-0.3009207844734192,-0.3391706347465515,-0.29284802079200745
0.22103023529052734,-0.3917396068572998,-0.27934348583221436
-0.2785630226135254,-0.31787243485450745,-0.25122711062431335
0.1130114197731018,-0.0023962706327438354,0.011293981224298477
-0.11295612901449203,0.0017212415114045143,-0.010470925830304623
0.13998660445213318,0.4163540005683899,-0.000910591334104538
-0.12345342338085175,0.39703455567359924,-0.017929939553141594
0.21635234355926514,0.7580721974372864,0.11795126646757126
-0.15258006751537323,0.7598069906234741,0.10670547187328339
0.22915445268154144,0.8027257919311523,0.1214652881026268
-0.15479855239391327,0.8058540225028992,0.11061562597751617
0.2581877112388611,0.860904335975647,-0.005966539029031992
-0.17268842458724976,0.8641098141670227,-0.021143978461623192
-
0.0004997472860850394,-0.6319409012794495,-0.15849311649799347
0.00770164467394352,-0.669558584690094,-0.14127174019813538
0.008189073763787746,-0.66996830701828,-0.14084354043006897
0.007911852560937405,-0.6704637408256531,-0.14054355025291443
-0.026090078055858612,-0.6662833094596863,-0.14144940674304962
-0.02574707753956318,-0.6670496463775635,-0.14228878915309906
-0.02585318498313427,-0.668236494064331,-0.1413748413324356
0.05504279583692551,-0.65968918800354,-0.02169853448867798
-0.09655068814754486,-0.6504007577896118,-0.03730442002415657
0.021451586857438087,-0.6085637211799622,-0.11532668024301529
-0.022261273115873337,-0.6033188104629517,-0.11834380775690079
0.13964664936065674,-0.4679360091686249,0.05076194182038307
-0.1674043834209442,-0.46329206228256226,0.033955253660678864
0.17343758046627045,-0.2662562131881714,-0.040193554013967514
-0.2184344381093979,-0.23197650909423828,-0.022145649418234825
0.22162100672721863,-0.3751358687877655,-0.2717941105365753
-0.27993109822273254,-0.3028464913368225,-0.2392181009054184
0.22094427049160004,-0.3838792145252228,-0.3151680529117584
-0.2850268483161926,-0.305523544549942,-0.27927055954933167
0.22986489534378052,-0.4127520024776459,-0.32376357913017273
-0.3009004294872284,-0.3391583263874054,-0.29264935851097107
0.22103044390678406,-0.3917700946331024,-0.2793073058128357
-0.2785539925098419,-0.3178454339504242,-0.2510599195957184
0.11301196366548538,-0.0023960890248417854,0.011286432854831219
-0.11295633018016815,0.0017207757337018847,-0.010462037287652493
0.13989444077014923,0.416390985250473,-0.0009490794036537409
-0.1235220655798912,0.3969740867614746,-0.017956016585230827
0.2163683921098709,0.758057713508606,0.11784687638282776
-0.15282468497753143,0.7597229480743408,0.10669158399105072
0.2291724979877472,0.8027057647705078,0.12135907262563705
-0.15506111085414886,0.8057680726051331,0.11060217767953873
0.2581940293312073,0.8608710169792175,-0.00614570826292038
-0.17299491167068481,0.863968551158905,-0.02117680013179779
-
0.0004816566361114383,-0.6319090127944946,-0.15844008326530457
0.007700416259467602,-0.669528603553772,-0.1412205845117569
0.008187767118215561,-0.6699376702308655,-0.14079272747039795
0.007910480722784996,-0.6704332828521729,-0.14049257338047028
-0.02609647437930107,-0.6662628054618835,-0.14138732850551605
-0.02575353905558586,-0.6670292615890503,-0.14222672581672668
-0.025859884917736053,-0.6682155728340149,-0.14131353795528412
0.05505499988794327,-0.6596472263336182,-0.021655546501278877
-0.09655988961458206,-0.6503919363021851,-0.03721139580011368
0.021431956440210342,-0.6085243225097656,-0.11527924984693527
-0.02228710800409317,-0.6032891869544983,-0.11828326433897018
0.1396314948797226,-0.46786874532699585,0.050808437168598175
-0.16741730272769928,-0.4632704257965088,0.03410645201802254
0.17340633273124695,-0.2661759853363037,-0.04016804322600365
-0.2184351533651352,-0.23191997408866882,-0.022049037739634514
0.2216176986694336,-0.3751527667045593,-0.27179211378097534
-0.27987438440322876,-0.3027854263782501,-0.23919056355953217
0.2209472954273224,-0.3839039206504822,-0.3151652216911316
-0.2849334478378296,-0.30548590421676636,-0.2792432904243469
0.22988878190517426,-0.4127888083457947,-0.3237527310848236
-0.3008195161819458,-0.3391265273094177,-0.2926088273525238
0.2210404872894287,-0.39178889989852905,-0.27930277585983276
-0.27849507331848145,-0.3177929222583771,-0.25102493166923523
0.11301235854625702,-0.0023952315095812082,0.01128511130809784
-0.11295641213655472,0.0017196263652294874,-0.01045981701463461
0.13985955715179443,0.4164080023765564,-0.0009918479481711984
-0.12355799973011017,0.39690640568733215,-0.01798461377620697
0.21639354526996613,0.7580369710922241,0.1178225427865982
-0.152939572930336,0.7595971822738647,0.1066979318857193
0.22919923067092896,0.8026795387268066,0.12133195251226425
-0.15518446266651154,0.8056371212005615,0.11061219125986099
0.2582082450389862,0.8608134984970093,-0.0061949933879077435
-0.1731046885251999,0.863762617111206,-0.0211835615336895
-
0.00046670372830703855,-0.6318787932395935,-0.15832477807998657
0.007701001595705748,-0.669497549533844,-0.14110596477985382
0.008188360370695591,-0.6699061393737793,-0.1406785547733307
0.007910963147878647,-0.6704018712043762,-0.14037811756134033
-0.02609952911734581,-0.6662412881851196,-0.14125853776931763
-0.025756588205695152,-0.6670080423355103,-0.14209763705730438
-0.025863267481327057,-0.6681939959526062,-0.14118671417236328
0.055066537111997604,-0.6595956087112427,-0.021566372364759445
-0.09656332433223724,-0.6503785848617554,-0.037059441208839417
0.021415024995803833,-0.608484148979187,-0.11517903208732605
-0.022308005020022392,-0.6032596826553345,-0.11816537380218506
0.13961315155029297,-0.467810720205307,0.0508735366165638
-0.1674259901046753,-0.46325066685676575,0.03424305096268654
0.17339344322681427,-0.2661626636981964,-0.040150366723537445
-0.2185090035200119,-0.23192337155342102,-0.02200598269701004
0.22162538766860962,-0.37516871094703674,-0.2718130648136139
-0.2798523008823395,-0.30282649397850037,-0.23916253447532654
0.22096207737922668,-0.38392677903175354,-0.31518176198005676
-0.28486379981040955,-0.3055882453918457,-0.2792099416255951
0.22991251945495605,-0.41281062364578247,-0.32376179099082947
-0.3007417619228363,-0.3392421007156372,-0.29253438115119934
0.22105559706687927,-0.3918062746524811,-0.2793215811252594
-0.278464674949646,-0.31784459948539734,-0.2509780824184418
0.11301057040691376,-0.0023960883263498545,0.011284537613391876
-0.112954281270504,0.00172021787147969,-0.01045825332403183
0.1397930234670639,0.4164188504219055,-0.001014490844681859
-0.12356029450893402,0.39687177538871765,-0.018043367192149162
0.21640440821647644,0.7580267190933228,0.11771849542856216
-0.1529906541109085,0.7595673203468323,0.10664719343185425
0.22921089828014374,0.8026672601699829,0.12121827900409698
-0.15524843335151672,0.8056081533432007,0.11056166887283325
0.2581203877925873,0.8607880473136902,-0.006426729261875153
-0.17312967777252197,0.8637019991874695,-0.02130502089858055
-
0.0003869790234602988,-0.6318541765213013,-0.15809397399425507
0.0076417806558310986,-0.6694705486297607,-0.1408795863389969
0.008128860034048557,-0.6698787212371826,-0.14045211672782898
0.00785155314952135,-0.6703745126724243,-0.14015159010887146
-0.026158858090639114,-0.6662195920944214,-0.14100362360477448
-0.02581583335995674,-0.666986882686615,-0.1418415904045105
-0.02592339925467968,-0.6681724190711975,-0.14093312621116638
0.05504666641354561,-0.6595466136932373,-0.021425766870379448
-0.09659536927938461,-0.65035080909729,-0.0368022546172142
0.021337661892175674,-0.6084509491920471,-0.11498767137527466
-0.02238311432301998,-0.6032314896583557,-0.1179409921169281
0.13955438137054443,-0.46776676177978516,0.05091611668467522
-0.16745352745056152,-0.46321284770965576,0.0344356968998909
0.17319507896900177,-0.26614856719970703,-0.04013940319418907
-0.21865221858024597,-0.23192830383777618,-0.021937193349003792
0.22151781618595123,-0.37514740228652954,-0.2718234956264496
-0.2798493802547455,-0.3029179573059082,-0.23906126618385315
0.22088828682899475,-0.3839166462421417,-0.3151891827583313
-0.284845232963562,-0.30576348304748535,-0.2790939211845398
0.22987231612205505,-0.4127812385559082,-0.32376769185066223
-0.3007100224494934,-0.3394302725791931,-0.2923360764980316
0.22097784280776978,-0.39177367091178894,-0.2793329060077667
-0.2784580588340759,-0.31795382499694824,-0.25084131956100464
0.11300711333751678,-0.0023948010057210922,0.01128543820232153
-0.11295033991336823,0.0017187579069286585,-0.010458418168127537
0.1397189348936081,0.4164290428161621,-0.001053962972946465
-0.12358225136995316,0.39683595299720764,-0.018099097535014153
0.21630358695983887,0.758000373840332,0.11769212782382965
-0.15308284759521484,0.759513795375824,0.10663314908742905
0.2290998250246048,0.8026345372200012,0.1211920902132988
-0.15535704791545868,0.8055546879768372,0.11055205017328262
0.25798580050468445,0.860728919506073,-0.0064625488594174385
-0.1731816530227661,0.8636435270309448,-0.021333355456590652
-
0.0003345554578118026,-0.63181471824646,-0.1580093950033188
0.007610207889229059,-0.6694279313087463,-0.14080484211444855
0.008097147569060326,-0.6698359251022339,-0.14037737250328064
0.007819846272468567,-0.6703315377235413,-0.14007671177387238
-0.02619093842804432,-0.6661854982376099,-0.14090873301029205
-0.025847915560007095,-0.6669532060623169,-0.14174626767635345
-0.0259560476988554,-0.668138325214386,-0.14083926379680634
0.055046577006578445,-0.65948486328125,-0.021395934745669365
-0.09660498797893524,-0.6503238677978516,-0.03669758141040802
0.021290035918354988,-0.608403742313385,-0.11492498964071274
-0.022429397329688072,-0.6031935214996338,-0.11785407364368439
0.1395331174135208,-0.4677099585533142,0.05095016583800316
-0.16747121512889862,-0.4631839394569397,0.03452511876821518
0.1730283945798874,-0.2660980820655823,-0.040169037878513336
-0.21871638298034668,-0.23192571103572845,-0.021890932694077492
0.2214197814464569,-0.37509870529174805,-0.27192720770835876
-0.27984464168548584,-0.3029498755931854,-0.23901382088661194
0.22081692516803741,-0.383888840675354,-0.3152763843536377
-0.28482553362846375,-0.305844247341156,-0.2790399193763733
0.22984369099140167,-0.4127407968044281,-0.3238574266433716
-0.30068835616111755,-0.33952558040618896,-0.2922482192516327
0.22090935707092285,-0.3917190432548523,-0.27944064140319824
-0.27844998240470886,-0.31799793243408203,-0.2507774233818054
0.11300621926784515,-0.0023935441859066486,0.011284326203167439
-0.1129491925239563,0.0017172624357044697,-0.010456450283527374
0.1396857649087906,0.41643789410591125,-0.0010891786077991128
-0.12359420210123062,0.3967999219894409,-0.01815646141767502
0.21628393232822418,0.7579765915870667,0.11767035722732544
-0.1531660258769989,0.7594742774963379,0.106601782143116
0.22907720506191254,0.8026068806648254,0.12116919457912445
-0.15545743703842163,0.8055169582366943,0.11052395403385162
0.25793322920799255,0.8606858849525452,-0.006489288527518511
-0.17326009273529053,0.8635945916175842,-0.021395666524767876
-
0.0002978236589115113,-0.6318032741546631,-0.15797220170497894
0.007583683356642723,-0.6694138646125793,-0.14076688885688782
0.008070558309555054,-0.6698219180107117,-0.1403394490480423
0.007793357130140066,-0.6703172922134399,-0.14003878831863403
-0.026215825229883194,-0.6661748290061951,-0.14087249338626862
-0.025872735306620598,-0.6669424772262573,-0.141710102558136
-0.02598133124411106,-0.6681274771690369,-0.1408029943704605
0.05505009740591049,-0.6594512462615967,-0.021382872015237808
-0.09660662710666656,-0.6503065228462219,-0.0366654135286808
0.021265588700771332,-0.6083856821060181,-0.11488934606313705
-0.022451341152191162,-0.6031786203384399,-0.11781715601682663
0.13953377306461334,-0.4676762521266937,0.050896234810352325
-0.16748689115047455,-0.4631475508213043,0.03456544876098633
0.1728372573852539,-0.2659291923046112,-0.04029401019215584
-0.2187807261943817,-0.23188665509223938,-0.021819734945893288
0.22116313874721527,-0.37432724237442017,-0.2723703384399414
-0.27983543276786804,-0.3029520809650421,-0.2389765828847885
0.2205611765384674,-0.3829694092273712,-0.3157092332839966
-0.28478899598121643,-0.30587509274482727,-0.27900829911231995
0.22964692115783691,-0.4117751121520996,-0.32436272501945496
-0.3006631135940552,-0.33959469199180603,-0.2921961843967438
0.2206820696592331,-0.3908978998661041,-0.279907763004303
-0.2784369885921478,-0.3180121183395386,-0.25072866678237915
0.11300966888666153,-0.002391438465565443,0.011276155710220337
-0.11295229196548462,0.0017147352918982506,-0.01044696569442749
0.1396225243806839,0.4164470136165619,-0.001130590564571321
-0.12360958009958267,0.3967474400997162,-0.01819349080324173
0.2162790298461914,0.7579556107521057,0.11762949824333191
-0.15323838591575623,0.7593973875045776,0.10659313201904297
0.2290746569633484,0.8025806546211243,0.12112683057785034
-0.15553800761699677,0.8054394721984863,0.11051570624113083
0.2579176723957062,0.8606362342834473,-0.006565752439200878
-0.17329861223697662,0.8635216355323792,-0.02143045887351036
-
0.0002766616235021502,-0.631799578666687,-0.15797892212867737
0.007570373825728893,-0.6694090366363525,-0.14078380167484283
0.008057419210672379,-0.6698170900344849,-0.14035657048225403
0.007780158892273903,-0.6703123450279236,-0.14005601406097412
-0.026229042559862137,-0.6661735773086548,-0.1408742219209671
-0.025885889306664467,-0.6669411659240723,-0.14171241223812103
-0.02599480375647545,-0.6681260466575623,-0.14080607891082764
0.05505562946200371,-0.6594386100769043,-0.021474182605743408
-0.09660591185092926,-0.6503056883811951,-0.03665928542613983
0.021251961588859558,-0.6083775162696838,-0.11491726338863373
-0.022464394569396973,-0.6031739115715027,-0.11781949549913406
0.139534592628479,-0.46766355633735657,0.05073891580104828
-0.16750270128250122,-0.46313926577568054,0.03459208458662033
0.17264610528945923,-0.2657817304134369,-0.04046984389424324
-0.21883660554885864,-0.23188237845897675,-0.021824903786182404
0.22095303237438202,-0.37368470430374146,-0.2729000151157379
-0.27981358766555786,-0.3029802143573761,-0.2390839159488678
0.22036251425743103,-0.3822237253189087,-0.3162373900413513
-0.28473564982414246,-0.30595633387565613,-0.2791472375392914
0.22950080037117004,-0.4109855890274048,-0.32498952746391296
-0.3006107807159424,-0.3397355079650879,-0.2922903895378113
0.2205004245042801,-0.39021560549736023,-0.2804703414440155
-0.27840596437454224,-0.31806573271751404,-0.25081881880760193
0.1130150780081749,-0.002390592824667692,0.011269614100456238
-0.11295725405216217,0.0017134073423221707,-0.01043907180428505
0.13953912258148193,0.4164544641971588,-0.001198205747641623
-0.12362215667963028,0.3967108726501465,-0.018244314938783646
0.2161737084388733,0.7579122185707092,0.11760374903678894
-0.15326227247714996,0.7593361735343933,0.10658090561628342
0.22896228730678558,0.8025304079055786,0.12110404670238495
-0.1555582731962204,0.805377721786499,0.11050482839345932
0.25779688358306885,0.8606109023094177,-0.006593152415007353
-0.17331114411354065,0.8634723424911499,-0.021456528455018997
-
0.00027332702302373946,-0.6317983269691467,-0.15795467793941498
0.0075737047009170055,-0.6694060564041138,-0.14076076447963715
0.008060771971940994,-0.6698141694068909,-0.14033356308937073
0.007783515378832817,-0.6703092455863953,-0.1400330364704132
-0.026226436719298363,-0.6661751866340637,-0.14084820449352264
-0.025883249938488007,-0.666942834854126,-0.14168648421764374
-0.02599240653216839,-0.6681275367736816,-0.14078043401241302
0.05507775768637657,-0.6594250202178955,-0.021470312029123306
-0.09658988565206528,-0.6503064036369324,-0.03663221374154091
0.021249420940876007,-0.6083704233169556,-0.11489839106798172
-0.022467918694019318,-0.6031709909439087,-0.11779466271400452
0.13954119384288788,-0.4676482677459717,0.05071138218045235
-0.1675093024969101,-0.4631315767765045,0.034621190279722214
0.17258040606975555,-0.26571768522262573,-0.04053094610571861
-0.21884913742542267,-0.2318793684244156,-0.021816285327076912
0.2209019809961319,-0.37340590357780457,-0.2731248736381531
-0.27978694438934326,-0.3029841184616089,-0.23911863565444946
0.22032372653484344,-0.38190820813179016,-0.31646832823753357
-0.2846944332122803,-0.3059803545475006,-0.2791927754878998
0.22947874665260315,-0.4106551706790924,-0.32525670528411865
-0.30057036876678467,-0.33977386355400085,-0.2923180162906647
0.22046047449111938,-0.38991957902908325,-0.28071072697639465
-0.2783738076686859,-0.3180760145187378,-0.25084584951400757
0.11301805824041367,-0.002388833789154887,0.011266653425991535
-0.11295982450246811,0.0017111459746956825,-0.010435006581246853
0.13948281109333038,0.4164605736732483,-0.0012916651321575046
-0.12362245470285416,0.39666345715522766,-0.01834222301840782
0.21609127521514893,0.7578882575035095,0.11755570024251938
-0.15328514575958252,0.7592585682868958,0.10654257237911224
0.22887223958969116,0.8025038242340088,0.12105908244848251
-0.15558025240898132,0.8052995800971985,0.11047038435935974
0.25769612193107605,0.8605879545211792,-0.006645797751843929
-0.1733240783214569,0.8633804321289062,-0.021528875455260277
-
0.000272266857791692,-0.6318100690841675,-0.157937154173851
0.007581295911222696,-0.6694137454032898,-0.14074388146400452
0.008068419061601162,-0.6698219776153564,-0.14031673967838287
0.00779120996594429,-0.6703168749809265,-0.14001630246639252
-0.026219913735985756,-0.6661912202835083,-0.1408272683620453
-0.025876622647047043,-0.6669589281082153,-0.14166568219661713
-0.025986067950725555,-0.6681435108184814,-0.14076009392738342
0.05510542169213295,-0.659413754940033,-0.021475335583090782
-0.09656922519207001,-0.6503149271011353,-0.03660980239510536
0.02124873176217079,-0.6083697080612183,-0.11488942801952362
-0.022469617426395416,-0.6031777262687683,-0.11777745187282562
0.13954515755176544,-0.4676262140274048,0.050659310072660446
-0.16751644015312195,-0.46312421560287476,0.03464702144265175
0.17250247299671173,-0.2656742334365845,-0.040588151663541794
-0.21890151500701904,-0.23187820613384247,-0.021816613152623177
0.22082124650478363,-0.3731726109981537,-0.2732696533203125
-0.27978044748306274,-0.3029862940311432,-0.23915314674377441
0.22025223076343536,-0.38164034485816956,-0.3166206479072571
-0.28467974066734314,-0.30600079894065857,-0.2792356610298157
0.22942638397216797,-0.4103875756263733,-0.32544106245040894
-0.3005498945713043,-0.3398093581199646,-0.2923401892185211
0.220391646027565,-0.3896740972995758,-0.28086838126182556
-0.27836310863494873,-0.3180842697620392,-0.2508709132671356
0.11301971971988678,-0.0023874968755990267,0.011264784261584282
-0.11296111345291138,0.0017093239584937692,-0.01043221727013588
0.1394253969192505,0.4164627492427826,-0.0013620409881696105
-0.1236119195818901,0.3966270089149475,-0.01842402294278145
0.21602129936218262,0.7578744888305664,0.11752588301897049
-0.15325863659381866,0.7591951489448547,0.10652108490467072
0.2287987321615219,0.8024885058403015,0.12103193998336792
-0.1555442363023758,0.8052342534065247,0.1104523092508316
0.2576308250427246,0.8605666160583496,-0.0066760326735675335
-0.17321878671646118,0.8633195757865906,-0.021575627848505974
-
0.0002899977844208479,-0.6318067908287048,-0.15795372426509857
0.007612616755068302,-0.6694095134735107,-0.1407647728919983
0.008099754340946674,-0.6698178052902222,-0.14033767580986023
0.007822469808161259,-0.6703127026557922,-0.14003747701644897
-0.026191482320427895,-0.6661905646324158,-0.14084523916244507
-0.025848137214779854,-0.6669583916664124,-0.14168381690979004
-0.025957977399230003,-0.6681429147720337,-0.14077864587306976
0.05515265837311745,-0.6594006419181824,-0.02151043713092804
-0.09653912484645844,-0.6503177881240845,-0.03663021698594093
0.021264102309942245,-0.6083627939224243,-0.11490939557552338
-0.022456888109445572,-0.6031744480133057,-0.11779319494962692
0.13956120610237122,-0.4675976634025574,0.05065130814909935
-0.16751493513584137,-0.46311959624290466,0.03463540971279144
0.17249532043933868,-0.265632688999176,-0.04057160019874573
-0.21890483796596527,-0.2318398654460907,-0.021823234856128693
0.2209535539150238,-0.3731856048107147,-0.2732377350330353
-0.2797592878341675,-0.3028649091720581,-0.2391524463891983
0.22044046223163605,-0.3816889822483063,-0.3165740966796875
-0.2846601903438568,-0.30589309334754944,-0.2792280912399292
0.22968463599681854,-0.4104560613632202,-0.32539650797843933
-0.3005354404449463,-0.33969417214393616,-0.2923336327075958
0.22056007385253906,-0.38969725370407104,-0.28084003925323486
-0.27834489941596985,-0.31796571612358093,-0.2508687674999237
0.11302115023136139,-0.0023866412229835987,0.011268392205238342
-0.1129622757434845,0.0017080852994695306,-0.010434775613248348
0.13939809799194336,0.41646650433540344,-0.0013810860691592097
-0.12355995178222656,0.39660102128982544,-0.0184968002140522
0.21601621806621552,0.7578827142715454,0.11745727062225342
-0.1530631184577942,0.7591660022735596,0.10646698623895645
0.22879362106323242,0.8024967312812805,0.12095861881971359
-0.15532459318637848,0.8052046298980713,0.11039794981479645
0.2576448917388916,0.8605477809906006,-0.006731606554239988
-0.1729913204908371,0.8632856011390686,-0.021652860566973686
-
0.0003333123167976737,-0.6318738460540771,-0.1580774188041687
0.0076846168376505375,-0.6694673299789429,-0.14089512825012207
0.008171649649739265,-0.6698765158653259,-0.14046776294708252
0.007894319482147694,-0.6703709959983826,-0.14016832411289215
-0.02612077258527279,-0.6662699580192566,-0.14096534252166748
-0.025777777656912804,-0.6670381426811218,-0.14180496335029602
-0.02588738687336445,-0.6682221293449402,-0.14089956879615784
0.05525939539074898,-0.659412145614624,-0.021677784621715546
-0.09644924849271774,-0.6504072546958923,-0.036761220544576645
0.021300796419382095,-0.6084060072898865,-0.1150442436337471
-0.022421803325414658,-0.6032413840293884,-0.11791814118623734
0.13961711525917053,-0.46758535504341125,0.05048903077840805
-0.16750527918338776,-0.4631580114364624,0.03452151641249657
0.172560453414917,-0.2656177878379822,-0.04074319452047348
-0.21881535649299622,-0.23180243372917175,-0.021959912031888962
0.22116637229919434,-0.37325966358184814,-0.27357661724090576
-0.2795466482639313,-0.30247530341148376,-0.23933428525924683
0.22068390250205994,-0.3818448781967163,-0.3168717622756958
-0.2844248414039612,-0.30540192127227783,-0.2793785035610199
0.23002371191978455,-0.41065940260887146,-0.32568275928497314
-0.30032920837402344,-0.3391890823841095,-0.29251089692115784
0.22081996500492096,-0.38980433344841003,-0.2811826169490814
-0.27813684940338135,-0.3175601661205292,-0.2510521113872528
0.11302415281534195,-0.002383949002251029,0.01126852910965681
-0.11296530067920685,0.0017049660673364997,-0.010434446856379509
0.1393788903951645,0.41646531224250793,-0.0014019384980201721
-0.12352661788463593,0.39655670523643494,-0.018517620861530304
0.21601273119449615,0.7578665018081665,0.11744008213281631
-0.15294592082500458,0.7590827941894531,0.10648928582668304
0.2287905216217041,0.8024800419807434,0.12094318866729736
-0.1552029252052307,0.805120050907135,0.1104247123003006
0.25770944356918335,0.860519528388977,-0.006719836965203285
-0.17293348908424377,0.8631933927536011,-0.021624920889735222
-
0.00044150379835627973,-0.6319544315338135,-0.15808503329753876
0.007844021543860435,-0.6695356965065002,-0.14090582728385925
0.008330280892550945,-0.669945478439331,-0.14047832787036896
0.008052662014961243,-0.6704398989677429,-0.14017926156520844
-0.025960350409150124,-0.6663643717765808,-0.14097099006175995
-0.02561776340007782,-0.6671338081359863,-0.141810804605484
-0.025727197527885437,-0.6683171391487122,-0.14090542495250702
0.055464573204517365,-0.6594278812408447,-0.02170559950172901
-0.09624815732240677,-0.6505141854286194,-0.036775197833776474
0.02139228954911232,-0.6084589958190918,-0.1150570809841156
-0.02232649177312851,-0.6033231616020203,-0.11792880296707153
0.13970190286636353,-0.4675573706626892,0.050449348986148834
-0.16742587089538574,-0.4632274806499481,0.034491825848817825
0.1727031171321869,-0.26559144258499146,-0.04075852781534195
-0.21849890053272247,-0.23171372711658478,-0.02197900414466858
0.22154992818832397,-0.37374261021614075,-0.27356135845184326
-0.27899160981178284,-0.30163872241973877,-0.23932673037052155
0.2211119383573532,-0.38267987966537476,-0.3168189823627472
-0.28384527564048767,-0.30430951714515686,-0.2793334126472473
0.23061548173427582,-0.41167354583740234,-0.32559898495674133
-0.29977402091026306,-0.3379671573638916,-0.29248833656311035
0.2212923765182495,-0.39042147994041443,-0.28116098046302795
-0.27758893370628357,-0.31664276123046875,-0.2510431408882141
0.1130240261554718,-0.0023815950844436884,0.011267025955021381
-0.11296536773443222,0.0017022398533299565,-0.010432622395455837
0.13939115405082703,0.41643834114074707,-0.0014228816144168377
-0.12336138635873795,0.3965179920196533,-0.018572600558400154
0.2160731554031372,0.7578179836273193,0.11742822825908661
-0.15255869925022125,0.7590176463127136,0.1064799576997757
0.2288561761379242,0.8024300336837769,0.12093407660722733
-0.15479333698749542,0.8050497770309448,0.11041693389415741
0.25788477063179016,0.8604408502578735,-0.0066947294399142265
-0.17252051830291748,0.8631198406219482,-0.02163730561733246
-
0.0005707480013370514,-0.6320539712905884,-0.15817567706108093
0.008002621121704578,-0.6696236729621887,-0.1409977525472641
0.008488750085234642,-0.6700342297554016,-0.1405700445175171
0.008210588246583939,-0.6705287098884583,-0.1402711719274521
-0.025802096351981163,-0.6664661765098572,-0.1410527229309082
-0.025459758937358856,-0.667236328125,-0.14189307391643524
-0.025568842887878418,-0.6684190630912781,-0.14098739624023438
0.05567050352692604,-0.6594609022140503,-0.021818362176418304
-0.09605225175619125,-0.6505951881408691,-0.03685677424073219
0.021519670262932777,-0.6085324287414551,-0.11515603959560394
-0.022198474034667015,-0.603412926197052,-0.11802037805318832
0.13987798988819122,-0.46753063797950745,0.05036619305610657
-0.16731467843055725,-0.4632675349712372,0.034386906772851944
0.17297782003879547,-0.26553842425346375,-0.04082849994301796
-0.21808980405330658,-0.23156188428401947,-0.02203848771750927
0.22198137640953064,-0.3741055727005005,-0.27364009618759155
-0.2783953845500946,-0.3008165657520294,-0.239353209733963
0.22154732048511505,-0.38329949975013733,-0.31687143445014954
-0.2832123041152954,-0.30326396226882935,-0.2793402075767517
0.23117826879024506,-0.41244423389434814,-0.3256251811981201
-0.29920756816864014,-0.3368537127971649,-0.2925097644329071
0.22178125381469727,-0.39089909195899963,-0.2812272608280182
-0.2770114243030548,-0.3157641291618347,-0.25107014179229736
0.11302616447210312,-0.002378826728090644,0.011267079971730709
-0.11296774446964264,0.0016990873264148831,-0.010432369075715542
0.1393844485282898,0.4164324700832367,-0.0014389216667041183
-0.12308669090270996,0.3964862525463104,-0.018595213070511818
0.21617716550827026,0.7577965259552002,0.11741498857736588
-0.15210644900798798,0.7589660882949829,0.10650262236595154
0.22898148000240326,0.80240797996521,0.12092167884111404
-0.15433025360107422,0.8049961924552917,0.11044540256261826
0.2581239342689514,0.8603816032409668,-0.006692905910313129
-0.1721160113811493,0.8630683422088623,-0.02160784974694252
-
0.0007478549960069358,-0.632092297077179,-0.15873052179813385
0.008197483606636524,-0.6696590185165405,-0.14158572256565094
0.00868349801748991,-0.6700700521469116,-0.14115722477436066
0.008404158987104893,-0.6705648899078369,-0.1408597081899643
-0.025608370080590248,-0.6665065288543701,-0.14161860942840576
-0.025266030803322792,-0.6672770380973816,-0.14246095716953278
-0.0253747571259737,-0.6684596538543701,-0.1415543258190155
0.05591031536459923,-0.6594862937927246,-0.02242591790854931
-0.09582670032978058,-0.6506417393684387,-0.03739797696471214
0.02170105278491974,-0.6085692048072815,-0.1156981810927391
-0.022018520161509514,-0.6034555435180664,-0.11854462325572968
0.1401376575231552,-0.4674876630306244,0.050040800124406815
-0.16713613271713257,-0.46332570910453796,0.03392108529806137
0.17333883047103882,-0.26540419459342957,-0.04101662337779999
-0.21760210394859314,-0.23146797716617584,-0.022468063980340958
0.22251884639263153,-0.3748633861541748,-0.27383020520210266
-0.2777317464351654,-0.30064621567726135,-0.23987193405628204
0.2220577895641327,-0.3845619559288025,-0.31703537702560425
-0.2825334966182709,-0.3030768632888794,-0.279812216758728
0.23187942802906036,-0.41393861174583435,-0.3257296085357666
-0.2986066937446594,-0.33664458990097046,-0.29301369190216064
0.22239680588245392,-0.39186832308769226,-0.2813897132873535
-0.2763727307319641,-0.3155864477157593,-0.2515908479690552
0.1130293756723404,-0.0023736818693578243,0.011278961785137653
-0.11297120153903961,0.0016934368759393692,-0.010443988256156445
0.13941730558872223,0.41642501950263977,-0.001448204624466598
-0.12272381037473679,0.39646080136299133,-0.018617363646626472
0.21626821160316467,0.7577418088912964,0.1174868568778038
-0.15147246420383453,0.7588945031166077,0.10663659870624542
0.22908440232276917,0.8023492097854614,0.12100362777709961
-0.15367762744426727,0.8049232959747314,0.11059949547052383
0.25837042927742004,0.8602849245071411,-0.006550970487296581
-0.17158213257789612,0.8630080223083496,-0.02146344631910324
-
0.0009944933699443936,-0.6321170926094055,-0.15873514115810394
0.00846126303076744,-0.6696797609329224,-0.14159348607063293
0.008946314454078674,-0.6700906157493591,-0.1411648988723755
0.008665801025927067,-0.6705857515335083,-0.14086738228797913
-0.025341009721159935,-0.6665299534797668,-0.1416226327419281
-0.02499893680214882,-0.6673011779785156,-0.14246498048305511
-0.025107627734541893,-0.668483555316925,-0.14155851304531097
0.05621291324496269,-0.6594905853271484,-0.02244071662425995
-0.09550613909959793,-0.6506554484367371,-0.03740115091204643
0.02195209078490734,-0.6085861921310425,-0.11570361256599426
-0.021757742390036583,-0.6034756898880005,-0.1185479462146759
0.14041602611541748,-0.46741995215415955,0.0500425361096859
-0.1668117195367813,-0.46335139870643616,0.03392048180103302
0.174050971865654,-0.2653040587902069,-0.040994301438331604
-0.2171085923910141,-0.23130327463150024,-0.02245674841105938
0.22331026196479797,-0.3757258653640747,-0.2737254500389099
-0.2771708369255066,-0.30041059851646423,-0.239800363779068
0.22278229892253876,-0.38587939739227295,-0.3169102072715759
-0.2819560766220093,-0.30282527208328247,-0.27968719601631165
0.23267590999603271,-0.4154691696166992,-0.32549574971199036
-0.29810523986816406,-0.33632227778434753,-0.29289695620536804
0.2232264280319214,-0.39292237162590027,-0.28124552965164185
-0.27583736181259155,-0.3153206408023834,-0.25150880217552185
0.11302686482667923,-0.0023699989542365074,0.011283683590590954
-0.11296909302473068,0.0016895078588277102,-0.010448670014739037
0.13948959112167358,0.4164031147956848,-0.0014569689519703388
-0.12205477058887482,0.3964332342147827,-0.018651790916919708
0.216471329331398,0.7577317953109741,0.1174650490283966
-0.1508786529302597,0.7588655948638916,0.10663161426782608
0.2292942851781845,0.8023391366004944,0.12097768485546112
-0.15310288965702057,0.8048939108848572,0.11059612780809402
0.2585035264492035,0.8602452278137207,-0.006580844521522522
-0.17105205357074738,0.8629617094993591,-0.021472783759236336
-
0.001253348309546709,-0.6322000026702881,-0.1587398201227188
0.008696144446730614,-0.669756293296814,-0.14159947633743286
0.009179969318211079,-0.6701666116714478,-0.14117074012756348
0.008898748084902763,-0.6706622838973999,-0.14087320864200592
-0.025097891688346863,-0.6666006445884705,-0.14162716269493103
-0.024755943566560745,-0.6673732995986938,-0.14246942102909088
-0.024864571169018745,-0.6685550808906555,-0.14156316220760345
0.05643709376454353,-0.6595275402069092,-0.022449428215622902
-0.09524447470903397,-0.6506763100624084,-0.037408340722322464
0.022213589400053024,-0.6086507439613342,-0.11570785939693451
-0.02148119919002056,-0.6035333871841431,-0.11855217069387436
0.14071208238601685,-0.4673997461795807,0.05005383864045143
-0.16653046011924744,-0.4633862376213074,0.03391663357615471
0.1747625768184662,-0.26525282859802246,-0.04094792157411575
-0.21678034961223602,-0.2311951071023941,-0.02245440147817135
0.22399242222309113,-0.3764101564884186,-0.27368804812431335
-0.27671900391578674,-0.3002018928527832,-0.2397652119398117
0.22336207330226898,-0.3868245482444763,-0.3168867826461792
-0.2814747095108032,-0.3025680184364319,-0.27962884306907654
0.23324750363826752,-0.4165865182876587,-0.3254232704639435
-0.2976713180541992,-0.3360070288181305,-0.2928432822227478
0.2239028662443161,-0.39375001192092896,-0.2811879813671112
-0.27538949251174927,-0.3150799870491028,-0.2514675259590149
0.11302517354488373,-0.002363717183470726,0.011296593584120274
-0.11296767741441727,0.001683074631728232,-0.010461881756782532
0.13960453867912292,0.41637763381004333,-0.0014676033752039075
-0.12164535373449326,0.3963964283466339,-0.018692482262849808
0.21665383875370026,0.7577235102653503,0.11744630336761475
-0.15068410336971283,0.7588397264480591,0.10662945359945297
0.22948412597179413,0.8023306131362915,0.12095605581998825
-0.15293365716934204,0.8048675656318665,0.11059556156396866
0.25871747732162476,0.8601828217506409,-0.006597782485187054
-0.1709343045949936,0.8628986477851868,-0.021477075293660164
-
0.0015433153603225946,-0.6322727799415588,-0.15893952548503876
0.008939597755670547,-0.669826090335846,-0.14181606471538544
0.009422517381608486,-0.6702362895011902,-0.14138631522655487
0.009140260517597198,-0.6707326173782349,-0.14108891785144806
-0.024843892082571983,-0.6666601300239563,-0.14184607565402985
-0.02450205571949482,-0.6674337387084961,-0.14268800616264343
-0.024610400199890137,-0.668615460395813,-0.14178086817264557
0.05664631351828575,-0.6595841646194458,-0.022657085210084915
-0.09499465674161911,-0.6506984829902649,-0.037645645439624786
0.022506970912218094,-0.6087200045585632,-0.11588694900274277
-0.02117365226149559,-0.6035894155502319,-0.11873962730169296
0.14103882014751434,-0.46738484501838684,0.05002186447381973
-0.16623999178409576,-0.4634573757648468,0.033757392317056656
0.17547453939914703,-0.26510435342788696,-0.040935859084129333
-0.2164866328239441,-0.2311324179172516,-0.022603899240493774
0.22489534318447113,-0.3769904375076294,-0.27369174361228943
-0.27629154920578003,-0.3001422882080078,-0.23989371955394745
0.22417955100536346,-0.38767555356025696,-0.3168945610523224
-0.2810192108154297,-0.30248984694480896,-0.2797352969646454
0.23409929871559143,-0.41759100556373596,-0.32541903853416443
-0.2972458004951477,-0.33589857816696167,-0.292946457862854
0.22482268512248993,-0.39447036385536194,-0.281185507774353
-0.27495503425598145,-0.31500378251075745,-0.2515881061553955
0.113025963306427,-0.002355806063860655,0.011322864331305027
-0.11296863108873367,0.0016750067006796598,-0.010488509200513363
0.13979798555374146,0.4163750410079956,-0.0014563233125954866
-0.12125246226787567,0.3963747024536133,-0.018713464960455894
0.21683728694915771,0.757738471031189,0.11743904650211334
-0.15031017363071442,0.7588159441947937,0.10664442926645279
0.22966709733009338,0.8023486733436584,0.1209472194314003
-0.15258587896823883,0.8048437237739563,0.11061364412307739
0.25900405645370483,0.8601619005203247,-0.006602818612009287
-0.17077228426933289,0.8628606796264648,-0.021457603201270103
-
0.0016129554715007544,-0.6323112845420837,-0.15919096767902374
0.008981713093817234,-0.6698694825172424,-0.14208413660526276
0.00946446880698204,-0.6702793836593628,-0.14165383577346802
0.009181676432490349,-0.6707766056060791,-0.14135655760765076
-0.024799974635243416,-0.6666913628578186,-0.14211443066596985
-0.024458112195134163,-0.6674657464027405,-0.14295555651187897
-0.024566534906625748,-0.6686476469039917,-0.14204691350460052
0.056681279093027115,-0.6596512794494629,-0.022885393351316452
-0.09495633095502853,-0.650712251663208,-0.03789227828383446
0.02258663810789585,-0.6087692379951477,-0.11610587686300278
-0.021093081682920456,-0.6036214828491211,-0.11896245926618576
0.14116829633712769,-0.46737197041511536,0.05000178888440132
-0.16611509025096893,-0.4635361135005951,0.03363646939396858
0.1759222149848938,-0.2649363577365875,-0.04086361825466156
-0.21639524400234222,-0.2311173379421234,-0.02274242229759693
0.2256597876548767,-0.3774584233760834,-0.2735821008682251
-0.27611684799194336,-0.3001362979412079,-0.24007029831409454
0.2248990833759308,-0.38834792375564575,-0.3168111741542816
-0.2808295786380768,-0.3024858236312866,-0.27989935874938965
0.23486052453517914,-0.41838279366493225,-0.3253048062324524
-0.2970379889011383,-0.3358868360519409,-0.2930886447429657
0.22561469674110413,-0.3950447738170624,-0.2810565233230591
-0.2747608721256256,-0.3149959146976471,-0.2517540752887726
0.11302660405635834,-0.0023478695657104254,0.011351755820214748
-0.11296926438808441,0.0016667861491441727,-0.010517210699617863
0.13995809853076935,0.4163803160190582,-0.0014041663380339742
-0.12103114277124405,0.3963525593280792,-0.018730705603957176
0.21688427031040192,0.7577722072601318,0.11748459935188293
-0.150090292096138,0.7587956190109253,0.10668952763080597
0.22970646619796753,0.8023874163627625,0.12098979949951172
-0.15238216519355774,0.8048239350318909,0.11066357791423798
0.2591453194618225,0.8601515889167786,-0.0065476009622216225
-0.1707303673028946,0.8628212213516235,-0.021411176770925522
-
0.0016460696933791041,-0.6323807239532471,-0.15922009944915771
0.009004664607346058,-0.6699447631835938,-0.1421121507883072
0.009487048722803593,-0.6703535318374634,-0.14168140292167664
0.009204060770571232,-0.6708522439002991,-0.14138463139533997
-0.024778766557574272,-0.6667561531066895,-0.1421414464712143
-0.02443694695830345,-0.667532205581665,-0.14298227429389954
-0.02454543486237526,-0.6687138676643372,-0.14207373559474945
0.05670252442359924,-0.659729540348053,-0.02290130779147148
-0.09493804723024368,-0.6507385969161987,-0.03791309520602226
0.022620204836130142,-0.6088382005691528,-0.11612936109304428
-0.021062202751636505,-0.6036736965179443,-0.11898835003376007
0.14122319221496582,-0.46735939383506775,0.05004214867949486
-0.16603189706802368,-0.463573694229126,0.03360889479517937
0.17655043303966522,-0.2649024724960327,-0.04075350612401962
-0.21638816595077515,-0.2311290204524994,-0.022838903591036797
0.22635719180107117,-0.37802913784980774,-0.2732903063297272
-0.27610281109809875,-0.3006286025047302,-0.24010728299617767
0.22552163898944855,-0.3891300857067108,-0.31653323769569397
-0.28081655502319336,-0.30323538184165955,-0.2799195647239685
0.23545008897781372,-0.4192105829715729,-0.3249179422855377
-0.29702216386795044,-0.3365294635295868,-0.29309096932411194
0.2262956202030182,-0.3956805467605591,-0.28071340918540955
-0.274745911359787,-0.3154890835285187,-0.2517775595188141
0.11301867663860321,-0.002339201746508479,0.011392347514629364
-0.11296118795871735,0.001658203429542482,-0.010558422654867172
0.14001984894275665,0.4163629114627838,-0.0013094214955344796
-0.12090668827295303,0.3963255286216736,-0.018747763708233833
0.21689099073410034,0.7577756643295288,0.11754105240106583
-0.15000230073928833,0.7587649822235107,0.10670359432697296
0.22971102595329285,0.8023903369903564,0.12104084342718124
-0.15229487419128418,0.8047894835472107,0.11068163067102432
0.25919556617736816,0.8600584268569946,-0.006494263187050819
-0.17055772244930267,0.8627545833587646,-0.021408269181847572
-
0.001742250402458012,-0.6324368119239807,-0.1596643030643463
0.009075433015823364,-0.6700129508972168,-0.1425565779209137
0.009557449258863926,-0.6704205274581909,-0.14212395250797272
0.009273925796151161,-0.6709209084510803,-0.14182956516742706
-0.02471405453979969,-0.6668115258216858,-0.1425938457250595
-0.024372022598981857,-0.6675885915756226,-0.14343497157096863
-0.024480467662215233,-0.6687703132629395,-0.14252585172653198
0.05675814673304558,-0.6598454713821411,-0.02323935367166996
-0.09490644931793213,-0.6507754325866699,-0.03829926997423172
0.02271691896021366,-0.6089100241661072,-0.11653018742799759
-0.020974157378077507,-0.6037232279777527,-0.11940331012010574
0.14132241904735565,-0.4673507809638977,0.04999600350856781
-0.16591519117355347,-0.4636244773864746,0.03335762396454811
0.17716188728809357,-0.26480594277381897,-0.04073021188378334
-0.21638432145118713,-0.23113349080085754,-0.02327849715948105
0.22717663645744324,-0.3784424066543579,-0.2732324004173279
-0.276089072227478,-0.30139586329460144,-0.24061352014541626
0.22629347443580627,-0.3897235691547394,-0.31649112701416016
-0.2808016240596771,-0.3043850064277649,-0.280414879322052
0.2362585961818695,-0.41984257102012634,-0.324849009513855
-0.29700538516044617,-0.33765310049057007,-0.2934320271015167
0.2271355241537094,-0.39615803956985474,-0.2806359827518463
-0.2747311592102051,-0.3163115084171295,-0.2522260546684265
0.11301522701978683,-0.0023287583608180285,0.011431315913796425
-0.1129576563835144,0.0016476152231916785,-0.01059835497289896
0.14011742174625397,0.41635265946388245,-0.0011546873720362782
-0.12082625180482864,0.3962933123111725,-0.01874361000955105
0.21691057085990906,0.7577640414237976,0.1178586557507515
-0.14994488656520844,0.7586797475814819,0.1068701297044754
0.22972649335861206,0.8023768067359924,0.12136434018611908
-0.15223389863967896,0.8046944737434387,0.11087080836296082
0.2592605948448181,0.859985888004303,-0.0062156179919838905
-0.1704091876745224,0.8626391291618347,-0.021287234500050545
-
0.0018475785618647933,-0.6325585842132568,-0.16061753034591675
0.009149209596216679,-0.6701443195343018,-0.14350704848766327
0.009630938060581684,-0.6705507636070251,-0.14307132363319397
0.009346920996904373,-0.6710529327392578,-0.14278258383274078
-0.024644039571285248,-0.6669283509254456,-0.14357149600982666
-0.02430153265595436,-0.6677064895629883,-0.14441511034965515
-0.024409985169768333,-0.6688881516456604,-0.1435062140226364
0.056799501180648804,-0.6599946022033691,-0.024052100256085396
-0.0948757752776146,-0.6508387327194214,-0.03924119845032692
0.022814558818936348,-0.609038770198822,-0.1174301877617836
-0.020881691947579384,-0.603824257850647,-0.12033936381340027
0.1414182335138321,-0.4673502743244171,0.04971456155180931
-0.16583257913589478,-0.46367546916007996,0.03255688026547432
0.17782866954803467,-0.26478537917137146,-0.040815357118844986
-0.2164509892463684,-0.2311370074748993,-0.02464454248547554
0.2282286286354065,-0.3789764940738678,-0.273416131734848
-0.27607834339141846,-0.3022233247756958,-0.2421940565109253
0.22736600041389465,-0.39046844840049744,-0.31671541929244995
-0.28078681230545044,-0.30565905570983887,-0.282009482383728
0.23740477859973907,-0.42060327529907227,-0.32503968477249146
-0.2969931662082672,-0.33897435665130615,-0.29469701647758484
0.22823655605316162,-0.3967518210411072,-0.2808031439781189
-0.27472007274627686,-0.3172292113304138,-0.25369226932525635
0.11301321536302567,-0.0023163356818258762,0.0114821158349514
-0.11295557767152786,0.001635072403587401,-0.01065047737210989
0.14024704694747925,0.41631922125816345,-0.0010055345483124256
-0.12076546251773834,0.39624467492103577,-0.0187370665371418
0.21690978109836578,0.7577243447303772,0.11831118166446686
-0.149926096200943,0.7585155963897705,0.10710195451974869
0.22971634566783905,0.802334725856781,0.12183121591806412
-0.15221388638019562,0.8045166730880737,0.1111338660120964
0.2592785656452179,0.8599309921264648,-0.005752152297645807
-0.1702776402235031,0.8624966144561768,-0.021097347140312195
-
0.001867044484242797,-0.6327301263809204,-0.16126884520053864
0.009167742915451527,-0.6703293919563293,-0.1441652625799179
0.009649361483752728,-0.6707344055175781,-0.1437273770570755
0.009365232661366463,-0.6712383031845093,-0.14344194531440735
-0.024626415222883224,-0.6670902371406555,-0.14425358176231384
-0.02428383007645607,-0.6678704023361206,-0.14509731531143188
-0.024392373859882355,-0.6690515875816345,-0.14418888092041016
0.05680999532341957,-0.6602035164833069,-0.024636633694171906
-0.09487255662679672,-0.6509289741516113,-0.03993096575140953
0.022833921015262604,-0.609218180179596,-0.11804938316345215
-0.020863128826022148,-0.6039665937423706,-0.1209866926074028
0.14143739640712738,-0.4673819839954376,0.049519095569849014
-0.16581517457962036,-0.4637563228607178,0.03191283717751503
0.17830871045589447,-0.26476791501045227,-0.04084055870771408
-0.21657882630825043,-0.23117122054100037,-0.025877822190523148
0.22924096882343292,-0.37966135144233704,-0.2734355032444
-0.27613410353660583,-0.303316205739975,-0.24349325895309448
0.2284393608570099,-0.3914129137992859,-0.31674063205718994
-0.2808532118797302,-0.30721530318260193,-0.28327593207359314
0.23853912949562073,-0.42155322432518005,-0.3250587582588196
-0.2970944344997406,-0.3405078947544098,-0.2956920564174652
0.2293037474155426,-0.39749467372894287,-0.2808194160461426
-0.2747829854488373,-0.3183923065662384,-0.2548965811729431
0.11300940066576004,-0.0023076925426721573,0.01153649017214775
-0.11295174807310104,0.0016264939913526177,-0.010706285014748573
0.14034713804721832,0.41627824306488037,-0.0008033663034439087
-0.12074402719736099,0.3962058126926422,-0.018713392317295074
0.21688950061798096,0.7576625943183899,0.11871637403964996
-0.1498703956604004,0.7583980560302734,0.1072859987616539
0.22968347370624542,0.8022677898406982,0.12224344909191132
-0.15215273201465607,0.8043909072875977,0.11133705079555511
0.2592996656894684,0.8598074316978455,-0.00524591701105237
-0.1701812893152237,0.8623879551887512,-0.020871229469776154
-
0.0019387531792744994,-0.6328714489936829,-0.16159464418888092
0.009206580929458141,-0.6704739332199097,-0.1445007026195526
0.009687857702374458,-0.6708788275718689,-0.14406174421310425
0.009403740987181664,-0.6713832020759583,-0.1437775194644928
-0.024582132697105408,-0.6672135591506958,-0.14459353685379028
-0.024239251390099525,-0.6679950952529907,-0.14543655514717102
-0.024347888305783272,-0.6691761016845703,-0.14452821016311646
0.0568305104970932,-0.6603479981422424,-0.024988723918795586
-0.09483062475919724,-0.650985062122345,-0.04028886929154396
0.02291000448167324,-0.6093603372573853,-0.11837299168109894
-0.020779194310307503,-0.6040785908699036,-0.1213100254535675
0.14155715703964233,-0.4674220383167267,0.04936496540904045
-0.16573195159435272,-0.4638266861438751,0.03159921616315842
0.17882338166236877,-0.26474928855895996,-0.04089222103357315
-0.2165798395872116,-0.23117518424987793,-0.026334865018725395
0.22973088920116425,-0.3798273503780365,-0.27361488342285156
-0.2761263847351074,-0.30352863669395447,-0.2440192699432373
0.2288796454668045,-0.39158546924591064,-0.31697335839271545
-0.28084489703178406,-0.30745580792427063,-0.2838228940963745
0.23891671001911163,-0.42173925042152405,-0.3252750039100647
-0.2970927953720093,-0.34075090289115906,-0.29618191719055176
0.2297597974538803,-0.3976738154888153,-0.28099316358566284
-0.2747753858566284,-0.31860727071762085,-0.2554067373275757
0.1130085214972496,-0.002296841936185956,0.011572415009140968
-0.11295079439878464,0.0016156643396243453,-0.010742923244833946
0.14041019976139069,0.41626518964767456,-0.0007384030614048243
-0.12071782350540161,0.3961566686630249,-0.018696127459406853
0.21688561141490936,0.7576606869697571,0.11876700073480606
-0.14979270100593567,0.7583037614822388,0.10742808133363724
0.2296774834394455,0.8022654056549072,0.12228947132825851
-0.1520727276802063,0.8042919635772705,0.11149188131093979
0.2594117522239685,0.859772801399231,-0.005144171416759491
-0.17013245820999146,0.8622840046882629,-0.02065647393465042
-
0.002031858079135418,-0.633050262928009,-0.1617124080657959
0.009248938411474228,-0.6706527471542358,-0.14462389051914215
0.009729471988976002,-0.6710569262504578,-0.14418405294418335
0.009445642121136189,-0.671561598777771,-0.14390085637569427
-0.024529507383704185,-0.6673523187637329,-0.14470835030078888
-0.024186277762055397,-0.6681352853775024,-0.1455504447221756
-0.024295073002576828,-0.669315755367279,-0.1446423977613449
0.056862685829401016,-0.6605110168457031,-0.025170741602778435
-0.09475602209568024,-0.651016354560852,-0.040414150804281235
0.02302412874996662,-0.6095365285873413,-0.11850888282060623
-0.020646991208195686,-0.6042040586471558,-0.12143059819936752
0.14174313843250275,-0.4674769937992096,0.04925093054771423
-0.1655498445034027,-0.4638499915599823,0.03143620863556862
0.17897813022136688,-0.26471829414367676,-0.040964096784591675
-0.2164798378944397,-0.23114614188671112,-0.026523618027567863
0.22976668179035187,-0.3798414170742035,-0.27380040287971497
-0.2759712338447571,-0.303538978099823,-0.2441422939300537
0.22889579832553864,-0.3915860652923584,-0.31722626090049744
-0.28069496154785156,-0.30745258927345276,-0.28394874930381775
0.23891925811767578,-0.42173534631729126,-0.32550540566444397
-0.29697588086128235,-0.34075093269348145,-0.2963094413280487
0.22978322207927704,-0.39768651127815247,-0.28117358684539795
-0.27462419867515564,-0.3186172544956207,-0.25553303956985474
0.11300786584615707,-0.002281826687976718,0.011612728238105774
-0.11295010894536972,0.0016008681850507855,-0.010784252546727657
0.14051976799964905,0.4162418842315674,-0.0007294748793356121
-0.12070130556821823,0.39609813690185547,-0.018685562536120415
0.21688467264175415,0.757624626159668,0.11892212927341461
-0.14975914359092712,0.7581203579902649,0.10768812149763107
0.22967472672462463,0.8022221326828003,0.12246301770210266
-0.15203991532325745,0.8040979504585266,0.11179662495851517
0.25957849621772766,0.8596241474151611,-0.004839657340198755
-0.17011265456676483,0.8621132373809814,-0.020273536443710327
-
0.002181038958951831,-0.6334772706031799,-0.16187502443790436
0.009338890202343464,-0.6710661053657532,-0.14476870000362396
0.009818336926400661,-0.6714694499969482,-0.14432762563228607
0.009535009041428566,-0.6719744801521301,-0.14404597878456116
-0.024429436773061752,-0.6677169799804688,-0.14485624432563782
-0.024085888639092445,-0.6685018539428711,-0.14569756388664246
-0.024194613099098206,-0.6696809530258179,-0.14478950202465057
0.056919608265161514,-0.6607942581176758,-0.025334350764751434
-0.09466326981782913,-0.6511361598968506,-0.04058747738599777
0.023177187889814377,-0.6099085807800293,-0.11868806183338165
-0.020478570833802223,-0.6045172214508057,-0.12161353975534439
0.1418922245502472,-0.4675562083721161,0.04909389093518257
-0.16538991034030914,-0.4638719856739044,0.03119414672255516
0.1790512055158615,-0.26469895243644714,-0.041119612753391266
-0.21623924374580383,-0.23105832934379578,-0.026788407936692238
0.22974908351898193,-0.37985286116600037,-0.27417218685150146
-0.2755862772464752,-0.3034292757511139,-0.2442927360534668
0.228844553232193,-0.3915729522705078,-0.3176773488521576
-0.28029194474220276,-0.3072681427001953,-0.2840847373008728
0.23884066939353943,-0.421718567609787,-0.3259114623069763
-0.29665160179138184,-0.3405730724334717,-0.29647311568260193
0.22975273430347443,-0.39769312739372253,-0.2815321981906891
-0.27425476908683777,-0.31850188970565796,-0.2556939423084259
0.11300676316022873,-0.0022704864386469126,0.011653760448098183
-0.112948939204216,0.0015897968551144004,-0.010826640762388706
0.1406228095293045,0.4162179231643677,-0.0006883989553898573
-0.12068585306406021,0.396030992269516,-0.01864544488489628
0.21689821779727936,0.7575830817222595,0.11913745850324631
-0.14971424639225006,0.7579030394554138,0.10803882032632828
0.22969050705432892,0.80217045545578,0.12269382178783417
-0.15199515223503113,0.8038619160652161,0.11219096183776855
0.25989219546318054,0.85942542552948,-0.004456837195903063
-0.1700579971075058,0.8619100451469421,-0.019762352108955383
-
0.0022585727274417877,-0.6339259743690491,-0.16190031170845032
0.009369640611112118,-0.6715024709701538,-0.14478659629821777
0.009848561137914658,-0.6719058156013489,-0.144345223903656
0.009565684013068676,-0.6724098324775696,-0.14406384527683258
-0.024390138685703278,-0.6680907011032104,-0.14487725496292114
-0.024046415463089943,-0.6688774228096008,-0.14571818709373474
-0.0241551473736763,-0.6700555682182312,-0.14481008052825928
0.056939497590065,-0.6611115336418152,-0.02537061832845211
-0.09462716430425644,-0.6512526273727417,-0.04063021391630173
0.02326161600649357,-0.6103062033653259,-0.11872529238462448
-0.02037770114839077,-0.6048435568809509,-0.12165271490812302
0.14197292923927307,-0.4677327871322632,0.04903462156653404
-0.1652982532978058,-0.463887482881546,0.031069250777363777
0.1790601909160614,-0.26469308137893677,-0.04117979109287262
-0.2160230129957199,-0.23092709481716156,-0.026925424113869667
0.22970736026763916,-0.37968897819519043,-0.2744116485118866
-0.2752811312675476,-0.3032797574996948,-0.24430742859840393
0.22880162298679352,-0.3911752998828888,-0.31795117259025574
-0.27997472882270813,-0.3070470690727234,-0.2840902507305145
0.23876123130321503,-0.4212245047092438,-0.32620862126350403
-0.29642820358276367,-0.34038105607032776,-0.2964855432510376
0.22969475388526917,-0.3974654972553253,-0.2817870080471039
-0.2739759683609009,-0.31835711002349854,-0.25571006536483765
0.11300501227378845,-0.002263204427435994,0.01168785523623228
-0.11294710636138916,0.001582770491950214,-0.010861560702323914
0.14076919853687286,0.41619065403938293,-0.0006788807222619653
-0.12065783143043518,0.395969033241272,-0.01862799935042858
0.21691057085990906,0.7575784921646118,0.11914703249931335
-0.14963021874427795,0.7577776908874512,0.10812900215387344
0.22970324754714966,0.8021644949913025,0.12270226329565048
-0.15191926062107086,0.8037318587303162,0.11229147762060165
0.2602626085281372,0.8593534231185913,-0.004403844941407442
-0.17003898322582245,0.861770749092102,-0.01955617405474186
-
0.002280240412801504,-0.6342403888702393,-0.16213467717170715
0.009388838894665241,-0.6718040704727173,-0.14499744772911072
0.0098676523193717,-0.6722081303596497,-0.14455518126487732
0.009584805928170681,-0.6727119088172913,-0.1442747265100479
-0.024369707331061363,-0.6683518886566162,-0.14510305225849152
-0.024025922641158104,-0.6691387295722961,-0.1459440439939499
-0.024134689942002296,-0.670316755771637,-0.14503544569015503
0.05694451928138733,-0.661340057849884,-0.02560669183731079
-0.09461117535829544,-0.6513371467590332,-0.04089970514178276
0.023287104442715645,-0.6105961799621582,-0.11897877603769302
-0.02034709043800831,-0.6050823330879211,-0.1219143271446228
0.14201559126377106,-0.4678703546524048,0.048826176673173904
-0.16527476906776428,-0.4639013409614563,0.030658112838864326
0.17920923233032227,-0.2647717297077179,-0.04144194349646568
-0.21595479547977448,-0.2308904379606247,-0.02749270386993885
0.22979412972927094,-0.37970152497291565,-0.27517297863960266
-0.2751777172088623,-0.3032837212085724,-0.24477331340312958
0.22887925803661346,-0.3911612927913666,-0.3187945485115051
-0.2798684537410736,-0.30704352259635925,-0.2845629155635834
0.2387944459915161,-0.4211866557598114,-0.3270566463470459
-0.2963744103908539,-0.3403865098953247,-0.296935498714447
0.22975760698318481,-0.3974681496620178,-0.2825625538825989
-0.2738894820213318,-0.3183641731739044,-0.25617802143096924
0.1130066066980362,-0.002256721956655383,0.011725773103535175
-0.1129484474658966,0.0015765296993777156,-0.01090002991259098
0.14082567393779755,0.41618379950523376,-0.0006609904230572283
-0.1206427589058876,0.39594587683677673,-0.018575305119156837
0.2169225811958313,0.7575569748878479,0.1193060353398323
-0.1495630294084549,0.7576751112937927,0.10851552337408066
0.22971755266189575,0.8021374940872192,0.12287740409374237
-0.15185131132602692,0.80362468957901,0.11271893978118896
0.2604377567768097,0.8593059182167053,-0.004098147619515657
-0.1700190007686615,0.8617072701454163,-0.018944045528769493
-
0.0023100636899471283,-0.6345778703689575,-0.16215449571609497
0.009406521916389465,-0.6721170544624329,-0.14501206576824188
0.009885232895612717,-0.6725215911865234,-0.14456982910633087
0.009602398611605167,-0.6730249524116516,-0.14428932964801788
-0.02435096725821495,-0.6686239242553711,-0.14512036740779877
-0.02400713600218296,-0.6694114208221436,-0.14596134424209595
-0.02411593869328499,-0.6705887913703918,-0.14505288004875183
0.05694443732500076,-0.6615357995033264,-0.025629812851548195
-0.09459546208381653,-0.6514009237289429,-0.04094591364264488
0.023321079090237617,-0.6108884811401367,-0.11900840699672699
-0.020302696153521538,-0.6053250432014465,-0.12195108085870743
0.14204731583595276,-0.46799424290657043,0.04876575991511345
-0.1652379035949707,-0.46390026807785034,0.03047439083456993
0.17934979498386383,-0.264909029006958,-0.04153365269303322
-0.21585558354854584,-0.23074792325496674,-0.027704687789082527
0.22997872531414032,-0.37977686524391174,-0.27544930577278137
-0.2751196026802063,-0.3032248914241791,-0.24480395019054413
0.22911036014556885,-0.39118966460227966,-0.3190782368183136
-0.27982214093208313,-0.3069951832294464,-0.28457584977149963
0.23895986378192902,-0.4211893379688263,-0.3273296356201172
-0.2963602542877197,-0.34034350514411926,-0.2969505488872528
0.22992905974388123,-0.3975170850753784,-0.28284752368927
-0.2738564610481262,-0.31831103563308716,-0.25620895624160767
0.11300645023584366,-0.0022523202933371067,0.01174177136272192
-0.11294826865196228,0.0015723002143204212,-0.010916421189904213
0.1408633142709732,0.4161534309387207,-0.0006530691753141582
-0.12060455232858658,0.3959222137928009,-0.01853851228952408
0.21695338189601898,0.7574836611747742,0.1193622425198555
-0.14945293962955475,0.7576478719711304,0.1086433008313179
0.22974972426891327,0.8020530939102173,0.12294162809848785
-0.1517285406589508,0.803595244884491,0.11285858601331711
0.26047301292419434,0.8592384457588196,-0.003968207165598869
-0.1698845624923706,0.8616681098937988,-0.018695857375860214
-
0.0023334098514169455,-0.6349121928215027,-0.16214995086193085
0.009420142509043217,-0.6724303364753723,-0.14499987661838531
0.009898646734654903,-0.6728352904319763,-0.144557386636734
0.009615901857614517,-0.6733381152153015,-0.14427721500396729
-0.02433423511683941,-0.6688953042030334,-0.14511241018772125
-0.02399035170674324,-0.6696838736534119,-0.1459532529115677
-0.02409919537603855,-0.670860767364502,-0.14504478871822357
0.05693550407886505,-0.6617406606674194,-0.025642745196819305
-0.09458129853010178,-0.6514673829078674,-0.04095945879817009
0.023349808529019356,-0.6111817359924316,-0.11901598423719406
-0.020261116325855255,-0.6055678129196167,-0.12195966392755508
0.14207084476947784,-0.4681505560874939,0.04873167350888252
-0.1651894748210907,-0.46390417218208313,0.030402427539229393
0.17936453223228455,-0.26500001549720764,-0.041579704731702805
-0.21577854454517365,-0.230708509683609,-0.027824146673083305
0.2299993932247162,-0.37976714968681335,-0.27556365728378296
-0.27506357431411743,-0.30322277545928955,-0.2448117733001709
0.2291468381881714,-0.3911081552505493,-0.31919655203819275
-0.27977991104125977,-0.30699196457862854,-0.28457558155059814
0.23897165060043335,-0.4210352599620819,-0.32746049761772156
-0.29634684324264526,-0.3403441309928894,-0.2969536781311035
0.229945570230484,-0.39747706055641174,-0.2829732596874237
-0.2738148272037506,-0.31831076741218567,-0.25621718168258667
0.1130053922533989,-0.002247100230306387,0.011759642511606216
-0.11294715106487274,0.001567224389873445,-0.010934621095657349
0.14088326692581177,0.4161446988582611,-0.0006468466599471867
-0.12059580534696579,0.39590033888816833,-0.01851774752140045
0.21695423126220703,0.7574455142021179,0.1194075420498848
-0.14937998354434967,0.7576113343238831,0.10872252285480499
0.2297508269548416,0.8020030856132507,0.12299339473247528
-0.15164361894130707,0.8035548329353333,0.11294802278280258
0.2605014145374298,0.8591521978378296,-0.0038460318464785814
-0.16981124877929688,0.8616355657577515,-0.01852629892528057
-
0.002371600829064846,-0.6354628801345825,-0.1621416211128235
0.009434359148144722,-0.6729621887207031,-0.14497993886470795
0.009912824258208275,-0.6733671426773071,-0.14453695714473724
0.009630090557038784,-0.673869788646698,-0.14425700902938843
-0.02431599795818329,-0.6693912148475647,-0.1450970619916916
-0.02397242933511734,-0.670181930065155,-0.14593759179115295
-0.02408083900809288,-0.6713575720787048,-0.14502839744091034
0.0569409541785717,-0.6621125936508179,-0.025641990825533867
-0.09456495940685272,-0.6516811847686768,-0.04096497595310211
0.02339096926152706,-0.611659824848175,-0.11901956796646118
-0.02020762860774994,-0.6060036420822144,-0.12196575105190277
0.1421251893043518,-0.46843278408050537,0.048712365329265594
-0.1651255339384079,-0.46391427516937256,0.030377302318811417
0.17978215217590332,-0.2655123770236969,-0.041587747633457184
-0.21561935544013977,-0.230586975812912,-0.027863331139087677
0.2305411845445633,-0.3801441192626953,-0.27545034885406494
-0.2749767303466797,-0.30318793654441833,-0.24472464621067047
0.2297520935535431,-0.39145427942276,-0.31899043917655945
-0.2796924114227295,-0.30697962641716003,-0.284381240606308
0.23954685032367706,-0.42130208015441895,-0.32723692059516907
-0.29633259773254395,-0.3403213322162628,-0.2967573404312134
0.23051051795482635,-0.39780905842781067,-0.28284984827041626
-0.2737615704536438,-0.3182768225669861,-0.25612109899520874
0.11300398409366608,-0.002240650122985244,0.011772186495363712
-0.11294591426849365,0.0015613909345120192,-0.010947532020509243
0.14108069241046906,0.4161357581615448,-0.0005592600791715086
-0.12061908841133118,0.39586079120635986,-0.01839042641222477
0.21738071739673615,0.7573699951171875,0.11966065317392349
-0.1494206339120865,0.7574750781059265,0.10906124860048294
0.2302078753709793,0.801917552947998,0.12326158583164215
-0.15169383585453033,0.8034152388572693,0.11332341283559799
0.26109886169433594,0.8590603470802307,-0.003435632912442088
-0.16995461285114288,0.8615584373474121,-0.017904136329889297
-
0.002394819865003228,-0.6359499096870422,-0.16214193403720856
0.009447307325899601,-0.6734212040901184,-0.14497283101081848
0.009925543330609798,-0.6738264560699463,-0.1445295363664627
0.009642858989536762,-0.6743276715278625,-0.1442500203847885
-0.024300504475831985,-0.6698318123817444,-0.14509515464305878
-0.023956919088959694,-0.670623242855072,-0.1459358185529709
-0.024065330624580383,-0.6717977523803711,-0.14502637088298798
0.05692489445209503,-0.6623725891113281,-0.025650901719927788
-0.09455215930938721,-0.6518478393554688,-0.04097699001431465
0.023412032052874565,-0.6120535135269165,-0.11902874708175659
-0.0201741773635149,-0.6063721776008606,-0.12197653949260712
0.1421513855457306,-0.46862009167671204,0.04866453632712364
-0.16510358452796936,-0.4639211893081665,0.030326519161462784
0.1800372302532196,-0.26577574014663696,-0.04161885008215904
-0.21559235453605652,-0.23048588633537292,-0.027980895712971687
0.23080797493457794,-0.3801997900009155,-0.27547886967658997
-0.27495330572128296,-0.3031799793243408,-0.2447310835123062
0.2300424426794052,-0.39147526025772095,-0.3190000355243683
-0.2796548902988434,-0.3069763481616974,-0.28436964750289917
0.23978032171726227,-0.4213014543056488,-0.3272440731525421
-0.29632484912872314,-0.34032052755355835,-0.2967386245727539
0.23077522218227386,-0.39784079790115356,-0.2828735411167145
-0.27374377846717834,-0.3182695806026459,-0.256124347448349
0.11300279200077057,-0.0022378929425030947,0.011781789362430573
-0.11294493824243546,0.0015590167604386806,-0.010957675985991955
0.14125709235668182,0.41612401604652405,-0.0005295501905493438
-0.12064024060964584,0.3958413004875183,-0.018328336998820305
0.21791839599609375,0.7573068737983704,0.11977232247591019
-0.14946873486042023,0.7574302554130554,0.10919900238513947
0.2307746410369873,0.8018483519554138,0.12337662279605865
-0.151749387383461,0.8033693432807922,0.11347347497940063
0.26147615909576416,0.8590354919433594,-0.003306699451059103
-0.17005425691604614,0.8615151643753052,-0.017684290185570717
-
0.002419382566586137,-0.636290967464447,-0.16213473677635193
0.009459474124014378,-0.6737476587295532,-0.1449628323316574
0.009937508963048458,-0.6741522550582886,-0.1445194035768509
0.009654846042394638,-0.674652636051178,-0.1442400962114334
-0.024285951629281044,-0.6701461672782898,-0.1450892835855484
-0.023942362517118454,-0.6709383130073547,-0.145930215716362
-0.024050762876868248,-0.6721119284629822,-0.14502061903476715
0.05691538006067276,-0.66257643699646,-0.02565886452794075
-0.0945398360490799,-0.6519854664802551,-0.04098823666572571
0.023436695337295532,-0.612337589263916,-0.11903213709592819
-0.02013673074543476,-0.6066404581069946,-0.12198207527399063
0.14217500388622284,-0.4687793254852295,0.04864485561847687
-0.16505971550941467,-0.46393510699272156,0.030288802459836006
0.18013763427734375,-0.26594221591949463,-0.041627079248428345
-0.21557854115962982,-0.23044027388095856,-0.02808445319533348
0.23111946880817413,-0.38026368618011475,-0.27548694610595703
-0.27493464946746826,-0.3032442629337311,-0.24473591148853302
0.23045943677425385,-0.3915208876132965,-0.31899863481521606
-0.27961796522140503,-0.30711808800697327,-0.2843572795391083
0.24019654095172882,-0.4213096499443054,-0.32723844051361084
-0.29631561040878296,-0.3404792249202728,-0.2967100143432617
0.23112376034259796,-0.39788001775741577,-0.2828805446624756
-0.27372702956199646,-0.318352609872818,-0.2561255097389221
0.11300024390220642,-0.0022353380918502808,0.011789854615926743
-0.11294279247522354,0.0015568719245493412,-0.010966351255774498
0.14136913418769836,0.416109174489975,-0.000491497979965061
-0.12066002190113068,0.3958209156990051,-0.01827482134103775
0.2182484120130539,0.7572472095489502,0.11986885219812393
-0.14951525628566742,0.7574027180671692,0.10927698016166687
0.2311018705368042,0.801783561706543,0.12347426265478134
-0.15179860591888428,0.8033422231674194,0.1135583445429802
0.26154574751853943,0.8590071797370911,-0.0032270001247525215
-0.17010052502155304,0.8614859580993652,-0.01754743605852127
-
0.0024417631793767214,-0.636574923992157,-0.1621798425912857
0.009469790384173393,-0.6740281581878662,-0.14500613510608673
0.009947596117854118,-0.6744323372840881,-0.14456255733966827
0.00966494157910347,-0.674932599067688,-0.14428356289863586
-0.024272296577692032,-0.6704113483428955,-0.14514240622520447
-0.02392873540520668,-0.6712037920951843,-0.14598381519317627
-0.0240370724350214,-0.6723772287368774,-0.14507393538951874
0.05689535290002823,-0.6627886295318604,-0.025724489241838455
-0.0945294201374054,-0.6521193385124207,-0.04109147563576698
0.023458244279026985,-0.6125918030738831,-0.11908870935440063
-0.02010473981499672,-0.6068748831748962,-0.12204791605472565
0.1421961784362793,-0.46892812848091125,0.048570893704891205
-0.16503217816352844,-0.46395987272262573,0.03014298714697361
0.18023595213890076,-0.26605477929115295,-0.041637543588876724
-0.21556514501571655,-0.23038524389266968,-0.028296340256929398
0.23156556487083435,-0.38036513328552246,-0.2755146920681
-0.2749162018299103,-0.30327108502388,-0.24480608105659485
0.2310401350259781,-0.39162325859069824,-0.3190167546272278
-0.27959880232810974,-0.30718517303466797,-0.2843901216983795
0.24081707000732422,-0.42136913537979126,-0.32726016640663147
-0.29631760716438293,-0.34055548906326294,-0.29672977328300476
0.23162877559661865,-0.3979639410972595,-0.28291136026382446
-0.27371200919151306,-0.3183899223804474,-0.25618427991867065
0.1129990741610527,-0.0022321909200400114,0.01179844792932272
-0.1129419356584549,0.0015540318563580513,-0.010975402779877186
0.14145730435848236,0.41609910130500793,-0.00044853860163129866
-0.1206866130232811,0.3958018720149994,-0.0182090662419796
0.2184852957725525,0.7572022676467896,0.11999934166669846
-0.14953872561454773,0.7573762536048889,0.10941144824028015
0.23133638501167297,0.8017347455024719,0.12360752373933792
-0.15182048082351685,0.8033133745193481,0.11370166391134262
0.2616068720817566,0.8589847683906555,-0.003104269504547119
-0.17011970281600952,0.8614568114280701,-0.017339851707220078
-
0.0024550622329115868,-0.6370932459831238,-0.16228538751602173
0.009435067884624004,-0.6745312809944153,-0.14510396122932434
0.009912034496665001,-0.6749352216720581,-0.14465996623039246
0.009629476815462112,-0.6754353046417236,-0.14438240230083466
-0.024289734661579132,-0.67088383436203,-0.14525459706783295
-0.023946264758706093,-0.67167729139328,-0.14609646797180176
-0.02405429258942604,-0.6728506684303284,-0.14518582820892334
0.05676409602165222,-0.6631043553352356,-0.02589104324579239
-0.0945504903793335,-0.6523085832595825,-0.041308723390102386
0.02346952073276043,-0.6130306720733643,-0.11923298239707947
-0.020082389935851097,-0.6072772145271301,-0.12220556288957596
0.1421649307012558,-0.4690481126308441,0.04832563176751137
-0.16500896215438843,-0.4639720916748047,0.029816759750247
0.18009980022907257,-0.26606181263923645,-0.04166598618030548
-0.21558336913585663,-0.23031707108020782,-0.0287429541349411
0.23163092136383057,-0.38033926486968994,-0.27552440762519836
-0.27489855885505676,-0.3033820688724518,-0.24493929743766785
0.23120564222335815,-0.3915843665599823,-0.31901684403419495
-0.27957648038864136,-0.30740848183631897,-0.28445807099342346
0.24108414351940155,-0.4212709665298462,-0.3272661566734314
-0.296317994594574,-0.3408238887786865,-0.29676759243011475
0.23175235092639923,-0.39791277050971985,-0.28292375802993774
-0.2736985683441162,-0.3185400664806366,-0.25629711151123047
0.1129973903298378,-0.0022292567882686853,0.011807492934167385
-0.11294069141149521,0.0015513761900365353,-0.010984726250171661
0.14157724380493164,0.4160759150981903,-0.00038723982288502157
-0.12075139582157135,0.39578431844711304,-0.018145758658647537
0.21857061982154846,0.7570813298225403,0.12049088627099991
-0.14955320954322815,0.7573114037513733,0.10968280583620071
0.23140768706798553,0.8016011714935303,0.12414131313562393
-0.15183062851428986,0.8032427430152893,0.11400925368070602
0.2616313397884369,0.8589633107185364,-0.0024989256635308266
-0.17011716961860657,0.8614299297332764,-0.016946028918027878
-
0.0024263374507427216,-0.6373400092124939,-0.16228608787059784
0.009348252788186073,-0.6747645139694214,-0.14510099589824677
0.0098244808614254,-0.6751682758331299,-0.14465674757957458
0.009542000479996204,-0.675668478012085,-0.14437952637672424
-0.02435620129108429,-0.6711099147796631,-0.14525480568408966
-0.024012988433241844,-0.6719032526016235,-0.146096870303154
-0.02412058599293232,-0.6730762720108032,-0.14518605172634125
0.05659022554755211,-0.6632406115531921,-0.025904471054673195
-0.09462031722068787,-0.6523985862731934,-0.041329655796289444
0.023434316739439964,-0.6132369637489319,-0.11924398690462112
-0.02009570226073265,-0.607471764087677,-0.12221801280975342
0.14205078780651093,-0.4691033959388733,0.04822569340467453
-0.16501149535179138,-0.46397319436073303,0.029717998579144478
0.1797739416360855,-0.2660689949989319,-0.041717469692230225
-0.21572525799274445,-0.23027899861335754,-0.028930826112627983
0.2315877228975296,-0.3803151547908783,-0.2755424678325653
-0.27493324875831604,-0.303488552570343,-0.244953915476799
0.23120638728141785,-0.3915454149246216,-0.31902146339416504
-0.2795902490615845,-0.3076237142086029,-0.2844558656215668
0.24109292030334473,-0.4211624264717102,-0.32727205753326416
-0.2963821291923523,-0.3410838842391968,-0.2967507839202881
0.23173785209655762,-0.39785879850387573,-0.28294453024864197
-0.27374544739723206,-0.31868407130241394,-0.2563055157661438
0.11299394816160202,-0.002226083306595683,0.011815530247986317
-0.11293746531009674,0.0015485113253816962,-0.010993209667503834
0.14160457253456116,0.4160672426223755,-0.0003736667858902365
-0.12094268947839737,0.39576807618141174,-0.018099088221788406
0.21858428418636322,0.7570114135742188,0.12072113901376724
-0.14964425563812256,0.7572061419487,0.10986032336950302
0.23141951858997345,0.801519513130188,0.12440413236618042
-0.15190787613391876,0.8031237721443176,0.1142132356762886
0.2616325914859772,0.8589458465576172,-0.0021826771553605795
-0.17012062668800354,0.8614009022712708,-0.016672497615218163
-
0.002438923344016075,-0.6375031471252441,-0.16230355203151703
0.009340934455394745,-0.674923300743103,-0.14511539041996002
0.009816762991249561,-0.6753268837928772,-0.1446709781885147
0.009534354321658611,-0.675827145576477,-0.1443941593170166
-0.024356093257665634,-0.6712664365768433,-0.14527738094329834
-0.02401299774646759,-0.6720597147941589,-0.1461198329925537
-0.02412041835486889,-0.67323237657547,-0.14520876109600067
0.05652069300413132,-0.6633431315422058,-0.025940343737602234
-0.09463295340538025,-0.6524760723114014,-0.04142315313220024
0.023443128913640976,-0.6133775115013123,-0.11927325278520584
-0.020080016925930977,-0.6076074838638306,-0.12226060032844543
0.14201025664806366,-0.46913254261016846,0.0481598936021328
-0.1649966835975647,-0.4639776945114136,0.029520485550165176
0.17972257733345032,-0.26607149839401245,-0.04172923043370247
-0.21572276949882507,-0.23021097481250763,-0.029192404821515083
0.23165267705917358,-0.38031038641929626,-0.2755278944969177
-0.27491891384124756,-0.3034919798374176,-0.24501723051071167
0.23135820031166077,-0.3915393352508545,-0.3189754784107208
-0.2795732021331787,-0.3076449930667877,-0.284481018781662
0.2413003295660019,-0.4211331009864807,-0.32722657918930054
-0.29638269543647766,-0.3411090672016144,-0.29676997661590576
0.231842041015625,-0.3978426158428192,-0.2829322814941406
-0.2737365663051605,-0.3186923563480377,-0.25636476278305054
0.1129903793334961,-0.0022227244917303324,0.011828253977000713
-0.11293432116508484,0.0015454164240509272,-0.011006603948771954
0.1416727602481842,0.4160488247871399,-0.000365017302101478
-0.1210290864109993,0.3957526385784149,-0.01808556355535984
0.21860145032405853,0.7569172382354736,0.1209445521235466
-0.14968079328536987,0.757056474685669,0.11004726588726044
0.231431782245636,0.8014168739318848,0.1246623769402504
-0.1519404947757721,0.802959680557251,0.1144392192363739
0.2616448402404785,0.8589286208152771,-0.0018595106666907668
-0.17012500762939453,0.8613074421882629,-0.016369782388210297
-
0.002444796497002244,-0.6377328634262085,-0.16230882704257965
0.009321303106844425,-0.6751453280448914,-0.14511749148368835
0.009796666912734509,-0.6755485534667969,-0.1446729302406311
0.00951430294662714,-0.6760492920875549,-0.1443963199853897
-0.024366701021790504,-0.6714833974838257,-0.14528222382068634
-0.024023819714784622,-0.6722771525382996,-0.14612480998039246
-0.02413095347583294,-0.6734492182731628,-0.14521361887454987
0.056457798928022385,-0.6634857654571533,-0.025953684002161026
-0.09464766830205917,-0.6525829434394836,-0.04145023971796036
0.02344450168311596,-0.6135733127593994,-0.11928501725196838
-0.020068952813744545,-0.6077961921691895,-0.12227333337068558
0.1419750303030014,-0.46917036175727844,0.048096224665641785
-0.16498205065727234,-0.4639837145805359,0.02940640226006508
0.17966878414154053,-0.26608437299728394,-0.041762400418519974
-0.21573437750339508,-0.23019105195999146,-0.02941063418984413
0.23168142139911652,-0.38033583760261536,-0.27551746368408203
-0.2749142050743103,-0.3035721182823181,-0.24505899846553802
0.2314382791519165,-0.391577810049057,-0.3189309239387512
-0.27956628799438477,-0.3077968955039978,-0.28449171781539917
0.2414233684539795,-0.4211397171020508,-0.32717376947402954
-0.29640594124794006,-0.34125661849975586,-0.2967728078365326
0.23189659416675568,-0.39785701036453247,-0.2829212248325348
-0.2737411558628082,-0.3187863826751709,-0.256399542093277
0.11298377066850662,-0.002218951005488634,0.011839073151350021
-0.11292801797389984,0.0015420629642903805,-0.01101821381598711
0.14173762500286102,0.4160277843475342,-0.00035061995731666684
-0.12110873311758041,0.3957351744174957,-0.018058203160762787
0.218617781996727,0.7568667531013489,0.12106140702962875
-0.1497136503458023,0.7569259405136108,0.11019835621118546
0.23144356906414032,0.8013617396354675,0.1247904822230339
-0.151971235871315,0.8028174042701721,0.1146126464009285
0.26166075468063354,0.8589127063751221,-0.0016758210258558393
-0.1701347529888153,0.8612184524536133,-0.01610768400132656
-
0.002453603083267808,-0.6379429697990417,-0.16229966282844543
0.00931098684668541,-0.6753509044647217,-0.14510507881641388
0.009785930626094341,-0.6757535338401794,-0.1446603387594223
0.00950363464653492,-0.6762547492980957,-0.14438407123088837
-0.024369724094867706,-0.6716774106025696,-0.14527291059494019
-0.024027016013860703,-0.6724722981452942,-0.14611563086509705
-0.024133890867233276,-0.6736434698104858,-0.14520418643951416
0.05641727149486542,-0.6636343002319336,-0.025966158136725426
-0.09465042501688004,-0.6526789665222168,-0.04146702215075493
0.02345111221075058,-0.6137601733207703,-0.11929105967283249
-0.020056193694472313,-0.6079702377319336,-0.12228217720985413
0.14195968210697174,-0.46921390295028687,0.04804917797446251
-0.16495464742183685,-0.4639891982078552,0.029296500608325005
0.17963609099388123,-0.2661153972148895,-0.04178474098443985
-0.21573135256767273,-0.23017190396785736,-0.029578058049082756
0.23178070783615112,-0.3804001808166504,-0.2754817008972168
-0.2749066948890686,-0.3036384582519531,-0.24506592750549316
0.23165065050125122,-0.39166903495788574,-0.3188427984714508
-0.2795603573322296,-0.3079130947589874,-0.28446438908576965
0.24170368909835815,-0.4211767613887787,-0.32707664370536804
-0.2964308261871338,-0.3413653075695038,-0.2967360019683838
0.23204617202281952,-0.39790257811546326,-0.28288716077804565
-0.2737429141998291,-0.31886324286460876,-0.2564040422439575
0.11297418177127838,-0.0022139206994324923,0.011851135641336441
-0.11291911453008652,0.0015376148512586951,-0.01103145070374012
0.14180180430412292,0.41600775718688965,-0.00034405066980980337
-0.12115618586540222,0.3957206904888153,-0.018040187656879425
0.2186233550310135,0.7568457126617432,0.12109828740358353
-0.14972461760044098,0.7568634152412415,0.1102701723575592
0.2314414530992508,0.8013381361961365,0.12483103573322296
-0.1519809514284134,0.8027505278587341,0.11469430476427078
0.2616705894470215,0.858901858329773,-0.0015979321906343102
-0.17013488709926605,0.8611817359924316,-0.01597375050187111
-
0.0024026024620980024,-0.6380985975265503,-0.16228003799915314
0.009191839955747128,-0.6755082607269287,-0.145079106092453
0.00966616626828909,-0.6759107708930969,-0.14463424682617188
0.009383942000567913,-0.6764119863510132,-0.14435815811157227
-0.02446831203997135,-0.6718156337738037,-0.14525531232357025
-0.02412608452141285,-0.6726109385490417,-0.14609822630882263
-0.02423270046710968,-0.6737820506095886,-0.14518630504608154
0.05619392544031143,-0.6637603640556335,-0.025968803092837334
-0.09477179497480392,-0.6527307629585266,-0.04148250073194504
0.023393239825963974,-0.6139010787010193,-0.11928758770227432
-0.020090576261281967,-0.6080898642539978,-0.12228547036647797
0.1418447494506836,-0.4692852199077606,0.04802381992340088
-0.16498108208179474,-0.46398216485977173,0.029234936460852623
0.17938905954360962,-0.26612409949302673,-0.04178733378648758
-0.21588097512722015,-0.23010322451591492,-0.029660329222679138
0.23177854716777802,-0.38037461042404175,-0.2754189670085907
-0.27504339814186096,-0.30365243554115295,-0.2450629323720932
0.23166686296463013,-0.3916267156600952,-0.3187326490879059
-0.2796997129917145,-0.30795007944107056,-0.2844255864620209
0.24172267317771912,-0.42108482122421265,-0.3269921839237213
-0.29663336277008057,-0.34141552448272705,-0.29668474197387695
0.2320549190044403,-0.3978515565395355,-0.28283607959747314
-0.27390316128730774,-0.31888607144355774,-0.25639617443084717
0.1129687950015068,-0.002212913939729333,0.011859389021992683
-0.11291415989398956,0.0015370631590485573,-0.011040129698812962
0.14182810485363007,0.4159981608390808,-0.00029647554038092494
-0.12119172513484955,0.3957076668739319,-0.01801316626369953
0.21862278878688812,0.7568264603614807,0.1211245059967041
-0.1497364491224289,0.7568353414535522,0.11028830707073212
0.23143532872200012,0.8013167977333069,0.12485510110855103
-0.1519923210144043,0.8027217388153076,0.1147061213850975
0.26167944073677063,0.8588906526565552,-0.0015698277857154608
-0.17015157639980316,0.8611639738082886,-0.015954915434122086
-
0.0023392208386212587,-0.6381827592849731,-0.16238480806350708
0.009053963236510754,-0.6755985021591187,-0.1451733410358429
0.009527727030217648,-0.6760011911392212,-0.1447281539440155
0.009245759807527065,-0.6765022873878479,-0.14445264637470245
-0.024590538814663887,-0.6718854308128357,-0.14536486566066742
-0.02424839697778225,-0.672680675983429,-0.14620782434940338
-0.024355022236704826,-0.6738518476486206,-0.1452953964471817
0.05597066879272461,-0.66385817527771,-0.02608834020793438
-0.09492304921150208,-0.6527612209320068,-0.04165692254900932
0.023332111537456512,-0.6139897704124451,-0.11940929293632507
-0.020135018974542618,-0.6081547141075134,-0.12242301553487778
0.14177067577838898,-0.469356894493103,0.04792219400405884
-0.16502636671066284,-0.463962584733963,0.029011530801653862
0.17919082939624786,-0.26611843705177307,-0.041801296174526215
-0.21596796810626984,-0.22994540631771088,-0.029868530109524727
0.23178264498710632,-0.38026437163352966,-0.2754381597042084
-0.27510663866996765,-0.30363231897354126,-0.2451593279838562
0.23168715834617615,-0.39146697521209717,-0.3187410533428192
-0.2797531485557556,-0.3079433739185333,-0.2844918370246887
0.24175359308719635,-0.42086538672447205,-0.32701998949050903
-0.29675164818763733,-0.3414222002029419,-0.2967451512813568
0.23206570744514465,-0.39770790934562683,-0.2828672230243683
-0.27398598194122314,-0.31887948513031006,-0.256491482257843
0.1129671186208725,-0.002211174461990595,0.011871152557432652
-0.11291273683309555,0.0015356602380052209,-0.01105234120041132
0.14184872806072235,0.41599810123443604,-0.0002712792775128037
-0.12124517560005188,0.3956959843635559,-0.01797979138791561
0.21857206523418427,0.7568182349205017,0.12114761769771576
-0.1497412621974945,0.7568073272705078,0.11031240224838257
0.23137696087360382,0.8013052940368652,0.12487796694040298
-0.15199564397335052,0.8026929497718811,0.11473125219345093
0.2616789937019348,0.8588841557502747,-0.0015458472771570086
-0.17015573382377625,0.8611454367637634,-0.015931714326143265
-
0.0022974463645368814,-0.638217568397522,-0.16257208585739136
0.008967487141489983,-0.6756379008293152,-0.1453564167022705
0.009440812282264233,-0.676040768623352,-0.14491106569766998
0.009159076027572155,-0.676541805267334,-0.14463651180267334
-0.02467145211994648,-0.671915590763092,-0.1455598622560501
-0.02432951144874096,-0.6727105379104614,-0.14640316367149353
-0.024435890838503838,-0.6738818287849426,-0.14548912644386292
0.05585560202598572,-0.663922905921936,-0.02628866396844387
-0.0950201079249382,-0.6527904272079468,-0.04188186675310135
0.023296663537621498,-0.6140358448028564,-0.11960769444704056
-0.020163042470812798,-0.6081885695457458,-0.12262867391109467
0.14173784852027893,-0.469420850276947,0.04777645692229271
-0.16505348682403564,-0.46395498514175415,0.028803013265132904
0.17906801402568817,-0.2660943865776062,-0.041818633675575256
-0.21600525081157684,-0.22984299063682556,-0.030042000114917755
0.2317892611026764,-0.38009655475616455,-0.27545589208602905
-0.27515143156051636,-0.30363476276397705,-0.24531444907188416
0.23171190917491913,-0.3912443518638611,-0.31874725222587585
-0.2797953188419342,-0.307951956987381,-0.2846252918243408
0.24179230630397797,-0.42058655619621277,-0.3270471692085266
-0.2968577444553375,-0.3414495885372162,-0.29687798023223877
0.23207682371139526,-0.39750936627388,-0.2828957438468933
-0.27405086159706116,-0.31888771057128906,-0.2566518485546112
0.1129678264260292,-0.0022089022677391768,0.01187890861183405
-0.11291385442018509,0.0015336709329858422,-0.011060522869229317
0.14186623692512512,0.4160076677799225,-0.0002561350993346423
-0.12139635533094406,0.39568638801574707,-0.01793447881937027
0.21855197846889496,0.756803572177887,0.12121416628360748
-0.1498005986213684,0.7567834258079529,0.11039698868989944
0.23135194182395935,0.8012889623641968,0.12494637072086334
-0.1520465463399887,0.802668571472168,0.1148151233792305
0.2616771161556244,0.8588811159133911,-0.001469148206524551
-0.17021194100379944,0.8611302971839905,-0.01583270914852619
-
0.0022336309775710106,-0.6382521986961365,-0.16274943947792053
0.00886862725019455,-0.6756726503372192,-0.14552830159664154
0.009341663680970669,-0.6760753989219666,-0.14508338272571564
0.009060117416083813,-0.676576554775238,-0.14480924606323242
-0.024772975593805313,-0.6719520688056946,-0.1457374393939972
-0.024431362748146057,-0.6727470755577087,-0.14658084511756897
-0.02453744038939476,-0.6739183664321899,-0.14566490054130554
0.05576585233211517,-0.6639674305915833,-0.02646263875067234
-0.09512773901224136,-0.6528199315071106,-0.042043864727020264
0.023251036182045937,-0.6140676140785217,-0.11979156732559204
-0.020207777619361877,-0.6082234978675842,-0.12280870229005814
0.14169518649578094,-0.4694909155368805,0.0475972481071949
-0.1650896668434143,-0.46394726634025574,0.028681373223662376
0.17871373891830444,-0.26603689789772034,-0.04182462766766548
-0.21601945161819458,-0.22976800799369812,-0.030111132189631462
0.23171688616275787,-0.37968742847442627,-0.2753993570804596
-0.27520716190338135,-0.303618848323822,-0.24539054930210114
0.23170773684978485,-0.3906905949115753,-0.3186490535736084
-0.27985936403274536,-0.3079409599304199,-0.28467893600463867
0.24180209636688232,-0.4199298620223999,-0.327009916305542
-0.2969915270805359,-0.3414548933506012,-0.2969479262828827
0.2320357710123062,-0.39703622460365295,-0.2828596234321594
-0.2741284668445587,-0.3188840448856354,-0.25673961639404297
0.1129702553153038,-0.0022102484945207834,0.01188096683472395
-0.11291661113500595,0.0015352838672697544,-0.011063026264309883
0.14188358187675476,0.41601234674453735,-0.00025597354397177696
-0.12147287279367447,0.39568763971328735,-0.017905553802847862
0.2185172140598297,0.7567726969718933,0.12124281376600266
-0.14978532493114471,0.7567630410194397,0.11044395714998245
0.2313046008348465,0.8012510538101196,0.1249794065952301
-0.15201839804649353,0.8026477694511414,0.11485928297042847
0.26161861419677734,0.8588858842849731,-0.0014269576640799642
-0.17020897567272186,0.8611437678337097,-0.01576438546180725
-
0.0022468524985015392,-0.638282835483551,-0.1630682349205017
0.008861614391207695,-0.6757028102874756,-0.1458214819431305
0.009334549307823181,-0.6761054992675781,-0.14537720382213593
0.009053046815097332,-0.6766065955162048,-0.14510482549667358
-0.02477743662893772,-0.6719833612442017,-0.14608891308307648
-0.02443581633269787,-0.6727784872055054,-0.14693239331245422
-0.024541862308979034,-0.6739497184753418,-0.14601530134677887
0.055723268538713455,-0.6640151143074036,-0.02670014090836048
-0.09515836834907532,-0.6528445482254028,-0.042496003210544586
0.023256409913301468,-0.6140961050987244,-0.1200990080833435
-0.020198337733745575,-0.6082539558410645,-0.12317556142807007
0.14166350662708282,-0.4695455729961395,0.04740422964096069
-0.16510838270187378,-0.4639423191547394,0.028302187100052834
0.17861595749855042,-0.2660380005836487,-0.04183449223637581
-0.21596446633338928,-0.22967879474163055,-0.030408794060349464
0.23172137141227722,-0.37965622544288635,-0.27539360523223877
-0.2751999795436859,-0.30343854427337646,-0.2457694709300995
0.23174907267093658,-0.39063581824302673,-0.3186318576335907
-0.2798559069633484,-0.30771562457084656,-0.2850494384765625
0.2418650984764099,-0.4198565185070038,-0.3270069360733032
-0.2970077395439148,-0.34125497937202454,-0.2973938286304474
0.23204854130744934,-0.3969946801662445,-0.2828594446182251
-0.27413132786750793,-0.3187136948108673,-0.2571631371974945
0.11297474801540375,-0.0022127642296254635,0.011886845342814922
-0.11292120814323425,0.0015377728268504143,-0.011069081723690033
0.1418972611427307,0.41601669788360596,-0.00030217834864743054
-0.12150450050830841,0.39568430185317993,-0.01789015904068947
0.2185099571943283,0.756644070148468,0.12144702672958374
-0.14954648911952972,0.7566185593605042,0.11076343059539795
0.23129220306873322,0.8011030554771423,0.12523490190505981
-0.1516973078250885,0.8024874329566956,0.11522053182125092
0.2615734934806824,0.8588811159133911,-0.0011328852269798517
-0.16975735127925873,0.8611122369766235,-0.01533927395939827
-
0.0022665837313979864,-0.638309895992279,-0.16342926025390625
0.008860575035214424,-0.6757298111915588,-0.14616097509860992
0.009333467110991478,-0.6761323809623718,-0.14571738243103027
0.009051956236362457,-0.6766334176063538,-0.14544568955898285
-0.024776486679911613,-0.6720110774040222,-0.14647674560546875
-0.024434886872768402,-0.6728062629699707,-0.14732085168361664
-0.024540849030017853,-0.6739774942398071,-0.14640232920646667
0.05570570379495621,-0.6640679240226746,-0.026981795206665993
-0.09517298638820648,-0.6528766751289368,-0.04295027256011963
0.023269198834896088,-0.6141312122344971,-0.12044977396726608
-0.02018190547823906,-0.6082833409309387,-0.12357430905103683
0.14164917171001434,-0.4695829749107361,0.04719550162553787
-0.16511082649230957,-0.4639436602592468,0.027886567637324333
0.17858853936195374,-0.26603999733924866,-0.04184364527463913
-0.21588534116744995,-0.22962269186973572,-0.03082554042339325
0.23191577196121216,-0.37968289852142334,-0.27535274624824524
-0.27518147230148315,-0.30336809158325195,-0.24625596404075623
0.23214124143123627,-0.39068081974983215,-0.31854936480522156
-0.2798454761505127,-0.3076440989971161,-0.2855014204978943
0.24238228797912598,-0.41988539695739746,-0.32695716619491577
-0.29701825976371765,-0.34118542075157166,-0.29788628220558167
0.2323179990053177,-0.3970176875591278,-0.2828311324119568
-0.27412793040275574,-0.3186477720737457,-0.2576785087585449
0.11297885328531265,-0.002215823857113719,0.011891690082848072
-0.11292552947998047,0.0015407823957502842,-0.011074092239141464
0.1419283151626587,0.4160144627094269,-0.0003180610074196011
-0.12151844799518585,0.3956872522830963,-0.017876414582133293
0.21852357685565948,0.7565149068832397,0.12159381061792374
-0.14927718043327332,0.756469190120697,0.11104154586791992
0.23129913210868835,0.8009620904922485,0.12541192770004272
-0.15136617422103882,0.8023216128349304,0.11553727090358734
0.2615560293197632,0.8588827848434448,-0.0009268823778256774
-0.16943958401679993,0.8610583543777466,-0.014897963963449001
-
0.0022789319045841694,-0.6383386850357056,-0.16374056041240692
0.008861184120178223,-0.6757598519325256,-0.1464470624923706
0.009334075264632702,-0.6761624813079834,-0.1460043042898178
0.009052547626197338,-0.6766635179519653,-0.14573293924331665
-0.0247763954102993,-0.6720402240753174,-0.14679893851280212
-0.024434832856059074,-0.6728354096412659,-0.14764341711997986
-0.02454070933163166,-0.6740066409111023,-0.14672337472438812
0.05568869411945343,-0.6640996336936951,-0.027189956977963448
-0.09519196301698685,-0.6529088020324707,-0.043285828083753586
0.02327641099691391,-0.614162027835846,-0.12074161320924759
-0.0201752670109272,-0.608312726020813,-0.12390394508838654
0.14163146913051605,-0.469606876373291,0.047037821263074875
-0.16512061655521393,-0.4639449119567871,0.027600403875112534
0.17855362594127655,-0.2660372853279114,-0.04184890538454056
-0.2157873511314392,-0.22957859933376312,-0.031097648665308952
0.23201976716518402,-0.37970098853111267,-0.27523764967918396
-0.27515336871147156,-0.30329394340515137,-0.24660374224185944
0.2323615700006485,-0.3907097578048706,-0.3183707594871521
-0.2798292934894562,-0.3075571060180664,-0.285824179649353
0.24268661439418793,-0.41990581154823303,-0.32682153582572937
-0.29702743887901306,-0.34109604358673096,-0.29824915528297424
0.2324674129486084,-0.3970339894294739,-0.2827316224575043
-0.27411746978759766,-0.3185748755931854,-0.2580512762069702
0.11298222839832306,-0.0022206860594451427,0.01189623773097992
-0.1129290759563446,0.0015455662505701184,-0.01107876282185316
0.14195844531059265,0.41601234674453735,-0.0003237847122363746
-0.12152282148599625,0.39568865299224854,-0.0178635623306036
0.2185593843460083,0.7564013600349426,0.1216840147972107
-0.14897888898849487,0.7563483119010925,0.11125020682811737
0.2313290685415268,0.800837516784668,0.1255190372467041
-0.1510147601366043,0.8021888732910156,0.11576974391937256
0.26156213879585266,0.858877420425415,-0.0007984318071976304
-0.16911402344703674,0.8610086441040039,-0.01456969603896141
-
0.002304228488355875,-0.6383644342422485,-0.16405656933784485
0.00887320563197136,-0.6757879853248596,-0.14674220979213715
0.009345991536974907,-0.6761907339096069,-0.1463000327348709
0.009064549580216408,-0.6766918301582336,-0.1460292935371399
-0.024767059832811356,-0.6720677018165588,-0.14712783694267273
-0.024425555020570755,-0.6728626489639282,-0.1479729264974594
-0.02453128807246685,-0.6740339994430542,-0.1470520943403244
0.05567611753940582,-0.6641314625740051,-0.027399318292737007
-0.0952029675245285,-0.6529319882392883,-0.04361739382147789
0.02329315058887005,-0.6141940355300903,-0.12103171646595001
-0.020160775631666183,-0.6083434224128723,-0.12422972172498703
0.14162354171276093,-0.4696303606033325,0.04691847786307335
-0.1651231050491333,-0.4639469087123871,0.027283363044261932
0.17854294180870056,-0.26604416966438293,-0.04185376688838005
-0.21567195653915405,-0.2295546680688858,-0.031428806483745575
0.23217718303203583,-0.37972593307495117,-0.27517151832580566
-0.27509382367134094,-0.30322322249412537,-0.24704331159591675
0.23263154923915863,-0.3907419443130493,-0.3182792067527771
-0.2797873914241791,-0.30746862292289734,-0.2862699627876282
0.24300731718540192,-0.419929176568985,-0.32675108313560486
-0.2970188856124878,-0.3409965932369232,-0.29873746633529663
0.23266011476516724,-0.39705660939216614,-0.2826760411262512
-0.2740795314311981,-0.3185015916824341,-0.2585199177265167
0.11298531293869019,-0.0022238162346184254,0.011906069703400135
-0.11293227970600128,0.001548702479340136,-0.011088605970144272
0.1420123428106308,0.4160049855709076,-0.00034630356822162867
-0.12152405083179474,0.3957102596759796,-0.017907604575157166
0.21858097612857819,0.7562758922576904,0.1218426525592804
-0.1487966626882553,0.7561290264129639,0.11148156225681305
0.23134419322013855,0.8007038235664368,0.1257113665342331
-0.15080109238624573,0.801939845085144,0.11606010049581528
0.26156580448150635,0.8588665127754211,-0.0005532812210731208
-0.1688447743654251,0.8608824610710144,-0.0141200115904212
-
0.002303225686773658,-0.6383869647979736,-0.16416050493717194
0.008860211819410324,-0.6758130788803101,-0.14683625102043152
0.00933290459215641,-0.6762159466743469,-0.14639438688755035
0.009051506407558918,-0.6767171025276184,-0.14612403512001038
-0.024780934676527977,-0.6720920205116272,-0.1472383588552475
-0.02443934604525566,-0.6728867888450623,-0.1480834037065506
-0.02454528585076332,-0.674058198928833,-0.14716339111328125
0.0556296780705452,-0.6641634702682495,-0.027461739256978035
-0.09525871276855469,-0.6529580950737,-0.04374176263809204
0.023286763578653336,-0.6142235994338989,-0.12112761288881302
-0.020166324451565742,-0.6083717346191406,-0.12434424459934235
0.1415908932685852,-0.46965423226356506,0.046888936311006546
-0.16515131294727325,-0.4639394283294678,0.02716820500791073
0.17850850522518158,-0.2660413384437561,-0.0418492890894413
-0.21565498411655426,-0.22951790690422058,-0.03158234432339668
0.23218506574630737,-0.37972643971443176,-0.2751160264015198
-0.2750861346721649,-0.3031858205795288,-0.24725115299224854
0.23265007138252258,-0.3907398283481598,-0.3182242512702942
-0.27978459000587463,-0.307420551776886,-0.28649261593818665
0.24302616715431213,-0.4199258089065552,-0.3267067074775696
-0.2970269024372101,-0.3409486413002014,-0.29896700382232666
0.23267118632793427,-0.39705535769462585,-0.2826278507709503
-0.27407780289649963,-0.3184643089771271,-0.2587338984012604
0.11298608034849167,-0.0022260311525315046,0.011917141266167164
-0.11293318122625351,0.0015509109944105148,-0.011099721305072308
0.1420678198337555,0.415964812040329,-0.00034738064277917147
-0.12152530997991562,0.3956638276576996,-0.017892342060804367
0.21855178475379944,0.7561677098274231,0.12194280326366425
-0.14875097572803497,0.7560271620750427,0.1115095466375351
0.23129668831825256,0.8005905747413635,0.1258220076560974
-0.15074984729290009,0.8018381595611572,0.11608666926622391
0.2614995539188385,0.8588161468505859,-0.00045586563646793365
-0.16875702142715454,0.8607953190803528,-0.01409127190709114
-
0.002280215034261346,-0.6384071707725525,-0.16417966783046722
0.00881139375269413,-0.6758372187614441,-0.14685554802417755
0.009283930994570255,-0.6762399673461914,-0.1464136391878128
0.009002685546875,-0.6767412424087524,-0.1461433321237564
-0.024827657267451286,-0.672111988067627,-0.1472569704055786
-0.024486038833856583,-0.6729066371917725,-0.1481020450592041
-0.024592382833361626,-0.6740781664848328,-0.14718198776245117
0.05551854893565178,-0.6641926169395447,-0.0274866484105587
-0.09535752981901169,-0.6529816389083862,-0.043772365897893906
0.023253614082932472,-0.6142465472221375,-0.1211496964097023
-0.020194657146930695,-0.6083952784538269,-0.12436901777982712
0.14151206612586975,-0.4696766138076782,0.04685530439019203
-0.16520991921424866,-0.46392595767974854,0.02713385596871376
0.17842960357666016,-0.266022264957428,-0.041800402104854584
-0.21565407514572144,-0.22944964468479156,-0.031646814197301865
0.23218809068202972,-0.3797016143798828,-0.27491429448127747
-0.27508896589279175,-0.30309757590293884,-0.24732562899589539
0.2326659858226776,-0.39070746302604675,-0.3180168867111206
-0.27979424595832825,-0.3073071837425232,-0.28657156229019165
0.2430402636528015,-0.4198960065841675,-0.3265303671360016
-0.29704779386520386,-0.34084033966064453,-0.29904529452323914
0.23267725110054016,-0.3970269560813904,-0.2824428677558899
-0.27408573031425476,-0.3183751404285431,-0.25880923867225647
0.11298664659261703,-0.0022316561080515385,0.011924438178539276
-0.11293395608663559,0.001556489383801818,-0.011106871999800205
0.14211922883987427,0.4159204065799713,-0.00034568854607641697
-0.12151175737380981,0.3956439197063446,-0.017884807661175728
0.21848821640014648,0.7560663819313049,0.12205268442630768
-0.14861136674880981,0.7559470534324646,0.1115376204252243
0.23120316863059998,0.8004889488220215,0.1259455680847168
-0.15060138702392578,0.8017571568489075,0.1161133199930191
0.2613799273967743,0.858786404132843,-0.0003173858567606658
-0.1686529815196991,0.8607019782066345,-0.014066124334931374
-
0.002205329481512308,-0.6384271383285522,-0.16439296305179596
0.008711148053407669,-0.6758594512939453,-0.1470583975315094
0.009183647111058235,-0.6762622594833374,-0.14661698043346405
0.00890269037336111,-0.6767635941505432,-0.1463472992181778
-0.024932686239480972,-0.6721333265304565,-0.14746834337711334
-0.02459086664021015,-0.6729277968406677,-0.14831364154815674
-0.024697674438357353,-0.6740994453430176,-0.14739419519901276
0.05539722740650177,-0.6642228364944458,-0.02765793353319168
-0.095504030585289,-0.6530035138130188,-0.043962571769952774
0.023178886622190475,-0.6142722368240356,-0.12135553359985352
-0.0202727522701025,-0.6084194779396057,-0.12457797676324844
0.14144064486026764,-0.46969813108444214,0.046740349382162094
-0.165312260389328,-0.46391987800598145,0.0270240418612957
0.1783214956521988,-0.26594051718711853,-0.04180755093693733
-0.2156602144241333,-0.2293839305639267,-0.03175782412290573
0.23214682936668396,-0.37951919436454773,-0.27492809295654297
-0.27508822083473206,-0.30301353335380554,-0.2476189285516739
0.23263590037822723,-0.39045917987823486,-0.3180391788482666
-0.2797946631908417,-0.30719053745269775,-0.28691792488098145
0.24299807846546173,-0.4196580648422241,-0.32658183574676514
-0.2970586121082306,-0.3407483398914337,-0.2993943989276886
0.23263487219810486,-0.39683809876441956,-0.2824665606021881
-0.27408817410469055,-0.31829866766929626,-0.2591114640235901
0.11299131065607071,-0.0022363036405295134,0.011931508779525757
-0.11293872445821762,0.001560910139232874,-0.011113755404949188
0.14213712513446808,0.41590312123298645,-0.00036333303432911634
-0.12149166315793991,0.3956317901611328,-0.017882399260997772
0.2183477133512497,0.7559880614280701,0.1221795305609703
-0.14845161139965057,0.7558498382568359,0.11162561923265457
0.2310255914926529,0.8004079461097717,0.12609326839447021
-0.15042616426944733,0.8016555905342102,0.11621007323265076
0.26118040084838867,0.8587756156921387,-0.00016558091738261282
-0.16847701370716095,0.8606051206588745,-0.013988588936626911
-
0.002187492325901985,-0.6384175419807434,-0.16446153819561005
0.008679823018610477,-0.6758556365966797,-0.14712591469287872
0.009152285754680634,-0.6762588024139404,-0.14668482542037964
0.008871479891240597,-0.6767602562904358,-0.1464151293039322
-0.024967269971966743,-0.6721261143684387,-0.14753615856170654
-0.024625390768051147,-0.6729199290275574,-0.14838136732578278
-0.02473239041864872,-0.6740918159484863,-0.14746206998825073
0.05536692589521408,-0.6642491221427917,-0.02771216258406639
-0.0955541804432869,-0.6530110239982605,-0.04400702565908432
0.02316511981189251,-0.6142828464508057,-0.12141754478216171
-0.020288867875933647,-0.6084242463111877,-0.12463564425706863
0.14142882823944092,-0.46971842646598816,0.04671456292271614
-0.1653493195772171,-0.463908314704895,0.026988396421074867
0.17828403413295746,-0.26587364077568054,-0.041801996529102325
-0.21564310789108276,-0.22929666936397552,-0.031795211136341095
0.2321411371231079,-0.37939053773880005,-0.2749404013156891
-0.275064617395401,-0.30285346508026123,-0.24769555032253265
0.2326391339302063,-0.39028435945510864,-0.31806710362434387
-0.2797723710536957,-0.3069712817668915,-0.2870328724384308
0.24298904836177826,-0.4194853901863098,-0.32663485407829285
-0.29705214500427246,-0.3405660390853882,-0.29952654242515564
0.23262682557106018,-0.39670389890670776,-0.28248879313468933
-0.27406853437423706,-0.3181478977203369,-0.25919806957244873
0.11299989372491837,-0.0022416599094867706,0.011936926282942295
-0.11294730007648468,0.0015660603530704975,-0.011119144037365913
0.14215421676635742,0.4158906638622284,-0.000467411067802459
-0.12145627290010452,0.3956395089626312,-0.017956409603357315
0.21823593974113464,0.7558930516242981,0.1222337931394577
-0.148178368806839,0.7557303309440613,0.11168757826089859
0.2308885008096695,0.8003096580505371,0.12617146968841553
-0.150119811296463,0.801522433757782,0.11629532277584076
0.2610114812850952,0.8587675094604492,-5.757629332947545e-05
-0.16818542778491974,0.8605096936225891,-0.013850582763552666
-
0.0021873062942177057,-0.6384209990501404,-0.16456803679466248
0.008664076216518879,-0.6758638024330139,-0.14723314344882965
0.009136375039815903,-0.6762670874595642,-0.14679233729839325
0.008855653926730156,-0.6767686605453491,-0.1465231031179428
-0.024981655180454254,-0.6721271872520447,-0.14764933288097382
-0.02463974431157112,-0.6729205846786499,-0.14849473536014557
-0.024746812880039215,-0.6740925908088684,-0.14757604897022247
0.05533084645867348,-0.6642744541168213,-0.02781940996646881
-0.09558257460594177,-0.6530083417892456,-0.044123575091362
0.02316593937575817,-0.6142999529838562,-0.12152154743671417
-0.02028563991189003,-0.6084331274032593,-0.12474000453948975
0.14142359793186188,-0.469736784696579,0.04664245620369911
-0.1653585582971573,-0.46388861536979675,0.026905659586191177
0.1782611757516861,-0.265775591135025,-0.041814014315605164
-0.2156193107366562,-0.22918863594532013,-0.031901195645332336
0.2321564257144928,-0.3792497217655182,-0.2750668227672577
-0.274990051984787,-0.30273857712745667,-0.2479737102985382
0.23266685009002686,-0.3901073634624481,-0.3182453215122223
-0.2796838581562042,-0.3068116009235382,-0.2873627543449402
0.24300473928451538,-0.41930460929870605,-0.3268603980541229
-0.2969874143600464,-0.3404485881328583,-0.29985183477401733
0.23264259099960327,-0.3965587019920349,-0.2826389968395233
-0.2739925980567932,-0.3180456757545471,-0.2594835162162781
0.11300668865442276,-0.002243927214294672,0.011944852769374847
-0.11295434832572937,0.0015682264929637313,-0.011127079837024212
0.14216814935207367,0.4158784747123718,-0.0005813610623590648
-0.12144406139850616,0.3956390619277954,-0.018002521246671677
0.21801221370697021,0.7557587623596191,0.12235447019338608
-0.14801084995269775,0.755635142326355,0.11176182329654694
0.2306240200996399,0.8001630902290344,0.1263262927532196
-0.14993155002593994,0.8014197945594788,0.11638972163200378
0.260693222284317,0.8587363362312317,0.00011415741028031334
-0.16801011562347412,0.86041659116745,-0.013754792511463165
-
0.0021429776679724455,-0.6383728384971619,-0.16468994319438934
0.008574400097131729,-0.6758307814598083,-0.14737127721309662
0.009046094492077827,-0.6762341856956482,-0.14693115651607513
0.008765801787376404,-0.6767359375953674,-0.14666198194026947
-0.025071369484066963,-0.6720733642578125,-0.1477760225534439
-0.024729441851377487,-0.6728659272193909,-0.14862143993377686
-0.024836605414748192,-0.674038290977478,-0.14770305156707764
0.05525432899594307,-0.6642975807189941,-0.027976643294095993
-0.09566377103328705,-0.6529766917228699,-0.044205136597156525
0.023142464458942413,-0.6142947673797607,-0.12164212018251419
-0.020307928323745728,-0.6084047555923462,-0.12483606487512589
0.14142218232154846,-0.46977296471595764,0.046521175652742386
-0.1653883308172226,-0.4638805687427521,0.02687252312898636
0.17812028527259827,-0.2656131386756897,-0.04182498902082443
-0.21559004485607147,-0.2291502207517624,-0.03193065896630287
0.2320798933506012,-0.37890708446502686,-0.2751699686050415
-0.2749718129634857,-0.3026878237724304,-0.24807769060134888
0.23260484635829926,-0.38966456055641174,-0.3184005916118622
-0.2796708047389984,-0.30671605467796326,-0.2875153124332428
0.24292424321174622,-0.41886603832244873,-0.3270936906337738
-0.29698681831359863,-0.34038156270980835,-0.3000389039516449
0.2325664907693863,-0.3962096869945526,-0.2827700972557068
-0.27397629618644714,-0.31800124049186707,-0.2596084475517273
0.11301920562982559,-0.002247096039354801,0.01194800715893507
-0.11296718567609787,0.0015711954329162836,-0.01113023143261671
0.1421811580657959,0.41587135195732117,-0.0007305603940039873
-0.12144153565168381,0.3956710398197174,-0.018103089183568954
0.2178199738264084,0.7556265592575073,0.12247514724731445
-0.14786311984062195,0.7555179595947266,0.11190640926361084
0.2303992509841919,0.8000206351280212,0.1264842301607132
-0.1497589647769928,0.801288366317749,0.11658024042844772
0.26042598485946655,0.8587104678153992,0.00029160623671486974
-0.16790367662906647,0.860308051109314,-0.013489755801856518
-
0.0021198163740336895,-0.6383528113365173,-0.16483016312122345
0.008512239903211594,-0.6758204698562622,-0.14752186834812164
0.008983461186289787,-0.676223874092102,-0.14708201587200165
0.008703530766069889,-0.6767257452011108,-0.1468130201101303
-0.025132616981863976,-0.672046959400177,-0.1479169875383377
-0.024790417402982712,-0.6728390455245972,-0.14876219630241394
-0.02489786222577095,-0.6740115284919739,-0.1478448212146759
0.05519649758934975,-0.6643180251121521,-0.028137609362602234
-0.09571933001279831,-0.6529491543769836,-0.04429679363965988
0.02313343621790409,-0.6143003702163696,-0.1217813566327095
-0.020315898582339287,-0.6083924770355225,-0.12495146691799164
0.14143331348896027,-0.4698159098625183,0.04641756787896156
-0.16540242731571198,-0.46386635303497314,0.026843925938010216
0.17803913354873657,-0.26548323035240173,-0.04184241220355034
-0.21557071805000305,-0.2290731966495514,-0.03195783868432045
0.2320273220539093,-0.3785870373249054,-0.27539771795272827
-0.274941623210907,-0.3026297092437744,-0.2481919825077057
0.23255495727062225,-0.38923829793930054,-0.31873390078544617
-0.2796359360218048,-0.30662626028060913,-0.28768837451934814
0.24285292625427246,-0.41844642162323,-0.32752060890197754
-0.29697370529174805,-0.34032800793647766,-0.30022647976875305
0.2325090765953064,-0.395883172750473,-0.28303590416908264
-0.2739472985267639,-0.31795498728752136,-0.2597363293170929
0.11303181201219559,-0.002249042270705104,0.011952162720263004
-0.11298000067472458,0.0015729991719126701,-0.011134414933621883
0.14219339191913605,0.41586264967918396,-0.0008382902597077191
-0.12143921852111816,0.3956851363182068,-0.018159642815589905
0.21770744025707245,0.7554784417152405,0.12266146391630173
-0.1477978676557541,0.7553983330726624,0.11209079623222351
0.23026980459690094,0.7998592257499695,0.12671536207199097
-0.1496814489364624,0.8011562824249268,0.11681171506643295
0.26025575399398804,0.8586531281471252,0.0005206640926189721
-0.16783057153224945,0.8602023720741272,-0.013234248384833336
-
0.002106420462951064,-0.6383050084114075,-0.16485640406608582
0.008473733440041542,-0.6757828593254089,-0.14754803478717804
0.008944456465542316,-0.6761862635612488,-0.14710819721221924
0.008664727210998535,-0.676688015460968,-0.1468392312526703
-0.02516859956085682,-0.6719911098480225,-0.14794345200061798
-0.024826396256685257,-0.6727829575538635,-0.14878863096237183
-0.02493404597043991,-0.6739553809165955,-0.14787128567695618
0.055160753428936005,-0.6643330454826355,-0.028166282922029495
-0.09574773907661438,-0.6528972387313843,-0.04432491213083267
0.023128952831029892,-0.6142845749855042,-0.12181015312671661
-0.020318932831287384,-0.6083551645278931,-0.12497863918542862
0.14144252240657806,-0.4698437452316284,0.046385496854782104
-0.16541071236133575,-0.4638354778289795,0.02683827094733715
0.1779419481754303,-0.26538702845573425,-0.04182768613100052
-0.2155531644821167,-0.22897633910179138,-0.031890735030174255
0.2319675087928772,-0.3783746063709259,-0.27540484070777893
-0.27493777871131897,-0.30258673429489136,-0.24818427860736847
0.23250852525234222,-0.3889545202255249,-0.31875085830688477
-0.2796342670917511,-0.30656829476356506,-0.28768566250801086
0.24278759956359863,-0.41814208030700684,-0.3275531828403473
-0.29698917269706726,-0.3402910530567169,-0.3002302050590515
0.23244722187519073,-0.3956545889377594,-0.28304848074913025
-0.2739470601081848,-0.3179205358028412,-0.259732723236084
0.11303974688053131,-0.002251156372949481,0.011953714303672314
-0.11298820376396179,0.0015750470338389277,-0.011135964654386044
0.14219993352890015,0.41585883498191833,-0.0009050782537087798
-0.12143842875957489,0.39568567276000977,-0.018175490200519562
0.21764898300170898,0.7553987503051758,0.12268990278244019
-0.14776407182216644,0.7553672790527344,0.11211909353733063
0.23020604252815247,0.7997674942016602,0.12675149738788605
-0.14964431524276733,0.801124632358551,0.11684302240610123
0.26015856862068176,0.8585919141769409,0.0005519386613741517
-0.1678113341331482,0.8601645827293396,-0.013206841424107552
-
0.0021169993560761213,-0.638279139995575,-0.165093332529068
0.008462492376565933,-0.6757649183273315,-0.14779536426067352
0.008933140896260738,-0.6761685609817505,-0.14735595881938934
0.008653483353555202,-0.6766703128814697,-0.14708663523197174
-0.025179365649819374,-0.6719622015953064,-0.148183673620224
-0.024837147444486618,-0.6727530360221863,-0.14903001487255096
-0.0249447301030159,-0.6739256978034973,-0.14811159670352936
0.0551411397755146,-0.6643497943878174,-0.028407206758856773
-0.09576571732759476,-0.6528840661048889,-0.044504351913928986
0.023153014481067657,-0.6142845749855042,-0.1220383495092392
-0.020294731482863426,-0.6083418130874634,-0.12518122792243958
0.14149294793605804,-0.4698939025402069,0.04618275538086891
-0.16541627049446106,-0.4638335704803467,0.026804763823747635
0.17790500819683075,-0.2652686834335327,-0.04195254296064377
-0.21554051339626312,-0.22894640266895294,-0.0319080725312233
0.23189736902713776,-0.37799352407455444,-0.2761937379837036
-0.27488407492637634,-0.302509069442749,-0.2485312819480896
0.23242580890655518,-0.3884054124355316,-0.3197334110736847
-0.2795354425907135,-0.30639925599098206,-0.2881774306297302
0.242672860622406,-0.41759446263313293,-0.3286687433719635
-0.29690441489219666,-0.3401932716369629,-0.3007563352584839
0.23236581683158875,-0.3952622413635254,-0.28388848900794983
-0.2738805115222931,-0.3178545832633972,-0.2601112425327301
0.11306045204401016,-0.002253130543977022,0.011950626969337463
-0.11300923675298691,0.0015768228331580758,-0.011132982559502125
0.1421985626220703,0.41587743163108826,-0.0010321211302652955
-0.12146767973899841,0.39573898911476135,-0.018239982426166534
0.21757078170776367,0.7552987933158875,0.12286414951086044
-0.14774389564990997,0.755222499370575,0.11246519535779953
0.2301190048456192,0.7996602058410645,0.12696842849254608
-0.1496228128671646,0.8009597063064575,0.11726371198892593
0.25998374819755554,0.8585942983627319,0.0007584351697005332
-0.16779807209968567,0.8600571155548096,-0.012645294889807701
-
0.002128128195181489,-0.6382660269737244,-0.1652616709470749
0.008453939110040665,-0.6757572889328003,-0.14797016978263855
0.008924560621380806,-0.6761611104011536,-0.1475314199924469
0.008644984103739262,-0.6766628623008728,-0.14726154506206512
-0.025187863036990166,-0.6719475388526917,-0.14835278689861298
-0.024845631793141365,-0.672737717628479,-0.14920032024383545
-0.024953113868832588,-0.6739104986190796,-0.1482810080051422
0.055126555263996124,-0.664366602897644,-0.02857907861471176
-0.09578052163124084,-0.6528796553611755,-0.04462666064500809
0.023177003487944603,-0.6142880916595459,-0.12220262736082077
-0.02027188241481781,-0.6083366870880127,-0.1253252774477005
0.1415388137102127,-0.46995076537132263,0.04603756591677666
-0.1654195487499237,-0.4638333320617676,0.02677902765572071
0.1778763383626938,-0.26521530747413635,-0.04206060990691185
-0.2155277580022812,-0.22891797125339508,-0.03192468732595444
0.23178550601005554,-0.37771785259246826,-0.27675861120224
-0.2748216986656189,-0.30243900418281555,-0.248785600066185
0.23228596150875092,-0.3879985213279724,-0.3204302489757538
-0.2794295847415924,-0.3062596619129181,-0.28854265809059143
0.2424795776605606,-0.4171859622001648,-0.32944247126579285
-0.2967992424964905,-0.34011057019233704,-0.3011421263217926
0.23222951591014862,-0.3949710726737976,-0.2844848930835724
-0.2738029658794403,-0.31779441237449646,-0.26038646697998047
0.11307632178068161,-0.0022565899416804314,0.011949311941862106
-0.11302515119314194,0.0015800325199961662,-0.011131682433187962
0.14220140874385834,0.41588759422302246,-0.0011244313791394234
-0.12148628383874893,0.39579468965530396,-0.018303949385881424
0.21750399470329285,0.7552611827850342,0.12289395183324814
-0.1476873755455017,0.7551333904266357,0.11264299601316452
0.23004573583602905,0.7996216416358948,0.12700705230236053
-0.1495518982410431,0.8008571863174438,0.11747746169567108
0.2598976492881775,0.8586058616638184,0.0007993566687218845
-0.1677791178226471,0.8599764108657837,-0.012310679070651531
-
0.0021246206015348434,-0.6382657885551453,-0.16539743542671204
0.008432015776634216,-0.6757596731185913,-0.14810584485530853
0.008902647532522678,-0.6761635541915894,-0.14766739308834076
0.008623282425105572,-0.6766653060913086,-0.1473972499370575
-0.02521035261452198,-0.6719452738761902,-0.14848650991916656
-0.02486809529364109,-0.6727352142333984,-0.14933490753173828
-0.024975445121526718,-0.673907995223999,-0.14841558039188385
0.05510472133755684,-0.6643928289413452,-0.02871747687458992
-0.09580383449792862,-0.6528753042221069,-0.044731684029102325
0.02317921631038189,-0.6142969727516174,-0.1223401203751564
-0.02026945911347866,-0.6083382964134216,-0.12544791400432587
0.1415640115737915,-0.47001808881759644,0.045905761420726776
-0.16543231904506683,-0.46382972598075867,0.02673233672976494
0.17785561084747314,-0.26519879698753357,-0.042181022465229034
-0.2155260443687439,-0.22889147698879242,-0.03195788711309433
0.23169490694999695,-0.37753331661224365,-0.27729886770248413
-0.2748117744922638,-0.30236706137657166,-0.24903221428394318
0.23216888308525085,-0.38771119713783264,-0.32109376788139343
-0.27940866351127625,-0.3061278760433197,-0.28888341784477234
0.24229702353477478,-0.41690102219581604,-0.33015871047973633
-0.29678216576576233,-0.34002116322517395,-0.30150553584098816
0.23210950195789337,-0.39477160573005676,-0.2850552499294281
-0.27378982305526733,-0.3177284300327301,-0.2606545388698578
0.11308948695659637,-0.002260045614093542,0.011950129643082619
-0.11303838342428207,0.0015833501238375902,-0.011132579296827316
0.1421942114830017,0.4158856272697449,-0.0012060647131875157
-0.12151511013507843,0.3958451747894287,-0.018397748470306396
0.21733881533145905,0.7552158236503601,0.12292857468128204
-0.14766733348369598,0.7550148963928223,0.11278612911701202
0.22986707091331482,0.7995755076408386,0.12704160809516907
-0.14952416718006134,0.8007215261459351,0.11765488237142563
0.25974851846694946,0.8586005568504333,0.0008319237967953086
-0.16776248812675476,0.8598748445510864,-0.01197728794068098
-
0.002117687603458762,-0.6382677555084229,-0.16551119089126587
0.00840835738927126,-0.6757648587226868,-0.1482204645872116
0.00887903943657875,-0.6761687397956848,-0.14778247475624084
0.008599841967225075,-0.676670491695404,-0.14751200377941132
-0.02523440308868885,-0.6719457507133484,-0.14859448373317719
-0.024892032146453857,-0.6727354526519775,-0.14944344758987427
-0.024999340996146202,-0.6739082932472229,-0.14852449297904968
0.055086925625801086,-0.664420485496521,-0.02884133718907833
-0.09582243859767914,-0.6528748869895935,-0.04480569809675217
0.02317933179438114,-0.6143083572387695,-0.12245848029851913
-0.020269200205802917,-0.6083419919013977,-0.12554751336574554
0.14158819615840912,-0.47007453441619873,0.045782268047332764
-0.1654428094625473,-0.4638284146785736,0.02670872211456299
0.17782796919345856,-0.26517584919929504,-0.04229253530502319
-0.21552012860774994,-0.2288685441017151,-0.03197357431054115
0.23149923980236053,-0.3772926926612854,-0.2777256667613983
-0.2748023271560669,-0.3023468852043152,-0.24922528862953186
0.2319045215845108,-0.3873555064201355,-0.321620911359787
-0.2793962061405182,-0.30608585476875305,-0.28916698694229126
0.2419503629207611,-0.4165496230125427,-0.3307272493839264
-0.29677248001098633,-0.34000158309936523,-0.3017987608909607
0.23186738789081573,-0.39451417326927185,-0.2855028510093689
-0.2737785279750824,-0.3177092969417572,-0.2608628273010254
0.11310107260942459,-0.0022633522748947144,0.011950336396694183
-0.11304997652769089,0.0015864557353779674,-0.011132855899631977
0.14218656718730927,0.4158845543861389,-0.0012531941756606102
-0.12153272330760956,0.39586642384529114,-0.018422776833176613
0.2172413319349289,0.7551532983779907,0.12297401577234268
-0.1476443111896515,0.7549706101417542,0.11290046572685242
0.2297658920288086,0.799508273601532,0.1270955502986908
-0.1494954228401184,0.8006744384765625,0.11778263002634048
0.2596723139286041,0.8585803508758545,0.0009039362194016576
-0.16774816811084747,0.8598333597183228,-0.011794734746217728
-
0.00211341236717999,-0.6382753252983093,-0.16557052731513977
0.00839139986783266,-0.6757753491401672,-0.14826908707618713
0.008862212300300598,-0.6761794090270996,-0.14783117175102234
0.008583134971559048,-0.6766812205314636,-0.14756006002426147
-0.025252407416701317,-0.6719508171081543,-0.1486426293849945
-0.024909963831305504,-0.6727402806282043,-0.14949119091033936
-0.025017185136675835,-0.6739131808280945,-0.14857183396816254
0.05507154390215874,-0.664445698261261,-0.028878401964902878
-0.09584326297044754,-0.6528764367103577,-0.044834014028310776
0.023180168122053146,-0.6143242716789246,-0.12251734733581543
-0.02026902325451374,-0.6083504557609558,-0.1256011724472046
0.14160336554050446,-0.47010883688926697,0.045740704983472824
-0.16545988619327545,-0.4638250768184662,0.0266851969063282
0.17778994143009186,-0.2651606798171997,-0.04231133311986923
-0.2155510038137436,-0.22884806990623474,-0.03198252618312836
0.23138725757598877,-0.37723681330680847,-0.2777790129184723
-0.27489426732063293,-0.3022620379924774,-0.24925710260868073
0.23176787793636322,-0.3872688114643097,-0.32169315218925476
-0.27949848771095276,-0.3059406578540802,-0.28922367095947266
0.24177433550357819,-0.416473925113678,-0.33081552386283875
-0.29687148332595825,-0.33988070487976074,-0.3018748164176941
0.23173046112060547,-0.394456148147583,-0.2855648398399353
-0.2738664150238037,-0.3176226317882538,-0.260905385017395
0.11311285197734833,-0.0022658032830804586,0.011953425593674183
-0.11306164413690567,0.0015887899789959192,-0.01113583892583847
0.14220871031284332,0.41588595509529114,-0.0012884284369647503
-0.12156184017658234,0.395894318819046,-0.018459009006619453
0.21720750629901886,0.7551206350326538,0.12300478667020798
-0.1476323902606964,0.7549108266830444,0.11300811916589737
0.22973166406154633,0.7994741201400757,0.12712901830673218
-0.14948217570781708,0.8006120920181274,0.11790592223405838
0.25966814160346985,0.8585792183876038,0.0009339624084532261
-0.1678268164396286,0.8597882390022278,-0.011536556296050549
-
0.0021395469084382057,-0.6380569338798523,-0.16559410095214844
0.008412965573370457,-0.6755757927894592,-0.14829248189926147
0.008884167298674583,-0.6759804487228394,-0.1478547751903534
0.008605178445577621,-0.6764827370643616,-0.1475832760334015
-0.025237200781702995,-0.6717607975006104,-0.14866624772548676
-0.024894757196307182,-0.6725484728813171,-0.1495147943496704
-0.025001561269164085,-0.6737220287322998,-0.14859500527381897
0.05510122701525688,-0.6643905639648438,-0.028891215100884438
-0.09584584087133408,-0.6528330445289612,-0.044843196868896484
0.02321130782365799,-0.6141821146011353,-0.12253690510988235
-0.02024705521762371,-0.6082138419151306,-0.12561887502670288
0.14161770045757294,-0.4701223075389862,0.0457308404147625
-0.16546402871608734,-0.463821679353714,0.02674032561480999
0.17771334946155548,-0.2650933563709259,-0.042297448962926865
-0.21551993489265442,-0.2288312166929245,-0.03179173544049263
0.23129932582378387,-0.3771786689758301,-0.27778416872024536
-0.2749216556549072,-0.3020733594894409,-0.2492542266845703
0.23169173300266266,-0.3871893286705017,-0.3216993510723114
-0.2795434594154358,-0.30561015009880066,-0.28923851251602173
0.2416786551475525,-0.41639450192451477,-0.3308257758617401
-0.29690250754356384,-0.33957216143608093,-0.301899790763855
0.23163074254989624,-0.3943955898284912,-0.2855721414089203
-0.2738925516605377,-0.3174203038215637,-0.2609178423881531
0.11312685906887054,-0.0022685464937239885,0.011948326602578163
-0.1130753681063652,0.0015913128154352307,-0.011130360886454582
0.14219658076763153,0.4159167408943176,-0.0014481083489954472
-0.1216273158788681,0.3959631323814392,-0.01856216788291931
0.21708910167217255,0.7550915479660034,0.12301766127347946
-0.14762566983699799,0.7548759579658508,0.11304610222578049
0.22959405183792114,0.7994439005851746,0.12715019285678864
-0.14946946501731873,0.8005768060684204,0.1179429292678833
0.25944551825523376,0.8586887717247009,0.0009662103839218616
-0.1678454726934433,0.859761655330658,-0.011489707976579666
-
0.0021442242432385683,-0.6379666924476624,-0.16565434634685516
0.008414218202233315,-0.6754955053329468,-0.1483432501554489
0.008885783143341541,-0.6759005784988403,-0.14790618419647217
0.008606850169599056,-0.676403284072876,-0.1476336568593979
-0.025240620598196983,-0.6716895699501038,-0.14872200787067413
-0.024898182600736618,-0.6724755167961121,-0.14957094192504883
-0.025004727765917778,-0.6736496090888977,-0.14864955842494965
0.05510412156581879,-0.6643750071525574,-0.028916899114847183
-0.09585905075073242,-0.652826189994812,-0.04486534371972084
0.02321685291826725,-0.6141257286071777,-0.12257862091064453
-0.02024652250111103,-0.6081629991531372,-0.12566296756267548
0.1416146159172058,-0.4701322615146637,0.04570375010371208
-0.16549567878246307,-0.4638266861438751,0.02673952281475067
0.17764195799827576,-0.26497188210487366,-0.04231207072734833
-0.21552100777626038,-0.22885338962078094,-0.0317821279168129
0.23122310638427734,-0.37702053785324097,-0.2779412567615509
-0.2750069499015808,-0.3020312488079071,-0.2494479864835739
0.23161010444164276,-0.3869763910770416,-0.3219238817691803
-0.27965372800827026,-0.30548837780952454,-0.28955256938934326
0.2415701150894165,-0.4161915183067322,-0.3310852646827698
-0.2969743013381958,-0.3394683003425598,-0.30228692293167114
0.2315368503332138,-0.3942340910434723,-0.2857452630996704
-0.2739652395248413,-0.31737059354782104,-0.26115673780441284
0.11314336955547333,-0.0022731556091457605,0.011946235783398151
-0.11309122294187546,0.0015956142451614141,-0.011127994395792484
0.14215312898159027,0.4159753918647766,-0.0015248499112203717
-0.12170440703630447,0.3960348665714264,-0.018619192764163017
0.2169100046157837,0.755065381526947,0.1230577901005745
-0.14761251211166382,0.7548490166664124,0.11315223574638367
0.2293967753648758,0.7994168996810913,0.12720626592636108
-0.14944866299629211,0.8005461692810059,0.11806182563304901
0.25920453667640686,0.8587988615036011,0.0010299785062670708
-0.1678459644317627,0.8597360849380493,-0.011280592530965805
-
0.002153092296794057,-0.6377773880958557,-0.16567958891391754
0.00841746386140585,-0.6753236651420593,-0.14836744964122772
0.008889234624803066,-0.6757288575172424,-0.14793053269386292
0.00861046090722084,-0.6762318015098572,-0.14765775203704834
-0.025241347029805183,-0.671522319316864,-0.14874672889709473
-0.024898871779441833,-0.6723060607910156,-0.14959564805030823
-0.02500523440539837,-0.6734809279441833,-0.14867405593395233
0.05510801449418068,-0.6643127799034119,-0.028927870094776154
-0.09587081521749496,-0.6527717709541321,-0.04487746208906174
0.023227909579873085,-0.6139925122261047,-0.12260162085294724
-0.020241187885403633,-0.6080301403999329,-0.125684916973114
0.14161385595798492,-0.4701118767261505,0.04569157585501671
-0.16551931202411652,-0.46381914615631104,0.026837464421987534
0.17729586362838745,-0.26451626420021057,-0.04229341447353363
-0.21551592648029327,-0.2288426160812378,-0.0315738283097744
0.23079825937747955,-0.3763767182826996,-0.27797186374664307
-0.27505671977996826,-0.3019384443759918,-0.24947018921375275
0.23115882277488708,-0.38617023825645447,-0.3219948410987854
-0.27971985936164856,-0.30528613924980164,-0.2895803153514862
0.24108140170574188,-0.41541510820388794,-0.3311866819858551
-0.29702144861221313,-0.33930644392967224,-0.3023494482040405
0.23108001053333282,-0.3935847282409668,-0.28578445315361023
-0.27400705218315125,-0.31727588176727295,-0.2611810564994812
0.11316002905368805,-0.0022780951112508774,0.011942120268940926
-0.11310745775699615,0.0016001560725271702,-0.011123495176434517
0.1421135812997818,0.41601449251174927,-0.0016348010394722223
-0.12172459065914154,0.39609646797180176,-0.018707117065787315
0.21671149134635925,0.7550421953201294,0.12307805567979813
-0.14757710695266724,0.7548096776008606,0.11322534084320068
0.22917303442955017,0.7993929386138916,0.12723781168460846
-0.14940033853054047,0.8005008101463318,0.11815032362937927
0.25886085629463196,0.8588793277740479,0.0010564973345026374
-0.16782982647418976,0.8597102761268616,-0.011145404540002346
-
0.0021852077916264534,-0.6376693248748779,-0.16570226848125458
0.008434750139713287,-0.6752244830131531,-0.14838950335979462
0.008906827308237553,-0.675629734992981,-0.14795269072055817
0.00862828828394413,-0.67613285779953,-0.14767973124980927
-0.025228390470147133,-0.6714118123054504,-0.1487690657377243
-0.024885796010494232,-0.6721941828727722,-0.14961794018745422
-0.024992063641548157,-0.6733694076538086,-0.1486961990594864
0.05513060465455055,-0.6642704606056213,-0.028942221775650978
-0.09587249904870987,-0.6526893377304077,-0.044884324073791504
0.023272421211004257,-0.6139135956764221,-0.12262384593486786
-0.020205708220601082,-0.6079355478286743,-0.125706285238266
0.1416705846786499,-0.4700835347175598,0.045682989060878754
-0.16552047431468964,-0.4637530446052551,0.02690684050321579
0.17724259197711945,-0.26404112577438354,-0.042283713817596436
-0.2153397798538208,-0.22870978713035583,-0.03137342631816864
0.2306106686592102,-0.375568151473999,-0.27803686261177063
-0.27503353357315063,-0.30170223116874695,-0.24948713183403015
0.23090972006320953,-0.3851430118083954,-0.3221108913421631
-0.27970966696739197,-0.30492159724235535,-0.28960782289505005
0.24076610803604126,-0.41441646218299866,-0.3313239812850952
-0.2970166802406311,-0.3390107750892639,-0.30240753293037415
0.2308424860239029,-0.39275917410850525,-0.2858562767505646
-0.2739855945110321,-0.317050963640213,-0.26120346784591675
0.11317824572324753,-0.0022818746510893106,0.011941161006689072
-0.113125279545784,0.0016035364242270589,-0.01112225092947483
0.14209826290607452,0.4160479009151459,-0.0017299347091466188
-0.12166380137205124,0.3961082994937897,-0.018727177754044533
0.21659493446350098,0.7550195455551147,0.12309832870960236
-0.14728759229183197,0.7547795176506042,0.113258957862854
0.2290503978729248,0.7993701696395874,0.1272639036178589
-0.14907918870449066,0.800468921661377,0.1181822121143341
0.25875145196914673,0.858890950679779,0.0010850774124264717
-0.167621910572052,0.8596884608268738,-0.011112600564956665
-
0.002222273265942931,-0.6375685930252075,-0.1655716598033905
0.008454480208456516,-0.6751290559768677,-0.14824478328227997
0.008926666341722012,-0.6755338907241821,-0.14780926704406738
0.008648393675684929,-0.6760373711585999,-0.14753416180610657
-0.025210745632648468,-0.6713023781776428,-0.14862127602100372
-0.024868039414286613,-0.6720840334892273,-0.14946874976158142
-0.024974411353468895,-0.6732596158981323,-0.14854632318019867
0.05515403673052788,-0.6642189621925354,-0.028781048953533173
-0.09586381912231445,-0.6525830626487732,-0.04468262195587158
0.023322464898228645,-0.6138347387313843,-0.12249423563480377
-0.020159393548965454,-0.6078382134437561,-0.1255648285150528
0.14172299206256866,-0.47004735469818115,0.04580826312303543
-0.1655029058456421,-0.4636766016483307,0.02717645838856697
0.1771867275238037,-0.2636461853981018,-0.04214978963136673
-0.21518321335315704,-0.2285935878753662,-0.030872885137796402
0.23041057586669922,-0.3750373423099518,-0.277947336435318
-0.2750162184238434,-0.30151233077049255,-0.24915075302124023
0.23065988719463348,-0.3845255970954895,-0.32204604148864746
-0.2797061800956726,-0.30465495586395264,-0.2893443703651428
0.2404506355524063,-0.41381511092185974,-0.3312585949897766
-0.2970172166824341,-0.33876413106918335,-0.30220818519592285
0.23060034215450287,-0.39221805334091187,-0.2857685089111328
-0.2739720344543457,-0.3168615996837616,-0.26090648770332336
0.11318866163492203,-0.002285182476043701,0.01193816028535366
-0.11313547939062119,0.0016065764939412475,-0.011118941940367222
0.14206825196743011,0.4160708785057068,-0.0018251624424010515
-0.12161166220903397,0.39611876010894775,-0.018751757219433784
0.21650271117687225,0.7549982070922852,0.12309953570365906
-0.14697477221488953,0.7547503113746643,0.11329209804534912
0.22895587980747223,0.7993479371070862,0.127273291349411
-0.14872583746910095,0.8004387617111206,0.11821556836366653
0.25864726305007935,0.8588955998420715,0.001089027151465416
-0.1672874093055725,0.8596670627593994,-0.011082529090344906
-
0.002239667112007737,-0.6375088691711426,-0.16558171808719635
0.00845839362591505,-0.675073504447937,-0.1482500433921814
0.008930772542953491,-0.6754783987998962,-0.1478148251771927
0.008652620948851109,-0.6759821772575378,-0.14753921329975128
-0.02520850859582424,-0.671235203742981,-0.14862783253192902
-0.024865709245204926,-0.6720160245895386,-0.14947509765625
-0.024972086772322655,-0.6731919646263123,-0.1485523283481598
0.05515605956315994,-0.6641939282417297,-0.02877405658364296
-0.09587005525827408,-0.6525133848190308,-0.044674038887023926
0.02334746904671192,-0.6137910485267639,-0.12250281125307083
-0.020138313993811607,-0.6077795624732971,-0.12557193636894226
0.14174306392669678,-0.47002360224723816,0.045815009623765945
-0.1655046045780182,-0.4636131823062897,0.027221964672207832
0.17708493769168854,-0.26332521438598633,-0.04211979731917381
-0.21512942016124725,-0.2285100370645523,-0.030767273157835007
0.2302211970090866,-0.3745892643928528,-0.2779521942138672
-0.27501776814460754,-0.3014068007469177,-0.2491467446088791
0.23045040667057037,-0.3839912712574005,-0.32205459475517273
-0.27971595525741577,-0.30450111627578735,-0.2893574833869934
0.24019329249858856,-0.4132816791534424,-0.33127138018608093
-0.29702723026275635,-0.33863842487335205,-0.30222535133361816
0.230379119515419,-0.39175623655319214,-0.28577494621276855
-0.273973673582077,-0.31676173210144043,-0.2609107792377472
0.11320054531097412,-0.0022901243064552546,0.011937949806451797
-0.11314701288938522,0.0016111450968310237,-0.011118460446596146
0.14204508066177368,0.41609862446784973,-0.0019081390928477049
-0.12152694165706635,0.39612922072410583,-0.01877264305949211
0.21637070178985596,0.7549796104431152,0.1230965331196785
-0.14657829701900482,0.7547218203544617,0.11332669854164124
0.22881609201431274,0.7993284463882446,0.1272774040699005
-0.14829294383525848,0.800409197807312,0.11825120449066162
0.2585448622703552,0.8589186668395996,0.0010958609636873007
-0.16697637736797333,0.8596423268318176,-0.011033017188310623
-
0.0022394382394850254,-0.6374242901802063,-0.16557550430297852
0.008440602570772171,-0.6749976873397827,-0.1482386589050293
0.008913189172744751,-0.6754023432731628,-0.1478039175271988
0.008635208010673523,-0.6759064793586731,-0.1475275456905365
-0.02522733435034752,-0.6711384057998657,-0.14861686527729034
-0.02488439902663231,-0.6719185709953308,-0.14946356415748596
-0.02499091997742653,-0.6730948090553284,-0.14854048192501068
0.055136971175670624,-0.6641656160354614,-0.028755128383636475
-0.09589838236570358,-0.6524084210395813,-0.04464538022875786
0.023353122174739838,-0.6137310266494751,-0.12249577045440674
-0.020134007558226585,-0.6076942682266235,-0.12556132674217224
0.1417526751756668,-0.47000551223754883,0.04584134742617607
-0.16551020741462708,-0.46353110671043396,0.027281347662210464
0.17695923149585724,-0.26306918263435364,-0.04207984730601311
-0.21511873602867126,-0.2284301221370697,-0.030655235052108765
0.22992466390132904,-0.3742612302303314,-0.27792951464653015
-0.2750358581542969,-0.3013659715652466,-0.24910874664783478
0.23011301457881927,-0.3836017847061157,-0.3220428228378296
-0.2797437012195587,-0.30444207787513733,-0.28934645652770996
0.23978367447853088,-0.41288962960243225,-0.33125996589660645
-0.29705074429512024,-0.33859896659851074,-0.30222198367118835
0.23003564774990082,-0.3914140462875366,-0.2857532799243927
-0.2739901840686798,-0.3167271614074707,-0.2608816623687744
0.11320903897285461,-0.002293537836521864,0.011939146555960178
-0.11315514892339706,0.001614294247701764,-0.011119423434138298
0.14201053977012634,0.4161362648010254,-0.0019607513677328825
-0.12146972864866257,0.3961324393749237,-0.018785862252116203
0.21617409586906433,0.7549896836280823,0.12302933633327484
-0.1463058590888977,0.7546973824501038,0.11335638910531998
0.22860968112945557,0.7993369698524475,0.12721019983291626
-0.14800488948822021,0.8003833889961243,0.11828126758337021
0.25844016671180725,0.8589504361152649,0.001024845871143043
-0.16679830849170685,0.8596145510673523,-0.011004436761140823
-
0.0021971671376377344,-0.6373067498207092,-0.16556616127490997
0.008372512646019459,-0.6748927235603333,-0.1482272446155548
0.008845314383506775,-0.6752969622612,-0.14779292047023773
0.008567790500819683,-0.6758015155792236,-0.1475156843662262
-0.025298524647951126,-0.6710118055343628,-0.1485980898141861
-0.024955477565526962,-0.6717910170555115,-0.14944447576999664
-0.025061987340450287,-0.6729674339294434,-0.14852091670036316
0.05510352924466133,-0.6641241312026978,-0.028746146708726883
-0.09594900161027908,-0.6522955298423767,-0.04457951709628105
0.02333693392574787,-0.6136459112167358,-0.12248947471380234
-0.020153962075710297,-0.60758376121521,-0.12554103136062622
0.14176131784915924,-0.469973623752594,0.0458487942814827
-0.1655230075120926,-0.4634510576725006,0.02742987498641014
0.1767508089542389,-0.26269328594207764,-0.04205350577831268
-0.2150757610797882,-0.2283121645450592,-0.03029664419591427
0.22958719730377197,-0.37376633286476135,-0.27792662382125854
-0.2750605642795563,-0.30126985907554626,-0.24893207848072052
0.229741632938385,-0.3830663561820984,-0.3220469057559967
-0.2797900438308716,-0.30432403087615967,-0.2892320454120636
0.23939239978790283,-0.41237542033195496,-0.3312658965587616
-0.2971127927303314,-0.33850792050361633,-0.3021455407142639
0.22967465221881866,-0.39092469215393066,-0.28575217723846436
-0.27402013540267944,-0.31664174795150757,-0.2607351243495941
0.11322245746850967,-0.0022969951387494802,0.011932328343391418
-0.11316844820976257,0.0016174534102901816,-0.011112313717603683
0.14196397364139557,0.41616976261138916,-0.0019921024795621634
-0.12146738171577454,0.39616286754608154,-0.01880481280386448
0.2160724252462387,0.754984974861145,0.12303457409143448
-0.14624930918216705,0.754647970199585,0.11348021030426025
0.22850830852985382,0.7993318438529968,0.12721872329711914
-0.14794155955314636,0.8003279566764832,0.1184225082397461
0.25835180282592773,0.8589730262756348,0.0010312864324077964
-0.16678181290626526,0.8595593571662903,-0.010797875002026558
-
0.0020999780390411615,-0.6372305750846863,-0.16555485129356384
0.008246275596320629,-0.6748250126838684,-0.1482141762971878
0.008719483390450478,-0.6752288937568665,-0.14778028428554535
0.0084424102678895,-0.6757336258888245,-0.14750222861766815
-0.025429215282201767,-0.6709291338920593,-0.14857697486877441
-0.02508613094687462,-0.6717075109481812,-0.14942318201065063
-0.025192514061927795,-0.6728841066360474,-0.14849920570850372
0.05502748861908913,-0.6640963554382324,-0.02873804047703743
-0.09604855626821518,-0.6522161960601807,-0.04451585188508034
0.02327687479555607,-0.6135896444320679,-0.12248218804597855
-0.020219700410962105,-0.6075099110603333,-0.12551939487457275
0.14175446331501007,-0.4699534475803375,0.04584968835115433
-0.1655624359846115,-0.46338123083114624,0.02754766121506691
0.17640435695648193,-0.2624083459377289,-0.042048659175634384
-0.21506644785404205,-0.2282325029373169,-0.030067771673202515
0.22915934026241302,-0.3732830286026001,-0.2779496908187866
-0.27514076232910156,-0.3012167513370514,-0.24884344637393951
0.22930942475795746,-0.3825182020664215,-0.32208698987960815
-0.2798992991447449,-0.3042602837085724,-0.2891855239868164
0.2389499545097351,-0.4118059277534485,-0.33131545782089233
-0.2972344756126404,-0.3384653329849243,-0.30211856961250305
0.2292329967021942,-0.39042365550994873,-0.285778284072876
-0.2741050720214844,-0.31659767031669617,-0.2606651186943054
0.11323484778404236,-0.002301377011463046,0.011925246566534042
-0.11318056285381317,0.0016215582145377994,-0.011105023324489594
0.1418999582529068,0.41620129346847534,-0.0020337931346148252
-0.1214694231748581,0.3961823880672455,-0.018818704411387444
0.21596920490264893,0.7549748420715332,0.12304192781448364
-0.14622196555137634,0.7546181678771973,0.1135636568069458
0.22840479016304016,0.7993208765983582,0.12722843885421753
-0.14790946245193481,0.8002950549125671,0.11851231753826141
0.2582283914089203,0.8589853644371033,0.0010384145425632596
-0.16676361858844757,0.8595353960990906,-0.010691439732909203
-
0.001999874133616686,-0.6371841430664062,-0.16556291282176971
0.008114493452012539,-0.6747844219207764,-0.14822115004062653
0.008588162250816822,-0.6751882433891296,-0.14778746664524078
0.008311529643833637,-0.6756930947303772,-0.14750897884368896
-0.025564653798937798,-0.6708770394325256,-0.1485811173915863
-0.02522139437496662,-0.6716548204421997,-0.14942725002765656
-0.02532775141298771,-0.6728314161300659,-0.1485031694173813
0.05493607744574547,-0.6640833020210266,-0.028747087344527245
-0.0961594432592392,-0.6521614193916321,-0.04450446739792824
0.0232105553150177,-0.6135578155517578,-0.12249267846345901
-0.020290955901145935,-0.607464075088501,-0.125523179769516
0.14174537360668182,-0.46994322538375854,0.045837849378585815
-0.16561131179332733,-0.46333855390548706,0.027585195377469063
0.1761626899242401,-0.2622356712818146,-0.04205099120736122
-0.21506085991859436,-0.2281908094882965,-0.02999146841466427
0.2288960963487625,-0.37298861145973206,-0.27799859642982483
-0.27520987391471863,-0.3011801838874817,-0.24884037673473358
0.229047492146492,-0.38219648599624634,-0.32215702533721924
-0.27999347448349,-0.3042157292366028,-0.2891958951950073
0.2386862188577652,-0.41148287057876587,-0.331404447555542
-0.29733794927597046,-0.3384346067905426,-0.3021371066570282
0.2289642095565796,-0.39012470841407776,-0.2858338952064514
-0.2741774022579193,-0.3165666460990906,-0.2606663405895233
0.11324869096279144,-0.002305189846083522,0.0119192935526371
-0.11319438368082047,0.0016250723274424672,-0.011098986491560936
0.1418445110321045,0.41622456908226013,-0.002078325254842639
-0.1214815229177475,0.396209716796875,-0.0188358835875988
0.21586273610591888,0.7549623847007751,0.12306873500347137
-0.1461983174085617,0.7545647025108337,0.11369071155786514
0.22829771041870117,0.7993071675300598,0.12726467847824097
-0.14787891507148743,0.8002350330352783,0.11865545064210892
0.258125364780426,0.8589959144592285,0.0010696889366954565
-0.1667429804801941,0.8595027923583984,-0.010498015210032463
-
0.0019405873026698828,-0.637037992477417,-0.16544094681739807
0.008034558035433292,-0.6746498942375183,-0.1481037586927414
0.008508073166012764,-0.6750534772872925,-0.14767080545425415
0.008231813088059425,-0.6755587458610535,-0.14739027619361877
-0.025643790140748024,-0.6707229614257812,-0.14844784140586853
-0.025300752371549606,-0.6715001463890076,-0.14929261803627014
-0.025407157838344574,-0.6726771593093872,-0.14836712181568146
0.054884329438209534,-0.6640292406082153,-0.028658276423811913
-0.0962182953953743,-0.6520440578460693,-0.0443306565284729
0.023174485191702843,-0.6134516000747681,-0.1223810464143753
-0.02032771334052086,-0.6073363423347473,-0.12538589537143707
0.1417430192232132,-0.4699235260486603,0.04589220881462097
-0.1656302809715271,-0.4632682204246521,0.02782285399734974
0.17588914930820465,-0.2620234787464142,-0.04189073294401169
-0.21504519879817963,-0.22810234129428864,-0.029422245919704437
0.22856813669204712,-0.37263792753219604,-0.27762845158576965
-0.27526819705963135,-0.3010435700416565,-0.2481938749551773
0.22872814536094666,-0.3817943036556244,-0.3217567503452301
-0.28007689118385315,-0.30404597520828247,-0.28855228424072266
0.2383648306131363,-0.4110787808895111,-0.33103659749031067
-0.29743218421936035,-0.3382677435874939,-0.3015934228897095
0.22863541543483734,-0.3897657096385956,-0.2854670286178589
-0.27424269914627075,-0.31643038988113403,-0.2600618898868561
0.11325866729021072,-0.0023089577443897724,0.011909233406186104
-0.11320427805185318,0.0016286758473142982,-0.011088582687079906
0.14181555807590485,0.416255384683609,-0.002126651117578149
-0.12148219347000122,0.3962465822696686,-0.018858766183257103
0.21583230793476105,0.7549639344215393,0.12303578108549118
-0.14617784321308136,0.7545396089553833,0.11372081935405731
0.22826483845710754,0.7993073463439941,0.12723620235919952
-0.14785706996917725,0.8002085089683533,0.11868569999933243
0.2580927312374115,0.8590070605278015,0.0010382210602983832
-0.1667303591966629,0.8594868779182434,-0.010470547713339329
-
0.0019230343168601394,-0.6370154023170471,-0.16542461514472961
0.008008413948118687,-0.6746295094490051,-0.14808030426502228
0.008482211269438267,-0.6750330924987793,-0.14764772355556488
0.008205954916775227,-0.6755386590957642,-0.14736665785312653
-0.02567301318049431,-0.6706976890563965,-0.14841964840888977
-0.025329919531941414,-0.6714746952056885,-0.14926421642303467
-0.02543625980615616,-0.6726518869400024,-0.14833834767341614
0.054870616644620895,-0.6640214920043945,-0.02863243781030178
-0.09624618291854858,-0.6520152688026428,-0.044271327555179596
0.023166902363300323,-0.6134352087974548,-0.12236789613962173
-0.020338401198387146,-0.6073133945465088,-0.1253643035888672
0.14174677431583405,-0.46991774439811707,0.04589211195707321
-0.165643572807312,-0.4632238447666168,0.027906326577067375
0.17582504451274872,-0.2619870603084564,-0.04188062995672226
-0.2150227576494217,-0.22805728018283844,-0.029277438297867775
0.22840897738933563,-0.37257829308509827,-0.2776036560535431
-0.27527377009391785,-0.30093103647232056,-0.24812176823616028
0.22855395078659058,-0.38171708583831787,-0.3217349946498871
-0.28008508682250977,-0.3038926124572754,-0.28850293159484863
0.2381708025932312,-0.4109990894794464,-0.33101552724838257
-0.29744037985801697,-0.3381304144859314,-0.30155521631240845
0.22846582531929016,-0.3897005319595337,-0.2854410707950592
-0.2742476463317871,-0.31631922721862793,-0.2599991261959076
0.11326966434717178,-0.002315571764484048,0.01189954299479723
-0.11321502178907394,0.0016349040670320392,-0.011078393086791039
0.14179527759552002,0.4162665605545044,-0.002213872503489256
-0.1214786097407341,0.3962772488594055,-0.018895605579018593
0.21580395102500916,0.7549525499343872,0.1230357363820076
-0.1460670381784439,0.7544882297515869,0.11379306018352509
0.22823701798915863,0.7992958426475525,0.12724116444587708
-0.14772292971611023,0.8001500964164734,0.11876990646123886
0.2580638825893402,0.8590167164802551,0.0010440206388011575
-0.1666019856929779,0.8594527840614319,-0.010349527932703495
-
0.001902022399008274,-0.6369962692260742,-0.1653217077255249
0.007980040274560452,-0.6746120452880859,-0.1479598879814148
0.008454062975943089,-0.6750156283378601,-0.14752793312072754
0.008177806623280048,-0.6755213141441345,-0.14724572002887726
-0.025703540071845055,-0.6706770062446594,-0.14829055964946747
-0.025360532104969025,-0.6714538335800171,-0.14913497865200043
-0.025466809049248695,-0.6726310849189758,-0.1482086479663849
0.05485611408948898,-0.6640154719352722,-0.028522592037916183
-0.09627139568328857,-0.6519969701766968,-0.04410941153764725
0.023156683892011642,-0.613421618938446,-0.12227996438741684
-0.020350761711597443,-0.6072952151298523,-0.12526170909404755
0.14175128936767578,-0.4699159264564514,0.045917294919490814
-0.16565653681755066,-0.4631744623184204,0.028029711917042732
0.17579147219657898,-0.2619684636592865,-0.04185966029763222
-0.21500064432621002,-0.22802603244781494,-0.029089508578181267
0.22833310067653656,-0.3725568354129791,-0.2775058150291443
-0.2752895951271057,-0.30084335803985596,-0.24789565801620483
0.2284587323665619,-0.38170161843299866,-0.3216267228126526
-0.28011250495910645,-0.3037886619567871,-0.2882809340953827
0.23804067075252533,-0.4109818935394287,-0.3308939039707184
-0.2974674105644226,-0.33802178502082825,-0.3013570308685303
0.22837486863136292,-0.38967758417129517,-0.28533631563186646
-0.2742656469345093,-0.3162279725074768,-0.2597840130329132
0.11327830702066422,-0.0023231678642332554,0.011888466775417328
-0.11322355270385742,0.0016422998160123825,-0.01106678880751133
0.141784206032753,0.4162735939025879,-0.002248003613203764
-0.1214895024895668,0.39632299542427063,-0.018959932029247284
0.21577204763889313,0.754939615726471,0.12300428003072739
-0.1460464745759964,0.7544457912445068,0.11382162570953369
0.22820472717285156,0.7992838025093079,0.12721462547779083
-0.14769813418388367,0.8001006841659546,0.11879798024892807
0.2580428421497345,0.8590188026428223,0.0010343625908717513
-0.16659075021743774,0.8594043850898743,-0.010273792780935764
-
0.0018830294720828533,-0.6369784474372864,-0.16526354849338531
0.007952312938869,-0.6745956540107727,-0.14789173007011414
0.008426483720541,-0.6749992370605469,-0.1474601924419403
0.008150259964168072,-0.6755049824714661,-0.14717720448970795
-0.0257333442568779,-0.6706582307815552,-0.1482197493314743
-0.025390412658452988,-0.6714349389076233,-0.14906397461891174
-0.025496676564216614,-0.6726122498512268,-0.14813746511936188
0.054835736751556396,-0.6640095114707947,-0.028454070910811424
-0.09630425274372101,-0.6519741415977478,-0.04402199015021324
0.023145923390984535,-0.6134084463119507,-0.12222698330879211
-0.02036386728286743,-0.6072785258293152,-0.12520256638526917
0.14175468683242798,-0.4699156582355499,0.0459446981549263
-0.1656741499900818,-0.46313533186912537,0.028093408793210983
0.17576327919960022,-0.2619594931602478,-0.041838739067316055
-0.21498966217041016,-0.22800447046756744,-0.02900136075913906
0.22829975187778473,-0.37254372239112854,-0.27745407819747925
-0.2753085494041443,-0.30079010128974915,-0.2477954775094986
0.2284126728773117,-0.3816941976547241,-0.32157617807388306
-0.28014329075813293,-0.3037262558937073,-0.288187712430954
0.23796877264976501,-0.4109729826450348,-0.33083590865135193
-0.29749584197998047,-0.33795228600502014,-0.30127570033073425
0.22832992672920227,-0.38966265320777893,-0.2852816581726074
-0.27428632974624634,-0.31617096066474915,-0.25969016551971436
0.1132865622639656,-0.002329487120732665,0.01188354380428791
-0.11323172599077225,0.0016484640073031187,-0.011061592027544975
0.14177507162094116,0.41627925634384155,-0.0022736627142876387
-0.1215004101395607,0.39636117219924927,-0.019012119621038437
0.2157444953918457,0.7549267411231995,0.12298469245433807
-0.14602628350257874,0.754420280456543,0.1138480007648468
0.22817863523960114,0.7992711067199707,0.12719765305519104
-0.14767582714557648,0.8000712990760803,0.1188252866268158
0.25804248452186584,0.8590071797370911,0.001029241131618619
-0.1665963977575302,0.8593686819076538,-0.010233607143163681
-
0.0018326848512515426,-0.6369615197181702,-0.16528384387493134
0.007903275080025196,-0.6745808124542236,-0.14790643751621246
0.00837804190814495,-0.674984335899353,-0.1474752426147461
0.008101684041321278,-0.675490140914917,-0.14719180762767792
-0.02579021081328392,-0.6706410646438599,-0.1482303887605667
-0.025447484105825424,-0.6714177131652832,-0.1490747034549713
-0.025553369894623756,-0.6725950241088867,-0.14814767241477966
0.05481324717402458,-0.6640048623085022,-0.028463004156947136
-0.09636295586824417,-0.6519566178321838,-0.044014472514390945
0.023111237213015556,-0.6133959889411926,-0.12224844843149185
-0.02040909044444561,-0.6072627305984497,-0.125215083360672
0.14175492525100708,-0.4699178636074066,0.04591580480337143
-0.1657221019268036,-0.4631170332431793,0.02810913883149624
0.17573760449886322,-0.2619602084159851,-0.04187440499663353
-0.21497909724712372,-0.22798490524291992,-0.02898222580552101
0.2282591313123703,-0.3725258708000183,-0.2774716913700104
-0.27535122632980347,-0.3007621765136719,-0.24780882894992828
0.2283686101436615,-0.3816794157028198,-0.32158756256103516
-0.28020381927490234,-0.30368733406066895,-0.28821754455566406
0.2379155308008194,-0.41095787286758423,-0.33084794878959656
-0.29754897952079773,-0.3379127085208893,-0.30131927132606506
0.22828161716461182,-0.3896438777446747,-0.2852981686592102
-0.2743312120437622,-0.3161433935165405,-0.2597116529941559
0.11329903453588486,-0.002336607314646244,0.011875133030116558
-0.11324384063482285,0.0016552589368075132,-0.011052655056118965
0.1417672038078308,0.4162881374359131,-0.0022993076127022505
-0.1215333491563797,0.39640140533447266,-0.019056810066103935
0.21571967005729675,0.7549149394035339,0.12297426909208298
-0.1460193544626236,0.7543677091598511,0.1138918474316597
0.22815509140491486,0.7992604374885559,0.12719005346298218
-0.1476665884256363,0.8000138998031616,0.11887498199939728
0.25807005167007446,0.8590096235275269,0.0010306341573596
-0.16667453944683075,0.8593148589134216,-0.010129612870514393
-
0.0018269987776875496,-0.636967122554779,-0.1653238981962204
0.007891989313066006,-0.6745904088020325,-0.1479404717683792
0.008366834372282028,-0.6749940514564514,-0.1475093960762024
0.008090516552329063,-0.6755000948905945,-0.14722587168216705
-0.02580331824719906,-0.6706461906433105,-0.14826233685016632
-0.025460578501224518,-0.6714223623275757,-0.14910686016082764
-0.025566400960087776,-0.6725999116897583,-0.1481798142194748
0.05480651929974556,-0.6640307903289795,-0.028484519571065903
-0.09637922048568726,-0.6519575119018555,-0.04402527958154678
0.023111257702112198,-0.6134073734283447,-0.12228690832853317
-0.020412232726812363,-0.607266902923584,-0.12524837255477905
0.14176979660987854,-0.4699341952800751,0.04588725045323372
-0.1657288670539856,-0.4631016254425049,0.02812047302722931
0.17572061717510223,-0.26194843649864197,-0.041883233934640884
-0.2148493379354477,-0.22796575725078583,-0.028964875265955925
0.22823330760002136,-0.3724951446056366,-0.2774864733219147
-0.27530303597450256,-0.3007316291332245,-0.24782682955265045
0.22832909226417542,-0.3816303014755249,-0.321606308221817
-0.2801660895347595,-0.30365297198295593,-0.2882467806339264
0.23787401616573334,-0.41091156005859375,-0.3308635354042053
-0.29752668738365173,-0.3378831744194031,-0.30135637521743774
0.22825108468532562,-0.38961175084114075,-0.2853093445301056
-0.27429017424583435,-0.31611451506614685,-0.25973427295684814
0.11330802738666534,-0.0023402636870741844,0.011870130896568298
-0.11325248330831528,0.0016586593119427562,-0.011047495529055595
0.14178815484046936,0.4162883460521698,-0.002323565073311329
-0.12153486907482147,0.39640888571739197,-0.019073016941547394
0.21573488414287567,0.7549096941947937,0.12298690527677536
-0.14600889384746552,0.7542254328727722,0.11399594694375992
0.22817526757717133,0.7992573380470276,0.12720362842082977
-0.1476549655199051,0.7998604774475098,0.11898992210626602
0.2581044137477875,0.8590255975723267,0.0010359081206843257
-0.16666752099990845,0.859162449836731,-0.010030482895672321
-
0.0018239503260701895,-0.6369656324386597,-0.16536761820316315
0.007884349673986435,-0.6745922565460205,-0.14798034727573395
0.008359299972653389,-0.674996018409729,-0.14754949510097504
0.008082983084022999,-0.6755023002624512,-0.1472654938697815
-0.025813302025198936,-0.6706455945968628,-0.14830085635185242
-0.025470588356256485,-0.6714213490486145,-0.14914575219154358
-0.025576293468475342,-0.6725991368293762,-0.1482180953025818
0.05480396747589111,-0.6640523672103882,-0.02851158007979393
-0.09639382362365723,-0.6519629955291748,-0.04404440522193909
0.023113522678613663,-0.6134125590324402,-0.1223277896642685
-0.02041362226009369,-0.6072676777839661,-0.12528522312641144
0.1417863816022873,-0.4699546694755554,0.04585699737071991
-0.16573560237884521,-0.463092565536499,0.028130004182457924
0.17571279406547546,-0.2619406580924988,-0.04188916087150574
-0.21475562453269958,-0.22794979810714722,-0.028948862105607986
0.22820593416690826,-0.3724782466888428,-0.27748700976371765
-0.27528244256973267,-0.30070438981056213,-0.24784153699874878
0.22829768061637878,-0.38161569833755493,-0.3216058015823364
-0.2801533639431,-0.30362239480018616,-0.2882688343524933
0.23784327507019043,-0.4108957350254059,-0.3308619260787964
-0.2975219786167145,-0.3378531038761139,-0.3013826906681061
0.22822445631027222,-0.3895941376686096,-0.28530800342559814
-0.274274080991745,-0.3160878121852875,-0.25975167751312256
0.11331760883331299,-0.0023438758216798306,0.01186336949467659
-0.1132618635892868,0.0016620185924693942,-0.011040503159165382
0.14180755615234375,0.4162936210632324,-0.0023378562182188034
-0.12153706699609756,0.396415114402771,-0.019085470587015152
0.21575358510017395,0.7549116015434265,0.12298890203237534
-0.14599649608135223,0.7541068196296692,0.1140713170170784
0.22819894552230835,0.7992632985115051,0.12720555067062378
-0.14764167368412018,0.7997346520423889,0.1190696731209755
0.25816529989242554,0.8590536117553711,0.0010366454953327775
-0.16667096316814423,0.8590282201766968,-0.009937644004821777
-
0.0018237960757687688,-0.6369841694831848,-0.16549494862556458
0.007880840450525284,-0.6746154427528381,-0.14810533821582794
0.008355916477739811,-0.675019383430481,-0.14767493307590485
0.008079583756625652,-0.6755257844924927,-0.14739026129245758
-0.025819821283221245,-0.6706670522689819,-0.1484229862689972
-0.025477146729826927,-0.6714420914649963,-0.14926880598068237
-0.02558266744017601,-0.6726200580596924,-0.1483403742313385
0.054807912558317184,-0.6640965342521667,-0.02861391007900238
-0.09640523046255112,-0.6519940495491028,-0.044128239154815674
0.023119432851672173,-0.6134379506111145,-0.1224503219127655
-0.020411914214491844,-0.6072893738746643,-0.12539896368980408
0.14181213080883026,-0.46999117732048035,0.04578128829598427
-0.16573841869831085,-0.46309444308280945,0.02810351736843586
0.17571869492530823,-0.26194480061531067,-0.04192730784416199
-0.21459439396858215,-0.2279341220855713,-0.028952820226550102
0.22817832231521606,-0.3724624812602997,-0.2775622010231018
-0.275218665599823,-0.3006775677204132,-0.24791957437992096
0.22826826572418213,-0.3815983235836029,-0.3216789662837982
-0.2801000773906708,-0.30359354615211487,-0.28836551308631897
0.23781351745128632,-0.4108801484107971,-0.3309335708618164
-0.2974940240383148,-0.3378235399723053,-0.30149829387664795
0.22819550335407257,-0.3895777761936188,-0.2853781580924988
-0.2742236852645874,-0.31606170535087585,-0.2598385810852051
0.11332816630601883,-0.002347297267988324,0.011855130083858967
-0.11327244341373444,0.0016651628538966179,-0.011032221838831902
0.1418391615152359,0.4162960648536682,-0.002351322676986456
-0.1215377077460289,0.3964166045188904,-0.019090848043560982
0.21578285098075867,0.7549055218696594,0.12301426380872726
-0.14598549902439117,0.7540080547332764,0.11416430026292801
0.22822926938533783,0.7992584109306335,0.1272314190864563
-0.14762994647026062,0.799631655216217,0.1191655620932579
0.2581908106803894,0.8590825200080872,0.001053942134603858
-0.166671484708786,0.8589321970939636,-0.009836389683187008
-
0.0018215930322185159,-0.6370018720626831,-0.1655874103307724
0.00787544995546341,-0.6746362447738647,-0.1481945961713791
0.008350616320967674,-0.6750402450561523,-0.14776451885700226
0.008074290119111538,-0.6755467653274536,-0.14747969806194305
-0.025827499106526375,-0.6706861257553101,-0.1485060304403305
-0.025484854355454445,-0.6714605093002319,-0.14935272932052612
-0.025590259581804276,-0.6726387143135071,-0.14842383563518524
0.05481230840086937,-0.6641266942024231,-0.02869565598666668
-0.09641478210687637,-0.6520128846168518,-0.044175997376441956
0.02312391623854637,-0.6134586334228516,-0.12254674732685089
-0.020410841330885887,-0.607306718826294,-0.12548156082630157
0.14183859527111053,-0.47001025080680847,0.04569857940077782
-0.16574132442474365,-0.4630920886993408,0.02809865027666092
0.17570625245571136,-0.2619316279888153,-0.04195854440331459
-0.2145242542028427,-0.22791966795921326,-0.02894718013703823
0.2280794382095337,-0.37232500314712524,-0.27758705615997314
-0.2751842141151428,-0.30065470933914185,-0.24798212945461273
0.22813963890075684,-0.3814312219619751,-0.3217003345489502
-0.28006699681282043,-0.3035716712474823,-0.28845056891441345
0.23769789934158325,-0.4107235074043274,-0.3309585750102997
-0.2974756360054016,-0.3378070294857025,-0.30158737301826477
0.22809280455112457,-0.3894392251968384,-0.2854003608226776
-0.27419477701187134,-0.3160416781902313,-0.25990554690361023
0.11333951354026794,-0.002351929899305105,0.011844859458506107
-0.11328384280204773,0.0016694056103006005,-0.011021819896996021
0.1418561190366745,0.41629302501678467,-0.0023587134201079607
-0.12154942005872726,0.39642998576164246,-0.019102152436971664
0.21580402553081512,0.7548770904541016,0.12308739125728607
-0.14597178995609283,0.7539198398590088,0.11426740884780884
0.2282528579235077,0.7992331981658936,0.12731099128723145
-0.14761309325695038,0.7995350360870361,0.1192832812666893
0.2582148611545563,0.8590880632400513,0.0011266492074355483
-0.16666460037231445,0.8588531017303467,-0.00967808160930872
-
0.0018187396926805377,-0.6370028257369995,-0.16566680371761322
0.007869629189372063,-0.6746419072151184,-0.14827407896518707
0.008344843052327633,-0.6750456094741821,-0.14784462749958038
0.008068544790148735,-0.6755523085594177,-0.14755964279174805
-0.025835713371634483,-0.6706894040107727,-0.14857743680477142
-0.02549307979643345,-0.6714634895324707,-0.14942491054534912
-0.025598417967557907,-0.6726416945457458,-0.14849655330181122
0.054818540811538696,-0.6641508340835571,-0.028757549822330475
-0.09642498195171356,-0.6520216464996338,-0.04420088231563568
0.02312793768942356,-0.613464891910553,-0.1226259395480156
-0.020410945639014244,-0.6073089241981506,-0.12554435431957245
0.14187872409820557,-0.4700327217578888,0.04565101116895676
-0.16574396193027496,-0.4630967974662781,0.02810179628431797
0.17569780349731445,-0.2619286775588989,-0.04198792949318886
-0.21446147561073303,-0.22793787717819214,-0.028951099142432213
0.2279607355594635,-0.37226423621177673,-0.277624249458313
-0.2751521170139313,-0.30067571997642517,-0.24815669655799866
0.22796304523944855,-0.3813609480857849,-0.32174938917160034
-0.2800428867340088,-0.3036065399646759,-0.28869906067848206
0.2375251203775406,-0.41066741943359375,-0.33101290464401245
-0.2974592447280884,-0.33785194158554077,-0.30184099078178406
0.2279602438211441,-0.3893817067146301,-0.2854369282722473
-0.27416709065437317,-0.3160701096057892,-0.26009315252304077
0.1133512407541275,-0.0023555823136121035,0.011837342754006386
-0.11329584568738937,0.001672745798714459,-0.011014309711754322
0.1418752670288086,0.41628292202949524,-0.00237037125043571
-0.12156538665294647,0.3964514136314392,-0.019174307584762573
0.21580299735069275,0.7547699213027954,0.12333395332098007
-0.14597289264202118,0.7536982893943787,0.11445892602205276
0.22825074195861816,0.7991290092468262,0.12759621441364288
-0.1476115882396698,0.7992889285087585,0.11952978372573853
0.2581937909126282,0.8590701222419739,0.0013902338687330484
-0.16666977107524872,0.8586294651031494,-0.009318751282989979
-
0.001810846384614706,-0.6370034217834473,-0.16567426919937134
0.00785870011895895,-0.6746459007263184,-0.14828111231327057
0.008333982899785042,-0.675049364566803,-0.14785179495811462
0.008057667873799801,-0.6755563616752625,-0.14756666123867035
-0.025849472731351852,-0.67069011926651,-0.14858238399028778
-0.02550687827169895,-0.6714640259742737,-0.14942996203899384
-0.025612149387598038,-0.6726422309875488,-0.14850153028964996
0.05481814965605736,-0.664175271987915,-0.028764082118868828
-0.09643503278493881,-0.6520257592201233,-0.0441894456744194
0.023127233609557152,-0.6134721636772156,-0.12263442575931549
-0.02041381411254406,-0.6073108911514282,-0.12554867565631866
0.14189957082271576,-0.4700612425804138,0.04563361033797264
-0.16574259102344513,-0.4630948305130005,0.028120962902903557
0.1756928414106369,-0.26194390654563904,-0.04200258478522301
-0.2143966555595398,-0.22793948650360107,-0.0289357490837574
0.2278943508863449,-0.37225157022476196,-0.27761852741241455
-0.27513405680656433,-0.300702840089798,-0.24816136062145233
0.2278725653886795,-0.3813513517379761,-0.3217405378818512
-0.2800348103046417,-0.3036573529243469,-0.2887069582939148
0.2374294251203537,-0.4106587767601013,-0.33100268244743347
-0.29745757579803467,-0.3379018008708954,-0.3018498122692108
0.22788813710212708,-0.3893691599369049,-0.2854287624359131
-0.274154931306839,-0.3161032795906067,-0.260098934173584
0.11335926502943039,-0.002362266881391406,0.011828219518065453
-0.11330382525920868,0.0016791862435638905,-0.011005185544490814
0.14187099039554596,0.416278213262558,-0.0023817806504666805
-0.12156190723180771,0.39650920033454895,-0.01924775540828705
0.21579286456108093,0.7546770572662354,0.12340755015611649
-0.1458219289779663,0.7535485029220581,0.11460351943969727
0.22824044525623322,0.799032986164093,0.12768413126468658
-0.14743250608444214,0.7991132736206055,0.1197194904088974
0.2581670582294464,0.8590450882911682,0.0015011688228696585
-0.1665053516626358,0.85850590467453,-0.00893266499042511
-
0.0017836657352745533,-0.6369261741638184,-0.165665864944458
0.007820815779268742,-0.67458176612854,-0.14828047156333923
0.008296181447803974,-0.6749848127365112,-0.14785146713256836
0.00801986176520586,-0.6754921674728394,-0.14756590127944946
-0.0258895605802536,-0.6706125736236572,-0.1485750526189804
-0.025547143071889877,-0.6713862419128418,-0.1494227796792984
-0.025652343407273293,-0.6725643873214722,-0.14849421381950378
0.05480713024735451,-0.6641718149185181,-0.028770485892891884
-0.09645479917526245,-0.6519902348518372,-0.044159434735774994
0.023118166252970695,-0.6134293079376221,-0.1226307824254036
-0.020424721762537956,-0.607252836227417,-0.12552957236766815
0.14191770553588867,-0.4700869619846344,0.045626457780599594
-0.1657424420118332,-0.46308475732803345,0.028167663142085075
0.17562149465084076,-0.2619348466396332,-0.04199066013097763
-0.21437574923038483,-0.22793230414390564,-0.02886713668704033
0.22773031890392303,-0.37214478850364685,-0.27753746509552
-0.27513259649276733,-0.30081120133399963,-0.2481342852115631
0.22772449254989624,-0.3812479078769684,-0.32162994146347046
-0.2800368368625641,-0.3038714528083801,-0.2886901795864105
0.23729588091373444,-0.4105338156223297,-0.33090338110923767
-0.2974693477153778,-0.3381516933441162,-0.30182594060897827
0.22773206233978271,-0.38925307989120483,-0.2853473126888275
-0.2741576135158539,-0.31624606251716614,-0.26007139682769775
0.1133674755692482,-0.0023690115194767714,0.011816773563623428
-0.11331209540367126,0.0016857654554769397,-0.010993678122758865
0.14186128973960876,0.41628140211105347,-0.002419015159830451
-0.1215665340423584,0.396618127822876,-0.019395658746361732
0.21578902006149292,0.7546350359916687,0.12340415269136429
-0.1457441747188568,0.753460705280304,0.11464770883321762
0.228237584233284,0.7989884614944458,0.1276848316192627
-0.14733988046646118,0.7990065217018127,0.11979113519191742
0.25816237926483154,0.8590418696403503,0.0015105345519259572
-0.16645552217960358,0.8584513664245605,-0.008686020970344543
-
0.0017219112487509847,-0.636759340763092,-0.1656215935945511
0.007730463985353708,-0.6744412779808044,-0.14825469255447388
0.008205731399357319,-0.6748430728912354,-0.14782607555389404
0.007929419167339802,-0.6753512620925903,-0.14753971993923187
-0.02598041482269764,-0.6704410314559937,-0.14853893220424652
-0.025638075545430183,-0.6712149977684021,-0.1493864357471466
-0.025743382051587105,-0.6723930835723877,-0.1484576314687729
0.05474868416786194,-0.6641519069671631,-0.028765620663762093
-0.09652028232812881,-0.6518868207931519,-0.04409976676106453
0.023084238171577454,-0.61332768201828,-0.12259195744991302
-0.020459342747926712,-0.60711669921875,-0.12546919286251068
0.14192058145999908,-0.4701046347618103,0.04565867781639099
-0.16574576497077942,-0.46304851770401,0.028251443058252335
0.17546096444129944,-0.26191335916519165,-0.041887618601322174
-0.21440929174423218,-0.22792333364486694,-0.02875644899904728
0.22755122184753418,-0.3720928132534027,-0.2772116959095001
-0.2752058804035187,-0.3010822832584381,-0.24798409640789032
0.227577805519104,-0.381212055683136,-0.3212504982948303
-0.28010454773902893,-0.30434638261795044,-0.28853172063827515
0.23717041313648224,-0.4104790687561035,-0.33053886890411377
-0.2975621819496155,-0.3386744558811188,-0.30161619186401367
0.22756841778755188,-0.38919463753700256,-0.28501877188682556
-0.2742421329021454,-0.31657668948173523,-0.25990328192710876
0.11337418109178543,-0.002373409690335393,0.011810684576630592
-0.1133187934756279,0.0016901936614885926,-0.010987716726958752
0.14183807373046875,0.4163020849227905,-0.002425501821562648
-0.12158256024122238,0.396723210811615,-0.019456587731838226
0.21578019857406616,0.7546443939208984,0.12335429340600967
-0.14573535323143005,0.7534291744232178,0.11467757821083069
0.22822979092597961,0.7989987134933472,0.127628356218338
-0.14732937514781952,0.7989755868911743,0.11981867998838425
0.2581496238708496,0.8590654730796814,0.0014625336043536663
-0.16645944118499756,0.8584221005439758,-0.008583081886172295
-
0.0016617632936686277,-0.6366690397262573,-0.16551406681537628
0.007656961213797331,-0.6743679642677307,-0.1481710821390152
0.008132284507155418,-0.6747688055038452,-0.14774322509765625
0.007855650968849659,-0.6752777099609375,-0.14745518565177917
-0.026056058704853058,-0.670352041721344,-0.14843778312206268
-0.02571389637887478,-0.6711267232894897,-0.1492847353219986
-0.02581929601728916,-0.6723045706748962,-0.14835549890995026
0.05471043288707733,-0.6641474962234497,-0.028714170679450035
-0.09656893461942673,-0.6518414616584778,-0.043959010392427444
0.02304876782000065,-0.6132743954658508,-0.12249312549829483
-0.02049671672284603,-0.607045590877533,-0.12534216046333313
0.14192016422748566,-0.4701330065727234,0.04573187977075577
-0.1657419502735138,-0.46303224563598633,0.028386279940605164
0.17540372908115387,-0.2619439959526062,-0.04179981350898743
-0.21441005170345306,-0.2279195487499237,-0.028678955510258675
0.2274932861328125,-0.37226447463035583,-0.2767731845378876
-0.2752591371536255,-0.30149564146995544,-0.2478749305009842
0.227539524435997,-0.38151365518569946,-0.32071253657341003
-0.28016921877861023,-0.3050217926502228,-0.2884067893028259
0.23714087903499603,-0.4107358455657959,-0.32996866106987
-0.2976418137550354,-0.3393470346927643,-0.301423043012619
0.22752374410629272,-0.3893657922744751,-0.28456199169158936
-0.27430546283721924,-0.31704050302505493,-0.2597702741622925
0.11337801069021225,-0.0023778313770890236,0.011801219545304775
-0.1133226826786995,0.0016946998657658696,-0.01097855344414711
0.14183947443962097,0.4163111448287964,-0.0024123138282448053
-0.1215960830450058,0.3967462480068207,-0.019472535699605942
0.21582959592342377,0.7546354532241821,0.12332783639431
-0.14573264122009277,0.7533990740776062,0.11470591276884079
0.22828565537929535,0.7989898920059204,0.1275969296693802
-0.14732684195041656,0.7989439368247986,0.11985017359256744
0.2582003176212311,0.8590595126152039,0.0014421764062717557
-0.16650085151195526,0.8583961129188538,-0.008551585488021374
-
0.001632996485568583,-0.6366500854492188,-0.16549447178840637
0.007617141120135784,-0.6743552684783936,-0.14815543591976166
0.008092623203992844,-0.6747557520866394,-0.14772792160511017
0.007815717719495296,-0.6752648949623108,-0.14743927121162415
-0.02609933167695999,-0.6703318357467651,-0.14841964840888977
-0.025757145136594772,-0.67110675573349,-0.1492665559053421
-0.025862662121653557,-0.6722844243049622,-0.14833728969097137
0.05468371883034706,-0.6641613841056824,-0.0286971777677536
-0.096607506275177,-0.6518292427062988,-0.04391992464661598
0.023033061996102333,-0.6132671236991882,-0.12247315049171448
-0.02051524631679058,-0.6070303916931152,-0.125315859913826
0.14192183315753937,-0.47021231055259705,0.04577808827161789
-0.16572581231594086,-0.46302035450935364,0.02840852364897728
0.175411656498909,-0.2622704803943634,-0.04177297279238701
-0.2143929898738861,-0.22791804373264313,-0.028682978823781013
0.22749359905719757,-0.37285393476486206,-0.27661794424057007
-0.2752717137336731,-0.30174869298934937,-0.2478809356689453
0.22755885124206543,-0.3822612166404724,-0.32052138447761536
-0.2801876962184906,-0.3054223954677582,-0.2884117364883423
0.23717017471790314,-0.41141435503959656,-0.3297554552555084
-0.2976735830307007,-0.3397323787212372,-0.30141696333885193
0.22752803564071655,-0.3899399936199188,-0.2844018340110779
-0.274326354265213,-0.31731489300727844,-0.25977152585983276
0.11338120698928833,-0.002382417907938361,0.011795236729085445
-0.11332584917545319,0.0016993338940665126,-0.01097271591424942
0.1418573558330536,0.4163142442703247,-0.002386578358709812
-0.12161272764205933,0.39676061272621155,-0.019478773698210716
0.21588745713233948,0.7546217441558838,0.12333063781261444
-0.14576028287410736,0.7533722519874573,0.11473023146390915
0.22834354639053345,0.7989758849143982,0.12759919464588165
-0.1473572999238968,0.7989153861999512,0.11987649649381638
0.2582184374332428,0.8590571284294128,0.0014453151961788535
-0.16658231616020203,0.8583755493164062,-0.00851522944867611
-
0.0016343954484909773,-0.6366499066352844,-0.16542407870292664
0.007610862608999014,-0.6743578910827637,-0.14807963371276855
0.008086375892162323,-0.6747579574584961,-0.14765259623527527
0.007809476926922798,-0.675267219543457,-0.1473630666732788
-0.02610791102051735,-0.6703277230262756,-0.14833687245845795
-0.02576574869453907,-0.6711025834083557,-0.14918357133865356
-0.025871211662888527,-0.6722801327705383,-0.14825507998466492
0.05469314008951187,-0.664175271987915,-0.028625505045056343
-0.09660939127206802,-0.6518208980560303,-0.043795134872198105
0.023050332441926003,-0.6132706999778748,-0.12241082638502121
-0.020500466227531433,-0.6070262789726257,-0.12524005770683289
0.14196425676345825,-0.470252126455307,0.04583975300192833
-0.16564913094043732,-0.4629787802696228,0.02850390039384365
0.17543545365333557,-0.26244163513183594,-0.04175928607583046
-0.21416890621185303,-0.2278345227241516,-0.02858888916671276
0.2274760901927948,-0.37296926975250244,-0.2766081392765045
-0.2751907408237457,-0.3016761541366577,-0.24777629971504211
0.22754324972629547,-0.38236600160598755,-0.32051488757133484
-0.28011420369148254,-0.3053404986858368,-0.2883113920688629
0.2371521145105362,-0.4114958643913269,-0.329743355512619
-0.29763320088386536,-0.3396521508693695,-0.3013227880001068
0.22750817239284515,-0.39004066586494446,-0.2843915522098541
-0.27426427602767944,-0.317243754863739,-0.25967150926589966
0.11338529735803604,-0.0023873618338257074,0.011786134913563728
-0.11332997679710388,0.0017042936524376273,-0.010963620617985725
0.1418682038784027,0.41631779074668884,-0.002395632676780224
-0.12162082642316818,0.3967747390270233,-0.0194858368486166
0.21596702933311462,0.7546087503433228,0.1233098953962326
-0.14575500786304474,0.7533506155014038,0.11475177109241486
0.22842615842819214,0.7989617586135864,0.12757658958435059
-0.14735114574432373,0.7988923788070679,0.11989937722682953
0.2582238018512726,0.8590503334999084,0.0013911831192672253
-0.16658343374729156,0.8583555221557617,-0.00848308578133583
-
0.0016429652459919453,-0.6366788744926453,-0.16533927619457245
0.00760836573317647,-0.6743868589401245,-0.14798791706562042
0.008083784952759743,-0.6747865080833435,-0.14756134152412415
0.007806989364326,-0.675295889377594,-0.14727114140987396
-0.026111312210559845,-0.6703445315361023,-0.1482476443052292
-0.0257691852748394,-0.6711195111274719,-0.14909352362155914
-0.025874635204672813,-0.6722967028617859,-0.14816592633724213
0.054696131497621536,-0.6642023921012878,-0.028542108833789825
-0.09660875052213669,-0.6518151164054871,-0.043702512979507446
0.0230709221214056,-0.6132985949516296,-0.12233467400074005
-0.02047855779528618,-0.6070412397384644,-0.12516175210475922
0.1419995278120041,-0.470305472612381,0.04591701179742813
-0.16558869183063507,-0.4629422724246979,0.028533853590488434
0.17546851933002472,-0.26265040040016174,-0.041707225143909454
-0.21383951604366302,-0.22769232094287872,-0.028541244566440582
0.2275722175836563,-0.37315449118614197,-0.2765434682369232
-0.2750963866710663,-0.3014560639858246,-0.2476159632205963
0.22769436240196228,-0.3825719952583313,-0.3204442858695984
-0.2800523638725281,-0.305097758769989,-0.28811654448509216
0.23730696737766266,-0.411673367023468,-0.3296623229980469
-0.29762205481529236,-0.33937346935272217,-0.301167756319046
0.2276105284690857,-0.39021676778793335,-0.28433170914649963
-0.2742086350917816,-0.3170124590396881,-0.2595255374908447
0.1133897677063942,-0.0023934897035360336,0.011780910193920135
-0.11333449929952621,0.0017106049926951528,-0.01095837727189064
0.14187359809875488,0.4163156747817993,-0.0024113543331623077
-0.12161356210708618,0.39680853486061096,-0.019505875185132027
0.21599134802818298,0.7545839548110962,0.12329724431037903
-0.14563585817813873,0.7533271312713623,0.11477730423212051
0.22844870388507843,0.7989355325698853,0.1275649219751358
-0.14721181988716125,0.7988645434379578,0.11993123590946198
0.2582037150859833,0.8590428233146667,0.0013782945461571217
-0.16641539335250854,0.8583372235298157,-0.008397752419114113
-
0.0017243986949324608,-0.6367038488388062,-0.16539011895656586
0.007684351876378059,-0.6744109392166138,-0.14802978932857513
0.008159957826137543,-0.674810528755188,-0.14760339260101318
0.007883218117058277,-0.6753199696540833,-0.14731289446353912
-0.0260429996997118,-0.6703659296035767,-0.14829899370670319
-0.025700749829411507,-0.6711406111717224,-0.14914485812187195
-0.02580566145479679,-0.6723175048828125,-0.14821761846542358
0.054759297519922256,-0.6642273664474487,-0.02855364978313446
-0.09657019376754761,-0.6518292427062988,-0.04373820871114731
0.02315053530037403,-0.6133247017860413,-0.12237415462732315
-0.02040601521730423,-0.607064425945282,-0.12520991265773773
0.1420397013425827,-0.47035926580429077,0.04592603072524071
-0.16550636291503906,-0.4629323482513428,0.02847263775765896
0.17563092708587646,-0.26303765177726746,-0.041730400174856186
-0.21322548389434814,-0.2275507152080536,-0.028664764016866684
0.22784563899040222,-0.3739205002784729,-0.2767285406589508
-0.2746177613735199,-0.30109214782714844,-0.24782708287239075
0.22802089154720306,-0.38345763087272644,-0.3206593096256256
-0.2795703411102295,-0.3046375811100006,-0.28835025429725647
0.23764584958553314,-0.4125272333621979,-0.329841285943985
-0.29727956652641296,-0.3388749063014984,-0.30144140124320984
0.22788695991039276,-0.39100268483161926,-0.284521222114563
-0.27379751205444336,-0.31662580370903015,-0.2597593367099762
0.11339683830738068,-0.002400933066383004,0.011780770495533943
-0.1133415699005127,0.0017180999275296926,-0.0109580522403121
0.1419067084789276,0.4163177013397217,-0.0024422560818493366
-0.12159635871648788,0.39689844846725464,-0.01960807293653488
0.21608702838420868,0.7545285224914551,0.12331196665763855
-0.14559142291545868,0.7532530426979065,0.11488210409879684
0.2285400629043579,0.798881471157074,0.12758585810661316
-0.1471608579158783,0.7987760901451111,0.12006980925798416
0.2582012414932251,0.8590558767318726,0.0014007899444550276
-0.1663431078195572,0.8583094477653503,-0.008126352913677692
-
0.0018059277208521962,-0.6367171406745911,-0.16539359092712402
0.007765369955450296,-0.6744204163551331,-0.14803121984004974
0.008241293020546436,-0.6748200058937073,-0.14760488271713257
0.007964425720274448,-0.6753295063972473,-0.14731425046920776
-0.025965962558984756,-0.6703755259513855,-0.14830370247364044
-0.025623494759202003,-0.6711501479148865,-0.14914953708648682
-0.025728125125169754,-0.6723268628120422,-0.14822247624397278
0.05482266843318939,-0.6642317175865173,-0.028546469286084175
-0.09651608020067215,-0.6518310308456421,-0.04374153912067413
0.023225219920277596,-0.613335132598877,-0.12237415462732315
-0.02033430151641369,-0.6070756316184998,-0.1252129226922989
0.1420772671699524,-0.47038131952285767,0.04596453905105591
-0.1654251366853714,-0.4629237651824951,0.028434492647647858
0.1759079247713089,-0.2634086012840271,-0.04175615683197975
-0.2127920240163803,-0.22750169038772583,-0.028741860762238503
0.22803142666816711,-0.37486374378204346,-0.27691006660461426
-0.27429279685020447,-0.30084046721458435,-0.2479056566953659
0.22818435728549957,-0.38457152247428894,-0.32087892293930054
-0.27926191687583923,-0.30429112911224365,-0.28843969106674194
0.23777690529823303,-0.41364994645118713,-0.3299870789051056
-0.2970379889011383,-0.33845579624176025,-0.3015512526035309
0.2280464619398117,-0.3919839560985565,-0.2846902310848236
-0.2735143303871155,-0.31633293628692627,-0.25984784960746765
0.11340218782424927,-0.0024084567558020353,0.011785763315856457
-0.1133468747138977,0.0017257126746699214,-0.010962635278701782
0.14193333685398102,0.41632136702537537,-0.0024820631369948387
-0.12156149744987488,0.3970222473144531,-0.019773276522755623
0.21625657379627228,0.7545031905174255,0.12328758835792542
-0.1455400139093399,0.7532306909561157,0.11490148305892944
0.2287168800830841,0.7988582253456116,0.12756480276584625
-0.14710570871829987,0.7987470626831055,0.12010321021080017
0.2582276165485382,0.8590787053108215,0.0013891833368688822
-0.16627009212970734,0.8582937717437744,-0.007997908629477024
-
0.0019029838731512427,-0.6367142200469971,-0.16536398231983185
0.007880224846303463,-0.6744150519371033,-0.14799481630325317
0.008356356993317604,-0.6748145818710327,-0.14756879210472107
0.008079476654529572,-0.6753240823745728,-0.14727777242660522
-0.025858350098133087,-0.6703729629516602,-0.14827992022037506
-0.02551555633544922,-0.6711475253105164,-0.14912568032741547
-0.025620384141802788,-0.6723241806030273,-0.1481993943452835
0.054896336048841476,-0.6642149090766907,-0.028462514281272888
-0.0964592695236206,-0.6518288850784302,-0.043726611882448196
0.023297544568777084,-0.6133289337158203,-0.12233041226863861
-0.020266762003302574,-0.6070735454559326,-0.1251872330904007
0.14209015667438507,-0.4703926146030426,0.04610341042280197
-0.16539166867733002,-0.4629156291484833,0.028437118977308273
0.1761089563369751,-0.26364240050315857,-0.04172634333372116
-0.21247805655002594,-0.22744043171405792,-0.02873328886926174
0.2281619906425476,-0.3753550052642822,-0.27695003151893616
-0.27400365471839905,-0.3002614378929138,-0.24786826968193054
0.2282983511686325,-0.3851027488708496,-0.32095158100128174
-0.2789786159992218,-0.30345332622528076,-0.28840529918670654
0.23785167932510376,-0.41420939564704895,-0.3300243616104126
-0.296802282333374,-0.33752208948135376,-0.3015393316745758
0.22814954817295074,-0.392494797706604,-0.28472745418548584
-0.27325543761253357,-0.31567496061325073,-0.25981923937797546
0.11340674757957458,-0.0024174274876713753,0.011789289303123951
-0.11335140466690063,0.0017346868989989161,-0.010965758003294468
0.14194071292877197,0.41632047295570374,-0.002556717023253441
-0.12153981626033783,0.39708277583122253,-0.01990865170955658
0.21641190350055695,0.754457414150238,0.12323136627674103
-0.14552904665470123,0.7532093524932861,0.11490743607282639
0.22887754440307617,0.798812747001648,0.12751294672489166
-0.14709272980690002,0.7987239360809326,0.12011592835187912
0.25822651386260986,0.8590814471244812,0.0013224253198131919
-0.16619451344013214,0.8582842946052551,-0.007967008277773857
-
0.0019508589757606387,-0.6366235017776489,-0.16516335308551788
0.007938607595860958,-0.6743168234825134,-0.14778101444244385
0.008414806798100471,-0.6747165322303772,-0.14735563099384308
0.008138183504343033,-0.6752256155014038,-0.14706267416477203
-0.025805190205574036,-0.6702869534492493,-0.1481017768383026
-0.025462450459599495,-0.6710609793663025,-0.14894697070121765
-0.02556731551885605,-0.6722371578216553,-0.14802135527133942
0.0549190491437912,-0.66412353515625,-0.028178803622722626
-0.09644826501607895,-0.651784360408783,-0.043600067496299744
0.023325961083173752,-0.61324143409729,-0.12209893763065338
-0.02024112641811371,-0.6070020794868469,-0.12500213086605072
0.14206622540950775,-0.4703857898712158,0.04643053933978081
-0.16538508236408234,-0.4628552794456482,0.028516646474599838
0.1760023683309555,-0.26365286111831665,-0.04154215380549431
-0.21227073669433594,-0.22727838158607483,-0.02860707975924015
0.22814451158046722,-0.37534254789352417,-0.2769332826137543
-0.2738308310508728,-0.2999825179576874,-0.24770241975784302
0.22830058634281158,-0.3850659430027008,-0.3209434449672699
-0.2787933647632599,-0.30310508608818054,-0.2882387638092041
0.23785094916820526,-0.41414153575897217,-0.33000698685646057
-0.2966725826263428,-0.337184339761734,-0.30141928791999817
0.22813060879707336,-0.39247196912765503,-0.28471288084983826
-0.2731102406978607,-0.3153979480266571,-0.2596679925918579
0.11341086030006409,-0.002431988250464201,0.011793491430580616
-0.1133553609251976,0.0017493654740974307,-0.010969585739076138
0.14190982282161713,0.41631820797920227,-0.0027401105035096407
-0.1215275451540947,0.3971789479255676,-0.020138049498200417
0.21640180051326752,0.7544451355934143,0.12285251915454865
-0.1455192267894745,0.753194272518158,0.11483096331357956
0.2288644164800644,0.7988005876541138,0.1271280199289322
-0.14708207547664642,0.7987049221992493,0.12004806846380234
0.25808975100517273,0.859093189239502,0.0009446603944525123
-0.16616259515285492,0.8582834601402283,-0.007985898293554783
-
0.002015376929193735,-0.6365517973899841,-0.16495543718338013
0.008034851402044296,-0.674231767654419,-0.147562637925148
0.00851100217550993,-0.6746315360069275,-0.1471378058195114
0.008234656415879726,-0.6751402020454407,-0.14684313535690308
-0.02571203000843525,-0.6702228784561157,-0.14789946377277374
-0.0253695547580719,-0.6709962487220764,-0.1487441509962082
-0.025474203750491142,-0.6721721887588501,-0.14781861007213593
0.05499323830008507,-0.664006769657135,-0.027937114238739014
-0.09638634324073792,-0.6517553925514221,-0.04343748837709427
0.0233695600181818,-0.613157331943512,-0.12188433110713959
-0.02019878663122654,-0.6069457530975342,-0.12481295317411423
0.14205710589885712,-0.4703369140625,0.04661354422569275
-0.16536743938922882,-0.4628019630908966,0.028654109686613083
0.1759302318096161,-0.26362213492393494,-0.041447848081588745
-0.21210554242134094,-0.22712044417858124,-0.02829364314675331
0.22807669639587402,-0.37522727251052856,-0.276907354593277
-0.2736687958240509,-0.2995973229408264,-0.24716167151927948
0.22825194895267487,-0.3848787844181061,-0.320919930934906
-0.27860671281814575,-0.30259203910827637,-0.28765130043029785
0.23778830468654633,-0.4139072597026825,-0.3299676179885864
-0.29651543498039246,-0.3366795778274536,-0.3009166121482849
0.22805583477020264,-0.3923308849334717,-0.28468427062034607
-0.27295878529548645,-0.31500086188316345,-0.25914114713668823
0.11341440677642822,-0.0024411333724856377,0.011790412478148937
-0.11335889250040054,0.0017586121102795005,-0.010966252535581589
0.14188101887702942,0.41632795333862305,-0.002784471260383725
-0.12151620537042618,0.3971990942955017,-0.02016635052859783
0.21641415357589722,0.7544362545013428,0.12265715003013611
-0.14553555846214294,0.7532000541687012,0.11475929617881775
0.22887465357780457,0.7987917065620422,0.12691515684127808
-0.14710353314876556,0.7987086772918701,0.11996404081583023
0.2579597234725952,0.8591384291648865,0.0006351888878270984
-0.16615726053714752,0.858299195766449,-0.008098267018795013
-
0.002133790170773864,-0.6365465521812439,-0.1648743599653244
0.008229201659560204,-0.674222469329834,-0.1474589705467224
0.00870596058666706,-0.6746224761009216,-0.14703425765037537
0.008429513312876225,-0.6751310229301453,-0.14673934876918793
-0.02552681975066662,-0.6702212691307068,-0.14781634509563446
-0.02518436126410961,-0.6709943413734436,-0.14866116642951965
-0.02528844214975834,-0.6721702814102173,-0.14773528277873993
0.0551297590136528,-0.6639435291290283,-0.027766983956098557
-0.09628059715032578,-0.6517683863639832,-0.04338398575782776
0.023435793817043304,-0.6131413578987122,-0.12178916484117508
-0.020139092579483986,-0.6069430708885193,-0.12474875897169113
0.14204342663288116,-0.4702918827533722,0.04671628400683403
-0.16535942256450653,-0.462789922952652,0.02870766632258892
0.1761026233434677,-0.2636328637599945,-0.04143445938825607
-0.2118617296218872,-0.22697798907756805,-0.028150707483291626
0.2280740588903427,-0.375230610370636,-0.2769678831100464
-0.27317991852760315,-0.2986834645271301,-0.2468883991241455
0.22822599112987518,-0.3848651945590973,-0.3210015296936035
-0.27798542380332947,-0.30122411251068115,-0.28735068440437317
0.23770225048065186,-0.4138971269130707,-0.330000638961792
-0.2958897054195404,-0.33526185154914856,-0.30066847801208496
0.22804005444049835,-0.39233139157295227,-0.28472623229026794
-0.27244558930397034,-0.3139887750148773,-0.25886914134025574
0.11341751366853714,-0.0024546151980757713,0.01178789883852005
-0.11336185038089752,0.001772069139406085,-0.01096341758966446
0.14188288152217865,0.41632983088493347,-0.0028131846338510513
-0.12146895378828049,0.39720839262008667,-0.020168645307421684
0.21655888855457306,0.7544265389442444,0.1224953755736351
-0.14552563428878784,0.753200352191925,0.11473105847835541
0.22902238368988037,0.7987827062606812,0.12673425674438477
-0.14709483087062836,0.798709511756897,0.1199171394109726
0.2579536437988281,0.8592070937156677,0.0003379159024916589
-0.1660793125629425,0.8583084940910339,-0.008227843791246414
-
0.0021452046930789948,-0.6365551948547363,-0.16478309035301208
0.008272909559309483,-0.6742237210273743,-0.14734160900115967
0.008750025182962418,-0.6746238470077515,-0.14691726863384247
0.00847354345023632,-0.6751323938369751,-0.1466219574213028
-0.025488942861557007,-0.6702407002449036,-0.14771729707717896
-0.025146618485450745,-0.6710132360458374,-0.1485624462366104
-0.02525031380355358,-0.6721892952919006,-0.147635817527771
0.055157873779535294,-0.6639215350151062,-0.027581527829170227
-0.09627015143632889,-0.6518166661262512,-0.043308861553668976
0.023440046235919,-0.6131380796432495,-0.12168678641319275
-0.02013866975903511,-0.606957733631134,-0.12467427551746368
0.14195621013641357,-0.4702775180339813,0.046790819615125656
-0.16538584232330322,-0.46278321743011475,0.028790144249796867
0.17628873884677887,-0.26370957493782043,-0.04142635688185692
-0.21168166399002075,-0.22692030668258667,-0.028018340468406677
0.22805730998516083,-0.37528499960899353,-0.2769756615161896
-0.27280354499816895,-0.29782938957214355,-0.24667087197303772
0.22814606130123138,-0.3848736882209778,-0.32101118564605713
-0.2775166928768158,-0.29990848898887634,-0.28709647059440613
0.23751336336135864,-0.4139169752597809,-0.3299938440322876
-0.29538801312446594,-0.333830863237381,-0.30045872926712036
0.2279898226261139,-0.3923822045326233,-0.28472623229026794
-0.2720414400100708,-0.31300753355026245,-0.2586519718170166
0.11341925710439682,-0.0024713100865483284,0.011780774220824242
-0.11336337774991989,0.0017887534340843558,-0.01095582079142332
0.14188437163829803,0.4163290560245514,-0.0028266471344977617
-0.12145429849624634,0.3972233235836029,-0.020181436091661453
0.21660009026527405,0.7544230222702026,0.1223657950758934
-0.14552338421344757,0.753186821937561,0.11473141610622406
0.22905920445919037,0.7987841367721558,0.12658798694610596
-0.1470942348241806,0.7986955046653748,0.11991426348686218
0.25792792439460754,0.8593337535858154,0.00015095496200956404
-0.1660720407962799,0.858285665512085,-0.008229713886976242
-
0.0021797260269522667,-0.6365574598312378,-0.1647367924451828
0.008353887125849724,-0.6742220520973206,-0.14728078246116638
0.008831373415887356,-0.6746222972869873,-0.14685672521591187
0.008554773405194283,-0.6751309037208557,-0.1465616524219513
-0.025418411940336227,-0.6702539920806885,-0.14767585694789886
-0.025076426565647125,-0.6710261106491089,-0.14852137863636017
-0.025179345160722733,-0.6722022294998169,-0.14759406447410583
0.055199429392814636,-0.6639115214347839,-0.02744973637163639
-0.09625696390867233,-0.6518874764442444,-0.04329357668757439
0.023448219522833824,-0.6131345629692078,-0.12162217497825623
-0.020132601261138916,-0.6069712042808533,-0.12464082986116409
0.1418689489364624,-0.47027772665023804,0.046874042600393295
-0.16539955139160156,-0.4627932906150818,0.028802795335650444
0.17660927772521973,-0.2639211118221283,-0.0414055734872818
-0.21137762069702148,-0.22687441110610962,-0.02799137309193611
0.22814199328422546,-0.3755495548248291,-0.27693814039230347
-0.27231258153915405,-0.29670244455337524,-0.24654574692249298
0.22819189727306366,-0.3850461542606354,-0.3209690749645233
-0.27696487307548523,-0.2982388436794281,-0.28691285848617554
0.2375098168849945,-0.41412508487701416,-0.32989466190338135
-0.294767290353775,-0.3319562077522278,-0.3003455698490143
0.22803166508674622,-0.39264431595802307,-0.2846672534942627
-0.27152857184410095,-0.3116966485977173,-0.25853896141052246
0.11341894418001175,-0.0024888399057090282,0.011778503656387329
-0.11336291581392288,0.0018063647439703345,-0.010953252203762531
0.1419454663991928,0.4162997007369995,-0.0028501537162810564
-0.12143570929765701,0.3972380757331848,-0.02019502781331539
0.21663632988929749,0.7544370293617249,0.12197744846343994
-0.14552797377109528,0.7531706690788269,0.1147252544760704
0.22908338904380798,0.798812985420227,0.1261405348777771
-0.14710338413715363,0.798677384853363,0.11990317702293396
0.25789979100227356,0.8595429062843323,-0.000362433580448851
-0.1660749763250351,0.858250081539154,-0.00824049860239029
-
0.002339484402909875,-0.6365904211997986,-0.16453325748443604
0.008590293116867542,-0.674248456954956,-0.1470528244972229
0.009067252278327942,-0.6746488809585571,-0.14662903547286987
0.008790405467152596,-0.6751576066017151,-0.14633338153362274
-0.02519405446946621,-0.6703062057495117,-0.14749358594417572
-0.024853194132447243,-0.6710781455039978,-0.14833872020244598
-0.024954810738563538,-0.6722541451454163,-0.14740979671478271
0.05533938109874725,-0.6639147400856018,-0.027101969346404076
-0.09615914523601532,-0.6519983410835266,-0.04319510981440544
0.023534350097179413,-0.6131495833396912,-0.1213790625333786
-0.020054617896676064,-0.6070175766944885,-0.12447497993707657
0.1418532431125641,-0.47028401494026184,0.04718243330717087
-0.16536317765712738,-0.4628160297870636,0.02885621227324009
0.17706970870494843,-0.26409465074539185,-0.041110046207904816
-0.21042142808437347,-0.22672830522060394,-0.027829967439174652
0.22861163318157196,-0.3759390413761139,-0.27627071738243103
-0.27149438858032227,-0.2952442467212677,-0.24598346650600433
0.22865566611289978,-0.3853744864463806,-0.32024168968200684
-0.27620136737823486,-0.296194851398468,-0.2861640751361847
0.23785537481307983,-0.4145278334617615,-0.3290042579174042
-0.2940131723880768,-0.3296407163143158,-0.2998216152191162
0.22844472527503967,-0.3930557072162628,-0.28394168615341187
-0.2707447409629822,-0.3100191354751587,-0.258023202419281
0.11341237276792526,-0.0025015200953930616,0.011776220053434372
-0.11335638910531998,0.0018194231670349836,-0.010950864292681217
0.14207927882671356,0.4162670373916626,-0.00278643099591136
-0.12137617915868759,0.3971976637840271,-0.02012055367231369
0.2168799191713333,0.7544798254966736,0.12162745743989944
-0.1455385684967041,0.7532240748405457,0.11451121419668198
0.2293146699666977,0.7988725304603577,0.1256980448961258
-0.14712826907634735,0.7987443208694458,0.1195937767624855
0.2579863369464874,0.859597384929657,-0.0009028790518641472
-0.16614346206188202,0.8582517504692078,-0.008716863580048084
-
0.002599886851385236,-0.6367943286895752,-0.16432742774486542
0.008903192356228828,-0.6744381785392761,-0.1468229740858078
0.009379402734339237,-0.674838662147522,-0.14639976620674133
0.009102252312004566,-0.6753480434417725,-0.14610335230827332
-0.02488124929368496,-0.6705362200737,-0.1473122090101242
-0.024541616439819336,-0.671308159828186,-0.1481575220823288
-0.02464147098362446,-0.6724838018417358,-0.14722715318202972
0.0555083192884922,-0.6640092730522156,-0.02679472416639328
-0.09598927944898605,-0.6522365808486938,-0.04311744123697281
0.02369808778166771,-0.6132952570915222,-0.12115365266799927
-0.01988677866756916,-0.6072158217430115,-0.12432249635457993
0.14184993505477905,-0.47032225131988525,0.04742833971977234
-0.1652573049068451,-0.46288079023361206,0.02887444943189621
0.1774730384349823,-0.2643357515335083,-0.04077177122235298
-0.2094273716211319,-0.226632758975029,-0.027786431834101677
0.22932372987270355,-0.3764115571975708,-0.2754524052143097
-0.2703409790992737,-0.2943323850631714,-0.24566693603992462
0.2294510155916214,-0.38583484292030334,-0.3193312883377075
-0.27502819895744324,-0.2949925661087036,-0.28570321202278137
0.2386174201965332,-0.4150718152523041,-0.3279876410961151
-0.29287973046302795,-0.32827839255332947,-0.29949724674224854
0.22916334867477417,-0.3935635983943939,-0.2830851376056671
-0.2696218192577362,-0.3089817762374878,-0.25773146748542786
0.11340566724538803,-0.002515793079510331,0.011774103157222271
-0.11335007101297379,0.0018343029078096151,-0.010948719456791878
0.14226534962654114,0.41621652245521545,-0.0026447249110788107
-0.121318519115448,0.39719757437705994,-0.02007005736231804
0.2173091620206833,0.7544839978218079,0.1215270534157753
-0.14553695917129517,0.7532446980476379,0.11446436494588852
0.22973507642745972,0.7988842725753784,0.12555737793445587
-0.1471318006515503,0.798768162727356,0.1195208877325058
0.2581437826156616,0.8596278429031372,-0.0010958267375826836
-0.1661679893732071,0.8582494854927063,-0.008807131089270115
-
0.002974966773763299,-0.6369580626487732,-0.16395971179008484
0.009345836006104946,-0.6745854020118713,-0.14641790091991425
0.009820650331676006,-0.6749857664108276,-0.14599522948265076
0.009543743915855885,-0.6754953861236572,-0.1456979215145111
-0.024438170716166496,-0.6707219481468201,-0.14696012437343597
-0.02409965917468071,-0.67149418592453,-0.14780448377132416
-0.024197746068239212,-0.6726692318916321,-0.14687290787696838
0.05580614134669304,-0.6640563607215881,-0.0263055507093668
-0.09568729251623154,-0.6524152755737305,-0.04290096461772919
0.02396438457071781,-0.6133977770805359,-0.12076488882303238
-0.019614949822425842,-0.6073682308197021,-0.12401992082595825
0.14186513423919678,-0.47033193707466125,0.04778183996677399
-0.16508646309375763,-0.4629329442977905,0.02897474728524685
0.1777825653553009,-0.2644847333431244,-0.04033203795552254
-0.20861436426639557,-0.2265147566795349,-0.027561333030462265
0.2298520803451538,-0.3766895830631256,-0.27461275458335876
-0.2695634067058563,-0.2929562032222748,-0.24501685798168182
0.23005051910877228,-0.3860654830932617,-0.3184734880924225
-0.2742757797241211,-0.2931312322616577,-0.2848978042602539
0.2391679584980011,-0.415365606546402,-0.3270481526851654
-0.2920890748500824,-0.32624897360801697,-0.2989283502101898
0.229685977101326,-0.3938616216182709,-0.2822273075580597
-0.2688463628292084,-0.3074362874031067,-0.25714293122291565
0.11339806020259857,-0.0025282178539782763,0.01177267637103796
-0.1133427694439888,0.0018473104573786259,-0.010947280563414097
0.1424824297428131,0.4161471724510193,-0.002614008029922843
-0.12122409790754318,0.3971879780292511,-0.020049549639225006
0.2177167534828186,0.7544966340065002,0.1212933361530304
-0.14550836384296417,0.753298819065094,0.11430549621582031
0.2301395982503891,0.798906147480011,0.12527111172676086
-0.1471109390258789,0.7988288402557373,0.11930732429027557
0.25835543870925903,0.8596441745758057,-0.0014488475862890482
-0.16614331305027008,0.8582602143287659,-0.00910684373229742
-
0.003314334899187088,-0.637131929397583,-0.16366349160671234
0.009746013209223747,-0.674740731716156,-0.14609041810035706
0.010219834744930267,-0.6751410365104675,-0.14566805958747864
0.009942765347659588,-0.6756510734558105,-0.14537058770656586
-0.02404000423848629,-0.6709175705909729,-0.1466749906539917
-0.023702358826994896,-0.6716901659965515,-0.14751888811588287
-0.02379908226430416,-0.6728649735450745,-0.14658623933792114
0.05607892945408821,-0.6641033887863159,-0.025911230593919754
-0.09541837871074677,-0.6525951623916626,-0.04273170232772827
0.024204954504966736,-0.6135076284408569,-0.1204535961151123
-0.019370296970009804,-0.6075286865234375,-0.12377965450286865
0.14187151193618774,-0.4703353941440582,0.04805509373545647
-0.16492930054664612,-0.46298158168792725,0.029037341475486755
0.17795036733150482,-0.26459455490112305,-0.03996674716472626
-0.20808465778827667,-0.2264600694179535,-0.027442123740911484
0.23019519448280334,-0.3769603967666626,-0.27374744415283203
-0.2691071927547455,-0.29236000776290894,-0.2445763647556305
0.230453222990036,-0.38631775975227356,-0.3175477385520935
-0.27386319637298584,-0.29239514470100403,-0.2843291163444519
0.2395685464143753,-0.41566002368927,-0.3260469138622284
-0.2916383743286133,-0.3254326581954956,-0.29849258065223694
0.23004107177257538,-0.3941468596458435,-0.2813383638858795
-0.2683948278427124,-0.30677294731140137,-0.2567322850227356
0.1133885532617569,-0.00253980397246778,0.011772960424423218
-0.11333350092172623,0.001859394833445549,-0.010947493836283684
0.1426663100719452,0.4160919189453125,-0.0025563519448041916
-0.12114755809307098,0.3971825838088989,-0.020044300705194473
0.21813078224658966,0.7544991970062256,0.12115717679262161
-0.14550377428531647,0.7533364295959473,0.11415845900774002
0.23055797815322876,0.7989135980606079,0.12510085105895996
-0.14711016416549683,0.7988702654838562,0.11912304162979126
0.258594810962677,0.8596558570861816,-0.001655565807595849
-0.16614054143428802,0.8582619428634644,-0.009361829608678818
-
0.0035703449975699186,-0.6371737122535706,-0.1634351909160614
0.01002937089651823,-0.6747744679450989,-0.145842045545578
0.010502470657229424,-0.6751748919487,-0.1454199105501175
0.01022536214441061,-0.6756849884986877,-0.1451224386692047
-0.02375541441142559,-0.6709666848182678,-0.14646226167678833
-0.02341841347515583,-0.6717389822006226,-0.14730532467365265
-0.023514144122600555,-0.6729139089584351,-0.14637109637260437
0.056254077702760696,-0.664108157157898,-0.02561059407889843
-0.0952378436923027,-0.6526497602462769,-0.042607687413692474
0.024387741461396217,-0.613531231880188,-0.12020698934793472
-0.01918184384703636,-0.6075717806816101,-0.12358985841274261
0.14186909794807434,-0.47033658623695374,0.04826990142464638
-0.16481931507587433,-0.46298715472221375,0.029126683250069618
0.17800384759902954,-0.26463964581489563,-0.03967423364520073
-0.20775166153907776,-0.22636467218399048,-0.027235398069024086
0.2303101122379303,-0.37698960304260254,-0.273258775472641
-0.26881086826324463,-0.2919592559337616,-0.24406902492046356
0.2305913269519806,-0.3863241374492645,-0.3170250654220581
-0.27354705333709717,-0.2919267416000366,-0.28371015191078186
0.23968707025051117,-0.4156639575958252,-0.3254966139793396
-0.29131823778152466,-0.32495516538619995,-0.2979673147201538
0.2301533818244934,-0.3941686451435089,-0.2808311879634857
-0.2680966556072235,-0.3063531219959259,-0.25624239444732666
0.11338037997484207,-0.002552193123847246,0.01177170593291521
-0.11332531273365021,0.0018721630331128836,-0.010946170426905155
0.14274783432483673,0.41607004404067993,-0.0025324858725070953
-0.12101124972105026,0.3971758186817169,-0.020012926310300827
0.21836203336715698,0.7545024752616882,0.12101251631975174
-0.14543727040290833,0.753451406955719,0.11399882286787033
0.23078955709934235,0.7989190816879272,0.12492881715297699
-0.14705072343349457,0.7989969253540039,0.11891355365514755
0.2586672902107239,0.8596676588058472,-0.001886078855022788
-0.16600912809371948,0.8583435416221619,-0.00973390880972147
-
0.0037513833958655596,-0.6372166872024536,-0.1631096452474594
0.010233411565423012,-0.6748086810112,-0.1454969197511673
0.010705306194722652,-0.6752089858055115,-0.14507465064525604
0.010428537614643574,-0.675719141960144,-0.14477816224098206
-0.023547066375613213,-0.6710153818130493,-0.14614084362983704
-0.02321021631360054,-0.6717875599861145,-0.1469821333885193
-0.02330578863620758,-0.6729624271392822,-0.14604756236076355
0.05639335513114929,-0.6641093492507935,-0.025240695104002953
-0.09507736563682556,-0.6526852250099182,-0.04237082228064537
0.024520380422472954,-0.613551914691925,-0.1198740005493164
-0.019040847197175026,-0.6076095104217529,-0.12330324947834015
0.14186570048332214,-0.4703272879123688,0.04851824790239334
-0.1647045761346817,-0.46298766136169434,0.029322395101189613
0.17802858352661133,-0.26465851068496704,-0.03930770605802536
-0.20742912590503693,-0.22622644901275635,-0.02683117613196373
0.2303408831357956,-0.3769789934158325,-0.2726326286792755
-0.26854726672172546,-0.29153770208358765,-0.2432836890220642
0.23062250018119812,-0.3862578272819519,-0.316377192735672
-0.2732800841331482,-0.29145678877830505,-0.28281182050704956
0.23971179127693176,-0.41559186577796936,-0.3248186707496643
-0.2910633981227875,-0.3244585394859314,-0.2971724569797516
0.23018278181552887,-0.39414989948272705,-0.2801845967769623
-0.2678369879722595,-0.30591124296188354,-0.2554784417152405
0.11336915194988251,-0.0025629454758018255,0.011769646778702736
-0.11331398785114288,0.0018832383211702108,-0.01094406470656395
0.14279398322105408,0.41604888439178467,-0.0025166200939565897
-0.12080740928649902,0.3971572518348694,-0.01995483972132206
0.2186288833618164,0.7545020580291748,0.1209455281496048
-0.14530350267887115,0.7536366581916809,0.11383818835020065
0.2310725599527359,0.7989187240600586,0.12484981119632721
-0.14691604673862457,0.7991984486579895,0.11870167404413223
0.2587531507015228,0.8596648573875427,-0.0020249977242201567
-0.16555987298488617,0.8585108518600464,-0.010200189426541328
-
0.0038986820727586746,-0.6372261643409729,-0.1628297120332718
0.010431096889078617,-0.6748158931732178,-0.1451980471611023
0.010901771485805511,-0.6752162575721741,-0.14477574825286865
0.010625206865370274,-0.6757264137268066,-0.14447984099388123
-0.023358166217803955,-0.6710273623466492,-0.14584603905677795
-0.023021861910820007,-0.6717994809150696,-0.14668521285057068
-0.02311702072620392,-0.6729743480682373,-0.14574949443340302
0.05660345405340195,-0.6640939712524414,-0.024889789521694183
-0.09491265565156937,-0.652709424495697,-0.04208408296108246
0.024638673290610313,-0.6135556101799011,-0.11957412958145142
-0.018929164856672287,-0.6076205968856812,-0.1230291873216629
0.14186818897724152,-0.4703008234500885,0.048758912831544876
-0.16459272801876068,-0.4629885256290436,0.029602091759443283
0.17804427444934845,-0.26465123891830444,-0.03894846513867378
-0.20699486136436462,-0.22604376077651978,-0.026195749640464783
0.23039673268795013,-0.37697163224220276,-0.2719184458255768
-0.2683156132698059,-0.2907635271549225,-0.2422601729631424
0.230699360370636,-0.3862183392047882,-0.31561312079429626
-0.27308017015457153,-0.2905205190181732,-0.28166094422340393
0.2398037314414978,-0.4155499339103699,-0.3240385055541992
-0.2908724546432495,-0.3234409987926483,-0.2962210774421692
0.23024949431419373,-0.3941391110420227,-0.27945780754089355
-0.2676173746585846,-0.30508002638816833,-0.2545182704925537
0.11336112767457962,-0.0025717993266880512,0.011763213202357292
-0.1133059412240982,0.0018924218602478504,-0.010937587358057499
0.1428307592868805,0.41603884100914,-0.002513154409825802
-0.12069900333881378,0.3971420228481293,-0.01991340145468712
0.2188246101140976,0.7544931769371033,0.12090197205543518
-0.14522278308868408,0.7537579536437988,0.11370037496089935
0.2312833070755005,0.7989070415496826,0.12480385601520538
-0.14683130383491516,0.7993263006210327,0.11852439492940903
0.2588503658771515,0.8596453070640564,-0.002094993367791176
-0.16525131464004517,0.8586370348930359,-0.010534056462347507
-
0.003946955315768719,-0.6372300386428833,-0.1625533401966095
0.01050241757184267,-0.6748149991035461,-0.14491702616214752
0.01097202766686678,-0.6752154231071472,-0.1444944143295288
0.010695725679397583,-0.675725519657135,-0.14419904351234436
-0.02329009212553501,-0.6710340976715088,-0.14554950594902039
-0.02295413799583912,-0.6718061566352844,-0.14638645946979523
-0.02304927445948124,-0.6729810237884521,-0.14545011520385742
0.056717269122600555,-0.6640646457672119,-0.02461838722229004
-0.09482333809137344,-0.6527210474014282,-0.0417705662548542
0.024686381220817566,-0.6135501265525818,-0.1192956492304802
-0.018883701413869858,-0.6076272130012512,-0.12274593859910965
0.14187081158161163,-0.4702737629413605,0.048932600766420364
-0.1645158976316452,-0.4629767835140228,0.029921358451247215
0.17799896001815796,-0.2645829916000366,-0.03865313157439232
-0.2067115753889084,-0.22578853368759155,-0.02542148344218731
0.23035798966884613,-0.3768611252307892,-0.27131184935569763
-0.2681894898414612,-0.29001760482788086,-0.24105381965637207
0.2306724339723587,-0.3860386908054352,-0.31497034430503845
-0.27297893166542053,-0.28967440128326416,-0.28033220767974854
0.2397855818271637,-0.41536104679107666,-0.32339417934417725
-0.2907804548740387,-0.3225557804107666,-0.29508301615715027
0.23021823167800903,-0.3940199613571167,-0.2788456380367279
-0.26750048995018005,-0.30430418252944946,-0.2533714771270752
0.11335381865501404,-0.00257966504432261,0.011754781939089298
-0.11329875141382217,0.0019004602218046784,-0.010929012671113014
0.14287665486335754,0.41602298617362976,-0.0025156745687127113
-0.12064694613218307,0.39712774753570557,-0.019886109977960587
0.21889232099056244,0.7544903755187988,0.12078794836997986
-0.14520901441574097,0.7538348436355591,0.11356768757104874
0.23135040700435638,0.7989030480384827,0.12468221038579941
-0.1468198448419571,0.7994076609611511,0.11836255341768265
0.2588890492916107,0.8596252799034119,-0.00223497673869133
-0.1651841402053833,0.8587023019790649,-0.010800356045365334
-
0.004007718991488218,-0.6372280716896057,-0.1621541529893875
0.010597456246614456,-0.6748063564300537,-0.14450231194496155
0.011066016741096973,-0.6752067804336548,-0.14407919347286224
0.010790041647851467,-0.675716757774353,-0.1437842696905136
-0.023198682814836502,-0.6710363030433655,-0.14510904252529144
-0.022863037884235382,-0.6718084216117859,-0.14594393968582153
-0.022958263754844666,-0.6729831695556641,-0.14500704407691956
0.05687090381979942,-0.6640164852142334,-0.02422674372792244
-0.09470001608133316,-0.6527296304702759,-0.04129939153790474
0.02474600449204445,-0.6135349869728088,-0.1189064234495163
-0.01882752776145935,-0.6076287031173706,-0.12234482914209366
0.1418839991092682,-0.47022345662117004,0.04915878549218178
-0.16443295776844025,-0.46295249462127686,0.030355172231793404
0.17799745500087738,-0.26451489329338074,-0.038375526666641235
-0.20646077394485474,-0.22551827132701874,-0.024613048881292343
0.23033995926380157,-0.37671664357185364,-0.2707347273826599
-0.26802921295166016,-0.289297491312027,-0.2399027943611145
0.23065906763076782,-0.38582324981689453,-0.3143303096294403
-0.27282610535621643,-0.28889229893684387,-0.27908504009246826
0.23977778851985931,-0.41513749957084656,-0.3227359354496002
-0.29063764214515686,-0.32175931334495544,-0.293945848941803
0.23020443320274353,-0.3938635587692261,-0.2782551646232605
-0.2673461437225342,-0.30357030034065247,-0.25224462151527405
0.11334637552499771,-0.002586970804259181,0.011740509420633316
-0.11329134553670883,0.0019079686608165503,-0.010914821177721024
0.14290185272693634,0.41600486636161804,-0.0025415888521820307
-0.12060528248548508,0.3970835208892822,-0.01984810270369053
0.21898683905601501,0.7544789910316467,0.1206979900598526
-0.14520053565502167,0.753883421421051,0.11343759298324585
0.23145624995231628,0.7988877892494202,0.12459422647953033
-0.1468134969472885,0.7994599342346191,0.11820303648710251
0.25898048281669617,0.8595695495605469,-0.0023359355982393026
-0.1651008576154709,0.8587509989738464,-0.011095459572970867
-
0.00403151148930192,-0.6372227668762207,-0.16182859241962433
0.010622830130159855,-0.6747966408729553,-0.1441706418991089
0.011090761050581932,-0.6751968264579773,-0.14374737441539764
0.010814991779625416,-0.6757067441940308,-0.14345239102840424
-0.02317475527524948,-0.6710346341133118,-0.14475604891777039
-0.02283920906484127,-0.6718068718910217,-0.14558857679367065
-0.022934675216674805,-0.6729814410209656,-0.14465196430683136
0.05692926049232483,-0.6639785766601562,-0.023913830518722534
-0.09465698152780533,-0.6527321338653564,-0.040910035371780396
0.02476821281015873,-0.6135179400444031,-0.11858652532100677
-0.018806040287017822,-0.6076252460479736,-0.1220112219452858
0.1418854296207428,-0.470184862613678,0.04940495640039444
-0.16438797116279602,-0.4629179835319519,0.03070666827261448
0.1779356747865677,-0.26441657543182373,-0.038005802780389786
-0.20633335411548615,-0.2251952737569809,-0.024047156795859337
0.23030544817447662,-0.3765195310115814,-0.2700667381286621
-0.26795732975006104,-0.28880542516708374,-0.23913517594337463
0.23064154386520386,-0.38555365800857544,-0.3136257231235504
-0.27276286482810974,-0.28840598464012146,-0.2782784402370453
0.2397703230381012,-0.4148675203323364,-0.32205072045326233
-0.29058578610420227,-0.3213026523590088,-0.29318371415138245
0.230179101228714,-0.3936575949192047,-0.27759793400764465
-0.26728057861328125,-0.3030947744846344,-0.2514861226081848
0.11333756148815155,-0.002593699609860778,0.011733232997357845
-0.11328274011611938,0.0019149541622027755,-0.01090775802731514
0.14293073117733002,0.415971040725708,-0.00255328556522727
-0.12054605036973953,0.396999716758728,-0.019796883687376976
0.21901190280914307,0.7544542551040649,0.12064015865325928
-0.14520230889320374,0.7539296746253967,0.11328424513339996
0.23148110508918762,0.7988563179969788,0.12453660368919373
-0.14682263135910034,0.7995131611824036,0.11801248788833618
0.2590084969997406,0.8594450354576111,-0.00239680171944201
-0.16507446765899658,0.8587889075279236,-0.011428955011069775
-
0.00405462272465229,-0.6371813416481018,-0.16159938275814056
0.010647116228938103,-0.6747488379478455,-0.14394250512123108
0.011115103960037231,-0.6751488447189331,-0.1435190886259079
0.010839334689080715,-0.6756585836410522,-0.14322397112846375
-0.02315100096166134,-0.6709989905357361,-0.14451409876346588
-0.02281544730067253,-0.6717713475227356,-0.14534492790699005
-0.022910889238119125,-0.6729457974433899,-0.14440779387950897
0.05696393549442291,-0.6639133095741272,-0.02370576374232769
-0.0946306586265564,-0.652717113494873,-0.040654197335243225
0.0247905645519495,-0.61346834897995,-0.11836042255163193
-0.018784837797284126,-0.6075943112373352,-0.12177722901105881
0.14187704026699066,-0.47013014554977417,0.049548909068107605
-0.16436128318309784,-0.46287351846694946,0.030971499159932137
0.17772312462329865,-0.26424869894981384,-0.03770819678902626
-0.20626100897789001,-0.2249305695295334,-0.02356703206896782
0.23016633093357086,-0.3762607276439667,-0.2694326937198639
-0.26793304085731506,-0.2884417176246643,-0.23848122358322144
0.23054397106170654,-0.3852141201496124,-0.31292688846588135
-0.2727443277835846,-0.2880454659461975,-0.2775755822658539
0.23970641195774078,-0.4145132303237915,-0.32139477133750916
-0.2905685305595398,-0.3209679424762726,-0.29251566529273987
0.23006600141525269,-0.39338403940200806,-0.2769734561443329
-0.267258882522583,-0.3027465343475342,-0.2508387565612793
0.11333026736974716,-0.002600377891212702,0.011723549105226994
-0.11327555030584335,0.0019218489760532975,-0.010898083448410034
0.14295855164527893,0.4159504473209381,-0.0025740675628185272
-0.12048612534999847,0.3969419300556183,-0.019749784842133522
0.21903499960899353,0.7544403672218323,0.12055300176143646
-0.14519713819026947,0.7540220022201538,0.11308614909648895
0.23150409758090973,0.7988376021385193,0.1244480162858963
-0.1468212753534317,0.7996179461479187,0.11776663362979889
0.25903382897377014,0.8593826293945312,-0.0024898869451135397
-0.1650419682264328,0.8588807582855225,-0.01184119749814272
-
0.004065511282533407,-0.637053906917572,-0.16125014424324036
0.010667662136256695,-0.6746145486831665,-0.14360792934894562
0.011135440319776535,-0.675014078617096,-0.1431853175163269
0.010859753005206585,-0.675523579120636,-0.14288896322250366
-0.023131312802433968,-0.6708805561065674,-0.1441466510295868
-0.022795824334025383,-0.6716529130935669,-0.144975945353508
-0.022891396656632423,-0.6728272438049316,-0.1440386325120926
0.0569891594350338,-0.6637828946113586,-0.023441582918167114
-0.094607874751091,-0.6526529788970947,-0.040244366973638535
0.024805601686239243,-0.61334228515625,-0.11803359538316727
-0.018770821392536163,-0.6074925661087036,-0.12141420692205429
0.14186498522758484,-0.470027357339859,0.04972408711910248
-0.16434122622013092,-0.46279484033584595,0.03140336275100708
0.1773998886346817,-0.26395201683044434,-0.037390101701021194
-0.20620079338550568,-0.2246493250131607,-0.02282765507698059
0.2299475371837616,-0.3758355975151062,-0.2687671184539795
-0.2679130733013153,-0.28821611404418945,-0.23762951791286469
0.230391263961792,-0.3847254812717438,-0.31217098236083984
-0.272727906703949,-0.28787165880203247,-0.276685506105423
0.2396087348461151,-0.413990318775177,-0.3206801116466522
-0.2905614972114563,-0.3208189010620117,-0.2916558086872101
0.229888916015625,-0.3929400146007538,-0.27631503343582153
-0.2672411799430847,-0.30254799127578735,-0.24999290704727173
0.11332409828901291,-0.00260825059376657,0.011703037656843662
-0.11326965689659119,0.0019299963023513556,-0.010877696797251701
0.14297394454479218,0.4159367084503174,-0.0026423006784170866
-0.12040171027183533,0.3969302475452423,-0.019741332158446312
0.21905890107154846,0.7544116377830505,0.12045436352491379
-0.14519080519676208,0.7541285157203674,0.11291975528001785
0.23152776062488556,0.7988011240959167,0.12435664981603622
-0.1468176245689392,0.7997323274612427,0.11757800728082657
0.2590307593345642,0.8593282699584961,-0.0026058596558868885
-0.16500553488731384,0.8589802980422974,-0.012132705189287663
-
0.004003267735242844,-0.6370187401771545,-0.16121862828731537
0.010621496476233006,-0.6745772957801819,-0.1435759961605072
0.011088850907981396,-0.6749767661094666,-0.1431533843278885
0.010813409462571144,-0.6754859685897827,-0.14285700023174286
-0.023181043565273285,-0.670850932598114,-0.14411583542823792
-0.022845737636089325,-0.6716228723526001,-0.14494521915912628
-0.02294173464179039,-0.6727970838546753,-0.1440078765153885
0.05698166787624359,-0.6637403964996338,-0.02340911515057087
-0.09463217854499817,-0.6526420712471008,-0.04021719843149185
0.02475385181605816,-0.6133047342300415,-0.11800138652324677
-0.018826307728886604,-0.6074661612510681,-0.12138350307941437
0.14176926016807556,-0.46999305486679077,0.049760423600673676
-0.1643579602241516,-0.46276551485061646,0.03145240247249603
0.17681458592414856,-0.26377636194229126,-0.0373569056391716
-0.20618519186973572,-0.22453808784484863,-0.022782834246754646
0.2296099066734314,-0.37549248337745667,-0.2687433660030365
-0.2679119110107422,-0.2882080674171448,-0.2376311719417572
0.23013563454151154,-0.3843356966972351,-0.31214678287506104
-0.27273041009902954,-0.2878846526145935,-0.2766945958137512
0.23943546414375305,-0.41356441378593445,-0.3206713795661926
-0.2905849814414978,-0.32085153460502625,-0.291659414768219
0.2296062409877777,-0.39258021116256714,-0.2762981951236725
-0.2672455906867981,-0.3025480806827545,-0.2499942034482956
0.11332154273986816,-0.0026196977123618126,0.011691606603562832
-0.1132672056555748,0.001941563910804689,-0.01086621917784214
0.1429840326309204,0.41590961813926697,-0.0026755386497825384
-0.1203799918293953,0.39692527055740356,-0.019734546542167664
0.2190466970205307,0.7543221712112427,0.1204429417848587
-0.1452028453350067,0.7541440725326538,0.11289557814598083
0.2315054088830948,0.798703134059906,0.12435480952262878
-0.14683274924755096,0.7997477054595947,0.11755300313234329
0.2588791847229004,0.8592883348464966,-0.0026181458961218596
-0.16499154269695282,0.8590023517608643,-0.01215288694947958
-
0.003951415419578552,-0.6369199156761169,-0.16119007766246796
0.01059128250926733,-0.6744800806045532,-0.14355017244815826
0.011058200150728226,-0.6748793721199036,-0.14312751591205597
0.01078292541205883,-0.6753883361816406,-0.14283116161823273
-0.02321491949260235,-0.6707695126533508,-0.1440914273262024
-0.02287987805902958,-0.6715410947799683,-0.1449207067489624
-0.022976204752922058,-0.6727151870727539,-0.14398322999477386
0.05698314309120178,-0.6636618971824646,-0.023381538689136505
-0.09464890509843826,-0.6526201963424683,-0.04018466919660568
0.02470739372074604,-0.6132124066352844,-0.11797133088111877
-0.018877748399972916,-0.6073966026306152,-0.12134736031293869
0.14168187975883484,-0.46994057297706604,0.04979230836033821
-0.16437648236751556,-0.4627470076084137,0.03152347728610039
0.17632952332496643,-0.26357364654541016,-0.037191156297922134
-0.2061881422996521,-0.2244732826948166,-0.02265976369380951
0.22934693098068237,-0.3752335011959076,-0.26841479539871216
-0.26796308159828186,-0.2882119417190552,-0.23756390810012817
0.2299502044916153,-0.3840607702732086,-0.3117809593677521
-0.2727997899055481,-0.28792744874954224,-0.2766406834125519
0.2393142431974411,-0.4132691025733948,-0.3203568756580353
-0.29066935181617737,-0.3209177851676941,-0.2916009724140167
0.22938597202301025,-0.39231324195861816,-0.27598845958709717
-0.2673049569129944,-0.3025665879249573,-0.2499297708272934
0.11331833899021149,-0.002629146445542574,0.011683260090649128
-0.11326415091753006,0.0019511329010128975,-0.010857732966542244
0.1429969072341919,0.41589465737342834,-0.0027064455207437277
-0.12036639451980591,0.3969152569770813,-0.019724542275071144
0.21904852986335754,0.7543001770973206,0.12041781842708588
-0.14522016048431396,0.7541723847389221,0.11283933371305466
0.23150010406970978,0.7986789345741272,0.12433398514986038
-0.14685484766960144,0.7997785806655884,0.11748892813920975
0.25883206725120544,0.8592754006385803,-0.0026481696404516697
-0.16498886048793793,0.8590310215950012,-0.012255780398845673
-
0.0039080348797142506,-0.6368231773376465,-0.16119372844696045
0.010561893694102764,-0.6743888258934021,-0.14356671273708344
0.011028493754565716,-0.674788236618042,-0.14314456284046173
0.01075344905257225,-0.6752969622612,-0.14284777641296387
-0.023248445242643356,-0.6706886291503906,-0.14410240948200226
-0.022913731634616852,-0.6714592576026917,-0.1449318528175354
-0.023010076954960823,-0.6726334095001221,-0.14399413764476776
0.05698363110423088,-0.6636057496070862,-0.02340644970536232
-0.09466763585805893,-0.652603268623352,-0.04018127918243408
0.024673083797097206,-0.6131309270858765,-0.11797261983156204
-0.018917454406619072,-0.6073315739631653,-0.12134087830781937
0.1416231244802475,-0.4699002504348755,0.049805354326963425
-0.1644033044576645,-0.46273842453956604,0.031551945954561234
0.17561407387256622,-0.2632558345794678,-0.037137068808078766
-0.20618103444576263,-0.22441966831684113,-0.02260698191821575
0.2289683073759079,-0.3746674954891205,-0.26834943890571594
-0.26797738671302795,-0.2882085144519806,-0.23756541311740875
0.22968411445617676,-0.3834194540977478,-0.31170979142189026
-0.2728186845779419,-0.2879399359226227,-0.2766534388065338
0.23915155231952667,-0.4126010239124298,-0.3203222453594208
-0.29070255160331726,-0.3209525942802429,-0.29161933064460754
0.2290710210800171,-0.39173492789268494,-0.2759377062320709
-0.2673236131668091,-0.3025732934474945,-0.24993456900119781
0.11331909149885178,-0.002639433601871133,0.01167286466807127
-0.11326516419649124,0.00196138140745461,-0.010847236029803753
0.14302174746990204,0.41587957739830017,-0.0027247928082942963
-0.12036918848752975,0.3969152271747589,-0.01971716806292534
0.21906021237373352,0.7542800307273865,0.12039471417665482
-0.14523719251155853,0.7541857361793518,0.11282575130462646
0.23150844871997833,0.7986592650413513,0.12431182712316513
-0.14687451720237732,0.7997921705245972,0.11747606843709946
0.2588091492652893,0.8592720627784729,-0.0026699667796492577
-0.16500456631183624,0.8590443134307861,-0.012266659177839756
-
0.0039048322942107916,-0.6367947459220886,-0.16126175224781036
0.010564262978732586,-0.674362063407898,-0.14364995062351227
0.01103078480809927,-0.6747614741325378,-0.14322854578495026
0.010755866765975952,-0.6752700209617615,-0.14293161034584045
-0.02324923872947693,-0.6706681847572327,-0.14418751001358032
-0.022914661094546318,-0.6714383959770203,-0.14501827955245972
-0.023011021316051483,-0.6726124286651611,-0.1440810263156891
0.05699538066983223,-0.6635839939117432,-0.02347913756966591
-0.0946703553199768,-0.6526034474372864,-0.040253303945064545
0.024670671671628952,-0.6131036877632141,-0.11803010106086731
-0.018924349918961525,-0.6073136925697327,-0.12139502167701721
0.14160345494747162,-0.46988847851753235,0.049816180020570755
-0.1644180715084076,-0.46273958683013916,0.03150716796517372
0.17543229460716248,-0.263241171836853,-0.03710775449872017
-0.20620235800743103,-0.22440174221992493,-0.022737672552466393
0.2288995385169983,-0.3745977282524109,-0.2683946192264557
-0.2679770290851593,-0.2884271740913391,-0.23808307945728302
0.22965045273303986,-0.3833521604537964,-0.31177428364753723
-0.2728181779384613,-0.2883305549621582,-0.2773226797580719
0.23913711309432983,-0.4125271737575531,-0.3204135298728943
-0.29070353507995605,-0.32143938541412354,-0.29225078225135803
0.22901317477226257,-0.39166316390037537,-0.27599823474884033
-0.267324298620224,-0.3028586506843567,-0.2504681646823883
0.11332055926322937,-0.0026514693163335323,0.011673224158585072
-0.11326687037944794,0.0019735111854970455,-0.010847548954188824
0.14305928349494934,0.4158324599266052,-0.0027626415248960257
-0.12037551403045654,0.396969735622406,-0.019825339317321777
0.21906401216983795,0.7542504072189331,0.12037348747253418
-0.14522407948970795,0.7541558742523193,0.11282346397638321
0.23150669038295746,0.7986332178115845,0.12429175525903702
-0.14685805141925812,0.799750804901123,0.117489293217659
0.25880151987075806,0.8592643141746521,-0.002690797671675682
-0.16497476398944855,0.8590237498283386,-0.01217732485383749
-
0.0038889728020876646,-0.6367120146751404,-0.1612682342529297
0.010558339767158031,-0.6742805242538452,-0.14367011189460754
0.011024655774235725,-0.6746797561645508,-0.14324894547462463
0.010749874636530876,-0.6751882433891296,-0.14295193552970886
-0.023257339373230934,-0.6706000566482544,-0.1442004293203354
-0.022922951728105545,-0.6713699698448181,-0.1450316458940506
-0.023019352927803993,-0.6725438237190247,-0.14409436285495758
0.057006049901247025,-0.6635233759880066,-0.023522594943642616
-0.09466824680566788,-0.6525894999504089,-0.04026053845882416
0.024658335372805595,-0.6130302548408508,-0.11803852766752243
-0.018939141184091568,-0.6072576642036438,-0.12139496207237244
0.14156818389892578,-0.4698389172554016,0.04980822280049324
-0.16442465782165527,-0.46273505687713623,0.03150991350412369
0.17485007643699646,-0.2630937993526459,-0.03708191588521004
-0.20638695359230042,-0.22441372275352478,-0.02275257557630539
0.22851532697677612,-0.3743760287761688,-0.26837536692619324
-0.2681306302547455,-0.28897637128829956,-0.23817309737205505
0.22937239706516266,-0.3831609785556793,-0.3117446303367615
-0.27297747135162354,-0.28925639390945435,-0.2774363160133362
0.23897530138492584,-0.4122966527938843,-0.3203998804092407
-0.2908482849597931,-0.3224881589412689,-0.2923344373703003
0.22869794070720673,-0.39143091440200806,-0.2759847044944763
-0.2674778997898102,-0.30352625250816345,-0.2505543529987335
0.11331987380981445,-0.0026585576124489307,0.011670281179249287
-0.11326643079519272,0.001980738714337349,-0.010844657197594643
0.1430889219045639,0.4158032238483429,-0.00280891265720129
-0.12039856612682343,0.3970058858394623,-0.019923804327845573
0.21905475854873657,0.7541994452476501,0.12035568803548813
-0.1452724188566208,0.7541231513023376,0.11281052976846695
0.23148784041404724,0.7985800504684448,0.12427890300750732
-0.14690865576267242,0.7997070550918579,0.11748382449150085
0.2587733566761017,0.8592514395713806,-0.0026983688585460186
-0.16497637331485748,0.8590152263641357,-0.012154865078628063
-
0.0038669526111334562,-0.6366108059883118,-0.1613062471151352
0.010537530295550823,-0.6741853952407837,-0.1437292993068695
0.011003656312823296,-0.6745843887329102,-0.1433085948228836
0.010729036293923855,-0.675092875957489,-0.14301136136054993
-0.02327965386211872,-0.6705071926116943,-0.14425066113471985
-0.022945361211895943,-0.6712767481803894,-0.1450822651386261
-0.02304195798933506,-0.6724505424499512,-0.1441451907157898
0.0570070818066597,-0.6634710431098938,-0.02361348643898964
-0.0946754664182663,-0.6525523662567139,-0.04029812291264534
0.024644959717988968,-0.6129499673843384,-0.1180785521864891
-0.018953848630189896,-0.6071817278862,-0.12142086774110794
0.14155302941799164,-0.4698192775249481,0.04978422075510025
-0.1644323319196701,-0.46272706985473633,0.0314968042075634
0.1745438277721405,-0.2630084156990051,-0.037059441208839417
-0.20653043687343597,-0.22440920770168304,-0.022762997075915337
0.2282189577817917,-0.374131441116333,-0.26837316155433655
-0.2682763636112213,-0.2892843186855316,-0.23824846744537354
0.22912700474262238,-0.3829042911529541,-0.31174302101135254
-0.27312809228897095,-0.2897677719593048,-0.27754342555999756
0.23879081010818481,-0.4120045304298401,-0.32041051983833313
-0.29100093245506287,-0.32308581471443176,-0.29241564869880676
0.22842802107334137,-0.39116936922073364,-0.2759873569011688
-0.2676277756690979,-0.3039070665836334,-0.2506270110607147
0.11332016438245773,-0.0026654463727027178,0.01166731957346201
-0.11326693743467331,0.0019877387676388025,-0.010841681621968746
0.14310845732688904,0.41578051447868347,-0.0028770326171070337
-0.12039622664451599,0.39703914523124695,-0.020015323534607887
0.21902772784233093,0.7541659474372864,0.1203387975692749
-0.14528068900108337,0.7541071176528931,0.11279941350221634
0.23144890367984772,0.798545241355896,0.12426333874464035
-0.14691707491874695,0.7996852397918701,0.11748073250055313
0.25872915983200073,0.859244704246521,-0.002711578970775008
-0.1649685800075531,0.8590177297592163,-0.012129304930567741
-
0.003847536165267229,-0.6364927887916565,-0.16133126616477966
0.0105165159329772,-0.6740756630897522,-0.14377789199352264
0.010982357896864414,-0.6744744181632996,-0.14335741102695465
0.010707973502576351,-0.6749829649925232,-0.1430598348379135
-0.023300345987081528,-0.6703975200653076,-0.14428649842739105
-0.02296619676053524,-0.6711670756340027,-0.14511838555335999
-0.023062892258167267,-0.6723408699035645,-0.14418119192123413
0.05701109766960144,-0.6634189486503601,-0.0237114317715168
-0.09467535465955734,-0.6525090932846069,-0.04032052680850029
0.024636389687657356,-0.6128600835800171,-0.11810857057571411
-0.018962429836392403,-0.6070936322212219,-0.12143363058567047
0.14154627919197083,-0.46980664134025574,0.04975022375583649
-0.16443267464637756,-0.46272537112236023,0.031498610973358154
0.174297496676445,-0.2629236876964569,-0.0370393730700016
-0.20678067207336426,-0.22447873651981354,-0.02275927923619747
0.22794833779335022,-0.37382829189300537,-0.26835209131240845
-0.26856645941734314,-0.28994104266166687,-0.23829039931297302
0.22888599336147308,-0.38258153200149536,-0.3117212951183319
-0.2734435200691223,-0.2907413840293884,-0.2776142954826355
0.23859791457653046,-0.41165003180503845,-0.3204064667224884
-0.2912953495979309,-0.32415705919265747,-0.29245802760124207
0.22817692160606384,-0.3908493220806122,-0.2759735584259033
-0.26791515946388245,-0.3046625554561615,-0.2506650984287262
0.11332111805677414,-0.0026711965911090374,0.011665322817862034
-0.1132681742310524,0.0019936300814151764,-0.010839765891432762
0.14312858879566193,0.4157664477825165,-0.0029217475093901157
-0.12040580064058304,0.39710500836372375,-0.020148562267422676
0.2189447581768036,0.7541546821594238,0.12032587826251984
-0.14528636634349823,0.7540593147277832,0.11281149089336395
0.2313457429409027,0.7985337972640991,0.12425772845745087
-0.1469225138425827,0.7996243238449097,0.1175212636590004
0.2586805820465088,0.8592438697814941,-0.0026895564515143633
-0.16496440768241882,0.8590025305747986,-0.01197044923901558
-
0.0038309928495436907,-0.6363254189491272,-0.1612628549337387
0.01050433237105608,-0.6739134192466736,-0.14373379945755005
0.010969939641654491,-0.6743119955062866,-0.14331351220607758
0.010695717297494411,-0.6748204827308655,-0.14301513135433197
-0.023311201483011246,-0.6702421307563782,-0.14422446489334106
-0.022977178916335106,-0.6710122227668762,-0.1450561285018921
-0.02307402528822422,-0.672186017036438,-0.1441185474395752
0.05702013522386551,-0.6633202433586121,-0.02370471879839897
-0.09466559439897537,-0.6524425148963928,-0.04024352878332138
0.024630531668663025,-0.6127204895019531,-0.11805427819490433
-0.018967771902680397,-0.6069647669792175,-0.12135051190853119
0.1415454000234604,-0.4697651267051697,0.04976356402039528
-0.16442838311195374,-0.46272093057632446,0.031603727489709854
0.17408213019371033,-0.26274022459983826,-0.03689304366707802
-0.2070053368806839,-0.22451558709144592,-0.02258911542594433
0.2276792675256729,-0.3734460771083832,-0.26791396737098694
-0.2688220739364624,-0.2904285192489624,-0.23814383149147034
0.22864408791065216,-0.3822120726108551,-0.3112049400806427
-0.2737157642841339,-0.2914816439151764,-0.27749037742614746
0.23841199278831482,-0.4112657308578491,-0.31996792554855347
-0.29153430461883545,-0.3249604403972626,-0.29227906465530396
0.22793379426002502,-0.3904573619365692,-0.2755524814128876
-0.2681615352630615,-0.30522194504737854,-0.25050055980682373
0.11332085728645325,-0.002676192903891206,0.011658848263323307
-0.11326809227466583,0.001998782390728593,-0.010833406820893288
0.1431571990251541,0.4157539904117584,-0.002964269369840622
-0.12041635066270828,0.3971366286277771,-0.02021792344748974
0.21893960237503052,0.754149317741394,0.12027979642152786
-0.14529603719711304,0.7540345788002014,0.11280243843793869
0.2313382476568222,0.7985286116600037,0.12422045320272446
-0.14693376421928406,0.7995932698249817,0.1175178661942482
0.25870394706726074,0.8592448234558105,-0.002700054319575429
-0.16497661173343658,0.8589973449707031,-0.011922127567231655
-
0.0038288363721221685,-0.6361435055732727,-0.16123062372207642
0.010504050180315971,-0.6737324595451355,-0.14371606707572937
0.010969589464366436,-0.6741312146186829,-0.1432957947254181
0.010695422999560833,-0.6746395230293274,-0.14299704134464264
-0.023310981690883636,-0.670068621635437,-0.14419755339622498
-0.022977011278271675,-0.6708390116691589,-0.14502933621406555
-0.02307395450770855,-0.6720126867294312,-0.1440916508436203
0.057039692997932434,-0.6632002592086792,-0.02370576374232769
-0.09464343637228012,-0.6523580551147461,-0.040212951600551605
0.02463344857096672,-0.6125672459602356,-0.11802989989519119
-0.018964335322380066,-0.6068224906921387,-0.12131091952323914
0.14155268669128418,-0.4696948230266571,0.04977118968963623
-0.1644202321767807,-0.4627113342285156,0.031650349497795105
0.1738726645708084,-0.26252543926239014,-0.03683150187134743
-0.2071429044008255,-0.2245253473520279,-0.022492142394185066
0.2275264710187912,-0.37320828437805176,-0.2677968144416809
-0.2689431309700012,-0.2907143235206604,-0.23807284235954285
0.2285272777080536,-0.38202306628227234,-0.311057984828949
-0.2738378643989563,-0.2919279634952545,-0.2774331569671631
0.2383490800857544,-0.4110623300075531,-0.31985434889793396
-0.29164761304855347,-0.3254532217979431,-0.29218626022338867
0.22781115770339966,-0.3902210593223572,-0.2754449248313904
-0.2682793438434601,-0.3055594563484192,-0.25041693449020386
0.11332204937934875,-0.0026813161093741655,0.011652156710624695
-0.11326954513788223,0.0020040113013237715,-0.010826746001839638
0.14316768944263458,0.4157429039478302,-0.0030125128105282784
-0.12041575461626053,0.3971821963787079,-0.020284416154026985
0.2189471274614334,0.7541304230690002,0.1202535405755043
-0.1452832967042923,0.7540284395217896,0.11279384791851044
0.23134827613830566,0.7985065579414368,0.12420202791690826
-0.1469193994998932,0.7995834946632385,0.11751513183116913
0.2587401270866394,0.8592211008071899,-0.002708770101889968
-0.1649496853351593,0.8590044975280762,-0.011888744309544563
-
0.0038193725049495697,-0.6359583139419556,-0.1611306071281433
0.010496496222913265,-0.6735471487045288,-0.1436397284269333
0.010961906984448433,-0.6739456653594971,-0.1432195007801056
0.010687842965126038,-0.6744535565376282,-0.14292001724243164
-0.023317087441682816,-0.6698855757713318,-0.14410051703453064
-0.022983163595199585,-0.6706564426422119,-0.14493222534656525
-0.023080304265022278,-0.6718298196792603,-0.1439949870109558
0.057051174342632294,-0.6630647778511047,-0.02368340454995632
-0.0946277305483818,-0.6522418260574341,-0.040105197578668594
0.024632370099425316,-0.6124054789543152,-0.11794931441545486
-0.018964583054184914,-0.6066659092903137,-0.12120072543621063
0.14155568182468414,-0.46960383653640747,0.049790553748607635
-0.1644091159105301,-0.46267735958099365,0.03175899013876915
0.17359378933906555,-0.26229462027549744,-0.036782193928956985
-0.20729070901870728,-0.22452571988105774,-0.02233276516199112
0.22723789513111115,-0.372964471578598,-0.2677094042301178
-0.2691689431667328,-0.2910342514514923,-0.23793810606002808
0.22827036678791046,-0.3818284273147583,-0.3109559714794159
-0.2741004526615143,-0.2924458384513855,-0.2773153781890869
0.23816032707691193,-0.410842627286911,-0.3197726905345917
-0.2919056713581085,-0.3260160982608795,-0.29201993346214294
0.22755344212055206,-0.389972984790802,-0.2753642201423645
-0.2685093283653259,-0.3059360384941101,-0.25026726722717285
0.11332166939973831,-0.0026859953068196774,0.011644422076642513
-0.1132693886756897,0.0020088213495910168,-0.010819096118211746
0.14316025376319885,0.4157361388206482,-0.0030635164584964514
-0.12041588872671127,0.39722558856010437,-0.020341936498880386
0.21895165741443634,0.7541126608848572,0.12022490054368973
-0.1452808827161789,0.7540392875671387,0.11276187002658844
0.23135590553283691,0.7984834313392639,0.1241808608174324
-0.14691677689552307,0.7995916604995728,0.117494136095047
0.25875380635261536,0.859177827835083,-0.0027203874196857214
-0.16493552923202515,0.8590273261070251,-0.011889862827956676
-
0.003806436201557517,-0.635849118232727,-0.16109709441661835
0.01048194244503975,-0.6734400391578674,-0.14361876249313354
0.01094729918986559,-0.6738381385803223,-0.14319860935211182
0.010673359967768192,-0.6743457317352295,-0.14289899170398712
-0.023329803720116615,-0.6697726249694824,-0.14406603574752808
-0.02299581840634346,-0.670543909072876,-0.14489774405956268
-0.023093247786164284,-0.6717169880867004,-0.1439611315727234
0.05706031620502472,-0.6629862785339355,-0.023684240877628326
-0.09461352229118347,-0.6521508097648621,-0.0400499664247036
0.024631395936012268,-0.6123096942901611,-0.11792686581611633
-0.018964800983667374,-0.6065647602081299,-0.1211567148566246
0.14158228039741516,-0.4695594310760498,0.049794986844062805
-0.16439089179039001,-0.4626580476760864,0.03179837390780449
0.17350706458091736,-0.2622345983982086,-0.036781392991542816
-0.20745721459388733,-0.22457309067249298,-0.02231973223388195
0.22705961763858795,-0.3728954493999481,-0.2677810490131378
-0.26934385299682617,-0.29150885343551636,-0.23795734345912933
0.22808097302913666,-0.3817807734012604,-0.3110492527484894
-0.27429747581481934,-0.29310280084609985,-0.2773687243461609
0.23799192905426025,-0.41078516840934753,-0.31988272070884705
-0.2920653522014618,-0.3267422616481781,-0.292040079832077
0.22737492620944977,-0.38989877700805664,-0.27544668316841125
-0.26867201924324036,-0.30647024512290955,-0.2502809464931488
0.1133219301700592,-0.0026892954483628273,0.01164068654179573
-0.1132698506116867,0.0020122185815125704,-0.01081536803394556
0.14316698908805847,0.41572728753089905,-0.003139630425721407
-0.12042611837387085,0.39724332094192505,-0.02040315978229046
0.21893300116062164,0.7541027069091797,0.12019499391317368
-0.14528188109397888,0.754042387008667,0.11270684748888016
0.23133812844753265,0.7984728217124939,0.12415830045938492
-0.146917462348938,0.7995936274528503,0.11745085567235947
0.2587563991546631,0.8591541051864624,-0.002731915796175599
-0.16492968797683716,0.8590362668037415,-0.011905691586434841
-
0.003798574907705188,-0.6358274221420288,-0.16104789078235626
0.010468859225511551,-0.6734180450439453,-0.14357911050319672
0.01093427836894989,-0.6738160848617554,-0.14315912127494812
0.010660448111593723,-0.6743236780166626,-0.1428592950105667
-0.023339826613664627,-0.6697537302970886,-0.14400671422481537
-0.02300579473376274,-0.6705249547958374,-0.14483846724033356
-0.02310343272984028,-0.6716979742050171,-0.14390219748020172
0.057072557508945465,-0.6629648804664612,-0.023682747036218643
-0.0945877730846405,-0.652111291885376,-0.03996766731142998
0.02463536709547043,-0.6122876405715942,-0.11789942532777786
-0.018958570435643196,-0.6065468192100525,-0.12110177427530289
0.14164163172245026,-0.4695424437522888,0.0497795008122921
-0.1643608808517456,-0.4626425504684448,0.0318390391767025
0.17348477244377136,-0.2622116804122925,-0.03684389218688011
-0.20765484869480133,-0.22466382384300232,-0.02230842225253582
0.2268214374780655,-0.37279438972473145,-0.2678983509540558
-0.26952579617500305,-0.29206085205078125,-0.23798657953739166
0.22778105735778809,-0.38168084621429443,-0.31117039918899536
-0.2744837701320648,-0.2938499450683594,-0.2774319052696228
0.2376730889081955,-0.41066786646842957,-0.3200162947177887
-0.2922060787677765,-0.3275541365146637,-0.2920599579811096
0.22711187601089478,-0.3897801637649536,-0.2755688428878784
-0.2688324451446533,-0.3070772886276245,-0.2503005564212799
0.11332271993160248,-0.002693205839022994,0.011634581722319126
-0.11327079683542252,0.002016209065914154,-0.010809270665049553
0.14317503571510315,0.4157196879386902,-0.0031935404986143112
-0.12042907625436783,0.3972684144973755,-0.020444432273507118
0.21892553567886353,0.7541085481643677,0.12009235471487045
-0.14520347118377686,0.7540451884269714,0.11266735196113586
0.23133382201194763,0.7984777092933655,0.12405925244092941
-0.14682738482952118,0.799595296382904,0.11742034554481506
0.25883251428604126,0.8591472506523132,-0.002789223799481988
-0.16487395763397217,0.8590476512908936,-0.01190531998872757
-
0.003786558983847499,-0.6357722878456116,-0.1609991192817688
0.01045442558825016,-0.6733613014221191,-0.1435367614030838
0.010920007713139057,-0.6737595796585083,-0.1431165635585785
0.01064628828316927,-0.6742666363716125,-0.1428164392709732
-0.023352202028036118,-0.6696942448616028,-0.14395123720169067
-0.02301812171936035,-0.6704656481742859,-0.1447833776473999
-0.02311595529317856,-0.671638548374176,-0.14384758472442627
0.05708029493689537,-0.6629162430763245,-0.02367338538169861
-0.09457917511463165,-0.6520546078681946,-0.03989383205771446
0.024634240195155144,-0.6122354865074158,-0.11786363273859024
-0.01895946078002453,-0.6064906716346741,-0.12104485929012299
0.1416788101196289,-0.4695265293121338,0.049784496426582336
-0.16435587406158447,-0.4626184403896332,0.031903225928545
0.1735076904296875,-0.2622077167034149,-0.03691006079316139
-0.2078714370727539,-0.22472313046455383,-0.022297387942671776
0.22678528726100922,-0.3727266490459442,-0.26828068494796753
-0.26969030499458313,-0.29261988401412964,-0.238066628575325
0.22771112620830536,-0.3815910518169403,-0.3116227388381958
-0.274632066488266,-0.29463058710098267,-0.27758896350860596
0.23755744099617004,-0.41055619716644287,-0.32048338651657104
-0.29231393337249756,-0.32841822504997253,-0.29212960600852966
0.22705067694187164,-0.38969340920448303,-0.275957852602005
-0.2689714729785919,-0.3077012300491333,-0.25035998225212097
0.11332458257675171,-0.002696640556678176,0.011630755849182606
-0.11327248066663742,0.0020196980331093073,-0.010805402882397175
0.14317914843559265,0.41571274399757385,-0.003246739972382784
-0.12042798846960068,0.39727580547332764,-0.020474405959248543
0.21889357268810272,0.754107654094696,0.12002250552177429
-0.14516760408878326,0.7540270090103149,0.11263887584209442
0.23130682110786438,0.7984766960144043,0.12399444729089737
-0.14679107069969177,0.7995755672454834,0.11739840358495712
0.25887033343315125,0.8591386675834656,-0.0028245376888662577
-0.16486018896102905,0.8590333461761475,-0.011905287392437458
-
0.003746289061382413,-0.6360189914703369,-0.1618371605873108
0.0104185426607728,-0.6736030578613281,-0.14438346028327942
0.01088564284145832,-0.6740047335624695,-0.14396259188652039
0.010611397214233875,-0.6745097637176514,-0.14366388320922852
-0.02339107170701027,-0.6699464321136475,-0.14477647840976715
-0.023056933656334877,-0.6707148551940918,-0.14561693370342255
-0.023154107853770256,-0.6718882918357849,-0.14467984437942505
0.05707288160920143,-0.6631320118904114,-0.024565281346440315
-0.09459773451089859,-0.6523025035858154,-0.040647171437740326
0.024610625579953194,-0.6124613881111145,-0.11872968077659607
-0.018991317600011826,-0.6067254543304443,-0.12185703217983246
0.14171965420246124,-0.46981891989707947,0.049042150378227234
-0.16442671418190002,-0.46273913979530334,0.031113483011722565
0.17457208037376404,-0.2634788453578949,-0.038397107273340225
-0.20819376409053802,-0.22488854825496674,-0.023517876863479614
0.2270096242427826,-0.372823029756546,-0.27204766869544983
-0.269636869430542,-0.292429119348526,-0.24000398814678192
0.22781489789485931,-0.38158029317855835,-0.31544533371925354
-0.2743609845638275,-0.2941637337207794,-0.2797074019908905
0.23756751418113708,-0.41053715348243713,-0.3242604732513428
-0.2919679880142212,-0.3280404210090637,-0.29402053356170654
0.22717519104480743,-0.3897455036640167,-0.27968719601631165
-0.2688682973384857,-0.3074883222579956,-0.25218620896339417
0.11333506554365158,-0.002704009646549821,0.011612909846007824
-0.11328309029340744,0.0020267562940716743,-0.010787831619381905
0.14332576096057892,0.41565483808517456,-0.0032603340223431587
-0.12041715532541275,0.3971535861492157,-0.02015100233256817
0.21931734681129456,0.754094660282135,0.11996921896934509
-0.14518311619758606,0.754012405872345,0.11268839985132217
0.23177698254585266,0.7984693646430969,0.12391833961009979
-0.14681127667427063,0.7995668649673462,0.11742281168699265
0.2594500780105591,0.8591743111610413,-0.002953110495582223
-0.1648946851491928,0.8590357303619385,-0.011908444575965405
-
0.003740907646715641,-0.6371121406555176,-0.1618814766407013
0.010414345189929008,-0.6746166944503784,-0.14441195130348206
0.010881688445806503,-0.6750212907791138,-0.14399056136608124
0.010607311502099037,-0.6755242347717285,-0.143692746758461
-0.023395132273435593,-0.6709824800491333,-0.14479905366897583
-0.02306104265153408,-0.6717491745948792,-0.14564068615436554
-0.02315809763967991,-0.6729236245155334,-0.14470265805721283
0.05708371102809906,-0.6636999845504761,-0.02462102845311165
-0.09458518028259277,-0.6529088020324707,-0.04067670926451683
0.024610329419374466,-0.6133282780647278,-0.11880166083574295
-0.01899225451052189,-0.6076148748397827,-0.12191937863826752
0.14174392819404602,-0.47015488147735596,0.04881865531206131
-0.16440530121326447,-0.4629768431186676,0.03093799576163292
0.17610162496566772,-0.2648024559020996,-0.03899291530251503
-0.20848914980888367,-0.2255554050207138,-0.02423788234591484
0.22734147310256958,-0.37310367822647095,-0.2724754810333252
-0.26961222290992737,-0.2924906611442566,-0.24059219658374786
0.22794798016548157,-0.3816685378551483,-0.3157850503921509
-0.2742134928703308,-0.29416510462760925,-0.28021761775016785
0.2375657856464386,-0.41059407591819763,-0.324492871761322
-0.2916540503501892,-0.3280251622200012,-0.29435640573501587
0.22737300395965576,-0.3899414837360382,-0.28002968430519104
-0.26878422498703003,-0.30751222372055054,-0.2526768743991852
0.11332965642213821,-0.0027148837689310312,0.011596424505114555
-0.11327759921550751,0.0020379836205393076,-0.010772132314741611
0.14362502098083496,0.41557344794273376,-0.0030784758273512125
-0.12035419791936874,0.3970523476600647,-0.019477425143122673
0.2201860547065735,0.7540892362594604,0.11994973570108414
-0.14512209594249725,0.7541074752807617,0.11270159482955933
0.23272839188575745,0.7984660863876343,0.1238725334405899
-0.14675931632518768,0.7996842861175537,0.11741866171360016
0.26052889227867126,0.8591920137405396,-0.003033251501619816
-0.16487827897071838,0.85910564661026,-0.011938555166125298
-
0.0036226389929652214,-0.6374509334564209,-0.16167421638965607
0.010260021314024925,-0.6749321222305298,-0.14418980479240417
0.01072984840720892,-0.6753377914428711,-0.14376726746559143
0.010454686358571053,-0.6758396029472351,-0.14346854388713837
-0.023533158004283905,-0.6712625622749329,-0.14452482759952545
-0.023198937997221947,-0.6720291972160339,-0.14536724984645844
-0.023295937106013298,-0.6732050180435181,-0.144427090883255
0.05703822523355484,-0.663951575756073,-0.02454213984310627
-0.09459998458623886,-0.6530296802520752,-0.040369752794504166
0.02455669268965721,-0.6136354207992554,-0.11866813153028488
-0.019041329622268677,-0.6078763008117676,-0.12171940505504608
0.14177879691123962,-0.4705241322517395,0.04876469448208809
-0.1643788367509842,-0.46306148171424866,0.031102292239665985
0.17678211629390717,-0.26575151085853577,-0.03919461742043495
-0.20931316912174225,-0.2265394628047943,-0.024264942854642868
0.22731240093708038,-0.37309569120407104,-0.27243316173553467
-0.2702747583389282,-0.29423555731773376,-0.24071860313415527
0.22779469192028046,-0.38156837224960327,-0.3157484829425812
-0.2747672200202942,-0.29620975255966187,-0.28037184476852417
0.23713302612304688,-0.41042521595954895,-0.32445451617240906
-0.29198843240737915,-0.32995671033859253,-0.2943713963031769
0.22727295756340027,-0.38991838693618774,-0.27998968958854675
-0.2693045437335968,-0.30919453501701355,-0.2527468204498291
0.11332673579454422,-0.002721895230934024,0.011542048305273056
-0.11327381432056427,0.0020453648176044226,-0.01071859896183014
0.14363661408424377,0.41556596755981445,-0.0030340247321873903
-0.12052643299102783,0.3969630002975464,-0.019436823204159737
0.2205110341310501,0.75410395860672,0.11974167823791504
-0.14511823654174805,0.7541194558143616,0.11269542574882507
0.2331516146659851,0.7984803915023804,0.12361954897642136
-0.14675281941890717,0.7996981143951416,0.11740871518850327
0.2614167034626007,0.8591684699058533,-0.0032383331563323736
-0.16495534777641296,0.8591413497924805,-0.011923016048967838
-
0.0035055126063525677,-0.6374726891517639,-0.1617124378681183
0.010114414617419243,-0.6749595403671265,-0.14423711597919464
0.01058618538081646,-0.6753657460212708,-0.1438138484954834
0.010310309007763863,-0.6758672595024109,-0.14351584017276764
-0.02367519401013851,-0.6712833046913147,-0.14455780386924744
-0.023341426625847816,-0.6720495223999023,-0.1454009711742401
-0.023437952622771263,-0.6732255816459656,-0.14445963501930237
0.05696284770965576,-0.6640442609786987,-0.024624377489089966
-0.0946817472577095,-0.6530755758285522,-0.04038885235786438
0.0244813971221447,-0.6136788129806519,-0.11871255189180374
-0.01912546530365944,-0.6079079508781433,-0.12174489349126816
0.14179468154907227,-0.47085174918174744,0.04872904717922211
-0.1643890142440796,-0.4631715714931488,0.031081324443221092
0.1776258647441864,-0.2664869427680969,-0.03932823985815048
-0.20970508456230164,-0.22684869170188904,-0.024520866572856903
0.22730964422225952,-0.3731490671634674,-0.27244672179222107
-0.2701416313648224,-0.2942339777946472,-0.24130508303642273
0.22773750126361847,-0.3815516531467438,-0.3157235383987427
-0.2742961645126343,-0.2961706221103668,-0.28102704882621765
0.23690219223499298,-0.4104064106941223,-0.32442113757133484
-0.291264146566391,-0.3299161493778229,-0.2948174774646759
0.2272503525018692,-0.38993993401527405,-0.2799798250198364
-0.26905399560928345,-0.3091849088668823,-0.25324973464012146
0.11332988739013672,-0.0027323104441165924,0.011533099226653576
-0.1132763996720314,0.0020561448764055967,-0.01070969644933939
0.14370664954185486,0.4155515432357788,-0.0030203338246792555
-0.12053940445184708,0.3970339000225067,-0.01938740536570549
0.2208883911371231,0.754120409488678,0.11921333521604538
-0.1451912373304367,0.7540485858917236,0.11330018937587738
0.23360604047775269,0.7985038757324219,0.12299775332212448
-0.14684732258319855,0.7996101379394531,0.1180962398648262
0.2624833881855011,0.859174907207489,-0.003744270885363221
-0.1652556210756302,0.8590950965881348,-0.010752111673355103
-
0.003625494195148349,-0.637438952922821,-0.16184817254543304
0.010216064751148224,-0.6749371290206909,-0.1443791538476944
0.010689988732337952,-0.6753438711166382,-0.1439548134803772
0.010413218289613724,-0.6758454442024231,-0.1436573714017868
-0.02357938140630722,-0.671262264251709,-0.14471694827079773
-0.023245777934789658,-0.672028124332428,-0.1455618292093277
-0.02334141917526722,-0.6732045412063599,-0.14461734890937805
0.05703293904662132,-0.6640893816947937,-0.024689393118023872
-0.09464598447084427,-0.6531177759170532,-0.04054979979991913
0.024590499699115753,-0.6136730313301086,-0.11879904568195343
-0.019039198756217957,-0.6079016923904419,-0.12185132503509521
0.14191924035549164,-0.47113037109375,0.04876665771007538
-0.16435813903808594,-0.4634198546409607,0.031026171520352364
0.17944003641605377,-0.2672063112258911,-0.0393906868994236
-0.2097783088684082,-0.22742532193660736,-0.024970514699816704
0.22766941785812378,-0.37353837490081787,-0.27277621626853943
-0.2690953016281128,-0.2942436933517456,-0.24268360435962677
0.22781404852867126,-0.38172274827957153,-0.31602466106414795
-0.2723570466041565,-0.29609838128089905,-0.282575786113739
0.23688364028930664,-0.4105914235115051,-0.32464247941970825
-0.2888580858707428,-0.32982301712036133,-0.2960759103298187
0.22741761803627014,-0.39028358459472656,-0.2802324593067169
-0.2676917016506195,-0.30918121337890625,-0.2545001208782196
0.11333595961332321,-0.0027439387049525976,0.011536798439919949
-0.11328136920928955,0.0020678862929344177,-0.010713051073253155
0.14381636679172516,0.4155396521091461,-0.003053077030926943
-0.12046977877616882,0.3973199129104614,-0.0193641260266304
0.2213977575302124,0.7541366219520569,0.11808944493532181
-0.14527960121631622,0.7539892196655273,0.11458853632211685
0.23419685661792755,0.7985312938690186,0.12173715978860855
-0.1469775140285492,0.7995287179946899,0.1195814236998558
0.26359203457832336,0.8592206835746765,-0.004866921808570623
-0.16564442217350006,0.8590266704559326,-0.008604778908193111
-
0.0033110796939581633,-0.6374455094337463,-0.16156956553459167
0.009859415702521801,-0.6749551296234131,-0.14410653710365295
0.010337937623262405,-0.6753624081611633,-0.14368057250976562
0.010059787891805172,-0.6758635640144348,-0.14338022470474243
-0.0239388607442379,-0.6712857484817505,-0.1445123553276062
-0.0236044954508543,-0.6720525622367859,-0.14535875618457794
-0.023700786754488945,-0.6732295751571655,-0.1444120854139328
0.056429654359817505,-0.6642111539840698,-0.024273613467812538
-0.09528876841068268,-0.653266429901123,-0.04047815874218941
0.02418232522904873,-0.6136997938156128,-0.11841842532157898
-0.01948142796754837,-0.6079332232475281,-0.1215808317065239
0.1412440538406372,-0.47171643376350403,0.04950634017586708
-0.1649249941110611,-0.4638809859752655,0.03106825053691864
0.17931434512138367,-0.26890504360198975,-0.03905864432454109
-0.21405437588691711,-0.22930529713630676,-0.02569403313100338
0.22766582667827606,-0.3748197555541992,-0.2726893723011017
-0.2705073952674866,-0.2965826690196991,-0.24362239241600037
0.22781197726726532,-0.38299229741096497,-0.31593871116638184
-0.27332210540771484,-0.2987305819988251,-0.283532977104187
0.23686693608760834,-0.4116676151752472,-0.3245870769023895
-0.2892778515815735,-0.3324136734008789,-0.29648494720458984
0.22740772366523743,-0.39140236377716064,-0.2801574766635895
-0.26872313022613525,-0.31147459149360657,-0.25518307089805603
0.1133219450712204,-0.002750846790149808,0.011555924080312252
-0.11326456069946289,0.0020752735435962677,-0.010731587186455727
0.14380092918872833,0.4156297445297241,-0.0030203622300177813
-0.12101706862449646,0.3973184823989868,-0.019674237817525864
0.22136101126670837,0.7550843358039856,0.11656982451677322
-0.14572511613368988,0.7540056109428406,0.11390943080186844
0.23416218161582947,0.799602210521698,0.12000592052936554
-0.14749443531036377,0.7995445728302002,0.11886223405599594
0.2638701796531677,0.8598217368125916,-0.006157108582556248
-0.1669514775276184,0.8590289950370789,-0.008939816616475582
-
0.0030312780290842056,-0.635593056678772,-0.16107122600078583
0.009591828100383282,-0.6732242107391357,-0.1437467634677887
0.010072433389723301,-0.6736251711845398,-0.14331881701946259
0.009793302975594997,-0.6741323471069336,-0.1430143564939499
-0.024199334904551506,-0.6696317791938782,-0.14404088258743286
-0.02386496774852276,-0.6704058647155762,-0.14488887786865234
-0.023963430896401405,-0.6715826988220215,-0.14394359290599823
0.0563414990901947,-0.6633119583129883,-0.02404557541012764
-0.09539195895195007,-0.6525347232818604,-0.03988216072320938
0.023953624069690704,-0.6122303009033203,-0.11789251118898392
-0.01972702518105507,-0.6065130829811096,-0.12091412395238876
0.14123617112636566,-0.4714730978012085,0.05025193467736244
-0.16499601304531097,-0.46392765641212463,0.03195174038410187
0.17934979498386383,-0.26887246966362,-0.038964081555604935
-0.2176256775856018,-0.2311108410358429,-0.025466691702604294
0.22758950293064117,-0.3751119077205658,-0.27267003059387207
-0.27137622237205505,-0.30058416724205017,-0.24361900985240936
0.22753217816352844,-0.38348162174224854,-0.31591492891311646
-0.27373042702674866,-0.3034435510635376,-0.28359857201576233
0.2364364117383957,-0.41216057538986206,-0.3245513439178467
-0.2893117070198059,-0.33729419112205505,-0.2964180111885071
0.22725719213485718,-0.3917018473148346,-0.28011640906333923
-0.26920759677886963,-0.3156397342681885,-0.2551463544368744
0.11331582069396973,-0.0027412916533648968,0.011621345765888691
-0.11325690895318985,0.0020657405257225037,-0.0107963802292943
0.14362381398677826,0.4157704710960388,-0.0030498227570205927
-0.12123607099056244,0.39801090955734253,-0.02046908624470234
0.22139112651348114,0.7553756833076477,0.11593867093324661
-0.1464761346578598,0.753696620464325,0.11435021460056305
0.2342502772808075,0.7999055981636047,0.1194014623761177
-0.14838112890720367,0.7991263270378113,0.11961633712053299
0.26537957787513733,0.8597991466522217,-0.00642953859642148
-0.1679626852273941,0.8584113717079163,-0.007178565952926874
-
0.0024583754129707813,-0.634903609752655,-0.161870077252388
0.008948221802711487,-0.6725780367851257,-0.1446889042854309
0.009439739398658276,-0.6729830503463745,-0.1442626267671585
0.009154004044830799,-0.6734918355941772,-0.14395815134048462
-0.024816464632749557,-0.6689494252204895,-0.14478076994419098
-0.024475865066051483,-0.6697227954864502,-0.14562885463237762
-0.0245827566832304,-0.6709086894989014,-0.14469152688980103
0.0561191663146019,-0.6628872752189636,-0.025381039828062057
-0.09555560350418091,-0.6519518494606018,-0.04028233513236046
0.02362731099128723,-0.6116502285003662,-0.11875467002391815
-0.020070591941475868,-0.6058862209320068,-0.12149104475975037
0.1414293795824051,-0.4711275100708008,0.049907125532627106
-0.16499747335910797,-0.4639695882797241,0.031867384910583496
0.17979495227336884,-0.2685258388519287,-0.03983016312122345
-0.22021040320396423,-0.23313283920288086,-0.026525840163230896
0.22728346288204193,-0.3743405342102051,-0.27438831329345703
-0.27142369747161865,-0.3050200343132019,-0.2471519410610199
0.22659838199615479,-0.3826126158237457,-0.31794077157974243
-0.2735806405544281,-0.30866485834121704,-0.2881620228290558
0.2353387027978897,-0.4114380180835724,-0.32630467414855957
-0.2884247601032257,-0.3428201973438263,-0.29952290654182434
0.22674737870693207,-0.3908841907978058,-0.2816547155380249
-0.2691682279109955,-0.32019466161727905,-0.2581709623336792
0.1133161187171936,-0.002699741628021002,0.011711152270436287
-0.11325550824403763,0.002019511768594384,-0.010876879096031189
0.14360642433166504,0.41593512892723083,-0.002892791759222746
-0.12148582190275192,0.3978978097438812,-0.020503727719187737
0.22139114141464233,0.7567280530929565,0.11534078419208527
-0.14661869406700134,0.7538800835609436,0.11353811621665955
0.23427915573120117,0.8013471961021423,0.11868298053741455
-0.14854839444160461,0.7993818521499634,0.11861211061477661
0.2675164043903351,0.8598123788833618,-0.007272972259670496
-0.16858814656734467,0.8584283590316772,-0.009307770989835262
-
0.0019286599708721042,-0.6334167718887329,-0.16195987164974213
0.008208641782402992,-0.6712124347686768,-0.14496223628520966
0.008699287660419941,-0.6716195344924927,-0.14453518390655518
0.00841339211910963,-0.6721310615539551,-0.14422552287578583
-0.02544340118765831,-0.6673538684844971,-0.14482583105564117
-0.02510085515677929,-0.6681259870529175,-0.145672008395195
-0.025213835760951042,-0.6693151593208313,-0.14473633468151093
0.05611424148082733,-0.6623246669769287,-0.026763539761304855
-0.0954873189330101,-0.650692343711853,-0.04017459601163864
0.023544641211628914,-0.6106054782867432,-0.11900991946458817
-0.02012437954545021,-0.6046091318130493,-0.12149017304182053
0.14345717430114746,-0.4706345498561859,0.049015261232852936
-0.16448485851287842,-0.46398696303367615,0.03248622640967369
0.17924992740154266,-0.2616690695285797,-0.04005563259124756
-0.2200993299484253,-0.23309414088726044,-0.02363913133740425
0.22563870251178741,-0.3589472770690918,-0.27493834495544434
-0.2712555527687073,-0.3022039830684662,-0.2451520562171936
0.2246338278055191,-0.3652706444263458,-0.31861135363578796
-0.27332499623298645,-0.3045855164527893,-0.2864806354045868
0.2337982952594757,-0.3948337137699127,-0.32732126116752625
-0.28800854086875916,-0.3387698829174042,-0.29838261008262634
0.22515995800495148,-0.37549370527267456,-0.28229251503944397
-0.26888665556907654,-0.31715086102485657,-0.25640669465065
0.11338280141353607,-0.002572013298049569,0.01170215755701065
-0.11332109570503235,0.001884766505099833,-0.010866029188036919
0.1434287577867508,0.41602957248687744,-0.0028936751186847687
-0.12221094220876694,0.3982050120830536,-0.020779555663466454
0.221308633685112,0.7567785382270813,0.11629357188940048
-0.14754778146743774,0.7532958388328552,0.11474839597940445
0.23426952958106995,0.8013892769813538,0.11985938251018524
-0.14949029684066772,0.7987140417098999,0.12023760378360748
0.2689702808856964,0.8592869639396667,-0.005736741237342358
-0.17000065743923187,0.8579663038253784,-0.007270696572959423
-
0.003079316345974803,-0.6328386068344116,-0.16505013406276703
0.009457899257540703,-0.6705806851387024,-0.1481693983078003
0.009955905377864838,-0.6710032224655151,-0.14774104952812195
0.009669018909335136,-0.6715138554573059,-0.14742876589298248
-0.024143943563103676,-0.6669007539749146,-0.14793287217617035
-0.023798519745469093,-0.6676671504974365,-0.14878173172473907
-0.02392091043293476,-0.6688638925552368,-0.14784537255764008
0.0577966645359993,-0.6618337631225586,-0.030133426189422607
-0.09371040761470795,-0.650665283203125,-0.042949777096509933
0.02473856694996357,-0.610154926776886,-0.12208891659975052
-0.01896609179675579,-0.6043243408203125,-0.1242421418428421
0.14535865187644958,-0.47049182653427124,0.045821383595466614
-0.16420677304267883,-0.46495500206947327,0.030834004282951355
0.17951712012290955,-0.260996550321579,-0.042863428592681885
-0.22025606036186218,-0.23647306859493256,-0.026100384071469307
0.2260473370552063,-0.3544742465019226,-0.2807401120662689
-0.2712911069393158,-0.30212876200675964,-0.25111716985702515
0.2251000851392746,-0.3596423864364624,-0.32491084933280945
-0.2733359634876251,-0.30440980195999146,-0.29348674416542053
0.23435884714126587,-0.3891139626502991,-0.334770143032074
-0.28774628043174744,-0.3385717570781708,-0.3057967722415924
0.22558176517486572,-0.3706836700439453,-0.2886146306991577
-0.26886826753616333,-0.3170277774333954,-0.2626899182796478
0.11356272548437119,-0.0025559947825968266,0.011769290082156658
-0.11349058151245117,0.0018646386452019215,-0.010920748114585876
0.14358502626419067,0.41592952609062195,-0.0033573335967957973
-0.12234432995319366,0.4000280499458313,-0.025197288021445274
0.2211812138557434,0.7529565691947937,0.12400729954242706
-0.14682410657405853,0.7493332624435425,0.11963534355163574
0.23421423137187958,0.7973594665527344,0.1293795108795166
-0.14858148992061615,0.7941970229148865,0.1269982010126114
0.2710137367248535,0.8567540049552917,0.008975189179182053
-0.16983722150325775,0.8555998206138611,0.004434823524206877
-
0.003095266642048955,-0.6316142678260803,-0.17654182016849518
0.009498865343630314,-0.6692935228347778,-0.16007961332798004
0.009997176937758923,-0.6697421669960022,-0.159650519490242
0.009709942154586315,-0.6702581644058228,-0.15931452810764313
-0.024092648178339005,-0.6657176613807678,-0.15915781259536743
-0.023748163133859634,-0.6664745211601257,-0.15997742116451263
-0.023871859535574913,-0.6676862239837646,-0.15902037918567657
0.05856394022703171,-0.6605911254882812,-0.04299590364098549
-0.09290158748626709,-0.6500529646873474,-0.05242355540394783
0.02492564544081688,-0.6091313362121582,-0.1337490677833557
-0.01880006492137909,-0.6034634709358215,-0.13472986221313477
0.14809095859527588,-0.4693751931190491,0.035284582525491714
-0.16367840766906738,-0.4653959572315216,0.024296388030052185
0.18125827610492706,-0.2553090751171112,-0.04969128966331482
-0.21443557739257812,-0.2369212806224823,-0.029863428324460983
0.22998391091823578,-0.34673646092414856,-0.28801676630973816
-0.27079513669013977,-0.29361486434936523,-0.2582930028438568
0.22932963073253632,-0.3515840768814087,-0.33227553963661194
-0.27334627509117126,-0.2909126877784729,-0.30135485529899597
0.23935972154140472,-0.38153189420700073,-0.3430546224117279
-0.2877534329891205,-0.32227954268455505,-0.31605425477027893
0.22975409030914307,-0.3631998896598816,-0.2963305115699768
-0.2684133052825928,-0.3063695728778839,-0.271161288022995
0.11398103833198547,-0.002535700798034668,0.011816998943686485
-0.11390136927366257,0.0018395147053524852,-0.010955482721328735
0.1465863585472107,0.4149817228317261,-0.0035268464125692844
-0.12349750101566315,0.40296006202697754,-0.028209885582327843
0.22263413667678833,0.7477254867553711,0.12925280630588531
-0.14770272374153137,0.7443802952766418,0.13039915263652802
0.23600605130195618,0.7921649217605591,0.13539037108421326
-0.14944511651992798,0.7887758612632751,0.13984370231628418
0.2787472903728485,0.8522988557815552,0.0177826676517725
-0.17422668635845184,0.8524759411811829,0.022493811324238777
-
0.00204367539845407,-0.6319625377655029,-0.19406676292419434
0.008291455917060375,-0.6695849895477295,-0.17718622088432312
0.008812008425593376,-0.6700583100318909,-0.17678014934062958
0.008529857732355595,-0.6705712080001831,-0.17639653384685516
-0.025233525782823563,-0.6659855246543884,-0.17580361664295197
-0.024901552125811577,-0.6667259335517883,-0.17668014764785767
-0.02500411681830883,-0.6679486632347107,-0.17566858232021332
0.05840786173939705,-0.6606613993644714,-0.06091323867440224
-0.09300791472196579,-0.6501334309577942,-0.06758596748113632
0.024573463946580887,-0.609408974647522,-0.1519177258014679
-0.01919281855225563,-0.6037081480026245,-0.1517600566148758
0.1492822915315628,-0.4692838788032532,0.015457890927791595
-0.16378538310527802,-0.4659772515296936,0.00905681774020195
0.18481898307800293,-0.2539004385471344,-0.07303047180175781
-0.21448710560798645,-0.2386605441570282,-0.052471816539764404
0.23786908388137817,-0.3362269401550293,-0.32426661252975464
-0.27135905623435974,-0.2924610674381256,-0.29159221053123474
0.23899929225444794,-0.3394821286201477,-0.36882680654525757
-0.2743077576160431,-0.28925976157188416,-0.3367139995098114
0.24856989085674286,-0.36919865012168884,-0.38206854462623596
-0.28815171122550964,-0.321236789226532,-0.35050761699676514
0.23787565529346466,-0.35205087065696716,-0.3337051570415497
-0.2687361538410187,-0.30509209632873535,-0.3045852780342102
0.11464588344097137,-0.00253334385342896,0.011528929695487022
-0.11457368731498718,0.0018350625177845359,-0.010642100125551224
0.15095111727714539,0.41209569573402405,-0.017298884689807892
-0.1342003345489502,0.4032875597476959,-0.03281715139746666
0.22442768514156342,0.7393437623977661,0.12451697140932083
-0.15337097644805908,0.7397090196609497,0.13989315927028656
0.23784835636615753,0.7837722301483154,0.13149027526378632
-0.1549808233976364,0.783976674079895,0.15066173672676086
0.28233960270881653,0.8488438129425049,0.01702870801091194
-0.1919068694114685,0.8488210439682007,0.038507916033267975
-
0.00048538699047639966,-0.6304395794868469,-0.22004874050617218
0.006992246489971876,-0.6681618094444275,-0.20386207103729248
0.00752215413376689,-0.6686859726905823,-0.2034667581319809
0.007245613262057304,-0.6691890358924866,-0.2030652016401291
-0.026440178975462914,-0.6647005081176758,-0.20231471955776215
-0.02612355165183544,-0.6654179096221924,-0.20320920646190643
-0.02620687149465084,-0.6666747331619263,-0.2020917683839798
0.058179449290037155,-0.65975421667099,-0.0880243331193924
-0.09321317076683044,-0.649976909160614,-0.09355992078781128
0.023699073120951653,-0.6082082390785217,-0.17754991352558136
-0.020150359719991684,-0.6027523279190063,-0.17695023119449615
0.14942455291748047,-0.46892088651657104,-0.00841205008327961
-0.164482980966568,-0.4661339521408081,-0.010903584770858288
0.18532626330852509,-0.24962306022644043,-0.09207408875226974
-0.21449154615402222,-0.2384592741727829,-0.06623523682355881
0.24079959094524384,-0.3306100070476532,-0.3435397446155548
-0.27483418583869934,-0.288708359003067,-0.303833931684494
0.24324209988117218,-0.33439335227012634,-0.3869015872478485
-0.2792157828807831,-0.2854951322078705,-0.34802547097206116
0.2536618709564209,-0.3641102910041809,-0.4008724093437195
-0.29425564408302307,-0.3178662061691284,-0.36355140805244446
0.24139879643917084,-0.3466366231441498,-0.3532770276069641
-0.2726893424987793,-0.3012707531452179,-0.3175361454486847
0.11540094763040543,-0.0025634276680648327,0.01077021099627018
-0.11534889042377472,0.0018582980846986175,-0.00984781701117754
0.15674735605716705,0.4093170762062073,-0.035036541521549225
-0.1503465324640274,0.4032786786556244,-0.03369854390621185
0.22757229208946228,0.7345715165138245,0.10394134372472763
-0.15916340053081512,0.7371475696563721,0.14716380834579468
0.24104063212871552,0.7790316343307495,0.11036400496959686
-0.1601363718509674,0.7814924120903015,0.15809839963912964
0.2886688709259033,0.8466373085975647,-0.004265996161848307
-0.20578612387180328,0.8475862145423889,0.04798521101474762
-
-0.00021254531748127192,-0.6303092241287231,-0.26423904299736023
0.00634215772151947,-0.6681327819824219,-0.24785900115966797
0.006871918682008982,-0.6686667799949646,-0.24738477170467377
0.006601602304726839,-0.6691679954528809,-0.2470504492521286
-0.026986703276634216,-0.6646823883056641,-0.2466191053390503
-0.026672933250665665,-0.6654008626937866,-0.24751409888267517
-0.026741093024611473,-0.6666620373725891,-0.24628479778766632
0.05807829648256302,-0.6597525477409363,-0.1309838742017746
-0.09325392544269562,-0.650156557559967,-0.1371319591999054
0.02327544242143631,-0.6080957651138306,-0.2213922142982483
-0.02064359374344349,-0.6026898622512817,-0.22074227035045624
0.14959298074245453,-0.4687313735485077,-0.046695057302713394
-0.16527310013771057,-0.4671323001384735,-0.05236920341849327
0.1855102777481079,-0.24803943932056427,-0.13845908641815186
-0.2274714708328247,-0.2416279911994934,-0.1157500296831131
0.24264122545719147,-0.33260560035705566,-0.39832231402397156
-0.29512494802474976,-0.2904583811759949,-0.35582730174064636
0.24622416496276855,-0.3378503918647766,-0.4433034360408783
-0.3003471791744232,-0.28825244307518005,-0.40141957998275757
0.25813809037208557,-0.3674027621746063,-0.45602983236312866
-0.31272315979003906,-0.320770263671875,-0.41619691252708435
0.24384506046772003,-0.34878799319267273,-0.4084244966506958
-0.29229819774627686,-0.30286988615989685,-0.3696928322315216
0.1158294677734375,-0.0025652265176177025,0.010577552020549774
-0.11579074710607529,0.0018581203185021877,-0.009654934518039227
0.16820776462554932,0.4049135446548462,-0.03802117332816124
-0.16500602662563324,0.40187686681747437,-0.03456524387001991
0.22801487147808075,0.7222416400909424,0.11286956071853638
-0.16392327845096588,0.7275409698486328,0.1586771458387375
0.24129560589790344,0.766488254070282,0.12190110236406326
-0.16412712633609772,0.7717203497886658,0.17080159485340118
0.2959599196910858,0.8403727412223816,0.014553338289260864
-0.21323008835315704,0.8437328934669495,0.06429963558912277
-
-0.00022410244855564088,-0.6303251385688782,-0.28910142183303833
0.006338342558592558,-0.6681773662567139,-0.2709150016307831
0.006866907700896263,-0.6687223315238953,-0.2703830301761627
0.0065987929701805115,-0.6692197918891907,-0.27009618282318115
-0.026989730075001717,-0.6647326350212097,-0.27052634954452515
-0.02667711116373539,-0.6654551029205322,-0.2714272141456604
-0.02674318663775921,-0.6667220592498779,-0.2701888084411621
0.058153849095106125,-0.659207284450531,-0.15213660895824432
-0.09325695037841797,-0.6500767469406128,-0.16135522723197937
0.023267026990652084,-0.607937216758728,-0.24648554623126984
-0.020671699196100235,-0.6026085615158081,-0.24654620885849
0.1497994214296341,-0.4667087495326996,-0.06538350880146027
-0.16624490916728973,-0.46536123752593994,-0.07839061319828033
0.18992899358272552,-0.24705879390239716,-0.16263169050216675
-0.24055087566375732,-0.23981833457946777,-0.15072396397590637
0.2585289776325226,-0.33441635966300964,-0.4258980453014374
-0.30423426628112793,-0.28925737738609314,-0.384999543428421
0.2673880159854889,-0.33987677097320557,-0.4718852639198303
-0.3080683648586273,-0.28842905163764954,-0.4290964901447296
0.2795504927635193,-0.3696644902229309,-0.4818209111690521
-0.3190753161907196,-0.3210480213165283,-0.4409705698490143
0.2607780396938324,-0.35052311420440674,-0.4355321228504181
-0.3006100356578827,-0.3018900752067566,-0.39736536145210266
0.11638247221708298,-0.0027156430296599865,0.010505333542823792
-0.11636468768119812,0.0020117606036365032,-0.009589128196239471
0.17707377672195435,0.3911687135696411,-0.08431093394756317
-0.1780056208372116,0.3959302306175232,-0.046027664095163345
0.2263210117816925,0.6985670328140259,0.10254181176424026
-0.16349203884601593,0.7097742557525635,0.15690772235393524
0.23863781988620758,0.7425330877304077,0.11399420350790024
-0.16363035142421722,0.7536930441856384,0.16936716437339783
0.2953965961933136,0.8221026659011841,0.009583843871951103
-0.21308621764183044,0.8304585814476013,0.06431180238723755
-
-0.0007209022296592593,-0.6283574104309082,-0.3031758964061737
0.005976063199341297,-0.6664482355117798,-0.285051167011261
0.006494089495390654,-0.6670332551002502,-0.2845466434955597
0.006249719765037298,-0.6675090193748474,-0.2842298746109009
-0.027332253754138947,-0.663199782371521,-0.2842324376106262
-0.027033356949687004,-0.6639030575752258,-0.2851722538471222
-0.027068771421909332,-0.6651790738105774,-0.2839473485946655
0.058206796646118164,-0.6553449630737305,-0.16770292818546295
-0.09327513724565506,-0.6479464173316956,-0.17357347905635834
0.023075364530086517,-0.6048192977905273,-0.26112279295921326
-0.02096151001751423,-0.5999351739883423,-0.2600330412387848
0.15066127479076385,-0.46117720007896423,-0.07847214490175247
-0.16733621060848236,-0.4596047103404999,-0.08443525433540344
0.189736470580101,-0.2429974228143692,-0.17127545177936554
-0.24167968332767487,-0.23456379771232605,-0.15208348631858826
0.25668713450431824,-0.323451429605484,-0.4382736384868622
-0.3065105080604553,-0.28361570835113525,-0.38943177461624146
0.2646162509918213,-0.32936567068099976,-0.484489768743515
-0.3103882670402527,-0.28369754552841187,-0.4332039952278137
0.2767200171947479,-0.3565531373023987,-0.49641716480255127
-0.32238954305648804,-0.3165980279445648,-0.44526544213294983
0.2587084472179413,-0.3388073742389679,-0.44759079813957214
-0.30278995633125305,-0.29657235741615295,-0.40176963806152344
0.11748159676790237,-0.002735333051532507,0.009979031048715115
-0.1175018772482872,0.0020320359617471695,-0.009092655032873154
0.17586801946163177,0.3855654299259186,-0.11152458935976028
-0.1889963448047638,0.3843604624271393,-0.07387570291757584
0.22575810551643372,0.6753575205802917,0.10128562152385712
-0.1629112809896469,0.6877408027648926,0.15541329979896545
0.23814857006072998,0.7182505130767822,0.11371159553527832
-0.16113632917404175,0.7309494018554688,0.16686603426933289
0.2956683337688446,0.7989405393600464,0.009418128989636898
-0.2100146859884262,0.8105863928794861,0.05783085152506828
-
-0.0009818017715588212,-0.6231580376625061,-0.3055524528026581
0.005963927134871483,-0.6613944172859192,-0.2877494990825653
0.006478157825767994,-0.6620320081710815,-0.2872608006000519
0.006240296643227339,-0.66245436668396,-0.2869420051574707
-0.027360429987311363,-0.6588230729103088,-0.2870124280452728
-0.027069522067904472,-0.6594625115394592,-0.2879984974861145
-0.027094539254903793,-0.6607444286346436,-0.28684473037719727
0.05872555077075958,-0.6486276984214783,-0.1716555505990982
-0.09326490759849548,-0.6445447206497192,-0.17775404453277588
0.022908557206392288,-0.598644495010376,-0.26361894607543945
-0.021260980516672134,-0.5947524309158325,-0.26258981227874756
0.15224118530750275,-0.4548632800579071,-0.07952394336462021
-0.16973111033439636,-0.4542304277420044,-0.08844085037708282
0.19511458277702332,-0.2426386922597885,-0.1623903512954712
-0.24323686957359314,-0.23311589658260345,-0.14989224076271057
0.2701657712459564,-0.3115468919277191,-0.42456117272377014
-0.31669914722442627,-0.276006281375885,-0.3858110010623932
0.2811402678489685,-0.3143497407436371,-0.4694492220878601
-0.3242119550704956,-0.2743109464645386,-0.4281505346298218
0.2919832766056061,-0.34015387296676636,-0.4831187427043915
-0.33758434653282166,-0.30661123991012573,-0.4418049156665802
0.27214112877845764,-0.32572662830352783,-0.4342711567878723
-0.31368353962898254,-0.28851014375686646,-0.39865386486053467
0.11834300309419632,-0.0027447629254311323,0.009850194677710533
-0.11839818209409714,0.00204457831569016,-0.008986367844045162
0.17732945084571838,0.3768923580646515,-0.1416601985692978
-0.1956285834312439,0.3745066523551941,-0.08908779174089432
0.22635331749916077,0.6653090119361877,0.07293747365474701
-0.163619264960289,0.680964469909668,0.13837678730487823
0.23871082067489624,0.7080858945846558,0.08633548021316528
-0.16135448217391968,0.7244520783424377,0.15184447169303894
0.2968181371688843,0.7849128842353821,-0.025060037150979042
-0.21044546365737915,0.800508975982666,0.04355821758508682
-
-0.0037884328048676252,-0.608275294303894,-0.3078106939792633
0.004085387568920851,-0.647070050239563,-0.2899281084537506
0.004555071238428354,-0.6476870179176331,-0.2894194424152374
0.00439829146489501,-0.6480622291564941,-0.2890666723251343
-0.029669007286429405,-0.6447399854660034,-0.2893260419368744
-0.02942514792084694,-0.6453367471694946,-0.2903456389904022
-0.029396964237093925,-0.6465721130371094,-0.2892729640007019
0.05813164263963699,-0.6359483599662781,-0.1729934811592102
-0.09600561857223511,-0.6331211924552917,-0.1792449653148651
0.0205948855727911,-0.5841020345687866,-0.26554882526397705
-0.024219585582613945,-0.5805400013923645,-0.26453039050102234
0.15224386751651764,-0.4472043514251709,-0.07607296109199524
-0.17534993588924408,-0.44161349534988403,-0.08982425183057785
0.19769005477428436,-0.24069546163082123,-0.15184256434440613
-0.24760740995407104,-0.22208377718925476,-0.14783230423927307
0.27553364634513855,-0.2864281237125397,-0.41112104058265686
-0.32746297121047974,-0.254509299993515,-0.3817496597766876
0.28791120648384094,-0.2848489284515381,-0.45552027225494385
-0.3374023139476776,-0.2523822784423828,-0.4228874146938324
0.2966235876083374,-0.31024181842803955,-0.47087562084198
-0.3524055778980255,-0.2853832542896271,-0.436651349067688
0.27676278352737427,-0.2993554472923279,-0.42131277918815613
-0.32518520951271057,-0.2671205401420593,-0.3945383131504059
0.11882040649652481,-0.00283383228816092,0.009770501405000687
-0.11891242116689682,0.0021470775827765465,-0.008925769478082657
0.1760885864496231,0.36257776618003845,-0.17606157064437866
-0.2004823088645935,0.3682970106601715,-0.09319738298654556
0.22662098705768585,0.6522466540336609,0.03152046352624893
-0.16827568411827087,0.6804119944572449,0.11699014157056808
0.23897400498390198,0.6949926614761353,0.043926987797021866
-0.1653992384672165,0.724301815032959,0.12884561717510223
0.29630064964294434,0.7682353854179382,-0.07667884230613708
-0.2141774594783783,0.79578697681427,0.012338537722826004
-
-0.004284728784114122,-0.6019503474235535,-0.3048551678657532
0.003948179539293051,-0.6408073902130127,-0.2869833707809448
0.0044070701114833355,-0.6414101123809814,-0.28646647930145264
0.0042680008336901665,-0.6417678594589233,-0.2861196994781494
-0.029929671436548233,-0.6385563611984253,-0.28602877259254456
-0.02970111183822155,-0.6391158699989319,-0.28706565499305725
-0.029652845114469528,-0.6403177976608276,-0.28610819578170776
0.05849016457796097,-0.6300744414329529,-0.1712135374546051
-0.0960608497262001,-0.6276217699050903,-0.1764814853668213
0.020343542098999023,-0.5778619050979614,-0.26325976848602295
-0.02464410662651062,-0.5744130611419678,-0.26196742057800293
0.15428809821605682,-0.44163838028907776,-0.07419754564762115
-0.1767527312040329,-0.4357612133026123,-0.09293054789304733
0.2008965015411377,-0.23854532837867737,-0.14567606151103973
-0.24749284982681274,-0.21620534360408783,-0.15170259773731232
0.28911441564559937,-0.2710651457309723,-0.40263962745666504
-0.32266923785209656,-0.22967882454395294,-0.38317397236824036
0.3058924973011017,-0.26758942008018494,-0.4471295177936554
-0.3312258720397949,-0.22240573167800903,-0.423063725233078
0.3147523105144501,-0.29353922605514526,-0.4632722735404968
-0.3455960750579834,-0.25618815422058105,-0.43736356496810913
0.2910645306110382,-0.2837447226047516,-0.4130796492099762
-0.32010143995285034,-0.24162285029888153,-0.39605244994163513
0.11932612210512161,-0.0029267610516399145,0.009762663394212723
-0.11947138607501984,0.0022588358260691166,-0.008922978304326534
0.17521215975284576,0.35170066356658936,-0.18157050013542175
-0.19887173175811768,0.3691692352294922,-0.09046252071857452
0.2300868034362793,0.6423661112785339,0.015417507849633694
-0.17156530916690826,0.6724569201469421,0.1185043603181839
0.242863729596138,0.6853692531585693,0.026897761970758438
-0.16887277364730835,0.7154664993286133,0.12980017066001892
0.2958473265171051,0.7572867274284363,-0.0968504250049591
-0.21500636637210846,0.7858264446258545,0.012979444116353989
-
-0.004125726409256458,-0.5952093005180359,-0.3066684305667877
0.004510820843279362,-0.6341243982315063,-0.28969085216522217
0.004955194424837828,-0.6347213387489319,-0.2891615033149719
0.004863333888351917,-0.6350697875022888,-0.28877294063568115
-0.02951006591320038,-0.6323300004005432,-0.28917184472084045
-0.029293587431311607,-0.6328961849212646,-0.290223628282547
-0.029224148020148277,-0.6341155171394348,-0.28923675417900085
0.05948694422841072,-0.6248696446418762,-0.1736927628517151
-0.09593524038791656,-0.6244962215423584,-0.18116433918476105
0.020468423143029213,-0.5715377330780029,-0.2646363377571106
-0.024592449888586998,-0.5686444044113159,-0.26388904452323914
0.15478938817977905,-0.439618319272995,-0.0746603012084961
-0.17749033868312836,-0.43452146649360657,-0.09627620130777359
0.20157413184642792,-0.23366494476795197,-0.14376501739025116
-0.24722404778003693,-0.2101464569568634,-0.15149255096912384
0.2900729179382324,-0.24938535690307617,-0.4046275019645691
-0.3259376883506775,-0.21933704614639282,-0.3818936347961426
0.3067987263202667,-0.24108874797821045,-0.4501899480819702
-0.33639755845069885,-0.21163620054721832,-0.42161932587623596
0.3133276700973511,-0.2672799527645111,-0.4699839651584625
-0.35091137886047363,-0.2454952448606491,-0.43787142634391785
0.2909846305847168,-0.26147300004959106,-0.4163680970668793
-0.3238186240196228,-0.23143157362937927,-0.39529237151145935
0.11982957273721695,-0.003131035715341568,0.009536899626255035
-0.12001407891511917,0.0024829162284731865,-0.008721405640244484
0.17085584998130798,0.3421936631202698,-0.21009531617164612
-0.20590268075466156,0.36456552147865295,-0.0948474109172821
0.23367270827293396,0.6373752355575562,-0.028271524235606194
-0.17252983152866364,0.6723646521568298,0.10606956481933594
0.24698863923549652,0.680716872215271,-0.018669335171580315
-0.1692860871553421,0.7154495716094971,0.11681348830461502
0.2956257462501526,0.7528408765792847,-0.1481052190065384
-0.21410474181175232,0.7864215970039368,-0.0001773938856786117
-
-0.0033554513938724995,-0.5966222882270813,-0.3022143244743347
0.005552537273615599,-0.6353261470794678,-0.28510206937789917
0.00598385464400053,-0.6359274387359619,-0.2845785915851593
0.005930781364440918,-0.636273980140686,-0.2842339277267456
-0.028579404577612877,-0.633467435836792,-0.2848334014415741
-0.028348637744784355,-0.6340385675430298,-0.2858574092388153
-0.028270123526453972,-0.6352608799934387,-0.284811794757843
0.06057734414935112,-0.6262654662132263,-0.1686580926179886
-0.09565456956624985,-0.625336766242981,-0.17668069899082184
0.02118709869682789,-0.5731537342071533,-0.2599160671234131
-0.02408602461218834,-0.5700352191925049,-0.25959262251853943
0.15558555722236633,-0.44022634625434875,-0.07111182063817978
-0.17736084759235382,-0.43573102355003357,-0.0903814285993576
0.19643767178058624,-0.2263280749320984,-0.1390124261379242
-0.23919875919818878,-0.20568178594112396,-0.149498850107193
0.28670957684516907,-0.23499847948551178,-0.3977002799510956
-0.32359516620635986,-0.20926150679588318,-0.3802264332771301
0.30040040612220764,-0.22353976964950562,-0.44293636083602905
-0.3353040814399719,-0.19775794446468353,-0.4192151129245758
0.3078027069568634,-0.2497328519821167,-0.46656376123428345
-0.3519555926322937,-0.2321021854877472,-0.4328043460845947
0.2872512638568878,-0.247155100107193,-0.41232556104660034
-0.3219851851463318,-0.2211528718471527,-0.39221033453941345
0.1203957349061966,-0.0029214515816420317,0.008676255121827126
-0.12058581411838531,0.002282809466123581,-0.007879258133471012
0.17046721279621124,0.34431496262550354,-0.18978223204612732
-0.20305733382701874,0.36078697443008423,-0.09292176365852356
0.24226014316082,0.646526575088501,0.010954988189041615
-0.17603757977485657,0.6698203086853027,0.10703552514314651
0.25647616386413574,0.6894043684005737,0.022036191076040268
-0.17288130521774292,0.7127854228019714,0.11780593544244766
0.2979148328304291,0.7625560164451599,-0.11372143030166626
-0.21502435207366943,0.7862654328346252,0.0008591445512138307
-
-0.0032900413498282433,-0.5982679128646851,-0.3161034882068634
0.005724995397031307,-0.6369351148605347,-0.299385666847229
0.00616127485409379,-0.6375288367271423,-0.29886874556541443
0.006111805327236652,-0.6378915905952454,-0.2985818684101105
-0.028417205438017845,-0.6348221898078918,-0.29898691177368164
-0.028186967596411705,-0.6354225277900696,-0.3000686764717102
-0.028101690113544464,-0.6366469860076904,-0.2988833487033844
0.061054933816194534,-0.6277053356170654,-0.18314585089683533
-0.09559888392686844,-0.6257242560386658,-0.18976405262947083
0.021250540390610695,-0.5748018026351929,-0.2738514542579651
-0.02407042682170868,-0.5714138746261597,-0.2732432782649994
0.1564812958240509,-0.44027599692344666,-0.08518823981285095
-0.17760062217712402,-0.4367589056491852,-0.09693991392850876
0.19635310769081116,-0.21912533044815063,-0.14890094101428986
-0.23795375227928162,-0.2056419402360916,-0.14644598960876465
0.2846701443195343,-0.22889472544193268,-0.41016480326652527
-0.3222539722919464,-0.2179519534111023,-0.3835209310054779
0.2979319095611572,-0.21908146142959595,-0.45476260781288147
-0.33398574590682983,-0.20936895906925201,-0.42375683784484863
0.30538398027420044,-0.2460704892873764,-0.47832658886909485
-0.351314514875412,-0.24350546300411224,-0.44125068187713623
0.2853245139122009,-0.24214491248130798,-0.42296165227890015
-0.3208850622177124,-0.23039600253105164,-0.39746516942977905
0.12105487287044525,-0.0025801309384405613,0.005753304809331894
-0.12124820798635483,0.0019323723390698433,-0.005007103551179171
0.1630507856607437,0.3713686466217041,-0.14347392320632935
-0.20025107264518738,0.36141398549079895,-0.088212750852108
0.2495735138654709,0.6522654294967651,0.08194240927696228
-0.1758389174938202,0.6729457378387451,0.13170969486236572
0.2655651867389679,0.6953614354133606,0.09345401078462601
-0.17302289605140686,0.7158470749855042,0.1444302499294281
0.30093076825141907,0.7672786116600037,-0.03338620066642761
-0.2209225445985794,0.7890444397926331,0.034723035991191864
-
-0.0032722626347094774,-0.6041333079338074,-0.28719601035118103
0.005515020806342363,-0.6429983377456665,-0.2715548574924469
0.005965129937976599,-0.6436141133308411,-0.2710484564304352
0.0059115891344845295,-0.6439608931541443,-0.27082619071006775
-0.028544526547193527,-0.6401861310005188,-0.27070680260658264
-0.028306398540735245,-0.6407363414764404,-0.2717394530773163
-0.028221292421221733,-0.6419450640678406,-0.27055466175079346
0.06062215194106102,-0.6388857364654541,-0.15744827687740326
-0.09586022794246674,-0.6319690346717834,-0.16220566630363464
0.02130015939474106,-0.5828743577003479,-0.2451382428407669
-0.02401919849216938,-0.5777912735939026,-0.24423541128635406
0.1566103845834732,-0.45401883125305176,-0.0681094378232956
-0.17754247784614563,-0.44379863142967224,-0.0766802430152893
0.19296973943710327,-0.2298736870288849,-0.13752000033855438
-0.23398277163505554,-0.20617997646331787,-0.12421683967113495
0.2808450162410736,-0.23938359320163727,-0.4083278775215149
-0.3144308030605316,-0.2227603942155838,-0.36533668637275696
0.29465463757514954,-0.23574300110340118,-0.4521368145942688
-0.32490164041519165,-0.21611975133419037,-0.4067493677139282
0.30283668637275696,-0.26277047395706177,-0.47246500849723816
-0.3430250287055969,-0.2490193247795105,-0.4258720576763153
0.28221797943115234,-0.2529487907886505,-0.41948214173316956
-0.3133070766925812,-0.23445507884025574,-0.38052064180374146
0.12137901782989502,-0.002570131327956915,0.00551119539886713
-0.12155300378799438,0.001920047914609313,-0.004757316317409277
0.15897777676582336,0.39096832275390625,-0.08074649423360825
-0.19835743308067322,0.37691521644592285,-0.06777216494083405
0.25188055634498596,0.6574115753173828,0.1269928365945816
-0.17545226216316223,0.6774238348007202,0.16480280458927155
0.26847371459007263,0.6984525918960571,0.13779686391353607
-0.17278485000133514,0.7191098928451538,0.17876660823822021
0.3071308732032776,0.7724864482879639,0.016871385276317596
-0.2203509509563446,0.796950101852417,0.07156900316476822
-
-0.0031537956092506647,-0.6102337837219238,-0.28698328137397766
0.005495922639966011,-0.6487441062927246,-0.27134281396865845
0.005949518643319607,-0.6494013667106628,-0.27080291509628296
0.005896043963730335,-0.6497316956520081,-0.2706477642059326
-0.02855110913515091,-0.6460522413253784,-0.2703968286514282
-0.028310561552643776,-0.6465860605239868,-0.2714233696460724
-0.028224831447005272,-0.6477847099304199,-0.27019935846328735
0.06043054163455963,-0.6446589231491089,-0.15652203559875488
-0.09596183151006699,-0.636885941028595,-0.16126903891563416
0.02138790860772133,-0.5892320871353149,-0.2447611540555954
-0.023937251418828964,-0.5835826992988586,-0.24387900531291962
0.15579356253147125,-0.455684632062912,-0.06434948742389679
-0.17656512558460236,-0.4477711021900177,-0.07258669286966324
0.18791227042675018,-0.23020640015602112,-0.13709057867527008
-0.22644826769828796,-0.21098199486732483,-0.1217755600810051
0.2637295722961426,-0.25333479046821594,-0.4167477488517761
-0.30647292733192444,-0.2341812252998352,-0.36688703298568726
0.27040955424308777,-0.25183773040771484,-0.4627181887626648
-0.3165856599807739,-0.22563818097114563,-0.40917840600013733
0.2831695079803467,-0.27956634759902954,-0.48432326316833496
-0.3361845016479492,-0.2596721947193146,-0.4282689094543457
0.265204519033432,-0.269656777381897,-0.4279880225658417
-0.305817574262619,-0.2471507340669632,-0.3823584020137787
0.1214153990149498,-0.0025308863259851933,0.0055301981046795845
-0.12157715111970901,0.0018696471815928817,-0.004774229135364294
0.15482831001281738,0.40078413486480713,-0.04170237481594086
-0.19132831692695618,0.38927018642425537,-0.04653174802660942
0.2509972155094147,0.6669277548789978,0.16017132997512817
-0.17524626851081848,0.6850600242614746,0.1918971687555313
0.2674068212509155,0.7070267200469971,0.1704297661781311
-0.17261016368865967,0.7255408763885498,0.20586130023002625
0.30740562081336975,0.784026026725769,0.052661068737506866
-0.21985293924808502,0.8052160739898682,0.09767688810825348
-
-0.002976765623316169,-0.6198065280914307,-0.23309828341007233
0.00539105711504817,-0.6583350300788879,-0.21638166904449463
0.005848982837051153,-0.6589590311050415,-0.2157842516899109
0.00580008327960968,-0.6592745780944824,-0.2157035768032074
-0.028599323704838753,-0.65474534034729,-0.21522285044193268
-0.028352241963148117,-0.6553257703781128,-0.21605226397514343
-0.02827022224664688,-0.6564794182777405,-0.21488870680332184
0.05965043976902962,-0.654562771320343,-0.10041194409132004
-0.09610989689826965,-0.6425445079803467,-0.10649804770946503
0.021504484117031097,-0.5989174842834473,-0.19120237231254578
-0.02370496094226837,-0.5917911529541016,-0.19097302854061127
0.1555514633655548,-0.46212664246559143,-0.02002457156777382
-0.1760459542274475,-0.45365604758262634,-0.017607826739549637
0.1778964251279831,-0.2304786741733551,-0.10016649216413498
-0.22339525818824768,-0.2142173945903778,-0.07699691504240036
0.2513132393360138,-0.2622958719730377,-0.3787257671356201
-0.30024397373199463,-0.2445262372493744,-0.3376348912715912
0.25567367672920227,-0.2613522410392761,-0.4251304566860199
-0.3093984127044678,-0.235054150223732,-0.3818267583847046
0.2697843909263611,-0.29033204913139343,-0.45105141401290894
-0.32932212948799133,-0.2713681757450104,-0.3987194299697876
0.253444641828537,-0.2800169289112091,-0.39114734530448914
-0.29896456003189087,-0.2589261531829834,-0.35292792320251465
0.12145793437957764,-0.0024538617581129074,0.0056409770622849464
-0.12159813940525055,0.00178871164098382,-0.00488794781267643
0.14951957762241364,0.4170985817909241,-0.029225867241621017
-0.17787069082260132,0.3960960805416107,-0.039527345448732376
0.25034666061401367,0.705001175403595,0.16942818462848663
-0.17397774755954742,0.7062453627586365,0.18340931832790375
0.2670082449913025,0.746593177318573,0.179534450173378
-0.17191003262996674,0.7481275200843811,0.1957605630159378
0.30687519907951355,0.8179092407226562,0.061086319386959076
-0.21845486760139465,0.8222964406013489,0.08350642025470734
-
-0.0017075137002393603,-0.6202536821365356,-0.21744103729724884
0.006473207846283913,-0.6590644121170044,-0.20294399559497833
0.00693478574976325,-0.6596630811691284,-0.20235297083854675
0.00688751507550478,-0.6599816083908081,-0.2022932469844818
-0.027723075821995735,-0.6555115580558777,-0.2003786265850067
-0.027461742982268333,-0.6561151146888733,-0.20119257271289825
-0.027390988543629646,-0.6572394371032715,-0.20012734830379486
0.061905231326818466,-0.6579287052154541,-0.08661679923534393
-0.09461139142513275,-0.6456906795501709,-0.08780268579721451
0.023107757791876793,-0.6001040935516357,-0.17439956963062286
-0.022343387827277184,-0.5928996205329895,-0.17273421585559845
0.1581319123506546,-0.4668605625629425,0.0007661380805075169
-0.16786350309848785,-0.4614573121070862,0.001971825957298279
0.1788543462753296,-0.23091785609722137,-0.08779878914356232
-0.20996782183647156,-0.2188168615102768,-0.0675257071852684
0.25190749764442444,-0.2795117199420929,-0.36277782917022705
-0.2788035571575165,-0.26543128490448,-0.3296666145324707
0.2558700144290924,-0.28050920367240906,-0.40728479623794556
-0.2864992618560791,-0.2589648962020874,-0.37396934628486633
0.2703322768211365,-0.3085978925228119,-0.4321044087409973
-0.304877907037735,-0.2957051396369934,-0.3870891332626343
0.25400570034980774,-0.29720669984817505,-0.374663382768631
-0.27648457884788513,-0.28085824847221375,-0.3435211181640625
0.12135444581508636,-0.0017697152215987444,0.006525169592350721
-0.12145187705755234,0.0010925944661721587,-0.005804755259305239
0.14769795536994934,0.42473170161247253,-0.028149252757430077
-0.15972457826137543,0.40043169260025024,-0.039590928703546524
0.24335694313049316,0.7318676114082336,0.16158272325992584
-0.16693708300590515,0.7248878479003906,0.17884942889213562
0.2587489187717438,0.775159478187561,0.1707422286272049
-0.1663825511932373,0.767995297908783,0.1933276355266571
0.30037620663642883,0.8453477025032043,0.05269142985343933
-0.20958933234214783,0.8370229601860046,0.07467535138130188
-
0.004668854176998138,-0.6243088841438293,-0.17812547087669373
0.014426691457629204,-0.662903904914856,-0.162968248128891
0.01488045509904623,-0.6634212732315063,-0.16242793202400208
0.014822377823293209,-0.6637444496154785,-0.16237673163414001
-0.020171478390693665,-0.6603158116340637,-0.16164550185203552
-0.01991083100438118,-0.660937488079071,-0.1624983251094818
-0.019899100065231323,-0.6619992256164551,-0.16156990826129913
0.06771381944417953,-0.6607214212417603,-0.04394904896616936
-0.0890452116727829,-0.6531731486320496,-0.052693434059619904
0.027255909517407417,-0.6036184430122375,-0.13472513854503632
-0.018114039674401283,-0.5975840091705322,-0.13541404902935028
0.15804629027843475,-0.4690505564212799,0.03556803613901138
-0.16317395865917206,-0.4660298228263855,0.02859935350716114
0.18059055507183075,-0.23585253953933716,-0.0680404007434845
-0.2062380164861679,-0.22007952630519867,-0.05133788660168648
0.25111743807792664,-0.31988784670829773,-0.33570772409439087
-0.2696947753429413,-0.2852709889411926,-0.30862393975257874
0.2536686360836029,-0.32796207070350647,-0.37901875376701355
-0.2755563259124756,-0.287192702293396,-0.3540661036968231
0.2678835093975067,-0.35503026843070984,-0.3952697217464447
-0.29243558645248413,-0.3252564072608948,-0.36519116163253784
0.2529396116733551,-0.33723974227905273,-0.3453872799873352
-0.26704487204551697,-0.30245041847229004,-0.3214026093482971
0.1208178848028183,-0.0017292911652475595,0.006834395695477724
-0.12085285782814026,0.0010524229146540165,-0.006147671490907669
0.14732594788074493,0.4233679473400116,-0.03318306431174278
-0.15618237853050232,0.40025794506073,-0.04054823890328407
0.23190395534038544,0.7394152879714966,0.15729355812072754
-0.16541285812854767,0.7394904494285583,0.13806480169296265
0.2433391958475113,0.7830876111984253,0.16730690002441406
-0.16535812616348267,0.783266544342041,0.14440108835697174
0.2650153934955597,0.8625182509422302,0.04135463014245033
-0.19947892427444458,0.8490514159202576,0.016352524980902672
-
0.010337048210203648,-0.6248782277107239,-0.1537330448627472
0.020154913887381554,-0.6631571054458618,-0.13790252804756165
0.020631486549973488,-0.6636654138565063,-0.13737733662128448
0.020528264343738556,-0.6640048623085022,-0.13718381524085999
-0.01396851520985365,-0.6606470346450806,-0.1366209089756012
-0.013664031401276588,-0.661300778388977,-0.1373906135559082
-0.013692147098481655,-0.66237872838974,-0.1364372819662094
0.07203724980354309,-0.660071611404419,-0.020464150235056877
-0.08194062113761902,-0.6531050205230713,-0.029141832143068314
0.03206329047679901,-0.6038257479667664,-0.11113022267818451
-0.012553649954497814,-0.5981529951095581,-0.11198993772268295
0.15833164751529694,-0.4696127772331238,0.05517495051026344
-0.15630583465099335,-0.46704190969467163,0.04585689678788185
0.18820522725582123,-0.24354246258735657,-0.04945755377411842
-0.20248977839946747,-0.22111453115940094,-0.022435201331973076
0.248088538646698,-0.33778801560401917,-0.308944970369339
-0.26000964641571045,-0.2917415499687195,-0.26493239402770996
0.2468256801366806,-0.3466339111328125,-0.3522138297557831
-0.2618808150291443,-0.2962922751903534,-0.309073805809021
0.2578343152999878,-0.37452608346939087,-0.363262414932251
-0.2789781987667084,-0.33299705386161804,-0.32142624258995056
0.24807056784629822,-0.35493266582489014,-0.3167341649532318
-0.2576790452003479,-0.3085542619228363,-0.2770457863807678
0.11982223391532898,-0.0017583663575351238,0.006938647478818893
-0.11976847797632217,0.0010849235113710165,-0.006239199545234442
0.14603814482688904,0.42210543155670166,-0.03283096104860306
-0.1373923122882843,0.39994537830352783,-0.03923291712999344
0.2223755270242691,0.7536418437957764,0.12707149982452393
-0.14560334384441376,0.750849187374115,0.11620474606752396
0.23267264664173126,0.798133909702301,0.131010040640831
-0.14490726590156555,0.7954645752906799,0.12044480443000793
0.24984359741210938,0.8744886517524719,-0.003925662022083998
-0.16242524981498718,0.8655524849891663,-0.010532516986131668
-
0.011375078931450844,-0.6234415173530579,-0.1266975849866867
0.020943384617567062,-0.6610763669013977,-0.11149681359529495
0.02142881602048874,-0.6615495085716248,-0.11098659783601761
0.02129233442246914,-0.6619176268577576,-0.11066783964633942
-0.012779098935425282,-0.6586909294128418,-0.11004451662302017
-0.012468338944017887,-0.659413754940033,-0.11079049110412598
-0.01253830548375845,-0.6605052947998047,-0.10984975844621658
0.07247928529977798,-0.6568878889083862,0.0019330964423716068
-0.07975464314222336,-0.6511505246162415,-0.006263053975999355
0.032944828271865845,-0.602169394493103,-0.08519081026315689
-0.011179476045072079,-0.5969326496124268,-0.08613181114196777
0.1581006944179535,-0.4693599343299866,0.07166862487792969
-0.1548154652118683,-0.466657429933548,0.061618395149707794
0.1875343769788742,-0.24648340046405792,-0.03226114809513092
-0.2064894735813141,-0.22483417391777039,-0.0033891769126057625
0.23635801672935486,-0.34499233961105347,-0.27250513434410095
-0.26062312722206116,-0.30392545461654663,-0.22915548086166382
0.23350583016872406,-0.3541737496852875,-0.31374186277389526
-0.2594037652015686,-0.31152045726776123,-0.26953256130218506
0.242348313331604,-0.38235795497894287,-0.32093101739883423
-0.27405861020088196,-0.34774622321128845,-0.28032979369163513
0.2351328730583191,-0.361747682094574,-0.2790171504020691
-0.25741949677467346,-0.320740282535553,-0.2394086718559265
0.11875513941049576,-0.0018216590397059917,0.007057507988065481
-0.11864744871854782,0.0011641575256362557,-0.006340936291962862
0.13780757784843445,0.42149078845977783,-0.02485904097557068
-0.12582537531852722,0.40028873085975647,-0.03600319102406502
0.2179839313030243,0.7560220956802368,0.11353900283575058
-0.130622997879982,0.7561199069023132,0.10509651899337769
0.2292952686548233,0.8001566529273987,0.11587865650653839
-0.1297736018896103,0.8009071350097656,0.10895314067602158
0.24757042527198792,0.8684072494506836,-0.01857292652130127
-0.14360637962818146,0.8714373111724854,-0.019429730251431465
-
0.014156227000057697,-0.6232977509498596,-0.12479459494352341
0.0227196104824543,-0.6609827280044556,-0.1083352118730545
0.023228518664836884,-0.6614614129066467,-0.10783367604017258
0.023055244237184525,-0.6618257761001587,-0.10747657716274261
-0.010568507947027683,-0.6585947275161743,-0.10764682292938232
-0.010229802690446377,-0.659306526184082,-0.10842930525541306
-0.010323387570679188,-0.6603997945785522,-0.10748019069433212
0.07270089536905289,-0.655872642993927,0.006018970627337694
-0.07793961465358734,-0.6499385833740234,-0.005205819383263588
0.03513890877366066,-0.6019972562789917,-0.08334054797887802
-0.00841603148728609,-0.5967655777931213,-0.08508497476577759
0.15797217190265656,-0.46905285120010376,0.07238093763589859
-0.15430817008018494,-0.4663541913032532,0.06173978000879288
0.18750272691249847,-0.253677099943161,-0.03306421637535095
-0.21549338102340698,-0.2333146631717682,-0.008196432143449783
0.22995373606681824,-0.3518013656139374,-0.28057926893234253
-0.25878337025642395,-0.3130687475204468,-0.2390056550502777
0.22573864459991455,-0.35918277502059937,-0.32437044382095337
-0.25341713428497314,-0.31949886679649353,-0.2813488245010376
0.23235389590263367,-0.3878836929798126,-0.332773357629776
-0.26445671916007996,-0.3569698631763458,-0.289929062128067
0.22771891951560974,-0.3681110143661499,-0.28769999742507935
-0.25360551476478577,-0.32994818687438965,-0.24853065609931946
0.1179838553071022,-0.0018269902793690562,0.00724991038441658
-0.11783449351787567,0.0011725424556061625,-0.0065108356066048145
0.12902839481830597,0.4230160117149353,-0.01663314364850521
-0.1183277815580368,0.40050208568573,-0.03001611866056919
0.21471476554870605,0.7570977807044983,0.11370645463466644
-0.13041266798973083,0.7585916519165039,0.10934073477983475
0.22724832594394684,0.8010122179985046,0.11620356142520905
-0.13007478415966034,0.8038240075111389,0.11426711082458496
0.24742959439754486,0.8657183647155762,-0.0173373743891716
-0.14507991075515747,0.8732350468635559,-0.012970357201993465
-
0.013899995014071465,-0.6237583756446838,-0.12046635150909424
0.021422497928142548,-0.66107577085495,-0.10345132648944855
0.02196543850004673,-0.661552906036377,-0.10300565510988235
0.021738551557064056,-0.6619330048561096,-0.10258341580629349
-0.011322073638439178,-0.6585000157356262,-0.10196851193904877
-0.010966246016323566,-0.6592146158218384,-0.10279548913240433
-0.01109302043914795,-0.6603164076805115,-0.10183197259902954
0.07121314853429794,-0.6549620628356934,0.007463664282113314
-0.0784224197268486,-0.6461524367332458,0.0007345204357989132
0.03497350960969925,-0.6019223928451538,-0.08082932233810425
-0.008704683743417263,-0.5966203808784485,-0.08124899864196777
0.15727946162223816,-0.46764010190963745,0.06750217825174332
-0.15357916057109833,-0.4621380567550659,0.06343332678079605
0.18287457525730133,-0.2536235451698303,-0.03943939134478569
-0.21671833097934723,-0.23259159922599792,-0.0036721108481287956
0.2160216122865677,-0.34871822595596313,-0.28623831272125244
-0.2574438750743866,-0.3073294460773468,-0.22386929392814636
0.2118377536535263,-0.3552214801311493,-0.3296132981777191
-0.25170159339904785,-0.3120839297771454,-0.2647518813610077
0.21738499402999878,-0.3831518292427063,-0.3371642827987671
-0.26282739639282227,-0.3497510850429535,-0.2720705568790436
0.21362639963626862,-0.36430710554122925,-0.2931975722312927
-0.2520601749420166,-0.323973685503006,-0.23276068270206451
0.11722613871097565,-0.0018311400199308991,0.007216694764792919
-0.11707878112792969,0.0011785284150391817,-0.006465650629252195
0.12579800188541412,0.4233362674713135,-0.018624983727931976
-0.11778014153242111,0.40049102902412415,-0.026641394942998886
0.20826594531536102,0.7607184052467346,0.10656893253326416
-0.12541666626930237,0.7588874101638794,0.1121906265616417
0.22118304669857025,0.8049780130386353,0.1094004437327385
-0.1252433955669403,0.8044947981834412,0.11784251034259796
0.24440816044807434,0.8688524961471558,-0.019825506955385208
-0.146311953663826,0.8725564479827881,-0.007188962772488594
-
0.010870527476072311,-0.624070405960083,-0.13033808767795563
0.016384605318307877,-0.6612902879714966,-0.11319783329963684
0.016950007528066635,-0.6617527008056641,-0.1127714142203331
0.016671091318130493,-0.6621547937393188,-0.11237937211990356
-0.01614515297114849,-0.6584396362304688,-0.11227358132600784
-0.015769585967063904,-0.6591560244560242,-0.11314547061920166
-0.015920480713248253,-0.66026371717453,-0.1122242733836174
0.06410596519708633,-0.6548164486885071,-0.0006461397861130536
-0.08311730623245239,-0.643662691116333,-0.009716098196804523
0.032332342118024826,-0.6019566655158997,-0.09008890390396118
-0.01072425302118063,-0.5965012311935425,-0.09108683466911316
0.15290915966033936,-0.4674147367477417,0.061930786818265915
-0.15467612445354462,-0.45970070362091064,0.054186832159757614
0.1752023696899414,-0.25844788551330566,-0.042691949754953384
-0.2213733196258545,-0.23253291845321655,-0.013581431470811367
0.2086976021528244,-0.3544900119304657,-0.2886761724948883
-0.25156262516975403,-0.3093092441558838,-0.23638246953487396
0.2057061791419983,-0.3607242703437805,-0.33256906270980835
-0.2424008995294571,-0.31435105204582214,-0.2775663137435913
0.21153761446475983,-0.3884698450565338,-0.34016796946525574
-0.25284233689308167,-0.3528374135494232,-0.28459975123405457
0.20674361288547516,-0.3697536289691925,-0.295614629983902
-0.24516284465789795,-0.3263828158378601,-0.24535593390464783
0.11661694198846817,-0.0018521426245570183,0.007590018678456545
-0.11648765206336975,0.0012009654892608523,-0.00682262284681201
0.12312114983797073,0.4224793314933777,-0.0204604584723711
-0.1123642548918724,0.40228062868118286,-0.024365149438381195
0.19491106271743774,0.7606266736984253,0.10395161062479019
-0.12194525450468063,0.7564993500709534,0.11762736737728119
0.20673535764217377,0.8054284453392029,0.10702263563871384
-0.12196861952543259,0.8019741177558899,0.12372095137834549
0.22783006727695465,0.871528685092926,-0.02179328165948391
-0.1398312747478485,0.8697071671485901,-0.0016069236444309354
-
0.010685130953788757,-0.6260428428649902,-0.1331324726343155
0.016216455027461052,-0.662969708442688,-0.11579477041959763
0.016777891665697098,-0.6633869409561157,-0.11538299173116684
0.01648589037358761,-0.6638320684432983,-0.11501358449459076
-0.016278645023703575,-0.6596927046775818,-0.11527855694293976
-0.01590050756931305,-0.6604341268539429,-0.11614488065242767
-0.016063589602708817,-0.6615530848503113,-0.11528215557336807
0.06330400705337524,-0.6546659469604492,-0.0018264813115820289
-0.08353549242019653,-0.643448531627655,-0.013181069865822792
0.03226771578192711,-0.6029771566390991,-0.092392697930336
-0.01086495816707611,-0.5972580909729004,-0.09407883137464523
0.1513933539390564,-0.466714471578598,0.062105942517519
-0.1548466980457306,-0.45951271057128906,0.05051836743950844
0.17390073835849762,-0.2587524652481079,-0.04067100211977959
-0.2193954735994339,-0.23365812003612518,-0.017666660249233246
0.20932242274284363,-0.3611142933368683,-0.278751403093338
-0.2403692752122879,-0.3158051073551178,-0.23645539581775665
0.20664939284324646,-0.36975330114364624,-0.32252469658851624
-0.23177272081375122,-0.32243862748146057,-0.27680814266204834
0.213515505194664,-0.397823303937912,-0.3281841576099396
-0.2432321459054947,-0.35919830203056335,-0.2834671139717102
0.20791363716125488,-0.37697744369506836,-0.2849922776222229
-0.2344408482313156,-0.3325151205062866,-0.24517498910427094
0.11591684818267822,-0.0018567763036116958,0.00827732589095831
-0.11580762267112732,0.0012065484188497066,-0.007487536873668432
0.12319812178611755,0.42215874791145325,-0.018198322504758835
-0.10773053020238876,0.40354183316230774,-0.024995947256684303
0.19243977963924408,0.7574024796485901,0.10588553547859192
-0.12311096489429474,0.7540881633758545,0.12431676685810089
0.20392310619354248,0.8020468950271606,0.10909247398376465
-0.12357330322265625,0.7993232011795044,0.13205404579639435
0.2227235734462738,0.868553876876831,-0.020109092816710472
-0.1407945156097412,0.8686459064483643,0.00897340476512909
-
0.010105153545737267,-0.6271058320999146,-0.13231024146080017
0.015751803293824196,-0.6638990640640259,-0.11468564718961716
0.016311882063746452,-0.6642873287200928,-0.11428622156381607
0.0160022284835577,-0.6647558212280273,-0.11393456906080246
-0.016834350302815437,-0.6606473326683044,-0.11431541293859482
-0.01645122841000557,-0.6614019274711609,-0.11519376188516617
-0.016627490520477295,-0.6625251770019531,-0.11437901854515076
0.06252697110176086,-0.6545358896255493,0.0005607675993815064
-0.08456586301326752,-0.6434891819953918,-0.012142406776547432
0.031343117356300354,-0.6035052537918091,-0.09121709316968918
-0.011688200756907463,-0.5978755950927734,-0.09332141280174255
0.14863884449005127,-0.4661281704902649,0.0634952113032341
-0.15502998232841492,-0.45977091789245605,0.04989177733659744
0.17437320947647095,-0.26175999641418457,-0.04088859260082245
-0.21822169423103333,-0.23965486884117126,-0.021093454211950302
0.20851920545101166,-0.37195226550102234,-0.27326223254203796
-0.23735171556472778,-0.3219802677631378,-0.24182602763175964
0.20480354130268097,-0.3824736475944519,-0.31657862663269043
-0.23003745079040527,-0.32837337255477905,-0.2824961841106415
0.21129755675792694,-0.41108885407447815,-0.3207836449146271
-0.24068942666053772,-0.36334559321403503,-0.2889902889728546
0.20692531764507294,-0.3882215917110443,-0.278786301612854
-0.23136396706104279,-0.3376592993736267,-0.25063836574554443
0.11519385874271393,-0.0018941315356642008,0.008675963617861271
-0.11509407311677933,0.001244059414602816,-0.00787289533764124
0.12354248017072678,0.4215525686740875,-0.0174267441034317
-0.10598558932542801,0.4033401608467102,-0.025286907330155373
0.19214364886283875,0.7551476955413818,0.10671814531087875
-0.12257423251867294,0.7525105476379395,0.1246454194188118
0.2033568024635315,0.7997159361839294,0.10988297313451767
-0.12324747443199158,0.7975935935974121,0.1323891431093216
0.21908918023109436,0.8670255541801453,-0.01940593495965004
-0.13742859661579132,0.8674655556678772,0.009016378782689571
-
0.010469572618603706,-0.6295115947723389,-0.13582199811935425
0.016021063551306725,-0.6662306189537048,-0.11831161379814148
0.016577787697315216,-0.6666112542152405,-0.1179199069738388
0.01626860909163952,-0.6670926809310913,-0.11755435168743134
-0.016560859978199005,-0.6628375053405762,-0.11820624768733978
-0.01618041656911373,-0.6635936498641968,-0.1190878227353096
-0.01634787581861019,-0.6647273302078247,-0.11826565861701965
0.06245842203497887,-0.6552675366401672,-0.0030322549864649773
-0.08457797765731812,-0.6442694664001465,-0.01643918640911579
0.03151598200201988,-0.605367124080658,-0.09465917199850082
-0.011347264982759953,-0.5996790528297424,-0.09695476293563843
0.14830751717090607,-0.46590396761894226,0.06146937981247902
-0.155239999294281,-0.461051344871521,0.047175947576761246
0.17439615726470947,-0.2611764073371887,-0.04019917547702789
-0.21825207769870758,-0.2415168732404709,-0.02322433702647686
0.21085727214813232,-0.36654672026634216,-0.27841252088546753
-0.23647841811180115,-0.32209375500679016,-0.24589908123016357
0.20789311826229095,-0.3756750524044037,-0.32238146662712097
-0.22904883325099945,-0.3275343179702759,-0.28685083985328674
0.21481351554393768,-0.40437793731689453,-0.3286859095096588
-0.23959513008594513,-0.3634689152240753,-0.29417628049850464
0.20940499007701874,-0.38274911046028137,-0.2848178446292877
-0.23021800816059113,-0.3379518687725067,-0.25510409474372864
0.1150127500295639,-0.0019074993906542659,0.00902942568063736
-0.11492367088794708,0.0012558462331071496,-0.008211730979382992
0.12425537407398224,0.4201395511627197,-0.018826588988304138
-0.1062084510922432,0.40317806601524353,-0.02531592547893524
0.1915728896856308,0.7540054321289062,0.10493997484445572
-0.12395447492599487,0.7513715624809265,0.12472137063741684
0.2022915929555893,0.7986675500869751,0.10816659033298492
-0.12448164820671082,0.7963879108428955,0.1323285549879074
0.21556515991687775,0.8676899671554565,-0.02247115969657898
-0.1404855102300644,0.8671004772186279,0.008411351591348648
-
0.011270827613770962,-0.6294015645980835,-0.12876734137535095
0.01728501170873642,-0.6661463379859924,-0.11081892997026443
0.017829785123467445,-0.6665349006652832,-0.11045421659946442
0.01751592382788658,-0.6670111417770386,-0.11003859341144562
-0.015532215125858784,-0.6627457737922668,-0.11091845482587814
-0.015160860493779182,-0.6634994745254517,-0.11178611218929291
-0.015319852158427238,-0.6646350026130676,-0.11096780002117157
0.06354223936796188,-0.6547648310661316,0.006134451366961002
-0.08410926908254623,-0.6441707015037537,-0.008808597922325134
0.032106418162584305,-0.6052320003509521,-0.08705637603998184
-0.010843483731150627,-0.5996211767196655,-0.08980710804462433
0.1483663022518158,-0.46481040120124817,0.07146105170249939
-0.15509364008903503,-0.461404025554657,0.05238272622227669
0.17913606762886047,-0.26248106360435486,-0.02896273322403431
-0.2203090935945511,-0.2475225329399109,-0.018437977880239487
0.21818093955516815,-0.36860713362693787,-0.26305317878723145
-0.23823823034763336,-0.324402391910553,-0.2371489554643631
0.21555420756340027,-0.37815040349960327,-0.30804839730262756
-0.23219308257102966,-0.3292066752910614,-0.27847224473953247
0.22113393247127533,-0.4075123965740204,-0.3140576183795929
-0.24382416903972626,-0.36450085043907166,-0.2858830690383911
0.21635647118091583,-0.38489004969596863,-0.2697560787200928
-0.23278523981571198,-0.3396762013435364,-0.24635803699493408
0.11462090164422989,-0.0019114481983706355,0.009492763318121433
-0.11454271525144577,0.0012604122748598456,-0.008671890012919903
0.12471983581781387,0.41990867257118225,-0.01853911019861698
-0.10658470541238785,0.40339329838752747,-0.025462714955210686
0.19315627217292786,0.7555181980133057,0.10341139882802963
-0.12475471198558807,0.7544947266578674,0.11605589836835861
0.2041400521993637,0.8005281090736389,0.10669940710067749
-0.12615105509757996,0.7999253869056702,0.12262214720249176
0.21910607814788818,0.8674182891845703,-0.024727532640099525
-0.14243760704994202,0.866052508354187,-0.004566898103803396
-
0.011190512217581272,-0.6292649507522583,-0.13174757361412048
0.017386939376592636,-0.6658959984779358,-0.11381925642490387
0.017932983115315437,-0.6662753820419312,-0.11344660818576813
0.017619745805859566,-0.6667603850364685,-0.11303544044494629
-0.015485703013837337,-0.6626355051994324,-0.11370180547237396
-0.015113841742277145,-0.6633881330490112,-0.11457642912864685
-0.015268807299435139,-0.6645238399505615,-0.11375483125448227
0.06389473378658295,-0.6534879803657532,0.0028588883578777313
-0.0839451476931572,-0.6439711451530457,-0.01096954382956028
0.03206721320748329,-0.6048623919487,-0.0901552140712738
-0.010898573324084282,-0.5994797945022583,-0.09257053583860397
0.14829879999160767,-0.4622442126274109,0.06860167533159256
-0.15521135926246643,-0.4613617956638336,0.05126580595970154
0.18033091723918915,-0.2623419463634491,-0.0320080891251564
-0.22120419144630432,-0.24723604321479797,-0.019506365060806274
0.2187563180923462,-0.36962729692459106,-0.2691571116447449
-0.23971456289291382,-0.3238001763820648,-0.24004319310188293
0.21646377444267273,-0.3799492418766022,-0.313676118850708
-0.23452340066432953,-0.32915401458740234,-0.2817856967449188
0.22243165969848633,-0.41001686453819275,-0.3210296034812927
-0.24641358852386475,-0.3650457262992859,-0.2893173396587372
0.21710403263568878,-0.38627955317497253,-0.2761716842651367
-0.23462872207164764,-0.33934441208839417,-0.24937666952610016
0.11448820680379868,-0.0019217132357880473,0.009616716764867306
-0.11441213637590408,0.0012691619340330362,-0.008790774270892143
0.12514068186283112,0.41975709795951843,-0.018850980326533318
-0.1077982559800148,0.40349555015563965,-0.025881605222821236
0.19484484195709229,0.7547008991241455,0.1035221591591835
-0.12558168172836304,0.7540790438652039,0.11605660617351532
0.20605210959911346,0.79965740442276,0.10679445415735245
-0.1268485188484192,0.7994799017906189,0.12271159887313843
0.22147218883037567,0.8669714331626892,-0.024043874815106392
-0.14266251027584076,0.8649739623069763,-0.00476995762437582
-
0.012018047273159027,-0.6295897960662842,-0.15137982368469238
0.018963566049933434,-0.6661721467971802,-0.13388757407665253
0.01952311210334301,-0.6665753722190857,-0.13352350890636444
0.019198697060346603,-0.6670596599578857,-0.1331212967634201
-0.014028431847691536,-0.6632097363471985,-0.133724182844162
-0.013649513013660908,-0.6639543771743774,-0.13460707664489746
-0.013788897544145584,-0.6651104688644409,-0.13372503221035004
0.06581582129001617,-0.6535671353340149,-0.015316194854676723
-0.08239801973104477,-0.6457171440124512,-0.029607627540826797
0.03276871144771576,-0.6051763296127319,-0.1084999144077301
-0.010305728763341904,-0.6002381443977356,-0.11093638837337494
0.1486067920923233,-0.4621824324131012,0.060375455766916275
-0.15465620160102844,-0.46355241537094116,0.03523161634802818
0.18287359178066254,-0.2604651153087616,-0.04020125791430473
-0.21672889590263367,-0.24696998298168182,-0.03776327893137932
0.22257864475250244,-0.3687671422958374,-0.28989481925964355
-0.23810547590255737,-0.32226306200027466,-0.2680639624595642
0.21922451257705688,-0.38037237524986267,-0.33481505513191223
-0.23302558064460754,-0.3274305462837219,-0.313125342130661
0.2273665815591812,-0.4111782908439636,-0.34150537848472595
-0.24481482803821564,-0.36346009373664856,-0.32066094875335693
0.22144699096679688,-0.38602715730667114,-0.29714617133140564
-0.23298615217208862,-0.3378322124481201,-0.2779556214809418
0.11449451744556427,-0.0019630389288067818,0.010533113963901997
-0.11441773176193237,0.001301551703363657,-0.009671571664512157
0.13254737854003906,0.41797587275505066,-0.019455179572105408
-0.10852164030075073,0.40485674142837524,-0.027421031147241592
0.20528550446033478,0.7541990280151367,0.10016882419586182
-0.12571373581886292,0.7558082938194275,0.1143021434545517
0.21713820099830627,0.7991617918014526,0.10336228460073471
-0.1268555372953415,0.8011345267295837,0.12086587399244308
0.24122579395771027,0.8668122887611389,-0.025462361052632332
-0.14252904057502747,0.866929829120636,-0.005701371468603611
-
0.013657021336257458,-0.6272221207618713,-0.14261609315872192
0.02120729722082615,-0.6636717319488525,-0.12488564103841782
0.021753864362835884,-0.6640884876251221,-0.12455004453659058
0.02142409421503544,-0.6645582318305969,-0.12409661710262299
-0.011699163354933262,-0.6609203815460205,-0.12473349273204803
-0.011328143998980522,-0.6616644859313965,-0.12558001279830933
-0.011469022370874882,-0.6628412008285522,-0.12467794865369797
0.06842182576656342,-0.6514225006103516,-0.007275140844285488
-0.0798330307006836,-0.6446042060852051,-0.0210223700851202
0.03441300615668297,-0.6030392646789551,-0.10006526112556458
-0.008609455078840256,-0.5984771847724915,-0.10255694389343262
0.1500909924507141,-0.4612724483013153,0.06634584069252014
-0.15228527784347534,-0.46296459436416626,0.04409097507596016
0.18709298968315125,-0.2584438920021057,-0.030215632170438766
-0.20968803763389587,-0.24217763543128967,-0.02721031755208969
0.23334141075611115,-0.3674895763397217,-0.26678064465522766
-0.2386268526315689,-0.32200077176094055,-0.2577384412288666
0.23222820460796356,-0.3781878352165222,-0.3087257444858551
-0.23409593105316162,-0.3262205123901367,-0.30199459195137024
0.24223466217517853,-0.40863946080207825,-0.315626859664917
-0.24611881375312805,-0.3622884452342987,-0.30974072217941284
0.23341116309165955,-0.38444575667381287,-0.27400919795036316
-0.2337988168001175,-0.33733585476875305,-0.26774686574935913
0.11448606103658676,-0.0019779738504439592,0.010508982464671135
-0.11441110074520111,0.0013149577425792813,-0.00964649859815836
0.13470584154129028,0.4177178144454956,-0.015662716701626778
-0.10920426994562149,0.4035438299179077,-0.03215300291776657
0.20963768661022186,0.7583814859390259,0.10029319673776627
-0.12229346483945847,0.7570445537567139,0.09819166362285614
0.22145135700702667,0.8037815690040588,0.10369706898927689
-0.12270469963550568,0.8025040030479431,0.10371440649032593
0.24232792854309082,0.8690676093101501,-0.025699060410261154
-0.13630816340446472,0.8680000305175781,-0.028031449764966965
-
0.009628629311919212,-0.6273065805435181,-0.14303985238075256
0.01755797676742077,-0.6637917160987854,-0.12525171041488647
0.018127702176570892,-0.6642207503318787,-0.12491843104362488
0.01776520162820816,-0.6646963953971863,-0.12446032464504242
-0.01545877568423748,-0.6610623002052307,-0.12509457767009735
-0.015102001838386059,-0.6618053317070007,-0.12594103813171387
-0.015247531235218048,-0.6629928350448608,-0.12504296004772186
0.06553623825311661,-0.6514600515365601,-0.007717005908489227
-0.08301210403442383,-0.6447963118553162,-0.021446844562888145
0.030720900744199753,-0.6031586527824402,-0.10057088732719421
-0.012536781840026379,-0.598701536655426,-0.10299678146839142
0.14832435548305511,-0.46153461933135986,0.06509432196617126
-0.15341129899024963,-0.4634203016757965,0.04262179508805275
0.18923015892505646,-0.26523905992507935,-0.03191250190138817
-0.2087208479642868,-0.2465992569923401,-0.02921534702181816
0.23509305715560913,-0.37480151653289795,-0.26700881123542786
-0.24099630117416382,-0.3212648332118988,-0.25877609848976135
0.23387770354747772,-0.3856085538864136,-0.3092421293258667
-0.2404962033033371,-0.32379111647605896,-0.3031049370765686
0.24297451972961426,-0.41728371381759644,-0.3157750368118286
-0.2501586973667145,-0.3571934998035431,-0.3118515610694885
0.23470443487167358,-0.3916996717453003,-0.2744154930114746
-0.2363104224205017,-0.33480602502822876,-0.26945972442626953
0.11445891857147217,-0.001999250613152981,0.010803211480379105
-0.11438363790512085,0.001333612366579473,-0.009892565198242664
0.13467253744602203,0.41749992966651917,-0.016237815842032433
-0.11170265823602676,0.4054016172885895,-0.031462181359529495
0.20961250364780426,0.7604098320007324,0.09279222786426544
-0.1259121298789978,0.7565922737121582,0.11233671009540558
0.22143231332302094,0.8063639998435974,0.09596449136734009
-0.12674102187156677,0.8020088076591492,0.1203937977552414
0.2428462952375412,0.8725987672805786,-0.030740609392523766
-0.14586511254310608,0.8675634264945984,-0.0016676799859851599
-
0.0012156228767707944,-0.6358127593994141,-0.17234887182712555
0.009299013763666153,-0.6725892424583435,-0.15390299260616302
0.009919078089296818,-0.6731514930725098,-0.15360377728939056
0.009508080780506134,-0.6736074090003967,-0.15317519009113312
-0.023592574521899223,-0.6700124144554138,-0.15273143351078033
-0.02326321415603161,-0.6706244945526123,-0.15365126729011536
-0.023378148674964905,-0.6718852519989014,-0.15273521840572357
0.06063074618577957,-0.6586978435516357,-0.038815245032310486
-0.08800339698791504,-0.6531480550765991,-0.04776807501912117
0.02366214245557785,-0.6113572716712952,-0.13124096393585205
-0.019798461347818375,-0.6073068976402283,-0.1318422257900238
0.14622613787651062,-0.4645878076553345,0.02679101563990116
-0.16034148633480072,-0.46882009506225586,0.016543839126825333
0.1851574033498764,-0.26599177718162537,-0.07160122692584991
-0.21779921650886536,-0.2521257698535919,-0.05726056545972824
0.2349541336297989,-0.3744020462036133,-0.31061264872550964
-0.2487560510635376,-0.3205481767654419,-0.28739675879478455
0.23411615192890167,-0.38311365246772766,-0.3520737588405609
-0.24753114581108093,-0.31933826208114624,-0.3303214907646179
0.243424192070961,-0.41387128829956055,-0.3607043921947479
-0.25380951166152954,-0.35305264592170715,-0.3402499556541443
0.23458382487297058,-0.39038607478141785,-0.3190470337867737
-0.2420898675918579,-0.33319348096847534,-0.2985380291938782
0.11464434862136841,-0.0020030501764267683,0.010591259226202965
-0.11458514630794525,0.001332686049863696,-0.009653874672949314
0.1342613697052002,0.4172554016113281,-0.016648991033434868
-0.12864814698696136,0.4020644724369049,-0.020864691585302353
0.20750437676906586,0.7502041459083557,0.10464891791343689
-0.12768372893333435,0.7424134016036987,0.15141095221042633
0.21955841779708862,0.7954773902893066,0.10972374677658081
-0.1280706226825714,0.7878182530403137,0.1618211269378662
0.2437664419412613,0.8669187426567078,-0.010759014636278152
-0.15512923896312714,0.8558750748634338,0.04734387621283531
-
0.001018403796479106,-0.6445692777633667,-0.24379518628120422
0.009081792086362839,-0.6814172863960266,-0.22456753253936768
0.009692633524537086,-0.6821150183677673,-0.22415195405483246
0.009299428202211857,-0.6825090050697327,-0.22388024628162384
-0.023762570694088936,-0.6797192692756653,-0.22465550899505615
-0.02345157414674759,-0.6802173852920532,-0.22566445171833038
-0.02353113517165184,-0.681502640247345,-0.22448447346687317
0.06019296124577522,-0.6645375490188599,-0.10696869343519211
-0.08849958330392838,-0.6623013615608215,-0.12023865431547165
0.023143213242292404,-0.6190306544303894,-0.20197667181491852
-0.020351288840174675,-0.6158649325370789,-0.2037075310945511
0.14452366530895233,-0.4660581052303314,-0.0393734872341156
-0.16559115052223206,-0.4714220464229584,-0.04597141966223717
0.17616577446460724,-0.26489198207855225,-0.14021271467208862
-0.21870571374893188,-0.25144845247268677,-0.1223849430680275
0.23485349118709564,-0.361825168132782,-0.399291068315506
-0.25331223011016846,-0.3198055326938629,-0.36167412996292114
0.23478081822395325,-0.3676680624485016,-0.44172850251197815
-0.25292083621025085,-0.31912216544151306,-0.4037506580352783
0.24603056907653809,-0.39485645294189453,-0.45354729890823364
-0.2611226439476013,-0.352940171957016,-0.415730744600296
0.23466192185878754,-0.3766336441040039,-0.4090558886528015
-0.24715737998485565,-0.3326874375343323,-0.3736553192138672
0.11504155397415161,-0.0020291663240641356,0.009636368602514267
-0.11500240117311478,0.0013495143502950668,-0.008709952235221863
0.13486413657665253,0.4123365879058838,-0.017337219789624214
-0.137900710105896,0.4007897973060608,0.02232430689036846
0.2075078785419464,0.713015079498291,0.13509075343608856
-0.13314366340637207,0.720105767250061,0.24349918961524963
0.21968287229537964,0.7553483843803406,0.1442946344614029
-0.13403160870075226,0.7642526030540466,0.2581477165222168
0.25693026185035706,0.8361636400222778,0.037207942456007004
-0.17650876939296722,0.8350367546081543,0.15901222825050354
-
-0.004590100143104792,-0.6481034755706787,-0.2653350234031677
0.003193628042936325,-0.6853641271591187,-0.24704283475875854
0.003779345192015171,-0.6860858798027039,-0.24658234417438507
0.0034413770772516727,-0.6864914298057556,-0.24632693827152252
-0.02961834706366062,-0.6832614541053772,-0.2452360987663269
-0.029330916702747345,-0.6838127374649048,-0.24622893333435059
-0.029338916763663292,-0.6850987076759338,-0.24498923122882843
0.05789250135421753,-0.6683650016784668,-0.13182635605335236
-0.09103308618068695,-0.6649836301803589,-0.13539355993270874
0.01924430951476097,-0.6225199699401855,-0.22450141608715057
-0.024383775889873505,-0.6188797354698181,-0.22324681282043457
0.14449061453342438,-0.46660780906677246,-0.06154699623584747
-0.16798603534698486,-0.47228890657424927,-0.05733998864889145
0.17114023864269257,-0.25748568773269653,-0.16600874066352844
-0.22169607877731323,-0.2506027817726135,-0.13103464245796204
0.23486506938934326,-0.3500598669052124,-0.43039003014564514
-0.2698099911212921,-0.31921279430389404,-0.37557923793792725
0.23658090829849243,-0.358812540769577,-0.4745270013809204
-0.2727945148944855,-0.31889772415161133,-0.41972652077674866
0.251277357339859,-0.38504528999328613,-0.4863582253456116
-0.284314900636673,-0.35284343361854553,-0.4324972629547119
0.23571988940238953,-0.3654369115829468,-0.44027280807495117
-0.26558059453964233,-0.33235353231430054,-0.38841909170150757
0.1156693622469902,-0.0020296683069318533,0.007327159866690636
-0.1156545877456665,0.0013445119839161634,-0.006419402547180653
0.1349564641714096,0.41182494163513184,-0.017562363296747208
-0.14955583214759827,0.40078216791152954,0.014638008549809456
0.20997923612594604,0.7016193866729736,0.16389033198356628
-0.1356656402349472,0.7074127793312073,0.24944832921028137
0.22393588721752167,0.7433879375457764,0.17579962313175201
-0.13602054119110107,0.7502554059028625,0.266306608915329
0.272800087928772,0.8217745423316956,0.07311511784791946
-0.1861274391412735,0.824176013469696,0.1736559122800827
-
-0.007426264695823193,-0.6471132040023804,-0.28719815611839294
-0.00028792768716812134,-0.6844867467880249,-0.269896924495697
0.0002700907934922725,-0.6851938962936401,-0.2693982422351837
-1.3176716493035201e-05,-0.6856088638305664,-0.26917532086372375
-0.03312375023961067,-0.6821847558021545,-0.26804518699645996
-0.0328512117266655,-0.6827659010887146,-0.26902371644973755
-0.0328364297747612,-0.6840464472770691,-0.2677765488624573
0.05531798675656319,-0.6680113673210144,-0.15476542711257935
-0.09383060038089752,-0.6639295220375061,-0.15825149416923523
0.016933171078562737,-0.621682345867157,-0.24610237777233124
-0.026742098852992058,-0.6178306341171265,-0.24483655393123627
0.14439915120601654,-0.4665065407752991,-0.07701481878757477
-0.17038671672344208,-0.47214365005493164,-0.07661814987659454
0.17020879685878754,-0.24941062927246094,-0.18507739901542664
-0.22401802241802216,-0.24868208169937134,-0.1482037901878357
0.2336646467447281,-0.34467387199401855,-0.45314696431159973
-0.2821737825870514,-0.30567359924316406,-0.3927294909954071
0.23594672977924347,-0.35464397072792053,-0.4983794093132019
-0.2869444191455841,-0.3032507598400116,-0.4368041455745697
0.2508566975593567,-0.3805730640888214,-0.5082998871803284
-0.29987484216690063,-0.3351370394229889,-0.4513278603553772
0.2350122481584549,-0.3604068160057068,-0.46215617656707764
-0.2788354754447937,-0.3181171715259552,-0.4060831367969513
0.11624812334775925,-0.0021374335046857595,0.007198183331638575
-0.11625427007675171,0.0014393823221325874,-0.006300460081547499
0.13577373325824738,0.411131888628006,-0.016294056549668312
-0.15637101233005524,0.40045589208602905,0.009546436369419098
0.2111223340034485,0.698354184627533,0.17365732789039612
-0.1400747001171112,0.7023773789405823,0.23674486577510834
0.2259669154882431,0.7402738332748413,0.18518505990505219
-0.13956491649150848,0.7448514699935913,0.25228023529052734
0.28260767459869385,0.8155417442321777,0.07990116626024246
-0.18892046809196472,0.8220570087432861,0.15415236353874207
-
-0.007247591856867075,-0.6479544043540955,-0.2842007875442505
-0.0002540556888561696,-0.6853225827217102,-0.2661421597003937
0.0002932508650701493,-0.6860605478286743,-0.265600323677063
3.468443173915148e-05,-0.6864570379257202,-0.2654445171356201
-0.033098794519901276,-0.6829286217689514,-0.2650498151779175
-0.03282664716243744,-0.6835376024246216,-0.2659927308559418
-0.03280501440167427,-0.6848312020301819,-0.2647922933101654
0.054896388202905655,-0.6685220003128052,-0.15110567212104797
-0.09445691108703613,-0.6639987230300903,-0.15778939425945282
0.01689504273235798,-0.622306764125824,-0.24331125617027283
-0.026821359992027283,-0.6181899309158325,-0.24277059733867645
0.14422725141048431,-0.466609925031662,-0.07445518672466278
-0.1724861115217209,-0.4720463454723358,-0.07794506847858429
0.17049752175807953,-0.2480226755142212,-0.18573598563671112
-0.2254326343536377,-0.2457609474658966,-0.15110407769680023
0.2371949851512909,-0.34189435839653015,-0.4591779410839081
-0.28209206461906433,-0.3015306890010834,-0.39475885033607483
0.2414255142211914,-0.3514234721660614,-0.5050145387649536
-0.28581610321998596,-0.29980066418647766,-0.43721911311149597
0.25566574931144714,-0.3773609697818756,-0.5147668719291687
-0.29936742782592773,-0.33178943395614624,-0.45082011818885803
0.2388981282711029,-0.3575761616230011,-0.46818602085113525
-0.2788040339946747,-0.3142853379249573,-0.40743288397789
0.11677545309066772,-0.0023866603150963783,0.006804805714637041
-0.11676915735006332,0.0016923662042245269,-0.005903797689825296
0.1357753872871399,0.4040028750896454,-0.03472455218434334
-0.16277311742305756,0.40074577927589417,0.003415958723053336
0.2113565355539322,0.6781303882598877,0.16309358179569244
-0.14119158685207367,0.6838538646697998,0.24759972095489502
0.22638043761253357,0.7190312147140503,0.1736716777086258
-0.14008228480815887,0.723871111869812,0.2667650580406189
0.2807048559188843,0.796822726726532,0.06766656786203384
-0.1883922815322876,0.8064959645271301,0.1832178235054016
-
-0.005683001130819321,-0.6513265371322632,-0.26894083619117737
0.0008069775067269802,-0.6884589195251465,-0.2505128085613251
0.0013488165568560362,-0.6892196536064148,-0.24999041855335236
0.0011107417521998286,-0.6895999908447266,-0.24982137978076935
-0.03201586753129959,-0.685707151889801,-0.24940000474452972
-0.03175931051373482,-0.6863217353820801,-0.250345915555954
-0.031708765774965286,-0.6876260042190552,-0.2491794377565384
0.05621723085641861,-0.6709910035133362,-0.1357305645942688
-0.0934680625796318,-0.6650213599205017,-0.14270123839378357
0.018838191404938698,-0.6254385709762573,-0.2283370941877365
-0.024951530620455742,-0.6206321120262146,-0.22793813049793243
0.1472010463476181,-0.467195063829422,-0.06470037996768951
-0.17224310338497162,-0.4718678295612335,-0.06549365818500519
0.17624640464782715,-0.2478618323802948,-0.18000730872154236
-0.2252625972032547,-0.245571106672287,-0.13846175372600555
0.24173326790332794,-0.3423643708229065,-0.45264241099357605
-0.28373080492019653,-0.3017244040966034,-0.3803790509700775
0.2460019290447235,-0.3518947660923004,-0.4969729781150818
-0.2883712947368622,-0.3003306984901428,-0.4217292368412018
0.25950655341148376,-0.37810835242271423,-0.5064387321472168
-0.3032253384590149,-0.3328097462654114,-0.43533802032470703
0.24353766441345215,-0.35811078548431396,-0.46099111437797546
-0.2812251150608063,-0.3146297037601471,-0.39311209321022034
0.11737460643053055,-0.002512304112315178,0.005503789056092501
-0.11736305058002472,0.0018185925437137485,-0.00458509149029851
0.1359398365020752,0.4029509723186493,-0.04788406193256378
-0.1652885526418686,0.40135106444358826,0.0006622732034884393
0.2219141274690628,0.6760873794555664,0.1551751345396042
-0.14230811595916748,0.6845822930335999,0.24262091517448425
0.23848076164722443,0.716697096824646,0.1685352474451065
-0.14088074862957,0.7247946262359619,0.26107579469680786
0.28825637698173523,0.7935255765914917,0.06093364581465721
-0.19211158156394958,0.8038012385368347,0.17561516165733337
-
-0.005376199260354042,-0.6502235531806946,-0.27044877409935
0.001064295880496502,-0.6877280473709106,-0.25277820229530334
0.001605750061571598,-0.688511312007904,-0.25223881006240845
0.001369623700156808,-0.688893735408783,-0.2520708739757538
-0.03176457807421684,-0.6846529245376587,-0.2517958879470825
-0.03150315582752228,-0.6852861642837524,-0.25273603200912476
-0.03145920857787132,-0.6866076588630676,-0.25154367089271545
0.055869489908218384,-0.6705873012542725,-0.13772760331630707
-0.09410681575536728,-0.6646984815597534,-0.14511588215827942
0.019004208967089653,-0.6251788139343262,-0.22924435138702393
-0.024767501279711723,-0.6197417378425598,-0.22902166843414307
0.1473168581724167,-0.4676087200641632,-0.06312984973192215
-0.17212101817131042,-0.47110515832901,-0.06397596746683121
0.1772688925266266,-0.24742721021175385,-0.1773674339056015
-0.22520610690116882,-0.2419188916683197,-0.1376357227563858
0.24154511094093323,-0.3427092730998993,-0.44986411929130554
-0.2840941846370697,-0.30355826020240784,-0.38296985626220703
0.24551738798618317,-0.35217610001564026,-0.4933503270149231
-0.2884558439254761,-0.3061729371547699,-0.4238697290420532
0.25880247354507446,-0.37865957617759705,-0.5041823983192444
-0.30444449186325073,-0.3390423655509949,-0.43594416975975037
0.24331983923912048,-0.3585270941257477,-0.4581884741783142
-0.2820097506046295,-0.31765973567962646,-0.3950514495372772
0.11775317043066025,-0.0025309999473392963,0.0050028241239488125
-0.11772534251213074,0.0018352644983679056,-0.004067466128617525
0.13526467978954315,0.4031788110733032,-0.048828259110450745
-0.16668611764907837,0.4013665020465851,-0.0048964424058794975
0.2229216992855072,0.678377628326416,0.15333087742328644
-0.14416007697582245,0.687164306640625,0.23195531964302063
0.2397584617137909,0.7187488675117493,0.16501407325267792
-0.1425422877073288,0.7277068495750427,0.24870163202285767
0.2904566526412964,0.7919146418571472,0.054130055010318756
-0.19631382822990417,0.8045673370361328,0.15719588100910187
-
-0.004252154380083084,-0.6497434973716736,-0.2630522847175598
0.0015860379207879305,-0.6875240206718445,-0.2454804927110672
0.0021293419413268566,-0.6883147358894348,-0.24495206773281097
0.0019023633794859052,-0.6887010335922241,-0.244768425822258
-0.031226610764861107,-0.6842077374458313,-0.24459269642829895
-0.03095603547990322,-0.6848520636558533,-0.24552206695079803
-0.030913449823856354,-0.6861710548400879,-0.24435915052890778
0.05592697858810425,-0.6707767844200134,-0.12996980547904968
-0.09402770549058914,-0.6642904877662659,-0.13803692162036896
0.019987022504210472,-0.624692440032959,-0.2216096669435501
-0.023839842528104782,-0.6195799112319946,-0.2216312438249588
0.147609680891037,-0.46972140669822693,-0.055614128708839417
-0.17150546610355377,-0.47111281752586365,-0.058677781373262405
0.1775864064693451,-0.24772149324417114,-0.1672120988368988
-0.22433745861053467,-0.241607204079628,-0.13390448689460754
0.241428405046463,-0.34313535690307617,-0.435415118932724
-0.28313758969306946,-0.30568668246269226,-0.3785773813724518
0.24527370929718018,-0.35316193103790283,-0.478746622800827
-0.2867690622806549,-0.3100992739200592,-0.4196552336215973
0.25858578085899353,-0.3788765072822571,-0.4896825850009918
-0.3019581735134125,-0.3432096838951111,-0.4304083287715912
0.2433006763458252,-0.3589613437652588,-0.4438525438308716
-0.28060629963874817,-0.32051482796669006,-0.3901394009590149
0.11800608038902283,-0.002538220025599003,0.00513298949226737
-0.11796402931213379,0.0018399485852569342,-0.00419037789106369
0.13523349165916443,0.4054497182369232,-0.0469522625207901
-0.16485819220542908,0.40190771222114563,-0.016067756339907646
0.225363090634346,0.6820322275161743,0.15220554172992706
-0.14465761184692383,0.689349889755249,0.226201593875885
0.2422659695148468,0.7225756645202637,0.16361203789710999
-0.14303413033485413,0.7300937175750732,0.2419327050447464
0.29220637679100037,0.7967069745063782,0.05426739156246185
-0.1946674883365631,0.8070732355117798,0.14702662825584412
-
-0.0029720296151936054,-0.641355037689209,-0.2614886462688446
0.0028577023185789585,-0.6791881918907166,-0.24283497035503387
0.0034217291977256536,-0.6799220442771912,-0.2423347532749176
0.003212478244677186,-0.6803305745124817,-0.24212826788425446
-0.029919549822807312,-0.6762872338294983,-0.24189570546150208
-0.029643356800079346,-0.6769262552261353,-0.24280622601509094
-0.029593544080853462,-0.6782081127166748,-0.2416943460702896
0.05636958032846451,-0.6682863235473633,-0.1276678442955017
-0.0937117487192154,-0.6614896059036255,-0.1352584958076477
0.020805196836590767,-0.6187447309494019,-0.22090786695480347
-0.023044347763061523,-0.6133568286895752,-0.22069695591926575
0.14773422479629517,-0.4700956344604492,-0.04913654550909996
-0.1710546612739563,-0.47046178579330444,-0.05824873968958855
0.18331030011177063,-0.25580260157585144,-0.1646774262189865
-0.22457772493362427,-0.24049276113510132,-0.13056699931621552
0.2426326423883438,-0.3461246192455292,-0.4281482696533203
-0.27190425992012024,-0.3057304322719574,-0.37370362877845764
0.24535585939884186,-0.355193167924881,-0.4722575843334198
-0.2688056528568268,-0.3101564049720764,-0.41514986753463745
0.25823134183883667,-0.3797226548194885,-0.48220089077949524
-0.28295210003852844,-0.3440466821193695,-0.4294668734073639
0.2440570741891861,-0.36140358448028564,-0.4366181194782257
-0.267753928899765,-0.32093918323516846,-0.3863391578197479
0.11818989366292953,-0.0025110698770731688,0.00561375031247735
-0.11814132332801819,0.0018097491702064872,-0.00467296876013279
0.134529247879982,0.4139288067817688,-0.04516790807247162
-0.16400837898254395,0.4039403200149536,-0.02488505281507969
0.22726279497146606,0.6897816061973572,0.1504376232624054
-0.14580392837524414,0.6915467381477356,0.2227984070777893
0.24416598677635193,0.7300928235054016,0.16140995919704437
-0.14417245984077454,0.7327162623405457,0.23800817131996155
0.2935974597930908,0.8073734641075134,0.05162156745791435
-0.19343864917755127,0.8078413009643555,0.14156748354434967
-
-0.002761481562629342,-0.6395021677017212,-0.2552720606327057
0.0035558396484702826,-0.6772049069404602,-0.2377190738916397
0.004125344101339579,-0.6779175400733948,-0.2371683120727539
0.003939204849302769,-0.6783156991004944,-0.23702751100063324
-0.029268745332956314,-0.6745403409004211,-0.23563264310359955
-0.028984416276216507,-0.675207793712616,-0.23655100166797638
-0.028935519978404045,-0.6764693260192871,-0.23546387255191803
0.05799950659275055,-0.667191207408905,-0.12387673556804657
-0.09218798577785492,-0.6606794595718384,-0.1264684945344925
0.021125001832842827,-0.6169828772544861,-0.21515250205993652
-0.022761724889278412,-0.6116783618927002,-0.21354329586029053
0.15071037411689758,-0.47005975246429443,-0.03721839189529419
-0.16938821971416473,-0.4702775776386261,-0.05025894567370415
0.2038923054933548,-0.259163498878479,-0.1526784747838974
-0.22436265647411346,-0.2405005842447281,-0.12549272179603577
0.2522754371166229,-0.3474869132041931,-0.42395132780075073
-0.2671384811401367,-0.3060370981693268,-0.3714393675327301
0.2506042420864105,-0.35652613639831543,-0.4670403301715851
-0.2635253965854645,-0.3103756606578827,-0.4120118319988251
0.2615930140018463,-0.3814868628978729,-0.478596955537796
-0.27647659182548523,-0.3448476195335388,-0.427389532327652
0.2517766058444977,-0.3628999888896942,-0.4318651258945465
-0.2623763084411621,-0.32156601548194885,-0.38468286395072937
0.11826738715171814,-0.0024663060903549194,0.006425165571272373
-0.1182151585817337,0.00176021468359977,-0.005490154959261417
0.13460515439510345,0.41679930686950684,-0.03417991101741791
-0.1623363047838211,0.40456661581993103,-0.026978373527526855
0.22865304350852966,0.7053354382514954,0.14941520988941193
-0.1456518918275833,0.695709228515625,0.21365422010421753
0.24537897109985352,0.7467965483665466,0.15990306437015533
-0.14398586750030518,0.7367984652519226,0.2281542867422104
0.2951109707355499,0.8178861141204834,0.050414856523275375
-0.18905942142009735,0.8128195405006409,0.1228593960404396
-
0.007047948427498341,-0.6383092999458313,-0.23137006163597107
0.01592160575091839,-0.6755626797676086,-0.21373775601387024
0.01649169996380806,-0.6762550473213196,-0.213152214884758
0.01634603925049305,-0.6766415238380432,-0.21302716434001923
-0.017280733212828636,-0.6736699342727661,-0.2127462476491928
-0.01697426661849022,-0.6743454933166504,-0.2136535942554474
-0.016960281878709793,-0.6755861639976501,-0.21258869767189026
0.06763210147619247,-0.6647934317588806,-0.09661358594894409
-0.08353368192911148,-0.6605450510978699,-0.10545329749584198
0.028530647978186607,-0.6153407096862793,-0.1899220049381256
-0.015560692176222801,-0.6108077168464661,-0.1904582530260086
0.15308000147342682,-0.4688681662082672,-0.015271118842065334
-0.16578282415866852,-0.47032830119132996,-0.029120367020368576
0.21063680946826935,-0.26007500290870667,-0.12788118422031403
-0.22295664250850677,-0.24139532446861267,-0.11147523671388626
0.25609487295150757,-0.3545341491699219,-0.3967517614364624
-0.26348254084587097,-0.3134364187717438,-0.3652009069919586
0.252248078584671,-0.3656333386898041,-0.4382219612598419
-0.2603425979614258,-0.3198421895503998,-0.40866586565971375
0.2625628709793091,-0.3919481635093689,-0.4509791433811188
-0.27215877175331116,-0.35570573806762695,-0.41840967535972595
0.2550133764743805,-0.37083643674850464,-0.40436360239982605
-0.2580491304397583,-0.3300058841705322,-0.3763938844203949
0.11835554987192154,-0.0024623910430818796,0.00730816088616848
-0.11828891187906265,0.0017535683000460267,-0.006369690410792828
0.13449910283088684,0.42122161388397217,-0.03121865913271904
-0.15682968497276306,0.405674546957016,-0.03010813146829605
0.23070622980594635,0.7135713696479797,0.14898265898227692
-0.14331534504890442,0.7098773717880249,0.19048850238323212
0.2473139762878418,0.7552192807197571,0.15912537276744843
-0.141619011759758,0.75210040807724,0.20246809720993042
0.2940155863761902,0.8271379470825195,0.04965579882264137
-0.18007615208625793,0.8265763521194458,0.08706533163785934
-
0.010097893886268139,-0.6355276107788086,-0.19011612236499786
0.01998046040534973,-0.6724806427955627,-0.17252127826213837
0.020554449409246445,-0.6731181740760803,-0.1719459891319275
0.020409757271409035,-0.673502504825592,-0.17177151143550873
-0.013537770137190819,-0.6712196469306946,-0.17180968821048737
-0.013216602616012096,-0.6719239950180054,-0.17267628014087677
-0.013223551213741302,-0.6731330752372742,-0.17162711918354034
0.07111172378063202,-0.6620728969573975,-0.0541871041059494
-0.08112948387861252,-0.6599584817886353,-0.06542859971523285
0.030767353251576424,-0.6124399900436401,-0.14796686172485352
-0.013529055751860142,-0.6086340546607971,-0.14948484301567078
0.1536794751882553,-0.4676934778690338,0.02310969866812229
-0.1646338701248169,-0.4702710807323456,0.009941881522536278
0.21075354516506195,-0.2608647048473358,-0.08482757955789566
-0.22299346327781677,-0.24130521714687347,-0.06824222952127457
0.25794580578804016,-0.3604484498500824,-0.3455572724342346
-0.26336199045181274,-0.3135446310043335,-0.3194083273410797
0.2538827955722809,-0.3724588453769684,-0.38713470101356506
-0.2603737413883209,-0.3197958469390869,-0.364180326461792
0.26375189423561096,-0.3991643786430359,-0.398192822933197
-0.2720246911048889,-0.3556719422340393,-0.3709280490875244
0.25666648149490356,-0.3771003186702728,-0.3527795076370239
-0.2579050660133362,-0.33013224601745605,-0.32929402589797974
0.11835568398237228,-0.0024435422383248806,0.007853147573769093
-0.1182798370718956,0.0017357555916532874,-0.0069277239963412285
0.13337653875350952,0.42600804567337036,-0.028158273547887802
-0.15117846429347992,0.4063279628753662,-0.03227914869785309
0.23044706881046295,0.7357162833213806,0.14364369213581085
-0.14120976626873016,0.7265307903289795,0.16572825610637665
0.24699419736862183,0.7786352634429932,0.1520344316959381
-0.13957269489765167,0.7699154615402222,0.17541125416755676
0.29209932684898376,0.8446334600448608,0.03334148973226547
-0.17142419517040253,0.8415849208831787,0.054734110832214355
-
0.014416813850402832,-0.630399227142334,-0.14409419894218445
0.024402134120464325,-0.6673777103424072,-0.12746089696884155
0.02494376339018345,-0.6679219007492065,-0.1268995851278305
0.024772746488451958,-0.6683100461959839,-0.1266593337059021
-0.009153738617897034,-0.666130006313324,-0.12638720870018005
-0.008826148696243763,-0.6669037938117981,-0.1271810084581375
-0.00887784268707037,-0.6680698990821838,-0.12619176506996155
0.07506413757801056,-0.6580626368522644,-0.011554489843547344
-0.07726643979549408,-0.6562716364860535,-0.02136189304292202
0.03485357016324997,-0.6073732972145081,-0.10238412767648697
-0.009334232658147812,-0.6037598252296448,-0.1037990003824234
0.15633469820022583,-0.4669288098812103,0.05986751243472099
-0.16076529026031494,-0.46985557675361633,0.05263588950037956
0.21021892130374908,-0.26075708866119385,-0.04192386195063591
-0.22325295209884644,-0.2403913140296936,-0.0181649848818779
0.2574351727962494,-0.3606629967689514,-0.28254440426826477
-0.26454854011535645,-0.31483346223831177,-0.2560643255710602
0.25167205929756165,-0.3726711869239807,-0.3227774202823639
-0.2612679898738861,-0.3226781189441681,-0.2983180582523346
0.26025649905204773,-0.39973360300064087,-0.3304331302642822
-0.2730424404144287,-0.3585987091064453,-0.3046276271343231
0.2552626430988312,-0.3773375153541565,-0.2886376976966858
-0.25915563106536865,-0.33162981271743774,-0.2649696171283722
0.1179572120308876,-0.0024013447109609842,0.007883078418672085
-0.11784512549638748,0.0017004235414788127,-0.006965914741158485
0.13252194225788116,0.42650306224823,-0.021954510360956192
-0.14033716917037964,0.40456119179725647,-0.031927552074193954
0.22842015326023102,0.7520791292190552,0.13233762979507446
-0.13279661536216736,0.7445025444030762,0.12511928379535675
0.24441245198249817,0.7958347201347351,0.13820260763168335
-0.13094455003738403,0.7894434928894043,0.13046512007713318
0.2833954393863678,0.8529436588287354,0.01179130095988512
-0.15151743590831757,0.8572356104850769,0.0014865932753309608
-
0.01564532332122326,-0.6297661662101746,-0.14110666513442993
0.025633400306105614,-0.6666969060897827,-0.12475092709064484
0.026166271418333054,-0.66721510887146,-0.12420835345983505
0.025974217802286148,-0.6676128506660461,-0.12395970523357391
-0.007806020323187113,-0.665492594242096,-0.12357205152511597
-0.0074709635227918625,-0.6662912368774414,-0.12438644468784332
-0.007556890603154898,-0.6674517393112183,-0.12346048653125763
0.07601336389780045,-0.6572551131248474,-0.009459614753723145
-0.07551156729459763,-0.6558221578598022,-0.019200937822461128
0.03594052046537399,-0.6065627336502075,-0.09948067367076874
-0.008064285852015018,-0.603113055229187,-0.1008526086807251
0.15676629543304443,-0.46721819043159485,0.062039006501436234
-0.15802723169326782,-0.4705304205417633,0.05280253291130066
0.2124161273241043,-0.2661457359790802,-0.040981926023960114
-0.22854934632778168,-0.2453831136226654,-0.017327668145298958
0.2546484172344208,-0.3644919991493225,-0.279683917760849
-0.2660008370876312,-0.32127800583839417,-0.24702225625514984
0.2463628649711609,-0.3764728903770447,-0.3199308514595032
-0.26184001564979553,-0.3317421078681946,-0.28905734419822693
0.2532036304473877,-0.40401214361190796,-0.3266316056251526
-0.27330511808395386,-0.3666496276855469,-0.29450300335884094
0.2513270080089569,-0.38091447949409485,-0.2855096161365509
-0.26022836565971375,-0.33768385648727417,-0.25537237524986267
0.11710529774427414,-0.0023078497033566236,0.007996290922164917
-0.11695597320795059,0.0016142836539074779,-0.007085870485752821
0.13061830401420593,0.42647552490234375,-0.015033051371574402
-0.13204573094844818,0.4023818075656891,-0.03201844543218613
0.22204308211803436,0.7605695724487305,0.12214405834674835
-0.12935283780097961,0.7517685294151306,0.107884980738163
0.23679107427597046,0.8045651316642761,0.12624895572662354
-0.12773805856704712,0.7968700528144836,0.11253774166107178
0.27015620470046997,0.8596484065055847,-0.0018471120856702328
-0.14135189354419708,0.8639340400695801,-0.017039082944393158
-
0.022882133722305298,-0.6298575401306152,-0.13669453561306
0.03195919096469879,-0.6668253540992737,-0.12017247080802917
0.032484494149684906,-0.6673517823219299,-0.11966561526060104
0.03225678205490112,-0.6677497029304504,-0.11938848346471786
-0.0010518701747059822,-0.6655720472335815,-0.11962844431400299
-0.0006889794021844864,-0.6663626432418823,-0.1204712837934494
-0.0008221983443945646,-0.6675256490707397,-0.11956309527158737
0.08011231571435928,-0.6568662524223328,-0.005873821210116148
-0.06889601051807404,-0.6554065942764282,-0.017641566693782806
0.042762890458106995,-0.6066505908966064,-0.095463328063488
-0.0005148029886186123,-0.6031677722930908,-0.09742504358291626
0.1595720499753952,-0.4674376845359802,0.06460675597190857
-0.1514749675989151,-0.47085559368133545,0.05076952651143074
0.21380147337913513,-0.2700211703777313,-0.03327120468020439
-0.2334933876991272,-0.24974925816059113,-0.01464213989675045
0.24741384387016296,-0.36417320370674133,-0.267905592918396
-0.2660278379917145,-0.32985636591911316,-0.23243053257465363
0.2373141348361969,-0.37611478567123413,-0.30919575691223145
-0.2616990804672241,-0.34292539954185486,-0.2738731801509857
0.24093154072761536,-0.40348491072654724,-0.31556880474090576
-0.27192890644073486,-0.3785473108291626,-0.2780879735946655
0.24260692298412323,-0.38053151965141296,-0.27362221479415894
-0.26026204228401184,-0.34668484330177307,-0.2398371547460556
0.116290383040905,-0.0022045401856303215,0.008058453910052776
-0.11612939834594727,0.0015182334464043379,-0.007151502650231123
0.1294567883014679,0.4261344373226166,-0.012992221862077713
-0.12673580646514893,0.4010654091835022,-0.03310231491923332
0.21967659890651703,0.7621913552284241,0.11311093717813492
-0.1227092444896698,0.75592041015625,0.09745891392230988
0.23387686908245087,0.8061641454696655,0.11655243486166
-0.12079379707574844,0.8010942935943604,0.10230053961277008
0.261758416891098,0.8626596331596375,-0.011650892905890942
-0.12964320182800293,0.8688722252845764,-0.02493012323975563
-
0.02913236990571022,-0.6299765110015869,-0.1263004094362259
0.037793487310409546,-0.666934609413147,-0.10940209776163101
0.038319315761327744,-0.6674672961235046,-0.10890757292509079
0.03805387765169144,-0.6678641438484192,-0.10857837647199631
0.004978426732122898,-0.6656341552734375,-0.10911645740270615
0.005351105704903603,-0.6664159297943115,-0.10994303226470947
0.005210993345826864,-0.6675799489021301,-0.10900413990020752
0.08482742309570312,-0.6565542221069336,0.004878407809883356
-0.0629732683300972,-0.6551986336708069,-0.008458140306174755
0.04867507889866829,-0.6067278385162354,-0.08516685664653778
0.005785638466477394,-0.6032100915908813,-0.08765196055173874
0.16045691072940826,-0.46745067834854126,0.0712590217590332
-0.14435118436813354,-0.47118040919303894,0.05651962757110596
0.21304640173912048,-0.27309155464172363,-0.021918775513768196
-0.23662805557250977,-0.25473645329475403,-0.005939907394349575
0.2471606582403183,-0.36688753962516785,-0.24510520696640015
-0.2684122323989868,-0.3377375602722168,-0.21120694279670715
0.2376578003168106,-0.37805870175361633,-0.28489479422569275
-0.26369214057922363,-0.3516009449958801,-0.2494184970855713
0.24115803837776184,-0.4045692980289459,-0.2921992242336273
-0.27227267622947693,-0.3864750862121582,-0.25329214334487915
0.24264958500862122,-0.3823932409286499,-0.2513498365879059
-0.26211291551589966,-0.3544647991657257,-0.21819616854190826
0.11522920429706573,-0.002016983926296234,0.008088869974017143
-0.11505629867315292,0.0013422274496406317,-0.007183312438428402
0.12877589464187622,0.42602574825286865,-0.01061716303229332
-0.12338990718126297,0.400677353143692,-0.033076245337724686
0.21689414978027344,0.7637275457382202,0.11255010962486267
-0.12018732726573944,0.7588222026824951,0.0963357463479042
0.23035404086112976,0.807738721370697,0.11646569520235062
-0.11844968050718307,0.8040169477462769,0.1017603799700737
0.25468334555625916,0.8672845363616943,-0.00972562562674284
-0.1272125542163849,0.8723820447921753,-0.02274114266037941
-
0.0320575125515461,-0.6300680041313171,-0.11548791825771332
0.04027736559510231,-0.6669481992721558,-0.09823396801948547
0.04080202803015709,-0.6674708127975464,-0.0977492406964302
0.04052574932575226,-0.6678754687309265,-0.09739348292350769
0.007799807470291853,-0.6656606793403625,-0.09915649145841599
0.00816228985786438,-0.6664491891860962,-0.09999980032444
0.008033360354602337,-0.6676162481307983,-0.09903144091367722
0.08467753231525421,-0.6555894017219543,0.016409577801823616
-0.062227483838796616,-0.6545486450195312,-0.002707886043936014
0.05022036284208298,-0.6064764261245728,-0.07414903491735458
0.007745850831270218,-0.6031085252761841,-0.07837481051683426
0.16013745963573456,-0.4672755300998688,0.08082909882068634
-0.14436480402946472,-0.47104814648628235,0.059894874691963196
0.21265582740306854,-0.27642568945884705,-0.016603147611021996
-0.23772530257701874,-0.25568482279777527,-0.0028281891718506813
0.24625827372074127,-0.3687591552734375,-0.2426721602678299
-0.26789364218711853,-0.33755967020988464,-0.2061139941215515
0.23783640563488007,-0.3783569931983948,-0.28320056200027466
-0.2621835172176361,-0.34960225224494934,-0.244388610124588
0.24174362421035767,-0.40470555424690247,-0.2893158197402954
-0.26873284578323364,-0.3845926523208618,-0.2489522099494934
0.24194636940956116,-0.3836057484149933,-0.24868065118789673
-0.26109814643859863,-0.354076087474823,-0.21317462623119354
0.11431380361318588,-0.001967397751286626,0.008527160622179508
-0.11412972211837769,0.0012998712481930852,-0.007628859952092171
0.12854890525341034,0.4259362518787384,-0.006834147032350302
-0.12046723067760468,0.40064969658851624,-0.03240006044507027
0.21593192219734192,0.769929826259613,0.10600411891937256
-0.1209866926074028,0.7626664042472839,0.09094414860010147
0.22935092449188232,0.8146666884422302,0.10887546092271805
-0.1190815344452858,0.808297336101532,0.09525502473115921
0.25597912073135376,0.871582567691803,-0.017051132395863533
-0.13154610991477966,0.8738999962806702,-0.03110252134501934
-
0.03147934377193451,-0.6301260590553284,-0.12819840013980865
0.03987414389848709,-0.6669517159461975,-0.11099817603826523
0.04041289910674095,-0.6674715876579285,-0.1104922816157341
0.04012013226747513,-0.6678836941719055,-0.11018316447734833
0.007214673794806004,-0.6656942963600159,-0.11101672053337097
0.007579341996461153,-0.6664841175079346,-0.1118502989411354
0.007458558306097984,-0.667656660079956,-0.1108669564127922
0.08430824428796768,-0.6555166244506836,0.0033896942622959614
-0.06300853192806244,-0.6545438170433044,-0.01108773797750473
0.0497388131916523,-0.6064597964286804,-0.08712510764598846
0.007067740894854069,-0.6031397581100464,-0.08994323015213013
0.15980882942676544,-0.4671473503112793,0.07041256874799728
-0.1449379026889801,-0.47213637828826904,0.05417797714471817
0.20913134515285492,-0.27579471468925476,-0.027637582272291183
-0.24331222474575043,-0.25970178842544556,-0.011775508522987366
0.2403050661087036,-0.37011250853538513,-0.2584115266799927
-0.26788002252578735,-0.34050485491752625,-0.22555190324783325
0.23301059007644653,-0.3800176680088043,-0.29880693554878235
-0.26154351234436035,-0.3513548970222473,-0.26485976576805115
0.23874612152576447,-0.406914621591568,-0.3056033253669739
-0.26681771874427795,-0.3864717483520508,-0.26952454447746277
0.2371569275856018,-0.38521644473075867,-0.26436901092529297
-0.2608238756656647,-0.3567909598350525,-0.2330893725156784
0.11394181847572327,-0.0019033182179555297,0.008826230652630329
-0.11375758796930313,0.0012333524646237493,-0.007925783284008503
0.12878532707691193,0.4257985055446625,-0.001948568969964981
-0.12049045413732529,0.4000445306301117,-0.03228755295276642
0.21540477871894836,0.7692251205444336,0.10631637275218964
-0.12158849835395813,0.7626725435256958,0.09116407483816147
0.22865013778209686,0.8140362501144409,0.10914389044046402
-0.1196272224187851,0.8084076642990112,0.09547080844640732
0.2565125524997711,0.8731521368026733,-0.01586875133216381
-0.13412311673164368,0.8741388916969299,-0.030493231490254402
-
0.03217831254005432,-0.63001948595047,-0.13502444326877594
0.04081936925649643,-0.6667331457138062,-0.11786196380853653
0.0413748174905777,-0.6672475934028625,-0.1173698902130127
0.04106401652097702,-0.6676710844039917,-0.11705375462770462
0.008001756854355335,-0.6655530333518982,-0.11794216185808182
0.008371536619961262,-0.6663438081741333,-0.11880327016115189
0.008258020505309105,-0.6675253510475159,-0.11781686544418335
0.0852716937661171,-0.6550140976905823,-0.0026003262028098106
-0.062392134219408035,-0.6543372869491577,-0.017538677901029587
0.05049944296479225,-0.6061936616897583,-0.09355536848306656
0.007678393740206957,-0.6030234098434448,-0.09641844034194946
0.15991191565990448,-0.4660174250602722,0.06555617600679398
-0.1450752168893814,-0.47233712673187256,0.049078039824962616
0.20700524747371674,-0.2754131853580475,-0.033081650733947754
-0.2442338466644287,-0.2615440785884857,-0.017732840031385422
0.23685809969902039,-0.3698766529560089,-0.2673482298851013
-0.2656668722629547,-0.3435637950897217,-0.23300981521606445
0.23054052889347076,-0.37981894612312317,-0.3080734610557556
-0.25703197717666626,-0.35447871685028076,-0.2725502848625183
0.23724576830863953,-0.40681228041648865,-0.3147558569908142
-0.2607533931732178,-0.3900461792945862,-0.2766092121601105
0.2343214452266693,-0.3850420415401459,-0.2732504904270172
-0.2576248049736023,-0.3600214421749115,-0.24019698798656464
0.11366371810436249,-0.0018045505275949836,0.008930915035307407
-0.11347950994968414,0.0011297925375401974,-0.008031118661165237
0.12879811227321625,0.42567178606987,-0.0021548320073634386
-0.11994847655296326,0.39914214611053467,-0.032327454537153244
0.21507813036441803,0.7689746618270874,0.1034940555691719
-0.12206055223941803,0.7617618441581726,0.09006154537200928
0.22826527059078217,0.8139038681983948,0.10605607181787491
-0.12018488347530365,0.8074384331703186,0.0944119468331337
0.25594809651374817,0.8741233944892883,-0.01989293098449707
-0.13571561872959137,0.8733225464820862,-0.03225117176771164
-
0.03216705471277237,-0.630153238773346,-0.1360548585653305
0.04112257435917854,-0.6668141484260559,-0.11869867891073227
0.04168301820755005,-0.6673237681388855,-0.11823076754808426
0.04136676713824272,-0.6677513122558594,-0.11788914352655411
0.008147710002958775,-0.6657735109329224,-0.11906316876411438
0.008513125590980053,-0.6665637493133545,-0.11995460838079453
0.008411634713411331,-0.6677493453025818,-0.11896857619285583
0.08561408519744873,-0.6550042629241943,-0.002285066759213805
-0.0625932514667511,-0.6546549797058105,-0.01902575045824051
0.05042341351509094,-0.6062173843383789,-0.09420439600944519
0.007463437505066395,-0.6032088994979858,-0.09752608835697174
0.15940150618553162,-0.4658876359462738,0.06391163915395737
-0.14532719552516937,-0.4727485477924347,0.04802847281098366
0.19851073622703552,-0.2751474380493164,-0.034482356160879135
-0.2451743632555008,-0.26216253638267517,-0.01840292476117611
0.2312174290418625,-0.37009885907173157,-0.2680756151676178
-0.26512086391448975,-0.3433600962162018,-0.23124271631240845
0.22671139240264893,-0.3797851800918579,-0.30897802114486694
-0.2559192180633545,-0.3536456227302551,-0.270184189081192
0.2342623621225357,-0.40673208236694336,-0.31574076414108276
-0.2593115270137787,-0.3895210027694702,-0.2742367088794708
0.22959305346012115,-0.3851974308490753,-0.274027019739151
-0.25672146677970886,-0.35990220308303833,-0.23816600441932678
0.11342930048704147,-0.001756794168613851,0.0089516406878829
-0.11324618756771088,0.0010805632919073105,-0.008052356541156769
0.12872956693172455,0.4254612326622009,-0.0021753411274403334
-0.12062957137823105,0.3981079161167145,-0.03133821487426758
0.21316103637218475,0.7677909135818481,0.10459344834089279
-0.12417924404144287,0.7602678537368774,0.09397302567958832
0.2260148525238037,0.8126983642578125,0.10756241530179977
-0.1231861412525177,0.8057889342308044,0.09867129474878311
0.253126859664917,0.874374508857727,-0.01785617507994175
-0.13758550584316254,0.8721671104431152,-0.027095118537545204
-
0.0335174985229969,-0.6305877566337585,-0.13855290412902832
0.042747434228658676,-0.6671799421310425,-0.12118798494338989
0.04331180080771446,-0.6676806807518005,-0.12070344388484955
0.04298730194568634,-0.668118417263031,-0.12037710845470428
0.009609407745301723,-0.6662938594818115,-0.12141990661621094
0.009974916465580463,-0.6670801043510437,-0.12230212986469269
0.009886827319860458,-0.6682683229446411,-0.12130622565746307
0.08752334862947464,-0.6550804376602173,-0.005059380549937487
-0.06127053499221802,-0.6551807522773743,-0.02103148028254509
0.05177466198801994,-0.6064755320549011,-0.09681448340415955
0.00865956861525774,-0.603692889213562,-0.09990285336971283
0.15957778692245483,-0.465778648853302,0.061980199068784714
-0.1449560672044754,-0.47352853417396545,0.04635116830468178
0.1956302970647812,-0.2748519778251648,-0.036962613463401794
-0.24473361670970917,-0.262366384267807,-0.020745044574141502
0.23123517632484436,-0.3708929121494293,-0.272052139043808
-0.2620900869369507,-0.34452736377716064,-0.2352709323167801
0.22726798057556152,-0.3805970847606659,-0.31295332312583923
-0.2526074945926666,-0.3545687794685364,-0.27455785870552063
0.23477064073085785,-0.40723487734794617,-0.31999853253364563
-0.2566301226615906,-0.39077138900756836,-0.27887263894081116
0.22993505001068115,-0.3859536647796631,-0.278115838766098
-0.253665566444397,-0.3612630367279053,-0.2424289435148239
0.11331620812416077,-0.001611313666217029,0.009139256551861763
-0.11313457041978836,0.0009299498051404953,-0.008243310265243053
0.12864890694618225,0.42539921402931213,-0.002533664694055915
-0.12070762366056442,0.39774492383003235,-0.028051722794771194
0.21028758585453033,0.7666804194450378,0.10524661093950272
-0.1253804862499237,0.7593128681182861,0.09639963507652283
0.22268261015415192,0.811481773853302,0.10845254361629486
-0.12494028359651566,0.804663360118866,0.10195444524288177
0.24899275600910187,0.8750662803649902,-0.016304412856698036
-0.13804613053798676,0.8716729879379272,-0.021646758541464806
-
0.03330009803175926,-0.6306852698326111,-0.13963492214679718
0.04256380721926689,-0.6672633290290833,-0.12218225002288818
0.043125949800014496,-0.6677607893943787,-0.12168075144290924
0.04280548915266991,-0.6682010889053345,-0.12137205898761749
0.009396739304065704,-0.6664251685142517,-0.12228447943925858
0.009761378169059753,-0.6672083139419556,-0.12316307425498962
0.00967690534889698,-0.6683971285820007,-0.12215207517147064
0.08753743767738342,-0.6551147103309631,-0.006433445960283279
-0.061394769698381424,-0.6554069519042969,-0.021694060415029526
0.05163690820336342,-0.6065464019775391,-0.09807175397872925
0.00848593283444643,-0.603849470615387,-0.10097745805978775
0.15953625738620758,-0.46567708253860474,0.061310064047575
-0.14517317712306976,-0.4739953279495239,0.045131802558898926
0.19072993099689484,-0.2744961082935333,-0.037994153797626495
-0.24234159290790558,-0.26219168305397034,-0.022395839914679527
0.22962872684001923,-0.37103477120399475,-0.27271363139152527
-0.261287659406662,-0.3442610800266266,-0.23777426779270172
0.22664140164852142,-0.38067352771759033,-0.3137369155883789
-0.2524797022342682,-0.35393399000167847,-0.27723976969718933
0.23495593667030334,-0.4072432518005371,-0.32050591707229614
-0.25711849331855774,-0.3900451362133026,-0.2815765142440796
0.22889313101768494,-0.38613182306289673,-0.27872854471206665
-0.25317972898483276,-0.36093318462371826,-0.24503818154335022
0.11327899992465973,-0.0014759565237909555,0.009193907491862774
-0.11309900879859924,0.0007887469255365431,-0.00829900149255991
0.12825822830200195,0.42530426383018494,-0.0029211423825472593
-0.12147199362516403,0.39687252044677734,-0.027586951851844788
0.2064698189496994,0.7658668160438538,0.1062266156077385
-0.12925995886325836,0.7589614987373352,0.09914986789226532
0.2184629887342453,0.81060791015625,0.10946018248796463
-0.12932772934436798,0.8044324517250061,0.10503625124692917
0.24428147077560425,0.8750286102294922,-0.01580708660185337
-0.14225439727306366,0.8705793023109436,-0.01837357133626938
-
0.033009208738803864,-0.6310832500457764,-0.14120373129844666
0.042235005646944046,-0.6676120162010193,-0.12383875995874405
0.04279671236872673,-0.6681033968925476,-0.1233382448554039
0.042479436844587326,-0.6685471534729004,-0.12303029000759125
0.009075055830180645,-0.6667722463607788,-0.12390626966953278
0.009438641369342804,-0.6675494909286499,-0.1247931495308876
0.009354843758046627,-0.66874098777771,-0.12378266453742981
0.08734235167503357,-0.655202329158783,-0.008059104904532433
-0.06160662695765495,-0.6555507779121399,-0.02319638431072235
0.05142750218510628,-0.6068209409713745,-0.09961678832769394
0.008261089213192463,-0.6041802167892456,-0.10245691239833832
0.15894383192062378,-0.4654422700405121,0.06024616211652756
-0.1453404575586319,-0.47399479150772095,0.04392683506011963
0.18206071853637695,-0.2712077796459198,-0.03935255855321884
-0.23480425775051117,-0.2612513601779938,-0.022983143106102943
0.22676381468772888,-0.3699913024902344,-0.27466294169425964
-0.2602793872356415,-0.34377551078796387,-0.2386561781167984
0.22518949210643768,-0.37913110852241516,-0.31584709882736206
-0.25255629420280457,-0.3533717393875122,-0.27801379561424255
0.23465697467327118,-0.40553757548332214,-0.3228946626186371
-0.2574269473552704,-0.38951244950294495,-0.2832580506801605
0.22686423361301422,-0.38512295484542847,-0.28084924817085266
-0.25281256437301636,-0.36042362451553345,-0.24637414515018463
0.11325231194496155,-0.001423476729542017,0.009280859492719173
-0.1130729541182518,0.0007339041330851614,-0.00838174857199192
0.12828145921230316,0.4251447021961212,-0.0032280401792377234
-0.12168539315462112,0.3968576192855835,-0.026401827111840248
0.20437850058078766,0.7652919888496399,0.1065942645072937
-0.13129638135433197,0.758375883102417,0.09996749460697174
0.21607911586761475,0.810011625289917,0.11001159995794296
-0.1318271905183792,0.8037283420562744,0.10547003895044327
0.24216468632221222,0.8748998045921326,-0.014812324196100235
-0.1465623378753662,0.8696703910827637,-0.016690485179424286
-
0.03216632083058357,-0.6319210529327393,-0.1424485146999359
0.04148849472403526,-0.6684042811393738,-0.12515661120414734
0.04204648360610008,-0.668892502784729,-0.12466031312942505
0.04173390194773674,-0.6693383455276489,-0.12435166537761688
0.008250046521425247,-0.6675599813461304,-0.1251773238182068
0.008614378049969673,-0.6683254837989807,-0.12606652081012726
0.008533035404980183,-0.6695201396942139,-0.12505605816841125
0.08605100959539413,-0.6556450128555298,-0.009169921278953552
-0.06313024461269379,-0.6560698747634888,-0.024206751957535744
0.05031454563140869,-0.6074838638305664,-0.10080566257238388
0.007137339562177658,-0.6049097776412964,-0.10357686877250671
0.15598933398723602,-0.4654318690299988,0.05941030755639076
-0.14639592170715332,-0.47399064898490906,0.04320086911320686
0.17345789074897766,-0.27092409133911133,-0.04022017493844032
-0.23011235892772675,-0.26020652055740356,-0.02353634685277939
0.22308053076267242,-0.3699282109737396,-0.276099294424057
-0.25909027457237244,-0.34353533387184143,-0.23930323123931885
0.22307315468788147,-0.3786980211734772,-0.3172634541988373
-0.2524811029434204,-0.3531697988510132,-0.27884772419929504
0.23343726992607117,-0.4049496054649353,-0.3241333067417145
-0.25778496265411377,-0.3891461193561554,-0.28373852372169495
0.22374370694160461,-0.38501784205436707,-0.28222763538360596
-0.25219810009002686,-0.36020055413246155,-0.2466869354248047
0.11321278661489487,-0.0014055208303034306,0.009326912462711334
-0.11303335428237915,0.0007154505583457649,-0.00842493586242199
0.12825354933738708,0.42479434609413147,-0.0034954315051436424
-0.1218949407339096,0.39650455117225647,-0.02623402513563633
0.20289872586727142,0.7648506760597229,0.10689526796340942
-0.1333501785993576,0.7577812671661377,0.10176759958267212
0.21446549892425537,0.8095396757125854,0.11050563305616379
-0.13423731923103333,0.8030685782432556,0.1072755977511406
0.24034318327903748,0.8745238780975342,-0.014050433412194252
-0.15085680782794952,0.8690822124481201,-0.016405636444687843
-
0.03055952489376068,-0.632085919380188,-0.143662691116333
0.04022692143917084,-0.6685618758201599,-0.1260402947664261
0.040781959891319275,-0.6690519452095032,-0.12556064128875732
0.04047316685318947,-0.6694979667663574,-0.12524573504924774
0.006831697653979063,-0.6677653193473816,-0.12657950818538666
0.0071912119165062904,-0.6685230135917664,-0.12746189534664154
0.007111697923392057,-0.6697202920913696,-0.12645882368087769
0.0842265635728836,-0.6556989550590515,-0.00966051034629345
-0.06567724794149399,-0.6563456654548645,-0.026133332401514053
0.04831013083457947,-0.6075963377952576,-0.10157428681850433
0.004980637691915035,-0.605104923248291,-0.10503008961677551
0.1529504805803299,-0.46534478664398193,0.059024713933467865
-0.14892183244228363,-0.47367778420448303,0.042198192328214645
0.1727483570575714,-0.27031058073043823,-0.04092416539788246
-0.22581376135349274,-0.2566608190536499,-0.02407548390328884
0.22353293001651764,-0.3698839843273163,-0.2759520411491394
-0.25931498408317566,-0.34203290939331055,-0.24082523584365845
0.22326718270778656,-0.37854740023612976,-0.31680622696876526
-0.25464168190956116,-0.35168030858039856,-0.2801324129104614
0.23388837277889252,-0.4047608971595764,-0.3244051933288574
-0.2630052864551544,-0.3871132731437683,-0.2867661714553833
0.22411896288394928,-0.38497406244277954,-0.2824021577835083
-0.25316107273101807,-0.35857152938842773,-0.2491399049758911
0.11320039629936218,-0.0014153405791148543,0.009387421421706676
-0.11302051693201065,0.0007231624913401902,-0.008479075506329536
0.12826038897037506,0.42464762926101685,-0.003443104214966297
-0.12197088450193405,0.39638039469718933,-0.025826238095760345
0.20279112458229065,0.7645483016967773,0.10729225724935532
-0.13486696779727936,0.7572781443595886,0.10293588787317276
0.21440930664539337,0.809198260307312,0.11105506867170334
-0.13623659312725067,0.8025757670402527,0.10835035145282745
0.24042090773582458,0.8742005825042725,-0.01350131444633007
-0.1551819145679474,0.8686734437942505,-0.016660820692777634
-
0.027158310636878014,-0.6323294043540955,-0.1444239318370819
0.036689821630716324,-0.6687769293785095,-0.12681810557842255
0.037234507501125336,-0.6692656874656677,-0.12634669244289398
0.03694189712405205,-0.6697123050689697,-0.12602537870407104
0.003245552536100149,-0.66790372133255,-0.12734459340572357
0.003604224883019924,-0.6686558127403259,-0.1282242089509964
0.003517118049785495,-0.669854998588562,-0.12722937762737274
0.0814918652176857,-0.6557244658470154,-0.010214817710220814
-0.06853575259447098,-0.6562934517860413,-0.026753397658467293
0.04549068585038185,-0.6077309250831604,-0.10231383889913559
0.0021625009831041098,-0.6051933765411377,-0.10573874413967133
0.15153706073760986,-0.4651254415512085,0.05824514105916023
-0.15030892193317413,-0.4725165069103241,0.04200969263911247
0.16988715529441833,-0.2668583393096924,-0.04074203222990036
-0.22335906326770782,-0.2504313588142395,-0.02303191088140011
0.22277747094631195,-0.36140039563179016,-0.27470988035202026
-0.2592652142047882,-0.3350030779838562,-0.23993098735809326
0.22317996621131897,-0.36757543683052063,-0.31563863158226013
-0.2547796070575714,-0.343660831451416,-0.2792196273803711
0.2339087575674057,-0.3940175175666809,-0.3241225481033325
-0.2641467750072479,-0.37920698523521423,-0.28674423694610596
0.2235461175441742,-0.37631160020828247,-0.28158631920814514
-0.25320664048194885,-0.3515166640281677,-0.24871712923049927
0.11319565027952194,-0.001413824618794024,0.009363904595375061
-0.11301617324352264,0.0007204298744909465,-0.008451869711279869
0.1282380074262619,0.42422929406166077,-0.003514903364703059
-0.12209910899400711,0.3960610032081604,-0.02582908794283867
0.20258761942386627,0.7644028067588806,0.10754083096981049
-0.135635644197464,0.7569014430046082,0.10314613580703735
0.21424515545368195,0.809015691280365,0.11118830740451813
-0.13710123300552368,0.8022012114524841,0.10834067314863205
0.23962460458278656,0.8740966320037842,-0.013089269399642944
-0.1563549041748047,0.8683816194534302,-0.01791059412062168
-
0.022713514044880867,-0.6323229074478149,-0.14465855062007904
0.03151853382587433,-0.6687777042388916,-0.12707941234111786
0.032048776745796204,-0.6692649126052856,-0.12661926448345184
0.03177005425095558,-0.6697129607200623,-0.126289963722229
-0.0018563894554972649,-0.6677830219268799,-0.1275704801082611
-0.001493758987635374,-0.6685293912887573,-0.1284424513578415
-0.0015960688469931483,-0.6697319149971008,-0.12746088206768036
0.0769415944814682,-0.6557171940803528,-0.010383614338934422
-0.07274168729782104,-0.6554755568504333,-0.026788389310240746
0.04181630164384842,-0.6077227592468262,-0.10255756974220276
-0.0013889287365600467,-0.6050512790679932,-0.10590355843305588
0.14931802451610565,-0.4647734463214874,0.05755597725510597
-0.1518196016550064,-0.47081705927848816,0.04269225150346756
0.16180428862571716,-0.2598952353000641,-0.039608683437108994
-0.22096040844917297,-0.24407075345516205,-0.02104421891272068
0.21796934306621552,-0.35211142897605896,-0.2726365327835083
-0.25849223136901855,-0.32896149158477783,-0.23853030800819397
0.21983392536640167,-0.35713258385658264,-0.3139333724975586
-0.2546178996562958,-0.3372094929218292,-0.27783411741256714
0.23139283061027527,-0.3840424120426178,-0.32327690720558167
-0.26423874497413635,-0.37297919392585754,-0.2862113118171692
0.21940286457538605,-0.3671987056732178,-0.2799193263053894
-0.25289762020111084,-0.34554731845855713,-0.24776192009449005
0.11319202929735184,-0.001418940955772996,0.009298612363636494
-0.1130128875374794,0.000723954348359257,-0.008382301777601242
0.12812945246696472,0.42386189103126526,-0.003634789725765586
-0.12220215052366257,0.3959606885910034,-0.02582859806716442
0.2022894024848938,0.764120876789093,0.10844802111387253
-0.13590078055858612,0.7566428184509277,0.10349878668785095
0.21396908164024353,0.8087325692176819,0.11215685307979584
-0.1373247653245926,0.8019722104072571,0.10863156616687775
0.23804989457130432,0.8737661838531494,-0.012934925965964794
-0.15639756619930267,0.8679993748664856,-0.018356725573539734
-
0.019442236050963402,-0.6321637034416199,-0.144906148314476
0.027582988142967224,-0.6686663031578064,-0.12730643153190613
0.02810789830982685,-0.6691515445709229,-0.1268506944179535
0.027833446860313416,-0.6696036458015442,-0.1265246570110321
-0.005803740583360195,-0.6674258708953857,-0.12778933346271515
-0.0054358672350645065,-0.6681672930717468,-0.12864811718463898
-0.00554956728592515,-0.6693747043609619,-0.1276753544807434
0.07326007634401321,-0.6557109355926514,-0.010512985289096832
-0.07652274519205093,-0.6543030142784119,-0.027052760124206543
0.03906993195414543,-0.607645571231842,-0.10273618251085281
-0.0041725728660821915,-0.6047117114067078,-0.10604991018772125
0.14816509187221527,-0.4645960032939911,0.05709882453083992
-0.15307772159576416,-0.46895718574523926,0.042408425360918045
0.16216067969799042,-0.25724688172340393,-0.039059363305568695
-0.21867261826992035,-0.23959098756313324,-0.021467184647917747
0.21823589503765106,-0.35140350461006165,-0.2714134454727173
-0.25817814469337463,-0.325415700674057,-0.23905304074287415
0.22006991505622864,-0.3569793403148651,-0.31281977891921997
-0.25465404987335205,-0.3337426483631134,-0.27840182185173035
0.2315942347049713,-0.38408002257347107,-0.3224479854106903
-0.2649540305137634,-0.36949026584625244,-0.28660768270492554
0.21963107585906982,-0.3667008876800537,-0.2788403630256653
-0.25289011001586914,-0.3420587182044983,-0.24824905395507812
0.11319948732852936,-0.0014192932285368443,0.00933282170444727
-0.11302009224891663,0.0007233578944578767,-0.00841323472559452
0.12812145054340363,0.4237467646598816,-0.0036949175409972668
-0.12175881862640381,0.39597469568252563,-0.02579985000193119
0.2022441327571869,0.7638911604881287,0.109813392162323
-0.13588246703147888,0.7565508484840393,0.10387423634529114
0.21398651599884033,0.8085039258003235,0.11359500139951706
-0.1372995525598526,0.8019291758537292,0.10899541527032852
0.23829685151576996,0.8735640645027161,-0.012214497663080692
-0.15600255131721497,0.8675820231437683,-0.01851540431380272
-
0.017092108726501465,-0.6320815682411194,-0.14629915356636047
0.024331694468855858,-0.6686246395111084,-0.1288498491048813
0.02485339529812336,-0.669108510017395,-0.12839670479297638
0.0245811864733696,-0.6695632934570312,-0.12807650864124298
-0.008944472298026085,-0.6670881509780884,-0.12906748056411743
-0.008568085730075836,-0.6678258180618286,-0.12990595400333405
-0.008687185123562813,-0.6690364480018616,-0.12895187735557556
0.07067157328128815,-0.6557572484016418,-0.012443475425243378
-0.07859568297863007,-0.6528067588806152,-0.027611980214715004
0.03749747946858406,-0.6076443791389465,-0.1042558029294014
-0.005640382878482342,-0.6044190526008606,-0.10715300589799881
0.14814643561840057,-0.4645436406135559,0.05539180710911751
-0.15328116714954376,-0.46757999062538147,0.04201159253716469
0.16227659583091736,-0.2555934190750122,-0.03921016305685043
-0.21730320155620575,-0.23782919347286224,-0.021790457889437675
0.21817049384117126,-0.35113364458084106,-0.27176937460899353
-0.25875237584114075,-0.3233937621116638,-0.239396333694458
0.22004392743110657,-0.35701510310173035,-0.3130611479282379
-0.25668925046920776,-0.33144956827163696,-0.2789303958415985
0.23164141178131104,-0.38421693444252014,-0.32283711433410645
-0.2690105438232422,-0.36701473593711853,-0.2879978120326996
0.21958723664283752,-0.36655718088150024,-0.27906742691993713
-0.2541525363922119,-0.3399098515510559,-0.24906952679157257
0.11323284357786179,-0.0014001072850078344,0.009346269071102142
-0.11305399984121323,0.0007025547092780471,-0.008426378481090069
0.12811920046806335,0.42357751727104187,-0.003819005098193884
-0.121345654129982,0.3959670662879944,-0.02581796608865261
0.20225785672664642,0.7637758255004883,0.11060524731874466
-0.1358480453491211,0.7564088106155396,0.10415475815534592
0.21405428647994995,0.8083987832069397,0.11443691700696945
-0.13723061978816986,0.8018050789833069,0.10927413403987885
0.2385094165802002,0.8731369972229004,-0.011910712346434593
-0.15519200265407562,0.8672850728034973,-0.018742939457297325
-
0.01472437847405672,-0.631854772567749,-0.14811952412128448
0.021314255893230438,-0.6684861779212952,-0.13081365823745728
0.021837661042809486,-0.6689687967300415,-0.1303655058145523
0.02156330831348896,-0.6694282293319702,-0.13004060089588165
-0.011935440823435783,-0.6665599942207336,-0.13074170053005219
-0.011555423960089684,-0.667293131351471,-0.13156458735466003
-0.011674216948449612,-0.6685084104537964,-0.1306268721818924
0.06834948807954788,-0.6557939052581787,-0.014630308374762535
-0.08073969930410385,-0.6513366103172302,-0.028395159170031548
0.03586724400520325,-0.6075872778892517,-0.10613690316677094
-0.007244509179145098,-0.6039632558822632,-0.10858886688947678
0.14817214012145996,-0.46448707580566406,0.053786683827638626
-0.15356099605560303,-0.4664013087749481,0.04153190180659294
0.16268861293792725,-0.2542840242385864,-0.039755284786224365
-0.21589307487010956,-0.23624198138713837,-0.022075437009334564
0.2183457463979721,-0.35124287009239197,-0.2729075253009796
-0.2593952417373657,-0.31936201453208923,-0.23974600434303284
0.22017189860343933,-0.35737141966819763,-0.3146696984767914
-0.25858670473098755,-0.3261989653110504,-0.27960968017578125
0.23175834119319916,-0.38466349244117737,-0.3248436450958252
-0.27201294898986816,-0.36143627762794495,-0.2896893322467804
0.21973106265068054,-0.3667682707309723,-0.28042247891426086
-0.25532105565071106,-0.33550867438316345,-0.24993403255939484
0.1132759228348732,-0.0013815583661198616,0.009357526898384094
-0.11309845000505447,0.000681974517647177,-0.00843667984008789
0.1280999332666397,0.42349773645401,-0.0038969710003584623
-0.1207159087061882,0.3959764838218689,-0.025830788537859917
0.20223671197891235,0.7635889649391174,0.11082562804222107
-0.13588601350784302,0.7566226720809937,0.10401824861764908
0.21408551931381226,0.8082175254821777,0.1146853044629097
-0.13723908364772797,0.8021095991134644,0.10899270325899124
0.23862944543361664,0.8730156421661377,-0.0118840541690588
-0.1551019698381424,0.8672987222671509,-0.020266760140657425
-
0.012249435298144817,-0.6317722797393799,-0.1507522165775299
0.01835503801703453,-0.6684495210647583,-0.13358920812606812
0.018885722383856773,-0.6689320206642151,-0.1331450343132019
0.018607348203659058,-0.6693935990333557,-0.13282115757465363
-0.014887785539031029,-0.6662896275520325,-0.13330994546413422
-0.014504197984933853,-0.6670173406600952,-0.13412924110889435
-0.014619853347539902,-0.6682367324829102,-0.13320641219615936
0.06577635556459427,-0.6559152007102966,-0.017506718635559082
-0.08312113583087921,-0.6504437923431396,-0.030199525877833366
0.033929456025362015,-0.6075887084007263,-0.1087799072265625
-0.009159793145954609,-0.6037404537200928,-0.11087507009506226
0.1478995978832245,-0.46450674533843994,0.05133182927966118
-0.1539396345615387,-0.4656884968280792,0.040160126984119415
0.16248612105846405,-0.25442272424697876,-0.042061567306518555
-0.2152142971754074,-0.23598149418830872,-0.023055244237184525
0.21769873797893524,-0.3515658676624298,-0.2772006392478943
-0.2595726251602173,-0.3179778754711151,-0.24335278570652008
0.2195151150226593,-0.3578181266784668,-0.3195682466030121
-0.2591243386268616,-0.3243515193462372,-0.2839180827140808
0.23114462196826935,-0.38508400321006775,-0.32981589436531067
-0.2727743685245514,-0.3594309389591217,-0.2945898473262787
0.21903875470161438,-0.36708587408065796,-0.2848043739795685
-0.2556634843349457,-0.3339420258998871,-0.2540414333343506
0.11330026388168335,-0.001368876313790679,0.009366936981678009
-0.11312249302864075,0.0006672742892988026,-0.008444791659712791
0.1280960887670517,0.42339080572128296,-0.004266821779310703
-0.12054744362831116,0.39596837759017944,-0.026290658861398697
0.2022421658039093,0.7634448409080505,0.11090032011270523
-0.13588301837444305,0.7567229270935059,0.10342153161764145
0.21412472426891327,0.8080811500549316,0.11473170667886734
-0.1372188925743103,0.8022608757019043,0.10826591402292252
0.23868435621261597,0.8728581070899963,-0.012268131598830223
-0.1546800583600998,0.8673617839813232,-0.022036027163267136
-
0.008680936880409718,-0.6312816739082336,-0.15449166297912598
0.014470744878053665,-0.668116569519043,-0.1376606822013855
0.015010980889201164,-0.668597400188446,-0.13722047209739685
0.014724397100508213,-0.6690635085105896,-0.13689455389976501
-0.01875697448849678,-0.6655551195144653,-0.13704629242420197
-0.01836860179901123,-0.6662762761116028,-0.13787497580051422
-0.018483629450201988,-0.6674985885620117,-0.13696900010108948
0.06261788308620453,-0.6559621095657349,-0.021855534985661507
-0.08612234145402908,-0.6494411826133728,-0.03292549028992653
0.030993787571787834,-0.6074273586273193,-0.11254618316888809
-0.01210032869130373,-0.6031458973884583,-0.11411841958761215
0.14744481444358826,-0.46458134055137634,0.048143062740564346
-0.1549418717622757,-0.46522510051727295,0.03819010406732559
0.16248953342437744,-0.2545740604400635,-0.04647187516093254
-0.21544358134269714,-0.23577049374580383,-0.02517733909189701
0.2168637365102768,-0.35281139612197876,-0.2853631377220154
-0.25994858145713806,-0.3175477683544159,-0.2486179769039154
0.2184658795595169,-0.3595079481601715,-0.3282943665981293
-0.25952422618865967,-0.3239133358001709,-0.29003584384918213
0.23019348084926605,-0.38688933849334717,-0.3380889594554901
-0.27326256036758423,-0.35912004113197327,-0.30031633377075195
0.21814706921577454,-0.3685023784637451,-0.29284557700157166
-0.2561214864253998,-0.33352842926979065,-0.25934046506881714
0.11334754526615143,-0.0013515190221369267,0.009364120662212372
-0.11317157745361328,0.000647331471554935,-0.008440710604190826
0.1280917376279831,0.42326414585113525,-0.004820310510694981
-0.1205798014998436,0.395796537399292,-0.02663932554423809
0.20227302610874176,0.7631440758705139,0.11098824441432953
-0.1365348845720291,0.7565456032752991,0.10351381450891495
0.21416984498500824,0.80779629945755,0.11481842398643494
-0.13778991997241974,0.8021100163459778,0.10836965590715408
0.23874105513095856,0.8725816011428833,-0.012147950939834118
-0.15478478372097015,0.8672603368759155,-0.0221629049628973
-
0.005248403642326593,-0.6308251619338989,-0.15701520442962646
0.010589771904051304,-0.6678301692008972,-0.14046815037727356
0.011135300621390343,-0.6683059930801392,-0.14003252983093262
0.01083754375576973,-0.6687789559364319,-0.13970836997032166
-0.022626347839832306,-0.6648364663124084,-0.139590784907341
-0.02223419025540352,-0.6655560731887817,-0.14042609930038452
-0.022351717576384544,-0.6667807698249817,-0.13952811062335968
0.05940902978181839,-0.6560921669006348,-0.024955186992883682
-0.08920413255691528,-0.6482893824577332,-0.034723617136478424
0.028206080198287964,-0.607302188873291,-0.11511214822530746
-0.014878576621413231,-0.6025499701499939,-0.11628508567810059
0.14690659940242767,-0.4647725522518158,0.046206697821617126
-0.1555246114730835,-0.4645790457725525,0.036614108830690384
0.16262800991535187,-0.25483447313308716,-0.04900176450610161
-0.2156239151954651,-0.23557741940021515,-0.026963142678141594
0.21652752161026,-0.35715627670288086,-0.28786569833755493
-0.26051563024520874,-0.31783968210220337,-0.25124502182006836
0.21803247928619385,-0.3653392195701599,-0.33074089884757996
-0.2601619362831116,-0.3242603540420532,-0.2928287386894226
0.22985100746154785,-0.39269036054611206,-0.3400592803955078
-0.2740653455257416,-0.3594808876514435,-0.3026093542575836
0.2178117334842682,-0.3731233775615692,-0.29514414072036743
-0.2568301856517792,-0.3338368535041809,-0.2618618309497833
0.11336430162191391,-0.0013351102825254202,0.009367662481963634
-0.11318983137607574,0.0006290387245826423,-0.008443742990493774
0.12815634906291962,0.4231266677379608,-0.00494698341935873
-0.12057407200336456,0.39571601152420044,-0.026730908080935478
0.20238196849822998,0.7630025744438171,0.1111108809709549
-0.13685159385204315,0.7564991116523743,0.10357869416475296
0.21429605782032013,0.8076693415641785,0.11491851508617401
-0.13805021345615387,0.8020579218864441,0.1084422618150711
0.23880979418754578,0.8724071383476257,-0.012057860381901264
-0.15480224788188934,0.8671468496322632,-0.022310268133878708
-
0.004494102671742439,-0.6297606825828552,-0.15797583758831024
0.009864121675491333,-0.6670090556144714,-0.14155635237693787
0.010408439673483372,-0.6674741506576538,-0.14112232625484467
0.010108009912073612,-0.6679590940475464,-0.14079824090003967
-0.02337023615837097,-0.6636825203895569,-0.14073383808135986
-0.022978827357292175,-0.664402425289154,-0.14157305657863617
-0.023095373064279556,-0.6656317710876465,-0.14066888391971588
0.058413900434970856,-0.6560968160629272,-0.02581617422401905
-0.09032931923866272,-0.6473867297172546,-0.03580419346690178
0.027342019602656364,-0.6067342758178711,-0.1159234344959259
-0.01577751338481903,-0.6015488505363464,-0.11715704202651978
0.14623163640499115,-0.4648708701133728,0.045844096690416336
-0.1559782475233078,-0.46415629982948303,0.03609218820929527
0.1627008318901062,-0.2554034888744354,-0.049099862575531006
-0.21602225303649902,-0.23573614656925201,-0.027168136090040207
0.21508415043354034,-0.3608398735523224,-0.28777772188186646
-0.2613584101200104,-0.31922489404678345,-0.2513156235218048
0.21596549451351166,-0.3695226311683655,-0.33062267303466797
-0.26091504096984863,-0.32642877101898193,-0.2928401827812195
0.22758427262306213,-0.39706623554229736,-0.3398917615413666
-0.27479127049446106,-0.36165833473205566,-0.30251559615135193
0.21616408228874207,-0.377004474401474,-0.29496386647224426
-0.2577393651008606,-0.33537566661834717,-0.2618756592273712
0.11336274445056915,-0.0013239256804808974,0.009384470991790295
-0.11318869888782501,0.0006170586566440761,-0.00846081878989935
0.12821470201015472,0.4230589270591736,-0.004992225673049688
-0.12029027938842773,0.39574405550956726,-0.026612697169184685
0.20244061946868896,0.7630741000175476,0.11130574345588684
-0.13695327937602997,0.7566152811050415,0.10365181416273117
0.21436190605163574,0.8077863454818726,0.1150832250714302
-0.13812890648841858,0.802219808101654,0.10851521044969559
0.2388787716627121,0.8723673820495605,-0.01198357343673706
-0.15472929179668427,0.8672729134559631,-0.022377727553248405
-
0.004573988262563944,-0.6283053159713745,-0.15845748782157898
0.01009432040154934,-0.665773868560791,-0.14207467436790466
0.010637642815709114,-0.6662276983261108,-0.14164221286773682
0.01033658068627119,-0.6667249798774719,-0.14131785929203033
-0.023170167580246925,-0.6622974872589111,-0.14139916002750397
-0.022780118510127068,-0.663017988204956,-0.14223964512348175
-0.02289653941988945,-0.6642521619796753,-0.14132919907569885
0.05828167498111725,-0.6559239029884338,-0.025971481576561928
-0.09070584923028946,-0.6466304063796997,-0.03658697009086609
0.027179785072803497,-0.6057530641555786,-0.11621581017971039
-0.015993600711226463,-0.6003206372261047,-0.11762233823537827
0.14561352133750916,-0.4648759663105011,0.04586688429117203
-0.15639381110668182,-0.46385419368743896,0.03582648187875748
0.16281524300575256,-0.25564807653427124,-0.048464152961969376
-0.21645991504192352,-0.23586523532867432,-0.027237409725785255
0.21387691795825958,-0.36276698112487793,-0.28495973348617554
-0.26166725158691406,-0.32038286328315735,-0.25130778551101685
0.2141670137643814,-0.3716248571872711,-0.3277209997177124
-0.2610887885093689,-0.32819613814353943,-0.2927914261817932
0.2255745232105255,-0.3994227647781372,-0.336557537317276
-0.2748964726924896,-0.3634275794029236,-0.3024354577064514
0.2147424966096878,-0.379081666469574,-0.2918555736541748
-0.25805312395095825,-0.3366602659225464,-0.2618386447429657
0.11335496604442596,-0.0013167866272851825,0.009458573535084724
-0.11318086087703705,0.0006091119721531868,-0.008534081280231476
0.1283421665430069,0.42300188541412354,-0.0049957046285271645
-0.11976582556962967,0.3958130478858948,-0.026606138795614243
0.20262551307678223,0.7631680369377136,0.11139079183340073
-0.13690420985221863,0.7567848563194275,0.10357264429330826
0.21456210315227509,0.8079126477241516,0.11514929682016373
-0.13805992901325226,0.8024305701255798,0.10839922726154327
0.2390291839838028,0.8723031878471375,-0.011910063214600086
-0.15418840944766998,0.8674315214157104,-0.02287019044160843
-
0.0033593785483390093,-0.6270735859870911,-0.15842927992343903
0.008943173103034496,-0.6647099256515503,-0.14205555617809296
0.009482665918767452,-0.6651531457901001,-0.14162299036979675
0.009179194457828999,-0.6656628251075745,-0.14129850268363953
-0.024336205795407295,-0.6610490083694458,-0.14138533174991608
-0.02395019493997097,-0.6617752909660339,-0.14222480356693268
-0.024068547412753105,-0.6630136370658875,-0.14131274819374084
0.057186827063560486,-0.6557310223579407,-0.025933627039194107
-0.09196582436561584,-0.6457103490829468,-0.036588747054338455
0.02594277448952198,-0.6048736572265625,-0.1161651536822319
-0.017258744686841965,-0.5991815328598022,-0.11758948117494583
0.14456157386302948,-0.46482232213020325,0.0461377389729023
-0.15686413645744324,-0.46335503458976746,0.03598920628428459
0.1625349223613739,-0.25569048523902893,-0.04622374475002289
-0.21660196781158447,-0.23581142723560333,-0.026091234758496284
0.21234910190105438,-0.3637867867946625,-0.27619946002960205
-0.2621329426765442,-0.3210112452507019,-0.24871262907981873
0.21209022402763367,-0.3729704022407532,-0.3181152641773224
-0.26156458258628845,-0.3291792869567871,-0.28966832160949707
0.22353269159793854,-0.4011307954788208,-0.32652121782302856
-0.2753370404243469,-0.36422795057296753,-0.299180269241333
0.21314367651939392,-0.38030901551246643,-0.28267672657966614
-0.25857019424438477,-0.33730942010879517,-0.2591054141521454
0.11333604156970978,-0.0013133545871824026,0.009489749558269978
-0.11316273361444473,0.0006050059455446899,-0.008564729243516922
0.1285020411014557,0.42296379804611206,-0.0045405225828289986
-0.1187564954161644,0.39599844813346863,-0.026477739214897156
0.2028704732656479,0.7638186812400818,0.11150503903627396
-0.13632787764072418,0.7574865221977234,0.10320302844047546
0.2148325890302658,0.8086397647857666,0.1152590811252594
-0.13742025196552277,0.8032047748565674,0.10789482295513153
0.23945026099681854,0.8723226189613342,-0.012046156451106071
-0.15317772328853607,0.867957353591919,-0.023893702775239944
-
0.0009025788167491555,-0.6261256337165833,-0.15780802071094513
0.006523533258587122,-0.6638697385787964,-0.14147715270519257
0.007059515919536352,-0.6643025279045105,-0.1410468965768814
0.006754125002771616,-0.664821207523346,-0.14071659743785858
-0.026750896126031876,-0.6600249409675598,-0.14069834351539612
-0.026371508836746216,-0.6607574820518494,-0.14153046905994415
-0.026492208242416382,-0.6619971990585327,-0.14061188697814941
0.05534399673342705,-0.6554767489433289,-0.025449000298976898
-0.09386502206325531,-0.6446123719215393,-0.03567421808838844
0.023742472752928734,-0.6041027903556824,-0.11558496206998825
-0.019457150250673294,-0.5981600284576416,-0.1169237345457077
0.1434517651796341,-0.4646054208278656,0.04690723866224289
-0.15737582743167877,-0.4624890685081482,0.037084583193063736
0.1626053899526596,-0.25561240315437317,-0.044254202395677567
-0.21669980883598328,-0.23542939126491547,-0.02382391318678856
0.21124149858951569,-0.364297479391098,-0.2697802484035492
-0.2625066041946411,-0.3212462365627289,-0.24514538049697876
0.21034426987171173,-0.37368038296699524,-0.3112064301967621
-0.2619529068470001,-0.3296532928943634,-0.2857515513896942
0.22146111726760864,-0.4021661877632141,-0.31905049085617065
-0.2756302058696747,-0.3645440936088562,-0.2950056195259094
0.2118052840232849,-0.38095569610595703,-0.27589884400367737
-0.2589567303657532,-0.3375310003757477,-0.2553498446941376
0.11329744011163712,-0.0013138640206307173,0.009499932639300823
-0.11312565952539444,0.000605083885602653,-0.008574878796935081
0.12879793345928192,0.42292138934135437,-0.0039292918518185616
-0.11726279556751251,0.3960566222667694,-0.026372142136096954
0.20310743153095245,0.764563262462616,0.11121485382318497
-0.13553017377853394,0.7582091689109802,0.1021755114197731
0.21508704125881195,0.8094878196716309,0.11476535350084305
-0.13663050532341003,0.8040088415145874,0.10661552846431732
0.23994013667106628,0.8722723126411438,-0.01331319659948349
-0.15245838463306427,0.8682039380073547,-0.025797773152589798
-
-0.0018212238792330027,-0.6255738735198975,-0.15699316561222076
0.003859471995383501,-0.6633769273757935,-0.14073069393634796
0.004392141941934824,-0.663802444934845,-0.1403028517961502
0.00408475287258625,-0.664327085018158,-0.13996626436710358
-0.029385946691036224,-0.6593970656394958,-0.13974778354167938
-0.029013272374868393,-0.6601367592811584,-0.14057360589504242
-0.0291348434984684,-0.6613764762878418,-0.139646515250206
0.053519755601882935,-0.6553378701210022,-0.024999333545565605
-0.09565019607543945,-0.6438504457473755,-0.03438460826873779
0.021387668326497078,-0.6036485433578491,-0.11490967124700546
-0.021782489493489265,-0.5975284576416016,-0.1160459965467453
0.14256754517555237,-0.46446940302848816,0.047408003360033035
-0.15790869295597076,-0.4618372321128845,0.038367386907339096
0.16267941892147064,-0.2556244432926178,-0.04320259392261505
-0.21686378121376038,-0.23511070013046265,-0.021353086456656456
0.21096183359622955,-0.3651493787765503,-0.2659885287284851
-0.2633005976676941,-0.32137545943260193,-0.24107429385185242
0.20978154242038727,-0.3749043643474579,-0.30699026584625244
-0.26291733980178833,-0.3299182951450348,-0.28126800060272217
0.22070007026195526,-0.40361306071281433,-0.31450939178466797
-0.27648866176605225,-0.36465781927108765,-0.29034504294395447
0.21142138540744781,-0.3819260597229004,-0.27191874384880066
-0.25978952646255493,-0.3376309871673584,-0.2511330544948578
0.11325661838054657,-0.0013104011304676533,0.009504132904112339
-0.11308751255273819,0.0006012573721818626,-0.008579090237617493
0.12909561395645142,0.42287275195121765,-0.0033868427854031324
-0.11658833920955658,0.39608949422836304,-0.02599330246448517
0.20314036309719086,0.7653529047966003,0.11095770448446274
-0.13538190722465515,0.7587788105010986,0.10152245312929153
0.215132936835289,0.8103842735290527,0.11434387415647507
-0.13651424646377563,0.8046514391899109,0.10577152669429779
0.24021171033382416,0.8722874522209167,-0.014130138792097569
-0.15245527029037476,0.8683001399040222,-0.026849355548620224
-
-0.00338109047152102,-0.6250977516174316,-0.1547304093837738
0.0023994864895939827,-0.6629129648208618,-0.13845886290073395
0.00293098040856421,-0.6633338332176208,-0.13803251087665558
0.0026228565257042646,-0.6638617515563965,-0.13768598437309265
-0.030818773433566093,-0.658855140209198,-0.13730305433273315
-0.030450595542788506,-0.6596025824546814,-0.13812094926834106
-0.030571309849619865,-0.66084223985672,-0.13718187808990479
0.05238136276602745,-0.6551042199134827,-0.02308526635169983
-0.09667538851499557,-0.6431670188903809,-0.03183048963546753
0.01991400308907032,-0.6032040119171143,-0.11282297223806381
-0.023214157670736313,-0.596982479095459,-0.11382019519805908
0.1415986716747284,-0.4643156826496124,0.0487702302634716
-0.15825599431991577,-0.46125271916389465,0.04047303646802902
0.16279275715351105,-0.25567877292633057,-0.04177221655845642
-0.2171204686164856,-0.2350447177886963,-0.018828775733709335
0.21086400747299194,-0.36645758152008057,-0.26270395517349243
-0.2640978991985321,-0.32152998447418213,-0.23706281185150146
0.20957764983177185,-0.3764494061470032,-0.30358853936195374
-0.2638639509677887,-0.3300973176956177,-0.2769383490085602
0.2202518731355667,-0.4052048623561859,-0.31081923842430115
-0.27714234590530396,-0.3647480010986328,-0.28574249148368835
0.21123692393302917,-0.383238822221756,-0.268532395362854
-0.2605380117893219,-0.3377145230770111,-0.2469555288553238
0.11318942904472351,-0.00131330662406981,0.009508314542472363
-0.1130220964550972,0.0006043141474947333,-0.008583318442106247
0.1294367015361786,0.4228307604789734,-0.0031286198645830154
-0.11612086743116379,0.39619746804237366,-0.02590695582330227
0.20322103798389435,0.766433835029602,0.10984675586223602
-0.13522741198539734,0.7599371075630188,0.09983934462070465
0.21521593630313873,0.8115921020507812,0.11296408623456955
-0.1363896280527115,0.80591881275177,0.10382131487131119
0.24080121517181396,0.8724417090415955,-0.015805542469024658
-0.15247680246829987,0.8687712550163269,-0.028864920139312744
-
-0.0035716472193598747,-0.6250180602073669,-0.1522509604692459
0.0022747854236513376,-0.6628221273422241,-0.1358468383550644
0.002806254429742694,-0.6632420420646667,-0.13541942834854126
0.00249810004606843,-0.6637710332870483,-0.13506655395030975
-0.03093063272535801,-0.6587578058242798,-0.13471943140029907
-0.030563268810510635,-0.6595086455345154,-0.13553138077259064
-0.030683090910315514,-0.6607486605644226,-0.1345759481191635
0.05215783417224884,-0.6550534963607788,-0.020520037040114403
-0.0968613252043724,-0.6430007219314575,-0.029518596827983856
0.019605368375778198,-0.6031081080436707,-0.11041221767663956
-0.023508960381150246,-0.5968708395957947,-0.11151263862848282
0.14088119566440582,-0.46426889300346375,0.05038352310657501
-0.15838786959648132,-0.46103358268737793,0.04219350218772888
0.16285790503025055,-0.25589948892593384,-0.04002248868346214
-0.2176080346107483,-0.2351178675889969,-0.01715133897960186
0.21082980930805206,-0.3677140772342682,-0.25945228338241577
-0.26523351669311523,-0.3226538598537445,-0.23373377323150635
0.20958247780799866,-0.3778354823589325,-0.3001730442047119
-0.2652222216129303,-0.3314325213432312,-0.2731584310531616
0.22020459175109863,-0.4064573347568512,-0.30738571286201477
-0.2781442701816559,-0.36575931310653687,-0.28167787194252014
0.21119312942028046,-0.3844257593154907,-0.2653067409992218
-0.2616260051727295,-0.3387499153614044,-0.24345579743385315
0.11311173439025879,-0.0013141266535967588,0.009510071948170662
-0.11294489353895187,0.0006055153789930046,-0.008585345931351185
0.1294611543416977,0.42280593514442444,-0.002817037282511592
-0.11603373289108276,0.3962828516960144,-0.025887779891490936
0.2032366842031479,0.7670367360115051,0.10972322523593903
-0.13468271493911743,0.7605968117713928,0.09920744597911835
0.21524816751480103,0.8122246265411377,0.1128169521689415
-0.13580597937107086,0.8066190481185913,0.10317549854516983
0.24111025035381317,0.8725306391716003,-0.015845512971282005
-0.15236474573612213,0.869214653968811,-0.029147334396839142
-
-0.004257326014339924,-0.6247946619987488,-0.1521265059709549
0.001413946971297264,-0.6626179218292236,-0.13580605387687683
0.0019466858357191086,-0.663037896156311,-0.13537906110286713
0.0016369580989703536,-0.663567304611206,-0.13502421975135803
-0.03169291093945503,-0.6584649085998535,-0.13463404774665833
-0.031325653195381165,-0.6592174172401428,-0.13544754683971405
-0.031444136053323746,-0.6604581475257874,-0.1344890296459198
0.051587797701358795,-0.6550498604774475,-0.02056405320763588
-0.09709863364696503,-0.642731785774231,-0.029446188360452652
0.019134394824504852,-0.6029911637306213,-0.11034297198057175
-0.023893097415566444,-0.5966567397117615,-0.11135248839855194
0.14076821506023407,-0.46434733271598816,0.05035373941063881
-0.1584048569202423,-0.46101662516593933,0.04241028428077698
0.16274642944335938,-0.2559298574924469,-0.04007096216082573
-0.21773311495780945,-0.2351718693971634,-0.016697002574801445
0.21021580696105957,-0.3676348626613617,-0.26025328040122986
-0.26526328921318054,-0.32367563247680664,-0.23334074020385742
0.2089647352695465,-0.37775036692619324,-0.3010953664779663
-0.2652195990085602,-0.33272168040275574,-0.2728066146373749
0.21958573162555695,-0.40635839104652405,-0.30844664573669434
-0.27812790870666504,-0.36706697940826416,-0.2812716066837311
0.210592582821846,-0.3843421936035156,-0.266207218170166
-0.26163893938064575,-0.33982253074645996,-0.24301914870738983
0.11308810114860535,-0.0013027499662712216,0.009456011466681957
-0.11292263865470886,0.0005938280373811722,-0.008532996289432049
0.12945711612701416,0.42282143235206604,-0.0027799366507679224
-0.11606951802968979,0.39633214473724365,-0.025701921433210373
0.20324742794036865,0.7673282623291016,0.1095840111374855
-0.13390186429023743,0.7608216404914856,0.09921066462993622
0.21527498960494995,0.8125059008598328,0.11265579611063004
-0.13485318422317505,0.8068450689315796,0.10319223254919052
0.24120932817459106,0.8727694749832153,-0.015953360125422478
-0.15205256640911102,0.8695172667503357,-0.029082471504807472
-
-0.0044926065020263195,-0.6242891550064087,-0.15190047025680542
0.0010108045535162091,-0.6621406674385071,-0.13568811118602753
0.0015432219952344894,-0.6625612378120422,-0.13526087999343872
0.0012336691142991185,-0.6630894541740417,-0.1349039524793625
-0.032016776502132416,-0.6578490734100342,-0.13445840775966644
-0.03164864331483841,-0.6586025953292847,-0.13527198135852814
-0.03176771104335785,-0.6598445177078247,-0.1343121975660324
0.05127347260713577,-0.6549669504165649,-0.02057601884007454
-0.09713857620954514,-0.6421173810958862,-0.029287640005350113
0.019016601145267487,-0.6026560664176941,-0.11019006371498108
-0.02395024523139,-0.5961549282073975,-0.11108919978141785
0.14077147841453552,-0.4643680453300476,0.05033671855926514
-0.1584060937166214,-0.46088922023773193,0.04287658631801605
0.16259637475013733,-0.25572600960731506,-0.040109165012836456
-0.21779882907867432,-0.23509137332439423,-0.015575392171740532
0.20948903262615204,-0.36674532294273376,-0.26064491271972656
-0.2653205692768097,-0.3237304389476776,-0.2324640452861786
0.20818212628364563,-0.3765365183353424,-0.30149057507514954
-0.265228807926178,-0.33275869488716125,-0.27200546860694885
0.21871457993984222,-0.40511593222618103,-0.30886170268058777
-0.27813634276390076,-0.3671269714832306,-0.28055351972579956
0.20983923971652985,-0.3834105134010315,-0.26665759086608887
-0.2616811692714691,-0.3398721218109131,-0.24214667081832886
0.1130804568529129,-0.0012937776045873761,0.009373847395181656
-0.11291544139385223,0.0005842658574692905,-0.008451961912214756
0.12939147651195526,0.42281922698020935,-0.002792821731418371
-0.11607372760772705,0.3964023292064667,-0.025629360228776932
0.2032463699579239,0.7674818634986877,0.10936985164880753
-0.13299909234046936,0.7610673308372498,0.09913576394319534
0.21529245376586914,0.8126494884490967,0.11241806298494339
-0.13374394178390503,0.8070910573005676,0.10312417149543762
0.2412518858909607,0.8728976845741272,-0.0162667203694582
-0.15125350654125214,0.8698849678039551,-0.029048006981611252
-
-0.0047830077819526196,-0.623810350894928,-0.15189820528030396
0.0005433475016616285,-0.6616823673248291,-0.13570331037044525
0.0010762537131085992,-0.6621049642562866,-0.13527603447437286
0.0007661170675419271,-0.6626312732696533,-0.1349191814661026
-0.03241176903247833,-0.6572543382644653,-0.1344725489616394
-0.0320429764688015,-0.6580079793930054,-0.13528656959533691
-0.03216300532221794,-0.6592509150505066,-0.13432680070400238
0.05091819912195206,-0.6548708081245422,-0.020814619958400726
-0.0972229614853859,-0.6414596438407898,-0.029319632798433304
0.018871689215302467,-0.6023311018943787,-0.11020208895206451
-0.024036528542637825,-0.5956642627716064,-0.11107847839593887
0.14079760015010834,-0.4643953740596771,0.050139207392930984
-0.15841242671012878,-0.4606921970844269,0.042945053428411484
0.1626214236021042,-0.25564512610435486,-0.04028629884123802
-0.21788683533668518,-0.23488901555538177,-0.015234551392495632
0.20935124158859253,-0.36597153544425964,-0.2616235911846161
-0.2653294503688812,-0.323786199092865,-0.23229743540287018
0.2080458104610443,-0.3754136860370636,-0.3025670051574707
-0.26515668630599976,-0.33279281854629517,-0.2718992233276367
0.21850723028182983,-0.40395423769950867,-0.3100825250148773
-0.2780699133872986,-0.36718985438346863,-0.2804456651210785
0.20968201756477356,-0.3825703561306,-0.2676406502723694
-0.26167628169059753,-0.3399370610713959,-0.24196386337280273
0.11307583749294281,-0.0012880695285275578,0.009307729080319405
-0.11291182041168213,0.0005779349012300372,-0.008386341854929924
0.1293952465057373,0.42280134558677673,-0.0027958655264228582
-0.11597014963626862,0.39648786187171936,-0.02552352473139763
0.20328445732593536,0.7675168514251709,0.109087735414505
-0.13237743079662323,0.7613413333892822,0.09899765998125076
0.2153531014919281,0.8126792311668396,0.11208371073007584
-0.133042573928833,0.8073819875717163,0.1029716283082962
0.24136042594909668,0.8729138970375061,-0.016707468777894974
-0.15089626610279083,0.8702036738395691,-0.029162561520934105
-
-0.004853458143770695,-0.623256266117096,-0.15167497098445892
0.0003063167096115649,-0.6611537337303162,-0.13558392226696014
0.0008371344301849604,-0.6615772247314453,-0.13515605032444
0.0005264765350148082,-0.6621030569076538,-0.1347983032464981
-0.032583147287368774,-0.6565612554550171,-0.13430757820606232
-0.032213952392339706,-0.657318115234375,-0.13511958718299866
-0.03233525529503822,-0.6585631966590881,-0.13415782153606415
0.05064715817570686,-0.6547401547431946,-0.02082761377096176
-0.09723757952451706,-0.6406527161598206,-0.029219796881079674
0.01886100322008133,-0.6019527912139893,-0.11005184054374695
-0.02400772087275982,-0.5950919389724731,-0.11084827035665512
0.1408098340034485,-0.4643930494785309,0.05009682476520538
-0.15838095545768738,-0.46040743589401245,0.04332606866955757
0.16211166977882385,-0.2548767328262329,-0.04013930261135101
-0.21794843673706055,-0.23439323902130127,-0.013949004001915455
0.20892392098903656,-0.36532163619995117,-0.26189491152763367
-0.26537251472473145,-0.323641300201416,-0.23026502132415771
0.2077089250087738,-0.3746989071369171,-0.30287450551986694
-0.2651556730270386,-0.3325202167034149,-0.26953718066215515
0.21824334561824799,-0.4032258093357086,-0.310551255941391
-0.2780835032463074,-0.3670031428337097,-0.2782280147075653
0.2093488574028015,-0.3819289207458496,-0.26796188950538635
-0.261709064245224,-0.33981093764305115,-0.2399262934923172
0.11307089030742645,-0.0012844441225752234,0.009248987771570683
-0.11290787160396576,0.0005739520420320332,-0.008327724412083626
0.12940122187137604,0.4227972626686096,-0.002787938341498375
-0.1156032606959343,0.39673399925231934,-0.02519098110496998
0.20349812507629395,0.7675766348838806,0.10900414735078812
-0.1312793642282486,0.7617436051368713,0.0990067794919014
0.21563191711902618,0.8127279281616211,0.11198876053094864
-0.13185550272464752,0.8077983856201172,0.10298576205968857
0.24165961146354675,0.8729596734046936,-0.016807839274406433
-0.15010865032672882,0.8706526756286621,-0.029121650382876396
-
-0.004871474578976631,-0.6228901743888855,-0.15120737254619598
0.00019462579803075641,-0.6607940793037415,-0.13522739708423615
0.000723823148291558,-0.6612181663513184,-0.13479852676391602
0.0004131053283344954,-0.6617441177368164,-0.13443994522094727
-0.03265872970223427,-0.6561095714569092,-0.13391725718975067
-0.03228955343365669,-0.656869113445282,-0.13472579419612885
-0.03241138532757759,-0.6581154465675354,-0.13376067578792572
0.050460364669561386,-0.6546204686164856,-0.020727895200252533
-0.09725240617990494,-0.6401161551475525,-0.02896174043416977
0.018860243260860443,-0.6016793251037598,-0.1096486747264862
-0.023980043828487396,-0.5947056412696838,-0.1103970929980278
0.14079858362674713,-0.4643799662590027,0.05012304708361626
-0.1583656370639801,-0.4601879417896271,0.043799545615911484
0.1614665985107422,-0.25433507561683655,-0.03964236378669739
-0.21800319850444794,-0.23405136168003082,-0.012895294465124607
0.2087777853012085,-0.365170419216156,-0.2613624036312103
-0.26551297307014465,-0.32351604104042053,-0.22857533395290375
0.20766408741474152,-0.374569296836853,-0.30231091380119324
-0.26524871587753296,-0.33225807547569275,-0.2675645351409912
0.21823863685131073,-0.40307992696762085,-0.3101699650287628
-0.2782174348831177,-0.3667638599872589,-0.2764074206352234
0.2092711478471756,-0.38178518414497375,-0.26747891306877136
-0.26184025406837463,-0.3396827280521393,-0.2382630854845047
0.11306511610746384,-0.001282768091186881,0.00921699684113264
-0.11290285736322403,0.0005719850305467844,-0.008295443840324879
0.1294393688440323,0.4227917790412903,-0.0027800616808235645
-0.11535952985286713,0.39696478843688965,-0.02502627670764923
0.20373490452766418,0.7677181363105774,0.10881013423204422
-0.1302332878112793,0.7621492743492126,0.09895139932632446
0.21591654419898987,0.8128642439842224,0.11177081614732742
-0.13072361052036285,0.8082109689712524,0.10293009132146835
0.24199151992797852,0.8730583190917969,-0.017008919268846512
-0.14929136633872986,0.8710283637046814,-0.029115870594978333
-
-0.004873608238995075,-0.6224600672721863,-0.15002086758613586
0.0001116837011068128,-0.6603822112083435,-0.13417881727218628
0.000638999103102833,-0.6608065366744995,-0.13374842703342438
0.0003283369296696037,-0.6613324284553528,-0.1333867609500885
-0.03271223232150078,-0.6555917263031006,-0.13280494511127472
-0.0323433093726635,-0.6563549637794495,-0.13360518217086792
-0.032465480268001556,-0.6576018333435059,-0.13263550400733948
0.050336629152297974,-0.6544698476791382,-0.020092060789465904
-0.0972442626953125,-0.6395155191421509,-0.028006426990032196
0.018874937668442726,-0.6013496518135071,-0.10853831470012665
-0.02394736185669899,-0.5942550301551819,-0.10921696573495865
0.14078430831432343,-0.4643442928791046,0.05049298703670502
-0.15825249254703522,-0.45992010831832886,0.04497528821229935
0.1600690335035324,-0.25337859988212585,-0.03864399716258049
-0.21806278824806213,-0.2334757298231125,-0.011075066402554512
0.20821678638458252,-0.36494043469429016,-0.2598869800567627
-0.26563456654548645,-0.32267624139785767,-0.2262456864118576
0.2073410451412201,-0.374395489692688,-0.30078110098838806
-0.26539888978004456,-0.33097895979881287,-0.2649814486503601
0.2180650532245636,-0.40288016200065613,-0.3087581992149353
-0.2784123718738556,-0.3653537333011627,-0.27414679527282715
0.20887257158756256,-0.38156747817993164,-0.26604583859443665
-0.2619667947292328,-0.33873748779296875,-0.23604343831539154
0.11305487900972366,-0.0012821569107472897,0.009185702539980412
-0.11289392411708832,0.0005712351994588971,-0.008263704366981983
0.1294625699520111,0.4228017330169678,-0.0027818442322313786
-0.11514587700366974,0.3972523510456085,-0.024982664734125137
0.20393404364585876,0.7681764364242554,0.10807833075523376
-0.12915052473545074,0.7628582119941711,0.09852184355258942
0.2161576747894287,0.8133288621902466,0.11095353960990906
-0.1295396387577057,0.8089267611503601,0.10246791690587997
0.2422858625650406,0.8732714653015137,-0.017851119861006737
-0.14832818508148193,0.8716966509819031,-0.029461592435836792
-
-0.0048420303501188755,-0.6223333477973938,-0.1483556628227234
0.00010856762673938647,-0.6602599620819092,-0.13256040215492249
0.0006350112380459905,-0.66068434715271,-0.13212831318378448
0.0003241494414396584,-0.6612105369567871,-0.13176414370536804
-0.032705023884773254,-0.6554131507873535,-0.13115990161895752
-0.03233643248677254,-0.656179666519165,-0.13195273280143738
-0.03245849907398224,-0.6574262380599976,-0.13097769021987915
0.050290074199438095,-0.6544339060783386,-0.01878592185676098
-0.09722744673490524,-0.639205276966095,-0.026547232642769814
0.018901277333498,-0.6012502908706665,-0.10693034529685974
-0.02392026036977768,-0.5940894484519958,-0.10760239511728287
0.14077730476856232,-0.4643409848213196,0.05125993490219116
-0.15812495350837708,-0.45969274640083313,0.04623030126094818
0.15961697697639465,-0.2531464397907257,-0.03759666532278061
-0.21810275316238403,-0.2330959290266037,-0.009695595130324364
0.20815911889076233,-0.36496007442474365,-0.25812533497810364
-0.26584088802337646,-0.3218230903148651,-0.22423022985458374
0.20734860002994537,-0.37444719672203064,-0.2988962233066559
-0.265686959028244,-0.329682856798172,-0.26272571086883545
0.21807844936847687,-0.4028756320476532,-0.3068379759788513
-0.278713196516037,-0.363855242729187,-0.2720426321029663
0.20885345339775085,-0.381572961807251,-0.26428231596946716
-0.2621781527996063,-0.3377419710159302,-0.2340799868106842
0.11303658783435822,-0.0012859638081863523,0.009158628061413765
-0.11287721246480942,0.0005753161385655403,-0.008236657828092575
0.12950783967971802,0.42280569672584534,-0.002787496894598007
-0.11495814472436905,0.3975147008895874,-0.0249608363956213
0.2041943520307541,0.7685837745666504,0.10720588266849518
-0.12837982177734375,0.7636013627052307,0.09792347252368927
0.2164669930934906,0.8137465119361877,0.10999846458435059
-0.12872043251991272,0.8096847534179688,0.10182949900627136
0.2426822930574417,0.8734573125839233,-0.018742486834526062
-0.1477791965007782,0.8723161816596985,-0.029909465461969376
-
-0.004763583652675152,-0.622263491153717,-0.1478290855884552
0.00013865962682757527,-0.6601977944374084,-0.1320761889219284
0.0006652644369751215,-0.660622239112854,-0.13164518773555756
0.0003545906802173704,-0.6611484289169312,-0.13127700984477997
-0.03267277404665947,-0.6553251147270203,-0.13069385290145874
-0.0323045551776886,-0.6560922861099243,-0.13148634135723114
-0.03242604061961174,-0.6573388576507568,-0.13050784170627594
0.05030813068151474,-0.6544187664985657,-0.018364552408456802
-0.09717792272567749,-0.6391117572784424,-0.026145197451114655
0.019006945192813873,-0.6012027859687805,-0.10637960582971573
-0.023778891190886497,-0.5940114855766296,-0.10706497728824615
0.14080500602722168,-0.4643898606300354,0.0515984445810318
-0.1579933762550354,-0.4596537947654724,0.046833161264657974
0.15948189795017242,-0.2529906630516052,-0.03700106963515282
-0.2181379348039627,-0.23284223675727844,-0.008999873884022236
0.20816896855831146,-0.36494508385658264,-0.25804588198661804
-0.26606664061546326,-0.3212805986404419,-0.22371730208396912
0.20741872489452362,-0.37443307042121887,-0.2988829016685486
-0.2659575641155243,-0.32886770367622375,-0.2622531056404114
0.2181832492351532,-0.4028415083885193,-0.3068780303001404
-0.2790660560131073,-0.36301925778388977,-0.2716183662414551
0.20888353884220123,-0.3815525770187378,-0.264230877161026
-0.2624218463897705,-0.3371419906616211,-0.23359571397304535
0.11302923411130905,-0.0012901040026918054,0.009107149206101894
-0.11287092417478561,0.0005795899196527898,-0.008186469785869122
0.12959550321102142,0.42281726002693176,-0.0028507262468338013
-0.11494769901037216,0.3975618779659271,-0.024997694417834282
0.2045266181230545,0.768832266330719,0.10633915662765503
-0.12768925726413727,0.7638376355171204,0.09760776907205582
0.21681110560894012,0.8140078186988831,0.10907299071550369
-0.12794433534145355,0.8099201917648315,0.10152573883533478
0.2427828013896942,0.8737649917602539,-0.019706057384610176
-0.14739952981472015,0.872528076171875,-0.03000067174434662
-
-0.004832621198147535,-0.6220702528953552,-0.14767201244831085
-3.442552770138718e-05,-0.6600461006164551,-0.1319642961025238
0.0004909038543701172,-0.6604700088500977,-0.13153478503227234
0.00017972775094676763,-0.6609964966773987,-0.13116438686847687
-0.03283658251166344,-0.655103862285614,-0.13058319687843323
-0.0324694961309433,-0.6558714509010315,-0.13137517869472504
-0.03259026259183884,-0.6571178436279297,-0.1303958296775818
0.05008067563176155,-0.6544066667556763,-0.018278662115335464
-0.09731855243444443,-0.6389310359954834,-0.026026850566267967
0.01897820085287094,-0.6010909676551819,-0.10619769990444183
-0.023784717544913292,-0.5938240885734558,-0.10687310993671417
0.14077617228031158,-0.46448084712028503,0.05176183208823204
-0.1579970419406891,-0.4595939815044403,0.04719877988100052
0.15891383588314056,-0.25255709886550903,-0.03626947104930878
-0.21815162897109985,-0.2321992665529251,-0.008370138704776764
0.20817752182483673,-0.36474162340164185,-0.25756198167800903
-0.266416996717453,-0.31975141167640686,-0.22335371375083923
0.20755568146705627,-0.3742388188838959,-0.2984166741371155
-0.2664203941822052,-0.3267042338848114,-0.26189297437667847
0.21841555833816528,-0.4026094675064087,-0.3065749406814575
-0.27974840998649597,-0.36084842681884766,-0.2714146375656128
0.20893053710460663,-0.3813537061214447,-0.2638223469257355
-0.26283758878707886,-0.33550211787223816,-0.23330384492874146
0.1130235567688942,-0.001300311996601522,0.009049328975379467
-0.11286631971597672,0.0005898103700019419,-0.00812929030507803
0.12961970269680023,0.42282047867774963,-0.0028603007085621357
-0.11489129811525345,0.3976055085659027,-0.02498420886695385
0.20466263592243195,0.7689766883850098,0.10548511147499084
-0.1273323893547058,0.7640748023986816,0.09735384583473206
0.21694178879261017,0.8141525387763977,0.10811632126569748
-0.12757503986358643,0.8101581931114197,0.10124615579843521
0.24282078444957733,0.8738795518875122,-0.020854564383625984
-0.14733318984508514,0.8726254105567932,-0.03015570528805256
-
-0.005140015389770269,-0.621997594833374,-0.14748737215995789
-0.000381445192033425,-0.6599900126457214,-0.1317855268716812
0.0001430666889064014,-0.6604134440422058,-0.13135740160942078
-0.00016849389066919684,-0.6609399318695068,-0.13098588585853577
-0.033200886100530624,-0.6550291180610657,-0.1304035633802414
-0.03283611312508583,-0.6557967066764832,-0.13119566440582275
-0.03295531123876572,-0.6570425033569336,-0.1302150934934616
0.04975473880767822,-0.654395341873169,-0.018068931996822357
-0.09767094254493713,-0.638868510723114,-0.0257972851395607
0.018720190972089767,-0.6010339260101318,-0.10599038749933243
-0.024028336629271507,-0.5937454700469971,-0.10666555166244507
0.14057710766792297,-0.464506596326828,0.05203866586089134
-0.15809832513332367,-0.459507554769516,0.04749505966901779
0.15883328020572662,-0.25251367688179016,-0.035876594483852386
-0.21817722916603088,-0.23178547620773315,-0.008108645677566528
0.20832198858261108,-0.36485278606414795,-0.257070928812027
-0.26713818311691284,-0.31863051652908325,-0.2233426570892334
0.20789071917533875,-0.37442275881767273,-0.29785603284835815
-0.26742056012153625,-0.3251933753490448,-0.2619147002696991
0.21879519522190094,-0.40275222063064575,-0.3060230016708374
-0.28091469407081604,-0.3592264652252197,-0.27149420976638794
0.209126278758049,-0.3814666271209717,-0.2633476257324219
-0.26366132497787476,-0.33426791429519653,-0.23333176970481873
0.113011933863163,-0.0013219377724453807,0.009006761945784092
-0.1128564104437828,0.0006119306781329215,-0.00808778591454029
0.1296512484550476,0.4228144884109497,-0.0028421676252037287
-0.11483617126941681,0.3976488411426544,-0.02497967705130577
0.20474830269813538,0.7691212892532349,0.10463496297597885
-0.12710429728031158,0.7643898129463196,0.09680885076522827
0.21702155470848083,0.8143056035041809,0.10713652521371841
-0.12735489010810852,0.8104802370071411,0.10062343627214432
0.24285531044006348,0.8739369511604309,-0.022016962990164757
-0.14730899035930634,0.872728168964386,-0.030667610466480255
-
-0.005230467766523361,-0.6219653487205505,-0.14746029675006866
-0.0004692317743320018,-0.6599652171134949,-0.13175331056118011
5.4438711231341586e-05,-0.6603884696960449,-0.13132551312446594
-0.000256597064435482,-0.6609151363372803,-0.13095438480377197
-0.03330399468541145,-0.6549990773200989,-0.1303737610578537
-0.03293957561254501,-0.6557667851448059,-0.13116513192653656
-0.033058684319257736,-0.6570123434066772,-0.13018561899662018
0.04966454580426216,-0.6543841361999512,-0.018002841621637344
-0.09779968857765198,-0.6388327479362488,-0.025745242834091187
0.018633145838975906,-0.6010003685951233,-0.1059497520327568
-0.02411418966948986,-0.5937051177024841,-0.10663224756717682
0.14051543176174164,-0.46450960636138916,0.05209967494010925
-0.15814469754695892,-0.45943140983581543,0.047584470361471176
0.15883709490299225,-0.2525082528591156,-0.03576681390404701
-0.2178317755460739,-0.2315560132265091,-0.008029231801629066
0.20837490260601044,-0.3650527000427246,-0.2567559480667114
-0.26735982298851013,-0.3175010085105896,-0.22344852983951569
0.20797044038772583,-0.3746645450592041,-0.29749637842178345
-0.26791438460350037,-0.3236308693885803,-0.26205459237098694
0.21889160573482513,-0.4029891788959503,-0.3056396245956421
-0.2815546989440918,-0.357374370098114,-0.2716105282306671
0.2091892510652542,-0.38167858123779297,-0.26302412152290344
-0.2639665901660919,-0.3329550325870514,-0.23344187438488007
0.11299996078014374,-0.00133695756085217,0.008989067748188972
-0.11284545063972473,0.0006269876612350345,-0.008069811388850212
0.12965235114097595,0.4228146970272064,-0.0028138288762420416
-0.11461895704269409,0.3976747393608093,-0.024991672486066818
0.20487385988235474,0.7693477869033813,0.10423450171947479
-0.1264045387506485,0.7644985914230347,0.0965847298502922
0.2171744704246521,0.8145419955253601,0.10666734725236893
-0.1265987902879715,0.8105852007865906,0.10037530958652496
0.2429516613483429,0.873953104019165,-0.022660812363028526
-0.1462942659854889,0.8727714419364929,-0.03099995106458664
-
-0.005220917984843254,-0.622050940990448,-0.14742696285247803
-0.0004373314732220024,-0.6600399017333984,-0.13169249892234802
8.588391938246787e-05,-0.6604628562927246,-0.13126574456691742
-0.00022502713545691222,-0.6609901189804077,-0.13089600205421448
-0.033285558223724365,-0.655110776424408,-0.13032595813274384
-0.032921455800533295,-0.6558796763420105,-0.1311168074607849
-0.0330406054854393,-0.6571237444877625,-0.13013862073421478
0.04969506338238716,-0.6544041633605957,-0.017836829647421837
-0.09780104458332062,-0.6389303803443909,-0.02568896673619747
0.018627891317009926,-0.6010295748710632,-0.10589848458766937
-0.0241251140832901,-0.5937729477882385,-0.10660746693611145
0.14045554399490356,-0.4645204544067383,0.05217284336686134
-0.15816643834114075,-0.4594108760356903,0.04757837951183319
0.1590896099805832,-0.25299468636512756,-0.035768281668424606
-0.21719558537006378,-0.23156613111495972,-0.00808992050588131
0.20844927430152893,-0.3673897683620453,-0.25618359446525574
-0.26738137006759644,-0.3172568678855896,-0.22350117564201355
0.20802441239356995,-0.3775860369205475,-0.29667890071868896
-0.2680504620075226,-0.323287695646286,-0.26213738322257996
0.21896740794181824,-0.4058345854282379,-0.30460405349731445
-0.28171321749687195,-0.3568190336227417,-0.2717380225658417
0.20926354825496674,-0.3840666115283966,-0.2623860239982605
-0.26400166749954224,-0.33261948823928833,-0.23354694247245789
0.11297111958265305,-0.00136292923707515,0.008981241844594479
-0.11281809955835342,0.0006536425789818168,-0.008061980828642845
0.12967750430107117,0.42280012369155884,-0.002645225031301379
-0.11430175602436066,0.39770424365997314,-0.02495868131518364
0.20514750480651855,0.7693562507629395,0.1042143851518631
-0.12588438391685486,0.7645347714424133,0.0965685322880745
0.21749666333198547,0.8145459294319153,0.10664476454257965
-0.1260787695646286,0.8106173276901245,0.10035577416419983
0.24340374767780304,0.8738123178482056,-0.022656941786408424
-0.14555723965168,0.8727845549583435,-0.03100651688873768
-
-0.005197528284043074,-0.6221023797988892,-0.14712710678577423
-0.00036756950430572033,-0.660081684589386,-0.13134030997753143
0.00015475403051823378,-0.6605044603347778,-0.1309155821800232
-0.00015574824647046626,-0.66103196144104,-0.13054890930652618
-0.033231668174266815,-0.655189037322998,-0.1300143152475357
-0.03286798670887947,-0.6559586524963379,-0.13080385327339172
-0.03298715874552727,-0.6572015881538391,-0.12982794642448425
0.049739331007003784,-0.6544143557548523,-0.01735001429915428
-0.0977964773774147,-0.6390377283096313,-0.02542773447930813
0.01863247901201248,-0.6010450720787048,-0.10556655377149582
-0.02412141114473343,-0.5938253402709961,-0.10635077208280563
0.1403626799583435,-0.4645498991012573,0.05237182602286339
-0.15822464227676392,-0.45939621329307556,0.047661375254392624
0.1591120809316635,-0.253376305103302,-0.03567890077829361
-0.21687014400959015,-0.23159059882164001,-0.007983674295246601
0.208442822098732,-0.36806532740592957,-0.25553056597709656
-0.2674064636230469,-0.3169765770435333,-0.2231735736131668
0.20803052186965942,-0.37827765941619873,-0.2958959639072418
-0.26819732785224915,-0.32290011644363403,-0.26174554228782654
0.21897409856319427,-0.40639299154281616,-0.3037487864494324
-0.28187593817710876,-0.3562823534011841,-0.27155348658561707
0.20925967395305634,-0.38468068838119507,-0.26171886920928955
-0.26405513286590576,-0.3322717845439911,-0.23331202566623688
0.11294763535261154,-0.0013832446420565248,0.008971561677753925
-0.11279553174972534,0.0006743542617186904,-0.008052267134189606
0.1296854168176651,0.42279350757598877,-0.002633334370329976
-0.11427026242017746,0.3977687358856201,-0.02467229776084423
0.20533625781536102,0.7692624926567078,0.1043047159910202
-0.12584351003170013,0.7645437121391296,0.09680061042308807
0.2177177220582962,0.8144195079803467,0.1067718043923378
-0.12603744864463806,0.81062251329422,0.10060261934995651
0.243597149848938,0.8736903667449951,-0.02242700196802616
-0.14536932110786438,0.8727906346321106,-0.030674779787659645
-
-0.005128627177327871,-0.6221171021461487,-0.1468239575624466
-0.00018757584621198475,-0.6600880026817322,-0.13099846243858337
0.00033421089756302536,-0.6605108380317688,-0.13057570159435272
2.4132335965987295e-05,-0.6610384583473206,-0.1302105188369751
-0.03307917341589928,-0.6552353501319885,-0.12971515953540802
-0.03271609917283058,-0.6560053825378418,-0.1305057406425476
-0.03283512592315674,-0.6572476625442505,-0.12953118979930878
0.049871426075696945,-0.6544091701507568,-0.016880512237548828
-0.09775537997484207,-0.6391960978507996,-0.02520717680454254
0.01864684745669365,-0.6010394096374512,-0.10522741824388504
-0.024112876504659653,-0.5938594341278076,-0.10609389841556549
0.14023415744304657,-0.4645587205886841,0.05256163328886032
-0.15828272700309753,-0.45941299200057983,0.047720614820718765
0.1590866893529892,-0.2539070248603821,-0.035664718598127365
-0.2167516052722931,-0.23178374767303467,-0.007970987819135189
0.20836274325847626,-0.3688981533050537,-0.25531426072120667
-0.2674188017845154,-0.31702038645744324,-0.22304265201091766
0.2079833745956421,-0.3791748285293579,-0.2955953776836395
-0.26821720600128174,-0.3229522407054901,-0.26157116889953613
0.21894702315330505,-0.4071226418018341,-0.30340448021888733
-0.28188303112983704,-0.35633978247642517,-0.27144211530685425
0.20919248461723328,-0.3854430019855499,-0.2614923417568207
-0.26406973600387573,-0.33230558037757874,-0.23320160806179047
0.11292093247175217,-0.0013963613891974092,0.00896251667290926
-0.11276955157518387,0.0006875866092741489,-0.008043152280151844
0.12965498864650726,0.4227907955646515,-0.002630599308758974
-0.11426214873790741,0.39779219031333923,-0.02459329180419445
0.20538142323493958,0.7691846489906311,0.10442429035902023
-0.12579816579818726,0.7645054459571838,0.09689762443304062
0.2177754044532776,0.8143174052238464,0.10693981498479843
-0.12598420679569244,0.8105700612068176,0.10071840137243271
0.24366308748722076,0.8736076951026917,-0.022143559530377388
-0.14509378373622894,0.8727654218673706,-0.030504688620567322
-
-0.005033649038523436,-0.6220203042030334,-0.1462504118680954
-1.3122333257342689e-05,-0.659985363483429,-0.1304614096879959
0.0005078488611616194,-0.6604087352752686,-0.13004060089588165
0.00019781886658165604,-0.6609363555908203,-0.12967409193515778
-0.03291080519556999,-0.6551799178123474,-0.12920193374156952
-0.03254873678088188,-0.655950665473938,-0.12999296188354492
-0.03266739845275879,-0.6571925282478333,-0.12901678681373596
0.04999992623925209,-0.6543629169464111,-0.016357310116291046
-0.09766621887683868,-0.6392201781272888,-0.02481713704764843
0.018687983974814415,-0.6009498834609985,-0.10462687164545059
-0.02407171204686165,-0.5938178300857544,-0.10555198043584824
0.1401999145746231,-0.4645877778530121,0.05281868577003479
-0.15830300748348236,-0.4594351351261139,0.048083409667015076
0.1590898036956787,-0.2541249096393585,-0.03553326055407524
-0.21665021777153015,-0.2318766564130783,-0.007513754069805145
0.20831626653671265,-0.3690289556980133,-0.25485488772392273
-0.26740190386772156,-0.3170599639415741,-0.2222684919834137
0.20795349776744843,-0.3792552947998047,-0.294969767332077
-0.2682061791419983,-0.32298538088798523,-0.2606343924999237
0.2189183533191681,-0.40715309977531433,-0.3027767539024353
-0.2818583846092224,-0.35639095306396484,-0.2705632150173187
0.20915253460407257,-0.385538786649704,-0.26100948452949524
-0.2640555799007416,-0.3323417603969574,-0.23240578174591064
0.11290127784013748,-0.00140747195109725,0.008929821662604809
-0.11275061964988708,0.0006987134111113846,-0.008010171353816986
0.12964744865894318,0.4228045642375946,-0.0026289070956408978
-0.11423143744468689,0.39781463146209717,-0.02451479248702526
0.20553019642829895,0.7691590785980225,0.10442755371332169
-0.12573829293251038,0.7644802331924438,0.09691164642572403
0.2179507166147232,0.8142811059951782,0.10694905370473862
-0.1259288340806961,0.8105379343032837,0.10073715448379517
0.24386022984981537,0.8735945820808411,-0.02210426889359951
-0.14503858983516693,0.8727303743362427,-0.03044697642326355
-
-0.004829237703233957,-0.6220384836196899,-0.14599594473838806
0.0002703805803321302,-0.6599938273429871,-0.1302238404750824
0.0007908717961981893,-0.6604173183441162,-0.12980422377586365
0.0004799344460479915,-0.6609451770782471,-0.12943892180919647
-0.03262915462255478,-0.655214250087738,-0.12895868718624115
-0.0322674959897995,-0.6559857130050659,-0.1297510713338852
-0.03238609433174133,-0.6572273373603821,-0.12877455353736877
0.050284937024116516,-0.654364824295044,-0.016187336295843124
-0.0973915383219719,-0.6393091082572937,-0.02462822198867798
0.01884256862103939,-0.6009525656700134,-0.10439254343509674
-0.023908868432044983,-0.5938494205474854,-0.10532012581825256
0.1402217298746109,-0.46462130546569824,0.05284114181995392
-0.15824705362319946,-0.4594784677028656,0.04814192280173302
0.15925385057926178,-0.2543128430843353,-0.03552684560418129
-0.21662917733192444,-0.23209868371486664,-0.007473838049918413
0.20835569500923157,-0.36905205249786377,-0.2545942962169647
-0.2673381268978119,-0.317521870136261,-0.2218361645936966
0.20801515877246857,-0.37925034761428833,-0.29460716247558594
-0.2681293785572052,-0.3236564099788666,-0.2600771188735962
0.2189754992723465,-0.4071293771266937,-0.3023974597454071
-0.2817245125770569,-0.35702770948410034,-0.26993000507354736
0.2092028111219406,-0.3855407238006592,-0.2607293725013733
-0.26398134231567383,-0.3328365683555603,-0.23192502558231354
0.11287198960781097,-0.0014134175144135952,0.008910402655601501
-0.1127219870686531,0.000704724108800292,-0.007990971207618713
0.12968505918979645,0.4227873384952545,-0.0026282002218067646
-0.11417312175035477,0.39784008264541626,-0.024322781711816788
0.20567907392978668,0.7690989375114441,0.10446164011955261
-0.12554071843624115,0.7644772529602051,0.09698080271482468
0.2181205004453659,0.8142046928405762,0.10700314491987228
-0.1257232129573822,0.8105310201644897,0.10081923007965088
0.24415801465511322,0.8735813498497009,-0.021904993802309036
-0.14473725855350494,0.8727289438247681,-0.030230605974793434
-
-0.00462078582495451,-0.622125506401062,-0.14522886276245117
0.0005935586523264647,-0.660048246383667,-0.12943147122859955
0.0011144891614094377,-0.6604716181755066,-0.12901203334331512
0.0008032490150071681,-0.6609991788864136,-0.12864890694618225
-0.032305650413036346,-0.6553268432617188,-0.1281600147485733
-0.03194425627589226,-0.6560996174812317,-0.1289566159248352
-0.03206247463822365,-0.6573405861854553,-0.127981036901474
0.05061968415975571,-0.6543615460395813,-0.015559631399810314
-0.09704586863517761,-0.6394432783126831,-0.02396123670041561
0.018989451229572296,-0.600982129573822,-0.10370868444442749
-0.023752979934215546,-0.5939376354217529,-0.10463553667068481
0.14022572338581085,-0.4646497070789337,0.05295892432332039
-0.1581588238477707,-0.45951560139656067,0.04838571324944496
0.1596081554889679,-0.25537237524986267,-0.035596124827861786
-0.21676689386367798,-0.23303842544555664,-0.0074417064897716045
0.20833541452884674,-0.3692101836204529,-0.2545916736125946
-0.2673857510089874,-0.31966716051101685,-0.22135266661643982
0.20799270272254944,-0.37930619716644287,-0.29458269476890564
-0.26815691590309143,-0.3266463577747345,-0.25948238372802734
0.2188853919506073,-0.40711796283721924,-0.30232229828834534
-0.2817157208919525,-0.35990098118782043,-0.2690754532814026
0.2091624140739441,-0.3856072425842285,-0.26071062684059143
-0.2640102207660675,-0.3350617289543152,-0.23132452368736267
0.1128234788775444,-0.0014186070766299963,0.008884930983185768
-0.11267317086458206,0.0007100484799593687,-0.007966233417391777
0.12975133955478668,0.42274725437164307,-0.0027081938460469246
-0.11420251429080963,0.3978610038757324,-0.02426924556493759
0.2057633101940155,0.769101083278656,0.10442955046892166
-0.12534578144550323,0.7644539475440979,0.09698867797851562
0.21821476519107819,0.8142064809799194,0.10699055343866348
-0.1254882663488388,0.810501217842102,0.10083526372909546
0.24441134929656982,0.8736380934715271,-0.021882791072130203
-0.14433123171329498,0.8727219700813293,-0.030111365020275116
-
-0.004498443566262722,-0.6222682595252991,-0.144484281539917
0.0008121320861391723,-0.6601468324661255,-0.12861129641532898
0.0013334316899999976,-0.6605697274208069,-0.12819257378578186
0.0010219906689599156,-0.6610971093177795,-0.12783092260360718
-0.03209253400564194,-0.6554911136627197,-0.12733879685401917
-0.0317312516272068,-0.6562653183937073,-0.12813739478588104
-0.031849365681409836,-0.6575051546096802,-0.1271638721227646
0.05085330083966255,-0.654357373714447,-0.01483034435659647
-0.09681059420108795,-0.6395675539970398,-0.023225370794534683
0.019065910950303078,-0.6010356545448303,-0.10304927080869675
-0.023671051487326622,-0.5940583944320679,-0.10398689657449722
0.14017820358276367,-0.4646467864513397,0.053097255527973175
-0.15806274116039276,-0.45951858162879944,0.04864555969834328
0.1595669686794281,-0.25601017475128174,-0.035644467920064926
-0.21690501272678375,-0.23387642204761505,-0.007455842569470406
0.2079394906759262,-0.36948153376579285,-0.2544155716896057
-0.2673860490322113,-0.32238325476646423,-0.22120682895183563
0.2076752781867981,-0.3795364499092102,-0.29430320858955383
-0.2681131064891815,-0.33041778206825256,-0.25927430391311646
0.21858377754688263,-0.4072098135948181,-0.3019310534000397
-0.28156813979148865,-0.36363568902015686,-0.26867008209228516
0.2087884098291397,-0.3857763707637787,-0.26049497723579407
-0.26399558782577515,-0.33792683482170105,-0.23110723495483398
0.11276288330554962,-0.0014271372929215431,0.00887108314782381
-0.11261218041181564,0.0007190362084656954,-0.007952705956995487
0.12980321049690247,0.4227195382118225,-0.002738027134910226
-0.11419464647769928,0.3979296386241913,-0.024132611230015755
0.20592544972896576,0.7691399455070496,0.1043892428278923
-0.12521666288375854,0.7644649147987366,0.09700179100036621
0.21839651465415955,0.8142462968826294,0.10696623474359512
-0.12534283101558685,0.8105083107948303,0.10085248202085495
0.24466577172279358,0.873751699924469,-0.021870682016015053
-0.1439245641231537,0.8727478981018066,-0.030028218403458595
-
-0.004392743576318026,-0.6223586797714233,-0.14368651807308197
0.001024187309667468,-0.6602060198783875,-0.12770599126815796
0.0015466957120224833,-0.6606292724609375,-0.1272888481616974
0.0012357061496004462,-0.6611560583114624,-0.12692734599113464
-0.03189794346690178,-0.6556071639060974,-0.1264590173959732
-0.03153665363788605,-0.6563810706138611,-0.1272590309381485
-0.03165421634912491,-0.6576201915740967,-0.1262897551059723
0.05105328932404518,-0.6543435454368591,-0.013883475214242935
-0.0966530591249466,-0.6396806240081787,-0.022413259372115135
0.019118931144475937,-0.601060688495636,-0.10229470580816269
-0.023621631786227226,-0.5941399335861206,-0.10327566415071487
0.1400730460882187,-0.4646414518356323,0.05325901135802269
-0.1580376774072647,-0.45951491594314575,0.0490441732108593
0.15934300422668457,-0.25665080547332764,-0.035864535719156265
-0.2169094830751419,-0.23444078862667084,-0.007461521774530411
0.20700591802597046,-0.36956092715263367,-0.2545205354690552
-0.2673216164112091,-0.3231165409088135,-0.22120735049247742
0.20681504905223846,-0.3795398771762848,-0.2943829596042633
-0.2679869830608368,-0.3312680423259735,-0.25928086042404175
0.21768862009048462,-0.40718889236450195,-0.30197542905807495
-0.28130483627319336,-0.3644507825374603,-0.26865407824516296
0.20782896876335144,-0.38579654693603516,-0.2605847716331482
-0.2638998031616211,-0.33865007758140564,-0.2310999482870102
0.11271245032548904,-0.0014422960812225938,0.008843346498906612
-0.11256028711795807,0.0007345184567384422,-0.007924729958176613
0.12981249392032623,0.42269352078437805,-0.0028418446891009808
-0.11419486999511719,0.3979600667953491,-0.024112502112984657
0.20605534315109253,0.7692395448684692,0.10394372045993805
-0.12518532574176788,0.7644868493080139,0.09691647440195084
0.21855291724205017,0.8143567442893982,0.10651887953281403
-0.12530440092086792,0.8105269074440002,0.10075871646404266
0.24482686817646027,0.8739057183265686,-0.022287845611572266
-0.14370422065258026,0.8727806806564331,-0.03007798083126545
-
-0.0043295095674693584,-0.6224565505981445,-0.1432524025440216
0.0011727494420483708,-0.6602720022201538,-0.12721796333789825
0.0016958401538431644,-0.6606958508491516,-0.12680213153362274
0.0013854177668690681,-0.6612217426300049,-0.12644095718860626
-0.03176196292042732,-0.655732274055481,-0.12600520253181458
-0.031401000916957855,-0.6565055847167969,-0.12680742144584656
-0.03151835501194,-0.6577439904212952,-0.1258411407470703
0.05116025358438492,-0.654334545135498,-0.013367146253585815
-0.09657002985477448,-0.6398213505744934,-0.02206275798380375
0.019137460738420486,-0.6010932326316833,-0.10187835991382599
-0.023603934794664383,-0.5942332744598389,-0.10291098803281784
0.13989059627056122,-0.46464410424232483,0.053285300731658936
-0.15805064141750336,-0.4595131576061249,0.04920798912644386
0.1588965654373169,-0.2571185529232025,-0.03620254248380661
-0.21690954267978668,-0.23475688695907593,-0.007558722048997879
0.20626205205917358,-0.3696216940879822,-0.2547377943992615
-0.26723718643188477,-0.3237542510032654,-0.22129979729652405
0.20621424913406372,-0.37954744696617126,-0.2945288121700287
-0.26785698533058167,-0.33208873867988586,-0.2593593895435333
0.21715481579303741,-0.40716901421546936,-0.30211466550827026
-0.28110915422439575,-0.3652642071247101,-0.26868894696235657
0.20713384449481964,-0.385810911655426,-0.2607973515987396
-0.2637979984283447,-0.3393104672431946,-0.2311699539422989
0.11267050355672836,-0.0014648804208263755,0.008802548050880432
-0.11251743882894516,0.0007573700859211385,-0.007883970625698566
0.12982289493083954,0.42262914776802063,-0.002911579329520464
-0.11420678347349167,0.39797911047935486,-0.024105630815029144
0.2061597853899002,0.7692451477050781,0.10356453061103821
-0.12512758374214172,0.7644838094711304,0.09671173989772797
0.21867156028747559,0.8143628835678101,0.1061280146241188
-0.1252349615097046,0.8105195164680481,0.10053668171167374
0.24491268396377563,0.8739333152770996,-0.02263282984495163
-0.14347010850906372,0.8727802634239197,-0.03021828457713127
-
-0.0035060907248407602,-0.6227243542671204,-0.1444162130355835
0.002286134287714958,-0.660476803779602,-0.12822936475276947
0.002813773462548852,-0.6609043478965759,-0.1278175711631775
0.0025050630792975426,-0.6614266037940979,-0.12745968997478485
-0.0307269599288702,-0.6560839414596558,-0.127252459526062
-0.030366145074367523,-0.6568518280982971,-0.12806615233421326
-0.03047957643866539,-0.6580901145935059,-0.12710019946098328
0.05182420834898949,-0.6543406844139099,-0.013864344917237759
-0.09612014889717102,-0.6403138041496277,-0.023531945422291756
0.01961553283035755,-0.6012236475944519,-0.10284095257520676
-0.02318534068763256,-0.5945281982421875,-0.10415621846914291
0.13987883925437927,-0.464695006608963,0.052705246955156326
-0.15805578231811523,-0.45963963866233826,0.04807258024811745
0.15897837281227112,-0.2580965459346771,-0.03816165030002594
-0.21626023948192596,-0.23517848551273346,-0.010597546584904194
0.20606151223182678,-0.3702404499053955,-0.25939348340034485
-0.26598405838012695,-0.32396140694618225,-0.22681109607219696
0.20589351654052734,-0.38006097078323364,-0.29966530203819275
-0.2664690315723419,-0.33227330446243286,-0.2657386064529419
0.2168155312538147,-0.4075796902179718,-0.30726951360702515
-0.2795356512069702,-0.3654908239841461,-0.2749214768409729
0.2068682163953781,-0.3863545060157776,-0.26551899313926697
-0.26247239112854004,-0.3395162522792816,-0.23676364123821259
0.11265621334314346,-0.0014791671419516206,0.008790477178990841
-0.11250363290309906,0.0007710347999818623,-0.007871890440583229
0.12985144555568695,0.4226311445236206,-0.002970730420202017
-0.1146925836801529,0.39791974425315857,-0.024355415254831314
0.2061247080564499,0.7692463994026184,0.10356008261442184
-0.12512356042861938,0.7644065618515015,0.09668458253145218
0.21861909329891205,0.8143648505210876,0.10612815618515015
-0.12522849440574646,0.8104506731033325,0.10051517933607101
0.24491332471370697,0.8740930557250977,-0.02256571128964424
-0.14364396035671234,0.872726321220398,-0.030172890052199364
-
-0.003056642832234502,-0.6227317452430725,-0.14448204636573792
0.0028999506030231714,-0.6604804992675781,-0.12827390432357788
0.0034287874586880207,-0.6609081625938416,-0.12786255776882172
0.0031214591581374407,-0.6614301204681396,-0.1275043934583664
-0.030163312330842018,-0.6561086177825928,-0.1273321509361267
-0.029801644384860992,-0.6568757891654968,-0.1281469762325287
-0.02991343103349209,-0.6581138372421265,-0.12718206644058228
0.05224817618727684,-0.6543005704879761,-0.013841047883033752
-0.09587501734495163,-0.6404473781585693,-0.023604566231369972
0.019884590059518814,-0.6012147665023804,-0.10285793989896774
-0.022963842377066612,-0.5945446491241455,-0.10420870780944824
0.13986876606941223,-0.4646974205970764,0.05276339501142502
-0.15805776417255402,-0.45972368121147156,0.04808388277888298
0.15907613933086395,-0.2582729458808899,-0.03823653236031532
-0.21576988697052002,-0.2352885752916336,-0.010770768858492374
0.20585985481739044,-0.3705892264842987,-0.2601686716079712
-0.26552605628967285,-0.32395073771476746,-0.22771793603897095
0.205495685338974,-0.38038671016693115,-0.30082130432128906
-0.266075074672699,-0.33224233984947205,-0.26699206233024597
0.21631421148777008,-0.40796416997909546,-0.3083713948726654
-0.279019296169281,-0.3654673099517822,-0.27622419595718384
0.2065654993057251,-0.38673660159111023,-0.26629534363746643
-0.2619785666465759,-0.3395032584667206,-0.23772552609443665
0.11263849586248398,-0.0014862793032079935,0.00878215953707695
-0.1124846562743187,0.0007780196610838175,-0.007863477803766727
0.12988422811031342,0.42262762784957886,-0.0031296100933104753
-0.11497984826564789,0.3977905213832855,-0.02487143874168396
0.2060183584690094,0.7692781686782837,0.10350170731544495
-0.12502869963645935,0.7642982006072998,0.09656891971826553
0.21848560869693756,0.8144050240516663,0.10608714818954468
-0.12511040270328522,0.8103471398353577,0.10042420029640198
0.2448904812335968,0.8741440773010254,-0.022564446553587914
-0.14363150298595428,0.8725632429122925,-0.030180441215634346
-
-0.0026906768325716257,-0.6226621270179749,-0.14432993531227112
0.003428683616220951,-0.6603997349739075,-0.12809723615646362
0.003957902546972036,-0.6608271598815918,-0.1276862770318985
0.0036513467784971,-0.6613482236862183,-0.12732720375061035
-0.02967062219977379,-0.6560899615287781,-0.1271941214799881
-0.029308468103408813,-0.6568567752838135,-0.1280093640089035
-0.029418963938951492,-0.6580944657325745,-0.1270451694726944
0.052656032145023346,-0.6541523933410645,-0.013422425836324692
-0.09562891721725464,-0.6404991745948792,-0.023466570302844048
0.020098060369491577,-0.6011040806770325,-0.10261963307857513
-0.02278584986925125,-0.5945193767547607,-0.10403856635093689
0.13983969390392303,-0.4646265208721161,0.05320063605904579
-0.15806126594543457,-0.4597809910774231,0.04847294092178345
0.15907350182533264,-0.258255273103714,-0.038070276379585266
-0.21550105512142181,-0.23530294001102448,-0.010563877411186695
0.20535902678966522,-0.3706645369529724,-0.2601209580898285
-0.26521235704421997,-0.3237820267677307,-0.22764180600643158
0.2047254592180252,-0.3804539144039154,-0.30079323053359985
-0.2657838761806488,-0.33191147446632385,-0.2669009268283844
0.21544037759304047,-0.40808194875717163,-0.30832916498184204
-0.2786019444465637,-0.3651218116283417,-0.2761540114879608
0.2059493362903595,-0.38684165477752686,-0.26624560356140137
-0.2616206109523773,-0.33929720520973206,-0.23764795064926147
0.11261362582445145,-0.0014953325735405087,0.008773202076554298
-0.11245862394571304,0.0007868591928854585,-0.007854492403566837
0.12989471852779388,0.42262205481529236,-0.003285910002887249
-0.11516846716403961,0.39770588278770447,-0.02534998208284378
0.2058454155921936,0.7693343758583069,0.10335300862789154
-0.12482950091362,0.7642646431922913,0.09634725004434586
0.21828368306159973,0.8144722580909729,0.10596129298210144
-0.12487038969993591,0.8103141784667969,0.1002272218465805
0.24482274055480957,0.8741847276687622,-0.022618303075432777
-0.14355812966823578,0.8724713325500488,-0.030265720561146736
-
-0.002527603879570961,-0.6226531863212585,-0.14436133205890656
0.003649972379207611,-0.6603890657424927,-0.1281256526708603
0.004179210867732763,-0.6608160734176636,-0.12771520018577576
0.00387247814796865,-0.6613370180130005,-0.1273563653230667
-0.02947097457945347,-0.6560964584350586,-0.1272340565919876
-0.029108045622706413,-0.6568631529808044,-0.12804928421974182
-0.029218535870313644,-0.6581007242202759,-0.12708620727062225
0.05284010246396065,-0.654118537902832,-0.013410722836852074
-0.0955289900302887,-0.6405571103096008,-0.02347944676876068
0.0202028751373291,-0.6010797023773193,-0.10262315720319748
-0.022700235247612,-0.5945219397544861,-0.10405253618955612
0.13982044160366058,-0.46461090445518494,0.053251489996910095
-0.1580544412136078,-0.4598342478275299,0.04850774258375168
0.1590670645236969,-0.25825268030166626,-0.03806210681796074
-0.21491770446300507,-0.235319584608078,-0.010551370680332184
0.20460806787014008,-0.37089088559150696,-0.2600943148136139
-0.26480206847190857,-0.323763906955719,-0.22773706912994385
0.20363883674144745,-0.38072067499160767,-0.30080434679985046
-0.2654624879360199,-0.33186933398246765,-0.26705050468444824
0.21432697772979736,-0.4084378778934479,-0.30831021070480347
-0.2782696485519409,-0.3650566637516022,-0.2763596475124359
0.2050916999578476,-0.3871266543865204,-0.2662096917629242
-0.2612239718437195,-0.33926665782928467,-0.23776595294475555
0.11258448660373688,-0.0015047121560201049,0.008766410872340202
-0.11242862790822983,0.0007958469795994461,-0.007847658358514309
0.1299210786819458,0.4226026237010956,-0.0033513931557536125
-0.11521308869123459,0.397625595331192,-0.025601359084248543
0.2056853175163269,0.76934814453125,0.10329299420118332
-0.12452835589647293,0.7642301917076111,0.09626320004463196
0.21808955073356628,0.8144888877868652,0.10590941458940506
-0.12452812492847443,0.8102807402610779,0.10015520453453064
0.2446940541267395,0.874196469783783,-0.022634411230683327
-0.1433706432580948,0.8723849058151245,-0.030284326523542404
-
-0.0025106407701969147,-0.6226102113723755,-0.14436756074428558
0.0036628025118261576,-0.6603526473045349,-0.12813600897789001
0.004191954154521227,-0.6607789397239685,-0.12772595882415771
0.0038851790595799685,-0.6612997055053711,-0.12736710906028748
-0.029459135606884956,-0.6560739278793335,-0.12724809348583221
-0.029096055775880814,-0.6568402647972107,-0.12806323170661926
-0.029206717386841774,-0.6580774784088135,-0.12710103392601013
0.052850522100925446,-0.6540976762771606,-0.01340076420456171
-0.09553340822458267,-0.6405735611915588,-0.023475827649235725
0.020213887095451355,-0.6010381579399109,-0.10261716693639755
-0.022691922262310982,-0.5944971442222595,-0.10404784977436066
0.1397378146648407,-0.46462565660476685,0.05330141261219978
-0.1580808311700821,-0.4598413407802582,0.04854857921600342
0.15897336602210999,-0.2582647204399109,-0.03806588798761368
-0.2144683450460434,-0.23530898988246918,-0.010536896996200085
0.20354758203029633,-0.3710606098175049,-0.26017099618911743
-0.2645179033279419,-0.32363492250442505,-0.22777897119522095
0.20227643847465515,-0.3809089660644531,-0.30096855759620667
-0.26524677872657776,-0.3316834568977356,-0.2671378552913666
0.2128893882036209,-0.40865811705589294,-0.3084224462509155
-0.27808326482772827,-0.36483874917030334,-0.27649086713790894
0.20391932129859924,-0.38732439279556274,-0.2662661373615265
-0.26096513867378235,-0.3391133248806,-0.2378271222114563
0.11256123334169388,-0.0015156310983002186,0.008758018724620342
-0.11240489035844803,0.0008064127177931368,-0.007839244790375233
0.12992797791957855,0.4225939214229584,-0.0034867548383772373
-0.11526914685964584,0.397595077753067,-0.025749830529093742
0.20553435385227203,0.7693547010421753,0.10326417535543442
-0.12432271987199783,0.7642236351966858,0.0962214395403862
0.2179131656885147,0.8144955039024353,0.1058918908238411
-0.12427475303411484,0.8102743029594421,0.10012298822402954
0.24444878101348877,0.8742154240608215,-0.022634534165263176
-0.14315831661224365,0.8723787069320679,-0.030285511165857315
-
-0.0024772463366389275,-0.6226212382316589,-0.14447267353534698
0.003679088084027171,-0.6603657007217407,-0.12824560701847076
0.004208211787045002,-0.6607910394668579,-0.12783662974834442
0.0039014227222651243,-0.6613119840621948,-0.12747907638549805
-0.02944192662835121,-0.6560877561569214,-0.12736649811267853
-0.02907891757786274,-0.656853973865509,-0.1281813085079193
-0.029189586639404297,-0.6580907702445984,-0.12722180783748627
0.052869368344545364,-0.6540980935096741,-0.01344975084066391
-0.09551604092121124,-0.6405888199806213,-0.02355276048183441
0.020245706662535667,-0.6010422706604004,-0.10269244015216827
-0.02266111597418785,-0.5945039987564087,-0.10412908345460892
0.13972511887550354,-0.4646299481391907,0.05330720171332359
-0.15806926786899567,-0.45984113216400146,0.0485411062836647
0.1588827222585678,-0.2582598626613617,-0.03817177563905716
-0.21392463147640228,-0.235280841588974,-0.010584637522697449
0.2021196037530899,-0.3712629973888397,-0.26039332151412964
-0.26394122838974,-0.3235873878002167,-0.22789976000785828
0.20036029815673828,-0.3811276853084564,-0.3013361692428589
-0.26470252871513367,-0.33159998059272766,-0.2672872245311737
0.2108788937330246,-0.40893393754959106,-0.3086639642715454
-0.27763620018959045,-0.36473506689071655,-0.2766963243484497
0.20234540104866028,-0.3875731825828552,-0.266436904668808
-0.2604338824748993,-0.33905553817749023,-0.23797281086444855
0.1125376746058464,-0.0015238934429362416,0.008756192401051521
-0.11238119006156921,0.0008145307074300945,-0.00783771276473999
0.12993645668029785,0.42257171869277954,-0.0036142522003501654
-0.1153138130903244,0.397573858499527,-0.025779670104384422
0.20545311272144318,0.769317090511322,0.10332544893026352
-0.12399959564208984,0.7641842365264893,0.09632940590381622
0.21782679855823517,0.8144477605819702,0.10598945617675781
-0.12387673556804657,0.8102303147315979,0.10026571154594421
0.24434204399585724,0.8741551041603088,-0.022495759651064873
-0.14263051748275757,0.872333824634552,-0.03005097433924675
-
-0.002424574224278331,-0.6228427886962891,-0.14460591971874237
0.003702551359310746,-0.6605805158615112,-0.12837441265583038
0.004231245256960392,-0.6610018014907837,-0.12796632945537567
0.003924341406673193,-0.6615235805511475,-0.12761016190052032
-0.029418108984827995,-0.6562875509262085,-0.1274939924478531
-0.029054639860987663,-0.6570544242858887,-0.12830854952335358
-0.02916584722697735,-0.6582893133163452,-0.1273522973060608
0.05288977548480034,-0.6541725397109985,-0.013549799099564552
-0.09549181908369064,-0.6406359076499939,-0.023643599823117256
0.020307594910264015,-0.6011925339698792,-0.10282117128372192
-0.022594386711716652,-0.5946442484855652,-0.1042524203658104
0.13975010812282562,-0.4646381139755249,0.05324007198214531
-0.15803852677345276,-0.4598453640937805,0.04846210032701492
0.15886418521404266,-0.2582634687423706,-0.03840615972876549
-0.21374693512916565,-0.23529203236103058,-0.010719701647758484
0.2009948343038559,-0.3717062771320343,-0.26057079434394836
-0.2638248801231384,-0.32363179326057434,-0.22796769440174103
0.198806494474411,-0.3817346692085266,-0.30157750844955444
-0.2646234631538391,-0.3316274583339691,-0.26734593510627747
0.20931245386600494,-0.40963616967201233,-0.30879342555999756
-0.2776012122631073,-0.3647526800632477,-0.2767767012119293
0.2011287361383438,-0.38809800148010254,-0.2665638327598572
-0.2603471875190735,-0.33909350633621216,-0.23805086314678192
0.11251365393400192,-0.0015298024518415332,0.008759347721934319
-0.11235786229372025,0.0008203909965232015,-0.007841448299586773
0.12992945313453674,0.42254364490509033,-0.0036383892875164747
-0.11535902321338654,0.3975396454334259,-0.025743503123521805
0.20528458058834076,0.7692646980285645,0.10344268381595612
-0.1239771619439125,0.7641097903251648,0.09659533947706223
0.21764890849590302,0.814382016658783,0.10613800585269928
-0.12385564297437668,0.810152530670166,0.10056993365287781
0.24414381384849548,0.8740364909172058,-0.02228378877043724
-0.14260776340961456,0.8722056150436401,-0.029586659744381905
-
-0.0020400092471390963,-0.6234626173973083,-0.1445658802986145
0.0040206871926784515,-0.6611613035202026,-0.12829767167568207
0.004545054864138365,-0.6615771651268005,-0.1278897076845169
0.0042385742999613285,-0.6620998382568359,-0.12753523886203766
-0.029100079089403152,-0.6568721532821655,-0.12743380665779114
-0.028736894950270653,-0.657642662525177,-0.12824679911136627
-0.02885044924914837,-0.6588748693466187,-0.1272915005683899
0.053125977516174316,-0.6543132662773132,-0.013420815579593182
-0.09526393562555313,-0.6407997012138367,-0.02360052801668644
0.020648544654250145,-0.6015780568122864,-0.10278531908988953
-0.02223873697221279,-0.5950499773025513,-0.10423330217599869
0.13982892036437988,-0.46461257338523865,0.05326371267437935
-0.1579742282629013,-0.45984867215156555,0.04850020632147789
0.15872882306575775,-0.25800615549087524,-0.038221850991249084
-0.21375444531440735,-0.2353304773569107,-0.010545993223786354
0.20047448575496674,-0.37170758843421936,-0.2588525712490082
-0.2643449604511261,-0.32369405031204224,-0.2270919382572174
0.19828559458255768,-0.38174334168434143,-0.2996850609779358
-0.26543566584587097,-0.33168521523475647,-0.26618823409080505
0.20890013873577118,-0.40965017676353455,-0.30673500895500183
-0.27853959798812866,-0.36476629972457886,-0.27586111426353455
0.20065893232822418,-0.38810521364212036,-0.2647462487220764
-0.26096847653388977,-0.33913567662239075,-0.23725242912769318
0.1124810203909874,-0.0015393693465739489,0.008767331950366497
-0.11232586205005646,0.0008301443886011839,-0.007849966175854206
0.12995462119579315,0.42252472043037415,-0.003513383213430643
-0.11524955928325653,0.39755427837371826,-0.025150232017040253
0.20528186857700348,0.7692577838897705,0.10374972969293594
-0.123782679438591,0.764094352722168,0.09719821065664291
0.2176477313041687,0.8143683671951294,0.10647165030241013
-0.12368982285261154,0.8101345300674438,0.10118668526411057
0.2441996932029724,0.8738947510719299,-0.021832183003425598
-0.14246268570423126,0.8720531463623047,-0.028779711574316025
-
-0.0018042254960164428,-0.6236819624900818,-0.14458498358726501
0.004121645353734493,-0.6613876819610596,-0.12830352783203125
0.004643318708986044,-0.6617984175682068,-0.12789508700370789
0.0043365792371332645,-0.6623227000236511,-0.12754133343696594
-0.02899055741727352,-0.6570376753807068,-0.1274418830871582
-0.028627870604395866,-0.6578101515769958,-0.12825441360473633
-0.028742210939526558,-0.6590410470962524,-0.1272990107536316
0.05319264903664589,-0.6544219851493835,-0.013423201628029346
-0.09518808871507645,-0.6408100724220276,-0.02360452525317669
0.02093062922358513,-0.6017423868179321,-0.10281606018543243
-0.021935803815722466,-0.5951536893844604,-0.10426811873912811
0.14006589353084564,-0.4646128714084625,0.053267523646354675
-0.15787075459957123,-0.4596582353115082,0.048509981483221054
0.15884950757026672,-0.25799235701560974,-0.03797009959816933
-0.21411044895648956,-0.23528282344341278,-0.010426882654428482
0.20033001899719238,-0.3718639016151428,-0.2566697895526886
-0.2654658257961273,-0.3246293067932129,-0.22642090916633606
0.19804923236370087,-0.3819543123245239,-0.2972423732280731
-0.26662832498550415,-0.3331947922706604,-0.26522621512413025
0.20862258970737457,-0.40991395711898804,-0.304094523191452
-0.2800363004207611,-0.3663206100463867,-0.27483057975769043
0.20049934089183807,-0.3883008360862732,-0.26237842440605164
-0.2622212767601013,-0.34020158648490906,-0.23654156923294067
0.11245807260274887,-0.0015457473928108811,0.008796744048595428
-0.1123037040233612,0.0008366219699382782,-0.007881316356360912
0.13004674017429352,0.4225022494792938,-0.0030545147601515055
-0.11487992107868195,0.3976731598377228,-0.02341528981924057
0.20534829795360565,0.7692431807518005,0.10441223531961441
-0.12366227060556412,0.7640855312347412,0.09853372722864151
0.21773798763751984,0.8143429160118103,0.10713709890842438
-0.12361160665750504,0.8101248741149902,0.10248765349388123
0.24470873177051544,0.8735495805740356,-0.02117142081260681
-0.1424357146024704,0.8718710541725159,-0.027614567428827286
-
-0.001535039977170527,-0.6236869692802429,-0.1443670690059662
0.004272877238690853,-0.6613944172859192,-0.12810364365577698
0.004792472347617149,-0.6618047952651978,-0.12769176065921783
0.004483984317630529,-0.6623292565345764,-0.12733860313892365
-0.02881864830851555,-0.6570362448692322,-0.12712840735912323
-0.028456654399633408,-0.6578101515769958,-0.12793724238872528
-0.028570642694830894,-0.6590404510498047,-0.1269768625497818
0.053630534559488297,-0.6544461846351624,-0.013332943432033062
-0.09464498609304428,-0.6407331824302673,-0.022946415469050407
0.02140083909034729,-0.6017487645149231,-0.10266287624835968
-0.02143351174890995,-0.595149040222168,-0.103981152176857
0.1410747766494751,-0.46462923288345337,0.05354500189423561
-0.1565195620059967,-0.45962631702423096,0.04916834086179733
0.16218549013137817,-0.25880002975463867,-0.0378279983997345
-0.2144850343465805,-0.23599845170974731,-0.010047581046819687
0.20086345076560974,-0.37720370292663574,-0.2544762194156647
-0.268526554107666,-0.3284063935279846,-0.22601395845413208
0.19817045331001282,-0.38898149132728577,-0.29461175203323364
-0.2702464759349823,-0.3380909860134125,-0.26474666595458984
0.20867332816123962,-0.4171561598777771,-0.3007139563560486
-0.2836819291114807,-0.37085556983947754,-0.27405694127082825
0.20088323950767517,-0.3940207064151764,-0.2597993016242981
-0.2654644250869751,-0.3440191149711609,-0.2360546886920929
0.11241235584020615,-0.0015397295355796814,0.008806361816823483
-0.11226003617048264,0.0008320899214595556,-0.007893441244959831
0.13025851547718048,0.4225045442581177,-0.002732526510953903
-0.11436059325933456,0.3977300822734833,-0.02318890392780304
0.20551453530788422,0.7692797183990479,0.10461428016424179
-0.12309205532073975,0.7641671299934387,0.09863392263650894
0.2179245799779892,0.8143729567527771,0.10734621435403824
-0.12308249622583389,0.8102101683616638,0.10260100662708282
0.24523679912090302,0.873438835144043,-0.020771240815520287
-0.14223416149616241,0.8718950748443604,-0.027390489354729652
-
-0.0014480530517175794,-0.6243296265602112,-0.14471064507961273
0.00437887804582715,-0.6620288491249084,-0.12838996946811676
0.004902369808405638,-0.6624346375465393,-0.12797626852989197
0.004591106902807951,-0.6629604697227478,-0.12762539088726044
-0.028735028579831123,-0.6577252745628357,-0.12735895812511444
-0.0283732321113348,-0.6585062146186829,-0.1281748116016388
-0.02848508581519127,-0.6597321033477783,-0.12721025943756104
0.05392768979072571,-0.654793381690979,-0.013521922752261162
-0.09448587894439697,-0.6411779522895813,-0.02297942154109478
0.02152429148554802,-0.602237343788147,-0.10302259773015976
-0.021353470161557198,-0.5956783294677734,-0.10424387454986572
0.14157630503177643,-0.46496668457984924,0.05358404666185379
-0.15634910762310028,-0.46003127098083496,0.04888278990983963
0.1706744134426117,-0.265286922454834,-0.0394139401614666
-0.2203661948442459,-0.2420836091041565,-0.012456714175641537
0.20206132531166077,-0.3852761685848236,-0.25819677114486694
-0.2731739580631256,-0.3363518714904785,-0.22999930381774902
0.19829444587230682,-0.3981715142726898,-0.2984684407711029
-0.2740132212638855,-0.34735047817230225,-0.26945021748542786
0.20864418148994446,-0.42618873715400696,-0.3034522235393524
-0.2862400412559509,-0.38019460439682007,-0.27717193961143494
0.2014492154121399,-0.40201106667518616,-0.2630557119846344
-0.26958203315734863,-0.3520834147930145,-0.23949465155601501
0.11235547065734863,-0.0015313469339162111,0.008850356563925743
-0.11220329999923706,0.000825092603918165,-0.007943419739603996
0.13026957213878632,0.4225676655769348,-0.002669569803401828
-0.11439839750528336,0.3977554440498352,-0.023264145478606224
0.20551760494709015,0.769451916217804,0.10464920848608017
-0.12306791543960571,0.764344334602356,0.09863441437482834
0.21793144941329956,0.8145537376403809,0.1073869913816452
-0.1230587437748909,0.8104069828987122,0.1026080921292305
0.2454269379377365,0.873532772064209,-0.020562555640935898
-0.14221514761447906,0.8722996711730957,-0.027250176295638084
-
-0.0019604198168963194,-0.6259002089500427,-0.14550481736660004
0.004102094564586878,-0.6634867787361145,-0.1291397362947464
0.004635656718164682,-0.6638885140419006,-0.1287277489900589
0.004315687343478203,-0.6644139885902405,-0.12838396430015564
-0.029058655723929405,-0.6594212055206299,-0.12799009680747986
-0.028696682304143906,-0.6602200865745544,-0.12883149087429047
-0.028809204697608948,-0.6614373326301575,-0.12786728143692017
0.05389798805117607,-0.6554499864578247,-0.01438590232282877
-0.09459236264228821,-0.6424580812454224,-0.023365983739495277
0.02103666216135025,-0.6033727526664734,-0.103973887860775
-0.021955646574497223,-0.5970500707626343,-0.10500646382570267
0.14149972796440125,-0.46630731225013733,0.05330125242471695
-0.15641511976718903,-0.4608733355998993,0.04650277644395828
0.18047891557216644,-0.28006473183631897,-0.04506140947341919
-0.23007458448410034,-0.25225305557250977,-0.021454941481351852
0.20237618684768677,-0.4059908092021942,-0.26366207003593445
-0.2757168412208557,-0.3572266697883606,-0.2388424277305603
0.19801823794841766,-0.42256858944892883,-0.30314451456069946
-0.2749500870704651,-0.37377217411994934,-0.2791121304035187
0.20743408799171448,-0.4500603973865509,-0.3060554563999176
-0.28634846210479736,-0.40770524740219116,-0.2830054759979248
0.20146074891090393,-0.4226435720920563,-0.26761311292648315
-0.2714902460575104,-0.3741917312145233,-0.2468678504228592
0.11213410645723343,-0.001537895412184298,0.00892648845911026
-0.11197991669178009,0.0008333400473929942,-0.008029518648982048
0.13023312389850616,0.4225475490093231,-0.0022600542288273573
-0.11470387130975723,0.3976980149745941,-0.023319000378251076
0.20549403131008148,0.7694564461708069,0.10463134199380875
-0.12319201976060867,0.7641957402229309,0.09862356632947922
0.21791578829288483,0.8145572543144226,0.1073666363954544
-0.12318368256092072,0.8102512359619141,0.1026073545217514
0.24573096632957458,0.8735438585281372,-0.020302658900618553
-0.14226014912128448,0.8723107576370239,-0.026893112808465958
-
-0.0021830517798662186,-0.6283968091011047,-0.1463860273361206
0.004071457777172327,-0.6657655239105225,-0.12986250221729279
0.004609062802046537,-0.66616290807724,-0.12944859266281128
0.004286285489797592,-0.666683554649353,-0.12911956012248993
-0.02910471521317959,-0.6619840264320374,-0.1285630613565445
-0.02874264493584633,-0.6628128290176392,-0.129428431391716
-0.028855878859758377,-0.6640159487724304,-0.12846963107585907
0.05405434966087341,-0.6563621163368225,-0.015550509095191956
-0.09451765567064285,-0.6440849304199219,-0.023699244484305382
0.02086019143462181,-0.6051458716392517,-0.10525896400213242
-0.0222136452794075,-0.599114716053009,-0.10599754750728607
0.14207856357097626,-0.4691540002822876,0.05210372060537338
-0.1564028561115265,-0.4614277184009552,0.04301953688263893
0.2073855698108673,-0.30689889192581177,-0.05331256985664368
-0.23870617151260376,-0.2623760402202606,-0.0296879094094038
0.21144837141036987,-0.4344346523284912,-0.26844561100006104
-0.282846063375473,-0.37114953994750977,-0.2457629144191742
0.2023085057735443,-0.4524824619293213,-0.30687233805656433
-0.280903697013855,-0.3903117775917053,-0.2866686284542084
0.2084425687789917,-0.4795950949192047,-0.30765634775161743
-0.2904650866985321,-0.4241195619106293,-0.28788164258003235
0.2075994908809662,-0.4505997598171234,-0.27147623896598816
-0.2782115042209625,-0.38833776116371155,-0.25286850333213806
0.1118430495262146,-0.0015411105705425143,0.008950897492468357
-0.11168926954269409,0.0008387832785956562,-0.008062036707997322
0.13017787039279938,0.4224352538585663,-0.0011081038974225521
-0.11476746201515198,0.3973390758037567,-0.022787461057305336
0.20539090037345886,0.7693290710449219,0.10486990958452225
-0.12324045598506927,0.7630768418312073,0.09951391071081161
0.21784043312072754,0.8144041895866394,0.10759134590625763
-0.12322467565536499,0.809084951877594,0.10361988842487335
0.2462337613105774,0.8732722401618958,-0.018971843644976616
-0.14223510026931763,0.8718796968460083,-0.024420538917183876
-
-0.002441623480990529,-0.6282339096069336,-0.15433722734451294
0.003990848083049059,-0.6656479835510254,-0.13874413073062897
0.0045342594385147095,-0.6660445332527161,-0.13833020627498627
0.0042055225931108,-0.6665647625923157,-0.13803613185882568
-0.029189100489020348,-0.6619072556495667,-0.13695529103279114
-0.028828222304582596,-0.6627416610717773,-0.137899249792099
-0.02894558385014534,-0.6639398336410522,-0.13696691393852234
0.0542093850672245,-0.6563928723335266,-0.02609487809240818
-0.0943782851099968,-0.6441982984542847,-0.03133920207619667
0.020732136443257332,-0.6050801277160645,-0.11371409147977829
-0.022406455129384995,-0.5990753769874573,-0.11361432075500488
0.14381247758865356,-0.4730212092399597,0.04721570387482643
-0.15627093613147736,-0.46285805106163025,0.03156399354338646
0.23139989376068115,-0.3245055079460144,-0.06294412910938263
-0.2497217059135437,-0.2734186053276062,-0.045220233500003815
0.22413550317287445,-0.45384636521339417,-0.27454355359077454
-0.2847456634044647,-0.38620322942733765,-0.2586415112018585
0.2113133817911148,-0.4743553400039673,-0.3117498755455017
-0.28089481592178345,-0.4085180461406708,-0.3011780083179474
0.21298527717590332,-0.5013298392295837,-0.3100487291812897
-0.2903350293636322,-0.4436248540878296,-0.29859310388565063
0.21780675649642944,-0.46984151005744934,-0.27663418650627136
-0.279216468334198,-0.40415507555007935,-0.2643716335296631
0.11168127506971359,-0.0015179907204583287,0.009100183844566345
-0.11153595894575119,0.0008199966978281736,-0.008230220526456833
0.13012570142745972,0.4223993122577667,-0.0007214766810648143
-0.11477797478437424,0.3970632255077362,-0.02192961797118187
0.20547039806842804,0.7682605385780334,0.10493159294128418
-0.12324968725442886,0.7606269121170044,0.1004113256931305
0.21794310212135315,0.8131195306777954,0.10765872150659561
-0.12322948127985,0.8065341114997864,0.10463941842317581
0.24714630842208862,0.8725888133049011,-0.018254436552524567
-0.1418577879667282,0.8711510300636292,-0.022457003593444824
-
-0.0026490348391234875,-0.6285333633422852,-0.1559087187051773
0.0040038335137069225,-0.6658943891525269,-0.14062970876693726
0.004548410885035992,-0.6662836074829102,-0.14021141827106476
0.00421706959605217,-0.666803240776062,-0.13993613421916962
-0.029175762087106705,-0.6624290943145752,-0.1385209858417511
-0.02881636470556259,-0.6632860898971558,-0.1395004391670227
-0.02893584966659546,-0.6644687652587891,-0.13856761157512665
0.05500785633921623,-0.6563975214958191,-0.02911309525370598
-0.09354177117347717,-0.645054280757904,-0.03270409628748894
0.02058480679988861,-0.6051868796348572,-0.11572878062725067
-0.02260637655854225,-0.5994454026222229,-0.1152355968952179
0.14466358721256256,-0.47551944851875305,0.045646678656339645
-0.1555563360452652,-0.46603402495384216,0.029385125264525414
0.24947050213813782,-0.3447825610637665,-0.06239830330014229
-0.26756376028060913,-0.2979375123977661,-0.04770969972014427
0.23880429565906525,-0.47951194643974304,-0.26658523082733154
-0.28774088621139526,-0.4151494801044464,-0.2563999891281128
0.22390255331993103,-0.5023006200790405,-0.3011813759803772
-0.2807638645172119,-0.4391171634197235,-0.2985105812549591
0.22223687171936035,-0.52896648645401,-0.29624223709106445
-0.2883390188217163,-0.4735008776187897,-0.29750263690948486
0.23132991790771484,-0.4951190948486328,-0.26726222038269043
-0.28036248683929443,-0.43261003494262695,-0.2623170018196106
0.11130458861589432,-0.0014814193127676845,0.009199186228215694
-0.11117883771657944,0.0007902685320004821,-0.008345686830580235
0.12994766235351562,0.42239660024642944,0.0003945510252378881
-0.11522619426250458,0.3970494866371155,-0.019440211355686188
0.20524197816848755,0.7679715752601624,0.10527608543634415
-0.12471359968185425,0.7601800560951233,0.10043323040008545
0.21771100163459778,0.8127357363700867,0.10796484351158142
-0.12484713643789291,0.8061074614524841,0.10463445633649826
0.24760837852954865,0.8721254467964172,-0.01748364232480526
-0.1425735503435135,0.8706040978431702,-0.02246318757534027
-
-0.0026162192225456238,-0.632605254650116,-0.16106584668159485
0.004332147538661957,-0.6694807410240173,-0.1453048586845398
0.004882568959146738,-0.6698630452156067,-0.14487043023109436
0.004543164279311895,-0.6703751087188721,-0.14462807774543762
-0.02880050428211689,-0.6664021611213684,-0.1429087370634079
-0.028444839641451836,-0.667319655418396,-0.14390356838703156
-0.028572669252753258,-0.6684853434562683,-0.1429709941148758
0.0562952496111393,-0.6568820476531982,-0.03503315895795822
-0.09161084145307541,-0.6462699770927429,-0.03676556050777435
0.02065420150756836,-0.6075215935707092,-0.12211745977401733
-0.022537587210536003,-0.6022332906723022,-0.12119337171316147
0.145639568567276,-0.47717514634132385,0.03749580681324005
-0.1538887470960617,-0.46885251998901367,0.024110127240419388
0.261486679315567,-0.37048885226249695,-0.06592894345521927
-0.2899468243122101,-0.340727835893631,-0.05754787102341652
0.2447924017906189,-0.5196503400802612,-0.2550593316555023
-0.2871559262275696,-0.4727288484573364,-0.2554780840873718
0.22701916098594666,-0.54521244764328,-0.28822576999664307
-0.2749900221824646,-0.49750930070877075,-0.2976209819316864
0.2232375293970108,-0.5714333653450012,-0.2816328704357147
-0.2716582715511322,-0.529291570186615,-0.2949396073818207
0.23613321781158447,-0.5346517562866211,-0.2546943128108978
-0.2789134681224823,-0.48864424228668213,-0.26094889640808105
0.11087816208600998,-0.0014736346201971173,0.009278330951929092
-0.11077586561441422,0.0007852308335714042,-0.008432325907051563
0.12987424433231354,0.4224073588848114,0.0030522425659000874
-0.11538205295801163,0.3970344662666321,-0.01657656580209732
0.20360709726810455,0.7681786417961121,0.10828083753585815
-0.1261756271123886,0.7593274116516113,0.10072175413370132
0.21586036682128906,0.8129372596740723,0.1108839362859726
-0.12649907171726227,0.8052863478660583,0.10477456450462341
0.24761417508125305,0.8723072409629822,-0.015017664059996605
-0.1429510861635208,0.8704458475112915,-0.022365741431713104
-
-0.002604852430522442,-0.6444334983825684,-0.17065508663654327
0.004465283360332251,-0.6803962588310242,-0.1534017026424408
0.005015858449041843,-0.6807637810707092,-0.15293945372104645
0.004674168303608894,-0.6812513470649719,-0.15278509259223938
-0.028645049780607224,-0.6769472360610962,-0.1508379876613617
-0.028289180248975754,-0.6779587268829346,-0.15180540084838867
-0.02842438966035843,-0.6791164875030518,-0.15088149905204773
0.057149142026901245,-0.6598624587059021,-0.04403989017009735
-0.09015566110610962,-0.6485044956207275,-0.04370855912566185
0.020800452679395676,-0.615757405757904,-0.13331924378871918
-0.02239060401916504,-0.6103613972663879,-0.1319737285375595
0.1470668464899063,-0.48071911931037903,0.026741817593574524
-0.15170463919639587,-0.4702211320400238,0.014592621475458145
0.2829093635082245,-0.4111209511756897,-0.0685681700706482
-0.3077777028083801,-0.3790644407272339,-0.06058710068464279
0.2625904977321625,-0.5742512941360474,-0.23566338419914246
-0.29153090715408325,-0.5189177393913269,-0.23863591253757477
0.24207434058189392,-0.6020076274871826,-0.26717984676361084
-0.27498167753219604,-0.5429482460021973,-0.27903154492378235
0.2328769713640213,-0.6254174709320068,-0.2593478560447693
-0.2699744999408722,-0.5715931057929993,-0.2617671489715576
0.2519495487213135,-0.5875452756881714,-0.23484179377555847
-0.27999383211135864,-0.5330368876457214,-0.23923753201961517
0.11036606878042221,-0.0014782982179895043,0.0093412259593606
-0.11029116809368134,0.000794515828602016,-0.008495568297803402
0.13063128292560577,0.42240920662879944,0.0039720069617033005
-0.11590879410505295,0.39703989028930664,-0.012992880307137966
0.20321081578731537,0.7689403891563416,0.10934784263372421
-0.1278402954339981,0.7587693929672241,0.10074377059936523
0.2152802050113678,0.8136928677558899,0.1118103489279747
-0.12828408181667328,0.8047642707824707,0.10473983734846115
0.24771812558174133,0.8732336163520813,-0.014650709927082062
-0.14376519620418549,0.8703793287277222,-0.022371584549546242
-
0.003622382413595915,-0.6505993604660034,-0.17508457601070404
0.011370251886546612,-0.6860132813453674,-0.1567959487438202
0.011891056783497334,-0.6863873600959778,-0.1562972068786621
0.011556371115148067,-0.6868497729301453,-0.15618100762367249
-0.021497061476111412,-0.6824237704277039,-0.15467090904712677
-0.021145448088645935,-0.6834766268730164,-0.15558969974517822
-0.021315354853868484,-0.684647262096405,-0.1546855866909027
0.0632421001791954,-0.6614851355552673,-0.04716876521706581
-0.08284809440374374,-0.6496036052703857,-0.0480484738945961
0.026917308568954468,-0.6203138828277588,-0.13819599151611328
-0.01618616096675396,-0.6148955225944519,-0.1374630331993103
0.15318812429904938,-0.4860750734806061,0.019395725801587105
-0.14811235666275024,-0.4744439721107483,0.01142959389835596
0.30779680609703064,-0.45426738262176514,-0.06764574348926544
-0.3217677175998688,-0.4360216557979584,-0.05722832307219505
0.28609782457351685,-0.6135568022727966,-0.20277078449726105
-0.29215481877326965,-0.5816429257392883,-0.1994771957397461
0.26349106431007385,-0.6364287734031677,-0.23457187414169312
-0.2727140188217163,-0.6019124984741211,-0.2376355528831482
0.24730284512043,-0.6582399606704712,-0.22907064855098724
-0.26080191135406494,-0.6269264221191406,-0.21541538834571838
0.27302834391593933,-0.6246790289878845,-0.20251281559467316
-0.2798904776573181,-0.5929005146026611,-0.19820907711982727
0.11005225777626038,-0.00147278793156147,0.009135227650403976
-0.10998878628015518,0.0007922865333966911,-0.008280901238322258
0.13178014755249023,0.4223915934562683,0.004323879256844521
-0.11579793691635132,0.39705589413642883,-0.009064682759344578
0.20347514748573303,0.7691245079040527,0.10950123518705368
-0.12830185890197754,0.7584351897239685,0.1006896123290062
0.21552973985671997,0.8138719201087952,0.11188144236803055
-0.12889708578586578,0.8045134544372559,0.10440663993358612
0.24973975121974945,0.8732303977012634,-0.014917418360710144
-0.14462189376354218,0.8702628016471863,-0.022643670439720154
-
0.004527730867266655,-0.6530900001525879,-0.17457720637321472
0.011813413351774216,-0.6886385083198547,-0.1552397757768631
0.012322177179157734,-0.6889984607696533,-0.15467873215675354
0.011979442089796066,-0.6894460916519165,-0.15462970733642578
-0.021021617576479912,-0.6841071248054504,-0.15312667191028595
-0.02067183516919613,-0.6851939558982849,-0.15400634706020355
-0.02085677534341812,-0.6863616108894348,-0.15317317843437195
0.06350833922624588,-0.66322261095047,-0.046730734407901764
-0.08286376297473907,-0.6494901776313782,-0.04581490531563759
0.02854897268116474,-0.6226174831390381,-0.1365128755569458
-0.014826183207333088,-0.6162185668945312,-0.13595667481422424
0.15635760128498077,-0.49744540452957153,0.021359285339713097
-0.14806847274303436,-0.47827044129371643,0.01313313003629446
0.31759074330329895,-0.5199165940284729,-0.05645190551877022
-0.34092915058135986,-0.5023186206817627,-0.030562514439225197
0.28457415103912354,-0.6933864951133728,-0.161123588681221
-0.3098877966403961,-0.6681526899337769,-0.1148717999458313
0.2605283856391907,-0.7156451344490051,-0.19271220266819
-0.2830709218978882,-0.6899645328521729,-0.14847517013549805
0.24402371048927307,-0.7322658896446228,-0.18611524999141693
-0.26664116978645325,-0.7125554084777832,-0.12791097164154053
0.2703113853931427,-0.7016191482543945,-0.16069544851779938
-0.29341402649879456,-0.6785891652107239,-0.11427627503871918
0.11000310629606247,-0.0014668666990473866,0.008909282274544239
-0.10995320230722427,0.0007907807594165206,-0.008049213327467442
0.1327228546142578,0.42244258522987366,0.0044150338508188725
-0.1155044361948967,0.3970867395401001,-0.007900112308561802
0.20401625335216522,0.7691569328308105,0.10948730260133743
-0.12881436944007874,0.7582942247390747,0.09936455637216568
0.2163069248199463,0.8138987421989441,0.11183387041091919
-0.1295144259929657,0.8044707775115967,0.10230278968811035
0.25338125228881836,0.871955931186676,-0.01686396263539791
-0.14549918472766876,0.8701280355453491,-0.02628563717007637
-
0.00712828803807497,-0.655410647392273,-0.14958463609218597
0.013379325158894062,-0.691092312335968,-0.1283433884382248
0.013844562694430351,-0.6914489269256592,-0.12770485877990723
0.013496274128556252,-0.6918714046478271,-0.12762707471847534
-0.019183659926056862,-0.6857321858406067,-0.12596875429153442
-0.018834466114640236,-0.6868717670440674,-0.12673649191856384
-0.019037753343582153,-0.6880278587341309,-0.12599113583564758
0.06451030820608139,-0.6650406122207642,-0.020341923460364342
-0.08190715312957764,-0.6491928100585938,-0.01690554991364479
0.03221232816576958,-0.6246760487556458,-0.11336562782526016
-0.011402267031371593,-0.6173175573348999,-0.11232373118400574
0.16043923795223236,-0.512859046459198,0.03360912203788757
-0.14759346842765808,-0.48158732056617737,0.04202771559357643
0.3301960825920105,-0.5855148434638977,-0.023000089451670647
-0.34928223490715027,-0.5534611344337463,0.03064296953380108
0.28192761540412903,-0.7723025679588318,-0.11061840504407883
-0.321205735206604,-0.7425805330276489,-0.020887671038508415
0.2555902600288391,-0.7937986850738525,-0.14267955720424652
-0.2903037965297699,-0.7668817639350891,-0.051636211574077606
0.23647402226924896,-0.8055947422981262,-0.13451369106769562
-0.2745329439640045,-0.7882702350616455,-0.030487356707453728
0.2661924958229065,-0.7777186632156372,-0.10970723628997803
-0.3038424551486969,-0.7528197765350342,-0.020269541069865227
0.10998400300741196,-0.0014630204532295465,0.00838213600218296
-0.10993850976228714,0.0007914966554380953,-0.007507124450057745
0.1333189159631729,0.42242029309272766,0.000989055959507823
-0.11553633958101273,0.3970002830028534,-0.008131931535899639
0.20429180562496185,0.7690519094467163,0.1027764305472374
-0.13100400567054749,0.7582379579544067,0.093643918633461
0.2167700231075287,0.8138139247894287,0.10486690700054169
-0.13190318644046783,0.8044876456260681,0.09579522907733917
0.25620555877685547,0.869317889213562,-0.027461620047688484
-0.15001250803470612,0.8701127171516418,-0.034429535269737244
-
0.007023736368864775,-0.6568301916122437,-0.1335458755493164
0.01293161790817976,-0.6929236650466919,-0.11173942685127258
0.01336332131177187,-0.6932951807975769,-0.11106719076633453
0.013033613562583923,-0.6936973929405212,-0.11091240495443344
-0.019594687968492508,-0.6870325207710266,-0.10913068056106567
-0.019255852326750755,-0.6881861686706543,-0.10987788438796997
-0.019456584006547928,-0.689319908618927,-0.10919495671987534
0.0640583485364914,-0.6676621437072754,-0.002592473290860653
-0.08334784209728241,-0.6491619348526001,0.0013865589862689376
0.031978774815797806,-0.6263201832771301,-0.09729558974504471
-0.011623254977166653,-0.618228554725647,-0.09628302603960037
0.16166585683822632,-0.5274802446365356,0.04203563183546066
-0.14849251508712769,-0.48952528834342957,0.05445319041609764
0.32327646017074585,-0.636869490146637,-0.011253006756305695
-0.34756073355674744,-0.6093995571136475,0.03911463916301727
0.27675583958625793,-0.8375863432884216,-0.08790742605924606
-0.32068488001823425,-0.812319815158844,-0.007584081031382084
0.2543165385723114,-0.8632434010505676,-0.11964776366949081
-0.29019060730934143,-0.8398321866989136,-0.04106995835900307
0.22500093281269073,-0.8762658834457397,-0.11301268637180328
-0.27454450726509094,-0.8621062636375427,-0.017851347103714943
0.2629569470882416,-0.8441734313964844,-0.08786700665950775
-0.30259668827056885,-0.8227260112762451,-0.006788380444049835
0.11008648574352264,-0.0015364501159638166,0.0070955026894807816
-0.11006317287683487,0.0008819855866022408,-0.006279663648456335
0.1343792974948883,0.4210885465145111,0.00042841219692490995
-0.1150684803724289,0.39651671051979065,-0.007550875190645456
0.2045028805732727,0.7684628367424011,0.10180661827325821
-0.1310410499572754,0.7578473091125488,0.09362335503101349
0.21711750328540802,0.8133849501609802,0.10406918823719025
-0.13194836676120758,0.8043462634086609,0.09568199515342712
0.25864937901496887,0.8656201958656311,-0.02763346955180168
-0.15071342885494232,0.8698803782463074,-0.034236785024404526
-
0.006859151646494865,-0.6579437255859375,-0.12929761409759521
0.012840550392866135,-0.6940582990646362,-0.10711575299501419
0.013250120915472507,-0.6944373846054077,-0.10644273459911346
0.012942052446305752,-0.6948237419128418,-0.10623636096715927
-0.019794683903455734,-0.6880538463592529,-0.10474088788032532
-0.019462445750832558,-0.6891772747039795,-0.1054762527346611
-0.019659675657749176,-0.6902984976768494,-0.10486793518066406
0.0639864131808281,-0.6678789258003235,0.0032271533273160458
-0.08463184535503387,-0.6488199234008789,0.005572344176471233
0.03194040805101395,-0.6268951296806335,-0.09276008605957031
-0.011816688813269138,-0.6186538338661194,-0.0922270268201828
0.1640804260969162,-0.5307806730270386,0.046179309487342834
-0.1486876755952835,-0.4929693937301636,0.052622873336076736
0.31480446457862854,-0.6700639128684998,0.0014065075665712357
-0.34395453333854675,-0.6385188698768616,0.026201415807008743
0.27749574184417725,-0.8874151706695557,-0.06260315328836441
-0.32218044996261597,-0.8501948118209839,-0.03724028915166855
0.2532491087913513,-0.9153509140014648,-0.09495048224925995
-0.2943316400051117,-0.8794466853141785,-0.07595262676477432
0.22502481937408447,-0.9339419603347778,-0.09195645153522491
-0.2752075493335724,-0.9040945768356323,-0.05416836589574814
0.26192450523376465,-0.8974214196205139,-0.0646313950419426
-0.30289506912231445,-0.8612871766090393,-0.037991173565387726
0.1102893054485321,-0.0016227004816755652,0.006231692153960466
-0.11030677706003189,0.0009819187689572573,-0.005470898002386093
0.1348945051431656,0.41986098885536194,0.0016912895953282714
-0.11512751877307892,0.39560768008232117,-0.006612143013626337
0.2047903835773468,0.7674551606178284,0.10316957533359528
-0.13200856745243073,0.7577645182609558,0.09408573806285858
0.21737608313560486,0.8124431371688843,0.10554077476263046
-0.1329803466796875,0.804348886013031,0.09585054218769073
0.2583070993423462,0.8606883883476257,-0.026122260838747025
-0.15287438035011292,0.8678901195526123,-0.03344479575753212
-
0.006730461027473211,-0.6573520302772522,-0.1280452311038971
0.012753820046782494,-0.6934102177619934,-0.1057816669344902
0.01317545585334301,-0.693793773651123,-0.1050926148891449
0.012853840366005898,-0.6941853165626526,-0.10484836250543594
-0.019891176372766495,-0.6876563429832458,-0.1040864884853363
-0.019560838118195534,-0.6887547969818115,-0.10478004068136215
-0.019753897562623024,-0.6898837089538574,-0.10423550009727478
0.06343602389097214,-0.6669335961341858,0.0052090659737586975
-0.08598499745130539,-0.6480869650840759,0.003871939377859235
0.0318170003592968,-0.6264908909797668,-0.09114541113376617
-0.011983074247837067,-0.6183891296386719,-0.09162646532058716
0.16382716596126556,-0.5312830805778503,0.04646076261997223
-0.1493133008480072,-0.5007504224777222,0.051779408007860184
0.3086759150028229,-0.6942353248596191,0.007812666706740856
-0.34025540947914124,-0.6791916489601135,0.01902531459927559
0.27557605504989624,-0.9153205752372742,-0.053775910288095474
-0.32366394996643066,-0.8975986242294312,-0.0509600006043911
0.25177517533302307,-0.9410840272903442,-0.08756813406944275
-0.29922544956207275,-0.9259936213493347,-0.09195417910814285
0.22480408847332,-0.9639511704444885,-0.08721646666526794
-0.2763015031814575,-0.9529891014099121,-0.07193420827388763
0.2602315843105316,-0.9275003671646118,-0.05718629062175751
-0.3032955527305603,-0.9094233512878418,-0.05292357876896858
0.11041843891143799,-0.00188878842163831,0.005629176273941994
-0.1104574128985405,0.0012601809576153755,-0.00485382741317153
0.13449601829051971,0.41912052035331726,0.005681905429810286
-0.1153455376625061,0.3954123556613922,-0.005251334514468908
0.20472580194473267,0.7663800716400146,0.10847512632608414
-0.13221685588359833,0.7580822110176086,0.09481329470872879
0.21713730692863464,0.8113980293273926,0.11105043441057205
-0.1331571489572525,0.8049284219741821,0.09617269039154053
0.24868735671043396,0.8598730564117432,-0.02072676084935665
-0.15277908742427826,0.8669859766960144,-0.032523758709430695
-
0.006837079301476479,-0.6549798846244812,-0.1660999357700348
0.013138404116034508,-0.6904854774475098,-0.14410488307476044
0.013536649756133556,-0.6909587979316711,-0.14332832396030426
0.013274808414280415,-0.6913021206855774,-0.14309261739253998
-0.0195724219083786,-0.6856814026832581,-0.143657848238945
-0.01922743394970894,-0.6866990923881531,-0.1442544013261795
-0.019419491291046143,-0.6878691911697388,-0.14388567209243774
0.06357593089342117,-0.6610863208770752,-0.03258419409394264
-0.0860297679901123,-0.6458287239074707,-0.04055340588092804
0.03175043314695358,-0.623170793056488,-0.12829963862895966
-0.01213167980313301,-0.6163660287857056,-0.1307978630065918
0.16276775300502777,-0.5303181409835815,0.0035298550501465797
-0.14955127239227295,-0.507195770740509,-0.006351845804601908
0.2944042384624481,-0.725153923034668,-0.020217562094330788
-0.3384993076324463,-0.6987956166267395,-0.04514458402991295
0.28089913725852966,-0.9575479030609131,-0.08734995126724243
-0.32193222641944885,-0.9262614846229553,-0.09133307635784149
0.2646278738975525,-0.9815685153007507,-0.12136966735124588
-0.30106863379478455,-0.9538557529449463,-0.13783498108386993
0.23899297416210175,-1.0074883699417114,-0.1197594702243805
-0.27680110931396484,-0.9864703416824341,-0.11839303374290466
0.2660738527774811,-0.9717893600463867,-0.09029723703861237
-0.3023075759410858,-0.9409387707710266,-0.09580584615468979
0.11060388386249542,-0.0021092158276587725,0.005294913426041603
-0.11067784577608109,0.0014777323231101036,-0.004500530660152435
0.13452750444412231,0.4191451370716095,0.015350328758358955
-0.11912763863801956,0.3949574828147888,-0.0027831874322146177
0.20557768642902374,0.7672204971313477,0.11839388310909271
-0.13220371305942535,0.7578331232070923,0.09787917137145996
0.21776464581489563,0.8124581575393677,0.12043775618076324
-0.1331312507390976,0.8048011064529419,0.0986180230975151
0.2476322054862976,0.861122727394104,-0.008428347297012806
-0.15262861549854279,0.8648058772087097,-0.027491817250847816
-
0.005249667912721634,-0.6449718475341797,-0.24956165254116058
0.012027891352772713,-0.6795192360877991,-0.22814184427261353
0.012402570806443691,-0.6801134943962097,-0.22726866602897644
0.012223131954669952,-0.6804448366165161,-0.2270561307668686
-0.020617740228772163,-0.6758713126182556,-0.22793278098106384
-0.02024291455745697,-0.6767351627349854,-0.22854194045066833
-0.020435383543372154,-0.6779876351356506,-0.22816522419452667
0.06261705607175827,-0.6477692723274231,-0.11596006155014038
-0.08696425706148148,-0.6360277533531189,-0.12618687748908997
0.02970588020980358,-0.6129835247993469,-0.2111370712518692
-0.014493074268102646,-0.6077992916107178,-0.21422943472862244
0.15370504558086395,-0.5278668999671936,-0.077466681599617
-0.14952488243579865,-0.5055302381515503,-0.09899938106536865
0.26002904772758484,-0.7415826320648193,-0.10617303848266602
-0.3187289834022522,-0.6991883516311646,-0.15392155945301056
0.2799912393093109,-0.9710911512374878,-0.14598914980888367
-0.3198695778846741,-0.9294050931930542,-0.2113116979598999
0.26292017102241516,-0.9931039214134216,-0.17707160115242004
-0.3005702495574951,-0.9586650729179382,-0.2516120970249176
0.23978811502456665,-1.0178806781768799,-0.18536008894443512
-0.2768157720565796,-0.9918128848075867,-0.23383931815624237
0.2647034823894501,-0.9853540062904358,-0.15469707548618317
-0.29891839623451233,-0.9454784989356995,-0.21480236947536469
0.11061474680900574,-0.0022847140207886696,0.005555909592658281
-0.11070353537797928,0.0016425728099420667,-0.004734935704618692
0.13279281556606293,0.41994622349739075,0.022779813036322594
-0.12031956017017365,0.3960382640361786,-0.0024587311781942844
0.20508183538913727,0.7672087550163269,0.13730309903621674
-0.13181886076927185,0.7583034038543701,0.1070922315120697
0.21720056235790253,0.812425434589386,0.1399054229259491
-0.13262365758419037,0.8054295182228088,0.10862769931554794
0.24451012909412384,0.8608933687210083,0.014237753115594387
-0.15115927159786224,0.8649577498435974,-0.015958523377776146
-
0.004790163598954678,-0.6368513107299805,-0.24864806234836578
0.010936513543128967,-0.6718680262565613,-0.22745485603809357
0.011295617558062077,-0.6724965572357178,-0.22657325863838196
0.011158687062561512,-0.6728603839874268,-0.22638384997844696
-0.02164233848452568,-0.6678181886672974,-0.22821901738643646
-0.02122129127383232,-0.6686170101165771,-0.2288224995136261
-0.021411478519439697,-0.6699033975601196,-0.22844193875789642
0.05921801179647446,-0.6460316777229309,-0.11276847124099731
-0.09056441485881805,-0.631943941116333,-0.12874867022037506
0.02874278649687767,-0.60808265209198,-0.20863626897335052
-0.015708040446043015,-0.6024793982505798,-0.21316580474376678
0.14437204599380493,-0.5292853713035583,-0.07288302481174469
-0.14941462874412537,-0.5081852674484253,-0.11208248883485794
0.2224193662405014,-0.7624883651733398,-0.10587314516305923
-0.2876119613647461,-0.7122613191604614,-0.17979249358177185
0.2569676339626312,-0.9919810891151428,-0.15274251997470856
-0.302469402551651,-0.9487312436103821,-0.2366856187582016
0.25292515754699707,-1.0134035348892212,-0.18336209654808044
-0.2936825156211853,-0.9803716540336609,-0.27352631092071533
0.22972330451011658,-1.0389066934585571,-0.19349879026412964
-0.2701879143714905,-1.0147396326065063,-0.2558669149875641
0.24500679969787598,-1.0064191818237305,-0.1625523418188095
-0.2826969027519226,-0.9657801985740662,-0.239302858710289
0.1105969026684761,-0.0022262223064899445,0.008052943274378777
-0.11069338023662567,0.0015829033218324184,-0.007147961761802435
0.12875351309776306,0.4208192825317383,0.02904444746673107
-0.1221940740942955,0.396029531955719,-0.004520805552601814
0.19516637921333313,0.7669122219085693,0.14800654351711273
-0.13414502143859863,0.7564444541931152,0.10844891518354416
0.20611968636512756,0.8120622634887695,0.1508592963218689
-0.1354299783706665,0.8037951588630676,0.11077001690864563
0.23164385557174683,0.8610117435455322,0.028538592159748077
-0.15404023230075836,0.8649670481681824,-0.014021609909832478
-
0.0011830802541226149,-0.6239224672317505,-0.26961418986320496
0.007224325556308031,-0.6594544053077698,-0.2506577968597412
0.007601618766784668,-0.6600962281227112,-0.24985696375370026
0.007493165321648121,-0.6604953408241272,-0.24963800609111786
-0.025083055719733238,-0.6555266380310059,-0.2507149875164032
-0.02460797131061554,-0.6562755107879639,-0.2513592541217804
-0.024786487221717834,-0.657599925994873,-0.250943124294281
0.05634327232837677,-0.6403447389602661,-0.13841798901557922
-0.09280958026647568,-0.6264263391494751,-0.1511399745941162
0.02522970363497734,-0.5985687375068665,-0.22936877608299255
-0.019221989437937737,-0.5932189226150513,-0.23287519812583923
0.13818718492984772,-0.5281379818916321,-0.10030584037303925
-0.14896957576274872,-0.5095503926277161,-0.13613666594028473
0.20264573395252228,-0.7547447681427002,-0.14237917959690094
-0.2619519829750061,-0.7018414735794067,-0.21827854216098785
0.23224137723445892,-0.9875438809394836,-0.1902959644794464
-0.2844863831996918,-0.9300815463066101,-0.29493120312690735
0.23227736353874207,-1.0111942291259766,-0.21986210346221924
-0.2833798825740814,-0.9610517621040344,-0.3324087858200073
0.21215470135211945,-1.0357881784439087,-0.22830966114997864
-0.261243999004364,-0.9936950206756592,-0.3159398138523102
0.22244517505168915,-1.0020902156829834,-0.1994723379611969
-0.2663378119468689,-0.9464616775512695,-0.29790014028549194
0.11058790236711502,-0.0022288982290774584,0.008532866835594177
-0.11069153994321823,0.0015862435102462769,-0.0075943502597510815
0.1255447268486023,0.4209141433238983,0.02809373289346695
-0.12274035066366196,0.39612331986427307,-0.005757014732807875
0.19183197617530823,0.7619646787643433,0.15274496376514435
-0.13302738964557648,0.7543942928314209,0.11546285450458527
0.20259107649326324,0.806725263595581,0.15744653344154358
-0.13387219607830048,0.8018457889556885,0.119468092918396
0.2223532497882843,0.8609597086906433,0.03637433052062988
-0.15135884284973145,0.8653173446655273,-0.0017917787190526724
-
-0.002626029308885336,-0.6112865209579468,-0.27868807315826416
0.0031453315168619156,-0.6476325392723083,-0.2608662545681
0.0035401524510234594,-0.6482528448104858,-0.2601073086261749
0.0034460602328181267,-0.6487177610397339,-0.2598869800567627
-0.028997501358389854,-0.64322829246521,-0.25976648926734924
-0.02849721349775791,-0.643997073173523,-0.2604054808616638
-0.028702249750494957,-0.6453588604927063,-0.2599951922893524
0.05451812967658043,-0.6338146924972534,-0.15108154714107513
-0.09482744336128235,-0.6181832551956177,-0.15864963829517365
0.02247796207666397,-0.5882954001426697,-0.23885312676429749
-0.02216491475701332,-0.5824582576751709,-0.2408563196659088
0.13693229854106903,-0.5274720788002014,-0.11748477816581726
-0.1476459801197052,-0.5091320276260376,-0.13786911964416504
0.19615507125854492,-0.7412607669830322,-0.17281672358512878
-0.24452003836631775,-0.6932390928268433,-0.20340612530708313
0.22265177965164185,-0.9778987169265747,-0.22401371598243713
-0.27558600902557373,-0.9192125201225281,-0.27841126918792725
0.2252243310213089,-1.0028691291809082,-0.25462815165519714
-0.2773520350456238,-0.9501288533210754,-0.31578707695007324
0.20737236738204956,-1.0273237228393555,-0.26181119680404663
-0.2564060688018799,-0.98414546251297,-0.3017411530017853
0.21424081921577454,-0.9926352500915527,-0.23272809386253357
-0.25843101739883423,-0.9363159537315369,-0.2823789715766907
0.1105823814868927,-0.002138911746442318,0.008597509004175663
-0.11068928986787796,0.0014978498220443726,-0.007641210220754147
0.12472740560770035,0.42132478952407837,0.023320568725466728
-0.12308131903409958,0.39608338475227356,-0.006849158555269241
0.19148710370063782,0.7593321800231934,0.15433022379875183
-0.13291218876838684,0.7512670755386353,0.12215516716241837
0.20260772109031677,0.8037259578704834,0.16010752320289612
-0.13366569578647614,0.798751175403595,0.12749819457530975
0.2235221564769745,0.8596479296684265,0.04063078388571739
-0.1503494828939438,0.8651266098022461,0.0069522494450211525
-
-0.002602039137855172,-0.5985391736030579,-0.28366366028785706
0.003208339447155595,-0.6354802846908569,-0.26683565974235535
0.003605507779866457,-0.6360564827919006,-0.2661423683166504
0.00350712682120502,-0.6365435719490051,-0.26583340764045715
-0.028956912457942963,-0.6313233971595764,-0.26620718836784363
-0.028459088876843452,-0.632102370262146,-0.266910195350647
-0.028663480654358864,-0.6334705352783203,-0.266427606344223
0.054576482623815536,-0.6264859437942505,-0.15641747415065765
-0.09477979689836502,-0.6118241548538208,-0.16588199138641357
0.022492967545986176,-0.5772572755813599,-0.24296988546848297
-0.022163596004247665,-0.5718802213668823,-0.2453235387802124
0.1368168741464615,-0.5269590020179749,-0.11768017709255219
-0.14647029340267181,-0.5086480379104614,-0.14189836382865906
0.19780321419239044,-0.7393895983695984,-0.16910971701145172
-0.2425532042980194,-0.6879571676254272,-0.20179718732833862
0.21807867288589478,-0.9767817258834839,-0.22706276178359985
-0.27141547203063965,-0.9167271256446838,-0.27248644828796387
0.2192535251379013,-1.001498818397522,-0.2583049237728119
-0.2734801173210144,-0.9489343166351318,-0.3089710474014282
0.20075751841068268,-1.0270147323608398,-0.26540398597717285
-0.25335773825645447,-0.9842793345451355,-0.29540932178497314
0.208995059132576,-0.991895854473114,-0.2355445772409439
-0.25474363565444946,-0.9346681237220764,-0.2760714292526245
0.11041659861803055,-0.0020820321515202522,0.008592577651143074
-0.11054378747940063,0.0014451735187321901,-0.007634556386619806
0.12482188642024994,0.4211854934692383,0.019898762926459312
-0.12534086406230927,0.39608150720596313,-0.006898112129420042
0.19213509559631348,0.7588725090026855,0.15288931131362915
-0.1362628936767578,0.751761257648468,0.12106433510780334
0.2032729834318161,0.803350567817688,0.15943750739097595
-0.1373535543680191,0.7995468378067017,0.12600426375865936
0.22505302727222443,0.8598049283027649,0.03623173385858536
-0.1592816859483719,0.8668186664581299,0.0057060266844928265
-
-0.004218163434416056,-0.5993481278419495,-0.2816782593727112
0.0015722624957561493,-0.6362155675888062,-0.2643306851387024
0.0019867049995809793,-0.6367831826210022,-0.26365742087364197
0.0018804722931236029,-0.6372769474983215,-0.26333868503570557
-0.030728954821825027,-0.6318687200546265,-0.26378777623176575
-0.03023170679807663,-0.6326598525047302,-0.26449519395828247
-0.03042502887547016,-0.6340253353118896,-0.2640010714530945
0.05338393151760101,-0.6262097954750061,-0.15342141687870026
-0.0965062826871872,-0.6108402609825134,-0.1629256159067154
0.02114417403936386,-0.5774070024490356,-0.24111178517341614
-0.02369130589067936,-0.5717760324478149,-0.24343132972717285
0.13598878681659698,-0.5263117551803589,-0.11408569663763046
-0.14645922183990479,-0.5081328749656677,-0.14008980989456177
0.20142342150211334,-0.731992244720459,-0.16438095271587372
-0.24571268260478973,-0.6842897534370422,-0.20216886699199677
0.22240495681762695,-0.96541827917099,-0.2272302359342575
-0.2718315124511719,-0.9173209071159363,-0.27316156029701233
0.22049202024936676,-0.9897875785827637,-0.25882798433303833
-0.27276334166526794,-0.9503815174102783,-0.309756875038147
0.20215724408626556,-1.015952467918396,-0.266793429851532
-0.2534679174423218,-0.9866698980331421,-0.2948620021343231
0.21281698346138,-0.9805805087089539,-0.23612576723098755
-0.2552962005138397,-0.9358659386634827,-0.2763272523880005
0.11030277609825134,-0.002029901137575507,0.008652480319142342
-0.11044424772262573,0.00139710889197886,-0.007683121599256992
0.12450733035802841,0.4211576282978058,0.017122773453593254
-0.12653371691703796,0.39626094698905945,-0.0073503353632986546
0.19249606132507324,0.7589734196662903,0.15181180834770203
-0.13841786980628967,0.7525949478149414,0.12028476595878601
0.2037082314491272,0.8034838438034058,0.15893547236919403
-0.13958828151226044,0.8006190061569214,0.12495257705450058
0.2247389853000641,0.8603752255439758,0.03466926887631416
-0.1615128368139267,0.8691791892051697,0.004032812546938658
-
-0.00431578466668725,-0.5970510840415955,-0.2773127257823944
0.0016477080062031746,-0.6339813470840454,-0.26002731919288635
0.002061928156763315,-0.6345341801643372,-0.2593609690666199
0.0019529900746420026,-0.6350318193435669,-0.2590366303920746
-0.030667057260870934,-0.6301682591438293,-0.2593206763267517
-0.030172372236847878,-0.6309763193130493,-0.2600318193435669
-0.030365534126758575,-0.6323361396789551,-0.2595248222351074
0.05353362113237381,-0.6242114901542664,-0.1489214301109314
-0.09644965827465057,-0.6105788350105286,-0.15729770064353943
0.020944666117429733,-0.5750388503074646,-0.23682446777820587
-0.023997893556952477,-0.5699933171272278,-0.238845556974411
0.13635997474193573,-0.5256673693656921,-0.10496938973665237
-0.1466388702392578,-0.5077949166297913,-0.12945374846458435
0.20475561916828156,-0.7316291332244873,-0.15049993991851807
-0.24740396440029144,-0.6785157322883606,-0.18577834963798523
0.22780980169773102,-0.9592946767807007,-0.22115465998649597
-0.2737977206707001,-0.9099541902542114,-0.2593807876110077
0.22687509655952454,-0.9825882911682129,-0.25454601645469666
-0.2726632356643677,-0.9431785941123962,-0.29656413197517395
0.20777761936187744,-1.0084962844848633,-0.2585858106613159
-0.2524477541446686,-0.9798243641853333,-0.28066346049308777
0.21811436116695404,-0.9737797379493713,-0.22822266817092896
-0.2569141089916229,-0.9285282492637634,-0.26214370131492615
0.1102660596370697,-0.002033649943768978,0.008662276901304722
-0.1104157567024231,0.001401476445607841,-0.0076848422177135944
0.1243060752749443,0.4211616516113281,0.016278691589832306
-0.12844441831111908,0.39634862542152405,-0.007450162433087826
0.1926344931125641,0.7587484121322632,0.1498822420835495
-0.13988007605075836,0.7529575824737549,0.11982744932174683
0.2037889063358307,0.8032787442207336,0.15624189376831055
-0.1409509927034378,0.8011125922203064,0.12430192530155182
0.22369340062141418,0.8605939149856567,0.03225740045309067
-0.16278217732906342,0.8705234527587891,0.0028991082217544317
-
-0.00417969049885869,-0.5994840860366821,-0.2737654745578766
0.002797688590362668,-0.6362371444702148,-0.2556478977203369
0.003221582155674696,-0.636793315410614,-0.2549940049648285
0.0031116807367652655,-0.6372815370559692,-0.2546737790107727
-0.02985670417547226,-0.6326624155044556,-0.2552080452442169
-0.02936747670173645,-0.6334790587425232,-0.2559106647968292
-0.02956053428351879,-0.6348303556442261,-0.2554078996181488
0.05485912039875984,-0.6243237853050232,-0.14333707094192505
-0.09624851495027542,-0.6117739081382751,-0.1526133120059967
0.020970024168491364,-0.5764453411102295,-0.23327533900737762
-0.024054978042840958,-0.5717297196388245,-0.23555265367031097
0.13666144013404846,-0.5239079594612122,-0.09882870316505432
-0.14793945848941803,-0.5075961351394653,-0.12246153503656387
0.21585097908973694,-0.7281650900840759,-0.14410656690597534
-0.26237741112709045,-0.686743974685669,-0.17679904401302338
0.24173784255981445,-0.9478621482849121,-0.21291129291057587
-0.276396244764328,-0.9172577261924744,-0.25183960795402527
0.23931410908699036,-0.9704605340957642,-0.24356378614902496
-0.2733417749404907,-0.9498917460441589,-0.2891944348812103
0.21901029348373413,-0.9961545467376709,-0.2523471415042877
-0.2530839145183563,-0.9860943555831909,-0.27350282669067383
0.23106399178504944,-0.9619855880737305,-0.22213833034038544
-0.2583697438240051,-0.9351859092712402,-0.25465157628059387
0.11022801697254181,-0.002074337564408779,0.00871576089411974
-0.11038150638341904,0.001442504464648664,-0.007719867862761021
0.12435241788625717,0.421148419380188,0.01575516350567341
-0.12855111062526703,0.39631402492523193,-0.007486939895898104
0.19397440552711487,0.7588104009628296,0.14641988277435303
-0.13993002474308014,0.7530063986778259,0.11963082104921341
0.20500756800174713,0.8033585548400879,0.15245039761066437
-0.14097031950950623,0.8012295961380005,0.12404413521289825
0.2242525964975357,0.8608946204185486,0.025365086272358894
-0.16243429481983185,0.8709495663642883,0.002448465907946229
-
-0.004134092014282942,-0.6013643145561218,-0.2686946392059326
0.003058510599657893,-0.6380265355110168,-0.25047314167022705
0.0034866933710873127,-0.6385778784751892,-0.24980609118938446
0.0033714384771883488,-0.6390594244003296,-0.24950382113456726
-0.029668129980564117,-0.6343976259231567,-0.2500152885913849
-0.02918078936636448,-0.6352207064628601,-0.2507143020629883
-0.02937733754515648,-0.636561930179596,-0.2502101957798004
0.05553855374455452,-0.6247274875640869,-0.13828349113464355
-0.09572187066078186,-0.6125947833061218,-0.14768685400485992
0.02098921500146389,-0.5778094530105591,-0.22836853563785553
-0.024057632312178612,-0.5730607509613037,-0.23062941431999207
0.13679330050945282,-0.5220943093299866,-0.09408661723136902
-0.14846991002559662,-0.5040144324302673,-0.11915214359760284
0.22188355028629303,-0.7260144948959351,-0.13510343432426453
-0.2832144498825073,-0.6832669973373413,-0.17464198172092438
0.24344007670879364,-0.9471070170402527,-0.18304966390132904
-0.27814599871635437,-0.9066680073738098,-0.24550198018550873
0.23932838439941406,-0.9698500633239746,-0.21097376942634583
-0.2736625075340271,-0.9383620023727417,-0.28212568163871765
0.2190100997686386,-0.9945122599601746,-0.21918576955795288
-0.2534220218658447,-0.9735105037689209,-0.25983142852783203
0.23234914243221283,-0.9602116346359253,-0.19097913801670074
-0.2591123580932617,-0.9241827726364136,-0.24577870965003967
0.11017893999814987,-0.0021128926891833544,0.008644183166325092
-0.11033876985311508,0.0014827754348516464,-0.00762999476864934
0.12466436624526978,0.4205875098705292,0.014171512797474861
-0.1286592334508896,0.3960078954696655,-0.007480290252715349
0.1981702595949173,0.758590042591095,0.13897845149040222
-0.13994325697422028,0.7530574202537537,0.11863002181053162
0.2094525694847107,0.8032193183898926,0.14411891996860504
-0.1410345882177353,0.801338791847229,0.12303140759468079
0.2282763421535492,0.8607233166694641,0.01652231067419052
-0.16385029256343842,0.870939314365387,0.0019385783234611154
-
-0.004366602282971144,-0.6028904318809509,-0.25673016905784607
0.0029306241776794195,-0.6392703056335449,-0.23781314492225647
0.003363179275766015,-0.6398212909698486,-0.23719991743564606
0.003237023251131177,-0.6402949690818787,-0.23689046502113342
-0.02983510121703148,-0.6354628801345825,-0.23636668920516968
-0.029352298006415367,-0.6362857818603516,-0.2370840460062027
-0.029551532119512558,-0.6376526951789856,-0.236543670296669
0.0555691197514534,-0.6250919103622437,-0.1279163807630539
-0.0956716537475586,-0.6130580306053162,-0.13226062059402466
0.020894693210721016,-0.57860267162323,-0.2179713249206543
-0.02415912225842476,-0.5737964510917664,-0.21877039968967438
0.13757184147834778,-0.5208489894866943,-0.08313065767288208
-0.14882121980190277,-0.49991774559020996,-0.10162895172834396
0.22635865211486816,-0.7235057353973389,-0.11168672144412994
-0.2939191460609436,-0.6667094826698303,-0.16181419789791107
0.24722439050674438,-0.942579448223114,-0.15607383847236633
-0.28090912103652954,-0.8980367183685303,-0.2377222776412964
0.24092058837413788,-0.9654289484024048,-0.18281976878643036
-0.27398407459259033,-0.9341356754302979,-0.2745121121406555
0.2207941710948944,-0.9900721907615662,-0.19061294198036194
-0.2536558508872986,-0.967560887336731,-0.24934588372707367
0.2361735850572586,-0.9558838605880737,-0.1631649136543274
-0.26134002208709717,-0.9148910641670227,-0.23691622912883759
0.11015527695417404,-0.0021567153744399548,0.008587653748691082
-0.11031889170408249,0.0015299462247639894,-0.007560818921774626
0.12625201046466827,0.41924789547920227,0.012945101596415043
-0.12859280407428741,0.3953770697116852,-0.007504970300942659
0.20476482808589935,0.757828414440155,0.13260670006275177
-0.13959342241287231,0.7530788779258728,0.11552001535892487
0.21664661169052124,0.8025596141815186,0.1368766576051712
-0.1407625675201416,0.8013843894004822,0.11967206001281738
0.23814687132835388,0.8597803711891174,0.008788364008069038
-0.16398103535175323,0.8708186745643616,0.00017307062807958573
-
-0.0037115018349140882,-0.6224669218063354,-0.1733960509300232
0.003416145220398903,-0.6582706570625305,-0.15139338374137878
0.0038487461861222982,-0.6588232517242432,-0.15082834661006927
0.0036926346365362406,-0.659225583076477,-0.15060599148273468
-0.02935914136469364,-0.6536820530891418,-0.150240957736969
-0.028885196894407272,-0.6545702815055847,-0.15086430311203003
-0.029090041294693947,-0.6559335589408875,-0.1503816843032837
0.055760543793439865,-0.6393588781356812,-0.04109335318207741
-0.09537547081708908,-0.6242061257362366,-0.046028051525354385
0.021555664017796516,-0.5959680676460266,-0.13605672121047974
-0.02348225563764572,-0.5901468992233276,-0.13711217045783997
0.14075703918933868,-0.5242372155189514,-0.005364554468542337
-0.15096554160118103,-0.4999323785305023,-0.018602754920721054
0.23948946595191956,-0.7215059995651245,-0.033127445727586746
-0.3069581687450409,-0.656974196434021,-0.07536037266254425
0.2526971697807312,-0.9307399988174438,-0.07761506736278534
-0.2821139693260193,-0.882990300655365,-0.1461300104856491
0.24307791888713837,-0.9529776573181152,-0.1050008162856102
-0.27390989661216736,-0.9194464087486267,-0.18098576366901398
0.22164218127727509,-0.9729020595550537,-0.11055200546979904
-0.25355708599090576,-0.9477629065513611,-0.1575494110584259
0.24067740142345428,-0.940036416053772,-0.0831817090511322
-0.26197350025177,-0.8971127867698669,-0.14601200819015503
0.11020251363515854,-0.0022037068847566843,0.008448795415461063
-0.11036834865808487,0.0015842517605051398,-0.007390362676233053
0.1262071430683136,0.41821154952049255,0.012859638780355453
-0.12895864248275757,0.39440199732780457,-0.007113052066415548
0.20481491088867188,0.7541975975036621,0.1349477469921112
-0.13570018112659454,0.7495058178901672,0.11475872993469238
0.21675187349319458,0.7988276481628418,0.13984590768814087
-0.13634516298770905,0.7977055311203003,0.11907950043678284
0.23967969417572021,0.8572882413864136,0.011758750304579735
-0.16222813725471497,0.8675232529640198,-0.00025805120822042227
-
-0.0029872071463614702,-0.636422336101532,-0.15310551226139069
0.00404313625767827,-0.6722231507301331,-0.1310393214225769
0.004471354652196169,-0.6727647185325623,-0.1304701268672943
0.004282845184206963,-0.6731606125831604,-0.13024289906024933
-0.028753207996487617,-0.6670958995819092,-0.12919750809669495
-0.028291521593928337,-0.6680506467819214,-0.12979383766651154
-0.028504423797130585,-0.6694082617759705,-0.12928280234336853
0.0565975196659565,-0.6516128182411194,-0.021647801622748375
-0.09427572786808014,-0.6339632272720337,-0.022980837151408195
0.02259344793856144,-0.608998715877533,-0.11650170385837555
-0.022395707666873932,-0.6024473309516907,-0.11649462580680847
0.1447540521621704,-0.5283553600311279,0.014760068617761135
-0.15115861594676971,-0.5002589225769043,0.01043530274182558
0.2581743597984314,-0.7167489528656006,-0.008985341526567936
-0.3134682774543762,-0.6502463221549988,-0.03482174128293991
0.2635844945907593,-0.9147863388061523,-0.04728744924068451
-0.2828387916088104,-0.8690953254699707,-0.09960901737213135
0.2502855956554413,-0.934611976146698,-0.07333984971046448
-0.27286845445632935,-0.9023885726928711,-0.13270394504070282
0.2267860621213913,-0.9504533410072327,-0.07776107639074326
-0.2523834705352783,-0.9275889992713928,-0.11060239374637604
0.2506182789802551,-0.9211763143539429,-0.05175637826323509
-0.26216524839401245,-0.8813602924346924,-0.09976647794246674
0.11020275205373764,-0.002209446160122752,0.007964382879436016
-0.11036740243434906,0.0015917140990495682,-0.006861593574285507
0.12623007595539093,0.41739532351493835,0.012974231503903866
-0.12856025993824005,0.3936760425567627,-0.004471174441277981
0.2047266662120819,0.7524360418319702,0.13555695116519928
-0.1319405883550644,0.7468125820159912,0.11459388583898544
0.21665117144584656,0.7970765829086304,0.14048455655574799
-0.1323506236076355,0.7948396801948547,0.11888070404529572
0.2404417097568512,0.8560628294944763,0.012277848087251186
-0.15997648239135742,0.8650294542312622,-0.0004517329216469079
-
-0.0036301990039646626,-0.6534433364868164,-0.1446092575788498
0.0032527882140129805,-0.6890876293182373,-0.12244711816310883
0.003673780942335725,-0.6896165013313293,-0.12190678715705872
0.0034572207368910313,-0.6899834871292114,-0.12171036005020142
-0.02932751737535,-0.6836839914321899,-0.1191207617521286
-0.028891220688819885,-0.6847341656684875,-0.11975232511758804
-0.02909754030406475,-0.6860449314117432,-0.11919739842414856
0.056619901210069656,-0.6633402109146118,-0.016792556270956993
-0.09375589340925217,-0.6443567872047424,-0.010717418976128101
0.022538218647241592,-0.6233438849449158,-0.109915591776371
-0.022399211302399635,-0.6164690256118774,-0.1078697219491005
0.14826832711696625,-0.5316819548606873,0.011097404174506664
-0.15154363214969635,-0.5006579756736755,0.02826315350830555
0.27239346504211426,-0.7087963819503784,-0.028904085978865623
-0.3198360204696655,-0.6421208381652832,-0.00427867891266942
0.2630065083503723,-0.9050501585006714,-0.07636938989162445
-0.2831425964832306,-0.8570784330368042,-0.058633092790842056
0.24509011209011078,-0.9257407188415527,-0.10453461855649948
-0.26874831318855286,-0.8877931237220764,-0.09036080539226532
0.2189340591430664,-0.9390600919723511,-0.10730509459972382
-0.2492341250181198,-0.9123320579528809,-0.06728056818246841
0.24956968426704407,-0.9100423455238342,-0.08052907884120941
-0.2626241147518158,-0.8687411546707153,-0.057940296828746796
0.11020149290561676,-0.002228508936241269,0.006841096095740795
-0.11036556214094162,0.0016221818514168262,-0.0057271430268883705
0.12812253832817078,0.4159184396266937,0.011935554444789886
-0.12795527279376984,0.3922998905181885,-0.0033331364393234253
0.2036542296409607,0.7514529824256897,0.13255846500396729
-0.13060830533504486,0.7433750033378601,0.1139240637421608
0.21562570333480835,0.7961989641189575,0.1371920257806778
-0.13095058500766754,0.7912566661834717,0.11810362339019775
0.24210184812545776,0.8545067310333252,0.008559100329875946
-0.15954779088497162,0.8622676134109497,-0.0013042808277532458
-
-0.003169962437823415,-0.6527042388916016,-0.13764944672584534
0.003297441406175494,-0.6889486908912659,-0.11607324331998825
0.0037155523896217346,-0.6894510984420776,-0.11550091207027435
0.003492082003504038,-0.6898509860038757,-0.11530983448028564
-0.029218096286058426,-0.6833109259605408,-0.11317706853151321
-0.02879314124584198,-0.6843953132629395,-0.11387529224157333
-0.029003607109189034,-0.685690701007843,-0.11324174702167511
0.056620899587869644,-0.6658815145492554,-0.009010967798531055
-0.09359990805387497,-0.6448791027069092,-0.005609407555311918
0.023319534957408905,-0.6235600113868713,-0.10195153951644897
-0.021449588239192963,-0.6161397099494934,-0.10059013217687607
0.15134243667125702,-0.5319408178329468,0.022107889875769615
-0.15200263261795044,-0.501243531703949,0.03853197023272514
0.28386691212654114,-0.6779853105545044,-0.02966349758207798
-0.3287757635116577,-0.6409839987754822,0.014447536319494247
0.2607291042804718,-0.8740506172180176,-0.08718506991863251
-0.2833369970321655,-0.847065806388855,-0.032467372715473175
0.23626647889614105,-0.8967104554176331,-0.11636816710233688
-0.2625582814216614,-0.8746338486671448,-0.06169609725475311
0.20862683653831482,-0.9091185927391052,-0.11603418737649918
-0.2421555072069168,-0.8965741395950317,-0.038364507257938385
0.2450995147228241,-0.8787983655929565,-0.08973171561956406
-0.2631407380104065,-0.8567600250244141,-0.030949914827942848
0.1102193221449852,-0.002241874812170863,0.006612855009734631
-0.11037609726190567,0.0016432054108008742,-0.0054977224208414555
0.12817999720573425,0.4156968891620636,0.008395624347031116
-0.1274910271167755,0.3922388255596161,-0.004439148120582104
0.1965177208185196,0.7515605688095093,0.1235853061079979
-0.13061092793941498,0.7432853579521179,0.10553988814353943
0.20843325555324554,0.7963137626647949,0.1275871843099594
-0.1309071034193039,0.7909992933273315,0.10915594547986984
0.24166955053806305,0.8544510006904602,-0.0025841081514954567
-0.15780051052570343,0.8623549938201904,-0.015016956254839897
-
0.0032267628703266382,-0.659831166267395,-0.14448922872543335
0.008230016566812992,-0.696145236492157,-0.12216868996620178
0.008672663941979408,-0.6966670751571655,-0.12156624346971512
0.008390393108129501,-0.6970426440238953,-0.12143247574567795
-0.024079155176877975,-0.690533459186554,-0.1207859069108963
-0.023702913895249367,-0.6916378736495972,-0.12153517454862595
-0.023869264870882034,-0.6929001808166504,-0.1208769902586937
0.05814950913190842,-0.6726630926132202,-0.012076609767973423
-0.09156311303377151,-0.6510859727859497,-0.016391120851039886
0.028296804055571556,-0.6301729679107666,-0.10760108381509781
-0.01623186282813549,-0.6225425004959106,-0.10831932723522186
0.15556757152080536,-0.5331105589866638,0.0165893342345953
-0.1533285677433014,-0.5032354593276978,0.02000291831791401
0.29299765825271606,-0.652712345123291,-0.04684055224061012
-0.32726025581359863,-0.6268513202667236,-0.015878882259130478
0.26126450300216675,-0.8352725505828857,-0.1559022217988968
-0.2760531008243561,-0.8096578121185303,-0.06628155708312988
0.2366148829460144,-0.855346143245697,-0.18805746734142303
-0.2447110265493393,-0.8321378231048584,-0.10254308581352234
0.2092427760362625,-0.8658100962638855,-0.1834767460823059
-0.22428348660469055,-0.8524667620658875,-0.08253958076238632
0.24557596445083618,-0.839207649230957,-0.1566426306962967
-0.25447380542755127,-0.817594051361084,-0.06886104494333267
0.11033295840024948,-0.0022602458484470844,0.006628371309489012
-0.11048594862222672,0.0016720774583518505,-0.005521033424884081
0.12999862432479858,0.4164523780345917,0.0080843735486269
-0.12550275027751923,0.3933854401111603,-0.005435597151517868
0.1966310292482376,0.756022036075592,0.11858624964952469
-0.1300373524427414,0.7442820072174072,0.09973479062318802
0.20872150361537933,0.8011738061904907,0.1211792603135109
-0.13037049770355225,0.7917319536209106,0.1024366021156311
0.24729254841804504,0.8570070266723633,-0.010393812321126461
-0.15675565600395203,0.8634718656539917,-0.025038456544280052
-
0.0056626880541443825,-0.6583142280578613,-0.1307903230190277
0.010561653412878513,-0.6948849558830261,-0.10948528349399567
0.011001944541931152,-0.6953859925270081,-0.10890498012304306
0.010672017000615597,-0.6957864761352539,-0.10872528702020645
-0.021746259182691574,-0.6890985369682312,-0.1070239245891571
-0.021388130262494087,-0.6902287602424622,-0.10776465386152267
-0.021562954410910606,-0.6914936304092407,-0.10700254142284393
0.06087726727128029,-0.6735082268714905,-0.0013512183213606477
-0.08841340243816376,-0.6509172916412354,0.0005026834551244974
0.031528811901807785,-0.6294237971305847,-0.09450933337211609
-0.012990163639187813,-0.6215315461158752,-0.09347391873598099
0.16135816276073456,-0.5328695178031921,0.03608350455760956
-0.15156564116477966,-0.5034089088439941,0.05214858800172806
0.31225016713142395,-0.6347110867500305,-0.028344303369522095
-0.3291899561882019,-0.618404746055603,0.04364803805947304
0.2687634825706482,-0.8180477619171143,-0.1281432956457138
-0.2767638564109802,-0.8001243472099304,0.0007382421172223985
0.24138979613780975,-0.8374311923980713,-0.15911772847175598
-0.2456323355436325,-0.8215512037277222,-0.02648123912513256
0.21293652057647705,-0.8473160266876221,-0.15027643740177155
-0.2267494648694992,-0.8394781351089478,-0.006019003223627806
0.25204068422317505,-0.821672797203064,-0.1260172575712204
-0.2553977370262146,-0.8073174953460693,0.001810667454265058
0.11033347249031067,-0.0021267207339406013,0.006338553968816996
-0.11048134416341782,0.0015525482594966888,-0.005241713486611843
0.13107196986675262,0.4176315665245056,0.0044547575525939465
-0.120438352227211,0.3931456506252289,-0.005450843367725611
0.1996358036994934,0.7629547119140625,0.09931111335754395
-0.12950071692466736,0.7443739771842957,0.09604556113481522
0.2124028503894806,0.8085160255432129,0.10017982125282288
-0.12985540926456451,0.7918150424957275,0.09833049029111862
0.2537822723388672,0.8614843487739563,-0.03824567794799805
-0.1544092446565628,0.8634719252586365,-0.03251687064766884
-
0.004530845209956169,-0.6562976837158203,-0.12766534090042114
0.009487709030508995,-0.692703127861023,-0.10870004445314407
0.009932289831340313,-0.6932148337364197,-0.10812929272651672
0.009559637866914272,-0.6936227679252625,-0.10793651640415192
-0.022574247792363167,-0.6872755289077759,-0.10468735545873642
-0.02223034016788006,-0.688341498374939,-0.10545344650745392
-0.02241949550807476,-0.6896166801452637,-0.10463403165340424
0.06078290566802025,-0.6718613505363464,-0.004449009895324707
-0.08798848092556,-0.6497812867164612,0.004005982540547848
0.031211191788315773,-0.6274945139884949,-0.09243376553058624
-0.013089771382510662,-0.6199594140052795,-0.08937495201826096
0.16221193969249725,-0.5320159196853638,0.03896118700504303
-0.1502257138490677,-0.503508448600769,0.06669724732637405
0.3139370083808899,-0.6048324704170227,-0.024614177644252777
-0.3331794738769531,-0.6017743349075317,0.07734816521406174
0.27331870794296265,-0.7936574220657349,-0.12595294415950775
-0.2807764708995819,-0.7786036729812622,0.03544976934790611
0.24601049721240997,-0.816386342048645,-0.15667997300624847
-0.24766212701797485,-0.7977924346923828,0.011748104356229305
0.21912944316864014,-0.8278091549873352,-0.1478760689496994
-0.22724224627017975,-0.8154491782188416,0.03032204508781433
0.25707200169563293,-0.7987704277038574,-0.12374263256788254
-0.26023805141448975,-0.7860082387924194,0.03704589232802391
0.11030859500169754,-0.0020454134792089462,0.004527765326201916
-0.11044556647539139,0.0014767494285479188,-0.003453331533819437
0.13119573891162872,0.4179811179637909,-0.003540345234796405
-0.11763583868741989,0.3945227265357971,-0.005471847020089626
0.20336543023586273,0.7684264779090881,0.0790160521864891
-0.12825898826122284,0.7508260607719421,0.08547848463058472
0.21685755252838135,0.8142881989479065,0.07894093543291092
-0.12846451997756958,0.7983015775680542,0.08653485029935837
0.25770121812820435,0.8649570345878601,-0.05980168282985687
-0.1534750610589981,0.8694204688072205,-0.04526333883404732
-
0.006734740454703569,-0.6579862833023071,-0.1359138786792755
0.012280077673494816,-0.694288969039917,-0.11631029099225998
0.012743737548589706,-0.6947558522224426,-0.11574502289295197
0.012338245287537575,-0.6951754689216614,-0.11555792391300201
-0.019921693950891495,-0.6890736222267151,-0.1133359894156456
-0.01957789622247219,-0.6901822090148926,-0.11409193277359009
-0.01978335902094841,-0.6914315819740295,-0.11332765966653824
0.06254252791404724,-0.6720417141914368,-0.00965210236608982
-0.0855465903878212,-0.6515582203865051,-0.006125147454440594
0.03256822004914284,-0.6285863518714905,-0.09986165910959244
-0.011521171778440475,-0.6214041709899902,-0.09824316203594208
0.16200266778469086,-0.5247495174407959,0.03861187770962715
-0.14936627447605133,-0.5030789375305176,0.048959486186504364
0.3093303442001343,-0.5589845180511475,-0.02520265057682991
-0.33373385667800903,-0.5662741661071777,0.037125974893569946
0.2792835831642151,-0.7431440949440002,-0.12927620112895966
-0.283189594745636,-0.7374265789985657,-0.016961459070444107
0.2553402781486511,-0.7659968733787537,-0.16067098081111908
-0.24797111749649048,-0.7573540210723877,-0.0449310801923275
0.23323102295398712,-0.7813034057617188,-0.15239420533180237
-0.2303781360387802,-0.7776243090629578,-0.02538500726222992
0.264799028635025,-0.750895082950592,-0.12745386362075806
-0.26347193121910095,-0.7464678287506104,-0.016070960089564323
0.110084667801857,-0.0019313832744956017,0.004678207449615002
-0.11020881682634354,0.0013609622837975621,-0.0036028253380209208
0.1310959756374359,0.41937410831451416,-0.002569658448919654
-0.11677101999521255,0.3947334289550781,-0.005476004909723997
0.20389851927757263,0.7709873914718628,0.08540067821741104
-0.1282554566860199,0.7513371109962463,0.08572089672088623
0.2174520194530487,0.816551148891449,0.085967056453228
-0.12849287688732147,0.7986441850662231,0.0868605375289917
0.2582623064517975,0.8660411834716797,-0.05028587579727173
-0.15142741799354553,0.8693782091140747,-0.044045280665159225
-
0.006864204071462154,-0.6570910215377808,-0.1404031217098236
0.01265853550285101,-0.6934266686439514,-0.12078914046287537
0.013128350488841534,-0.6938822865486145,-0.12022621184587479
0.01271585188806057,-0.6943081021308899,-0.12004245072603226
-0.019597167149186134,-0.6882217526435852,-0.11813578009605408
-0.019256452098488808,-0.6893274784088135,-0.11889426410198212
-0.019471118226647377,-0.6905741095542908,-0.11814284324645996
0.06299006193876266,-0.6714385151863098,-0.01352639589458704
-0.08465555310249329,-0.651442289352417,-0.011530249379575253
0.03256063163280487,-0.627938985824585,-0.10406353324651718
-0.011446048505604267,-0.6208142042160034,-0.10292430222034454
0.16173361241817474,-0.5155123472213745,0.038779161870479584
-0.14862075448036194,-0.502027153968811,0.0423264354467392
0.30641767382621765,-0.5154778957366943,-0.023896485567092896
-0.3356238603591919,-0.5434030890464783,0.026057669892907143
0.2906814217567444,-0.6922242641448975,-0.13295485079288483
-0.291770875453949,-0.7080162167549133,-0.03638765588402748
0.27199289202690125,-0.7159072160720825,-0.1648569256067276
-0.25874194502830505,-0.7275712490081787,-0.06532661616802216
0.25448524951934814,-0.7351495027542114,-0.15860246121883392
-0.24432936310768127,-0.7492748498916626,-0.046321481466293335
0.2783994674682617,-0.702119767665863,-0.13203072547912598
-0.27334994077682495,-0.7176886200904846,-0.0358467735350132
0.10980028659105301,-0.0017942555714398623,0.004681864753365517
-0.10991290211677551,0.0012165139196440578,-0.0036072279326617718
0.13096803426742554,0.42012137174606323,-0.0013493394944816828
-0.11675605177879333,0.3949073255062103,-0.005350827239453793
0.20465083420276642,0.7735468149185181,0.08661356568336487
-0.1291932612657547,0.7533911466598511,0.08404234796762466
0.21833884716033936,0.8189414143562317,0.08669251948595047
-0.1297495812177658,0.8005459904670715,0.08485273271799088
0.2598003149032593,0.8669719696044922,-0.048671480268239975
-0.1518562287092209,0.8694511651992798,-0.045605406165122986
-
0.010280058719217777,-0.6564444303512573,-0.14283177256584167
0.018455320969223976,-0.6926250457763672,-0.12322359532117844
0.018941698595881462,-0.6930767297744751,-0.1226709857583046
0.018524011597037315,-0.693504273891449,-0.12248969078063965
-0.014249050989747047,-0.687796413898468,-0.12084431201219559
-0.013921852223575115,-0.6889013051986694,-0.12161137908697128
-0.014139952138066292,-0.6901395916938782,-0.12084640562534332
0.06860201060771942,-0.6709972620010376,-0.01504555158317089
-0.07933542132377625,-0.6519036293029785,-0.014557716436684132
0.03450958430767059,-0.6272207498550415,-0.10619815438985825
-0.009439980611205101,-0.6204370260238647,-0.1054820790886879
0.16153497993946075,-0.5027258396148682,0.03955664113163948
-0.14739222824573517,-0.4980562925338745,0.04219447821378708
0.30382370948791504,-0.48296022415161133,-0.02188020758330822
-0.33707648515701294,-0.5142033100128174,0.0217011496424675
0.2928030490875244,-0.6608154773712158,-0.1345788985490799
-0.296813040971756,-0.6758790612220764,-0.045889537781476974
0.275759220123291,-0.6862011551856995,-0.16653519868850708
-0.2648192346096039,-0.6959327459335327,-0.07532751560211182
0.2618255913257599,-0.7064061760902405,-0.1614530384540558
-0.25324293971061707,-0.7173477411270142,-0.05619899928569794
0.28202128410339355,-0.6715357303619385,-0.13420577347278595
-0.27931803464889526,-0.6855374574661255,-0.045423075556755066
0.10946246236562729,-0.0017888841684907675,0.004687640815973282
-0.10955953598022461,0.001209677429869771,-0.003613546257838607
0.13080613315105438,0.4206324517726898,-0.0010950457071885467
-0.1154761090874672,0.395426481962204,-0.005362169351428747
0.20505627989768982,0.7734801769256592,0.08891326934099197
-0.1285882443189621,0.7549078464508057,0.0849258080124855
0.21861664950847626,0.8188417553901672,0.08942343294620514
-0.1293310523033142,0.8020537495613098,0.08597676455974579
0.2592705488204956,0.868590235710144,-0.044964276254177094
-0.1515284776687622,0.8696297407150269,-0.0437062606215477
-
0.00993469636887312,-0.6557616591453552,-0.14386577904224396
0.018296677619218826,-0.6917840838432312,-0.12369461357593536
0.018791820853948593,-0.6921892762184143,-0.12318114936351776
0.018359556794166565,-0.6926367878913879,-0.12302086502313614
-0.01446743868291378,-0.6869751214981079,-0.12139908969402313
-0.014147222973406315,-0.6880766749382019,-0.12210062891244888
-0.014374381862580776,-0.6892854571342468,-0.12140744924545288
0.06839619576931,-0.6691766381263733,-0.016013430431485176
-0.07946503907442093,-0.650667667388916,-0.01602192595601082
0.0342632457613945,-0.626316249370575,-0.10706645250320435
-0.009542916901409626,-0.6195160746574402,-0.10684843361377716
0.16132676601409912,-0.49325716495513916,0.0377311147749424
-0.14640527963638306,-0.48991522192955017,0.0392293706536293
0.3024258017539978,-0.45608487725257874,-0.024250127375125885
-0.337175577878952,-0.4874979555606842,0.015755346044898033
0.29043519496917725,-0.6374502778053284,-0.14149901270866394
-0.2970113456249237,-0.649669349193573,-0.06586330384016037
0.2731180787086487,-0.6666304469108582,-0.17375072836875916
-0.265129029750824,-0.6721060872077942,-0.09736864268779755
0.25873520970344543,-0.6883779168128967,-0.1682511568069458
-0.2538999319076538,-0.6945118308067322,-0.07712224870920181
0.2794634997844696,-0.6495909690856934,-0.14108684659004211
-0.2795267701148987,-0.6601117849349976,-0.06491483002901077
0.1092720702290535,-0.001761501538567245,0.00479215057566762
-0.10936664789915085,0.001177973230369389,-0.003733159741386771
0.13102275133132935,0.4208393096923828,-0.0009725907002575696
-0.11511005461215973,0.39565494656562805,-0.0053596352227032185
0.20631682872772217,0.7731063961982727,0.09168188273906708
-0.1284942924976349,0.7552098631858826,0.08620786666870117
0.2197275012731552,0.8184757828712463,0.09262460470199585
-0.12926049530506134,0.8022972345352173,0.08757873624563217
0.2588321268558502,0.8686658143997192,-0.043630242347717285
-0.15076559782028198,0.8695961833000183,-0.04332786798477173
-
0.009551421739161015,-0.6552170515060425,-0.14423510432243347
0.017977967858314514,-0.691340446472168,-0.12460403144359589
0.018486980348825455,-0.6917620897293091,-0.12412329763174057
0.01804494671523571,-0.6922019124031067,-0.12398211658000946
-0.014808593317866325,-0.6865003705024719,-0.12198703736066818
-0.014495043084025383,-0.6876035332679749,-0.12277437001466751
-0.014725912362337112,-0.6888231039047241,-0.12198397517204285
0.06823951750993729,-0.6679791808128357,-0.017106851562857628
-0.07955653220415115,-0.6501305103302002,-0.016705680638551712
0.033914510160684586,-0.626031219959259,-0.10776861011981964
-0.00970827043056488,-0.6192329525947571,-0.1071762815117836
0.1611921638250351,-0.4868958592414856,0.036356642842292786
-0.14520737528800964,-0.48374515771865845,0.03701368719339371
0.3008115291595459,-0.4395540952682495,-0.024988552555441856
-0.3364277780056,-0.4629081189632416,0.008544904179871082
0.28914833068847656,-0.6137003898620605,-0.15305227041244507
-0.2968780994415283,-0.6130784749984741,-0.10596612840890884
0.2715511918067932,-0.6429917216300964,-0.18488283455371857
-0.265019953250885,-0.6350511312484741,-0.13968519866466522
0.25766846537590027,-0.6650117635726929,-0.17863287031650543
-0.2537597119808197,-0.6576954126358032,-0.11909196525812149
0.27827852964401245,-0.6259323358535767,-0.15230852365493774
-0.27926716208457947,-0.6234197616577148,-0.10498560965061188
0.10911746323108673,-0.0017234242986887693,0.004840482026338577
-0.10920558869838715,0.001137095969170332,-0.0037935252767056227
0.13152028620243073,0.4208722412586212,-0.0007415440632030368
-0.1145642101764679,0.39607739448547363,-0.005051604937762022
0.20690564811229706,0.7728184461593628,0.09469819813966751
-0.1280069500207901,0.7553853392601013,0.08964981138706207
0.22009676694869995,0.8181897401809692,0.09630011767148972
-0.12879475951194763,0.8023841977119446,0.09159112721681595
0.25842952728271484,0.8693029880523682,-0.04049446061253548
-0.14930978417396545,0.8695602416992188,-0.039358194917440414
-
0.009773601777851582,-0.6547765135765076,-0.15548060834407806
0.018163762986660004,-0.6909548044204712,-0.1362963318824768
0.018680861219763756,-0.6913855075836182,-0.13583441078662872
0.018252331763505936,-0.6918208003044128,-0.1357160061597824
-0.014670099131762981,-0.6860445737838745,-0.13452567160129547
-0.014353696256875992,-0.6871459484100342,-0.13544774055480957
-0.014578749425709248,-0.6883695125579834,-0.13455729186534882
0.06866089999675751,-0.6668843030929565,-0.026394259184598923
-0.07890380173921585,-0.6498510241508484,-0.029558442533016205
0.03393072634935379,-0.6258051991462708,-0.11848942190408707
-0.009638628922402859,-0.6188890337944031,-0.11858613789081573
0.16107052564620972,-0.4818132817745209,0.0360507033765316
-0.14424100518226624,-0.4805563688278198,0.030093787238001823
0.3002578616142273,-0.4221467673778534,-0.03882269561290741
-0.33633434772491455,-0.4472460448741913,-0.02862659841775894
0.2888706922531128,-0.5848626494407654,-0.17973148822784424
-0.2967226505279541,-0.5905200839042664,-0.1663767546415329
0.27085021138191223,-0.6124192476272583,-0.21175332367420197
-0.2649710774421692,-0.6124627590179443,-0.20250438153743744
0.2558407485485077,-0.6356224417686462,-0.2056577503681183
-0.2535795271396637,-0.6364418268203735,-0.1809215396642685
0.277312695980072,-0.5973474383354187,-0.17929404973983765
-0.2790445387363434,-0.6014403700828552,-0.165258526802063
0.10889805853366852,-0.0017106491141021252,0.005316093098372221
-0.10897595435380936,0.001122934278100729,-0.004308916628360748
0.1317814439535141,0.4209703803062439,-0.00019459518080111593
-0.1145792007446289,0.39652755856513977,-0.004831920377910137
0.20692676305770874,0.7725726962089539,0.10021476447582245
-0.12794744968414307,0.7556004524230957,0.09343335777521133
0.22007475793361664,0.81792813539505,0.10246606916189194
-0.12875090539455414,0.8025072813034058,0.09579455852508545
0.2570852041244507,0.8705613017082214,-0.03212251886725426
-0.14858587086200714,0.869550347328186,-0.03418318182229996
-
0.009474504739046097,-0.6537639498710632,-0.15563862025737762
0.018001265823841095,-0.689724326133728,-0.1367637813091278
0.01853257045149803,-0.6901386380195618,-0.13631382584571838
0.018104208633303642,-0.69058758020401,-0.1361854374408722
-0.014816146343946457,-0.6852617263793945,-0.13498511910438538
-0.014501924626529217,-0.6863411664962769,-0.1359335035085678
-0.01472225971519947,-0.6875402927398682,-0.13501863181591034
0.06856241822242737,-0.6655824780464172,-0.027040230110287666
-0.0788663923740387,-0.6496683359146118,-0.030206019058823586
0.033436473459005356,-0.6247199177742004,-0.11865781247615814
-0.009908449836075306,-0.6182075142860413,-0.11870986968278885
0.16024403274059296,-0.480264276266098,0.03492524102330208
-0.1436758041381836,-0.477772980928421,0.029651323333382607
0.2973726689815521,-0.40807655453681946,-0.04604153335094452
-0.3327282667160034,-0.4175271987915039,-0.04320026934146881
0.28840214014053345,-0.5622828006744385,-0.19877584278583527
-0.2944744825363159,-0.5612820982933044,-0.19508375227451324
0.2699270248413086,-0.5886805057525635,-0.2308616191148758
-0.26370254158973694,-0.5855194926261902,-0.2329646646976471
0.2554278075695038,-0.6117728352546692,-0.2254258245229721
-0.25265005230903625,-0.6124923825263977,-0.21229304373264313
0.27635371685028076,-0.5747582316398621,-0.1990891844034195
-0.27708977460861206,-0.5742480754852295,-0.19416654109954834
0.10871393978595734,-0.0017033499898388982,0.006009662989526987
-0.10878392308950424,0.00111590011510998,-0.005046566482633352
0.13196951150894165,0.42119231820106506,-0.00012037053238600492
-0.11475308984518051,0.3967897593975067,-0.005736849270761013
0.20661626756191254,0.7726970911026001,0.10056786984205246
-0.12797750532627106,0.7563442587852478,0.09337945282459259
0.21950370073318481,0.817979633808136,0.10294010490179062
-0.12879149615764618,0.8031230568885803,0.0957975834608078
0.2566666603088379,0.8731469511985779,-0.029432352632284164
-0.14843684434890747,0.8701591491699219,-0.034014299511909485
-
0.009358979761600494,-0.6547129154205322,-0.15517094731330872
0.017817456275224686,-0.6903342008590698,-0.13634274899959564
0.018342068418860435,-0.6907361745834351,-0.135891854763031
0.017918188124895096,-0.691193163394928,-0.13574905693531036
-0.014996322803199291,-0.6862435936927795,-0.13420522212982178
-0.01467935647815466,-0.6873107552528381,-0.1351643204689026
-0.014901945367455482,-0.6884933710098267,-0.13423365354537964
0.06897462904453278,-0.6654425859451294,-0.02721908874809742
-0.07769237458705902,-0.6508055329322815,-0.028970159590244293
0.03335108235478401,-0.6250935792922974,-0.11855624616146088
-0.010004708543419838,-0.6189830303192139,-0.11814849078655243
0.1601252257823944,-0.479877769947052,0.03393169865012169
-0.1423976868391037,-0.4765033423900604,0.029277311637997627
0.2921540141105652,-0.400784969329834,-0.0524679571390152
-0.3287222981452942,-0.39720582962036133,-0.047055650502443314
0.28471270203590393,-0.550048828125,-0.20689260959625244
-0.29382678866386414,-0.5361009836196899,-0.20466740429401398
0.2675186097621918,-0.5755655765533447,-0.23860163986682892
-0.2636988162994385,-0.5605682134628296,-0.24269452691078186
0.25458744168281555,-0.5986438393592834,-0.23355776071548462
-0.2525942027568817,-0.589339017868042,-0.22325332462787628
0.2745496332645416,-0.5624657869338989,-0.20740577578544617
-0.2767184376716614,-0.549903154373169,-0.2040490359067917
0.10853947699069977,-0.0016869676765054464,0.006197123322635889
-0.10860687494277954,0.0011007986031472683,-0.005266378168016672
0.13198935985565186,0.42120689153671265,0.00046887993812561035
-0.11478982120752335,0.3969806134700775,-0.0057565001770854
0.20595182478427887,0.7725659608840942,0.10315913707017899
-0.12684503197669983,0.7571012377738953,0.09463614970445633
0.2186720073223114,0.817816436290741,0.10583043098449707
-0.12754128873348236,0.8037377595901489,0.09733188152313232
0.2565442621707916,0.8734621405601501,-0.023142952471971512
-0.14686517417430878,0.8704869151115417,-0.03003249317407608
-
0.009605656377971172,-0.6523156762123108,-0.15357671678066254
0.018138820305466652,-0.6879597902297974,-0.1352715939283371
0.0186684038490057,-0.6883371472358704,-0.1348259299993515
0.018253561109304428,-0.688812255859375,-0.13465818762779236
-0.014662470668554306,-0.6843020915985107,-0.13286159932613373
-0.01434452272951603,-0.685350775718689,-0.13383327424526215
-0.01455545611679554,-0.6865063905715942,-0.13288433849811554
0.07046830654144287,-0.6643154621124268,-0.02653902769088745
-0.07594174891710281,-0.6506887078285217,-0.0271524116396904
0.033617861568927765,-0.6232359409332275,-0.11686170101165771
-0.009628942236304283,-0.6175142526626587,-0.11597481369972229
0.16028448939323425,-0.4785107672214508,0.036007463932037354
-0.14053161442279816,-0.47446465492248535,0.031349461525678635
0.28653761744499207,-0.38716939091682434,-0.05237409472465515
-0.31639477610588074,-0.37798306345939636,-0.04409068450331688
0.27958980202674866,-0.5359300971031189,-0.20822115242481232
-0.29166683554649353,-0.5148500204086304,-0.2045583575963974
0.2632412910461426,-0.5611148476600647,-0.2399168610572815
-0.263468861579895,-0.5392276048660278,-0.24303019046783447
0.2543509006500244,-0.5849286317825317,-0.23534445464611053
-0.25273388624191284,-0.5688870549201965,-0.22558659315109253
0.2710757255554199,-0.5490632653236389,-0.2088758796453476
-0.2756098806858063,-0.5293301939964294,-0.20469363033771515
0.10842041671276093,-0.0016351134981960058,0.0065431492403149605
-0.10848314315080643,0.0010501047363504767,-0.005653464235365391
0.13198436796665192,0.4214577078819275,0.0007616845541633666
-0.11472310870885849,0.397037535905838,-0.006587330251932144
0.2056443840265274,0.7724946141242981,0.10363161563873291
-0.1255144625902176,0.7576475143432617,0.09475179016590118
0.21832744777202606,0.8176993131637573,0.10635717213153839
-0.1261179894208908,0.8042351603507996,0.09756430238485336
0.2563669979572296,0.8735288977622986,-0.021314429119229317
-0.14513885974884033,0.8707613348960876,-0.029367098584771156
-
0.0090890908613801,-0.6459280252456665,-0.1516745388507843
0.01749485172331333,-0.6821658611297607,-0.13418295979499817
0.01802772656083107,-0.682511031627655,-0.13374678790569305
0.017614273354411125,-0.6830084919929504,-0.1335567831993103
-0.015324153006076813,-0.6785569190979004,-0.1316700130701065
-0.015006527304649353,-0.6795704960823059,-0.13265159726142883
-0.015209570527076721,-0.6807016134262085,-0.1317012906074524
0.07018811255693436,-0.6626089215278625,-0.02551136165857315
-0.07617601007223129,-0.6494318246841431,-0.025869455188512802
0.03308725357055664,-0.6187349557876587,-0.11438501626253128
-0.01004863902926445,-0.6129552125930786,-0.11332719773054123
0.15991264581680298,-0.478054940700531,0.03951944783329964
-0.14048022031784058,-0.47261762619018555,0.033545903861522675
0.27567923069000244,-0.37508508563041687,-0.052238378673791885
-0.30185914039611816,-0.36072999238967896,-0.04283454269170761
0.267375111579895,-0.5268664360046387,-0.2138957977294922
-0.28756725788116455,-0.49744588136672974,-0.21480107307434082
0.25123679637908936,-0.5525499582290649,-0.24645957350730896
-0.26253706216812134,-0.5218309164047241,-0.2540081739425659
0.24724003672599792,-0.577690064907074,-0.24173112213611603
-0.2528161108493805,-0.5521979331970215,-0.23916983604431152
0.2600938677787781,-0.5412161350250244,-0.21452614665031433
-0.2731594741344452,-0.5125897526741028,-0.21589604020118713
0.10835272818803787,-0.001613966771401465,0.006820125039666891
-0.10841112583875656,0.0010298396227881312,-0.005963833536952734
0.13177050650119781,0.42157191038131714,0.0013088880805298686
-0.11474929004907608,0.3970867693424225,-0.007327921222895384
0.2053861916065216,0.7724164724349976,0.10372418165206909
-0.12551747262477875,0.7581596374511719,0.09483785182237625
0.21806752681732178,0.8175562620162964,0.10645449906587601
-0.12611769139766693,0.8046929836273193,0.0977322906255722
0.2561388909816742,0.87337327003479,-0.020554378628730774
-0.1450551301240921,0.8709002137184143,-0.029062902554869652
-
0.008904035203158855,-0.6401431560516357,-0.14730554819107056
0.01722998544573784,-0.6767566800117493,-0.13077189028263092
0.017765436321496964,-0.6770774722099304,-0.13035349547863007
0.01735169254243374,-0.677597165107727,-0.1301289200782776
-0.01557956263422966,-0.673114001750946,-0.12788477540016174
-0.015261909924447536,-0.6741084456443787,-0.1288706511259079
-0.015461958013474941,-0.6752313375473022,-0.12792405486106873
0.07011489570140839,-0.6603217720985413,-0.022636478766798973
-0.07624997943639755,-0.6475021839141846,-0.021600257605314255
0.0329829566180706,-0.6142473816871643,-0.10967608541250229
-0.010097887367010117,-0.6083958745002747,-0.10810992121696472
0.159915491938591,-0.4766177833080292,0.04450244456529617
-0.1400008350610733,-0.4712744355201721,0.03850457817316055
0.2716589570045471,-0.36291879415512085,-0.05133653059601784
-0.2945241332054138,-0.3485919237136841,-0.042452190071344376
0.26500093936920166,-0.5093259811401367,-0.21399933099746704
-0.2854399085044861,-0.47803959250450134,-0.2123795598745346
0.249548077583313,-0.5341094136238098,-0.24711067974567413
-0.2622614800930023,-0.5011619925498962,-0.2515450119972229
0.24680325388908386,-0.5599706768989563,-0.2428356558084488
-0.2531505525112152,-0.5323967933654785,-0.2384699285030365
0.2581987679004669,-0.524015486240387,-0.21485191583633423
-0.27187302708625793,-0.4933426082134247,-0.21406064927577972
0.10833194106817245,-0.0015561273321509361,0.006960142403841019
-0.10838895291090012,0.0009733553742989898,-0.006122786086052656
0.13172759115695953,0.4216160476207733,0.0013678984250873327
-0.11477130651473999,0.39713054895401,-0.008303928188979626
0.2053062915802002,0.7721942067146301,0.10383237898349762
-0.12561044096946716,0.7587758898735046,0.09488210827112198
0.2179691195487976,0.8172555565834045,0.10653020441532135
-0.12620362639427185,0.8052865862846375,0.09781219810247421
0.25532880425453186,0.8731880784034729,-0.020575134083628654
-0.14507831633090973,0.870984673500061,-0.02901737578213215
-
0.00696697598323226,-0.6361346244812012,-0.14190834760665894
0.015035011805593967,-0.6729958653450012,-0.1262775957584381
0.015564807690680027,-0.6732948422431946,-0.125876784324646
0.015156779438257217,-0.6738343834877014,-0.1256265640258789
-0.017700210213661194,-0.6691531538963318,-0.12266041338443756
-0.017379488795995712,-0.6701461672782898,-0.1236419826745987
-0.01758335530757904,-0.6712639927864075,-0.12270830571651459
0.06975287944078445,-0.6584756374359131,-0.01938413642346859
-0.0765385553240776,-0.6455307006835938,-0.015296095050871372
0.03182378038764,-0.6109960079193115,-0.10430773347616196
-0.011097411625087261,-0.6049706935882568,-0.10180866718292236
0.16017119586467743,-0.47491350769996643,0.051772069185972214
-0.13938160240650177,-0.46898770332336426,0.0441260002553463
0.2705894112586975,-0.349295973777771,-0.04521844908595085
-0.2812013626098633,-0.32324424386024475,-0.03593432903289795
0.2652280032634735,-0.4929177165031433,-0.20967872440814972
-0.2819894850254059,-0.4498855471611023,-0.20824609696865082
0.2506769001483917,-0.5186497569084167,-0.24251972138881683
-0.26179853081703186,-0.47467368841171265,-0.24717888236045837
0.25013142824172974,-0.5455934405326843,-0.2382587045431137
-0.2542100250720978,-0.507228434085846,-0.23633916676044464
0.258886456489563,-0.5085784792900085,-0.21058043837547302
-0.2701829671859741,-0.4664008617401123,-0.21062889695167542
0.10831137001514435,-0.0014589815400540829,0.007218260783702135
-0.1083679273724556,0.0008787250844761729,-0.00640266016125679
0.13236498832702637,0.4212460219860077,-0.0007417541346512735
-0.11464624106884003,0.39712920784950256,-0.009609668515622616
0.20545688271522522,0.7717621326446533,0.09939231723546982
-0.1252128779888153,0.7590029239654541,0.09485859423875809
0.21808260679244995,0.8167428374290466,0.10191965848207474
-0.1257617175579071,0.8054966330528259,0.09784998744726181
0.25522124767303467,0.8716880679130554,-0.025014525279402733
-0.1445116549730301,0.8708357810974121,-0.028972309082746506
-
0.003619252936914563,-0.632678210735321,-0.14070864021778107
0.011293763294816017,-0.669675350189209,-0.12534351646900177
0.011829594150185585,-0.6699697375297546,-0.12494456768035889
0.011423145420849323,-0.6705244183540344,-0.12467566877603531
-0.02135763317346573,-0.6656231880187988,-0.12147791683673859
-0.02103062905371189,-0.6665999293327332,-0.12245495617389679
-0.021237069740891457,-0.6677259206771851,-0.12151861935853958
0.06805417686700821,-0.6568005084991455,-0.01880555972456932
-0.07806035131216049,-0.6434600949287415,-0.013700432144105434
0.02932637184858322,-0.6082112193107605,-0.10311762243509293
-0.013428512960672379,-0.6019925475120544,-0.10030990839004517
0.16011212766170502,-0.47282734513282776,0.05324496701359749
-0.13933630287647247,-0.46692824363708496,0.045665089040994644
0.26576685905456543,-0.33541035652160645,-0.0446244440972805
-0.27298811078071594,-0.31199243664741516,-0.033625997602939606
0.26193201541900635,-0.4784259796142578,-0.21163998544216156
-0.2802765369415283,-0.43866318464279175,-0.21168740093708038
0.2480139285326004,-0.5041099786758423,-0.24459785223007202
-0.2617921531200409,-0.46340787410736084,-0.2511276304721832
0.2490246742963791,-0.531809389591217,-0.2397906631231308
-0.25626784563064575,-0.49642637372016907,-0.2420133799314499
0.25615864992141724,-0.49470314383506775,-0.21227635443210602
-0.26950135827064514,-0.45557844638824463,-0.2147032916545868
0.10829786956310272,-0.0014000923838466406,0.007408118806779385
-0.10835324227809906,0.0008197402348741889,-0.006608502473682165
0.1324208825826645,0.4210808575153351,-0.0006374545046128333
-0.11437161266803741,0.3971405327320099,-0.01046957727521658
0.20567157864570618,0.7713606357574463,0.0990070253610611
-0.12521666288375854,0.7595711350440979,0.09476318210363388
0.21835434436798096,0.8162792325019836,0.10148473083972931
-0.12577219307422638,0.8060547113418579,0.09783441573381424
0.2554541230201721,0.8702748417854309,-0.025118213146924973
-0.1446429193019867,0.8708356022834778,-0.028944920748472214
-
0.0023161601275205612,-0.6327088475227356,-0.1269359290599823
0.009606984443962574,-0.6696884632110596,-0.11062557250261307
0.010145111009478569,-0.6699844598770142,-0.11023744940757751
0.009745502844452858,-0.6705390810966492,-0.1099172905087471
-0.023079870268702507,-0.6656215786933899,-0.10763195157051086
-0.022746309638023376,-0.6666014194488525,-0.108567975461483
-0.022953638806939125,-0.667731761932373,-0.10762966424226761
0.06563851982355118,-0.6567186713218689,-0.0018934276886284351
-0.08102302998304367,-0.643349289894104,-0.0016272455686703324
0.02763526141643524,-0.6080770492553711,-0.08851595968008041
-0.01512136124074459,-0.6018542051315308,-0.08708903193473816
0.15773983299732208,-0.47238004207611084,0.06842551380395889
-0.14072640240192413,-0.46525612473487854,0.05371760204434395
0.2548571825027466,-0.32609570026397705,-0.03350740298628807
-0.26544082164764404,-0.2896939218044281,-0.024624552577733994
0.25569626688957214,-0.4595281779766083,-0.2093534916639328
-0.28009694814682007,-0.4054523706436157,-0.20904819667339325
0.2435779869556427,-0.48242807388305664,-0.24250471591949463
-0.2636713683605194,-0.42873716354370117,-0.24769045412540436
0.2455817610025406,-0.511357307434082,-0.23806478083133698
-0.26275959610939026,-0.46358752250671387,-0.24107615649700165
0.250508576631546,-0.47618159651756287,-0.2101660668849945
-0.269607812166214,-0.4232997000217438,-0.2126469612121582
0.10826829075813293,-0.0013862146297469735,0.0077748424373567104
-0.10831666737794876,0.0008062624256126583,-0.006989502813667059
0.1317046880722046,0.4210079610347748,-0.00014385055692400783
-0.1143256202340126,0.3972514867782593,-0.012099171057343483
0.2055436223745346,0.7712892889976501,0.0981883779168129
-0.12606289982795715,0.7612667679786682,0.09320686757564545
0.21827930212020874,0.8162044882774353,0.10053935647010803
-0.12685829401016235,0.8076869249343872,0.09651634097099304
0.25539952516555786,0.8688462972640991,-0.025250829756259918
-0.14670254290103912,0.8710419535636902,-0.029530063271522522
-
0.0003222402010578662,-0.6330326795578003,-0.1255107969045639
0.007740539498627186,-0.6699482798576355,-0.10854566097259521
0.00828821025788784,-0.6702490448951721,-0.1081535816192627
0.007895573042333126,-0.6708001494407654,-0.10783355683088303
-0.025095120072364807,-0.6658869981765747,-0.10620154440402985
-0.024754919111728668,-0.666870653629303,-0.10711918026208878
-0.024952830746769905,-0.6680033206939697,-0.10617073625326157
0.062291573733091354,-0.6567011475563049,0.002115874085575342
-0.08533427864313126,-0.6437139511108398,-0.0010906358947977424
0.0245712548494339,-0.6081985831260681,-0.08654792606830597
-0.018325740471482277,-0.601996660232544,-0.08610926568508148
0.15117128193378448,-0.47161224484443665,0.07021871954202652
-0.1456308811903,-0.4647153615951538,0.05435802415013313
0.23857127130031586,-0.3206130564212799,-0.030604032799601555
-0.2647513449192047,-0.2856282889842987,-0.022700633853673935
0.2432934045791626,-0.45079535245895386,-0.21003127098083496
-0.28224173188209534,-0.3957405388355255,-0.21242956817150116
0.23234333097934723,-0.4716891944408417,-0.2438988834619522
-0.2720302939414978,-0.41668668389320374,-0.2504270374774933
0.23572467267513275,-0.5004468560218811,-0.24072551727294922
-0.2751352787017822,-0.45061320066452026,-0.2468888759613037
0.23884046077728271,-0.467311292886734,-0.211349755525589
-0.27400094270706177,-0.41295337677001953,-0.21707041561603546
0.10822989046573639,-0.0014022495597600937,0.008089044131338596
-0.10826729983091354,0.0008263743366114795,-0.007305655162781477
0.13069960474967957,0.42102304100990295,0.000928511843085289
-0.11430848389863968,0.39754197001457214,-0.012875319458544254
0.2053920328617096,0.7712281346321106,0.0983647033572197
-0.1275753378868103,0.7630934715270996,0.09305551648139954
0.2181730419397354,0.8161408305168152,0.10069803893566132
-0.12867745757102966,0.8094590902328491,0.09639986604452133
0.2552476227283478,0.8684561848640442,-0.024926448240876198
-0.14904429018497467,0.8714576363563538,-0.029550686478614807
-
0.0001699028944130987,-0.6337777376174927,-0.11004401743412018
0.007658243644982576,-0.6706905961036682,-0.09149588644504547
0.00820299331098795,-0.6709883809089661,-0.09110067784786224
0.007812733761966228,-0.67154860496521,-0.09076973050832748
-0.025259528309106827,-0.6670107841491699,-0.09038927406072617
-0.024920424446463585,-0.6679872274398804,-0.09125185757875443
-0.025114482268691063,-0.6691286563873291,-0.0902867317199707
0.06107694283127785,-0.6569180488586426,0.02282996103167534
-0.08775852620601654,-0.6451814770698547,0.012705175206065178
0.02373158186674118,-0.6086634397506714,-0.06988287717103958
-0.019340060651302338,-0.6028390526771545,-0.07152605056762695
0.14369036257266998,-0.4704926609992981,0.08526787161827087
-0.14853844046592712,-0.46401122212409973,0.0655265524983406
0.21326614916324615,-0.307792991399765,-0.012631996534764767
-0.2565208971500397,-0.27641692757606506,-0.011852558702230453
0.23505732417106628,-0.440873920917511,-0.1958700567483902
-0.28119122982025146,-0.39117446541786194,-0.2108033001422882
0.2283065766096115,-0.46168190240859985,-0.23062966763973236
-0.2718992829322815,-0.4128953814506531,-0.24958106875419617
0.23354141414165497,-0.4897173345088959,-0.23000963032245636
-0.2756590247154236,-0.44690194725990295,-0.240634948015213
0.2327045053243637,-0.4573567509651184,-0.19866646826267242
-0.27386417984962463,-0.4087655544281006,-0.21346823871135712
0.10811609029769897,-0.0015046746702864766,0.008365574292838573
-0.10813285410404205,0.0009398076217621565,-0.007578892633318901
0.13051392138004303,0.4209687113761902,0.0013627293519675732
-0.1139935702085495,0.3981064558029175,-0.013397793285548687
0.20550093054771423,0.7711488604545593,0.09851404279470444
-0.12758903205394745,0.7647517323493958,0.09339863806962967
0.21830026805400848,0.8160486817359924,0.10083849728107452
-0.12873537838459015,0.8110402822494507,0.09699013084173203
0.2551139295101166,0.8680882453918457,-0.02425994910299778
-0.14917457103729248,0.871565043926239,-0.028251204639673233
-
-0.00010646577720763162,-0.6340165138244629,-0.1131848394870758
0.007357228081673384,-0.6710303425788879,-0.09482677280902863
0.007902678102254868,-0.6713334918022156,-0.09441050887107849
0.0075162556022405624,-0.6718993782997131,-0.09411506354808807
-0.025655193254351616,-0.6674060821533203,-0.093241386115551
-0.02531294710934162,-0.6683560013771057,-0.0941283255815506
-0.0254946481436491,-0.6695061922073364,-0.09319201111793518
0.060513246804475784,-0.6577389240264893,0.01728343777358532
-0.08859769254922867,-0.6463915109634399,0.010263495147228241
0.02330373041331768,-0.6091622710227966,-0.07406478375196457
-0.01980997994542122,-0.6033936142921448,-0.0749342069029808
0.1426675170660019,-0.4698377251625061,0.08022204041481018
-0.1490977555513382,-0.46424296498298645,0.06313829869031906
0.1981123834848404,-0.29192256927490234,-0.015020443126559258
-0.24623091518878937,-0.2703586518764496,-0.012466478161513805
0.2252904623746872,-0.42100989818573,-0.21265992522239685
-0.2803516983985901,-0.38087600469589233,-0.21751390397548676
0.22043471038341522,-0.4396178424358368,-0.2494659572839737
-0.2723264992237091,-0.3997674286365509,-0.2559303045272827
0.22887197136878967,-0.46771687269210815,-0.25126913189888
-0.2779562473297119,-0.43360891938209534,-0.2549617290496826
0.22438745200634003,-0.437822550535202,-0.216443732380867
-0.27380287647247314,-0.3981069326400757,-0.22328220307826996
0.10811016708612442,-0.0015315356431528926,0.00844309851527214
-0.10812092572450638,0.0009647267288528383,-0.007656634319573641
0.1307341307401657,0.4208168387413025,0.0014274076092988253
-0.1136108934879303,0.39812153577804565,-0.01538887619972229
0.20576120913028717,0.7703559994697571,0.10020656138658524
-0.12623107433319092,0.7648974061012268,0.0946517065167427
0.21851633489131927,0.8152468800544739,0.10286370664834976
-0.1272323727607727,0.811149001121521,0.0986715778708458
0.25471559166908264,0.8680645823478699,-0.02154388092458248
-0.1476627141237259,0.8715806603431702,-0.026681356132030487
-
-0.00035097060026600957,-0.6340976357460022,-0.11555706709623337
0.006882983259856701,-0.6711468696594238,-0.09756571054458618
0.007421620190143585,-0.6714543700218201,-0.0971493273973465
0.007044721860438585,-0.67201828956604,-0.09684470295906067
-0.026181409135460854,-0.6674818396568298,-0.09584637731313705
-0.02583852969110012,-0.6684257984161377,-0.09672006219625473
-0.02600841037929058,-0.6695816516876221,-0.09577415138483047
0.05963195860385895,-0.6580789089202881,0.014745925553143024
-0.08959028869867325,-0.646523118019104,0.008291445672512054
0.02300182729959488,-0.6092495918273926,-0.0761072114109993
-0.020100321620702744,-0.6034682989120483,-0.07677458971738815
0.1416698694229126,-0.46974676847457886,0.07802769541740417
-0.14953435957431793,-0.464274138212204,0.06576968729496002
0.18276728689670563,-0.2832002341747284,-0.016487961634993553
-0.23871733248233795,-0.2637564241886139,-0.006516035180538893
0.21858155727386475,-0.4081329107284546,-0.2135763317346573
-0.2803135812282562,-0.3741161823272705,-0.21405074000358582
0.21595799922943115,-0.42384830117225647,-0.2507270276546478
-0.27427446842193604,-0.3911302983760834,-0.25205767154693604
0.22595661878585815,-0.4514133930206299,-0.2537839710712433
-0.28259891271591187,-0.42449885606765747,-0.25160112977027893
0.21871814131736755,-0.42456161975860596,-0.21777059137821198
-0.27402180433273315,-0.3910350799560547,-0.21984343230724335
0.10814761370420456,-0.0015618595061823726,0.008470947854220867
-0.10814563184976578,0.0009926173370331526,-0.0076839504763484
0.13082106411457062,0.4208246171474457,0.0016332092927768826
-0.11274208128452301,0.398405522108078,-0.015485831536352634
0.20583294332027435,0.7703115940093994,0.10362965613603592
-0.12452571094036102,0.765282392501831,0.09669193625450134
0.21857547760009766,0.8151911497116089,0.10672558099031448
-0.12539543211460114,0.811486542224884,0.10098671913146973
0.25451698899269104,0.8681955337524414,-0.017392480745911598
-0.1460893601179123,0.8716742396354675,-0.024788539856672287
-
-0.00025818677386268973,-0.634113073348999,-0.11672107130289078
0.006915295496582985,-0.6711930632591248,-0.09888778626918793
0.007451104931533337,-0.6715043187141418,-0.0984717309474945
0.0070776003412902355,-0.6720660924911499,-0.09815759211778641
-0.026167716830968857,-0.6675058007240295,-0.09727904200553894
-0.025824833661317825,-0.6684429049491882,-0.098136767745018
-0.02599261701107025,-0.6696016788482666,-0.09718676656484604
0.05942310392856598,-0.6581512689590454,0.014359901659190655
-0.08997537195682526,-0.6465746760368347,0.007043471094220877
0.023017926141619682,-0.6092917323112488,-0.07676147669553757
-0.020087191835045815,-0.6035003662109375,-0.0776752233505249
0.14122061431407928,-0.4692396819591522,0.07811456173658371
-0.15003496408462524,-0.46389415860176086,0.06614150106906891
0.17932306230068207,-0.279276043176651,-0.01672753319144249
-0.2283959537744522,-0.2558389902114868,-0.005008658394217491
0.21879367530345917,-0.40492361783981323,-0.21513408422470093
-0.27856898307800293,-0.3601181209087372,-0.21280747652053833
0.21661566197872162,-0.4199982285499573,-0.2530130445957184
-0.27437517046928406,-0.37410563230514526,-0.2505495548248291
0.22619079053401947,-0.4473671317100525,-0.25675925612449646
-0.2836598753929138,-0.4063459634780884,-0.2527126967906952
0.21881888806819916,-0.42130139470100403,-0.2197645753622055
-0.2735741436481476,-0.37617799639701843,-0.219569131731987
0.10821931064128876,-0.00160387740470469,0.008636219426989555
-0.10820413380861282,0.0010332455858588219,-0.007846358232200146
0.13123951852321625,0.42078128457069397,0.0020082187838852406
-0.11165556311607361,0.3985441029071808,-0.01568048819899559
0.20610351860523224,0.7702661752700806,0.10616997629404068
-0.12391660362482071,0.7653864026069641,0.09734276682138443
0.21881753206253052,0.8151479363441467,0.10939949750900269
-0.12485752999782562,0.8115731477737427,0.10167776048183441
0.2544640004634857,0.8681775331497192,-0.015027136541903019
-0.14550191164016724,0.8716257214546204,-0.024475548416376114
-
-0.00013561475498136133,-0.6339952945709229,-0.11790629476308823
0.006922530010342598,-0.6711271405220032,-0.10015299171209335
0.0074568623676896095,-0.6714450716972351,-0.09973585605621338
0.007085055112838745,-0.6720030903816223,-0.09942369163036346
-0.026157977059483528,-0.6673402786254883,-0.09846052527427673
-0.025814993306994438,-0.668260395526886,-0.09932289272546768
-0.025982016697525978,-0.6694244146347046,-0.09837435930967331
0.059100303798913956,-0.6582205891609192,0.01291662361472845
-0.0900895744562149,-0.6465504169464111,0.006111799739301205
0.023072537034749985,-0.6093037724494934,-0.07793206721544266
-0.019983159378170967,-0.6034444570541382,-0.07877786457538605
0.14119233191013336,-0.468646377325058,0.0766889899969101
-0.15037868916988373,-0.4636513888835907,0.06617061793804169
0.16733314096927643,-0.2686271369457245,-0.0177267175167799
-0.22263552248477936,-0.2485298365354538,-0.0026390021666884422
0.21571287512779236,-0.38958969712257385,-0.22344054281711578
-0.27779677510261536,-0.34659552574157715,-0.21206919848918915
0.215581476688385,-0.40208226442337036,-0.2633059620857239
-0.2750607430934906,-0.35741499066352844,-0.2497645616531372
0.22584855556488037,-0.429105669260025,-0.2695268392562866
-0.2857941687107086,-0.3894226551055908,-0.2545265853404999
0.2165708690881729,-0.4057760536670685,-0.22926531732082367
-0.2734626829624176,-0.36203357577323914,-0.2197750061750412
0.10844233632087708,-0.001614121487364173,0.008671900257468224
-0.10841027647256851,0.0010407173540443182,-0.007878867909312248
0.13135617971420288,0.42073214054107666,0.001005465048365295
-0.11144603788852692,0.39863553643226624,-0.01575198397040367
0.20607230067253113,0.7701853513717651,0.10612349212169647
-0.1236320286989212,0.7654235363006592,0.09885259717702866
0.21874791383743286,0.8150880932807922,0.10936289280653
-0.12456917017698288,0.8115972280502319,0.1032470241189003
0.2529212534427643,0.8682718276977539,-0.015346785075962543
-0.14515919983386993,0.8714823126792908,-0.023691514506936073
-
-9.726635471452028e-05,-0.6340466737747192,-0.12065137177705765
0.006921942345798016,-0.6711845993995667,-0.10322670638561249
0.007454696577042341,-0.6715054512023926,-0.10282581299543381
0.007085267920047045,-0.6720618605613708,-0.1024855300784111
-0.02616243250668049,-0.6673782467842102,-0.10207674652338028
-0.02581915445625782,-0.6682928800582886,-0.10289876163005829
-0.025983914732933044,-0.66945880651474,-0.1019517034292221
0.05870579555630684,-0.6584047675132751,0.011493667960166931
-0.09039406478404999,-0.6466472744941711,0.0018199487822130322
0.023083003237843513,-0.6093436479568481,-0.07964058220386505
-0.019967177882790565,-0.6034854650497437,-0.08114653825759888
0.14088748395442963,-0.46833643317222595,0.07619857043027878
-0.1510198414325714,-0.46369677782058716,0.0653720498085022
0.16395923495292664,-0.266918420791626,-0.018766041845083237
-0.21699810028076172,-0.24649105966091156,-0.003029377432540059
0.21418039500713348,-0.39111489057540894,-0.23410367965698242
-0.27280521392822266,-0.3403867781162262,-0.21761329472064972
0.21473753452301025,-0.40441396832466125,-0.2749374210834503
-0.2735592722892761,-0.3493744730949402,-0.25590604543685913
0.22557826340198517,-0.43140286207199097,-0.28161779046058655
-0.28498318791389465,-0.3811635971069336,-0.26402395963668823
0.21530452370643616,-0.40745609998703003,-0.24039418995380402
-0.26953741908073425,-0.3554215133190155,-0.22695907950401306
0.10865779966115952,-0.0016274340450763702,0.008855314925312996
-0.10861382633447647,0.00105049810372293,-0.008052614517509937
0.131428524851799,0.42068058252334595,0.000369287037756294
-0.11142884939908981,0.39870455861091614,-0.015735067427158356
0.20601888000965118,0.7700028419494629,0.10560742765665054
-0.12371642887592316,0.7654475569725037,0.1011163666844368
0.21864137053489685,0.8149150013923645,0.10875890403985977
-0.12468942999839783,0.8116170763969421,0.10549638420343399
0.25169840455055237,0.8683089017868042,-0.01655961573123932
-0.14535348117351532,0.8713842630386353,-0.022153550758957863
-
-0.00017520107212476432,-0.6340782642364502,-0.12179125845432281
0.006716511212289333,-0.6712298393249512,-0.10452074557542801
0.007244253996759653,-0.6715534329414368,-0.10413053631782532
0.006884018424898386,-0.6721082925796509,-0.10377127677202225
-0.026394328102469444,-0.667408287525177,-0.10369174927473068
-0.026050683110952377,-0.6683177947998047,-0.10449415445327759
-0.02620724029839039,-0.6694853901863098,-0.1035439744591713
0.05789565667510033,-0.658597469329834,0.011217162944376469
-0.09117230772972107,-0.6467828750610352,-0.00017377092444803566
0.02289045974612236,-0.6093809604644775,-0.08017309755086899
-0.020134152844548225,-0.6035214066505432,-0.08209441602230072
0.14016307890415192,-0.46820899844169617,0.07580360025167465
-0.15234805643558502,-0.4637604057788849,0.06501951813697815
0.16045217216014862,-0.26575767993927,-0.01921307109296322
-0.21707560122013092,-0.24674388766288757,-0.0036428598687052727
0.21244758367538452,-0.38700124621391296,-0.23655420541763306
-0.27207112312316895,-0.3381441831588745,-0.21976220607757568
0.21370446681976318,-0.399220734834671,-0.27745911478996277
-0.27347540855407715,-0.34621462225914,-0.25827085971832275
0.2249489426612854,-0.4262230694293976,-0.28445956110954285
-0.28464892506599426,-0.37803998589515686,-0.2675129175186157
0.21374650299549103,-0.4031869173049927,-0.24300560355186462
-0.2689865529537201,-0.3530057966709137,-0.22971314191818237
0.10885467380285263,-0.001646358985453844,0.008953062817454338
-0.10880139470100403,0.0010653318604454398,-0.008143903687596321
0.1315036565065384,0.4205394983291626,-0.0006141785997897387
-0.11164968460798264,0.39878740906715393,-0.01572001352906227
0.20584070682525635,0.7697999477386475,0.10462717711925507
-0.12447690218687057,0.7655202150344849,0.10259801894426346
0.21835821866989136,0.8147290945053101,0.10767018049955368
-0.12553326785564423,0.8116874098777771,0.10693973302841187
0.25032731890678406,0.868340253829956,-0.01832571253180504
-0.14647960662841797,0.871338427066803,-0.02117462083697319
-
-0.0002755220339167863,-0.6341003179550171,-0.1222434714436531
0.006596991792321205,-0.6712610125541687,-0.10502695292234421
0.007122209295630455,-0.6715874671936035,-0.10464496910572052
0.006767702288925648,-0.6721405982971191,-0.1042734906077385
-0.026539141312241554,-0.6674404740333557,-0.10435300320386887
-0.02619612030684948,-0.668346643447876,-0.10515061020851135
-0.026346717029809952,-0.6695153117179871,-0.1041962280869484
0.05752755329012871,-0.6586607694625854,0.010741001926362514
-0.09160356223583221,-0.6469886898994446,-0.000929627160076052
0.022674668580293655,-0.6094169020652771,-0.08038520067930222
-0.02034773677587509,-0.6035529971122742,-0.0824362114071846
0.13974346220493317,-0.46799346804618835,0.07537886500358582
-0.15346576273441315,-0.46381354331970215,0.0644315555691719
0.16200287640094757,-0.2658650875091553,-0.01937606744468212
-0.21751360595226288,-0.24756574630737305,-0.004117428325116634
0.2114052176475525,-0.3848278522491455,-0.23791076242923737
-0.271226167678833,-0.3388354778289795,-0.2211894989013672
0.21240071952342987,-0.3965466320514679,-0.27866944670677185
-0.27329668402671814,-0.3470833897590637,-0.25992241501808167
0.223626509308815,-0.423806756734848,-0.28535622358322144
-0.2841618061065674,-0.37908682227134705,-0.2692486345767975
0.21245837211608887,-0.40096214413642883,-0.24418790638446808
-0.2682073712348938,-0.3537583351135254,-0.23124852776527405
0.1090226098895073,-0.0016729622147977352,0.008987372741103172
-0.10896317660808563,0.001087367651052773,-0.008175533264875412
0.13156989216804504,0.4203440248966217,-0.001164941699244082
-0.1118682473897934,0.39880943298339844,-0.015690812841057777
0.20569592714309692,0.7693439722061157,0.10453110188245773
-0.12493912130594254,0.765451192855835,0.10403239727020264
0.2181355506181717,0.8143064379692078,0.10757414996623993
-0.1260373890399933,0.8116142749786377,0.10838156938552856
0.249330535531044,0.8683366775512695,-0.01870637759566307
-0.14725849032402039,0.8709376454353333,-0.020102638751268387
-
-0.0006722683319821954,-0.6341288685798645,-0.12266965210437775
0.005985815078020096,-0.6712960004806519,-0.10543715953826904
0.006505563855171204,-0.6716236472129822,-0.10505202412605286
0.006160303484648466,-0.672175943851471,-0.10468580573797226
-0.027171099558472633,-0.6674635410308838,-0.10467860847711563
-0.026830827817320824,-0.6683667898178101,-0.10547994822263718
-0.026969829574227333,-0.6695363521575928,-0.10452737659215927
0.05673125758767128,-0.6589474081993103,0.010023869574069977
-0.09238074719905853,-0.6470527052879333,-0.0011508036404848099
0.022273719310760498,-0.6094634532928467,-0.08100037276744843
-0.02072170190513134,-0.603581428527832,-0.08289389312267303
0.13944746553897858,-0.46803995966911316,0.07466967403888702
-0.15397407114505768,-0.46383270621299744,0.06402160227298737
0.1634373813867569,-0.2683732509613037,-0.019866999238729477
-0.2183733433485031,-0.24744105339050293,-0.004188659135252237
0.21238522231578827,-0.38724228739738464,-0.23669423162937164
-0.27122950553894043,-0.3394615948200226,-0.22039762139320374
0.21301797032356262,-0.3991717994213104,-0.2769331634044647
-0.2732740640640259,-0.34803506731987,-0.2589511573314667
0.2237962931394577,-0.4259571135044098,-0.28324806690216064
-0.28416717052459717,-0.38007616996765137,-0.2674408555030823
0.21321935951709747,-0.40313786268234253,-0.2427685409784317
-0.26814958453178406,-0.35449981689453125,-0.23017333447933197
0.10910969972610474,-0.0016952501609921455,0.009016361087560654
-0.10904746502637863,0.0011070756008848548,-0.00820381660014391
0.13176468014717102,0.4201925992965698,-0.001470079063437879
-0.11208774894475937,0.3988732397556305,-0.015618988312780857
0.20568950474262238,0.769140899181366,0.10418371856212616
-0.12503382563591003,0.7654550075531006,0.10478898882865906
0.21812035143375397,0.8141129612922668,0.10718601197004318
-0.12613388895988464,0.8116165399551392,0.10914916545152664
0.24929668009281158,0.8683083057403564,-0.019189976155757904
-0.14772924780845642,0.8707947731018066,-0.019169120118021965
-
-0.0010682431748136878,-0.6341230869293213,-0.12291482836008072
0.00545102171599865,-0.6713124513626099,-0.10569271445274353
0.005967011675238609,-0.6716418862342834,-0.105305977165699
0.005628254264593124,-0.6721928715705872,-0.10494052618741989
-0.02773481234908104,-0.667458176612854,-0.10486951470375061
-0.02739705704152584,-0.6683571338653564,-0.1056719571352005
-0.027528319507837296,-0.6695277094841003,-0.10471666604280472
0.05601094290614128,-0.6590530872344971,0.009603863582015038
-0.09316729009151459,-0.6470720767974854,-0.0012357209343463182
0.02183283492922783,-0.6094947457313538,-0.08135614544153214
-0.021156203001737595,-0.603600263595581,-0.08313407748937607
0.1389361321926117,-0.4680784046649933,0.07409106940031052
-0.1545877903699875,-0.46383315324783325,0.0641213208436966
0.16324420273303986,-0.26987677812576294,-0.020251918584108353
-0.21992358565330505,-0.2492283433675766,-0.004014433361589909
0.21128219366073608,-0.3891688287258148,-0.2356061488389969
-0.27206531167030334,-0.3436115086078644,-0.2197716385126114
0.2119130939245224,-0.4013618230819702,-0.2754952907562256
-0.2749235928058624,-0.35320255160331726,-0.25820261240005493
0.22267164289951324,-0.42808443307876587,-0.28148138523101807
-0.28627336025238037,-0.38500988483428955,-0.26609864830970764
0.21208710968494415,-0.4050169885158539,-0.24149355292320251
-0.2691595256328583,-0.35868340730667114,-0.2293424755334854
0.1091565266251564,-0.0017250701785087585,0.009043043479323387
-0.10909056663513184,0.0011345717357471585,-0.008229824714362621
0.13178622722625732,0.4201512634754181,-0.0015210697893053293
-0.11237268894910812,0.39899742603302,-0.015552169643342495
0.20566578209400177,0.7690502405166626,0.1039310097694397
-0.1251298487186432,0.7655186653137207,0.10514773428440094
0.21808944642543793,0.8140233159065247,0.10689031332731247
-0.12622398138046265,0.8116763830184937,0.10948538780212402
0.24926072359085083,0.8682551383972168,-0.019571535289287567
-0.14818279445171356,0.8707455396652222,-0.018696874380111694
-
-0.0015141884796321392,-0.6341288685798645,-0.1211971566081047
0.0049104513600468636,-0.6713355779647827,-0.10393179953098297
0.005418646614998579,-0.6716657280921936,-0.10354218631982803
0.005085279233753681,-0.6722161173820496,-0.10317470133304596
-0.02831602282822132,-0.6674662828445435,-0.10307683050632477
-0.02798319049179554,-0.6683642268180847,-0.10386855900287628
-0.0281100831925869,-0.6695349216461182,-0.10289829224348068
0.05537616088986397,-0.6592109203338623,0.011342871934175491
-0.09405134618282318,-0.6470912098884583,0.0005936552188359201
0.021318018436431885,-0.6095221042633057,-0.07971572130918503
-0.02170146442949772,-0.6036179065704346,-0.08147954940795898
0.1383366584777832,-0.4681854844093323,0.07481905817985535
-0.154905766248703,-0.4638212025165558,0.06583981215953827
0.16471676528453827,-0.2724418640136719,-0.018914589658379555
-0.2210797816514969,-0.251540869474411,-0.002449048450216651
0.21174736320972443,-0.3934200406074524,-0.2271007001399994
-0.27498936653137207,-0.3481310307979584,-0.21766075491905212
0.2122046798467636,-0.40641799569129944,-0.26596882939338684
-0.27935755252838135,-0.3587418496608734,-0.25528135895729065
0.2227674424648285,-0.43312716484069824,-0.2722633481025696
-0.2909208834171295,-0.39028075337409973,-0.26420265436172485
0.2124549299478531,-0.4092663526535034,-0.23298311233520508
-0.27233484387397766,-0.3632138669490814,-0.22758443653583527
0.1091553196310997,-0.0017656750278547406,0.009067106060683727
-0.10908670723438263,0.0011769976699724793,-0.00825312826782465
0.13204897940158844,0.42005491256713867,-0.0008372633601538837
-0.11245439201593399,0.39914968609809875,-0.015449009835720062
0.2056971788406372,0.7689450979232788,0.10451829433441162
-0.12491495907306671,0.7655532360076904,0.10527919232845306
0.21812379360198975,0.8139069080352783,0.10747963935136795
-0.12597058713436127,0.811702311038971,0.10960805416107178
0.25002536177635193,0.8675481081008911,-0.018417179584503174
-0.14818553626537323,0.8706471920013428,-0.018088413402438164
-
-0.00385575951077044,-0.6343916058540344,-0.12136489152908325
0.0019646408036351204,-0.6717154383659363,-0.10415356606245041
0.0024744763504713774,-0.672044038772583,-0.10376353561878204
0.002139992779120803,-0.6725959777832031,-0.10339751839637756
-0.03121941164135933,-0.6676409244537354,-0.10318371653556824
-0.0308917798101902,-0.6685406565666199,-0.10397946089506149
-0.03101242333650589,-0.6697108149528503,-0.10300552845001221
0.05338795855641365,-0.6603196263313293,0.011011905036866665
-0.09581699222326279,-0.647165060043335,0.0007631165208294988
0.019644055515527725,-0.6100466251373291,-0.08000943809747696
-0.023326102644205093,-0.603850781917572,-0.08158322423696518
0.13824154436588287,-0.4697057902812958,0.07447988539934158
-0.1549663543701172,-0.4639316499233246,0.06562178581953049
0.16602732241153717,-0.2742955982685089,-0.019036903977394104
-0.2214648425579071,-0.25292855501174927,-0.002627170644700527
0.21227946877479553,-0.39521580934524536,-0.22697539627552032
-0.27601978182792664,-0.3505593538284302,-0.21733327209949493
0.21245329082012177,-0.40873202681541443,-0.265840619802475
-0.2798856496810913,-0.3614734709262848,-0.2549591660499573
0.22269418835639954,-0.43560364842414856,-0.27205267548561096
-0.2909163236618042,-0.39295417070388794,-0.26339685916900635
0.21282456815242767,-0.41118285059928894,-0.23281006515026093
-0.2731097340583801,-0.3655995726585388,-0.22708527743816376
0.10915038734674454,-0.001773318974301219,0.009089312516152859
-0.10908045619726181,0.001184583641588688,-0.00827479176223278
0.13209374248981476,0.4200391471385956,-0.0007067014812491834
-0.11336717009544373,0.39942222833633423,-0.015398295596241951
0.2056107074022293,0.7689732313156128,0.10429055988788605
-0.12499783933162689,0.7660374045372009,0.10522101819515228
0.21806034445762634,0.8139214515686035,0.10719438642263412
-0.12603068351745605,0.8121859431266785,0.10953772813081741
0.2510223984718323,0.8673837780952454,-0.018450167030096054
-0.1493106484413147,0.8707554936408997,-0.01796834170818329
-
-0.00481573399156332,-0.6344114542007446,-0.12319865822792053
0.0011443442199379206,-0.6717547178268433,-0.10639730840921402
0.0016604000702500343,-0.6720834970474243,-0.10600978881120682
0.0013221079716458917,-0.6726359128952026,-0.10564878582954407
-0.032073527574539185,-0.667675256729126,-0.10496073961257935
-0.031746137887239456,-0.6685745120048523,-0.10578042268753052
-0.031861331313848495,-0.6697447896003723,-0.10479337722063065
0.053145233541727066,-0.6605947613716125,0.00791897252202034
-0.09608923643827438,-0.647385835647583,-0.0002457274531479925
0.01893327571451664,-0.6101239919662476,-0.08202336728572845
-0.024081584066152573,-0.6039140224456787,-0.0829765722155571
0.1382705420255661,-0.47004932165145874,0.07298795133829117
-0.15506568551063538,-0.4644133150577545,0.06472786515951157
0.169404536485672,-0.2749927341938019,-0.021249301731586456
-0.22566938400268555,-0.253465861082077,-0.004547325428575277
0.213027223944664,-0.3972742557525635,-0.22973106801509857
-0.2771405279636383,-0.3511181175708771,-0.21983183920383453
0.21276433765888214,-0.41100379824638367,-0.2684823274612427
-0.2800098657608032,-0.36230549216270447,-0.2578657269477844
0.22291912138462067,-0.43780261278152466,-0.27410104870796204
-0.29062703251838684,-0.3949507772922516,-0.26488277316093445
0.21344299614429474,-0.4131959080696106,-0.23525987565517426
-0.2737634479999542,-0.3662434220314026,-0.22904478013515472
0.10914674401283264,-0.001779181882739067,0.009124369360506535
-0.10907541960477829,0.0011900154640898108,-0.008314107544720173
0.1322883814573288,0.4199782609939575,-0.0006983911152929068
-0.11364846676588058,0.39950278401374817,-0.01534170750528574
0.205881267786026,0.7689419388771057,0.103722482919693
-0.12500745058059692,0.7663318514823914,0.10519981384277344
0.2184140682220459,0.8138929009437561,0.1065458357334137
-0.12603478133678436,0.8124790787696838,0.10950248688459396
0.25312286615371704,0.8672381043434143,-0.018635448068380356
-0.14938685297966003,0.8708662986755371,-0.017917953431606293
-
-0.004818023648113012,-0.6350803375244141,-0.11868739873170853
0.0011844318360090256,-0.6723184585571289,-0.10127505660057068
0.0016997382044792175,-0.6726371049880981,-0.1008826494216919
0.0013611825415864587,-0.6731924414634705,-0.10053928941488266
-0.032051410526037216,-0.668461799621582,-0.10008367896080017
-0.03172403946518898,-0.669379711151123,-0.1009175106883049
-0.031838856637477875,-0.6705438494682312,-0.09994159638881683
0.05315465107560158,-0.6606061458587646,0.013237972743809223
-0.09616439789533615,-0.6477495431900024,0.0038182490970939398
0.018777024000883102,-0.6104024052619934,-0.07773768901824951
-0.02430514432489872,-0.6043963432312012,-0.07909472286701202
0.13778921961784363,-0.47022175788879395,0.07772272080183029
-0.15553335845470428,-0.4644349217414856,0.06542098522186279
0.18562746047973633,-0.29006028175354004,-0.016751524060964584
-0.23912525177001953,-0.25953781604766846,-0.004069120157510042
0.21960584819316864,-0.4157012403011322,-0.21278516948223114
-0.2849103510379791,-0.36645492911338806,-0.21190573275089264
0.21724633872509003,-0.43263158202171326,-0.2498876005411148
-0.2856084108352661,-0.38404321670532227,-0.24898095428943634
0.22477863729000092,-0.4597531855106354,-0.25218677520751953
-0.2943246364593506,-0.41743651032447815,-0.25309252738952637
0.21846874058246613,-0.4316618740558624,-0.21712744235992432
-0.2806054651737213,-0.38314494490623474,-0.21988841891288757
0.10894818603992462,-0.0018005979945883155,0.009365294128656387
-0.10887062549591064,0.0012172808637842536,-0.008565636351704597
0.1320216804742813,0.4197937250137329,-0.0006628972478210926
-0.11429556459188461,0.40000078082084656,-0.015324619598686695
0.20584046840667725,0.7686497569084167,0.10272925347089767
-0.12563002109527588,0.7663224935531616,0.10615116357803345
0.21839971840381622,0.8134785890579224,0.10558030754327774
-0.12665708363056183,0.8124454617500305,0.11080261319875717
0.25348758697509766,0.8653647899627686,-0.018682729452848434
-0.14947527647018433,0.8707565665245056,-0.013933216221630573
-
-0.004856939427554607,-0.635227382183075,-0.1189374253153801
0.001213599811308086,-0.6723988652229309,-0.10149750113487244
0.0017321329796686769,-0.6727122068405151,-0.1011056900024414
0.0013904053485020995,-0.6732677817344666,-0.10076625645160675
-0.032025884836912155,-0.6686661839485168,-0.10024687647819519
-0.03169858828186989,-0.6695963740348816,-0.10109376907348633
-0.03181704133749008,-0.6707535982131958,-0.10012353211641312
0.053357720375061035,-0.6601805090904236,0.012858100235462189
-0.0960983857512474,-0.6477596163749695,0.003773011965677142
0.018690409138798714,-0.6104204058647156,-0.0780446007847786
-0.02447139285504818,-0.6044405102729797,-0.07935205101966858
0.1388036459684372,-0.47060078382492065,0.07841785252094269
-0.15554621815681458,-0.4644501805305481,0.06255364418029785
0.22589349746704102,-0.31872323155403137,-0.01726682484149933
-0.2547747790813446,-0.2724660634994507,-0.011854888871312141
0.2280135452747345,-0.4489494860172272,-0.2128697633743286
-0.28436279296875,-0.38166573643684387,-0.21425025165081024
0.21941837668418884,-0.4702414870262146,-0.24980700016021729
-0.27942323684692383,-0.40315309166908264,-0.252465158700943
0.22469684481620789,-0.4986851215362549,-0.24908016622066498
-0.2830655872821808,-0.43802568316459656,-0.25352534651756287
0.22306270897388458,-0.46526259183883667,-0.2162795066833496
-0.278548926115036,-0.399291068315506,-0.22088801860809326
0.10880203545093536,-0.001795610529370606,0.009815610013902187
-0.10873068869113922,0.001216114847920835,-0.009038667194545269
0.13165505230426788,0.41954904794692993,0.00010938783088931814
-0.11453845351934433,0.4000226855278015,-0.015196187421679497
0.20545180141925812,0.767815887928009,0.10275618731975555
-0.12704052031040192,0.7645496726036072,0.10764265060424805
0.21811510622501373,0.812465250492096,0.10560900717973709
-0.12822774052619934,0.8105321526527405,0.11262792348861694
0.253944993019104,0.8624020218849182,-0.018157342448830605
-0.1502661257982254,0.8690237402915955,-0.01035634521394968
-
-0.0051866564899683,-0.634552001953125,-0.1280517727136612
0.00121308455709368,-0.6716676950454712,-0.11192873865365982
0.0017332492861896753,-0.6719770431518555,-0.11153633147478104
0.0013892052229493856,-0.6725278496742249,-0.11123223602771759
-0.03201621398329735,-0.6681652665138245,-0.10962630808353424
-0.0316898413002491,-0.6690974831581116,-0.11059415340423584
-0.031811557710170746,-0.670244038105011,-0.10966228693723679
0.053743090480566025,-0.6593242883682251,-0.0013203546404838562
-0.0953851193189621,-0.6476263403892517,-0.004436732269823551
0.01846473477780819,-0.6097174882888794,-0.08850284665822983
-0.024706440046429634,-0.6039814949035645,-0.08812082558870316
0.14007820188999176,-0.4716385006904602,0.06976612657308578
-0.15465320646762848,-0.46519896388053894,0.053217217326164246
0.24145890772342682,-0.33125022053718567,-0.03041685000061989
-0.268208384513855,-0.29504549503326416,-0.02606845647096634
0.23590092360973358,-0.4596273899078369,-0.22017279267311096
-0.2840596139431,-0.4155155122280121,-0.2253282368183136
0.2235303819179535,-0.4807543158531189,-0.2559294104576111
-0.2737807333469391,-0.4402811825275421,-0.2664210796356201
0.22542236745357513,-0.5078174471855164,-0.25183793902397156
-0.2728463113307953,-0.47541964054107666,-0.26069384813308716
0.22908955812454224,-0.474931538105011,-0.22190329432487488
-0.27624762058258057,-0.4333436191082001,-0.22963449358940125
0.10865043103694916,-0.0017619191203266382,0.009900359436869621
-0.10858898609876633,0.0011830106377601624,-0.009135386906564236
0.13159947097301483,0.4195396900177002,0.00043935110443271697
-0.11463013291358948,0.399901807308197,-0.014928256161510944
0.20551972091197968,0.7671597599983215,0.10310359299182892
-0.1270865499973297,0.7643046975135803,0.1072823628783226
0.21818287670612335,0.8116374015808105,0.10597115010023117
-0.12825468182563782,0.8103148341178894,0.11214545369148254
0.25401654839515686,0.8624005317687988,-0.017801392823457718
-0.14954403042793274,0.8690032958984375,-0.011516998521983624
-
-0.003935478627681732,-0.634630560874939,-0.14780806005001068
0.003734026802703738,-0.6716880798339844,-0.1315494030714035
0.004282170906662941,-0.6720020174980164,-0.13113568723201752
0.003925163298845291,-0.6725499629974365,-0.13086411356925964
-0.029497655108571053,-0.6683437824249268,-0.1295308619737625
-0.029185989871621132,-0.6692782044410706,-0.13054268062114716
-0.02931700088083744,-0.6704239249229431,-0.12957938015460968
0.056599944829940796,-0.6591271758079529,-0.020490657538175583
-0.09244152903556824,-0.6480708122253418,-0.023931516334414482
0.019349200651049614,-0.6097356677055359,-0.10858826339244843
-0.023961657658219337,-0.6041330695152283,-0.10826721042394638
0.14307066798210144,-0.47387629747390747,0.0522579550743103
-0.1541646271944046,-0.4676242768764496,0.03649018704891205
0.263634592294693,-0.3556470572948456,-0.04817806929349899
-0.2797957956790924,-0.3261261284351349,-0.0445750392973423
0.2521282136440277,-0.48792093992233276,-0.2324114441871643
-0.2838631868362427,-0.4517099857330322,-0.23939929902553558
0.23537735641002655,-0.509455144405365,-0.26681169867515564
-0.2706764042377472,-0.4753103256225586,-0.2821328043937683
0.23186001181602478,-0.5358665585517883,-0.2617538869380951
-0.2667897045612335,-0.5085985660552979,-0.2711803615093231
0.24311183393001556,-0.5024133920669556,-0.2334461361169815
-0.27512505650520325,-0.46811363101005554,-0.2420981526374817
0.10862211138010025,-0.0017503369599580765,0.009945807978510857
-0.10856184363365173,0.0011696500005200505,-0.009182646870613098
0.13197381794452667,0.4200509786605835,0.002898098900914192
-0.11468565464019775,0.399615079164505,-0.014344200491905212
0.2054280936717987,0.7672388553619385,0.10693516582250595
-0.1270931512117386,0.7634928226470947,0.10693841427564621
0.21805287897586823,0.811739444732666,0.10974482446908951
-0.12826232612133026,0.8096703886985779,0.11146599054336548
0.2557435631752014,0.864022970199585,-0.01344623789191246
-0.14977870881557465,0.869014322757721,-0.01253530289977789
-
-0.002264623763039708,-0.6411254405975342,-0.16323523223400116
0.006396068725734949,-0.6773161888122559,-0.14519980549812317
0.006967500783503056,-0.6776759624481201,-0.1447557955980301
0.006613035686314106,-0.6781949400901794,-0.14455172419548035
-0.02685295045375824,-0.6745208501815796,-0.14349044859409332
-0.026541220024228096,-0.6754873394966125,-0.14448294043540955
-0.026683462783694267,-0.6766396760940552,-0.14353151619434357
0.059620678424835205,-0.6597707867622375,-0.03374659642577171
-0.08911264687776566,-0.6498041749000549,-0.03727475553750992
0.020813409239053726,-0.6135549545288086,-0.12526798248291016
-0.022634942084550858,-0.6086117625236511,-0.1250714808702469
0.14631646871566772,-0.47496655583381653,0.03585001081228256
-0.15358532965183258,-0.46919578313827515,0.020579978823661804
0.2839520275592804,-0.37852010130882263,-0.060154855251312256
-0.3074353039264679,-0.36502760648727417,-0.06363756954669952
0.26846322417259216,-0.5133852958679199,-0.23221972584724426
-0.284814715385437,-0.4991024136543274,-0.244318425655365
0.24882027506828308,-0.5351971983909607,-0.2667025625705719
-0.26819801330566406,-0.5227972269058228,-0.2874794602394104
0.2397131770849228,-0.5612518191337585,-0.2617265582084656
-0.2587035298347473,-0.5538181662559509,-0.27237752079963684
0.2574708163738251,-0.5266701579093933,-0.23331548273563385
-0.27478736639022827,-0.5137723088264465,-0.24558311700820923
0.10853590816259384,-0.0017574141966179013,0.010018494911491871
-0.10848177224397659,0.0011758027831092477,-0.009254621341824532
0.1321813017129898,0.4204161465167999,0.007821870036423206
-0.11470094323158264,0.399273544549942,-0.011399343609809875
0.20505109429359436,0.7678009867668152,0.11453550308942795
-0.1270444244146347,0.7621017098426819,0.10747583955526352
0.2176145613193512,0.8123382329940796,0.11732788383960724
-0.12821276485919952,0.8084039688110352,0.11173674464225769
0.25679343938827515,0.8653325438499451,-0.00711314519867301
-0.14942632615566254,0.8689494729042053,-0.0124135110527277
-
-0.0022011499386280775,-0.6553530693054199,-0.17704014480113983
0.006505431141704321,-0.6903301477432251,-0.15745824575424194
0.007074512541294098,-0.6906834244728088,-0.1569843888282776
0.006719029508531094,-0.6911739706993103,-0.15689577162265778
-0.026746997609734535,-0.6869807243347168,-0.1554938405752182
-0.026433279737830162,-0.6880208849906921,-0.15645936131477356
-0.026579365134239197,-0.689182460308075,-0.15548303723335266
0.06013518199324608,-0.6628364324569702,-0.04670577123761177
-0.08846604824066162,-0.6517621874809265,-0.04758412763476372
0.0211202222853899,-0.6234628558158875,-0.1403164565563202
-0.02237648516893387,-0.6183103919029236,-0.13958963751792908
0.14865265786647797,-0.4779874086380005,0.021933475509285927
-0.1524149626493454,-0.47008922696113586,0.007360315881669521
0.3009900748729706,-0.4257659614086151,-0.06032117083668709
-0.3257446885108948,-0.41479387879371643,-0.06450510025024414
0.2800714075565338,-0.5799282193183899,-0.20400962233543396
-0.28601783514022827,-0.5590471029281616,-0.21392831206321716
0.2577170133590698,-0.6054311990737915,-0.23431500792503357
-0.2649848163127899,-0.5822686553001404,-0.25179773569107056
0.24496334791183472,-0.6273019909858704,-0.22679616510868073
-0.2522992193698883,-0.6074374318122864,-0.22664222121238708
0.26792940497398376,-0.5912601351737976,-0.20312604308128357
-0.274615079164505,-0.570705771446228,-0.21150611340999603
0.10837686061859131,-0.0017581230495125055,0.010044177994132042
-0.1083395928144455,0.0011772338766604662,-0.009280274622142315
0.13364313542842865,0.4209882318973541,0.008430534042418003
-0.11562421172857285,0.3996084928512573,-0.0072639575228095055
0.20515170693397522,0.7693273425102234,0.11502718925476074
-0.1275482475757599,0.7623605132102966,0.10745242983102798
0.2176898568868637,0.8138303160667419,0.11759643256664276
-0.1287182718515396,0.8087823987007141,0.11149150878190994
0.25873374938964844,0.8667436242103577,-0.007518519647419453
-0.1505204439163208,0.8701560497283936,-0.012938188388943672
-
0.0005432490142993629,-0.6572920680046082,-0.18068109452724457
0.009689385071396828,-0.6923348903656006,-0.1610066145658493
0.010237605310976505,-0.6926975846290588,-0.1605164110660553
0.009883268736302853,-0.6931695342063904,-0.16042110323905945
-0.023632874712347984,-0.6889258027076721,-0.15937325358390808
-0.023320326581597328,-0.6899929642677307,-0.16029715538024902
-0.02347620017826557,-0.6911631226539612,-0.1593485027551651
0.06280095130205154,-0.6637730002403259,-0.04960121214389801
-0.08597232401371002,-0.6523953080177307,-0.05168607831001282
0.02395661734044552,-0.6252585649490356,-0.14359664916992188
-0.01981322281062603,-0.6201139688491821,-0.1433781087398529
0.15262041985988617,-0.48337262868881226,0.017236661165952682
-0.15207922458648682,-0.4745809733867645,0.007162461057305336
0.3140256106853485,-0.46436262130737305,-0.05757303908467293
-0.3392277956008911,-0.45885056257247925,-0.059157680720090866
0.2937858998775482,-0.6299468874931335,-0.17897777259349823
-0.2905467450618744,-0.6084373593330383,-0.172149658203125
0.26989513635635376,-0.6540225744247437,-0.20999161899089813
-0.2651703953742981,-0.6277647018432617,-0.2084246128797531
0.2529999315738678,-0.6751656532287598,-0.20418773591518402
-0.2518729865550995,-0.6507067680358887,-0.18318337202072144
0.2803927958011627,-0.640545129776001,-0.1785794496536255
-0.27542710304260254,-0.6183242201805115,-0.16970214247703552
0.10832953453063965,-0.0017582401633262634,0.009924794547259808
-0.10830031335353851,0.001177325495518744,-0.009150112979114056
0.13508860766887665,0.4210841953754425,0.00887000747025013
-0.11550361663103104,0.39952701330184937,-0.0050458041951060295
0.20555001497268677,0.7699165940284729,0.1154363602399826
-0.1275627315044403,0.7620230913162231,0.10723338276147842
0.2180558145046234,0.8145191073417664,0.11784528195858002
-0.12874600291252136,0.8085683584213257,0.1108001321554184
0.260343462228775,0.8671376705169678,-0.00778998713940382
-0.15083517134189606,0.8700112104415894,-0.014580836519598961
-
0.002311751712113619,-0.6575080752372742,-0.17585842311382294
0.011178077198565006,-0.6927534937858582,-0.1571521759033203
0.011701232753694057,-0.6931155920028687,-0.15672403573989868
0.011348397471010685,-0.6935705542564392,-0.15655827522277832
-0.02205141820013523,-0.6889944672584534,-0.15548627078533173
-0.021738039329648018,-0.690082311630249,-0.15644630789756775
-0.021909771487116814,-0.6912488341331482,-0.15543752908706665
0.06354422867298126,-0.6646543145179749,-0.04504328593611717
-0.08520137518644333,-0.6523905992507935,-0.04855399578809738
0.0259951613843441,-0.6258810758590698,-0.13787724077701569
-0.017944950610399246,-0.6203790903091431,-0.13777494430541992
0.15448832511901855,-0.4947376549243927,0.022036559879779816
-0.15207654237747192,-0.4802365005016327,0.010375536046922207
0.31582996249198914,-0.5133084654808044,-0.05274180695414543
-0.3483894169330597,-0.50804603099823,-0.0278040561825037
0.29332125186920166,-0.6827394366264343,-0.15983083844184875
-0.3056551516056061,-0.6707271337509155,-0.10332189500331879
0.2695508599281311,-0.7039080858230591,-0.1922256201505661
-0.2753729224205017,-0.6896350383758545,-0.135884091258049
0.2516947090625763,-0.7208195924758911,-0.1876351535320282
-0.2585233151912689,-0.7109775543212891,-0.11395002901554108
0.2793784737586975,-0.6908559799194336,-0.16031290590763092
-0.28771457076072693,-0.6798994541168213,-0.10206256806850433
0.10831880569458008,-0.0017664008773863316,0.009541517123579979
-0.10829105228185654,0.001187339541502297,-0.008745684288442135
0.13559384644031525,0.42123210430145264,0.008769030682742596
-0.11502674221992493,0.399485319852829,-0.004864916671067476
0.20685146749019623,0.7701765894889832,0.11386168748140335
-0.12768524885177612,0.7620319724082947,0.10274603217840195
0.21967549622058868,0.8148438930511475,0.11574350297451019
-0.12892238795757294,0.808616042137146,0.10492337495088577
0.2631469666957855,0.8670236468315125,-0.014053401537239552
-0.15137556195259094,0.869996964931488,-0.023216964676976204
-
0.0027603753842413425,-0.6575593948364258,-0.15750548243522644
0.011117028072476387,-0.6929776668548584,-0.137001633644104
0.011633533984422684,-0.6933301687240601,-0.1364116072654724
0.01128066424280405,-0.6937707662582397,-0.1362924873828888
-0.02203379198908806,-0.6886489391326904,-0.13456407189369202
-0.021718855947256088,-0.6897574663162231,-0.1353607177734375
-0.021896159276366234,-0.6909202337265015,-0.1345219612121582
0.0634874776005745,-0.6655459403991699,-0.02788281813263893
-0.08526131510734558,-0.651199996471405,-0.025176942348480225
0.02718103490769863,-0.626280665397644,-0.12142489105463028
-0.016783708706498146,-0.6201585531234741,-0.12024739384651184
0.15659211575984955,-0.5100990533828735,0.02592700719833374
-0.15208882093429565,-0.483655720949173,0.03747376799583435
0.32985973358154297,-0.5826252102851868,-0.028096171095967293
-0.35882875323295593,-0.5607471466064453,0.031671296805143356
0.2880823314189911,-0.7650127410888672,-0.11278489977121353
-0.32018381357192993,-0.7428369522094727,-0.013903887011110783
0.26876160502433777,-0.7853080034255981,-0.14514696598052979
-0.28605470061302185,-0.7632977366447449,-0.04269484058022499
0.23508644104003906,-0.7967478036880493,-0.1371169537305832
-0.27019166946411133,-0.7825883030891418,-0.02093043550848961
0.27508655190467834,-0.769932210445404,-0.11174614727497101
-0.30169811844825745,-0.7513287663459778,-0.012741852551698685
0.10837147384881973,-0.0017590178176760674,0.008588790893554688
-0.1083516776561737,0.0011846369598060846,-0.007771467790007591
0.13586831092834473,0.42130014300346375,0.006904650945216417
-0.11510094255208969,0.39940717816352844,-0.004366040229797363
0.2084031105041504,0.7701232433319092,0.10739460587501526
-0.13079921901226044,0.7620348930358887,0.09969644248485565
0.2216375172138214,0.8148082494735718,0.10889803618192673
-0.1322660744190216,0.8086821436882019,0.1014292985200882
0.26502734422683716,0.8654685616493225,-0.024991178885102272
-0.15712985396385193,0.8700762987136841,-0.028134692460298538
-
0.0024948599748313427,-0.6576023697853088,-0.13444748520851135
0.009905721992254257,-0.6933667659759521,-0.11286275088787079
0.010367660783231258,-0.693722128868103,-0.11220694333314896
0.01004288624972105,-0.6941466927528381,-0.11200898885726929
-0.023115526884794235,-0.6884803175926208,-0.11075124144554138
-0.022811684757471085,-0.6895959973335266,-0.1115276962518692
-0.022991519421339035,-0.690747082233429,-0.11081409454345703
0.061025042086839676,-0.66724693775177,-0.002795448526740074
-0.0886228159070015,-0.6504140496253967,-0.0012431482318788767
0.027122121304273605,-0.6267209649085999,-0.09799035638570786
-0.016920045018196106,-0.6199668049812317,-0.09763817489147186
0.15743032097816467,-0.5234058499336243,0.03926558047533035
-0.15474438667297363,-0.4904078543186188,0.055471066385507584
0.3223472535610199,-0.6232907772064209,-0.008418561890721321
-0.3582868278026581,-0.619657576084137,0.048792239278554916
0.286070853471756,-0.8174920678138733,-0.08280213922262192
-0.32272055745124817,-0.8149822354316711,0.01552689541131258
0.253552109003067,-0.8409160375595093,-0.11562657356262207
-0.2888615131378174,-0.8379000425338745,-0.01540753711014986
0.21564242243766785,-0.8547399044036865,-0.1091025099158287
-0.2713634669780731,-0.8568984866142273,0.007875517010688782
0.26523151993751526,-0.8238419890403748,-0.08262800425291061
-0.3031221032142639,-0.8228912353515625,0.01673031784594059
0.10867223143577576,-0.0019452358828857541,0.0069358772598207
-0.10868357867002487,0.0013813795521855354,-0.00617534015327692
0.13675811886787415,0.41959214210510254,0.005905769765377045
-0.11505691707134247,0.39833006262779236,-0.0038553380873054266
0.20891249179840088,0.7687873244285583,0.10241694748401642
-0.13276219367980957,0.7616430521011353,0.097816102206707
0.2222394347190857,0.8137691617012024,0.10394921153783798
-0.1343301385641098,0.8085464835166931,0.09906425327062607
0.2658000588417053,0.861804187297821,-0.030144451186060905
-0.1606398969888687,0.8697607517242432,-0.03096921183168888
-
0.002525519346818328,-0.6576523184776306,-0.12428269535303116
0.009800147265195847,-0.6935727596282959,-0.10173726826906204
0.010242455638945103,-0.6939396262168884,-0.10105539858341217
0.009933535940945148,-0.6943483352661133,-0.10082293301820755
-0.02326793596148491,-0.6883968114852905,-0.10002633929252625
-0.02297002635896206,-0.6895022392272949,-0.10078699886798859
-0.023145709186792374,-0.6906430721282959,-0.10013695061206818
0.06070695072412491,-0.6675025224685669,0.009896082803606987
-0.09023462980985641,-0.6492699384689331,0.009487138129770756
0.027386482805013657,-0.6267753839492798,-0.08737564831972122
-0.016909979283809662,-0.6197707653045654,-0.08774393051862717
0.16029196977615356,-0.5286344885826111,0.04948410764336586
-0.15533143281936646,-0.49305403232574463,0.058106206357479095
0.31841593980789185,-0.6603881120681763,0.007613221183419228
-0.3538406491279602,-0.6497209668159485,0.03703613951802254
0.28374791145324707,-0.8709701299667358,-0.05236997455358505
-0.3238864839076996,-0.8573158979415894,-0.013469202443957329
0.24932719767093658,-0.8976580500602722,-0.08371124416589737
-0.292683869600296,-0.8842558860778809,-0.049392763525247574
0.21268677711486816,-0.9146822690963745,-0.07872083783149719
-0.27275198698043823,-0.9042147994041443,-0.02616015262901783
0.2627508044242859,-0.8796920776367188,-0.05290861800312996
-0.3035638630390167,-0.8657512068748474,-0.013444691896438599
0.1090516522526741,-0.002117536962032318,0.00594424270093441
-0.10910225659608841,0.001563491066917777,-0.005246988032013178
0.13776816427707672,0.4178416430950165,0.006613980047404766
-0.11506032198667526,0.3972146809101105,-0.002087756060063839
0.20901581645011902,0.7665297985076904,0.10293968766927719
-0.13294683396816254,0.7612711191177368,0.09836199134588242
0.22227522730827332,0.8117286562919617,0.1045992523431778
-0.13449905812740326,0.808419406414032,0.0993446633219719
0.26541852951049805,0.8576421737670898,-0.029481107369065285
-0.16193059086799622,0.8682271838188171,-0.030146244913339615
-
0.002319330582395196,-0.6574831604957581,-0.12378816306591034
0.009548450820147991,-0.693372368812561,-0.10129395872354507
0.009962508454918861,-0.6937457323074341,-0.10059759765863419
0.009687799960374832,-0.6941520571708679,-0.10035675019025803
-0.023590823635458946,-0.6882936954498291,-0.09987426549196243
-0.02327982522547245,-0.6893818378448486,-0.10057933628559113
-0.02346290647983551,-0.6905224919319153,-0.10003669559955597
0.06025247648358345,-0.6668639779090881,0.01054258644580841
-0.0917138010263443,-0.648833155632019,0.007929977029561996
0.027170969173312187,-0.6266072392463684,-0.08656960725784302
-0.017456714063882828,-0.6196104288101196,-0.0875205248594284
0.16011619567871094,-0.5301907062530518,0.0499604269862175
-0.15551573038101196,-0.49956631660461426,0.05629003420472145
0.3148097097873688,-0.6907795667648315,0.014371279627084732
-0.3484664857387543,-0.6731514930725098,0.02917947806417942
0.2818374037742615,-0.9097523093223572,-0.04118332266807556
-0.328876793384552,-0.8904941082000732,-0.043459076434373856
0.2490393966436386,-0.9345073699951172,-0.07367817312479019
-0.3073771893978119,-0.9194188714027405,-0.08237367868423462
0.21451525390148163,-0.9575544595718384,-0.07194612920284271
-0.2848838269710541,-0.9452570080757141,-0.06335686892271042
0.26199907064437866,-0.9219841361045837,-0.04400472715497017
-0.3087078332901001,-0.9022261500358582,-0.045551784336566925
0.10928751528263092,-0.0022728873882442713,0.005782176274806261
-0.10935994237661362,0.0017196774715557694,-0.005071424413472414
0.13771897554397583,0.417091965675354,0.009913709945976734
-0.11541694402694702,0.3961562216281891,-0.0020775829907506704
0.20940963923931122,0.7658906579017639,0.10674659162759781
-0.13334150612354279,0.7608892917633057,0.09834103286266327
0.22243911027908325,0.8110949397087097,0.10846865922212601
-0.13478972017765045,0.8081514835357666,0.0992664322257042
0.2587476074695587,0.8559179902076721,-0.02495749667286873
-0.1606626659631729,0.8648370504379272,-0.029936349019408226
-
0.0024328134022653103,-0.6522235870361328,-0.1375606507062912
0.009636200033128262,-0.6878844499588013,-0.11526869982481003
0.010034531354904175,-0.688348650932312,-0.11447202414274216
0.009784288704395294,-0.6886903643608093,-0.11423734575510025
-0.02350747585296631,-0.6834840774536133,-0.11505510658025742
-0.023185649886727333,-0.6844708919525146,-0.11561477929353714
-0.023373262956738472,-0.6856602430343628,-0.1152963861823082
0.06018033251166344,-0.6607920527458191,-0.0027655267622321844
-0.09195971488952637,-0.6450845003128052,-0.011821245774626732
0.027147505432367325,-0.6212825775146484,-0.09917446970939636
-0.01748848147690296,-0.6150731444358826,-0.10206915438175201
0.15950921177864075,-0.5307675004005432,0.03468562662601471
-0.1560574173927307,-0.5053851008415222,0.02368055284023285
0.29585620760917664,-0.7153787016868591,0.009133195504546165
-0.3466704785823822,-0.6930714249610901,-0.01050352118909359
0.27976861596107483,-0.9483012557029724,-0.060989100486040115
-0.3276737928390503,-0.9238843321800232,-0.05628083273768425
0.24889513850212097,-0.9722532033920288,-0.09465599805116653
-0.3098815679550171,-0.9531127214431763,-0.10609475523233414
0.21564660966396332,-0.9989197254180908,-0.09476587176322937
-0.2868978679180145,-0.9827494025230408,-0.08909302204847336
0.2589922845363617,-0.9627926349639893,-0.06496325135231018
-0.30769485235214233,-0.9374272227287292,-0.0627165138721466
0.10969746112823486,-0.0025574476458132267,0.00574875483289361
-0.10980101674795151,0.0019934826996177435,-0.005027025938034058
0.13767941296100616,0.4170626401901245,0.019942937418818474
-0.11711160093545914,0.3956603407859802,-0.0010117071215063334
0.20939505100250244,0.7666725516319275,0.11575013399124146
-0.1333434134721756,0.7605917453765869,0.09948789328336716
0.22227589786052704,0.8121092915534973,0.11709783971309662
-0.1347617506980896,0.8079661130905151,0.1000726968050003
0.253628134727478,0.8565899133682251,-0.013820764608681202
-0.1601569801568985,0.8633924722671509,-0.02815709076821804
-
0.0004371388640720397,-0.6500271558761597,-0.2157285362482071
0.007906945422291756,-0.6849979758262634,-0.19365286827087402
0.008281380869448185,-0.6855608820915222,-0.1928180307149887
0.008123403415083885,-0.6858751177787781,-0.19259501993656158
-0.02506825141608715,-0.6812025308609009,-0.1939845234155655
-0.02471022866666317,-0.6820981502532959,-0.19454850256443024
-0.02489415369927883,-0.6833421587944031,-0.194170743227005
0.058130357414484024,-0.6549786329269409,-0.08098999410867691
-0.09333250671625137,-0.6420950293540955,-0.09350136667490005
0.02460542507469654,-0.6185229420661926,-0.17716826498508453
-0.02015295810997486,-0.6131618022918701,-0.1809547245502472
0.14935708045959473,-0.5294347405433655,-0.045162104070186615
-0.1562303602695465,-0.5074695944786072,-0.06718921661376953
0.2575392723083496,-0.7483564019203186,-0.0731131061911583
-0.32321855425834656,-0.7066322565078735,-0.11706511676311493
0.2643246352672577,-0.9797364473342896,-0.11400001496076584
-0.32665953040122986,-0.937713623046875,-0.1729971170425415
0.24356618523597717,-1.0006959438323975,-0.1453530192375183
-0.30919405817985535,-0.9666392207145691,-0.21479251980781555
0.21373963356018066,-1.0267242193222046,-0.153439462184906
-0.28699037432670593,-0.9981289505958557,-0.19944818317890167
0.24674862623214722,-0.9942323565483093,-0.12253544479608536
-0.30736061930656433,-0.9528563618659973,-0.17765618860721588
0.1097768098115921,-0.0028686069417744875,0.0058199455961585045
-0.10990002006292343,0.0022849435918033123,-0.005079974420368671
0.13697455823421478,0.41883566975593567,0.02443079464137554
-0.11809761077165604,0.3962738811969757,-0.0010549284052103758
0.2101151943206787,0.7699477076530457,0.12478061765432358
-0.1306079626083374,0.7615602016448975,0.10123724490404129
0.22290176153182983,0.8154545426368713,0.12597163021564484
-0.13133080303668976,0.8090673685073853,0.1017276868224144
0.2535562813282013,0.8605195879936218,-0.000279419356957078
-0.15228602290153503,0.8646252155303955,-0.023462947458028793
-
-7.958702190080658e-05,-0.6455202698707581,-0.2331337183713913
0.007268883287906647,-0.6803290843963623,-0.211547389626503
0.007644637022167444,-0.6809831857681274,-0.21072377264499664
0.0075180730782449245,-0.6812824606895447,-0.21055105328559875
-0.025566590949892998,-0.6766128540039062,-0.21123090386390686
-0.02518324926495552,-0.6773969531059265,-0.21178549528121948
-0.025362256914377213,-0.6786978840827942,-0.211410254240036
0.05785512551665306,-0.6524273753166199,-0.09992852807044983
-0.09342896193265915,-0.6393764615058899,-0.1092393547296524
0.024250831454992294,-0.6155669689178467,-0.19493742287158966
-0.020595621317625046,-0.6103177070617676,-0.19762682914733887
0.14630359411239624,-0.530597448348999,-0.06951428204774857
-0.15377497673034668,-0.5126083493232727,-0.09092787653207779
0.23019161820411682,-0.7666297554969788,-0.10520047694444656
-0.28596949577331543,-0.7268489003181458,-0.15113870799541473
0.24906015396118164,-0.985210120677948,-0.1409941166639328
-0.3121854364871979,-0.9554141759872437,-0.21390192210674286
0.23957613110542297,-1.0029170513153076,-0.17047230899333954
-0.30667367577552795,-0.9832944869995117,-0.25324249267578125
0.21171636879444122,-1.0267741680145264,-0.17920884490013123
-0.28268465399742126,-1.0135343074798584,-0.23916564881801605
0.23468993604183197,-0.99769526720047,-0.15015633404254913
-0.29348450899124146,-0.9696506261825562,-0.2184591293334961
0.11011648923158646,-0.002908260328695178,0.005832974798977375
-0.11027123034000397,0.002317366423085332,-0.0050894697196781635
0.1356678009033203,0.4191144108772278,0.02385459654033184
-0.11873527616262436,0.396303653717041,-0.0008395699551329017
0.20780833065509796,0.7618128061294556,0.15993911027908325
-0.12665246427059174,0.752566397190094,0.1292428970336914
0.2198653668165207,0.8069316148757935,0.16551628708839417
-0.12634903192520142,0.8000773787498474,0.1339046061038971
0.2398964762687683,0.8605327606201172,0.04081131890416145
-0.14395307004451752,0.8637517094612122,0.012907808646559715
-
-0.0053388383239507675,-0.6252729296684265,-0.2588370740413666
0.0011068558087572455,-0.6613100171089172,-0.24005438387393951
0.001499872305430472,-0.6619768738746643,-0.23926854133605957
0.0014020799426361918,-0.6623311638832092,-0.23907414078712463
-0.031436361372470856,-0.6569231748580933,-0.23962199687957764
-0.030981317162513733,-0.6576653122901917,-0.24023696780204773
-0.031145693734288216,-0.6589981913566589,-0.2398744374513626
0.052450031042099,-0.6442413926124573,-0.12880545854568481
-0.0976836234331131,-0.6288316249847412,-0.13871654868125916
0.01944514736533165,-0.6008061170578003,-0.2190491408109665
-0.025279998779296875,-0.594916045665741,-0.22169357538223267
0.13760754466056824,-0.5297120809555054,-0.09249173849821091
-0.15343156456947327,-0.5115966200828552,-0.12034387141466141
0.20408210158348083,-0.7542780041694641,-0.13623414933681488
-0.2674906849861145,-0.7017281651496887,-0.20336264371871948
0.23486946523189545,-0.9791262745857239,-0.18489693105220795
-0.3040653467178345,-0.9266946911811829,-0.29024964570999146
0.23401589691638947,-1.000075340270996,-0.2144598364830017
-0.30637654662132263,-0.9558745622634888,-0.3278186023235321
0.2106080800294876,-1.023412823677063,-0.22318756580352783
-0.28210583329200745,-0.9867779612541199,-0.31297504901885986
0.22449228167533875,-0.9924086928367615,-0.19427774846553802
-0.28675663471221924,-0.9419991970062256,-0.2940747141838074
0.11011594533920288,-0.0029036859050393105,0.006468743551522493
-0.11027447879314423,0.0023109386675059795,-0.005652996711432934
0.1254982054233551,0.4220741093158722,0.023671049624681473
-0.12132329493761063,0.39647945761680603,-0.004305219743400812
0.1948755532503128,0.7619560360908508,0.15191633999347687
-0.12783868610858917,0.7527632713317871,0.12663134932518005
0.20612213015556335,0.8071171045303345,0.15638849139213562
-0.12754641473293304,0.8002893924713135,0.1304837465286255
0.2230300009250641,0.8614212870597839,0.0309047382324934
-0.14499229192733765,0.8644276857376099,0.008066413924098015
-
-0.009087943471968174,-0.6131743788719177,-0.27944937348365784
-0.0032269947696477175,-0.6494519114494324,-0.26210322976112366
-0.0028184009715914726,-0.6500905156135559,-0.261376291513443
-0.0029164194129407406,-0.6504917144775391,-0.26114484667778015
-0.03529876470565796,-0.6453641057014465,-0.26160871982574463
-0.03481205925345421,-0.646135687828064,-0.2622710168361664
-0.03500927984714508,-0.6474877595901489,-0.26184341311454773
0.048433929681777954,-0.6354860663414001,-0.1523955911397934
-0.10025358200073242,-0.6211282014846802,-0.16233904659748077
0.016021154820919037,-0.589887797832489,-0.23949357867240906
-0.02842029370367527,-0.5845454931259155,-0.2421329766511917
0.13104799389839172,-0.5287124514579773,-0.11609943211078644
-0.15254497528076172,-0.5115795135498047,-0.14106066524982452
0.1869553178548813,-0.7522279620170593,-0.1663026511669159
-0.25000661611557007,-0.7035753130912781,-0.2058866173028946
0.19771702587604523,-0.9829192161560059,-0.21913132071495056
-0.2876850962638855,-0.9291862845420837,-0.27757057547569275
0.19681327044963837,-1.0055986642837524,-0.24934923648834229
-0.29322871565818787,-0.9597741961479187,-0.31362491846084595
0.1752331405878067,-1.0305991172790527,-0.25608834624290466
-0.27188798785209656,-0.9920846223831177,-0.3010250926017761
0.18704625964164734,-0.9975612163543701,-0.2275790125131607
-0.27166932821273804,-0.9455916285514832,-0.28145772218704224
0.1100139245390892,-0.0028696279041469097,0.006590974051505327
-0.11018434166908264,0.0022729758638888597,-0.005745760165154934
0.12396151572465897,0.4225001633167267,0.022816818207502365
-0.12127663940191269,0.39656195044517517,-0.0049323467537760735
0.1933436244726181,0.761407732963562,0.14742040634155273
-0.12756116688251495,0.7529849410057068,0.12440381944179535
0.20477546751499176,0.8063420653343201,0.15136998891830444
-0.1273898184299469,0.8004748821258545,0.12789835035800934
0.22289182245731354,0.8614447712898254,0.026778001338243484
-0.14540641009807587,0.8660621643066406,0.005392322316765785
-
-0.010857541114091873,-0.6044036746025085,-0.2831883728504181
-0.005718319211155176,-0.6412236094474792,-0.266023188829422
-0.005294667091220617,-0.6418266892433167,-0.2653138339519501
-0.005401276983320713,-0.6422719955444336,-0.265069842338562
-0.037741776555776596,-0.6364864110946655,-0.2656242549419403
-0.03723207861185074,-0.6372678279876709,-0.2663002610206604
-0.0374203659594059,-0.6386258006095886,-0.2658655047416687
0.04572683200240135,-0.6311261653900146,-0.1554040014743805
-0.10259026288986206,-0.6140649914741516,-0.16599322855472565
0.01438978873193264,-0.582771897315979,-0.24258463084697723
-0.029982341453433037,-0.5765788555145264,-0.24532224237918854
0.12788082659244537,-0.527961254119873,-0.11960850656032562
-0.15208128094673157,-0.5113543272018433,-0.14667832851409912
0.18085546791553497,-0.7491360306739807,-0.17617103457450867
-0.2451784312725067,-0.6870630383491516,-0.22995680570602417
0.19434909522533417,-0.9820542335510254,-0.2355193793773651
-0.27855223417282104,-0.9110473990440369,-0.31633123755455017
0.19358903169631958,-1.0047327280044556,-0.26660552620887756
-0.28318747878074646,-0.9414191246032715,-0.35330840945243835
0.17421719431877136,-1.0285494327545166,-0.2730628252029419
-0.26405513286590576,-0.9747657775878906,-0.33830350637435913
0.1846054494380951,-0.9960262775421143,-0.24390290677547455
-0.2628934681415558,-0.9279354214668274,-0.31947195529937744
0.10982389748096466,-0.0028259889222681522,0.0070691280998289585
-0.11000708490610123,0.0022321196738630533,-0.006176469381898642
0.12069200724363327,0.4226759076118469,0.019730057567358017
-0.12174578756093979,0.39674490690231323,-0.007336674723774195
0.190313458442688,0.7613071203231812,0.14479723572731018
-0.13031062483787537,0.7532317042350769,0.12296665459871292
0.2018466591835022,0.8061544895172119,0.14875835180282593
-0.13036128878593445,0.8008196949958801,0.12618540227413177
0.2195533812046051,0.8617138862609863,0.026018165051937103
-0.1470278650522232,0.8698551654815674,0.0037314398214221
-
-0.011089331470429897,-0.5994864702224731,-0.2920996844768524
-0.006172178313136101,-0.6364952921867371,-0.27538102865219116
-0.005748372990638018,-0.6370919346809387,-0.27466675639152527
-0.0058619058690965176,-0.6375591158866882,-0.27441340684890747
-0.038242269307374954,-0.6314728260040283,-0.2750895023345947
-0.03773467615246773,-0.6322537660598755,-0.27580028772354126
-0.0379180833697319,-0.6336234211921692,-0.2753271162509918
0.045040324330329895,-0.6281839609146118,-0.16456791758537292
-0.10334838181734085,-0.6097064018249512,-0.1759699434041977
0.014150331728160381,-0.5785535573959351,-0.25106900930404663
-0.03023872897028923,-0.5719684362411499,-0.25400999188423157
0.12812861800193787,-0.5275518298149109,-0.12535786628723145
-0.1519082635641098,-0.5108731389045715,-0.1584015041589737
0.1881938874721527,-0.7480105757713318,-0.17732253670692444
-0.2480095773935318,-0.6866030097007751,-0.23881736397743225
0.20285922288894653,-0.9801012873649597,-0.23697084188461304
-0.2775883376598358,-0.9119477272033691,-0.3179338276386261
0.1993805319070816,-1.003458023071289,-0.2676565647125244
-0.2807523012161255,-0.9430451989173889,-0.354094535112381
0.17987628281116486,-1.028096318244934,-0.2743551731109619
-0.2622944116592407,-0.9777042269706726,-0.3387378752231598
0.19256627559661865,-0.9943269491195679,-0.24535204470157623
-0.26188623905181885,-0.929588258266449,-0.320856511592865
0.10968663543462753,-0.0027561557944864035,0.007976186461746693
-0.10988656431436539,0.002166642341762781,-0.007045803125947714
0.12101492285728455,0.42250457406044006,0.017819589003920555
-0.12241696566343307,0.3970678150653839,-0.009916956536471844
0.19029071927070618,0.7614004611968994,0.14304882287979126
-0.13167117536067963,0.7541782259941101,0.12039805948734283
0.20187006890773773,0.8062427639961243,0.14694277942180634
-0.13175253570079803,0.8019447326660156,0.12432384490966797
0.22138895094394684,0.86281818151474,0.02493240498006344
-0.14755885303020477,0.8745535612106323,0.003419188316911459
-
-0.01169636845588684,-0.5993747115135193,-0.2927764058113098
-0.006592645309865475,-0.6362922191619873,-0.27565887570381165
-0.006167231127619743,-0.636891782283783,-0.2749561369419098
-0.006287238094955683,-0.6373617649078369,-0.2747069299221039
-0.038746945559978485,-0.6315152049064636,-0.2752160429954529
-0.03824901208281517,-0.632297158241272,-0.27593788504600525
-0.03843257203698158,-0.6336738467216492,-0.2754499018192291
0.04478760063648224,-0.6271377205848694,-0.16498540341854095
-0.10399196296930313,-0.6094233989715576,-0.17537418007850647
0.013548525981605053,-0.5779323577880859,-0.25216639041900635
-0.030976273119449615,-0.5716207027435303,-0.2548082768917084
0.1281989961862564,-0.5266261696815491,-0.12510976195335388
-0.15195201337337494,-0.5103954076766968,-0.15588904917240143
0.19533593952655792,-0.7412769794464111,-0.17475531995296478
-0.25166478753089905,-0.6859790682792664,-0.223643496632576
0.20694133639335632,-0.969793975353241,-0.2370787113904953
-0.27929797768592834,-0.9162823557853699,-0.29512932896614075
0.2040330171585083,-0.993185818195343,-0.26771748065948486
-0.2808379530906677,-0.9490764141082764,-0.33101609349250793
0.18344374001026154,-1.018670678138733,-0.27511557936668396
-0.2628311812877655,-0.9858042001724243,-0.31598374247550964
0.19545303285121918,-0.9841755628585815,-0.2458546906709671
-0.2635582983493805,-0.9352263808250427,-0.29812559485435486
0.10958865284919739,-0.0026959541719406843,0.008392240852117538
-0.10979604721069336,0.002109889406710863,-0.007436859887093306
0.12137430161237717,0.4220089614391327,0.016853950917720795
-0.1224595159292221,0.3972046375274658,-0.010713760741055012
0.19081012904644012,0.7597610354423523,0.14272384345531464
-0.13186518847942352,0.7543225288391113,0.11968495696783066
0.2023930698633194,0.80448317527771,0.14712931215763092
-0.13191954791545868,0.8020969033241272,0.12339034676551819
0.22297407686710358,0.8625007271766663,0.02596426010131836
-0.14740601181983948,0.8760775327682495,0.002167685888707638
-
-0.011823423206806183,-0.5960626006126404,-0.28724896907806396
-0.00646410696208477,-0.6332143545150757,-0.27020063996315
-0.00604083901271224,-0.6338071227073669,-0.2694971561431885
-0.0061628506518900394,-0.6342827081680298,-0.26923537254333496
-0.038674306124448776,-0.6289722323417664,-0.2698911130428314
-0.03818027675151825,-0.6297639012336731,-0.2706119120121002
-0.03836800158023834,-0.6311405301094055,-0.27012211084365845
0.044863395392894745,-0.625198483467102,-0.15888486802577972
-0.10421319305896759,-0.6091454029083252,-0.16964200139045715
0.013218156062066555,-0.5749827027320862,-0.2463817149400711
-0.03146630525588989,-0.5692359209060669,-0.24910137057304382
0.1286875158548355,-0.5264220237731934,-0.11465742439031601
-0.15307721495628357,-0.5097917318344116,-0.14509835839271545
0.19593457877635956,-0.7382901906967163,-0.1601928472518921
-0.25418028235435486,-0.6846175789833069,-0.20558597147464752
0.2201722264289856,-0.9625799059867859,-0.22475206851959229
-0.2801513075828552,-0.9154722690582275,-0.278441846370697
0.21954795718193054,-0.9854068160057068,-0.25570183992385864
-0.2810264825820923,-0.9487461447715759,-0.314799427986145
0.19789236783981323,-1.011679768562317,-0.2619618773460388
-0.2631321847438812,-0.9864816069602966,-0.29923301935195923
0.20913539826869965,-0.9770799279212952,-0.23271530866622925
-0.26465800404548645,-0.9347807168960571,-0.281209260225296
0.10957501083612442,-0.0026960878167301416,0.008566715754568577
-0.10978533327579498,0.0021100258454680443,-0.007584869395941496
0.12155041843652725,0.42170998454093933,0.01592574082314968
-0.12359451502561569,0.39724504947662354,-0.011003832332789898
0.19114601612091064,0.7576598525047302,0.14204742014408112
-0.13286814093589783,0.7544392943382263,0.1188519299030304
0.20282775163650513,0.802154541015625,0.14656302332878113
-0.13292758166790009,0.8022201657295227,0.12286054342985153
0.22414106130599976,0.8618245124816895,0.025409040972590446
-0.1480744481086731,0.8761820197105408,0.0016550760483369231
-
-0.011154991574585438,-0.5975624322891235,-0.2811537981033325
-0.003995691426098347,-0.6344099044799805,-0.2635350823402405
-0.0035784554202109575,-0.6350010633468628,-0.26284700632095337
-0.003706050803884864,-0.6354653835296631,-0.2625772953033447
-0.03651455044746399,-0.6308456659317017,-0.2631894648075104
-0.03604210913181305,-0.63164883852005,-0.26391521096229553
-0.03624493256211281,-0.6330190300941467,-0.26340776681900024
0.04775627702474594,-0.623716413974762,-0.15170876681804657
-0.10282843559980392,-0.6103494763374329,-0.16204404830932617
0.013451674021780491,-0.5751823782920837,-0.24042750895023346
-0.03140817955136299,-0.570344865322113,-0.24308957159519196
0.12931124866008759,-0.5238502025604248,-0.1073334738612175
-0.15372219681739807,-0.5094186067581177,-0.1344340294599533
0.21318404376506805,-0.7351198792457581,-0.15243491530418396
-0.2626919150352478,-0.6943691968917847,-0.1952149122953415
0.22219882905483246,-0.960501492023468,-0.2207501083612442
-0.2810981869697571,-0.9269548654556274,-0.2694152593612671
0.21978449821472168,-0.9835785031318665,-0.24891065061092377
-0.27824559807777405,-0.9600108861923218,-0.30586230754852295
0.19808721542358398,-1.010574460029602,-0.25455695390701294
-0.25837069749832153,-0.9952059984207153,-0.2859833538532257
0.2098284810781479,-0.974917471408844,-0.22802448272705078
-0.264785498380661,-0.94451504945755,-0.27054113149642944
0.1095665991306305,-0.0027914594393223524,0.008605832234025002
-0.10977927595376968,0.002206253120675683,-0.007613128051161766
0.12255623191595078,0.42123764753341675,0.015766076743602753
-0.12366635352373123,0.39715880155563354,-0.010836477391421795
0.19316892325878143,0.7556341290473938,0.14193373918533325
-0.1328626275062561,0.7543420195579529,0.11826977878808975
0.204714834690094,0.8001577854156494,0.14667768776416779
-0.13293248414993286,0.8022089004516602,0.12221314758062363
0.22485172748565674,0.8609793186187744,0.02499324642121792
-0.14837026596069336,0.8761134743690491,0.0008926863083615899
-
-0.007161606103181839,-0.599412739276886,-0.2761153280735016
0.0018547095824033022,-0.6362029314041138,-0.25805121660232544
0.002256521489471197,-0.6367876529693604,-0.25736182928085327
0.002127221319824457,-0.6372460722923279,-0.2570939064025879
-0.031110214069485664,-0.6324493885040283,-0.2577456831932068
-0.030654210597276688,-0.6332622766494751,-0.25846585631370544
-0.03087260201573372,-0.634619951248169,-0.2579590082168579
0.0525362566113472,-0.623944103717804,-0.14621730148792267
-0.09920893609523773,-0.6110544800758362,-0.15637293457984924
0.016164667904376984,-0.5765741467475891,-0.23556041717529297
-0.02913350611925125,-0.5716482400894165,-0.23831138014793396
0.13065870106220245,-0.5211162567138672,-0.10270023345947266
-0.15409719944000244,-0.507283091545105,-0.1282898485660553
0.22447001934051514,-0.7306897640228271,-0.14410586655139923
-0.2833845913410187,-0.6889784932136536,-0.18915602564811707
0.2320549637079239,-0.9543656706809998,-0.1970892697572708
-0.28136739134788513,-0.9211465120315552,-0.26726189255714417
0.22461220622062683,-0.977316677570343,-0.2245052009820938
-0.2775595188140869,-0.9552989602088928,-0.3036853075027466
0.2025982141494751,-1.0037730932235718,-0.22983087599277496
-0.25701776146888733,-0.9902493357658386,-0.27736106514930725
0.21890565752983093,-0.9685312509536743,-0.20373257994651794
-0.2654525339603424,-0.9386288523674011,-0.26589617133140564
0.10956466943025589,-0.003048965008929372,0.008783356286585331
-0.1097807064652443,0.002459597075358033,-0.007767035625874996
0.12276189774274826,0.4202207028865814,0.015666870400309563
-0.12394144386053085,0.3969225585460663,-0.01079629361629486
0.19339673221111298,0.7533432245254517,0.14211858808994293
-0.1327531784772873,0.7530936598777771,0.11796482652425766
0.2050011157989502,0.7979478240013123,0.14698494970798492
-0.1328413188457489,0.8010475039482117,0.12206856906414032
0.2250399887561798,0.8600015640258789,0.024461226537823677
-0.1484740823507309,0.8750454783439636,0.0004850045370403677
-
-0.003893085988238454,-0.6110846996307373,-0.23747366666793823
0.005287589505314827,-0.6469392776489258,-0.21633201837539673
0.005682843737304211,-0.6475381851196289,-0.21567484736442566
0.005528895650058985,-0.6479445695877075,-0.2154279202222824
-0.027866557240486145,-0.6435605883598328,-0.21666568517684937
-0.027412911877036095,-0.644365668296814,-0.2173370122909546
-0.027636615559458733,-0.645731508731842,-0.21690653264522552
0.05492130294442177,-0.6292621493339539,-0.1025453433394432
-0.09685628861188889,-0.6178373694419861,-0.11546040326356888
0.018918080255389214,-0.585506021976471,-0.19786570966243744
-0.026514967903494835,-0.5810559391975403,-0.20126909017562866
0.13378824293613434,-0.5217033624649048,-0.061594825237989426
-0.15484662353992462,-0.5059852600097656,-0.0887945368885994
0.23270004987716675,-0.7285251617431641,-0.08709200471639633
-0.2988571524620056,-0.6800167560577393,-0.15047907829284668
0.24156957864761353,-0.950797975063324,-0.13336613774299622
-0.28688153624534607,-0.9167976975440979,-0.2229747176170349
0.2310655415058136,-0.9736573100090027,-0.16003859043121338
-0.2791654169559479,-0.9525468945503235,-0.2592030167579651
0.2087148278951645,-0.9998744130134583,-0.16638489067554474
-0.2583865225315094,-0.9895154237747192,-0.2331627458333969
0.22843806445598602,-0.9649159908294678,-0.13974393904209137
-0.2696264088153839,-0.9332671165466309,-0.22205151617527008
0.10957998037338257,-0.003210090333595872,0.009063322097063065
-0.10979859530925751,0.002625448862090707,-0.008014426566660404
0.12292242050170898,0.4184722900390625,0.016300393268465996
-0.12406094372272491,0.3964400291442871,-0.010862412862479687
0.1943666785955429,0.7522571086883545,0.14267805218696594
-0.13249710202217102,0.7521603107452393,0.11436311155557632
0.20584791898727417,0.7969432473182678,0.1475205272436142
-0.13260577619075775,0.8001808524131775,0.11845330148935318
0.22529390454292297,0.8593617677688599,0.024090316146612167
-0.14846019446849823,0.8742930889129639,-0.002832782920449972
-
-0.00048652224359102547,-0.6263580918312073,-0.19531132280826569
0.007940861396491528,-0.6616286039352417,-0.1725534051656723
0.00834420882165432,-0.6622219085693359,-0.17193779349327087
0.008151957765221596,-0.6625941395759583,-0.17169798910617828
-0.02523368038237095,-0.657602071762085,-0.17300787568092346
-0.024783847853541374,-0.6584270000457764,-0.17368315160274506
-0.025007886812090874,-0.6597752571105957,-0.17325317859649658
0.056782808154821396,-0.638996958732605,-0.05931330844759941
-0.09463532269001007,-0.6254666447639465,-0.0721539780497551
0.022390054538846016,-0.5983775854110718,-0.15685105323791504
-0.022957680746912956,-0.593214750289917,-0.16021442413330078
0.13831524550914764,-0.52306067943573,-0.01924506016075611
-0.15506300330162048,-0.5032505989074707,-0.0466131828725338
0.24174818396568298,-0.7278974056243896,-0.03680838644504547
-0.3098304569721222,-0.6545883417129517,-0.11148963123559952
0.2581324875354767,-0.9470241069793701,-0.08300358057022095
-0.2903617322444916,-0.8833625912666321,-0.18834498524665833
0.24739955365657806,-0.9697123765945435,-0.10849550366401672
-0.27969813346862793,-0.9204998016357422,-0.2239895462989807
0.2257312536239624,-0.9926784634590149,-0.11651656776666641
-0.25917208194732666,-0.9524862766265869,-0.198881134390831
0.24612492322921753,-0.9587483406066895,-0.08958939462900162
-0.2722705006599426,-0.8988816738128662,-0.1876233071088791
0.10959713906049728,-0.0032297370489686728,0.009164775721728802
-0.10981994867324829,0.002647426910698414,-0.008104308508336544
0.12283960729837418,0.41815295815467834,0.018119800835847855
-0.12298878282308578,0.39434853196144104,-0.01075761578977108
0.19450628757476807,0.7523947358131409,0.14169956743717194
-0.13108544051647186,0.7508116364479065,0.10780644416809082
0.2059648185968399,0.7970713973045349,0.14586293697357178
-0.1316710114479065,0.7989175915718079,0.11126497387886047
0.22599710524082184,0.8590444922447205,0.02049296535551548
-0.14913251996040344,0.8692111372947693,-0.008486456237733364
-
0.002043389715254307,-0.6431229114532471,-0.16920019686222076
0.00938489381223917,-0.6786713004112244,-0.14541052281856537
0.009793137200176716,-0.6792283654212952,-0.14482709765434265
0.009564937092363834,-0.6795852780342102,-0.14465761184692383
-0.02364327758550644,-0.674061119556427,-0.14560467004776
-0.023211728781461716,-0.674971878528595,-0.14625424146652222
-0.02342873252928257,-0.6762783527374268,-0.14583826065063477
0.05781888589262962,-0.6532825827598572,-0.031238514930009842
-0.09315137565135956,-0.6370484828948975,-0.042385369539260864
0.025405146181583405,-0.6134970188140869,-0.1311938464641571
-0.019775861874222755,-0.6074891686439514,-0.1340074986219406
0.14255207777023315,-0.5287598371505737,0.0015658127376809716
-0.15542002022266388,-0.5032451152801514,-0.012480991892516613
0.25572293996810913,-0.71932452917099,-0.041466329246759415
-0.321219801902771,-0.6457123756408691,-0.07105215638875961
0.2564810514450073,-0.9194556474685669,-0.10110004246234894
-0.29253992438316345,-0.8630821704864502,-0.14016269147396088
0.24394524097442627,-0.9393579959869385,-0.13050879538059235
-0.2792685329914093,-0.8976494669914246,-0.17413552105426788
0.2188771814107895,-0.955185055732727,-0.1342737078666687
-0.25894439220428467,-0.9258202314376831,-0.1510840505361557
0.24548572301864624,-0.9261813163757324,-0.10631249099969864
-0.27355092763900757,-0.8766552209854126,-0.13968630135059357
0.10965389013290405,-0.003276857314631343,0.009054727852344513
-0.10987333953380585,0.0027010375633835793,-0.00797424465417862
0.12293097376823425,0.4177034795284271,0.01848212629556656
-0.12360160797834396,0.3936312794685364,-0.009297137148678303
0.1946180760860443,0.7517735362052917,0.14153678715229034
-0.1313248723745346,0.7475396394729614,0.10763794183731079
0.2061028927564621,0.7964118123054504,0.14570003747940063
-0.13186348974704742,0.795325756072998,0.11108443140983582
0.22628168761730194,0.8576871752738953,0.019892679527401924
-0.1493043154478073,0.8662555813789368,-0.009046154096722603
-
0.0019509373232722282,-0.6513157486915588,-0.14909085631370544
0.009018825367093086,-0.6867725849151611,-0.12560372054576874
0.009424084797501564,-0.6872990727424622,-0.12503302097320557
0.009178334847092628,-0.687666654586792,-0.12481357902288437
-0.02390402927994728,-0.6817662715911865,-0.12459643930196762
-0.023484647274017334,-0.6827372908592224,-0.1252596080303192
-0.023709751665592194,-0.684028685092926,-0.12476874887943268
0.05775565654039383,-0.6595186591148376,-0.01465805247426033
-0.09316949546337128,-0.6414880156517029,-0.01970955729484558
0.025303464382886887,-0.6206561923027039,-0.11254903674125671
-0.019826747477054596,-0.6140903830528259,-0.11376222223043442
0.14538763463497162,-0.5298312306404114,0.020187070593237877
-0.1560123860836029,-0.5016427040100098,0.013814905658364296
0.26732704043388367,-0.709174394607544,-0.016622839495539665
-0.3261779248714447,-0.6322379112243652,-0.029320258647203445
0.25534090399742126,-0.9123198390007019,-0.06487172096967697
-0.2925379276275635,-0.8442726731300354,-0.08949147164821625
0.24280579388141632,-0.9335329532623291,-0.09348796308040619
-0.2744057774543762,-0.8764400482177734,-0.12349124997854233
0.21554096043109894,-0.9487234354019165,-0.09404758363962173
-0.2537076473236084,-0.9019955396652222,-0.10002408176660538
0.2436104416847229,-0.918690025806427,-0.06790120899677277
-0.27320897579193115,-0.8565254211425781,-0.08872348070144653
0.10978827625513077,-0.0032960984390228987,0.00864070188254118
-0.11000005900859833,0.0027238179463893175,-0.00754102598875761
0.12301725894212723,0.41738033294677734,0.01841771975159645
-0.12370000034570694,0.392836332321167,-0.0077316537499427795
0.19402585923671722,0.7512129545211792,0.14122320711612701
-0.13094760477542877,0.7447514533996582,0.10769125074148178
0.20553487539291382,0.7957961559295654,0.14546631276607513
-0.13130444288253784,0.792269766330719,0.11117078363895416
0.2265302687883377,0.8560240864753723,0.01863323710858822
-0.14919008314609528,0.8634406924247742,-0.009063868783414364
-
0.0018440489657223225,-0.6539860367774963,-0.14153730869293213
0.008892649784684181,-0.6899787783622742,-0.11991146206855774
0.0093011986464262,-0.6904734969139099,-0.11933505535125732
0.009063689038157463,-0.6908514499664307,-0.11912060528993607
-0.024056147783994675,-0.6842883229255676,-0.1173279881477356
-0.023635998368263245,-0.6853517889976501,-0.11804496496915817
-0.023860199376940727,-0.686617374420166,-0.11741751432418823
0.058068059384822845,-0.6659504175186157,-0.01265585608780384
-0.09162299335002899,-0.6445765495300293,-0.010108426213264465
0.0260381530970335,-0.6244480013847351,-0.10586009919643402
-0.018750090152025223,-0.6169188022613525,-0.10478999465703964
0.15314947068691254,-0.5338062047958374,0.0216280035674572
-0.15536700189113617,-0.5019273161888123,0.031135940924286842
0.28994646668434143,-0.691022515296936,-0.02469097264111042
-0.3306754529476166,-0.6298487782478333,0.00019073247676715255
0.261551171541214,-0.8888345956802368,-0.0829041451215744
-0.2936309576034546,-0.8397239446640015,-0.05282832309603691
0.24345740675926208,-0.9111056327819824,-0.11253006011247635
-0.2729330360889435,-0.8696516156196594,-0.0847545638680458
0.21595394611358643,-0.9236562252044678,-0.11272195726633072
-0.25283196568489075,-0.8942910432815552,-0.06118626892566681
0.24734759330749512,-0.893876850605011,-0.08593665808439255
-0.2737520933151245,-0.8511574864387512,-0.05180294066667557
0.10985611379146576,-0.0032815109007060528,0.007264338433742523
-0.1100635901093483,0.0027181559707969427,-0.0062010278925299644
0.12911728024482727,0.41673922538757324,0.014567118138074875
-0.12362396717071533,0.39262911677360535,-0.006780373863875866
0.19424960017204285,0.7512959837913513,0.13041280210018158
-0.13067249953746796,0.7446089386940002,0.10685604810714722
0.2056957334280014,0.7958536148071289,0.13415846228599548
-0.1310470551252365,0.7921515107154846,0.11033552885055542
0.2329544723033905,0.8560960292816162,0.005400396417826414
-0.15146133303642273,0.8632986545562744,-0.010430418886244297
-
0.002861486282199621,-0.6581742763519287,-0.14182153344154358
0.009376443922519684,-0.6945814490318298,-0.12010986357927322
0.009777966886758804,-0.6950682401657104,-0.11953656375408173
0.009515954181551933,-0.6954498291015625,-0.11930636316537857
-0.023421980440616608,-0.6886414289474487,-0.1177961528301239
-0.023035043850541115,-0.6897574663162231,-0.11853133141994476
-0.02323916181921959,-0.6910102963447571,-0.11782333999872208
0.059320662170648575,-0.6723403930664062,-0.011786511167883873
-0.09013056755065918,-0.6494393944740295,-0.010250456631183624
0.027957608923316002,-0.6290144324302673,-0.10577938705682755
-0.01675574481487274,-0.621066689491272,-0.10499506443738937
0.15818840265274048,-0.5366941094398499,0.025447538122534752
-0.15536461770534515,-0.5023330450057983,0.03563428670167923
0.30514171719551086,-0.6831856966018677,-0.0201924666762352
-0.3383454382419586,-0.6286606192588806,0.010102934204041958
0.26373642683029175,-0.8825757503509521,-0.0790165439248085
-0.29378992319107056,-0.829405665397644,-0.038481973111629486
0.24267208576202393,-0.9049997925758362,-0.10841879993677139
-0.2692182958126068,-0.8553950190544128,-0.06879408657550812
0.21514615416526794,-0.9165246486663818,-0.10546337068080902
-0.24974918365478516,-0.8759686946868896,-0.04596531018614769
0.2479502558708191,-0.8872318267822266,-0.08007340133190155
-0.2738052010536194,-0.8385202288627625,-0.03731450438499451
0.1099252998828888,-0.0032244494650512934,0.006545851472765207
-0.1101289913058281,0.0026749600656330585,-0.005529423244297504
0.13075876235961914,0.41665026545524597,0.014616287313401699
-0.12361066788434982,0.3920854926109314,-0.00038322567706927657
0.19504587352275848,0.7513550519943237,0.12952455878257751
-0.1306658238172531,0.7427429556846619,0.1101391464471817
0.20667894184589386,0.7959323525428772,0.13308413326740265
-0.1310463547706604,0.7901976704597473,0.1137007400393486
0.24051278829574585,0.8558650016784668,0.003400318557396531
-0.1549987494945526,0.8618381023406982,-0.007555568590760231
-
0.006218637339770794,-0.6590673327445984,-0.13836567103862762
0.013013145886361599,-0.6955690979957581,-0.11728080362081528
0.013415786437690258,-0.6960450410842896,-0.11671382188796997
0.013101630844175816,-0.696439802646637,-0.11651214212179184
-0.01959812082350254,-0.6900063157081604,-0.11436660587787628
-0.019251426681876183,-0.691163182258606,-0.11509767174720764
-0.019438359886407852,-0.6924137473106384,-0.11430276185274124
0.0643855482339859,-0.674099862575531,-0.00965206604450941
-0.08468690514564514,-0.6526176929473877,-0.005048705264925957
0.03199787437915802,-0.6301167607307434,-0.10262943804264069
-0.012662916444242,-0.6225289106369019,-0.10099300742149353
0.16205406188964844,-0.5364553332328796,0.028538692742586136
-0.15362435579299927,-0.5031889081001282,0.05129264295101166
0.3153650760650635,-0.6602646708488464,-0.02008884772658348
-0.3392922878265381,-0.6243857741355896,0.0480705127120018
0.2729072868824005,-0.8549851775169373,-0.08538143336772919
-0.29007187485694885,-0.8181928396224976,0.013299786485731602
0.24751560389995575,-0.8770291805267334,-0.11518028378486633
-0.25550541281700134,-0.8409488201141357,-0.013214991427958012
0.21925945580005646,-0.8859700560569763,-0.11196596175432205
-0.23836597800254822,-0.8591748476028442,0.009665870107710361
0.2561771869659424,-0.858345627784729,-0.08631502091884613
-0.26942795515060425,-0.8259269595146179,0.01532314158976078
0.10999099165201187,-0.0031545530073344707,0.0051213521510362625
-0.11018187552690506,0.0026157612446695566,-0.004140999633818865
0.13220421969890594,0.4166404902935028,0.01175119448453188
-0.12124878913164139,0.3918529450893402,0.003317801747471094
0.19824495911598206,0.7514278888702393,0.12793657183647156
-0.12713371217250824,0.7415814995765686,0.11360804736614227
0.2103922963142395,0.796023964881897,0.1316116601228714
-0.1270277053117752,0.7889556288719177,0.11730289459228516
0.24516065418720245,0.8560948371887207,-0.00012036281259497628
-0.15243545174598694,0.8617691993713379,-0.005447296425700188
-
0.00559644540771842,-0.657288134098053,-0.1445075422525406
0.01242088433355093,-0.6938515901565552,-0.12460868805646896
0.012835334986448288,-0.6943275928497314,-0.12404284626245499
0.012484123930335045,-0.694722056388855,-0.12386088818311691
-0.02005601115524769,-0.6883031129837036,-0.12099896371364594
-0.019721409305930138,-0.6894544959068298,-0.12175003439188004
-0.019915174692869186,-0.6907137632369995,-0.12095319479703903
0.06424801796674728,-0.6737448573112488,-0.01814194954931736
-0.0842457190155983,-0.6520511507987976,-0.01071405503898859
0.031770218163728714,-0.6288304328918457,-0.10913354158401489
-0.012907220050692558,-0.6212525367736816,-0.10642576962709427
0.16466784477233887,-0.5360952019691467,0.02222120389342308
-0.15242525935173035,-0.503242015838623,0.054649051278829575
0.33248370885849,-0.6385328769683838,-0.026929298415780067
-0.34184542298316956,-0.6062312126159668,0.06837546825408936
0.2734958827495575,-0.821609616279602,-0.10496982932090759
-0.2915148437023163,-0.78561931848526,0.02850334905087948
0.24670331180095673,-0.8409051299095154,-0.13570083677768707
-0.25704091787338257,-0.8049095869064331,0.0032164936419576406
0.21814554929733276,-0.8492885828018188,-0.12431008368730545
-0.239909827709198,-0.820762574672699,0.02332579717040062
0.25574082136154175,-0.8242210745811462,-0.1013040691614151
-0.27134543657302856,-0.7921724915504456,0.0301376860588789
0.11001629382371902,-0.0030623781494796276,0.0034906838554888964
-0.11019773036241531,0.0025291512720286846,-0.0025127646513283253
0.1322612315416336,0.41690871119499207,0.004102530889213085
-0.1186070516705513,0.3921993672847748,0.00303667108528316
0.2019978165626526,0.7554110288619995,0.10586631298065186
-0.12708616256713867,0.7455388903617859,0.10390649735927582
0.21507763862609863,0.8002965450286865,0.10770553350448608
-0.12693755328655243,0.7929123640060425,0.1060076355934143
0.24992337822914124,0.8578081130981445,-0.030331244692206383
-0.1519981473684311,0.8654608130455017,-0.022770879790186882
-
0.0054432908073067665,-0.6570224165916443,-0.1456318348646164
0.012174067087471485,-0.6935857534408569,-0.12603315711021423
0.012595153413712978,-0.6940371990203857,-0.12546831369400024
0.012223955243825912,-0.6944382190704346,-0.1252812296152115
-0.020237376913428307,-0.6877585649490356,-0.12281694263219833
-0.01990918070077896,-0.6889228820800781,-0.12357394397258759
-0.02010200545191765,-0.6901704668998718,-0.12277510017156601
0.06406289339065552,-0.6736838817596436,-0.019435880705714226
-0.084445521235466,-0.6513321399688721,-0.013440892100334167
0.03159090876579285,-0.6286816000938416,-0.10991784930229187
-0.013015944510698318,-0.6207817196846008,-0.10760337114334106
0.16460302472114563,-0.53559410572052,0.0283556766808033
-0.15231475234031677,-0.5010679960250854,0.04894230514764786
0.3344756066799164,-0.6178711652755737,-0.02504032664000988
-0.34719523787498474,-0.5753575563430786,0.046034522354602814
0.28092989325523376,-0.80170077085495,-0.10616336762905121
-0.2998705804347992,-0.7547467947006226,-0.006002047564834356
0.2512355148792267,-0.8220197558403015,-0.13820280134677887
-0.26288285851478577,-0.775155246257782,-0.03449711203575134
0.2218557894229889,-0.8321058750152588,-0.12637875974178314
-0.2504553198814392,-0.7944723963737488,-0.01353736873716116
0.26269179582595825,-0.8057655096054077,-0.10262969881296158
-0.2811884880065918,-0.7632981538772583,-0.004714022856205702
0.1100049614906311,-0.002803826704621315,0.0035012736916542053
-0.11017811298370361,0.002284488407894969,-0.002524402691051364
0.13243062794208527,0.4180041551589966,0.0025278993416577578
-0.11829890310764313,0.3924029469490051,0.0029680451843887568
0.20406483113765717,0.7624736428260803,0.10150447487831116
-0.12708508968353271,0.7458348274230957,0.10394375771284103
0.21733224391937256,0.8076252937316895,0.10316994041204453
-0.1269596517086029,0.7931250929832458,0.10615881532430649
0.25382930040359497,0.8610131144523621,-0.033887531608343124
-0.15179812908172607,0.8654546737670898,-0.022167138755321503
-
0.006236676592379808,-0.658854067325592,-0.14220847189426422
0.01267401035875082,-0.695009708404541,-0.12214084714651108
0.013101856224238873,-0.6954277157783508,-0.12157605588436127
0.012720898725092411,-0.6958344578742981,-0.12138145416975021
-0.01969141699373722,-0.6891312599182129,-0.11925961822271347
-0.019365034997463226,-0.6903267502784729,-0.12004179507493973
-0.019556274637579918,-0.6915481090545654,-0.11921977251768112
0.06449466943740845,-0.6734738945960999,-0.014779183082282543
-0.08335855603218079,-0.6512387990951538,-0.01045945007354021
0.03243674710392952,-0.6297416090965271,-0.1063963770866394
-0.011856344528496265,-0.6217716336250305,-0.10458903759717941
0.16479074954986572,-0.5319218039512634,0.0359426774084568
-0.1512335240840912,-0.4983433783054352,0.05058124288916588
0.3343121111392975,-0.5987985730171204,-0.02008085884153843
-0.3496517837047577,-0.5581459999084473,0.03908614441752434
0.2850285768508911,-0.7832964062690735,-0.10724996775388718
-0.3044203221797943,-0.7332102656364441,-0.01745647005736828
0.2545452117919922,-0.8051324486732483,-0.13898985087871552
-0.26694950461387634,-0.7540366649627686,-0.046309687197208405
0.22607295215129852,-0.8161326050758362,-0.129192516207695
-0.25617533922195435,-0.774016797542572,-0.024616573005914688
0.26727205514907837,-0.7882102727890015,-0.10486453771591187
-0.2861877679824829,-0.7421839237213135,-0.015887603163719177
0.10990694910287857,-0.0025907601229846478,0.0035026450641453266
-0.11006934195756912,0.002076501725241542,-0.0025278949178755283
0.1332584023475647,0.41821470856666565,0.0006091543473303318
-0.1174725890159607,0.39314255118370056,0.0027642620261758566
0.20503093302249908,0.7668843269348145,0.09596802294254303
-0.1274661421775818,0.7486777305603027,0.10028789937496185
0.21819151937961578,0.8123703598976135,0.09722501039505005
-0.12771940231323242,0.7959865927696228,0.10230539739131927
0.25594332814216614,0.8636609315872192,-0.03895492106676102
-0.15380753576755524,0.8657304048538208,-0.026466377079486847
-
0.006743430159986019,-0.6584526896476746,-0.14553017914295197
0.013053844682872295,-0.6945779919624329,-0.12537473440170288
0.013499812223017216,-0.6949974894523621,-0.12478747218847275
0.013110414147377014,-0.6954091787338257,-0.12458857893943787
-0.019408347085118294,-0.6887816786766052,-0.12236487865447998
-0.01908768154680729,-0.6899590492248535,-0.12309791147708893
-0.01927526667714119,-0.6911777257919312,-0.12236093729734421
0.06455470621585846,-0.6728107333183289,-0.018108580261468887
-0.08333814889192581,-0.6509198546409607,-0.013426117599010468
0.03268757835030556,-0.6292743682861328,-0.10959253460168839
-0.011532442644238472,-0.6214098930358887,-0.10779619216918945
0.16440033912658691,-0.522895097732544,0.03279183432459831
-0.15121622383594513,-0.4948171079158783,0.042149849236011505
0.32784807682037354,-0.5580476522445679,-0.023435119539499283
-0.35225123167037964,-0.5323067903518677,0.02878691256046295
0.2865222096443176,-0.7400929927825928,-0.12822599709033966
-0.31098678708076477,-0.7002151012420654,-0.048794690519571304
0.2588333189487457,-0.7645963430404663,-0.16010154783725739
-0.2765086591243744,-0.722698450088501,-0.0806221067905426
0.23397253453731537,-0.7799351215362549,-0.15131014585494995
-0.26521262526512146,-0.7446402907371521,-0.06126922369003296
0.2701118290424347,-0.7477774024009705,-0.1265554130077362
-0.29312029480934143,-0.7105085253715515,-0.047606952488422394
0.10980571061372757,-0.0025114803574979305,0.0035433925222605467
-0.10996362566947937,0.0019922240171581507,-0.0025762137956917286
0.1339721977710724,0.4183737337589264,0.000796372361946851
-0.11714129149913788,0.3939008116722107,0.0023662098683416843
0.20621991157531738,0.7707073092460632,0.08956484496593475
-0.12791037559509277,0.752917468547821,0.09194044768810272
0.21940357983112335,0.8162772059440613,0.08969001471996307
-0.12845954298973083,0.8002575635910034,0.09268979728221893
0.26048246026039124,0.8652939796447754,-0.044960372149944305
-0.15502262115478516,0.8673353791236877,-0.03542458638548851
-
0.006649810820817947,-0.6580739617347717,-0.1532352864742279
0.013096104376018047,-0.69414883852005,-0.13342870771884918
0.01355300098657608,-0.694560706615448,-0.1329176425933838
0.013164672069251537,-0.6949792504310608,-0.132791206240654
-0.019470611587166786,-0.6886206865310669,-0.13117431104183197
-0.019148070365190506,-0.6897836923599243,-0.1320163756608963
-0.01933480054140091,-0.6909953355789185,-0.13116082549095154
0.06470253318548203,-0.6723521947860718,-0.023322949185967445
-0.08338949084281921,-0.6509866118431091,-0.02168974094092846
0.03261331468820572,-0.6288118362426758,-0.11653163284063339
-0.011600015684962273,-0.6211647987365723,-0.11537667363882065
0.1641635298728943,-0.5126047730445862,0.029495371505618095
-0.15126532316207886,-0.49110156297683716,0.03932907059788704
0.3243948519229889,-0.526566207408905,-0.028383266180753708
-0.35094380378723145,-0.5074594616889954,-0.0014918779488652945
0.28687188029289246,-0.6965523958206177,-0.14458876848220825
-0.3104545474052429,-0.6648585796356201,-0.10611411184072495
0.26007726788520813,-0.7182188630104065,-0.17680753767490387
-0.27687376737594604,-0.6840261816978455,-0.140344500541687
0.23718611896038055,-0.735102117061615,-0.1694004088640213
-0.2652498483657837,-0.7055968642234802,-0.11880630254745483
0.2712286114692688,-0.7045018672943115,-0.14362144470214844
-0.29248371720314026,-0.6742311120033264,-0.10470978915691376
0.10958528518676758,-0.0025037419982254505,0.004156360402703285
-0.10973377525806427,0.0019846372306346893,-0.003218152327463031
0.13414090871810913,0.4188621938228607,0.0017816326580941677
-0.11687466502189636,0.3944813013076782,0.0019285437883809209
0.20664329826831818,0.7701444029808044,0.09869134426116943
-0.12789537012577057,0.7542032599449158,0.09299077838659286
0.219814270734787,0.8156765699386597,0.09972388297319412
-0.1284285932779312,0.8014186024665833,0.09375712275505066
0.26038113236427307,0.8653399348258972,-0.034772876650094986
-0.1529291868209839,0.8677406907081604,-0.03431466966867447
-
0.006572486367076635,-0.6578325629234314,-0.15905225276947021
0.013284160755574703,-0.6938480734825134,-0.1399904489517212
0.013749751262366772,-0.6942546963691711,-0.13950666785240173
0.013360260985791683,-0.6946811676025391,-0.139414444565773
-0.01937669888138771,-0.6885663270950317,-0.1373085081577301
-0.019052714109420776,-0.689717710018158,-0.1381942182779312
-0.01924426108598709,-0.6909258365631104,-0.13728278875350952
0.06554611027240753,-0.672205924987793,-0.030255496501922607
-0.08236856758594513,-0.6511019468307495,-0.02722206525504589
0.032554324716329575,-0.6284602880477905,-0.12267735600471497
-0.011688387021422386,-0.6210202574729919,-0.12098190933465958
0.16400977969169617,-0.5016353726387024,0.027653031051158905
-0.1502949446439743,-0.4885125160217285,0.0363289937376976
0.3224436938762665,-0.4872548580169678,-0.03024412877857685
-0.3505629301071167,-0.48825132846832275,-0.0023553259670734406
0.28932875394821167,-0.6581083536148071,-0.15137676894664764
-0.3099745213985443,-0.6451846957206726,-0.1074187159538269
0.2652730941772461,-0.6822056770324707,-0.18299758434295654
-0.2766311764717102,-0.6653369665145874,-0.14084741473197937
0.24772348999977112,-0.7023877501487732,-0.17695459723472595
-0.2651350796222687,-0.6889341473579407,-0.11924925446510315
0.2758110761642456,-0.6682268977165222,-0.1508943885564804
-0.29192396998405457,-0.655746340751648,-0.10591884702444077
0.10919874906539917,-0.0024370558094233274,0.004284007009118795
-0.10932816565036774,0.0019086861284449697,-0.0033540192525833845
0.13416604697704315,0.4190290570259094,0.0021800741087645292
-0.11641524732112885,0.3946143090724945,0.0017404966056346893
0.20750875771045685,0.7700453400611877,0.10028986632823944
-0.12828785181045532,0.7545204162597656,0.09399985522031784
0.22081059217453003,0.8154127597808838,0.10134512931108475
-0.1289283037185669,0.8016555905342102,0.09493056684732437
0.2618067264556885,0.8655984997749329,-0.03253069147467613
-0.15194904804229736,0.867755651473999,-0.0334906205534935
-
0.0076140714809298515,-0.6597108244895935,-0.16150039434432983
0.015330617316067219,-0.6951958537101746,-0.14231081306934357
0.01581629551947117,-0.6955789923667908,-0.14183485507965088
0.01542732398957014,-0.6960239410400391,-0.14176008105278015
-0.017515139654278755,-0.6907488107681274,-0.14001449942588806
-0.017197344452142715,-0.6918756365776062,-0.14093250036239624
-0.017392005771398544,-0.6930710673332214,-0.13995635509490967
0.0674823671579361,-0.6718996167182922,-0.03179376944899559
-0.08037079125642776,-0.6526474356651306,-0.030989518389105797
0.03284231945872307,-0.6291096210479736,-0.12503574788570404
-0.011265693232417107,-0.6225689053535461,-0.12392888963222504
0.1636044830083847,-0.4947344958782196,0.02588408626616001
-0.1489577293395996,-0.48641178011894226,0.03553076833486557
0.3216416537761688,-0.46721023321151733,-0.032386764883995056
-0.3497110605239868,-0.473793625831604,-0.01184984389692545
0.29077115654945374,-0.6331412196159363,-0.15700241923332214
-0.3096520006656647,-0.6250997185707092,-0.1204758882522583
0.2679802179336548,-0.6579549312591553,-0.18807391822338104
-0.2767990827560425,-0.6460098624229431,-0.15346872806549072
0.2526366114616394,-0.6787590384483337,-0.1826043576002121
-0.26524049043655396,-0.6686883568763733,-0.13167646527290344
0.2782626152038574,-0.6437551975250244,-0.15669280290603638
-0.291618287563324,-0.6352866888046265,-0.11899689584970474
0.10892672836780548,-0.0024029635824263096,0.00443650409579277
-0.10904723405838013,0.0018722160020843148,-0.0035194254014641047
0.13418753445148468,0.41970744729042053,0.002585257636383176
-0.11619934439659119,0.39574459195137024,0.0016425313660874963
0.20810113847255707,0.77046138048172,0.1029721349477768
-0.12824654579162598,0.7562078833580017,0.09588974714279175
0.22123105823993683,0.8156880736351013,0.1042306125164032
-0.12892410159111023,0.8031856417655945,0.0971023440361023
0.26131102442741394,0.867678165435791,-0.028677213937044144
-0.15146209299564362,0.8684414029121399,-0.0310099795460701
-
0.008758637122809887,-0.6596114039421082,-0.16965487599372864
0.017166871577501297,-0.695008397102356,-0.1504112035036087
0.01767888478934765,-0.695391058921814,-0.14994877576828003
0.01728866808116436,-0.6958390474319458,-0.1498791128396988
-0.015886090695858,-0.6908116340637207,-0.14910219609737396
-0.015577690675854683,-0.6919195652008057,-0.15008558332920074
-0.015765096992254257,-0.6931109428405762,-0.14904209971427917
0.06864719092845917,-0.6711636185646057,-0.03783696889877319
-0.07943139225244522,-0.6531480550765991,-0.04220272973179817
0.0331166610121727,-0.6289125680923462,-0.1323310136795044
-0.010920506902039051,-0.6226117610931396,-0.1326238065958023
0.16292908787727356,-0.4886927008628845,0.0250701867043972
-0.148121178150177,-0.48415279388427734,0.024844413623213768
0.32029488682746887,-0.4460868239402771,-0.04138895869255066
-0.3492913842201233,-0.4557199776172638,-0.039379704743623734
0.2907942235469818,-0.612541913986206,-0.17323847115039825
-0.3062857389450073,-0.5989773273468018,-0.16346023976802826
0.26853272318840027,-0.6399774551391602,-0.2038622796535492
-0.2736148238182068,-0.6201157569885254,-0.19846084713935852
0.25488466024398804,-0.6623954772949219,-0.1983519196510315
-0.2614947557449341,-0.6429207921028137,-0.17542345821857452
0.27877962589263916,-0.6244332194328308,-0.1728578805923462
-0.288184255361557,-0.609130859375,-0.16171081364154816
0.10869678109884262,-0.002370258793234825,0.004652577918022871
-0.10880816727876663,0.0018360961694270372,-0.0037573007866740227
0.13431842625141144,0.4204094111919403,0.004519674926996231
-0.1160893663764,0.3969336152076721,0.0019037857418879867
0.20858778059482574,0.7715013027191162,0.10623274743556976
-0.1281358301639557,0.757789671421051,0.09891805797815323
0.22151745855808258,0.8166568875312805,0.1076047420501709
-0.12889860570430756,0.8046472072601318,0.10040026158094406
0.260953426361084,0.8707625269889832,-0.023041047155857086
-0.15152160823345184,0.8690468072891235,-0.026114914566278458
-
0.004875542130321264,-0.6602482795715332,-0.17794574797153473
0.013556577265262604,-0.6955104470252991,-0.15904563665390015
0.014087981544435024,-0.6958817839622498,-0.1585879921913147
0.013701624237000942,-0.6963388919830322,-0.15851840376853943
-0.019551049917936325,-0.6913926601409912,-0.15692833065986633
-0.0192536823451519,-0.6924765706062317,-0.15795157849788666
-0.019435478374361992,-0.6936582326889038,-0.15689638257026672
0.06703516095876694,-0.670864999294281,-0.04829522967338562
-0.08053626865148544,-0.6534608006477356,-0.04894903302192688
0.02953263930976391,-0.6293273568153381,-0.1413889229297638
-0.014065561816096306,-0.6231565475463867,-0.140542671084404
0.1616651862859726,-0.4870930016040802,0.0203151386231184
-0.14783982932567596,-0.4805870056152344,0.014766108244657516
0.3194129168987274,-0.43455907702445984,-0.06087693199515343
-0.3438445031642914,-0.434314489364624,-0.05641039460897446
0.29014667868614197,-0.5889224410057068,-0.19898667931556702
-0.3034115433692932,-0.5751329064369202,-0.19238854944705963
0.26738542318344116,-0.6156079173088074,-0.22928859293460846
-0.27210721373558044,-0.5982930064201355,-0.2284218966960907
0.2527486979961395,-0.6382207274436951,-0.22193622589111328
-0.2601049244403839,-0.6222872734069824,-0.20688210427761078
0.278412789106369,-0.6008628010749817,-0.1978095918893814
-0.2857738435268402,-0.5863380432128906,-0.19123835861682892
0.10839546471834183,-0.0023194034583866596,0.0046779559925198555
-0.1084950715303421,0.0017837256891652942,-0.0037813992239534855
0.13431525230407715,0.4208733141422272,0.007041691802442074
-0.11620199680328369,0.3983342945575714,0.00392374861985445
0.20912344753742218,0.7720321416854858,0.10816094279289246
-0.12861092388629913,0.760168731212616,0.1039421334862709
0.22205787897109985,0.8170222043991089,0.10950206220149994
-0.1294967234134674,0.8068438172340393,0.10572614520788193
0.2608282268047333,0.8711677193641663,-0.01932147890329361
-0.15222986042499542,0.87114018201828,-0.019307149574160576
-
0.004899965133517981,-0.6600143909454346,-0.17923688888549805
0.01361172553151846,-0.6952028274536133,-0.1603090763092041
0.014146732166409492,-0.6955709457397461,-0.15985368192195892
0.013761859387159348,-0.6960370540618896,-0.15976177155971527
-0.019502738490700722,-0.6913171410560608,-0.1584600955247879
-0.019205115735530853,-0.6923882961273193,-0.15948787331581116
-0.019387267529964447,-0.6935643553733826,-0.15844693779945374
0.06702730059623718,-0.6703342199325562,-0.04927421733736992
-0.08055084943771362,-0.6535086631774902,-0.05137460306286812
0.029476987197995186,-0.6290863752365112,-0.14249439537525177
-0.014096248894929886,-0.6230882406234741,-0.1420087069272995
0.1614360809326172,-0.4841028153896332,0.019904831424355507
-0.14770293235778809,-0.47773680090904236,0.010255148634314537
0.3185127079486847,-0.4129486680030823,-0.06693737208843231
-0.33567124605178833,-0.4046526551246643,-0.06584958732128143
0.2894993722438812,-0.5589633584022522,-0.2121194750070572
-0.2994039058685303,-0.5427448749542236,-0.2167045623064041
0.2666308581829071,-0.5839563012123108,-0.2432170808315277
-0.2701047956943512,-0.5674148201942444,-0.25543177127838135
0.25127920508384705,-0.6091387867927551,-0.23608943819999695
-0.25860854983329773,-0.5950903296470642,-0.2351987659931183
0.2781345248222351,-0.5719205737113953,-0.21120916306972504
-0.2824396789073944,-0.5560805201530457,-0.21592579782009125
0.10827644169330597,-0.002280039479956031,0.004861124325543642
-0.10836704075336456,0.001740528387017548,-0.003990938421338797
0.13412366807460785,0.4211682379245758,0.010941834188997746
-0.11586149781942368,0.39884164929389954,0.0042284694500267506
0.20973512530326843,0.7719010710716248,0.11290916055440903
-0.1285778433084488,0.7607628107070923,0.10706289857625961
0.22276072204113007,0.8168655633926392,0.1145951896905899
-0.1294950246810913,0.8073508143424988,0.10932975262403488
0.2610078454017639,0.8710596561431885,-0.01149802003055811
-0.15202610194683075,0.8718082904815674,-0.014592687599360943
-
0.005451628472656012,-0.6586064100265503,-0.1770283728837967
0.014378813095390797,-0.6938375234603882,-0.15841971337795258
0.014925972558557987,-0.6941985487937927,-0.15797822177410126
0.014543034136295319,-0.6946765184402466,-0.15785323083400726
-0.01876741833984852,-0.6903103590011597,-0.15647093951702118
-0.01847006380558014,-0.6913536190986633,-0.1575295627117157
-0.0186487827450037,-0.6925117373466492,-0.15648804605007172
0.06819020211696625,-0.6695011854171753,-0.04750727862119675
-0.07940557599067688,-0.6534711122512817,-0.04957430437207222
0.029805997386574745,-0.6280527114868164,-0.140247642993927
-0.013712228275835514,-0.6223695874214172,-0.1396540105342865
0.16133150458335876,-0.4816431403160095,0.02137935161590576
-0.14623495936393738,-0.47616371512413025,0.010730446316301823
0.3120158016681671,-0.3967912495136261,-0.06909513473510742
-0.3261692225933075,-0.39044997096061707,-0.06601370126008987
0.2846088111400604,-0.5392566323280334,-0.22175706923007965
-0.29809439182281494,-0.5276873111724854,-0.22759667038917542
0.2629692554473877,-0.563696563243866,-0.25389212369918823
-0.2701222896575928,-0.5530499815940857,-0.26799604296684265
0.25081607699394226,-0.5896336436271667,-0.24739809334278107
-0.25873929262161255,-0.5819802284240723,-0.2494882494211197
0.2741255462169647,-0.5526280999183655,-0.22147142887115479
-0.2817031443119049,-0.5416644215583801,-0.22762854397296906
0.10817176848649979,-0.0022334917448461056,0.005165701732039452
-0.10825737565755844,0.0016909227706491947,-0.00433460995554924
0.13390247523784637,0.42125964164733887,0.01392293255776167
-0.11576604098081589,0.3988500237464905,0.00416072690859437
0.20981669425964355,0.7717871069908142,0.11520342528820038
-0.1285812109708786,0.7607472538948059,0.10775259882211685
0.22286412119865417,0.8167514801025391,0.11696863919496536
-0.12950606644153595,0.8073254823684692,0.11024617403745651
0.2610543668270111,0.8710060715675354,-0.008767775259912014
-0.15177664160728455,0.8718122839927673,-0.01373338233679533
-
0.005788315087556839,-0.6549632549285889,-0.17369352281093597
0.014659491367638111,-0.6905602216720581,-0.15592388808727264
0.01521222572773695,-0.6909112930297852,-0.15550385415554047
0.014829841442406178,-0.6914070844650269,-0.1553409844636917
-0.018476834520697594,-0.687267541885376,-0.15382565557956696
-0.018178200349211693,-0.6882667541503906,-0.1549014449119568
-0.01835598237812519,-0.6894070506095886,-0.15388935804367065
0.06860671192407608,-0.6682426333427429,-0.04551837220788002
-0.07890726625919342,-0.6532602906227112,-0.047323647886514664
0.030045196413993835,-0.6255390644073486,-0.13660621643066406
-0.013395414687693119,-0.6200225949287415,-0.13581475615501404
0.1613646000623703,-0.4806500971317291,0.024672387167811394
-0.14529570937156677,-0.474810928106308,0.012001153081655502
0.30366361141204834,-0.38366952538490295,-0.0690065249800682
-0.3151753842830658,-0.3717334568500519,-0.0648602694272995
0.27902260422706604,-0.5200653076171875,-0.23267419636249542
-0.29506659507751465,-0.5048592686653137,-0.23883949220180511
0.2585294246673584,-0.5427858829498291,-0.2662857472896576
-0.26962095499038696,-0.5296506881713867,-0.28074684739112854
0.2498425543308258,-0.5690334439277649,-0.26051804423332214
-0.25873422622680664,-0.5606793761253357,-0.2651863992214203
0.2692122757434845,-0.5337390303611755,-0.23296242952346802
-0.2796939015388489,-0.5199817419052124,-0.23995116353034973
0.10815144330263138,-0.0021926965564489365,0.005899220705032349
-0.10823531448841095,0.001646513119339943,-0.0051056877709925175
0.13364169001579285,0.42130085825920105,0.015319688245654106
-0.11581864953041077,0.39876100420951843,0.0024951419327408075
0.20981214940547943,0.771270215511322,0.11663267016410828
-0.12881869077682495,0.7606768608093262,0.10775528103113174
0.22286292910575867,0.8160528540611267,0.11853095889091492
-0.1296820491552353,0.8072847127914429,0.11029665172100067
0.26094260811805725,0.8702376484870911,-0.007214218843728304
-0.1505747139453888,0.8718031048774719,-0.013833725824952126
-
0.006690667476505041,-0.646761417388916,-0.16350850462913513
0.015648605301976204,-0.6829963326454163,-0.1469811350107193
0.01620323210954666,-0.68332439661026,-0.14659889042377472
0.015820257365703583,-0.6838363409042358,-0.14637485146522522
-0.017451588064432144,-0.6802206039428711,-0.14484518766403198
-0.017151150852441788,-0.6811855435371399,-0.1459115445613861
-0.01732936128973961,-0.6823081374168396,-0.14494822919368744
0.06959634274244308,-0.6648412346839905,-0.0368599034845829
-0.07793345302343369,-0.6523606777191162,-0.03903685882687569
0.03063187375664711,-0.6193591356277466,-0.1255217045545578
-0.012707483023405075,-0.614389181137085,-0.1247958391904831
0.16136953234672546,-0.47991281747817993,0.035157211124897
-0.1444600224494934,-0.4742170572280884,0.02032620832324028
0.29584020376205444,-0.3730533719062805,-0.06680209189653397
-0.29942139983177185,-0.34829404950141907,-0.06431637704372406
0.27436524629592896,-0.5057686567306519,-0.23247724771499634
-0.28893065452575684,-0.47520700097084045,-0.23422573506832123
0.2555006742477417,-0.5275694727897644,-0.2666340172290802
-0.267167329788208,-0.49966171383857727,-0.27603310346603394
0.24946245551109314,-0.5545224547386169,-0.2615104019641876
-0.25835734605789185,-0.5329669713973999,-0.2638463079929352
0.2652386426925659,-0.5201432108879089,-0.23312996327877045
-0.27519434690475464,-0.49164700508117676,-0.2362150400876999
0.10813675075769424,-0.002146119950339198,0.006277999375015497
-0.10822001844644547,0.00159730133600533,-0.00550772063434124
0.13352102041244507,0.4214187562465668,0.015263332985341549
-0.11581677943468094,0.39873942732810974,-0.0005702840862795711
0.2098541110754013,0.7707609534263611,0.11652355641126633
-0.12872779369354248,0.7606582641601562,0.1064082682132721
0.2228853851556778,0.8153823614120483,0.1184682697057724
-0.1294773668050766,0.8072428703308105,0.10919796675443649
0.26021477580070496,0.8700545430183411,-0.007524161599576473
-0.14760588109493256,0.8718196153640747,-0.015889987349510193
-
0.007033376954495907,-0.6411210298538208,-0.14691437780857086
0.016088370233774185,-0.6776253581047058,-0.13118776679039001
0.016637789085507393,-0.6779220700263977,-0.13083188235759735
0.01625298336148262,-0.6784459352493286,-0.13055254518985748
-0.016995646059513092,-0.6751192212104797,-0.1288657784461975
-0.01669696532189846,-0.6760851740837097,-0.1299123764038086
-0.016878530383110046,-0.6771873831748962,-0.12899015843868256
0.07010379433631897,-0.6616030931472778,-0.021674271672964096
-0.0774681568145752,-0.6512552499771118,-0.02364904247224331
0.030801882967352867,-0.6146745085716248,-0.10839246958494186
-0.012470913119614124,-0.610052764415741,-0.10765255987644196
0.1612991988658905,-0.4782586693763733,0.051189225167036057
-0.1439293771982193,-0.4728885293006897,0.03425585851073265
0.2862403690814972,-0.35824382305145264,-0.05391645058989525
-0.2890246510505676,-0.32673901319503784,-0.050489578396081924
0.2712114155292511,-0.49083518981933594,-0.22559279203414917
-0.2841503620147705,-0.44801852107048035,-0.2245902568101883
0.2541162967681885,-0.5135501623153687,-0.259520947933197
-0.2649690806865692,-0.47212347388267517,-0.26526716351509094
0.24864062666893005,-0.5405896902084351,-0.2543281018733978
-0.25824278593063354,-0.5060482025146484,-0.2545114755630493
0.26307108998298645,-0.5057932138442993,-0.22628189623355865
-0.2719045877456665,-0.46489840745925903,-0.22685401141643524
0.10811666399240494,-0.002106244908645749,0.006634245626628399
-0.10819978266954422,0.0015586899826303124,-0.005891975946724415
0.13332726061344147,0.4214189946651459,0.013712516985833645
-0.11586158722639084,0.39872267842292786,-0.0045492579229176044
0.2100859135389328,0.769378662109375,0.11454278230667114
-0.12878379225730896,0.7607755064964294,0.10391195863485336
0.22308899462223053,0.813744306564331,0.11672544479370117
-0.129500150680542,0.8072941899299622,0.10711203515529633
0.2590198814868927,0.8687108755111694,-0.009564998559653759
-0.1468273401260376,0.871718168258667,-0.018539823591709137
-
0.006655990146100521,-0.637240469455719,-0.1379113495349884
0.015655770897865295,-0.6738942861557007,-0.12233038246631622
0.01620398834347725,-0.674175500869751,-0.12196226418018341
0.015815114602446556,-0.6747207045555115,-0.12165238708257675
-0.017391733825206757,-0.6712137460708618,-0.11949405819177628
-0.017091084271669388,-0.672178328037262,-0.12052343040704727
-0.01727699302136898,-0.6732800602912903,-0.11959952861070633
0.07004189491271973,-0.6595045924186707,-0.013804478570818901
-0.07752687484025955,-0.6496754884719849,-0.013796798884868622
0.030503274872899055,-0.6115987300872803,-0.09958066791296005
-0.012704390101134777,-0.6068094372749329,-0.09828976541757584
0.16112862527370453,-0.4760340452194214,0.05870424956083298
-0.14345985651016235,-0.47067537903785706,0.04284708946943283
0.2771110534667969,-0.3444538116455078,-0.046419739723205566
-0.2800613343715668,-0.31074395775794983,-0.038450829684734344
0.26649007201194763,-0.4785797595977783,-0.2214352786540985
-0.2828185260295868,-0.4304821193218231,-0.21943169832229614
0.25109434127807617,-0.5020942687988281,-0.25499793887138367
-0.2650030553340912,-0.4551384747028351,-0.25962549448013306
0.2484053075313568,-0.5293895602226257,-0.2496744841337204
-0.259662389755249,-0.4891984164714813,-0.24983160197734833
0.25945690274238586,-0.4940968155860901,-0.22200815379619598
-0.27143216133117676,-0.4478030800819397,-0.22194643318653107
0.10810001939535141,-0.0020446910057216883,0.006961291190236807
-0.10818162560462952,0.0014976852107793093,-0.006238987669348717
0.13321495056152344,0.42129838466644287,0.012256857007741928
-0.11575400084257126,0.3987169563770294,-0.0074829948134720325
0.21061323583126068,0.7675037384033203,0.11316319555044174
-0.12879303097724915,0.7609930634498596,0.10198099166154861
0.2236674427986145,0.8116448521614075,0.11556686460971832
-0.12950724363327026,0.8074472546577454,0.10553405433893204
0.25896620750427246,0.8663923144340515,-0.01053942646831274
-0.14649449288845062,0.8716554641723633,-0.020768120884895325
-
0.005239181220531464,-0.6359046697616577,-0.13266773521900177
0.01362596545368433,-0.6727401614189148,-0.11671779304742813
0.01417105458676815,-0.6730167269706726,-0.11635178327560425
0.013779743574559689,-0.6735715866088867,-0.11603214591741562
-0.01938929595053196,-0.6696776151657104,-0.11414160579442978
-0.019082114100456238,-0.6706395745277405,-0.11514037847518921
-0.01927982084453106,-0.6717489361763,-0.1142294779419899
0.06817185878753662,-0.6590869426727295,-0.00756615586578846
-0.07965557277202606,-0.6487494707107544,-0.008894485421478748
0.029227619990706444,-0.6106500625610352,-0.09408348798751831
-0.013906273990869522,-0.6054897308349609,-0.09317398071289062
0.15993034839630127,-0.4755910336971283,0.0659581795334816
-0.14365267753601074,-0.46833088994026184,0.0454958975315094
0.26781684160232544,-0.33739086985588074,-0.0388219840824604
-0.2705468535423279,-0.2940118610858917,-0.030680768191814423
0.2608116865158081,-0.46694624423980713,-0.21889708936214447
-0.28326448798179626,-0.40889468789100647,-0.21681366860866547
0.2472161203622818,-0.48961639404296875,-0.2524181008338928
-0.2680646479129791,-0.433604896068573,-0.25637316703796387
0.2468690574169159,-0.517788290977478,-0.2471930831670761
-0.2685362696647644,-0.46869874000549316,-0.24974948167800903
0.2543998658657074,-0.48301491141319275,-0.2195502519607544
-0.27234068512916565,-0.4271395802497864,-0.22028397023677826
0.10808764398097992,-0.002003054367378354,0.007450214121490717
-0.10816848278045654,0.0014579551061615348,-0.006736451759934425
0.13281147181987762,0.42107364535331726,0.01058674231171608
-0.11562325060367584,0.39874428510665894,-0.008735145442187786
0.21074947714805603,0.7666601538658142,0.1086118221282959
-0.12880557775497437,0.7614141702651978,0.10167863219976425
0.2238178551197052,0.8106936812400818,0.11098354309797287
-0.1295161247253418,0.807783842086792,0.10537921637296677
0.2583877444267273,0.8641806840896606,-0.014828422106802464
-0.14631125330924988,0.8716389536857605,-0.021005142480134964
-
0.0034264985006302595,-0.636054277420044,-0.13295045495033264
0.011451791040599346,-0.6728484630584717,-0.11643140017986298
0.01200821716338396,-0.6731300950050354,-0.11605370789766312
0.011610926128923893,-0.6736875176429749,-0.11574802547693253
-0.021604571491479874,-0.6697033643722534,-0.11401147395372391
-0.021283496171236038,-0.670663595199585,-0.11499229073524475
-0.021478815004229546,-0.6717844605445862,-0.11408315598964691
0.06600626558065414,-0.6589187383651733,-0.006449621170759201
-0.08224332332611084,-0.6485612392425537,-0.008811545558273792
0.027402471750974655,-0.610636293888092,-0.09426333755254745
-0.01573679968714714,-0.6054132580757141,-0.09364621341228485
0.15712189674377441,-0.4738514721393585,0.06617119163274765
-0.14466848969459534,-0.4667816460132599,0.045200515538454056
0.2557777762413025,-0.32824376225471497,-0.03659100458025932
-0.26983642578125,-0.2871737778186798,-0.029242251068353653
0.2526291608810425,-0.458332896232605,-0.21927398443222046
-0.2836073338985443,-0.3964719772338867,-0.21988360583782196
0.240225687623024,-0.4811052978038788,-0.2533561587333679
-0.2706008851528168,-0.41954949498176575,-0.2589556574821472
0.24247901141643524,-0.5094952583312988,-0.24869586527347565
-0.2732440233230591,-0.4544338881969452,-0.25493404269218445
0.24720357358455658,-0.47477856278419495,-0.22017505764961243
-0.273334801197052,-0.4144456386566162,-0.22426557540893555
0.10807539522647858,-0.0019794353283941746,0.007979859597980976
-0.10815554112195969,0.0014348983531817794,-0.007260616403073072
0.13219588994979858,0.4208605885505676,0.009467966854572296
-0.1156243309378624,0.39887675642967224,-0.009081225842237473
0.21088115870952606,0.7660697102546692,0.10651066154241562
-0.12943135201931,0.7621130347251892,0.10191161185503006
0.2240082025527954,0.8100135922431946,0.10888811945915222
-0.13016779720783234,0.8083788752555847,0.10575719177722931
0.25828802585601807,0.8626735210418701,-0.016900891438126564
-0.146378755569458,0.8716608285903931,-0.02084491029381752
-
0.0027994096744805574,-0.6362313032150269,-0.12047585099935532
0.010597373358905315,-0.673025906085968,-0.10326659679412842
0.011141840368509293,-0.6733080148696899,-0.10288652777671814
0.010753187350928783,-0.6738650798797607,-0.10256665199995041
-0.02256283164024353,-0.6698595881462097,-0.10194455832242966
-0.022237159311771393,-0.6708201766014099,-0.10285823047161102
-0.022424647584557533,-0.6719450354576111,-0.10195925086736679
0.06350589543581009,-0.6588925719261169,0.00982091948390007
-0.08568526804447174,-0.6485529541969299,0.00127208954654634
0.02610659971833229,-0.6106879115104675,-0.08037262409925461
-0.017084617167711258,-0.6054589748382568,-0.08157072961330414
0.15029041469097137,-0.4729430675506592,0.0795612633228302
-0.14745084941387177,-0.46616023778915405,0.05460870638489723
0.2287999540567398,-0.3180127441883087,-0.02065437287092209
-0.26232925057411194,-0.2792896032333374,-0.01834607869386673
0.24114474654197693,-0.4459154009819031,-0.21496616303920746
-0.2836683392524719,-0.3846466541290283,-0.21771034598350525
0.23245279490947723,-0.46575695276260376,-0.25132113695144653
-0.272382915019989,-0.40428149700164795,-0.25763121247291565
0.23690322041511536,-0.4941590428352356,-0.24803991615772247
-0.27723920345306396,-0.4385015666484833,-0.2497905045747757
0.2373374104499817,-0.4624229073524475,-0.2173466831445694
-0.2736504375934601,-0.4020775854587555,-0.22072473168373108
0.10801154375076294,-0.0019783449824899435,0.00856026541441679
-0.10807899385690689,0.0014368966221809387,-0.007837390527129173
0.13204537332057953,0.4202761650085449,0.008657090365886688
-0.11559109389781952,0.39909785985946655,-0.010292915627360344
0.21092650294303894,0.7658321857452393,0.10475186258554459
-0.12990005314350128,0.7633653879165649,0.10168404877185822
0.2240443378686905,0.8097831010818481,0.10712642222642899
-0.13070924580097198,0.8095040321350098,0.10561008751392365
0.25735533237457275,0.8617465496063232,-0.018437951803207397
-0.14639313519001007,0.8716914653778076,-0.02095896191895008
-
0.001903348253108561,-0.6362581253051758,-0.1199524849653244
0.009477605111896992,-0.6731386780738831,-0.10269862413406372
0.010006852447986603,-0.6734231114387512,-0.10230360925197601
0.009631428867578506,-0.6739799976348877,-0.10198066383600235
-0.023829080164432526,-0.6699180006980896,-0.10139454156160355
-0.023503992706537247,-0.6708720922470093,-0.10228445380926132
-0.02366698905825615,-0.6720014214515686,-0.10135458409786224
0.06160354241728783,-0.6590548157691956,0.011268189176917076
-0.0882774367928505,-0.6486442685127258,0.0023293965496122837
0.024845879524946213,-0.6107751727104187,-0.07946016639471054
-0.018387775868177414,-0.6055033802986145,-0.08073414117097855
0.14543093740940094,-0.47211000323295593,0.07942409813404083
-0.1492488980293274,-0.4658011198043823,0.05901439115405083
0.2032618522644043,-0.30203673243522644,-0.019273346289992332
-0.254251092672348,-0.2709260880947113,-0.011561729945242405
0.23277361690998077,-0.4288580119609833,-0.2151544690132141
-0.2840771973133087,-0.3772766590118408,-0.21552501618862152
0.22795365750789642,-0.4464365839958191,-0.251924991607666
-0.27781423926353455,-0.39473363757133484,-0.25554266571998596
0.23504884541034698,-0.47354039549827576,-0.2509545087814331
-0.28581634163856506,-0.4283885359764099,-0.2481364607810974
0.23106426000595093,-0.44506964087486267,-0.21811863780021667
-0.2762669622898102,-0.394426167011261,-0.21854107081890106
0.1079992800951004,-0.001976731000468135,0.008701637387275696
-0.10806510597467422,0.0014361004577949643,-0.007981641218066216
0.13193710148334503,0.42020270228385925,0.008639714680612087
-0.11580966413021088,0.3994219899177551,-0.01114137377589941
0.21096773445606232,0.7658539414405823,0.10497129708528519
-0.13129673898220062,0.7646970152854919,0.10151579231023788
0.2240784466266632,0.8098412752151489,0.10734555870294571
-0.1321713924407959,0.8106876611709595,0.10547037422657013
0.2566309869289398,0.861781656742096,-0.01834949478507042
-0.1470412164926529,0.8718792200088501,-0.02150098979473114
-
0.001137595041655004,-0.636292040348053,-0.11996203660964966
0.008321382105350494,-0.6732420325279236,-0.102718785405159
0.008836553432047367,-0.6735298037528992,-0.10232038795948029
0.00847508292645216,-0.6740851998329163,-0.10199753195047379
-0.025071699172258377,-0.669940710067749,-0.10163328051567078
-0.024743976071476936,-0.6708855032920837,-0.10250481963157654
-0.024889277294278145,-0.672019898891449,-0.1015603318810463
0.059200383722782135,-0.6593268513679504,0.0120347635820508
-0.0909893810749054,-0.6486936211585999,0.0020121994893997908
0.023743513971567154,-0.6108697056770325,-0.07906056195497513
-0.019464675337076187,-0.6055426597595215,-0.0806647539138794
0.14136652648448944,-0.4715229868888855,0.07939811050891876
-0.15130695700645447,-0.4654753506183624,0.061169806867837906
0.1828029900789261,-0.28834760189056396,-0.016905395314097404
-0.24349862337112427,-0.26194700598716736,-0.008017410524189472
0.22322320938110352,-0.4133799374103546,-0.21521985530853271
-0.28378233313560486,-0.3661760687828064,-0.21394765377044678
0.22163616120815277,-0.4294411540031433,-0.25248444080352783
-0.27889811992645264,-0.3817104697227478,-0.25346803665161133
0.23159164190292358,-0.456496000289917,-0.2538977861404419
-0.2885149419307709,-0.41454383730888367,-0.24935802817344666
0.22325971722602844,-0.4297342896461487,-0.2188279926776886
-0.2763768434524536,-0.382804274559021,-0.2181033045053482
0.10802382230758667,-0.0020375146996229887,0.008790256455540657
-0.10808024555444717,0.0014951989287510514,-0.00806722417473793
0.13193263113498688,0.4199976921081543,0.008602372370660305
-0.11574020981788635,0.3999749720096588,-0.012317364104092121
0.21105536818504333,0.7658626437187195,0.10508251935243607
-0.13130003213882446,0.766732394695282,0.10014408826828003
0.22413046658039093,0.8098938465118408,0.10742286592721939
-0.1321740448474884,0.8126537799835205,0.10395663976669312
0.25553566217422485,0.8619319200515747,-0.01880136877298355
-0.1470521092414856,0.8724938631057739,-0.02423050068318844
-
0.000689001870341599,-0.636189877986908,-0.12125704437494278
0.007560958620160818,-0.6732441782951355,-0.1040055900812149
0.008063768967986107,-0.6735349297523499,-0.10360454022884369
0.007711732294410467,-0.6740889549255371,-0.10328683257102966
-0.02587258256971836,-0.6698203086853027,-0.10297354310750961
-0.025543201714754105,-0.6707536578178406,-0.10383686423301697
-0.025680113583803177,-0.6718928813934326,-0.10289320349693298
0.05762578919529915,-0.6595007181167603,0.011073099449276924
-0.09252887219190598,-0.6486873030662537,0.0008000421803444624
0.023115668445825577,-0.6109124422073364,-0.08023165911436081
-0.02004396915435791,-0.6054908037185669,-0.0819169282913208
0.13913343846797943,-0.4708649814128876,0.07818853110074997
-0.1521921008825302,-0.4651937186717987,0.06155088543891907
0.17339971661567688,-0.27992841601371765,-0.016965053975582123
-0.2353566735982895,-0.2581619322299957,-0.007195530459284782
0.21638132631778717,-0.40762564539909363,-0.21641504764556885
-0.2831847071647644,-0.3617390990257263,-0.21364344656467438
0.21588003635406494,-0.4241412281990051,-0.254347026348114
-0.27961045503616333,-0.37652966380119324,-0.25234565138816833
0.22782474756240845,-0.45130255818367004,-0.25750261545181274
-0.29040560126304626,-0.40841802954673767,-0.2524135112762451
0.21727260947227478,-0.42424967885017395,-0.22074276208877563
-0.2764076590538025,-0.37781602144241333,-0.21949978172779083
0.10804959386587143,-0.0020845362450927496,0.00886877253651619
-0.1080968827009201,0.0015393138164654374,-0.008140969090163708
0.13189873099327087,0.4199986457824707,0.008570551872253418
-0.11568021774291992,0.4004955589771271,-0.013550038449466228
0.2109706550836563,0.7661925554275513,0.10522294789552689
-0.13127663731575012,0.7686678767204285,0.09825687855482101
0.22398121654987335,0.8103387951850891,0.10756084322929382
-0.13215075433254242,0.8145955204963684,0.10185937583446503
0.25351858139038086,0.8626689314842224,-0.01893083192408085
-0.14706943929195404,0.8733366131782532,-0.02721366658806801
-
0.000567355309613049,-0.6360384225845337,-0.12010509520769119
0.007326958235353231,-0.6731373071670532,-0.10276419669389725
0.007822415791451931,-0.6734347939491272,-0.10235819965600967
0.00747836846858263,-0.6739833950996399,-0.10203545540571213
-0.026080774143338203,-0.6696269512176514,-0.10194327682256699
-0.025749698281288147,-0.6705461740493774,-0.10277832299470901
-0.02588367462158203,-0.671689510345459,-0.10183724015951157
0.056842636317014694,-0.6595072150230408,0.012737362645566463
-0.09302069991827011,-0.6486191749572754,0.0014405008405447006
0.02284407615661621,-0.6108656525611877,-0.07882662862539291
-0.020245902240276337,-0.6053693890571594,-0.08081437647342682
0.13794317841529846,-0.4698762595653534,0.07759278267621994
-0.15325820446014404,-0.4645500183105469,0.06412869691848755
0.16634893417358398,-0.27345404028892517,-0.018146947026252747
-0.227556511759758,-0.25189220905303955,-0.0035923353862017393
0.2079182267189026,-0.39854803681373596,-0.22220875322818756
-0.2828660309314728,-0.3475627601146698,-0.2128819227218628
0.20729666948318481,-0.4129166007041931,-0.2615160048007965
-0.28104621171951294,-0.3587591052055359,-0.25141358375549316
0.21935094892978668,-0.44025304913520813,-0.26639822125434875
-0.29320192337036133,-0.389595091342926,-0.2531367242336273
0.20866376161575317,-0.4150184988975525,-0.22740937769412994
-0.2764971852302551,-0.3625335693359375,-0.21920664608478546
0.108159139752388,-0.0021569132804870605,0.008896947838366032
-0.10819076001644135,0.0016068152617663145,-0.008167661726474762
0.13186687231063843,0.4199933111667633,0.007890576496720314
-0.11528484523296356,0.4006620943546295,-0.014879893511533737
0.21076276898384094,0.7664445042610168,0.1048676148056984
-0.13118335604667664,0.7694545388221741,0.0959736704826355
0.223700612783432,0.8107362389564514,0.10710716247558594
-0.13208383321762085,0.8154250383377075,0.09930096566677094
0.25162234902381897,0.8635066747665405,-0.02029208093881607
-0.14712253212928772,0.8735411167144775,-0.030861450359225273
-
0.0005857428186573088,-0.6355273723602295,-0.12027285248041153
0.00732038589194417,-0.6727036833763123,-0.10297504812479019
0.007813835516571999,-0.6730139255523682,-0.10256664454936981
0.007472281809896231,-0.6735541820526123,-0.10224051773548126
-0.026070689782500267,-0.6690407991409302,-0.10216322541236877
-0.02573927864432335,-0.6699397563934326,-0.10298649221658707
-0.02587297558784485,-0.6710902452468872,-0.10204653441905975
0.05669565126299858,-0.6594584584236145,0.012362807989120483
-0.09294992685317993,-0.6483393311500549,0.001145745743997395
0.022861210629343987,-0.6106082797050476,-0.07898782193660736
-0.020225562155246735,-0.6049695611000061,-0.0809527337551117
0.13809362053871155,-0.46905210614204407,0.07658057659864426
-0.1535334289073944,-0.46397361159324646,0.06510331481695175
0.16461403667926788,-0.26822060346603394,-0.019106058403849602
-0.22283151745796204,-0.2482294738292694,-0.0009588609682396054
0.20525093376636505,-0.39015060663223267,-0.2284984290599823
-0.2820432186126709,-0.340061753988266,-0.21234217286109924
0.20415958762168884,-0.4027542769908905,-0.2688277065753937
-0.2813149392604828,-0.34930139780044556,-0.25068479776382446
0.21555127203464508,-0.43045178055763245,-0.2747347056865692
-0.29376962780952454,-0.3804546594619751,-0.25449177622795105
0.20564092695713043,-0.40657877922058105,-0.2342403531074524
-0.27645719051361084,-0.3548080623149872,-0.21929606795310974
0.10831587016582489,-0.002195212757214904,0.008912399411201477
-0.10833164304494858,0.0016406364738941193,-0.008178936317563057
0.13180914521217346,0.4200015664100647,0.007037708070129156
-0.11506782472133636,0.40074849128723145,-0.016009733080863953
0.2105342000722885,0.7670355439186096,0.10281667858362198
-0.13116393983364105,0.7702778577804565,0.09333692491054535
0.22343885898590088,0.8115040063858032,0.1047181710600853
-0.13207468390464783,0.8163079023361206,0.09632313251495361
0.25075653195381165,0.8643279075622559,-0.023831620812416077
-0.14751042425632477,0.8737759590148926,-0.03478441387414932
-
0.0005945880548097193,-0.635301947593689,-0.11953374743461609
0.0072862026281654835,-0.6725132465362549,-0.10235421359539032
0.007776735816150904,-0.6728317737579346,-0.10194576531648636
0.00743895722553134,-0.673366367816925,-0.10161031782627106
-0.026076745241880417,-0.6687481999397278,-0.1015532985329628
-0.025744717568159103,-0.6696352362632751,-0.10236378759145737
-0.025877762585878372,-0.6707899570465088,-0.10142426192760468
0.05652110278606415,-0.6594584584236145,0.012696298770606518
-0.09288772940635681,-0.648180365562439,0.0015130671672523022
0.022875022143125534,-0.610516369342804,-0.07825116068124771
-0.020199783146381378,-0.6047835350036621,-0.08019693940877914
0.1381816565990448,-0.4686156213283539,0.07608451694250107
-0.1537550836801529,-0.46380800008773804,0.0663732960820198
0.1598142832517624,-0.264551043510437,-0.019530896097421646
-0.22044482827186584,-0.24648486077785492,0.0007725405157543719
0.20392777025699615,-0.3823961317539215,-0.23069201409816742
-0.2789716422557831,-0.3374408185482025,-0.21193911135196686
0.20344367623329163,-0.3936614990234375,-0.271381676197052
-0.2804241180419922,-0.3459915816783905,-0.2501523196697235
0.21453702449798584,-0.42129018902778625,-0.27793991565704346
-0.29290449619293213,-0.37762778997421265,-0.2551123797893524
0.20449233055114746,-0.39862060546875,-0.23675447702407837
-0.2745104134082794,-0.3522857129573822,-0.2192571759223938
0.10847261548042297,-0.0022220974788069725,0.008920068852603436
-0.10847616195678711,0.001663427334278822,-0.008182216435670853
0.13177615404129028,0.41998177766799927,0.0062472028657794
-0.11490195244550705,0.40080711245536804,-0.0167250894010067
0.21036942303180695,0.7672521471977234,0.10230693221092224
-0.13104988634586334,0.7706047892570496,0.09237244725227356
0.22325415909290314,0.8118066191673279,0.10415557771921158
-0.13198703527450562,0.8166534900665283,0.09529661387205124
0.2502864897251129,0.8646206855773926,-0.024873366579413414
-0.14767666161060333,0.8738057613372803,-0.03604632988572121
-
0.00081992382183671,-0.6352671980857849,-0.11740924417972565
0.007383883465081453,-0.672484278678894,-0.10027594864368439
0.007871031761169434,-0.6728067994117737,-0.09986843168735504
0.007537873927503824,-0.6733387112617493,-0.0995180755853653
-0.02594105526804924,-0.6686782836914062,-0.09953349083662033
-0.025607511401176453,-0.669560968875885,-0.10032817721366882
-0.025738319382071495,-0.6707175374031067,-0.09938833117485046
0.056562237441539764,-0.6594732403755188,0.014608608558773994
-0.0928349569439888,-0.648143470287323,0.00314408540725708
0.02303553745150566,-0.6105163097381592,-0.07610513269901276
-0.019947631284594536,-0.6047484278678894,-0.07811874896287918
0.13835516571998596,-0.46846938133239746,0.076630137860775
-0.15375925600528717,-0.46377140283584595,0.06825758516788483
0.1593870222568512,-0.2645171582698822,-0.01926032081246376
-0.21850800514221191,-0.2465236485004425,0.002710266737267375
0.20383836328983307,-0.381215900182724,-0.23065973818302155
-0.2768059968948364,-0.3366400897502899,-0.2116822898387909
0.20352120697498322,-0.3921341300010681,-0.27125751972198486
-0.2796221971511841,-0.34484195709228516,-0.24986299872398376
0.21417737007141113,-0.41961637139320374,-0.27772560715675354
-0.29232722520828247,-0.37635567784309387,-0.25467512011528015
0.20433075726032257,-0.3972621262073517,-0.23670856654644012
-0.272952675819397,-0.3513588011264801,-0.2189411073923111
0.10857732594013214,-0.0022483840584754944,0.008921552449464798
-0.10857115685939789,0.001686704927124083,-0.008179311640560627
0.13175728917121887,0.4199424684047699,0.005361767951399088
-0.11466201394796371,0.40083909034729004,-0.017060205340385437
0.2102862298488617,0.7675552368164062,0.10072874277830124
-0.1308196783065796,0.7707991003990173,0.09185591340065002
0.22314906120300293,0.8122144341468811,0.10243625938892365
-0.1317850798368454,0.81685870885849,0.09476332366466522
0.2498786449432373,0.8651757836341858,-0.02703794836997986
-0.14770770072937012,0.8738335371017456,-0.036421820521354675
-
0.001000978983938694,-0.635066032409668,-0.11531047523021698
0.007460284046828747,-0.672305166721344,-0.09831997007131577
0.007944261655211449,-0.67263263463974,-0.09791479259729385
0.007614492904394865,-0.673160970211029,-0.09755373746156693
-0.025827638804912567,-0.6684205532073975,-0.09756683558225632
-0.02549332194030285,-0.6692990064620972,-0.09834975749254227
-0.02562275156378746,-0.6704577803611755,-0.09740819782018661
0.0565992146730423,-0.6594763994216919,0.016252579167485237
-0.09273676574230194,-0.6480292081832886,0.004817345645278692
0.023188717663288116,-0.6104342341423035,-0.07403526455163956
-0.019705655053257942,-0.6045957803726196,-0.07603873312473297
0.13851763308048248,-0.4684479534626007,0.07742311805486679
-0.15372689068317413,-0.46376144886016846,0.06982394307851791
0.16023552417755127,-0.26535728573799133,-0.018753159791231155
-0.21643175184726715,-0.24677854776382446,0.0047347666695714
0.20397433638572693,-0.3834781348705292,-0.229939803481102
-0.27542486786842346,-0.33597081899642944,-0.21014755964279175
0.20363308489322662,-0.39481228590011597,-0.27017778158187866
-0.27915436029434204,-0.34372442960739136,-0.24802885949611664
0.21391409635543823,-0.42226022481918335,-0.2761361300945282
-0.29179468750953674,-0.3748859763145447,-0.2542036771774292
0.2043517380952835,-0.39952731132507324,-0.23577044904232025
-0.27195432782173157,-0.35046982765197754,-0.2183607518672943
0.10864721238613129,-0.0022725434973835945,0.008904509246349335
-0.10863516479730606,0.0017089376924559474,-0.00815750751644373
0.13175076246261597,0.41990095376968384,0.004832730162888765
-0.11441709101200104,0.4008566737174988,-0.017357317730784416
0.2102011889219284,0.7680037021636963,0.09881112724542618
-0.13050970435142517,0.7709478735923767,0.09072767198085785
0.22301961481571198,0.8127904534339905,0.10030364990234375
-0.13149619102478027,0.8170124888420105,0.09355141222476959
0.24934574961662292,0.8660088181495667,-0.029505422338843346
-0.14772535860538483,0.8738551139831543,-0.03739016875624657
-
0.0011542754946276546,-0.6346891522407532,-0.11516029387712479
0.007574780844151974,-0.6719512939453125,-0.09823521971702576
0.008055135607719421,-0.6722818613052368,-0.09783117473125458
0.007728578522801399,-0.6728070378303528,-0.09747043251991272
-0.02567683719098568,-0.6680291295051575,-0.0974402204155922
-0.025341778993606567,-0.6689029932022095,-0.0982234999537468
-0.025470266118645668,-0.6700628995895386,-0.09728191047906876
0.05663793534040451,-0.6594069004058838,0.0162130706012249
-0.09255392849445343,-0.6478923559188843,0.0049654762260615826
0.023308398202061653,-0.610203742980957,-0.07392606884241104
-0.019525792449712753,-0.6043246388435364,-0.07587604969739914
0.13865287601947784,-0.4682721495628357,0.07739201933145523
-0.15365813672542572,-0.4637557864189148,0.07000096142292023
0.16234612464904785,-0.26542291045188904,-0.018833652138710022
-0.21462397277355194,-0.24703584611415863,0.00519065884873271
0.20272207260131836,-0.38551968336105347,-0.2294497936964035
-0.27336081862449646,-0.33615949749946594,-0.2097174972295761
0.20162825286388397,-0.3973895311355591,-0.2694609463214874
-0.2776767611503601,-0.3438810706138611,-0.24752217531204224
0.21164192259311676,-0.4252217710018158,-0.27503517270088196
-0.2911113500595093,-0.3748733103275299,-0.25381311774253845
0.20283611118793488,-0.4018145203590393,-0.2351170927286148
-0.2701912224292755,-0.35056692361831665,-0.2182134985923767
0.10869765281677246,-0.0022918605245649815,0.008897451683878899
-0.1086820662021637,0.0017268089577555656,-0.008147689513862133
0.1317761093378067,0.4198564291000366,0.00465673953294754
-0.11410946398973465,0.4008656144142151,-0.017419962212443352
0.210182324051857,0.7681979537010193,0.09808297455310822
-0.13034768402576447,0.7709554433822632,0.09050273150205612
0.22297750413417816,0.8130505084991455,0.09947606921195984
-0.13135914504528046,0.8170230984687805,0.09331300109624863
0.24896042048931122,0.8665249943733215,-0.030572684481739998
-0.14774328470230103,0.8738496899604797,-0.03753974661231041
-
0.0012287353165447712,-0.6339268684387207,-0.1153336837887764
0.0076656825840473175,-0.6712448000907898,-0.09845179319381714
0.00814293883740902,-0.6715770363807678,-0.09804852306842804
0.00781909842044115,-0.6720988154411316,-0.09768916666507721
-0.025566808879375458,-0.6673498153686523,-0.09763499349355698
-0.02523130178451538,-0.668216347694397,-0.0984213799238205
-0.025359056890010834,-0.6693763136863708,-0.0974808782339096
0.056665219366550446,-0.6591875553131104,0.015979645773768425
-0.09246464818716049,-0.6477368474006653,0.004822365939617157
0.023341674357652664,-0.6096634268760681,-0.07409301400184631
-0.01947028562426567,-0.6038030385971069,-0.07602141052484512
0.13871492445468903,-0.46796080470085144,0.07735820859670639
-0.15363779664039612,-0.4637729823589325,0.07004208117723465
0.16258123517036438,-0.2642042636871338,-0.01883266679942608
-0.21370574831962585,-0.24718284606933594,0.005346380639821291
0.2006036341190338,-0.3847673535346985,-0.2292095422744751
-0.2706114649772644,-0.3360484540462494,-0.20954206585884094
0.19879674911499023,-0.3965771794319153,-0.26916709542274475
-0.2747586667537689,-0.3436362147331238,-0.24730271100997925
0.20867609977722168,-0.42487919330596924,-0.27456536889076233
-0.2884580194950104,-0.37468382716178894,-0.25385451316833496
0.2005220502614975,-0.4013204872608185,-0.2347724884748459
-0.2674742639064789,-0.3504333794116974,-0.21803022921085358
0.10873252153396606,-0.002312536584213376,0.008901691995561123
-0.10871418565511703,0.001745777204632759,-0.008150442503392696
0.1318105161190033,0.4197971224784851,0.004537974949926138
-0.11387062072753906,0.4008702039718628,-0.017550822347402573
0.21018926799297333,0.7683777213096619,0.09731242060661316
-0.13033685088157654,0.7709684371948242,0.09010285884141922
0.2229718416929245,0.8132810592651367,0.09858041256666183
-0.131357342004776,0.8170365691184998,0.09285539388656616
0.24879010021686554,0.8667876124382019,-0.031948577612638474
-0.14786295592784882,0.8737980723381042,-0.03825559839606285
-
0.001271929475478828,-0.6334148645401001,-0.1150602400302887
0.007700841408222914,-0.6708037853240967,-0.09823053330183029
0.008176660165190697,-0.671137809753418,-0.09782739728689194
0.00785396620631218,-0.6716567277908325,-0.09746874868869781
-0.025527315214276314,-0.6668943762779236,-0.09745817631483078
-0.025191936641931534,-0.6677590608596802,-0.09824695438146591
-0.02531888522207737,-0.6689198613166809,-0.09730532020330429
0.05667637661099434,-0.6591324210166931,0.016327640041708946
-0.09239330887794495,-0.647641122341156,0.004944274201989174
0.023362627252936363,-0.6093385815620422,-0.0737268403172493
-0.01944814994931221,-0.6034534573554993,-0.07573112845420837
0.13864244520664215,-0.46799466013908386,0.07787434011697769
-0.15366558730602264,-0.4637802839279175,0.07032537460327148
0.1636946052312851,-0.2658699154853821,-0.018301449716091156
-0.21462930738925934,-0.247582346200943,0.005859378259629011
0.20089761912822723,-0.3859092593193054,-0.22898553311824799
-0.27067774534225464,-0.3364587128162384,-0.2086913287639618
0.19889578223228455,-0.39763617515563965,-0.2687922716140747
-0.2746526002883911,-0.34430623054504395,-0.2462572157382965
0.2083614021539688,-0.42570027709007263,-0.2739717662334442
-0.28823477029800415,-0.3752784729003906,-0.25373998284339905
0.2006351202726364,-0.40230730175971985,-0.23445431888103485
-0.2674809396266937,-0.350841224193573,-0.2175416797399521
0.10874877870082855,-0.0023474469780921936,0.008898565545678139
-0.10872809588909149,0.001779737533070147,-0.008145781233906746
0.13180451095104218,0.4197911322116852,0.004462634678930044
-0.11374106258153915,0.4009249210357666,-0.01773751713335514
0.2102300077676773,0.769018828868866,0.09619536250829697
-0.13033035397529602,0.7712395787239075,0.089130699634552
0.22299586236476898,0.8140245079994202,0.09730590879917145
-0.1313565969467163,0.8173133730888367,0.09178803861141205
0.2486540526151657,0.8675800561904907,-0.03358006104826927
-0.14793246984481812,0.8739265203475952,-0.039538584649562836
-
0.0012883818708360195,-0.63301682472229,-0.11435399949550629
0.007718135602772236,-0.6704742312431335,-0.09745960682630539
0.008193952962756157,-0.6708057522773743,-0.09705539792776108
0.00787140242755413,-0.6713241338729858,-0.09670061618089676
-0.025505024939775467,-0.6665886044502258,-0.09684932231903076
-0.025169679895043373,-0.6674573421478271,-0.09763395041227341
-0.02529681660234928,-0.6686180233955383,-0.09669063985347748
0.056613560765981674,-0.6590275764465332,0.017681321129202843
-0.09248225390911102,-0.6475732326507568,0.005394008010625839
0.02334093488752842,-0.6090055108070374,-0.07279451191425323
-0.019473697990179062,-0.6031515002250671,-0.07507511228322983
0.13820095360279083,-0.4679834544658661,0.08007857203483582
-0.15389032661914825,-0.4637078642845154,0.07092079520225525
0.16511668264865875,-0.2670617699623108,-0.014074072241783142
-0.21592281758785248,-0.2476678341627121,0.007595614530146122
0.20168009400367737,-0.38831308484077454,-0.2204466611146927
-0.27244803309440613,-0.337253212928772,-0.20422294735908508
0.19945594668388367,-0.40064340829849243,-0.25971144437789917
-0.27729809284210205,-0.345944344997406,-0.2408113330602646
0.2086614966392517,-0.4286741316318512,-0.2647046744823456
-0.290961354970932,-0.3765001893043518,-0.2499316781759262
0.20128409564495087,-0.4047429859638214,-0.2257571965456009
-0.26980945467948914,-0.3516012728214264,-0.21368318796157837
0.10874910652637482,-0.002387232845649123,0.008922458626329899
-0.10872568935155869,0.0018209695117548108,-0.008168544620275497
0.1318860799074173,0.41978365182876587,0.004472516011446714
-0.11366002261638641,0.4010292887687683,-0.017830748111009598
0.2103823721408844,0.7697358131408691,0.09518853574991226
-0.13043197989463806,0.7716383934020996,0.08860132843255997
0.22311682999134064,0.8148015737533569,0.09617454558610916
-0.1315012127161026,0.8177211880683899,0.09123215079307556
0.24866710603237152,0.8678309321403503,-0.03457687422633171
-0.14819534122943878,0.8741223216056824,-0.03995257988572121
-
0.0011162994196638465,-0.632855236530304,-0.11450154334306717
0.007643839344382286,-0.6703484654426575,-0.097606360912323
0.008117899298667908,-0.6706770062446594,-0.09720227867364883
0.007795874960720539,-0.6711971759796143,-0.09684889763593674
-0.025610705837607384,-0.6665129065513611,-0.09698908030986786
-0.025278043001890182,-0.6673838496208191,-0.09777624905109406
-0.025404583662748337,-0.6685436367988586,-0.09683270007371902
0.05649365112185478,-0.6590110659599304,0.017595456913113594
-0.09281697869300842,-0.6476030945777893,0.005292654037475586
0.02303762175142765,-0.6088740825653076,-0.07293302565813065
-0.01985403709113598,-0.6030740737915039,-0.0752166137099266
0.13773339986801147,-0.46803250908851624,0.08140458166599274
-0.15406963229179382,-0.4639029800891876,0.070745088160038
0.16567108035087585,-0.2675773501396179,-0.011533252894878387
-0.2166508436203003,-0.2481018602848053,0.007105699740350246
0.2053515613079071,-0.38861212134361267,-0.2137027084827423
-0.27254360914230347,-0.3403678238391876,-0.20434339344501495
0.20405331254005432,-0.4018198251724243,-0.2518822252750397
-0.2772658169269562,-0.3517075777053833,-0.2408788800239563
0.21352118253707886,-0.4295308589935303,-0.2563844323158264
-0.2907683253288269,-0.38201668858528137,-0.24987198412418365
0.20525796711444855,-0.40508002042770386,-0.21877728402614594
-0.26989084482192993,-0.3551509976387024,-0.21372488141059875
0.10872314870357513,-0.0023954587522894144,0.009076847694814205
-0.10869600623846054,0.0018301601521670818,-0.00832352414727211
0.13200069963932037,0.41974690556526184,0.004668482579290867
-0.11367789655923843,0.4011155664920807,-0.017735909670591354
0.21063518524169922,0.769787073135376,0.09523313492536545
-0.1306675225496292,0.7716248631477356,0.0895143672823906
0.2233279049396515,0.8148475289344788,0.09623546898365021
-0.1317957192659378,0.817700982093811,0.09232458472251892
0.2489226758480072,0.8678375482559204,-0.034506432712078094
-0.14838038384914398,0.874101459980011,-0.03851738199591637
-
0.00017372316506225616,-0.6332588195800781,-0.11426937580108643
0.006692192982882261,-0.6707045435905457,-0.09734630584716797
0.0071667255833745,-0.6710301637649536,-0.09694062918424606
0.006843848619610071,-0.6715519428253174,-0.0965891182422638
-0.02653335966169834,-0.6668488383293152,-0.09656807780265808
-0.026205575093626976,-0.6677297949790955,-0.09736081212759018
-0.026335615664720535,-0.6688888072967529,-0.09641054272651672
0.05609796196222305,-0.6591163277626038,0.017539219930768013
-0.09315306693315506,-0.6476219892501831,0.0059765963815152645
0.022361842915415764,-0.6091161370277405,-0.07289986312389374
-0.020536009222269058,-0.6032880544662476,-0.07499442994594574
0.1377703994512558,-0.46837863326072693,0.08149273693561554
-0.1541639119386673,-0.4639018476009369,0.07055852562189102
0.17539051175117493,-0.2755168080329895,-0.011718859896063805
-0.22620177268981934,-0.2503563463687897,0.006781488191336393
0.20950332283973694,-0.39493706822395325,-0.21146422624588013
-0.2811705768108368,-0.34785977005958557,-0.2028035968542099
0.20704331994056702,-0.40948018431663513,-0.24872112274169922
-0.28420358896255493,-0.362754225730896,-0.23902593553066254
0.21533392369747162,-0.43714210391044617,-0.2523440718650818
-0.29617345333099365,-0.3938862979412079,-0.24677187204360962
0.20867349207401276,-0.41126006841659546,-0.21616077423095703
-0.27810582518577576,-0.36351898312568665,-0.21175965666770935
0.10871373116970062,-0.002396409399807453,0.009085660800337791
-0.1086844801902771,0.0018324577249586582,-0.008332004770636559
0.13198991119861603,0.4196925461292267,0.004717924632132053
-0.11421951651573181,0.4011302590370178,-0.017384152859449387
0.21074023842811584,0.7697756886482239,0.09529892355203629
-0.13137397170066833,0.7713773846626282,0.09089499711990356
0.2234705537557602,0.8148177862167358,0.09631530195474625
-0.13249382376670837,0.8174217939376831,0.09396784752607346
0.24990466237068176,0.867473304271698,-0.03410475328564644
-0.14910869300365448,0.8740854859352112,-0.03554988279938698
-
-0.00031467597000300884,-0.6341310739517212,-0.10960905998945236
0.006335817743092775,-0.6713811755180359,-0.0921751856803894
0.006812459323555231,-0.6717027425765991,-0.09176872670650482
0.006488901097327471,-0.6722207069396973,-0.09141624718904495
-0.026853064075112343,-0.6676828265190125,-0.09156548976898193
-0.02652895636856556,-0.6685925722122192,-0.09237511456012726
-0.02666660211980343,-0.6697458624839783,-0.09142420440912247
0.05567261949181557,-0.6591262817382812,0.021990276873111725
-0.09350495040416718,-0.647765040397644,0.010096958838403225
0.021742865443229675,-0.6094818115234375,-0.06883449852466583
-0.02118060737848282,-0.6037969589233398,-0.07105321437120438
0.1377633512020111,-0.46968796849250793,0.08581272512674332
-0.1551905870437622,-0.46389588713645935,0.07074641436338425
0.1980532705783844,-0.29828694462776184,-0.009559175930917263
-0.2424105554819107,-0.2578652799129486,0.00679164519533515
0.21723240613937378,-0.4136156439781189,-0.20420564711093903
-0.2895371913909912,-0.3595958352088928,-0.19487687945365906
0.21164017915725708,-0.42913827300071716,-0.2402583658695221
-0.2896939516067505,-0.3777260184288025,-0.23024047911167145
0.2163969874382019,-0.45681050419807434,-0.24145576357841492
-0.2999434471130371,-0.4099205434322357,-0.2348553091287613
0.21392607688903809,-0.4292638897895813,-0.20806892216205597
-0.2857269048690796,-0.37610581517219543,-0.20235610008239746
0.10864142328500748,-0.002402128651738167,0.009130007587373257
-0.10860922932624817,0.0018394679063931108,-0.008378283120691776
0.13083207607269287,0.4196734130382538,0.004671282600611448
-0.1156083196401596,0.4011302888393402,-0.016810709610581398
0.2103692889213562,0.7696425914764404,0.09514345973730087
-0.13346423208713531,0.7705687880516052,0.09299293160438538
0.2231808602809906,0.8146031498908997,0.09626949578523636
-0.13463003933429718,0.8165693283081055,0.09650339931249619
0.24999463558197021,0.8661937713623047,-0.03390667960047722
-0.15096566081047058,0.873984694480896,-0.030504781752824783
-
-0.000793295621406287,-0.6341335773468018,-0.11040449887514114
0.006095217540860176,-0.671359658241272,-0.09282476454973221
0.006583291571587324,-0.6716791987419128,-0.09242534637451172
0.006249420810490847,-0.672199547290802,-0.09207429736852646
-0.027081048116087914,-0.667687177658081,-0.09213627129793167
-0.026756327599287033,-0.6685988306999207,-0.09297870099544525
-0.026905052363872528,-0.6697515845298767,-0.0920351892709732
0.055622607469558716,-0.6586504578590393,0.020847782492637634
-0.09357364475727081,-0.6476471424102783,0.00957002118229866
0.02124844864010811,-0.6094037890434265,-0.0700521394610405
-0.021779421716928482,-0.6037749648094177,-0.07206466794013977
0.1379406452178955,-0.47016578912734985,0.0855666771531105
-0.15537601709365845,-0.4638650119304657,0.0660678893327713
0.22501470148563385,-0.32082951068878174,-0.011202574707567692
-0.2589249312877655,-0.27214130759239197,-0.002198714530095458
0.2259298413991928,-0.44592180848121643,-0.20437465608119965
-0.28951552510261536,-0.3814367353916168,-0.19741368293762207
0.21591001749038696,-0.4653773903846741,-0.24006883800029755
-0.2887294590473175,-0.4031030237674713,-0.2336145043373108
0.2172912359237671,-0.4933108985424042,-0.23901522159576416
-0.29503777623176575,-0.43759459257125854,-0.23529407382011414
0.22003860771656036,-0.4616095721721649,-0.20750388503074646
-0.2850733995437622,-0.39921799302101135,-0.20334242284297943
0.10853439569473267,-0.002373102121055126,0.009419701993465424
-0.10850279033184052,0.00181497260928154,-0.008671734482049942
0.13014915585517883,0.41966480016708374,0.004818459041416645
-0.115804523229599,0.4008201062679291,-0.01615835353732109
0.20987524092197418,0.7686362862586975,0.09560606628656387
-0.13462913036346436,0.7679928541183472,0.09613867104053497
0.22272558510303497,0.8133527040481567,0.09696576744318008
-0.1359080672264099,0.8139833807945251,0.10014855861663818
0.25006869435310364,0.8645995259284973,-0.0318228080868721
-0.15164750814437866,0.8727166652679443,-0.026302823796868324
-
-0.0010265817400068045,-0.6339322924613953,-0.11826781183481216
0.006085484754294157,-0.671023964881897,-0.10123199224472046
0.006575812119990587,-0.6713411211967468,-0.10083132237195969
0.006239886861294508,-0.6718688607215881,-0.10049978643655777
-0.027086829766631126,-0.6675360798835754,-0.09987787157297134
-0.026762595400214195,-0.6684544682502747,-0.10080334544181824
-0.02691499888896942,-0.6696054339408875,-0.09986725449562073
0.055973898619413376,-0.6576853394508362,0.01040626410394907
-0.0931495726108551,-0.647453784942627,0.0029724447522312403
0.02108936756849289,-0.6090210676193237,-0.07882938534021378
-0.02199535071849823,-0.6035840511322021,-0.0797836035490036
0.13909496366977692,-0.4707356095314026,0.07979965955018997
-0.15505138039588928,-0.46391424536705017,0.05891428142786026
0.24846068024635315,-0.3360009491443634,-0.016678253188729286
-0.2732444107532501,-0.2936580777168274,-0.012593689374625683
0.2419348955154419,-0.4667651355266571,-0.20312325656414032
-0.28915441036224365,-0.4142049252986908,-0.19999825954437256
0.22768764197826385,-0.4883536398410797,-0.23721732199192047
-0.2840353548526764,-0.4391547441482544,-0.2373426854610443
0.2250860184431076,-0.5154025554656982,-0.23394468426704407
-0.28504735231399536,-0.47311002016067505,-0.2357739955186844
0.2342531681060791,-0.48189809918403625,-0.20517393946647644
-0.28461048007011414,-0.43179959058761597,-0.2041216790676117
0.10841798782348633,-0.0023429880384355783,0.009529296308755875
-0.10838477313518524,0.0017859896179288626,-0.008781839162111282
0.12988804280757904,0.4200132191181183,0.005237485282123089
-0.11595577001571655,0.4005427062511444,-0.01539817824959755
0.2099284529685974,0.7679305672645569,0.09629344195127487
-0.13463939726352692,0.7664250135421753,0.09656204283237457
0.2228110283613205,0.8123962879180908,0.09788879752159119
-0.13590721786022186,0.8124426007270813,0.10058420896530151
0.2515377104282379,0.8642571568489075,-0.029317498207092285
-0.1515793651342392,0.87236088514328,-0.02533780038356781
-
0.001398129272274673,-0.6340975761413574,-0.13922181725502014
0.009246244095265865,-0.6711069941520691,-0.12231232225894928
0.009767437353730202,-0.6714271903038025,-0.12190867960453033
0.009411532431840897,-0.6719521284103394,-0.12164332717657089
-0.023828312754631042,-0.6677228808403015,-0.12076471000909805
-0.023511096835136414,-0.668647289276123,-0.12176056206226349
-0.02368214912712574,-0.6697944402694702,-0.12085477262735367
0.06023266166448593,-0.6575406789779663,-0.011416913010179996
-0.08816296607255936,-0.6474435329437256,-0.01653694361448288
0.023696396499872208,-0.6090341210365295,-0.10056357830762863
-0.019475556910037994,-0.6036495566368103,-0.10081692039966583
0.14636345207691193,-0.4731312394142151,0.05948925018310547
-0.15249261260032654,-0.4659561216831207,0.04028085619211197
0.2754168212413788,-0.362094521522522,-0.04000244662165642
-0.2857435643672943,-0.3298833966255188,-0.03796558454632759
0.2538851797580719,-0.4936598539352417,-0.21760572493076324
-0.28837940096855164,-0.45460015535354614,-0.22336292266845703
0.23527297377586365,-0.5153039693832397,-0.251034677028656
-0.27427423000335693,-0.4789555072784424,-0.2644752264022827
0.22853003442287445,-0.5425592064857483,-0.2447856366634369
-0.26862168312072754,-0.512165367603302,-0.25354593992233276
0.24377845227718353,-0.5081828832626343,-0.21814922988414764
-0.27962416410446167,-0.47097375988960266,-0.22512203454971313
0.10838045924901962,-0.0022876348812133074,0.009549201466143131
-0.10835149139165878,0.0017284295754507184,-0.008804146200418472
0.13015244901180267,0.42033088207244873,0.007621555123478174
-0.11596846580505371,0.40013667941093445,-0.01373963337391615
0.20993709564208984,0.7677992582321167,0.10278473794460297
-0.13446760177612305,0.7645307183265686,0.09783841669559479
0.22281785309314728,0.8122214078903198,0.10469678789377213
-0.13567666709423065,0.8106571435928345,0.10165543854236603
0.2530216872692108,0.8644037842750549,-0.022238872945308685
-0.15126988291740417,0.8721734881401062,-0.02424505539238453
-
0.0031890959944576025,-0.6411123871803284,-0.16555924713611603
0.011739448644220829,-0.6772810220718384,-0.1468777060508728
0.012287859804928303,-0.6776353716850281,-0.1464272290468216
0.011927956715226173,-0.6781423687934875,-0.14625030755996704
-0.02143131196498871,-0.6743838787078857,-0.1460307389497757
-0.021114060655236244,-0.6753360629081726,-0.14703314006328583
-0.021287057548761368,-0.6764854788780212,-0.14613081514835358
0.06261063367128372,-0.6590166687965393,-0.033975470811128616
-0.08574626594781876,-0.6495611667633057,-0.04130949452519417
0.02523830346763134,-0.6136119365692139,-0.1274789422750473
-0.018117649480700493,-0.6087132096290588,-0.1284494698047638
0.14850980043411255,-0.4755570590496063,0.0360044501721859
-0.15170365571975708,-0.4684900641441345,0.013499705120921135
0.2931274175643921,-0.3887117803096771,-0.06228148564696312
-0.3079688549041748,-0.37199464440345764,-0.06922677159309387
0.2675783634185791,-0.5241553783416748,-0.22760649025440216
-0.28841540217399597,-0.5048497319221497,-0.23924405872821808
0.24601532518863678,-0.5462695956230164,-0.261185884475708
-0.27067309617996216,-0.5290834307670593,-0.28101038932800293
0.23444177210330963,-0.5719447135925293,-0.25321224331855774
-0.2604725956916809,-0.5594121813774109,-0.26383307576179504
0.2553100287914276,-0.5371679663658142,-0.22741706669330597
-0.2785699665546417,-0.5193820595741272,-0.23937766253948212
0.1082390546798706,-0.002276777755469084,0.009630706161260605
-0.10821688920259476,0.0017158940900117159,-0.008886578492820263
0.13045194745063782,0.42077118158340454,0.013559703715145588
-0.1157866045832634,0.40011632442474365,-0.007903202436864376
0.2107902467250824,0.7678135633468628,0.11605557054281235
-0.13408398628234863,0.7632346153259277,0.10546814650297165
0.22371909022331238,0.8122292160987854,0.11843505501747131
-0.1353316605091095,0.8094094395637512,0.10913190990686417
0.2558040916919708,0.8649649024009705,-0.008807601407170296
-0.15047498047351837,0.8721538782119751,-0.01654624007642269
-
0.005790515337139368,-0.6487138271331787,-0.16988801956176758
0.014373228885233402,-0.6839908361434937,-0.15046189725399017
0.014914979226887226,-0.6843353509902954,-0.14998678863048553
0.014545074664056301,-0.6848253607749939,-0.14986562728881836
-0.01881251111626625,-0.6807718276977539,-0.14963790774345398
-0.018492015078663826,-0.6817798018455505,-0.15059617161750793
-0.01868433505296707,-0.6829429864883423,-0.1496848613023758
0.06488613039255142,-0.6598553657531738,-0.03768332302570343
-0.08327816426753998,-0.6497992277145386,-0.044603124260902405
0.028055040165781975,-0.6184191703796387,-0.13211078941822052
-0.015448901802301407,-0.6133660078048706,-0.1332174837589264
0.1509416699409485,-0.47872501611709595,0.030118539929389954
-0.14918074011802673,-0.4705958366394043,0.012001385912299156
0.30305856466293335,-0.4384000301361084,-0.0559607557952404
-0.3267311453819275,-0.434127539396286,-0.05847122520208359
0.2818962633609772,-0.6006479263305664,-0.18868888914585114
-0.28949597477912903,-0.5793441534042358,-0.19244474172592163
0.25928524136543274,-0.6269715428352356,-0.21909549832344055
-0.26789262890815735,-0.6021074652671814,-0.22829774022102356
0.24446062743663788,-0.6491134166717529,-0.21148516237735748
-0.2551620304584503,-0.6258038878440857,-0.20239190757274628
0.26924675703048706,-0.6121535897254944,-0.18765249848365784
-0.27834388613700867,-0.5902968645095825,-0.18946950137615204
0.10804896801710129,-0.0022592998575419188,0.009534808807075024
-0.10803765058517456,0.001698835869319737,-0.008777466602623463
0.1317225843667984,0.420888751745224,0.013578219339251518
-0.11570186913013458,0.40026408433914185,-0.0045739575289189816
0.21267899870872498,0.7684198021888733,0.11582770198583603
-0.13375307619571686,0.7632105946540833,0.10552462935447693
0.22557704150676727,0.8128589391708374,0.11805526167154312
-0.1350235790014267,0.8094228506088257,0.10897280275821686
0.25738683342933655,0.8659290075302124,-0.009957493282854557
-0.15039455890655518,0.8723987936973572,-0.01691870391368866
-
0.005387486424297094,-0.6534900665283203,-0.1687481552362442
0.01403181441128254,-0.6886825561523438,-0.14956742525100708
0.014566329307854176,-0.6890377998352051,-0.14908014237880707
0.014196843840181828,-0.6895005106925964,-0.14894802868366241
-0.019140886142849922,-0.6847925782203674,-0.14799503982067108
-0.018820740282535553,-0.6858533620834351,-0.1489025205373764
-0.01901492476463318,-0.687025249004364,-0.14803552627563477
0.0647486075758934,-0.6620998978614807,-0.03887694701552391
-0.08341231197118759,-0.6501215696334839,-0.04190641641616821
0.027975494042038918,-0.6223775148391724,-0.13172195851802826
-0.015503034926950932,-0.6166583299636841,-0.131736159324646
0.1524505913257599,-0.4875088930130005,0.022925881668925285
-0.14922547340393066,-0.47536805272102356,0.01636619307100773
0.306368350982666,-0.48414739966392517,-0.05316520109772682
-0.3401499092578888,-0.4770958125591278,-0.04705924168229103
0.28533074259757996,-0.6548700928688049,-0.1753036081790924
-0.30061763525009155,-0.6327575445175171,-0.13874173164367676
0.26251107454299927,-0.6785734295845032,-0.20705805718898773
-0.27243998646736145,-0.6525829434394836,-0.1736108958721161
0.24562031030654907,-0.6984682083129883,-0.20139074325561523
-0.2570538818836212,-0.6753143668174744,-0.15088200569152832
0.2721579968929291,-0.6648979783058167,-0.17514169216156006
-0.28466060757637024,-0.6429003477096558,-0.13723455369472504
0.10801719129085541,-0.002246738178655505,0.008435866795480251
-0.10801196843385696,0.0016857088776305318,-0.0076491632498800755
0.13290119171142578,0.42077895998954773,0.01262638345360756
-0.11489637196063995,0.4001287519931793,-0.0026100073009729385
0.215154767036438,0.7684557437896729,0.11525760591030121
-0.13293564319610596,0.7624720931053162,0.10527588427066803
0.22832810878753662,0.8129127025604248,0.11755320429801941
-0.13410909473896027,0.8088012933731079,0.10879421979188919
0.26018309593200684,0.8658273220062256,-0.012650210410356522
-0.14972510933876038,0.8719067573547363,-0.0177241712808609
-
0.007510606199502945,-0.653518795967102,-0.16231802105903625
0.014642850495874882,-0.6888608932495117,-0.14105944335460663
0.01514886599034071,-0.6892126798629761,-0.14042267203330994
0.014778935350477695,-0.6896664500236511,-0.14034190773963928
-0.018269013613462448,-0.6843817234039307,-0.13942264020442963
-0.01794419065117836,-0.6854574680328369,-0.14023077487945557
-0.018150482326745987,-0.6866292357444763,-0.13949687778949738
0.06472516804933548,-0.6629264950752258,-0.03231656923890114
-0.0831417664885521,-0.6481029987335205,-0.032191935926675797
0.03129063546657562,-0.6228483319282532,-0.1270308643579483
-0.012234347872436047,-0.6164377927780151,-0.1265862137079239
0.15650461614131927,-0.5063878893852234,0.02772580273449421
-0.1492290049791336,-0.478765606880188,0.02589087374508381
0.3313453197479248,-0.5691232681274414,-0.03494900092482567
-0.3553348183631897,-0.5389593243598938,0.0034247995354235172
0.28486475348472595,-0.743054986000061,-0.12906813621520996
-0.32287517189979553,-0.7167032957077026,-0.054016102105379105
0.2588958144187927,-0.7633320093154907,-0.16182461380958557
-0.2919435203075409,-0.740941047668457,-0.08444869518280029
0.23766779899597168,-0.7753286361694336,-0.15315917134284973
-0.27642741799354553,-0.7608472108840942,-0.06307965517044067
0.26911506056785583,-0.748213529586792,-0.1277715116739273
-0.3055870831012726,-0.7261952757835388,-0.053011760115623474
0.10809024423360825,-0.002220544731244445,0.00769711984321475
-0.10809256136417389,0.0016643409617245197,-0.0068714674562215805
0.13362091779708862,0.4207759201526642,0.0053113591857254505
-0.11504489183425903,0.4001307189464569,-0.0028331701178103685
0.2175121009349823,0.7684917449951172,0.09624090790748596
-0.13491638004779816,0.7625776529312134,0.09204906225204468
0.23115301132202148,0.8129563331604004,0.09702763706445694
-0.1361255794763565,0.8090680241584778,0.09359007328748703
0.264114648103714,0.8647614121437073,-0.040333110839128494
-0.1526595801115036,0.8724676370620728,-0.03656759485602379
-
0.008117600344121456,-0.6554023623466492,-0.14518247544765472
0.01489257998764515,-0.6909701824188232,-0.12295853346586227
0.015373281203210354,-0.691325306892395,-0.1222720816731453
0.015013821423053741,-0.6917481422424316,-0.1221526488661766
-0.017948169261217117,-0.6858676075935364,-0.12086685746908188
-0.017625749111175537,-0.6869835257530212,-0.1216316893696785
-0.017833638936281204,-0.6881353855133057,-0.12099039554595947
0.06487146019935608,-0.6647117137908936,-0.014262069016695023
-0.08312409371137619,-0.6480666399002075,-0.01157680805772543
0.03252224996685982,-0.624492883682251,-0.11010396480560303
-0.011300230398774147,-0.6173499226570129,-0.10930144041776657
0.15967068076133728,-0.5180754661560059,0.029379043728113174
-0.14934712648391724,-0.4860185980796814,0.046580720692873
0.3276583254337311,-0.6081209182739258,-0.019220352172851562
-0.3549119234085083,-0.5940051674842834,0.040041133761405945
0.2800818085670471,-0.7976148724555969,-0.09788031131029129
-0.3269288241863251,-0.7830314636230469,0.0011175328399986029
0.2522582709789276,-0.8198080062866211,-0.1301843822002411
-0.2952767312526703,-0.8064591288566589,-0.02926141582429409
0.21994714438915253,-0.8324092626571655,-0.12239569425582886
-0.27930909395217896,-0.8253884315490723,-0.007358543109148741
0.2678784430027008,-0.8032374978065491,-0.09702833741903305
-0.3087350130081177,-0.7913569808006287,0.001973493257537484
0.10831090062856674,-0.00228962954133749,0.006310614291578531
-0.10833443701267242,0.0017389040440320969,-0.00549492659047246
0.1347082108259201,0.42006373405456543,0.0041280388832092285
-0.11481772363185883,0.3994128406047821,-0.003029851010069251
0.2181788682937622,0.7678099870681763,0.09363029152154922
-0.13545149564743042,0.762364387512207,0.09028071910142899
0.23199614882469177,0.8124634623527527,0.09448851644992828
-0.1366574764251709,0.8090340495109558,0.09141294658184052
0.2658199071884155,0.8625987768173218,-0.04270666837692261
-0.1543860137462616,0.8723312020301819,-0.04007962346076965
-
0.008039634674787521,-0.6547958850860596,-0.1292576789855957
0.014796060509979725,-0.6904712915420532,-0.10618679970502853
0.01525619812309742,-0.6908254623413086,-0.10548936575651169
0.014913243241608143,-0.6912509202957153,-0.10527636855840683
-0.018147913739085197,-0.685437023639679,-0.10497841984033585
-0.017832346260547638,-0.6865428686141968,-0.10574815422296524
-0.018036995083093643,-0.6876941919326782,-0.10519352555274963
0.06438945978879929,-0.664666473865509,0.006581156514585018
-0.0859338715672493,-0.6466859579086304,0.004176290240138769
0.03242078423500061,-0.6242069602012634,-0.09236203879117966
-0.011373982764780521,-0.6172204613685608,-0.09333745390176773
0.16061098873615265,-0.5245065689086914,0.048257775604724884
-0.15193060040473938,-0.4898359477519989,0.05302899703383446
0.3213711082935333,-0.6539701819419861,0.009751953184604645
-0.35478919744491577,-0.6372513175010681,0.0336204469203949
0.2779805362224579,-0.8658422231674194,-0.05147513747215271
-0.32626333832740784,-0.845109224319458,-0.0204228013753891
0.24454151093959808,-0.8938632607460022,-0.0836900994181633
-0.29595762491226196,-0.8749156594276428,-0.05710658058524132
0.20903068780899048,-0.9115846753120422,-0.07658398151397705
-0.2792746424674988,-0.8960298299789429,-0.03419109806418419
0.26242753863334656,-0.8750213980674744,-0.05124581605195999
-0.3072195053100586,-0.8546454310417175,-0.02036398835480213
0.10874472558498383,-0.0025215228088200092,0.005962410941720009
-0.10881400108337402,0.0019794022664427757,-0.0051895068027079105
0.1356162279844284,0.41858547925949097,0.004928440786898136
-0.11470791697502136,0.3984610438346863,-0.003079899586737156
0.21956996619701385,0.7658567428588867,0.09495826065540314
-0.13545863330364227,0.762110710144043,0.09055138379335403
0.23335321247577667,0.8106958866119385,0.0961432084441185
-0.1366504728794098,0.8089650273323059,0.09183645248413086
0.2656899392604828,0.8569613695144653,-0.04232695326209068
-0.15435613691806793,0.8710238933563232,-0.0393114909529686
-
0.007936117239296436,-0.6544318795204163,-0.1254742592573166
0.014457830227911472,-0.6901671290397644,-0.10249572992324829
0.014885328710079193,-0.6905251145362854,-0.1017962172627449
0.014583504758775234,-0.6909465193748474,-0.10156142711639404
-0.01854848675429821,-0.6851488351821899,-0.10141675919294357
-0.018229713663458824,-0.686241865158081,-0.10213438421487808
-0.018433820456266403,-0.6873904466629028,-0.10165013372898102
0.06389842927455902,-0.6643319129943848,0.00995553843677044
-0.08742214739322662,-0.6455704569816589,0.006350537296384573
0.032314904034137726,-0.623961329460144,-0.08839332312345505
-0.011553666554391384,-0.6170462965965271,-0.08972056210041046
0.1606995165348053,-0.5269275307655334,0.04899192973971367
-0.15212947130203247,-0.4960158169269562,0.052868131548166275
0.315165251493454,-0.6760657429695129,0.014378569088876247
-0.34606245160102844,-0.6644383668899536,0.02625219337642193
0.2758040130138397,-0.8925656080245972,-0.04917198792099953
-0.3264624774456024,-0.8822092413902283,-0.04434232786297798
0.24527418613433838,-0.9182718396186829,-0.08333157747983932
-0.30180060863494873,-0.9111317992210388,-0.08426621556282043
0.2099631130695343,-0.9411476254463196,-0.0821199119091034
-0.2814103066921234,-0.9375009536743164,-0.06530629098415375
0.2606269419193268,-0.9045929312705994,-0.052263084799051285
-0.3069878816604614,-0.8938523530960083,-0.04651781916618347
0.10903668403625488,-0.0026889019645750523,0.005393590312451124
-0.109138123691082,0.0021493900567293167,-0.004635472781956196
0.13610725104808807,0.41734015941619873,0.007889656350016594
-0.114936463534832,0.3974088132381439,-0.002293373690918088
0.218348428606987,0.764424741268158,0.100654236972332
-0.1353837251663208,0.7621009349822998,0.09215837717056274
0.23144356906414032,0.8093600273132324,0.10214608907699585
-0.13657596707344055,0.8090085983276367,0.09290073812007904
0.2592710554599762,0.8552245497703552,-0.03424244001507759
-0.1552107334136963,0.8679317831993103,-0.03723582252860069
-
0.008218572475016117,-0.6543130278587341,-0.12999387085437775
0.01483859308063984,-0.6898602843284607,-0.10624196380376816
0.015238520689308643,-0.6902495622634888,-0.10545264929533005
0.014980664476752281,-0.6906420588493347,-0.10524579882621765
-0.018272211775183678,-0.6850143671035767,-0.10611465573310852
-0.017935998737812042,-0.6860759854316711,-0.10670973360538483
-0.01814245991408825,-0.687234103679657,-0.10642771422863007
0.06391392648220062,-0.6626747250556946,0.007164565846323967
-0.08757210522890091,-0.6450638175010681,-0.0015538983279839158
0.032366976141929626,-0.6234245896339417,-0.09228480607271194
-0.011661841534078121,-0.6167734265327454,-0.09506001323461533
0.1603497713804245,-0.5298992991447449,0.04101378470659256
-0.15256352722644806,-0.5028620958328247,0.030890703201293945
0.2978352904319763,-0.7108526825904846,0.009160185232758522
-0.34273985028266907,-0.6838279366493225,-0.0075658103451132774
0.274286687374115,-0.9358227252960205,-0.05674142763018608
-0.3303073048591614,-0.9094627499580383,-0.05214823782444
0.24654661118984222,-0.9591893553733826,-0.09059963375329971
-0.31415432691574097,-0.9395748972892761,-0.09203851968050003
0.21161743998527527,-0.9842408299446106,-0.09252334386110306
-0.2920951545238495,-0.9687297344207764,-0.07038424164056778
0.25955718755722046,-0.9492366909980774,-0.06160765886306763
-0.3107612729072571,-0.9229549169540405,-0.0499902106821537
0.10931128263473511,-0.0029096940997987986,0.00540714617818594
-0.10943406820297241,0.0023668594658374786,-0.00464622164145112
0.1361876279115677,0.41686341166496277,0.01641710288822651
-0.11558225005865097,0.3967665433883667,-0.002203655196353793
0.2174629420042038,0.7639960050582886,0.11694188416004181
-0.13476860523223877,0.7618046998977661,0.09470056742429733
0.22998738288879395,0.8089827299118042,0.11879308521747589
-0.13586939871311188,0.8088786602020264,0.09519705921411514
0.25343647599220276,0.8551825881004333,-0.011397086083889008
-0.15496377646923065,0.8660503625869751,-0.03290487080812454
-
0.007374997716397047,-0.654024064540863,-0.22162659466266632
0.014071245677769184,-0.6890040040016174,-0.1979931890964508
0.014450660906732082,-0.6894736289978027,-0.19711385667324066
0.014265297912061214,-0.6898330450057983,-0.1969253271818161
-0.018949462100863457,-0.6846241354942322,-0.19949021935462952
-0.018587058410048485,-0.6856119632720947,-0.20006024837493896
-0.01878603920340538,-0.6868018507957458,-0.19971796870231628
0.062053363770246506,-0.6573933362960815,-0.08237788081169128
-0.08925241231918335,-0.6430695056915283,-0.10060348361730576
0.03075784258544445,-0.6221293807029724,-0.18273428082466125
-0.013596252538263798,-0.6162043809890747,-0.18809641897678375
0.1512724757194519,-0.5276741981506348,-0.047620661556720734
-0.15376266837120056,-0.5073018670082092,-0.07892181724309921
0.26182854175567627,-0.7467214465141296,-0.07464061677455902
-0.3318311870098114,-0.716288149356842,-0.13306647539138794
0.2679213285446167,-0.9719489812850952,-0.11160271614789963
-0.3281770348548889,-0.941792368888855,-0.18221041560173035
0.2464390993118286,-0.9924057722091675,-0.14333488047122955
-0.314072847366333,-0.969093382358551,-0.22114625573158264
0.21272210776805878,-1.0188324451446533,-0.15195170044898987
-0.29212307929992676,-1.0014369487762451,-0.2055501937866211
0.2535906136035919,-0.9865840077400208,-0.12068263441324234
-0.30940479040145874,-0.9569196701049805,-0.1855134516954422
0.1094818115234375,-0.003166113281622529,0.005884586833417416
-0.10963450372219086,0.002606719732284546,-0.005097316112369299
0.13723410665988922,0.41704753041267395,0.022565945982933044
-0.11747312545776367,0.396732896566391,-0.0019875450525432825
0.21556487679481506,0.7665289640426636,0.12921909987926483
-0.13395710289478302,0.7603447437286377,0.10359791666269302
0.22716595232486725,0.8120987415313721,0.13087646663188934
-0.1349404752254486,0.8076104521751404,0.10453864932060242
0.24943065643310547,0.862449586391449,0.0050292122177779675
-0.1532660573720932,0.8644670844078064,-0.018802015110850334
-
0.005131460260599852,-0.6387240290641785,-0.2765134274959564
0.011802668683230877,-0.6736342906951904,-0.2558917999267578
0.012167503125965595,-0.6742933392524719,-0.25497591495513916
0.012061708606779575,-0.6745825409889221,-0.2548433244228363
-0.020855862647294998,-0.6701199412345886,-0.2560938000679016
-0.020462261512875557,-0.6709105968475342,-0.256709486246109
-0.020638808608055115,-0.6721965074539185,-0.2563045918941498
0.06071329489350319,-0.6459137201309204,-0.14339256286621094
-0.08990438282489777,-0.6336422562599182,-0.15583783388137817
0.028708988800644875,-0.6091770529747009,-0.23752687871456146
-0.01570400781929493,-0.6042506098747253,-0.2412431836128235
0.14584702253341675,-0.5262895822525024,-0.10796359181404114
-0.1522229015827179,-0.5085811614990234,-0.13695961236953735
0.23399369418621063,-0.7678472399711609,-0.14637061953544617
-0.28782546520233154,-0.7235121130943298,-0.19791097939014435
0.2448357790708542,-0.9886904954910278,-0.18833455443382263
-0.31931793689727783,-0.9551387429237366,-0.2544748783111572
0.23446983098983765,-1.0068719387054443,-0.21874727308750153
-0.3121761381626129,-0.9839941263198853,-0.29162076115608215
0.20394715666770935,-1.0324089527130127,-0.22630029916763306
-0.29171013832092285,-1.0161465406417847,-0.27875596284866333
0.23086534440517426,-1.0028237104415894,-0.19697503745555878
-0.30126437544822693,-0.9711208939552307,-0.25849542021751404
0.10972176492214203,-0.0031768926419317722,0.00608209939673543
-0.10991648584604263,0.0026160809211432934,-0.005281257908791304
0.13501939177513123,0.42105281352996826,0.02373211458325386
-0.11894433200359344,0.39822477102279663,-0.002395064802840352
0.21116964519023895,0.7665490508079529,0.1479349285364151
-0.1329156905412674,0.7602539658546448,0.11188151687383652
0.22294794023036957,0.8120921850204468,0.15129610896110535
-0.1333991289138794,0.8075723052024841,0.11426298320293427
0.24341705441474915,0.863187849521637,0.02678818628191948
-0.15004557371139526,0.8661275506019592,-0.00967753492295742
-
0.0027631877455860376,-0.629383385181427,-0.2678163945674896
0.0074271163903176785,-0.664863646030426,-0.24786964058876038
0.007790331728756428,-0.665544867515564,-0.24699002504348755
0.0076985107734799385,-0.6658793687820435,-0.24685357511043549
-0.02483377233147621,-0.660199761390686,-0.2487676739692688
-0.024372028186917305,-0.6609376072883606,-0.24939638376235962
-0.024528946727514267,-0.662258505821228,-0.2490013837814331
0.05436518043279648,-0.6440941095352173,-0.13417550921440125
-0.09440900385379791,-0.6275708675384521,-0.1509275585412979
0.02635381370782852,-0.6035585999488831,-0.22746221721172333
-0.017919335514307022,-0.5973176956176758,-0.23217208683490753
0.1383853703737259,-0.528551459312439,-0.09613105654716492
-0.15127629041671753,-0.5088114142417908,-0.13906896114349365
0.20375972986221313,-0.7635467648506165,-0.13847032189369202
-0.26425641775131226,-0.7050917744636536,-0.22471517324447632
0.23153990507125854,-0.991853654384613,-0.19191724061965942
-0.3064917325973511,-0.9356035590171814,-0.29833725094795227
0.2297057807445526,-1.0135055780410767,-0.22247429192066193
-0.3090839087963104,-0.9670112133026123,-0.3343624472618103
0.20346394181251526,-1.0381617546081543,-0.22998248040676117
-0.2891182005405426,-0.9996944665908813,-0.3197823464870453
0.22066102921962738,-1.006032943725586,-0.2006462812423706
-0.29037049412727356,-0.9522342085838318,-0.30193912982940674
0.10973161458969116,-0.0030222488567233086,0.00838959589600563
-0.10992810875177383,0.0024545127525925636,-0.007499688770622015
0.1299690455198288,0.4228663146495819,0.023417072370648384
-0.12120325863361359,0.39816299080848694,-0.008775094524025917
0.2024419754743576,0.7663156986236572,0.1494642198085785
-0.13371388614177704,0.756569504737854,0.11141598969697952
0.21393781900405884,0.8117327690124512,0.15339696407318115
-0.13425324857234955,0.8039878010749817,0.11425365507602692
0.2345684915781021,0.8637614250183105,0.03195756673812866
-0.15061846375465393,0.8663759231567383,-0.00971162784844637
-
-0.002823625458404422,-0.6106446385383606,-0.29715943336486816
0.00028654231573455036,-0.646716833114624,-0.279338002204895
0.0006875747931189835,-0.6473726630210876,-0.2785421311855316
0.0005972309154458344,-0.647775411605835,-0.2782900929450989
-0.031397745013237,-0.6415672302246094,-0.279979944229126
-0.030873721465468407,-0.642332136631012,-0.2806263566017151
-0.031062792986631393,-0.6436769366264343,-0.2802310883998871
0.04792053997516632,-0.6325209140777588,-0.1675778180360794
-0.09893891215324402,-0.6137214303016663,-0.18268655240535736
0.02151484601199627,-0.587830662727356,-0.2562442123889923
-0.02236614003777504,-0.5810553431510925,-0.26047733426094055
0.13181082904338837,-0.5273333191871643,-0.1296321004629135
-0.15087714791297913,-0.5077483654022217,-0.16826607286930084
0.1870644986629486,-0.7549120187759399,-0.18216243386268616
-0.2539746165275574,-0.6916787624359131,-0.25747835636138916
0.19836223125457764,-0.9860406517982483,-0.23641365766525269
-0.2948131263256073,-0.9184504151344299,-0.33970245718955994
0.1966414749622345,-1.0092350244522095,-0.26686790585517883
-0.30057865381240845,-0.950835645198822,-0.3763187527656555
0.17382672429084778,-1.034273624420166,-0.2724456787109375
-0.28125548362731934,-0.9844610691070557,-0.36131513118743896
0.18757160007953644,-1.0009138584136963,-0.24457263946533203
-0.27918949723243713,-0.9358841180801392,-0.3430516719818115
0.10972923785448074,-0.0029549391474574804,0.008944385685026646
-0.10992986708879471,0.0023825198877602816,-0.007995315827429295
0.12253715842962265,0.4247734248638153,0.02037171460688114
-0.12240283191204071,0.39821040630340576,-0.010458243079483509
0.19134172797203064,0.7660035490989685,0.14605337381362915
-0.1335807740688324,0.7563258409500122,0.11181379109621048
0.20291264355182648,0.8111590147018433,0.15006020665168762
-0.1339646577835083,0.8037812113761902,0.1151062473654747
0.22170867025852203,0.8641340136528015,0.029355816543102264
-0.15015757083892822,0.8685069680213928,-0.006621676031500101
-
-0.005903474986553192,-0.6060267090797424,-0.27864938974380493
-0.0024996884167194366,-0.6426273584365845,-0.2607421278953552
-0.0020797066390514374,-0.643229067325592,-0.2600414752960205
-0.0021985359489917755,-0.643652081489563,-0.25977450609207153
-0.034466929733753204,-0.637604296207428,-0.261286199092865
-0.033939048647880554,-0.6383841037750244,-0.26198816299438477
-0.03411826863884926,-0.639721155166626,-0.26155269145965576
0.04552299901843071,-0.631075382232666,-0.14801077544689178
-0.10221143811941147,-0.6123649477958679,-0.16256947815418243
0.01859509013593197,-0.5839283466339111,-0.23753765225410461
-0.025556424632668495,-0.5772860646247864,-0.24140715599060059
0.1287257820367813,-0.5268694162368774,-0.10699254274368286
-0.1510387510061264,-0.5068656206130981,-0.1449557989835739
0.18396368622779846,-0.7536166310310364,-0.15501169860363007
-0.25511518120765686,-0.6849606037139893,-0.22884061932563782
0.19059807062149048,-0.9828773736953735,-0.21727284789085388
-0.28863173723220825,-0.9114223122596741,-0.31267011165618896
0.18659543991088867,-1.0044639110565186,-0.24875059723854065
-0.29374879598617554,-0.9431747198104858,-0.34924158453941345
0.16436775028705597,-1.0300472974777222,-0.254552960395813
-0.27526962757110596,-0.9769150614738464,-0.33396416902542114
0.1790466010570526,-0.9972413778305054,-0.22506842017173767
-0.27317535877227783,-0.9287199974060059,-0.3155035376548767
0.1095559298992157,-0.002886228496208787,0.009501738473773003
-0.10977011173963547,0.0023137798998504877,-0.008518488146364689
0.11864461749792099,0.4250072240829468,0.018255533650517464
-0.12343906611204147,0.39816343784332275,-0.013744154013693333
0.18676960468292236,0.7661693692207336,0.14493048191070557
-0.13641536235809326,0.7568212151527405,0.10827269405126572
0.197946235537529,0.8113105297088623,0.1495462954044342
-0.13718996942043304,0.8045485615730286,0.11184107512235641
0.21480047702789307,0.8657089471817017,0.025689173489809036
-0.15532830357551575,0.871397852897644,-0.0083929980173707
-
-0.00698662968352437,-0.6059539318084717,-0.2776931822299957
-0.003429617965593934,-0.642545223236084,-0.2595325708389282
-0.003004997968673706,-0.6431252360343933,-0.2588435113430023
-0.0031342855654656887,-0.6435564160346985,-0.25857406854629517
-0.035514358431100845,-0.6375839710235596,-0.25995972752571106
-0.03499870002269745,-0.6383873224258423,-0.2606728672981262
-0.035177960991859436,-0.6397160887718201,-0.2602465748786926
0.044990696012973785,-0.6302931308746338,-0.14663192629814148
-0.1031646579504013,-0.6117144823074341,-0.16077716648578644
0.01770566590130329,-0.5832210183143616,-0.23668202757835388
-0.026572678238153458,-0.576688826084137,-0.24037104845046997
0.1282164603471756,-0.5262249708175659,-0.10594041645526886
-0.15092960000038147,-0.5062657594680786,-0.14344404637813568
0.18590271472930908,-0.7476058006286621,-0.1542317420244217
-0.2545943260192871,-0.6873224377632141,-0.22069144248962402
0.19106395542621613,-0.9742215871810913,-0.21939222514629364
-0.2822891175746918,-0.9156877994537354,-0.29511559009552
0.18669632077217102,-0.996094822883606,-0.2516397535800934
-0.2845335006713867,-0.9478710889816284,-0.3306317627429962
0.16476911306381226,-1.0227906703948975,-0.2585133910179138
-0.26731038093566895,-0.9831793904304504,-0.3154303729534149
0.17948400974273682,-0.9889965057373047,-0.22788093984127045
-0.26676398515701294,-0.9336878657341003,-0.29764869809150696
0.10938382893800735,-0.0027574149426072836,0.009877168573439121
-0.10961025208234787,0.002185481833294034,-0.00887442659586668
0.11842760443687439,0.42496004700660706,0.017030248418450356
-0.1235586553812027,0.3981250822544098,-0.01570669375360012
0.18684062361717224,0.7662419080734253,0.13995209336280823
-0.138319730758667,0.757386326789856,0.10444170981645584
0.19814488291740417,0.811360776424408,0.14411303400993347
-0.13956868648529053,0.8053514957427979,0.10791262239217758
0.2164948731660843,0.8656876087188721,0.023580040782690048
-0.1586676388978958,0.8727931380271912,-0.011965029872953892
-
-0.006869470234960318,-0.6068922877311707,-0.27175188064575195
-0.003071840852499008,-0.6433758735656738,-0.25334176421165466
-0.0026492869947105646,-0.6439470052719116,-0.2526696026325226
-0.0027826030272990465,-0.6443788409233093,-0.25240081548690796
-0.0352122038602829,-0.6386443376541138,-0.25355789065361023
-0.0347050204873085,-0.6394542455673218,-0.2542746663093567
-0.03488383814692497,-0.6407772898674011,-0.25383785367012024
0.04525589197874069,-0.6302475333213806,-0.14065778255462646
-0.10289333015680313,-0.6125407218933105,-0.15363751351833344
0.017802484333515167,-0.583588182926178,-0.23101146519184113
-0.02652520127594471,-0.5773339867591858,-0.23437733948230743
0.12900449335575104,-0.5258944630622864,-0.10078733414411545
-0.15054389834403992,-0.5058103203773499,-0.13396774232387543
0.19082589447498322,-0.7414194941520691,-0.14708830416202545
-0.2560306787490845,-0.6819185018539429,-0.208893284201622
0.1962839663028717,-0.9700883626937866,-0.2116696983575821
-0.2804643511772156,-0.91136234998703,-0.2859095633029938
0.1907760053873062,-0.9924993515014648,-0.24373368918895721
-0.2810182273387909,-0.9440926313400269,-0.32211199402809143
0.16938771307468414,-1.019385814666748,-0.2506099343299866
-0.2635946571826935,-0.9791009426116943,-0.3062748610973358
0.18469326198101044,-0.9849256873130798,-0.21989832818508148
-0.2645135521888733,-0.929181694984436,-0.288424551486969
0.1092790886759758,-0.002700723009184003,0.009989235550165176
-0.10951437056064606,0.002130228793248534,-0.008977696299552917
0.11882376670837402,0.42491722106933594,0.01462475024163723
-0.12371768802404404,0.3980415463447571,-0.01678718999028206
0.18682004511356354,0.7665455937385559,0.1326754093170166
-0.13900387287139893,0.7579770088195801,0.10063143819570541
0.19797010719776154,0.8116767406463623,0.13616782426834106
-0.14048339426517487,0.8061444163322449,0.10379339754581451
0.21695953607559204,0.866168737411499,0.015712255612015724
-0.16120019555091858,0.8733068704605103,-0.015949521213769913
-
-0.006630835589021444,-0.6068601608276367,-0.26783108711242676
-0.002193479798734188,-0.6432733535766602,-0.2493395358324051
-0.0017758089816197753,-0.6438361406326294,-0.2486613392829895
-0.0019040771294385195,-0.6442754864692688,-0.24839726090431213
-0.034468166530132294,-0.6388638019561768,-0.24959512054920197
-0.033954717218875885,-0.6396809220314026,-0.25030556321144104
-0.034140944480895996,-0.6410046219825745,-0.2498563826084137
0.04651376232504845,-0.6297833323478699,-0.13637608289718628
-0.10223286598920822,-0.6132091283798218,-0.14939101040363312
0.01793721504509449,-0.5832885503768921,-0.2270621657371521
-0.0264571625739336,-0.5774027705192566,-0.23043590784072876
0.1294955462217331,-0.5255694389343262,-0.09456956386566162
-0.15054532885551453,-0.5056222081184387,-0.12624388933181763
0.19544824957847595,-0.7364891767501831,-0.13916881382465363
-0.25732144713401794,-0.6752878427505493,-0.19625835120677948
0.20172807574272156,-0.9618645906448364,-0.20996567606925964
-0.281734824180603,-0.9024710655212402,-0.2743419408798218
0.19806517660617828,-0.9833974838256836,-0.2429446429014206
-0.2814418375492096,-0.9351900815963745,-0.3107664883136749
0.17705775797367096,-1.0095725059509277,-0.2464616447687149
-0.26431509852409363,-0.9699196219444275,-0.2953251600265503
0.19077354669570923,-0.9760966897010803,-0.21659024059772491
-0.2660079896450043,-0.9200658798217773,-0.2769642770290375
0.10925648361444473,-0.002697437535971403,0.01006231363862753
-0.10949654132127762,0.0021268706768751144,-0.009038063697516918
0.11907543987035751,0.4248470366001129,0.013665623962879181
-0.12481469660997391,0.39803189039230347,-0.01682382822036743
0.18648681044578552,0.7665941715240479,0.13035161793231964
-0.13987252116203308,0.7582362294197083,0.09887610375881195
0.19732730090618134,0.8117313385009766,0.13362398743629456
-0.14144320785999298,0.8064920902252197,0.10191022604703903
0.21629410982131958,0.8665624856948853,0.012315559200942516
-0.16312742233276367,0.87346351146698,-0.018060792237520218
-
-0.005788407288491726,-0.6082248091697693,-0.26296520233154297
-0.00044112172327004373,-0.644575297832489,-0.24430783092975616
-3.898204522556625e-05,-0.6451340317726135,-0.243624746799469
-0.00016533953021280468,-0.6455689668655396,-0.24336640536785126
-0.03284087032079697,-0.6401804089546204,-0.24455919861793518
-0.03233667463064194,-0.6410032510757446,-0.24527199566364288
-0.03253283351659775,-0.6423189043998718,-0.24480821192264557
0.04895668476819992,-0.630301296710968,-0.13134093582630157
-0.10036477446556091,-0.613908588886261,-0.14440543949604034
0.018699543550610542,-0.5842522382736206,-0.22237302362918854
-0.025884177535772324,-0.5783774852752686,-0.22574245929718018
0.1315564215183258,-0.5251994132995605,-0.08916916698217392
-0.1505541354417801,-0.505468487739563,-0.1210537701845169
0.20339654386043549,-0.736758828163147,-0.136575847864151
-0.26526713371276855,-0.6745908856391907,-0.189070463180542
0.2039622962474823,-0.9616579413414001,-0.1943870484828949
-0.2828628420829773,-0.9055150747299194,-0.2517046630382538
0.1985480785369873,-0.9828943610191345,-0.2252422571182251
-0.2815890610218048,-0.93943190574646,-0.28814807534217834
0.1782742440700531,-1.0085649490356445,-0.2307920753955841
-0.2635209858417511,-0.9737311601638794,-0.2686290442943573
0.19185574352741241,-0.9751448035240173,-0.20122717320919037
-0.2672159671783447,-0.9227210879325867,-0.2530834972858429
0.10926536470651627,-0.00271819019690156,0.010046198964118958
-0.10950873792171478,0.002147987950593233,-0.009015119634568691
0.11931901425123215,0.42464330792427063,0.012163945473730564
-0.1254953145980835,0.39795538783073425,-0.016705865040421486
0.18701013922691345,0.7665984034538269,0.1273367702960968
-0.1399775892496109,0.7582803964614868,0.09805841743946075
0.1978873312473297,0.8117398619651794,0.1304834932088852
-0.1415078192949295,0.8065215945243835,0.10102057456970215
0.21729154884815216,0.8666382431983948,0.00673479912802577
-0.1631646305322647,0.8735007047653198,-0.01947411522269249
-
-0.00061309669399634,-0.6089085340499878,-0.26427996158599854
0.0064987014047801495,-0.645365297794342,-0.24461638927459717
0.00688897306099534,-0.6459145545959473,-0.2439209669828415
0.006764719728380442,-0.6463497281074524,-0.24366231262683868
-0.02638211101293564,-0.6406450867652893,-0.2454497516155243
-0.025903958827257156,-0.6414737105369568,-0.24615955352783203
-0.026085564866662025,-0.6427755951881409,-0.24569071829319
0.054436687380075455,-0.6302849054336548,-0.13021166622638702
-0.09638608992099762,-0.6140971779823303,-0.14558888971805573
0.02237902581691742,-0.5849562883377075,-0.22345782816410065
-0.022682730108499527,-0.5788741111755371,-0.22761063277721405
0.13269825279712677,-0.5244184136390686,-0.08797101676464081
-0.15090177953243256,-0.5047856569290161,-0.12055753916501999
0.21028763055801392,-0.738281786441803,-0.1340520828962326
-0.2854909896850586,-0.6751419901847839,-0.18663236498832703
0.21765834093093872,-0.9592682123184204,-0.18852929770946503
-0.28976982831954956,-0.9066830277442932,-0.2511098384857178
0.21062929928302765,-0.9796589016914368,-0.21820072829723358
-0.2843645215034485,-0.9408114552497864,-0.28735285997390747
0.18879620730876923,-1.0051826238632202,-0.22560818493366241
-0.2646857798099518,-0.9757152795791626,-0.26823943853378296
0.2050762176513672,-0.9724283814430237,-0.19616766273975372
-0.27223533391952515,-0.9241868257522583,-0.2524033188819885
0.10926572978496552,-0.0027508402708917856,0.01025090180337429
-0.10951238125562668,0.002179194474592805,-0.009201748296618462
0.11944109201431274,0.4246000647544861,0.01135102566331625
-0.1269432157278061,0.3978927731513977,-0.017039958387613297
0.18639573454856873,0.7668430209159851,0.12469509243965149
-0.14111179113388062,0.7583181858062744,0.09490878134965897
0.19699764251708984,0.8120366930961609,0.1275905966758728
-0.1427900642156601,0.8065589666366577,0.09758057445287704
0.21676768362522125,0.8670634627342224,0.002922469051554799
-0.16562283039093018,0.8734500408172607,-0.022804418578743935
-
0.0030983183532953262,-0.6112077236175537,-0.2622435986995697
0.011176536791026592,-0.6471028923988342,-0.24357417225837708
0.011563953943550587,-0.6476777791976929,-0.24288305640220642
0.011427895165979862,-0.6481001377105713,-0.24262990057468414
-0.02212623879313469,-0.6432100534439087,-0.24357202649116516
-0.021663622930645943,-0.644025981426239,-0.24428558349609375
-0.021839089691638947,-0.6453492045402527,-0.2438080608844757
0.057207055389881134,-0.6306314468383789,-0.12719248235225677
-0.09471531212329865,-0.6155800819396973,-0.14312802255153656
0.024715224280953407,-0.5858473777770996,-0.22177115082740784
-0.020706603303551674,-0.5806067585945129,-0.2252771258354187
0.13292326033115387,-0.52386075258255,-0.08540470898151398
-0.15311291813850403,-0.5029183626174927,-0.11782240122556686
0.2175799161195755,-0.7359407544136047,-0.11627783626317978
-0.30460095405578613,-0.6730334162712097,-0.18355205655097961
0.2290758341550827,-0.9548410773277283,-0.16495102643966675
-0.29923686385154724,-0.9026749134063721,-0.250192791223526
0.2198161631822586,-0.9751765727996826,-0.19341108202934265
-0.2901191711425781,-0.9366496801376343,-0.2856799066066742
0.1973572075366974,-1.000507116317749,-0.2016456425189972
-0.2690187394618988,-0.9709751605987549,-0.2640223205089569
0.21622976660728455,-0.9678541421890259,-0.1726481318473816
-0.2803981304168701,-0.9199051260948181,-0.2506706118583679
0.10926233232021332,-0.0028710700571537018,0.010695906355977058
-0.10951129347085953,0.0022979641798883677,-0.009617256931960583
0.11937352269887924,0.4244224727153778,0.011069042608141899
-0.12809441983699799,0.3977757394313812,-0.017425643280148506
0.18610718846321106,0.7670127153396606,0.12286697328090668
-0.14172431826591492,0.7583527565002441,0.09159944206476212
0.19652408361434937,0.8122743368148804,0.12557834386825562
-0.14351317286491394,0.8065905570983887,0.0940561592578888
0.21644434332847595,0.8675203323364258,-0.00011927058949368075
-0.1671975702047348,0.8733485341072083,-0.026151061058044434
-
0.003770804265514016,-0.615021288394928,-0.25208213925361633
0.011857039295136929,-0.6504794359207153,-0.23117472231388092
0.012249899096786976,-0.651070773601532,-0.2304980754852295
0.012103310786187649,-0.6514759659767151,-0.23024286329746246
-0.021458890289068222,-0.6469754576683044,-0.23229554295539856
-0.020997866988182068,-0.6477915644645691,-0.2329968363046646
-0.02117430791258812,-0.6491298079490662,-0.23251967132091522
0.0576811209321022,-0.6312893629074097,-0.1140858381986618
-0.09423325955867767,-0.6176045536994934,-0.13323548436164856
0.025218771770596504,-0.588258683681488,-0.21171778440475464
-0.020229941233992577,-0.5835119485855103,-0.21637222170829773
0.1330910176038742,-0.5236853957176208,-0.07371443510055542
-0.1551632434129715,-0.5006597638130188,-0.1062048152089119
0.22073203325271606,-0.735266387462616,-0.09492196887731552
-0.317462295293808,-0.6672647595405579,-0.1745939999818802
0.23677805066108704,-0.9549176096916199,-0.14193591475486755
-0.30745649337768555,-0.8971865773200989,-0.24385428428649902
0.22696232795715332,-0.9752306342124939,-0.1695348471403122
-0.2957398295402527,-0.9323596358299255,-0.2790911793708801
0.20476661622524261,-0.9997384548187256,-0.17883005738258362
-0.2739916741847992,-0.966355562210083,-0.2549254894256592
0.22440218925476074,-0.9673206806182861,-0.14976812899112701
-0.28777453303337097,-0.9142400622367859,-0.24334575235843658
0.10926634073257446,-0.002950101625174284,0.010831913910806179
-0.10951805114746094,0.0023777359165251255,-0.009739072062075138
0.11929342150688171,0.4240427315235138,0.011133002117276192
-0.12848609685897827,0.3974115252494812,-0.0174142736941576
0.18627406656742096,0.7669327259063721,0.12243875861167908
-0.14189711213111877,0.7583733797073364,0.09010706096887589
0.19672389328479767,0.8122044205665588,0.1250579059123993
-0.14372745156288147,0.8066217303276062,0.09243011474609375
0.2169031798839569,0.8674370050430298,-0.00067307916469872
-0.168267622590065,0.8731166124343872,-0.027502020820975304
-
0.003986815921962261,-0.6170119047164917,-0.2516891658306122
0.012025507166981697,-0.6523343920707703,-0.23083774745464325
0.012427357956767082,-0.6529245376586914,-0.23015928268432617
0.012271571904420853,-0.6533304452896118,-0.22990524768829346
-0.02126774750649929,-0.6490322947502136,-0.2319381833076477
-0.020804904401302338,-0.6498432159423828,-0.23264117538928986
-0.02098122425377369,-0.6511844396591187,-0.232162207365036
0.05791173875331879,-0.6317415833473206,-0.11397416144609451
-0.09374610334634781,-0.6189979314804077,-0.13283437490463257
0.025406749919056892,-0.5895576477050781,-0.2113415002822876
-0.01997864432632923,-0.5851114988327026,-0.21597439050674438
0.13334806263446808,-0.5224796533584595,-0.07347769290208817
-0.1555120199918747,-0.49698778986930847,-0.10601791739463806
0.22229507565498352,-0.7339377403259277,-0.09419174492359161
-0.31742575764656067,-0.6467559337615967,-0.17624251544475555
0.2432723492383957,-0.9531563520431519,-0.1435965895652771
-0.311408668756485,-0.8770060539245605,-0.2615514099597931
0.2342708557844162,-0.9733152985572815,-0.17094966769218445
-0.3000125288963318,-0.9130892753601074,-0.2980300784111023
0.21436920762062073,-0.9981399774551392,-0.18042533099651337
-0.2797161936759949,-0.946764349937439,-0.27321869134902954
0.23221752047538757,-0.9658012986183167,-0.15150859951972961
-0.29227757453918457,-0.894636332988739,-0.2610478699207306
0.10922857373952866,-0.0030473177321255207,0.010885799303650856
-0.10948362946510315,0.00247708591632545,-0.009787317365407944
0.11929628252983093,0.42368084192276,0.011567546054720879
-0.12812539935112,0.39719870686531067,-0.01707325503230095
0.1864393651485443,0.765688419342041,0.12297523021697998
-0.14033789932727814,0.7584221959114075,0.09026969969272614
0.19691027700901031,0.8108693957328796,0.1256491094827652
-0.14199888706207275,0.8067008852958679,0.09260162711143494
0.21710513532161713,0.8673081398010254,0.0005697328015230596
-0.16730806231498718,0.8731685876846313,-0.027185983955860138
-
0.003954731859266758,-0.6271303296089172,-0.23835651576519012
0.01194530539214611,-0.6622615456581116,-0.21589630842208862
0.012346298433840275,-0.6628455519676208,-0.2152744084596634
0.01219143345952034,-0.6632469892501831,-0.21501930058002472
-0.021329162642359734,-0.6585712432861328,-0.216981440782547
-0.02086709626019001,-0.659404993057251,-0.21767209470272064
-0.021043147891759872,-0.6607418060302734,-0.21722154319286346
0.057905811816453934,-0.6379009485244751,-0.09998966753482819
-0.09369424730539322,-0.6244948506355286,-0.11689310520887375
0.025458941236138344,-0.5980756878852844,-0.19914661347866058
-0.019911913201212883,-0.5932427048683167,-0.20334544777870178
0.13366955518722534,-0.5228888392448425,-0.06317970901727676
-0.1562480330467224,-0.49636346101760864,-0.08842828869819641
0.22670550644397736,-0.733444333076477,-0.08815471082925797
-0.3217972218990326,-0.64255291223526,-0.1582692414522171
0.244792178273201,-0.949192225933075,-0.14251521229743958
-0.3141518831253052,-0.8718366622924805,-0.2447783201932907
0.23533935844898224,-0.9693543314933777,-0.17092563211917877
-0.3015008270740509,-0.9084691405296326,-0.2820921540260315
0.21487131714820862,-0.9919992685317993,-0.18002547323703766
-0.2822413742542267,-0.9422919750213623,-0.25683239102363586
0.23357093334197998,-0.9603009223937988,-0.15039308369159698
-0.29521942138671875,-0.8895432353019714,-0.24435286223888397
0.10923083871603012,-0.0032321454491466284,0.010881122201681137
-0.10948687046766281,0.0026645816396921873,-0.009776548482477665
0.11937246471643448,0.4209267795085907,0.011622241698205471
-0.12739038467407227,0.3969987630844116,-0.01698852702975273
0.18933820724487305,0.76020747423172,0.12460419535636902
-0.13756988942623138,0.7574798464775085,0.09035556018352509
0.20014545321464539,0.8052401542663574,0.12754729390144348
-0.13868291676044464,0.8057135939598083,0.09267224371433258
0.21888521313667297,0.8643747568130493,0.0016907576937228441
-0.15992814302444458,0.8730917572975159,-0.027113066986203194
-
0.005819203797727823,-0.6330252289772034,-0.20031580328941345
0.013332792557775974,-0.6683220267295837,-0.1768716424703598
0.013737288303673267,-0.6688914895057678,-0.17625398933887482
0.013541502878069878,-0.6692952513694763,-0.1759941130876541
-0.02001737430691719,-0.664180338382721,-0.1781083643436432
-0.019560866057872772,-0.6650489568710327,-0.17872782051563263
-0.019764849916100502,-0.6663947105407715,-0.1782587170600891
0.05887268856167793,-0.6445834636688232,-0.0599646158516407
-0.09297706931829453,-0.6295853853225708,-0.07628095895051956
0.027532510459423065,-0.6042937636375427,-0.16109870374202728
-0.017940739169716835,-0.5988253355026245,-0.16530339419841766
0.13732123374938965,-0.5253411531448364,-0.01775725930929184
-0.1568550169467926,-0.4962253272533417,-0.04527972638607025
0.2450847178697586,-0.7298183441162109,-0.0341683067381382
-0.3251006305217743,-0.6402421593666077,-0.10270612686872482
0.25074756145477295,-0.9359336495399475,-0.07230105251073837
-0.31353047490119934,-0.8652970790863037,-0.17230015993118286
0.23797693848609924,-0.955342173576355,-0.09772782772779465
-0.30001235008239746,-0.9014942049980164,-0.20604519546031952
0.21560633182525635,-0.973293125629425,-0.10141847282648087
-0.2812456786632538,-0.9315672516822815,-0.18274277448654175
0.2379857450723648,-0.9440022110939026,-0.0769071877002716
-0.29472941160202026,-0.8811136484146118,-0.17202045023441315
0.10937277227640152,-0.0033904584124684334,0.010861245915293694
-0.10961996018886566,0.002821126254275441,-0.009743616916239262
0.11986228823661804,0.4194691479206085,0.01602844148874283
-0.12668466567993164,0.39671945571899414,-0.01169046014547348
0.1911524534225464,0.7538541555404663,0.14066867530345917
-0.13330520689487457,0.7523109912872314,0.10090412944555283
0.20210982859134674,0.7986240983009338,0.14548632502555847
-0.13386417925357819,0.800247073173523,0.10471139848232269
0.22117766737937927,0.8609641194343567,0.018477395176887512
-0.15606923401355743,0.8708565831184387,-0.013992633670568466
-
0.00688535301014781,-0.6411811709403992,-0.16012156009674072
0.013514451682567596,-0.6769572496414185,-0.13599395751953125
0.013913124799728394,-0.6774938106536865,-0.13536086678504944
0.01370151061564684,-0.6778838634490967,-0.13514597713947296
-0.019801512360572815,-0.6718296408653259,-0.13728338479995728
-0.019352447241544724,-0.6727607846260071,-0.13790564239025116
-0.01956040784716606,-0.674076497554779,-0.13745851814746857
0.058861881494522095,-0.6538870930671692,-0.019334910437464714
-0.09297537803649902,-0.6346546411514282,-0.035852380096912384
0.028921155259013176,-0.6123786568641663,-0.1209179162979126
-0.016514189541339874,-0.6055623888969421,-0.12529835104942322
0.1413414627313614,-0.5297870635986328,0.021288232877850533
-0.15824243426322937,-0.496104896068573,-0.007033658679574728
0.2549683749675751,-0.7209351062774658,-0.005829524248838425
-0.3331129252910614,-0.6329454183578491,-0.06564100086688995
0.24973797798156738,-0.9241268038749695,-0.050709549337625504
-0.3131127655506134,-0.8470461368560791,-0.1316452920436859
0.23417027294635773,-0.9436379671096802,-0.07867623120546341
-0.29751452803611755,-0.8806423544883728,-0.16472430527210236
0.20823615789413452,-0.9594749212265015,-0.0795484259724617
-0.2781921327114105,-0.907102644443512,-0.1418866068124771
0.23744091391563416,-0.9308639764785767,-0.053937897086143494
-0.29437246918678284,-0.8603460192680359,-0.13111865520477295
0.10949205607175827,-0.0034141577780246735,0.010995229706168175
-0.10972821712493896,0.0028499718755483627,-0.009874537587165833
0.1202961727976799,0.41868487000465393,0.01893003284931183
-0.1271306574344635,0.395572304725647,-0.010341910645365715
0.19170084595680237,0.7530570030212402,0.14054858684539795
-0.13365674018859863,0.7471646070480347,0.10145790129899979
0.20294813811779022,0.7977190017700195,0.14499709010124207
-0.1341419667005539,0.794631838798523,0.10532840341329575
0.22790449857711792,0.8563736081123352,0.017840493470430374
-0.15619757771492004,0.8660139441490173,-0.014389530755579472
-
0.008571581915020943,-0.6477692723274231,-0.14633284509181976
0.014620085246860981,-0.6836729049682617,-0.12293464690446854
0.015001106075942516,-0.6841646432876587,-0.12230980396270752
0.014772670343518257,-0.6845560073852539,-0.12205132097005844
-0.01857813261449337,-0.6783008575439453,-0.12322661280632019
-0.018156524747610092,-0.6793164610862732,-0.12390195578336716
-0.01836864836513996,-0.6805935502052307,-0.12335754185914993
0.06048966571688652,-0.6597972512245178,-0.008703554980456829
-0.09104382246732712,-0.639500081539154,-0.020333154127001762
0.03141597658395767,-0.6182156801223755,-0.10794935375452042
-0.013881192542612553,-0.6110914945602417,-0.11099795997142792
0.15027841925621033,-0.5318504571914673,0.03495427966117859
-0.15768037736415863,-0.49632740020751953,0.013946199789643288
0.2769234776496887,-0.7076044082641602,0.008199073374271393
-0.3345226049423218,-0.6281663775444031,-0.03168904036283493
0.25812384486198425,-0.9112943410873413,-0.03951672837138176
-0.3126477897167206,-0.8376874327659607,-0.09331309795379639
0.23812654614448547,-0.9323566555976868,-0.06790878623723984
-0.29247820377349854,-0.8701174855232239,-0.1277720034122467
0.21132612228393555,-0.9480322599411011,-0.06840460747480392
-0.27219903469085693,-0.8950284123420715,-0.10523945838212967
0.2434186041355133,-0.9181302785873413,-0.0424194261431694
-0.2931967079639435,-0.8497741222381592,-0.09302003681659698
0.10957185924053192,-0.003377478336915374,0.010899702087044716
-0.1098019927740097,0.002820471068844199,-0.009791793301701546
0.1260213553905487,0.4181993901729584,0.01975838467478752
-0.12638868391513824,0.3946493864059448,-0.008776398375630379
0.1939830780029297,0.7539379596710205,0.13647650182247162
-0.13369226455688477,0.7471303939819336,0.10127803683280945
0.20526929199695587,0.7987604141235352,0.13996390998363495
-0.1342693418264389,0.7946786284446716,0.10507678240537643
0.23740556836128235,0.8565508127212524,0.011880171485245228
-0.15647433698177338,0.8647961020469666,-0.015050793066620827
-
0.008785702288150787,-0.6579046845436096,-0.14629770815372467
0.014845059253275394,-0.6938002705574036,-0.12257155776023865
0.01522043626755476,-0.6942670941352844,-0.1219581887125969
0.014983038417994976,-0.6946613192558289,-0.12174122780561447
-0.0183156318962574,-0.6888046860694885,-0.12274707108736038
-0.01790943555533886,-0.6898816823959351,-0.12343520671129227
-0.018115613609552383,-0.6911244988441467,-0.12284328788518906
0.06109987944364548,-0.6669048070907593,-0.008391606621444225
-0.09049581736326218,-0.6477788686752319,-0.01896081119775772
0.031819913536310196,-0.626715898513794,-0.10836032032966614
-0.01346892211586237,-0.619860827922821,-0.11117375642061234
0.15362277626991272,-0.5326278805732727,0.032917413860559464
-0.1579502671957016,-0.49774369597435,0.018752755597233772
0.29027825593948364,-0.6909595727920532,0.0003514691779855639
-0.34063050150871277,-0.6287829875946045,-0.01918810047209263
0.26115483045578003,-0.8962881565093994,-0.050802528858184814
-0.3119240701198578,-0.834859311580658,-0.07071363925933838
0.238377645611763,-0.9187080264091492,-0.07949470728635788
-0.2861747443675995,-0.8646124005317688,-0.10384877771139145
0.21154776215553284,-0.9338114261627197,-0.07818607240915298
-0.2655526101589203,-0.887422502040863,-0.0812455341219902
0.24538327753543854,-0.9031132459640503,-0.052942972630262375
-0.29162201285362244,-0.8456342816352844,-0.0701565071940422
0.1097455844283104,-0.003384944284334779,0.01039190124720335
-0.10997619479894638,0.0028289936017245054,-0.009322421625256538
0.13004213571548462,0.41742661595344543,0.019727878272533417
-0.12619157135486603,0.39351677894592285,-0.002797370310872793
0.1967928111553192,0.7531003355979919,0.13837723433971405
-0.1313505619764328,0.7415546774864197,0.11125507950782776
0.20820008218288422,0.7979384660720825,0.1422867327928543
-0.13143564760684967,0.7886438965797424,0.11543892323970795
0.2412920743227005,0.8554642796516418,0.013561354018747807
-0.15176089107990265,0.8593095541000366,-0.005898671690374613
-
0.010560937225818634,-0.6603524684906006,-0.13871170580387115
0.01629856787621975,-0.6964623332023621,-0.11547958850860596
0.016667217016220093,-0.6969300508499146,-0.11487588286399841
0.01639946922659874,-0.6973150372505188,-0.11463320255279541
-0.01670301891863346,-0.6911104321479797,-0.11515676230192184
-0.01633976213634014,-0.6922264695167542,-0.11589749157428741
-0.016524003818631172,-0.6934504508972168,-0.11517137289047241
0.06300503760576248,-0.6710291504859924,-0.002336355159059167
-0.08818311244249344,-0.6502348184585571,-0.009717411361634731
0.03427568078041077,-0.6296044588088989,-0.10111162811517715
-0.010888809338212013,-0.6222048401832581,-0.1030244305729866
0.16026829183101654,-0.5338186025619507,0.039960939437150955
-0.15759360790252686,-0.4981647729873657,0.03576793894171715
0.30758780241012573,-0.6738101840019226,0.002590877003967762
-0.34362268447875977,-0.6273735165596008,0.009428966790437698
0.26321595907211304,-0.8781634569168091,-0.054954059422016144
-0.31166189908981323,-0.8281010985374451,-0.03676305711269379
0.2379387617111206,-0.9014965295791626,-0.08334892988204956
-0.28333282470703125,-0.8553972840309143,-0.06860258430242538
0.21132266521453857,-0.9145272374153137,-0.0800543874502182
-0.2636931240558624,-0.8748101592063904,-0.0456404872238636
0.24627575278282166,-0.8840007781982422,-0.0557878203690052
-0.2915184199810028,-0.8368164896965027,-0.03586052358150482
0.10988245904445648,-0.003357731504365802,0.009365149773657322
-0.11010687798261642,0.0028084050863981247,-0.008374595083296299
0.13517451286315918,0.41731148958206177,0.018075795844197273
-0.12076697498559952,0.39302149415016174,-0.0009650971041992307
0.20053787529468536,0.753964900970459,0.1304047554731369
-0.12774033844470978,0.7418835759162903,0.11058000475168228
0.21216978132724762,0.7990987300872803,0.13364292681217194
-0.1280408501625061,0.7891206741333008,0.11451467126607895
0.24940772354602814,0.8564191460609436,0.002585061127319932
-0.15107735991477966,0.8595954179763794,-0.007019887678325176
-
0.012170130386948586,-0.660614550113678,-0.13956277072429657
0.01764647476375103,-0.6967536807060242,-0.11734457314014435
0.01802162081003189,-0.697224497795105,-0.11675068736076355
0.01772093027830124,-0.6976032853126526,-0.11652657389640808
-0.015083147212862968,-0.6912701725959778,-0.11645998060703278
-0.014750123955309391,-0.6924083232879639,-0.11721993237733841
-0.01491592638194561,-0.6936268210411072,-0.11644021421670914
0.06497060507535934,-0.6728215217590332,-0.0057879420928657055
-0.08493819087743759,-0.6513618230819702,-0.01035309862345457
0.03654338791966438,-0.6305102109909058,-0.10237281024456024
-0.008270051330327988,-0.622848391532898,-0.10334455966949463
0.1640307605266571,-0.5345683097839355,0.034218788146972656
-0.1572611927986145,-0.49866247177124023,0.043959010392427444
0.32111236453056335,-0.6565354466438293,-0.007725931238383055
-0.35028353333473206,-0.6164529919624329,0.025696391239762306
0.2625122666358948,-0.8515906929969788,-0.07439693063497543
-0.31514251232147217,-0.8087705373764038,-0.025015458464622498
0.23564480245113373,-0.874119758605957,-0.10604110360145569
-0.28359630703926086,-0.8341220617294312,-0.055719371885061264
0.20603762567043304,-0.8847321271896362,-0.09139088541269302
-0.26583555340766907,-0.8530684113502502,-0.033037617802619934
0.24534529447555542,-0.8560770750045776,-0.06938505172729492
-0.2954181134700775,-0.8171893954277039,-0.023830018937587738
0.10997442156076431,-0.0032645592000335455,0.006674279924482107
-0.11018408834934235,0.0027267206460237503,-0.00576014444231987
0.1357991099357605,0.4174312949180603,0.009267199784517288
-0.1171734556555748,0.393033891916275,0.0013458919711411
0.20627519488334656,0.7559844255447388,0.11481352895498276
-0.12289005517959595,0.7423021793365479,0.1102161556482315
0.21874171495437622,0.8013050556182861,0.1174740195274353
-0.1229541152715683,0.7896168828010559,0.11395061761140823
0.2536148726940155,0.858371376991272,-0.015672091394662857
-0.14851395785808563,0.8597328066825867,-0.007813743315637112
-
0.00919693149626255,-0.6590478420257568,-0.13443119823932648
0.014638706110417843,-0.6950801014900208,-0.1142081469297409
0.015028071589767933,-0.6955660581588745,-0.11363448947668076
0.014681785367429256,-0.6959508657455444,-0.11340317130088806
-0.017647869884967804,-0.6898898482322693,-0.11181072145700455
-0.017337173223495483,-0.6909735798835754,-0.11260285973548889
-0.01750706136226654,-0.6922111511230469,-0.11179853975772858
0.06411432474851608,-0.6716451644897461,-0.0062499926425516605
-0.08501420170068741,-0.650501549243927,-0.003971879370510578
0.03495025634765625,-0.6290699243545532,-0.09826519340276718
-0.009312069974839687,-0.6217097043991089,-0.09715359658002853
0.16349734365940094,-0.534411609172821,0.03835233300924301
-0.1569918692111969,-0.49762025475502014,0.056949108839035034
0.3274034261703491,-0.6370120644569397,-0.010211922228336334
-0.3532942533493042,-0.5882025361061096,0.05014239624142647
0.2659575641155243,-0.8279539346694946,-0.07691405713558197
-0.3178015649318695,-0.772480309009552,-0.0011847810819745064
0.23580153286457062,-0.8498779535293579,-0.10955715924501419
-0.28438693284988403,-0.795602560043335,-0.030143382027745247
0.20604507625102997,-0.8595209717750549,-0.09602933377027512
-0.26919546723365784,-0.8140091300010681,-0.008552643470466137
0.24768713116645813,-0.8319149613380432,-0.07199126482009888
-0.29889115691185,-0.7809513807296753,0.0002522194408811629
0.10997097194194794,-0.003146521048620343,0.00465201772749424
-0.11017490178346634,0.002619665814563632,-0.0037671264726668596
0.1356739103794098,0.4175182580947876,0.002249171258881688
-0.11582962423563004,0.39352187514305115,0.0010229542385786772
0.21224400401115417,0.759289562702179,0.09519428014755249
-0.12326108664274216,0.7465974688529968,0.1013174057006836
0.22572417557239532,0.804678201675415,0.0966353714466095
-0.12341590225696564,0.7939113974571228,0.10385141521692276
0.26026323437690735,0.8593814373016357,-0.038800619542598724
-0.14876924455165863,0.8645616173744202,-0.022214503958821297
-
0.009221982210874557,-0.6580184698104858,-0.13720981776714325
0.014629156328737736,-0.6940852999687195,-0.11661627888679504
0.01501917652785778,-0.6945549845695496,-0.1160411462187767
0.014670686796307564,-0.6949422955513,-0.11582449078559875
-0.01766272634267807,-0.6887940168380737,-0.11509953439235687
-0.0173504576086998,-0.6898833513259888,-0.11590874940156937
-0.017520539462566376,-0.6911157369613647,-0.11511914432048798
0.06396430730819702,-0.6712982654571533,-0.006623942870646715
-0.08508162945508957,-0.6498956084251404,-0.008333832025527954
0.03491015359759331,-0.6283490061759949,-0.10024449974298477
-0.009340573102235794,-0.6208789348602295,-0.10028108209371567
0.16285429894924164,-0.533689558506012,0.04350605607032776
-0.15686990320682526,-0.49597713351249695,0.05116976797580719
0.33386483788490295,-0.6201791763305664,-0.007825848646461964
-0.35766375064849854,-0.5722671151161194,0.036647748202085495
0.2744329273700714,-0.8077037930488586,-0.0782637894153595
-0.32509565353393555,-0.7581307291984558,-0.021175643429160118
0.24183069169521332,-0.8301966786384583,-0.11228638887405396
-0.2916400730609894,-0.7837256193161011,-0.05132913216948509
0.21077175438404083,-0.8409034609794617,-0.09943768382072449
-0.27931055426597595,-0.803847074508667,-0.029585357755422592
0.25533953309059143,-0.812393844127655,-0.07445725798606873
-0.3071450889110565,-0.7679001688957214,-0.019946863874793053
0.10993579030036926,-0.0030937271658331156,0.0045625995844602585
-0.11012981832027435,0.0025728989858180285,-0.0036799816880375147
0.1372557431459427,0.41747450828552246,-0.0011153052328154445
-0.11558762937784195,0.39454352855682373,0.0005462858825922012
0.2135862559080124,0.7606530785560608,0.0902484729886055
-0.12406675517559052,0.7502496838569641,0.09375154227018356
0.22670453786849976,0.8060527443885803,0.09151793271303177
-0.12430280447006226,0.7975311875343323,0.09556462615728378
0.26001277565956116,0.8604307174682617,-0.044616736471652985
-0.14910559356212616,0.8670626878738403,-0.03284329175949097
-
0.009875088930130005,-0.6578196287155151,-0.1414990872144699
0.015154344961047173,-0.6938156485557556,-0.12071537226438522
0.015556871891021729,-0.6942638754844666,-0.12013622373342514
0.015193897299468517,-0.694658637046814,-0.11992798000574112
-0.017176993191242218,-0.6884477734565735,-0.11964727193117142
-0.016867294907569885,-0.6895554661750793,-0.12045320123434067
-0.017040830105543137,-0.6907784342765808,-0.1196768581867218
0.06402899324893951,-0.6709928512573242,-0.009871027432382107
-0.08482193946838379,-0.6496210694313049,-0.013851486146450043
0.035272374749183655,-0.6282025575637817,-0.10417790710926056
-0.008896342478692532,-0.6206472516059875,-0.10487761348485947
0.1624068170785904,-0.5306271314620972,0.04128745570778847
-0.15664251148700714,-0.4943973422050476,0.04375526309013367
0.3324306309223175,-0.5996613502502441,-0.010631216689944267
-0.3610757887363434,-0.5553826689720154,0.023677419871091843
0.27939048409461975,-0.7832289338111877,-0.0936029925942421
-0.32848024368286133,-0.7331942915916443,-0.03836127743124962
0.24738740921020508,-0.8056000471115112,-0.1278921216726303
-0.2956355810165405,-0.7575974464416504,-0.0688103660941124
0.21710599958896637,-0.8176040649414062,-0.11555228382349014
-0.28428369760513306,-0.7781304717063904,-0.04692818596959114
0.26085227727890015,-0.7887484431266785,-0.08994832634925842
-0.31087812781333923,-0.7431276440620422,-0.0371243953704834
0.1098821610212326,-0.0030206600204110146,0.004542098846286535
-0.11006646603345871,0.0025040891487151384,-0.003656890010461211
0.13715313374996185,0.4177197515964508,-0.001410262193530798
-0.11548511683940887,0.39568713307380676,0.0003209835267625749
0.21498160064220428,0.7625049948692322,0.09039956331253052
-0.12438972294330597,0.7529499530792236,0.09183956682682037
0.22815151512622833,0.8078092932701111,0.09156189858913422
-0.12467408925294876,0.8001502156257629,0.09342829883098602
0.2609569728374481,0.8611875772476196,-0.044149916619062424
-0.1492289900779724,0.868458092212677,-0.03507422283291817
-
0.009725878946483135,-0.658379077911377,-0.1442970484495163
0.015029292553663254,-0.69426429271698,-0.12394055724143982
0.01544354110956192,-0.6946984529495239,-0.12340764701366425
0.015070433728396893,-0.6951006054878235,-0.12326102703809738
-0.017323989421129227,-0.6888538599014282,-0.12259785085916519
-0.017018262296915054,-0.6899648308753967,-0.12349644303321838
-0.01719546690583229,-0.6911826133728027,-0.12256458401679993
0.06395195424556732,-0.6707823276519775,-0.01374905463308096
-0.08486158400774002,-0.6496140360832214,-0.01643851213157177
0.035091955214738846,-0.6284934878349304,-0.10776908695697784
-0.009001098573207855,-0.6209396719932556,-0.10790867358446121
0.16204380989074707,-0.5224819779396057,0.037970542907714844
-0.15661482512950897,-0.4920750856399536,0.037646450102329254
0.3258817791938782,-0.5598816871643066,-0.02101709507405758
-0.3641774654388428,-0.5312722325325012,0.01254264172166586
0.2789791524410248,-0.740363359451294,-0.12574560940265656
-0.32918938994407654,-0.7007829546928406,-0.04138713702559471
0.24957643449306488,-0.7650052905082703,-0.15767604112625122
-0.29670608043670654,-0.7251675128936768,-0.06972743570804596
0.22285857796669006,-0.7799679636955261,-0.14820906519889832
-0.285122811794281,-0.7475089430809021,-0.05001717060804367
0.26180288195610046,-0.7477967739105225,-0.1235898807644844
-0.31151193380355835,-0.7114714980125427,-0.03916448727250099
0.10985349118709564,-0.0029727723449468613,0.004370692186057568
-0.11003619432449341,0.002453634049743414,-0.0034888952504843473
0.13776950538158417,0.41800329089164734,-0.0008932248456403613
-0.11488905549049377,0.3963087499141693,0.0006640578503720462
0.2167784422636032,0.7638960480690002,0.09305883944034576
-0.12463482469320297,0.7537602186203003,0.09218930453062057
0.23011437058448792,0.8091297149658203,0.0945090726017952
-0.12495674192905426,0.8009050488471985,0.09358931332826614
0.26453959941864014,0.8622006773948669,-0.04002225399017334
-0.149336576461792,0.8686134219169617,-0.03443141281604767
-
0.009705786593258381,-0.6581101417541504,-0.14599278569221497
0.015035422518849373,-0.693957507610321,-0.12553201615810394
0.015454131178557873,-0.6943788528442383,-0.12497229874134064
0.01507950946688652,-0.6947906017303467,-0.12478040158748627
-0.01734354719519615,-0.6886217594146729,-0.12418700754642487
-0.017036933451890945,-0.6897293329238892,-0.12503710389137268
-0.01721636950969696,-0.6909410953521729,-0.12418200820684433
0.0639229267835617,-0.6705532670021057,-0.015507213771343231
-0.08493175357580185,-0.6493802070617676,-0.018551988527178764
0.0349598154425621,-0.6281527876853943,-0.1093989834189415
-0.009151855483651161,-0.6206495761871338,-0.10963810980319977
0.16158680617809296,-0.5114450454711914,0.03615200147032738
-0.1563190221786499,-0.4879242777824402,0.03349034860730171
0.32226288318634033,-0.5312882661819458,-0.02183017134666443
-0.36202293634414673,-0.5148249268531799,0.0111013725399971
0.2790001928806305,-0.7054204344749451,-0.1289002001285553
-0.328450083732605,-0.6776760220527649,-0.06764062494039536
0.25115400552749634,-0.7280486226081848,-0.1604231894016266
-0.29662051796913147,-0.7003529071807861,-0.09745018929243088
0.22651873528957367,-0.7448133826255798,-0.15217894315719604
-0.28477901220321655,-0.7214391231536865,-0.07691188901662827
0.26264503598213196,-0.713485598564148,-0.12740767002105713
-0.31064388155937195,-0.687396228313446,-0.06540237367153168
0.10960560292005539,-0.002933013951405883,0.004896754864603281
-0.10976646840572357,0.002413426758721471,-0.004020318388938904
0.13765282928943634,0.4188484251499176,-0.0005212677642703056
-0.11496054381132126,0.39638158679008484,0.0003034838882740587
0.2169744223356247,0.7643051147460938,0.09498395025730133
-0.12554138898849487,0.7541720867156982,0.09250141680240631
0.23053814470767975,0.8093417286872864,0.09636826813220978
-0.12592880427837372,0.8012468218803406,0.09389573335647583
0.26750969886779785,0.8622227907180786,-0.03839221969246864
-0.14917227625846863,0.8685849905014038,-0.03374573215842247
-
0.008642703294754028,-0.6581053733825684,-0.1497240513563156
0.014757983386516571,-0.6938956379890442,-0.12974077463150024
0.01519092172384262,-0.6942983269691467,-0.1292305588722229
0.014810002408921719,-0.6947242617607117,-0.1290966123342514
-0.017796363681554794,-0.6888298392295837,-0.12810011208057404
-0.01748689077794552,-0.6899352073669434,-0.1289941966533661
-0.017677370458841324,-0.6911393404006958,-0.12804965674877167
0.06389471888542175,-0.6703476905822754,-0.01892787404358387
-0.08497430384159088,-0.6497246623039246,-0.02090734802186489
0.033462390303611755,-0.6279468536376953,-0.11316642165184021
-0.010652749799191952,-0.6206738352775574,-0.11299068480730057
0.1592371016740799,-0.5032542943954468,0.03429538384079933
-0.1560819149017334,-0.48589134216308594,0.03080887161195278
0.3208339810371399,-0.5047139525413513,-0.02227947488427162
-0.3615978956222534,-0.4966098368167877,0.0051980470307171345
0.27996698021888733,-0.675513505935669,-0.12770801782608032
-0.32816681265830994,-0.6538294553756714,-0.07208205759525299
0.2541288137435913,-0.6986098885536194,-0.15869659185409546
-0.2956956923007965,-0.6753838658332825,-0.10149901360273361
0.23338380455970764,-0.7174441814422607,-0.15173950791358948
-0.2841731905937195,-0.6974416375160217,-0.08061101287603378
0.2651499807834625,-0.68473219871521,-0.1267089992761612
-0.31027713418006897,-0.663862407207489,-0.06942147761583328
0.10924969613552094,-0.0029007091652601957,0.005036307033151388
-0.10939284414052963,0.00237857922911644,-0.004161549732089043
0.13763846457004547,0.41930365562438965,0.000723346252925694
-0.11520636081695557,0.3965115547180176,0.00017209166253451258
0.21799223124980927,0.7646748423576355,0.10002684593200684
-0.12992708384990692,0.7547302842140198,0.09444302320480347
0.2316117286682129,0.8095820546150208,0.10159243643283844
-0.13082200288772583,0.8017444610595703,0.09604577720165253
0.2680911421775818,0.8625234365463257,-0.033768512308597565
-0.15058264136314392,0.8685818314552307,-0.032991912215948105
-
0.008109819144010544,-0.6573585867881775,-0.16291792690753937
0.014602427370846272,-0.6932471394538879,-0.1442340612411499
0.015043403021991253,-0.6936226487159729,-0.14375056326389313
0.014661001972854137,-0.6940669417381287,-0.14365306496620178
-0.01805504411458969,-0.6884320378303528,-0.1427966058254242
-0.017745325341820717,-0.6895244121551514,-0.1437225490808487
-0.017941446974873543,-0.6907157897949219,-0.14277838170528412
0.06386531889438629,-0.669846773147583,-0.03199996054172516
-0.08500796556472778,-0.649623453617096,-0.03559216856956482
0.0325111448764801,-0.6273477077484131,-0.12539374828338623
-0.011478872038424015,-0.6203412413597107,-0.125450000166893
0.15830875933170319,-0.4971189796924591,0.03277117386460304
-0.15505674481391907,-0.48402881622314453,0.02661999873816967
0.3202044367790222,-0.4705539643764496,-0.032954249531030655
-0.3545646369457245,-0.4687221646308899,-0.012891949154436588
0.2817196547985077,-0.6431606411933899,-0.15830139815807343
-0.3248189687728882,-0.6219642162322998,-0.1297655552625656
0.2575671970844269,-0.6689292192459106,-0.19093847274780273
-0.29418468475341797,-0.6433289647102356,-0.16436488926410675
0.24065649509429932,-0.6915335059165955,-0.18525323271751404
-0.2835254967212677,-0.6667301058769226,-0.14455510675907135
0.26809608936309814,-0.6551107168197632,-0.15804100036621094
-0.30781736969947815,-0.6327866315841675,-0.1289580762386322
0.10889735817909241,-0.0028830079827457666,0.005211797542870045
-0.10901491343975067,0.0023578389082103968,-0.004346051719039679
0.1375667303800583,0.41945263743400574,0.003262663260102272
-0.11511601507663727,0.39660391211509705,0.0005218363367021084
0.2182251513004303,0.7649761438369751,0.10486283153295517
-0.12992185354232788,0.7548664808273315,0.09925232827663422
0.23178431391716003,0.8097975850105286,0.10652349144220352
-0.13081476092338562,0.8018137812614441,0.10123590379953384
0.2673921585083008,0.8627654314041138,-0.02739209309220314
-0.14958111941814423,0.8684535026550293,-0.027895014733076096
-
0.009367105551064014,-0.6555854678153992,-0.16878725588321686
0.016645299270749092,-0.6913929581642151,-0.1502760797739029
0.01711331121623516,-0.6917438507080078,-0.14980320632457733
0.016729291528463364,-0.6922109127044678,-0.14970624446868896
-0.016240766271948814,-0.6872771978378296,-0.14968325197696686
-0.015932245180010796,-0.6883477568626404,-0.15063998103141785
-0.016137059777975082,-0.68952876329422,-0.14966624975204468
0.06523604691028595,-0.6680497527122498,-0.0363638810813427
-0.08352309465408325,-0.6495633721351624,-0.04425545409321785
0.032890185713768005,-0.6257492899894714,-0.13037526607513428
-0.011031078174710274,-0.6194778680801392,-0.13160927593708038
0.15786385536193848,-0.49285227060317993,0.03179024159908295
-0.15304188430309296,-0.48231595754623413,0.02116074226796627
0.3184332847595215,-0.4604945182800293,-0.036962252110242844
-0.349261075258255,-0.4549909830093384,-0.03331466019153595
0.28183016180992126,-0.6279163360595703,-0.16259486973285675
-0.31867367029190063,-0.6053683161735535,-0.16043660044670105
0.257597953081131,-0.6543624997138977,-0.1942375898361206
-0.2896469831466675,-0.6293683648109436,-0.19571833312511444
0.24090515077114105,-0.6771694421768188,-0.18793976306915283
-0.2791935205459595,-0.6522469520568848,-0.17455613613128662
0.2682662606239319,-0.6398664712905884,-0.16196876764297485
-0.30213165283203125,-0.6163840889930725,-0.15930162370204926
0.10857409983873367,-0.002857404528185725,0.0055352747440338135
-0.10867003351449966,0.0023294263519346714,-0.0046761068515479565
0.13751327991485596,0.4200877845287323,0.005507614929229021
-0.11546135693788528,0.3971271514892578,0.0005050587933510542
0.21911713480949402,0.7663058042526245,0.10617497563362122
-0.13049252331256866,0.7558785080909729,0.09979825466871262
0.2325723022222519,0.8109971284866333,0.1078372523188591
-0.13144591450691223,0.8026517033576965,0.10188835859298706
0.2671039402484894,0.8648757338523865,-0.02430003508925438
-0.14963926374912262,0.8691812753677368,-0.02625281549990177
-
0.008787231519818306,-0.6590688824653625,-0.16949468851089478
0.016393795609474182,-0.6943707466125488,-0.15064162015914917
0.016873693093657494,-0.6947000622749329,-0.15017089247703552
0.01648934744298458,-0.6951836943626404,-0.15007492899894714
-0.016563517972826958,-0.6906183958053589,-0.14986787736415863
-0.01625501550734043,-0.6916608214378357,-0.15082953870296478
-0.016457661986351013,-0.6928166747093201,-0.149861678481102
0.06535373628139496,-0.6682658791542053,-0.037166498601436615
-0.0833345502614975,-0.65178382396698,-0.044249873608350754
0.032308660447597504,-0.6279234290122986,-0.13153231143951416
-0.011497261933982372,-0.6220991611480713,-0.13242828845977783
0.1575748771429062,-0.4899432063102722,0.031515687704086304
-0.1507791131734848,-0.47904860973358154,0.018870141357183456
0.3180701434612274,-0.4455135762691498,-0.048900116235017776
-0.33824050426483154,-0.4266167879104614,-0.04598550871014595
0.2821199297904968,-0.6035394668579102,-0.1841479241847992
-0.31468549370765686,-0.5722361207008362,-0.1806202232837677
0.2589358985424042,-0.6293084621429443,-0.21518829464912415
-0.2878158390522003,-0.597670316696167,-0.21702571213245392
0.2439662665128708,-0.6522553563117981,-0.20879817008972168
-0.2785069942474365,-0.6235451102256775,-0.19703853130340576
0.26908305287361145,-0.6156279444694519,-0.1837373822927475
-0.2992430329322815,-0.5849441289901733,-0.1801106184720993
0.10832592099905014,-0.0028240715619176626,0.005571078974753618
-0.10841719806194305,0.002296463353559375,-0.004724681843072176
0.13737215101718903,0.42019030451774597,0.007477549836039543
-0.11550400406122208,0.39796847105026245,0.0008421068778261542
0.21911531686782837,0.7666100263595581,0.108540840446949
-0.13061925768852234,0.7583103775978088,0.10141005367040634
0.23250433802604675,0.8112149238586426,0.11016137152910233
-0.13157358765602112,0.8048577904701233,0.10360980778932571
0.26660478115081787,0.8654574751853943,-0.020756537094712257
-0.14940182864665985,0.8706942200660706,-0.02372458018362522
-
0.009073245339095592,-0.6594022512435913,-0.17245808243751526
0.016973335295915604,-0.6946070790290833,-0.1532938927412033
0.017472341656684875,-0.6949361562728882,-0.1528296023607254
0.01708761788904667,-0.6954256296157837,-0.15271833539009094
-0.016070030629634857,-0.6909621357917786,-0.15208551287651062
-0.015763232484459877,-0.6919915676116943,-0.1530771404504776
-0.015961874276399612,-0.6931385397911072,-0.15211230516433716
0.0675940290093422,-0.6681520342826843,-0.040466468781232834
-0.08093056082725525,-0.6525792479515076,-0.04584113135933876
0.032619722187519073,-0.6281476616859436,-0.13507527112960815
-0.011124570854008198,-0.6224660277366638,-0.1354004144668579
0.15850377082824707,-0.4855957627296448,0.028935378417372704
-0.14726939797401428,-0.4765121042728424,0.013445707969367504
0.31688249111175537,-0.4234287738800049,-0.06370815634727478
-0.3307932913303375,-0.40507566928863525,-0.05950178951025009
0.28358396887779236,-0.578342854976654,-0.21130992472171783
-0.31111839413642883,-0.5449132919311523,-0.20598767697811127
0.2615850865840912,-0.6051863431930542,-0.2430831342935562
-0.2860478460788727,-0.5707359910011292,-0.24463027715682983
0.24883288145065308,-0.6294198632240295,-0.23613056540489197
-0.27722498774528503,-0.5989192724227905,-0.22585119307041168
0.2713136672973633,-0.5913046598434448,-0.21103017032146454
-0.2962207794189453,-0.5586572289466858,-0.20605194568634033
0.10821736603975296,-0.0027127827052026987,0.005740438587963581
-0.10830841958522797,0.002182433847337961,-0.004924003034830093
0.13706840574741364,0.42026573419570923,0.010144324973225594
-0.11539121717214584,0.3981241285800934,0.0011666319333016872
0.21879960596561432,0.7665945291519165,0.11522872745990753
-0.13053232431411743,0.7583853006362915,0.1066618338227272
0.23215994238853455,0.811165452003479,0.11739112436771393
-0.13148008286952972,0.804887592792511,0.10950291901826859
0.26560720801353455,0.8656134009361267,-0.011930839158594608
-0.1481197625398636,0.8707362413406372,-0.01716063916683197
-
0.009040030650794506,-0.6592352986335754,-0.17285901308059692
0.01704554073512554,-0.6944577693939209,-0.15362513065338135
0.017552576959133148,-0.6947898864746094,-0.1531606763601303
0.017170526087284088,-0.6952775716781616,-0.15303835272789001
-0.016017237678170204,-0.6908274292945862,-0.15221978724002838
-0.01571001671254635,-0.6918525695800781,-0.15321289002895355
-0.015906812623143196,-0.6930010318756104,-0.15225142240524292
0.06882485747337341,-0.6680850982666016,-0.041366882622241974
-0.07951538264751434,-0.6534132957458496,-0.04584680125117302
0.03258810192346573,-0.6280383467674255,-0.1357436627149582
-0.011139115318655968,-0.6224144101142883,-0.13577410578727722
0.15893717110157013,-0.4824134409427643,0.027064787223935127
-0.1460047960281372,-0.47510695457458496,0.01227162592113018
0.31661707162857056,-0.40596720576286316,-0.07376376539468765
-0.32188233733177185,-0.3884078562259674,-0.06664389371871948
0.2826204001903534,-0.5469898581504822,-0.22668658196926117
-0.3075397312641144,-0.5243662595748901,-0.22847041487693787
0.26082271337509155,-0.5702058672904968,-0.2589370608329773
-0.28468483686447144,-0.5501094460487366,-0.2693934142589569
0.2472652792930603,-0.5960619449615479,-0.251993328332901
-0.2760125398635864,-0.5793997049331665,-0.2522227466106415
0.2707136273384094,-0.5600722432136536,-0.2263484001159668
-0.2931010127067566,-0.5385836362838745,-0.2291858196258545
0.10813307762145996,-0.002622253028675914,0.005845274776220322
-0.1082165315747261,0.0020864419639110565,-0.005045635160058737
0.1368504762649536,0.42041730880737305,0.013144861906766891
-0.11523330956697464,0.3981254994869232,0.001480003003962338
0.2181357890367508,0.7669855952262878,0.11792154610157013
-0.12992537021636963,0.7583943009376526,0.10908196121454239
0.23152142763137817,0.8115289807319641,0.12016129493713379
-0.13084395229816437,0.8048846125602722,0.11212863773107529
0.26528850197792053,0.8661197423934937,-0.007383617572486401
-0.1468857079744339,0.8707330822944641,-0.013612635433673859
-
0.009189093485474586,-0.6558401584625244,-0.1717846542596817
0.017352718859910965,-0.6913126111030579,-0.15302415192127228
0.017874643206596375,-0.6916606426239014,-0.15257543325424194
0.017492514103651047,-0.692165732383728,-0.15242789685726166
-0.015706751495599747,-0.6882629990577698,-0.1515258550643921
-0.015401055105030537,-0.6892486214637756,-0.15253952145576477
-0.015593284741044044,-0.6903937458992004,-0.15157276391983032
0.06934590637683868,-0.6670778393745422,-0.041073720902204514
-0.07887773960828781,-0.6533598303794861,-0.04556114599108696
0.03262076526880264,-0.6257776618003845,-0.13454492390155792
-0.011071519926190376,-0.6206367611885071,-0.13452793657779694
0.15902739763259888,-0.4808464050292969,0.027434201911091805
-0.14602534472942352,-0.4745297133922577,0.012309568002820015
0.3075955808162689,-0.38450610637664795,-0.07262890785932541
-0.3191448748111725,-0.36690276861190796,-0.06644044071435928
0.2791076600551605,-0.5159129500389099,-0.2390444576740265
-0.30562904477119446,-0.49339085817337036,-0.24179933965206146
0.2589021623134613,-0.5376452803611755,-0.2729346752166748
-0.28388723731040955,-0.5179221630096436,-0.28388091921806335
0.2461513876914978,-0.5646201968193054,-0.2672705352306366
-0.2753118872642517,-0.5505856275558472,-0.26978665590286255
0.2682766616344452,-0.5296394228935242,-0.23947976529598236
-0.29132863879203796,-0.5091334581375122,-0.24335071444511414
0.10811831802129745,-0.0025328565388917923,0.006219801958650351
-0.10819853842258453,0.0019912943243980408,-0.00544274877756834
0.1360766738653183,0.42043399810791016,0.014429675415158272
-0.11524629592895508,0.39786162972450256,0.0011642242316156626
0.21639001369476318,0.7670031785964966,0.11789865791797638
-0.12991678714752197,0.7580865621566772,0.10912846028804779
0.22972676157951355,0.8115345239639282,0.12012836337089539
-0.13082069158554077,0.804440975189209,0.11221753060817719
0.2651541829109192,0.8661292791366577,-0.007059371564537287
-0.14612707495689392,0.8704137206077576,-0.013325896114110947
-
0.009511050768196583,-0.6477633118629456,-0.16885268688201904
0.01800033263862133,-0.6838664412498474,-0.15119589865207672
0.018530922010540962,-0.6842201352119446,-0.15077531337738037
0.018151436001062393,-0.6847249269485474,-0.15059027075767517
-0.015080062672495842,-0.6815769076347351,-0.1496262103319168
-0.014777004718780518,-0.6825131773948669,-0.15065783262252808
-0.014966359362006187,-0.6836392283439636,-0.14970055222511292
0.07027802616357803,-0.6645461916923523,-0.03943741321563721
-0.07806530594825745,-0.653271496295929,-0.04419972375035286
0.03273468837141991,-0.620093822479248,-0.13081170618534088
-0.01091935858130455,-0.6157481670379639,-0.13080790638923645
0.15927159786224365,-0.48073282837867737,0.03117441199719906
-0.14589989185333252,-0.473824679851532,0.01404205895960331
0.29783540964126587,-0.37243226170539856,-0.07089589536190033
-0.29642412066459656,-0.3334006369113922,-0.06365711987018585
0.2701428234577179,-0.4972494840621948,-0.24927076697349548
-0.3026069700717926,-0.45113006234169006,-0.2518383264541626
0.2517436146736145,-0.5177392959594727,-0.2834050953388214
-0.28393101692199707,-0.47642001509666443,-0.29471686482429504
0.24375160038471222,-0.5452094078063965,-0.27845683693885803
-0.27681630849838257,-0.5105723738670349,-0.28617337346076965
0.26026633381843567,-0.5117156505584717,-0.25019606947898865
-0.29020193219184875,-0.46812155842781067,-0.2553430199623108
0.10810870677232742,-0.0024480000138282776,0.006548694334924221
-0.10818657279014587,0.0019028186798095703,-0.005792414303869009
0.1359647661447525,0.42040327191352844,0.013974180445075035
-0.11525102704763412,0.3974507451057434,-0.0009894532850012183
0.21565259993076324,0.7659766674041748,0.115133136510849
-0.1296888291835785,0.7577611207962036,0.10816918313503265
0.22892077267169952,0.8102761507034302,0.11728911846876144
-0.13051079213619232,0.8040021061897278,0.11133084446191788
0.26502275466918945,0.8652063012123108,-0.007912464439868927
-0.1455639898777008,0.8697928190231323,-0.013809725642204285
-
0.009529645554721355,-0.6419906616210938,-0.15369738638401031
0.01810470223426819,-0.6784172058105469,-0.13724665343761444
0.018637100234627724,-0.6787533164024353,-0.1368560791015625
0.018256831914186478,-0.6792814135551453,-0.13658398389816284
-0.014975150115787983,-0.6764158606529236,-0.1354970484972
-0.014671930111944675,-0.6773464679718018,-0.1365177184343338
-0.014861023053526878,-0.6784647107124329,-0.1355661302804947
0.07049094140529633,-0.6622213125228882,-0.026218315586447716
-0.07793863117694855,-0.6529138088226318,-0.03139856457710266
0.03270679712295532,-0.6157350540161133,-0.11470622569322586
-0.01093218196183443,-0.6117114424705505,-0.11482889205217361
0.1591944694519043,-0.47966355085372925,0.04570670425891876
-0.1458415538072586,-0.4726679027080536,0.026062410324811935
0.2859029471874237,-0.36218515038490295,-0.06276849657297134
-0.28467610478401184,-0.3147425055503845,-0.054527439177036285
0.26532140374183655,-0.492656409740448,-0.23560985922813416
-0.2977862060070038,-0.4300159215927124,-0.23726283013820648
0.24876461923122406,-0.5138536095619202,-0.2691264748573303
-0.28272759914398193,-0.4543474316596985,-0.27846184372901917
0.24350577592849731,-0.5411756634712219,-0.2640396058559418
-0.27682000398635864,-0.48832976818084717,-0.2699982821941376
0.25657400488853455,-0.507662832736969,-0.23637332022190094
-0.287115216255188,-0.4470847547054291,-0.24056850373744965
0.10808460414409637,-0.002358165802434087,0.0071072992868721485
-0.10815480351448059,0.001814225222915411,-0.006370026618242264
0.13592028617858887,0.4203495979309082,0.012435048818588257
-0.1152607873082161,0.3968134820461273,-0.0022357420530170202
0.21560928225517273,0.7647266387939453,0.10987326502799988
-0.12916123867034912,0.7567834854125977,0.1080785021185875
0.22887283563613892,0.8087960481643677,0.11204055696725845
-0.12988455593585968,0.8028261065483093,0.11122874170541763
0.2648822069168091,0.8639768958091736,-0.01121644675731659
-0.1448262631893158,0.8675336241722107,-0.013705081306397915
-
0.008031739853322506,-0.6374436616897583,-0.15017597377300262
0.016403689980506897,-0.6741934418678284,-0.13398508727550507
0.01694231666624546,-0.6745187044143677,-0.13359951972961426
0.016559768468141556,-0.675068199634552,-0.13330398499965668
-0.016657589003443718,-0.6717139482498169,-0.13208720088005066
-0.016353612765669823,-0.6726322770118713,-0.1330922544002533
-0.016550127416849136,-0.6737648844718933,-0.13213126361370087
0.06942211091518402,-0.6603259444236755,-0.023216787725687027
-0.07905454933643341,-0.6510991454124451,-0.027735672891139984
0.031368330121040344,-0.6122809052467346,-0.1110633909702301
-0.012154239229857922,-0.6077913641929626,-0.11097602546215057
0.15869028866291046,-0.47809267044067383,0.05039338767528534
-0.14592450857162476,-0.46962153911590576,0.030674971640110016
0.27682626247406006,-0.3490791618824005,-0.05726378411054611
-0.27871477603912354,-0.30327174067497253,-0.04509652033448219
0.2599608302116394,-0.48017507791519165,-0.22902314364910126
-0.2977086901664734,-0.419975608587265,-0.22843126952648163
0.24432364106178284,-0.5019595623016357,-0.26206469535827637
-0.28321173787117004,-0.44471099972724915,-0.26865673065185547
0.24171888828277588,-0.5294705629348755,-0.256811261177063
-0.28091147541999817,-0.4786565601825714,-0.26078280806541443
0.2518917918205261,-0.4955710768699646,-0.22959551215171814
-0.28727442026138306,-0.4374066889286041,-0.2318846732378006
0.10809194296598434,-0.0023189985658973455,0.007453957572579384
-0.10815684497356415,0.0017735902220010757,-0.00671831239014864
0.1358737051486969,0.4202616810798645,0.009291630238294601
-0.11535447090864182,0.3966706395149231,-0.003080277005210519
0.21556200087070465,0.764272153377533,0.10306201130151749
-0.12908397614955902,0.7566391825675964,0.10800689458847046
0.2288271188735962,0.8083007335662842,0.10517812520265579
-0.12976539134979248,0.802645742893219,0.11114517599344254
0.2648071348667145,0.8636937737464905,-0.01781737059354782
-0.1448426991701126,0.8670320510864258,-0.013731440529227257
-
0.007113026455044746,-0.6358127593994141,-0.14794109761714935
0.015387593768537045,-0.6726776361465454,-0.13156481087207794
0.0159341711550951,-0.6730045080184937,-0.1311822086572647
0.015549471601843834,-0.673556923866272,-0.1308775246143341
-0.01769413985311985,-0.6700822114944458,-0.12983886897563934
-0.017383359372615814,-0.6709909439086914,-0.13082802295684814
-0.017577918246388435,-0.6721333861351013,-0.1298728734254837
0.0684264674782753,-0.6596285104751587,-0.020017843693494797
-0.08030357956886292,-0.6507189273834229,-0.02567118965089321
0.030314238741993904,-0.6109752058982849,-0.10844489187002182
-0.01317449752241373,-0.6063876152038574,-0.10867683589458466
0.15779156982898712,-0.47682124376296997,0.054352857172489166
-0.1463150531053543,-0.468805730342865,0.03222586587071419
0.2669708728790283,-0.33934858441352844,-0.05454340577125549
-0.2683831453323364,-0.2937186658382416,-0.042265910655260086
0.249359592795372,-0.46781110763549805,-0.232396200299263
-0.29632046818733215,-0.40220269560813904,-0.23361702263355255
0.2338222861289978,-0.4886288344860077,-0.26629161834716797
-0.2834731936454773,-0.424866646528244,-0.2741166651248932
0.23313534259796143,-0.5173924565315247,-0.26109379529953003
-0.2836206555366516,-0.45875391364097595,-0.27086764574050903
0.24156814813613892,-0.4840395450592041,-0.2330133318901062
-0.2871023416519165,-0.41955021023750305,-0.23860636353492737
0.10809946060180664,-0.0022716764360666275,0.007990301586687565
-0.10815856605768204,0.0017244844930246472,-0.007251767907291651
0.135786771774292,0.4201434254646301,0.008333188481628895
-0.1153019592165947,0.3965687155723572,-0.0037229948211461306
0.21519944071769714,0.7641045451164246,0.10051921010017395
-0.12910786271095276,0.7564970254898071,0.10828617960214615
0.22839878499507904,0.8081414103507996,0.10247136652469635
-0.12979771196842194,0.8024606108665466,0.11165764182806015
0.26432138681411743,0.8634867072105408,-0.020810337737202644
-0.14494743943214417,0.8663461804389954,-0.013329822570085526
-
0.006364612840116024,-0.635857343673706,-0.1433916836977005
0.014392968267202377,-0.6726980209350586,-0.1267976462841034
0.014942450448870659,-0.6730278134346008,-0.1264144480228424
0.014560187235474586,-0.6735763549804688,-0.1261049211025238
-0.018655382096767426,-0.6699094176292419,-0.12510325014591217
-0.01833677664399147,-0.6708271503448486,-0.12604942917823792
-0.01852434128522873,-0.6719772815704346,-0.12509232759475708
0.0674547329545021,-0.6595688462257385,-0.014978091232478619
-0.08119090646505356,-0.6505634188652039,-0.02110832743346691
0.029568124562501907,-0.6109380125999451,-0.10375681519508362
-0.013818765059113503,-0.6061967611312866,-0.10412724316120148
0.1571873128414154,-0.47646838426589966,0.05757470801472664
-0.14647747576236725,-0.4682847857475281,0.0364844910800457
0.2555904984474182,-0.33391743898391724,-0.05063872039318085
-0.2606942653656006,-0.28888797760009766,-0.03649004176259041
0.23941174149513245,-0.46201232075691223,-0.23124447464942932
-0.2948855459690094,-0.3902566432952881,-0.23167654871940613
0.22396913170814514,-0.4822928309440613,-0.26537126302719116
-0.2837875187397003,-0.41001784801483154,-0.2714241147041321
0.22480052709579468,-0.5112571120262146,-0.26091843843460083
-0.28596317768096924,-0.4422988295555115,-0.2696121335029602
0.23224948346614838,-0.4784732460975647,-0.23207268118858337
-0.2867933511734009,-0.40651974081993103,-0.23715579509735107
0.1081012636423111,-0.00225241226144135,0.008234033361077309
-0.10815577208995819,0.0017049979651346803,-0.007492112461477518
0.13574737310409546,0.419996052980423,0.007698435336351395
-0.11529529839754105,0.39650624990463257,-0.005338521674275398
0.2150355875492096,0.7642989754676819,0.09647466987371445
-0.12869279086589813,0.7565754055976868,0.10723112523555756
0.22824348509311676,0.8083758354187012,0.09797903895378113
-0.12931564450263977,0.8025156259536743,0.1107061430811882
0.26424506306648254,0.8633185625076294,-0.025590483099222183
-0.14495749771595,0.8662915229797363,-0.0141300642862916
-
0.006331900134682655,-0.6356310248374939,-0.13462968170642853
0.014388651587069035,-0.6723998785018921,-0.11765206605195999
0.014937061816453934,-0.6727330088615417,-0.11725892126560211
0.01455584354698658,-0.6732792854309082,-0.11694170534610748
-0.018663549795746803,-0.6696372628211975,-0.11605847626924515
-0.018344826996326447,-0.6705629229545593,-0.11695469170808792
-0.01853061094880104,-0.6717195510864258,-0.11597901582717896
0.0674297884106636,-0.6591503024101257,-0.0052475533448159695
-0.08128925412893295,-0.6504927277565002,-0.012572183273732662
0.029443224892020226,-0.6106059551239014,-0.09471532702445984
-0.01392805203795433,-0.6059255003929138,-0.0955110713839531
0.15646694600582123,-0.4747510850429535,0.06412004679441452
-0.14654020965099335,-0.46778950095176697,0.04463206231594086
0.24714268743991852,-0.3251763582229614,-0.04086525738239288
-0.2508000433444977,-0.2828202545642853,-0.02478484809398651
0.23611249029636383,-0.45287686586380005,-0.23024603724479675
-0.29256898164749146,-0.38062238693237305,-0.22826187312602997
0.2213626205921173,-0.47187888622283936,-0.26364579796791077
-0.28393328189849854,-0.39834457635879517,-0.2684539258480072
0.22249126434326172,-0.5012359023094177,-0.2581462562084198
-0.2875869870185852,-0.42929744720458984,-0.2630203664302826
0.22941134870052338,-0.4695573151111603,-0.23053552210330963
-0.28587016463279724,-0.396103173494339,-0.2324245125055313
0.10809510201215744,-0.0022331911604851484,0.008475547656416893
-0.10814537853002548,0.0016857640584930778,-0.00772864418104291
0.13588683307170868,0.4197956919670105,0.007303816732019186
-0.11460477113723755,0.39659935235977173,-0.005750042386353016
0.21520192921161652,0.7647469639778137,0.094231516122818
-0.12703244388103485,0.7573925256729126,0.10715900361537933
0.22845356166362762,0.8089251518249512,0.09554741531610489
-0.12767203152179718,0.8033252954483032,0.11066741496324539
0.26567479968070984,0.8632027506828308,-0.02798357978463173
-0.1445384919643402,0.8663430213928223,-0.014171297661960125
-
0.006151292938739061,-0.6346753239631653,-0.13573886454105377
0.014062225818634033,-0.6716174483299255,-0.11870893836021423
0.014606044627726078,-0.6719542741775513,-0.11831172555685043
0.014230241999030113,-0.6725010871887207,-0.11799950897693634
-0.01903166063129902,-0.6686596870422363,-0.11717020720243454
-0.01871250383555889,-0.6695756912231445,-0.11805608123540878
-0.018887141719460487,-0.6707456707954407,-0.11707739531993866
0.06696479767560959,-0.6589994430541992,-0.005819583777338266
-0.08193949609994888,-0.6502068638801575,-0.013221119530498981
0.02925639972090721,-0.610037624835968,-0.09564411640167236
-0.014093754813075066,-0.6051915884017944,-0.09644334763288498
0.15530839562416077,-0.47336721420288086,0.06405164301395416
-0.1467428356409073,-0.46734076738357544,0.04667070508003235
0.22924070060253143,-0.3065292537212372,-0.03578358143568039
-0.2460460364818573,-0.27384087443351746,-0.01878439076244831
0.23207809031009674,-0.4314693808555603,-0.22765718400478363
-0.29263392090797424,-0.37054815888404846,-0.2254505753517151
0.21966229379177094,-0.44908425211906433,-0.26130348443984985
-0.2858618199825287,-0.3864649534225464,-0.2654288113117218
0.2221841663122177,-0.4783356785774231,-0.2577950656414032
-0.29287418723106384,-0.4181741774082184,-0.2609044909477234
0.22693181037902832,-0.44835028052330017,-0.22840677201747894
-0.2859671115875244,-0.3862285017967224,-0.22974464297294617
0.10814705491065979,-0.0022209056187421083,0.008550009690225124
-0.10818744450807571,0.001672752434387803,-0.007798188365995884
0.13597877323627472,0.4197932183742523,0.0061491746455430984
-0.1139104962348938,0.39746615290641785,-0.005873098969459534
0.21534623205661774,0.7652316689491272,0.09250199049711227
-0.12470453232526779,0.7605430483818054,0.1072460412979126
0.22854052484035492,0.8094995617866516,0.0937734916806221
-0.12514637410640717,0.8065586090087891,0.1107858195900917
0.26550379395484924,0.8640215396881104,-0.030579878017306328
-0.14363421499729156,0.8685150742530823,-0.014071685262024403
-
0.006138303782790899,-0.6338976621627808,-0.13647226989269257
0.014009474776685238,-0.6710078716278076,-0.11939780414104462
0.0145490113645792,-0.6713504195213318,-0.11899562180042267
0.014177944511175156,-0.6718928217887878,-0.11868251860141754
-0.019112389534711838,-0.6678822040557861,-0.11787460744380951
-0.01879420317709446,-0.6687798500061035,-0.11874791979789734
-0.018961219117045403,-0.6699535846710205,-0.11777086555957794
0.06685347110033035,-0.6588848233222961,-0.006042884197086096
-0.08217424899339676,-0.6499549746513367,-0.013528786599636078
0.029238011687994003,-0.6095426678657532,-0.09618870913982391
-0.014104051515460014,-0.6045400500297546,-0.09699825942516327
0.15482982993125916,-0.4711260497570038,0.06284285336732864
-0.14699092507362366,-0.46660900115966797,0.04945133998990059
0.2130744606256485,-0.2901773750782013,-0.03576572239398956
-0.23557263612747192,-0.2638343870639801,-0.01458810642361641
0.22713688015937805,-0.415141224861145,-0.2308429479598999
-0.29312920570373535,-0.356553316116333,-0.22435569763183594
0.2172960340976715,-0.43168529868125916,-0.26593661308288574
-0.2935321629047394,-0.3700757622718811,-0.2636508047580719
0.22191239893436432,-0.46110373735427856,-0.2664231061935425
-0.30514153838157654,-0.40023207664489746,-0.26433461904525757
0.2236478179693222,-0.43236243724823,-0.2333051562309265
-0.2887389361858368,-0.3712228834629059,-0.23060040175914764
0.1082659363746643,-0.002218768233433366,0.008577167056500912
-0.10829383134841919,0.0016683199210092425,-0.007823986001312733
0.13621558248996735,0.41977381706237793,0.004980554338544607
-0.11140278726816177,0.39777863025665283,-0.006319574546068907
0.21571581065654755,0.7661539912223816,0.09040935337543488
-0.12112241983413696,0.7628647089004517,0.10716400295495987
0.2288786917924881,0.8106504678726196,0.09143035113811493
-0.12152083963155746,0.8090038299560547,0.1106613352894783
0.2653595209121704,0.8650374412536621,-0.03419081121683121
-0.14165422320365906,0.8695266842842102,-0.014582924544811249
-
0.006145200692117214,-0.632141649723053,-0.1360095888376236
0.014007136225700378,-0.6694833636283875,-0.11903729289770126
0.014545259065926075,-0.6698379516601562,-0.11863298714160919
0.014175597578287125,-0.6703751087188721,-0.11830712109804153
-0.019124271348118782,-0.6662959456443787,-0.1176125705242157
-0.018806131556630135,-0.6671639084815979,-0.11846446990966797
-0.018970083445310593,-0.6683462262153625,-0.11747373640537262
0.06668315827846527,-0.6585225462913513,-0.004920520354062319
-0.08252444118261337,-0.6496380567550659,-0.013209236785769463
0.029211347922682762,-0.6083709001541138,-0.09524966776371002
-0.014120812527835369,-0.603306233882904,-0.09630075842142105
0.15280021727085114,-0.46846795082092285,0.062377434223890305
-0.1480792909860611,-0.4660851061344147,0.053358644247055054
0.1881590634584427,-0.2714301347732544,-0.034196637570858
-0.22834907472133636,-0.25377875566482544,-0.007352605927735567
0.2124200463294983,-0.39749616384506226,-0.2308170348405838
-0.2925524115562439,-0.34522879123687744,-0.22405368089675903
0.20592328906059265,-0.41237953305244446,-0.2666376829147339
-0.29395246505737305,-0.3561335504055023,-0.26291000843048096
0.21490104496479034,-0.4420616030693054,-0.2691749632358551
-0.30624598264694214,-0.38712120056152344,-0.26275634765625
0.21115370094776154,-0.4150671660900116,-0.2340390980243683
-0.28869810700416565,-0.3600952625274658,-0.2291680872440338
0.10844459384679794,-0.002251633908599615,0.00857587717473507
-0.10845889896154404,0.0016945293173193932,-0.007820076309144497
0.13633713126182556,0.41977450251579285,0.004513371270149946
-0.10922925919294357,0.39806893467903137,-0.006981033831834793
0.21601510047912598,0.7664114236831665,0.09094882756471634
-0.11830124258995056,0.7638968229293823,0.10721029341220856
0.22916997969150543,0.8110169768333435,0.09204064309597015
-0.11875458806753159,0.8100785613059998,0.11071853339672089
0.26522311568260193,0.8660319447517395,-0.033646002411842346
-0.1399410218000412,0.8700669407844543,-0.014608676545321941
-
0.006158793345093727,-0.6312614679336548,-0.134330615401268
0.01395414862781763,-0.6687330007553101,-0.11753887683153152
0.014487411826848984,-0.6690935492515564,-0.11713290214538574
0.014122620224952698,-0.6696246266365051,-0.11678905040025711
-0.019182413816452026,-0.665328323841095,-0.11623939126729965
-0.01886378973722458,-0.6661790609359741,-0.11706427484750748
-0.019022265449166298,-0.6673633456230164,-0.11606922745704651
0.06623474508523941,-0.6584230065345764,-0.002953346585854888
-0.08297441899776459,-0.6491521000862122,-0.011953011155128479
0.029206251725554466,-0.6078274846076965,-0.09314902871847153
-0.014115485362708569,-0.6025407314300537,-0.0943995788693428
0.15150080621242523,-0.4676014184951782,0.063078373670578
-0.1487792283296585,-0.4654984176158905,0.0567801371216774
0.17648836970329285,-0.2638854682445526,-0.03165489062666893
-0.22182036936283112,-0.24574093520641327,-0.0017346093663945794
0.20872977375984192,-0.38434746861457825,-0.23247286677360535
-0.28887784481048584,-0.33186736702919006,-0.22149595618247986
0.20424504578113556,-0.3965628445148468,-0.269778311252594
-0.29296940565109253,-0.33946964144706726,-0.259734183549881
0.21388539671897888,-0.42551854252815247,-0.2745632231235504
-0.3049126863479614,-0.37108492851257324,-0.26133760809898376
0.2081497609615326,-0.40138912200927734,-0.2367796003818512
-0.2862521708011627,-0.34658268094062805,-0.22886593639850616
0.10867889970541,-0.0022677117958664894,0.008584403432905674
-0.10868043452501297,0.0017056975048035383,-0.007826392538845539
0.13643354177474976,0.41977348923683167,0.0034260337706655264
-0.1082991287112236,0.3982703983783722,-0.008326394483447075
0.21600989997386932,0.7667722105979919,0.09131132811307907
-0.11743613332509995,0.7646444439888,0.10686749219894409
0.2291555106639862,0.8114978671073914,0.09242317080497742
-0.11795257031917572,0.8108375668525696,0.1103915423154831
0.26419559121131897,0.8669537901878357,-0.03323967382311821
-0.13947047293186188,0.8703040480613708,-0.01559172198176384
-
0.005701038986444473,-0.6301925182342529,-0.1346399486064911
0.013188990764319897,-0.6677577495574951,-0.11788693815469742
0.01371114794164896,-0.6681237816810608,-0.11747925728559494
0.01336162630468607,-0.6686508059501648,-0.11713474988937378
-0.019928274676203728,-0.6641815900802612,-0.11651917546987534
-0.019604334607720375,-0.6650112271308899,-0.11733897775411606
-0.019750205799937248,-0.6662017703056335,-0.11634615808725357
0.06541649252176285,-0.6581398844718933,-0.0034798290580511093
-0.08362100273370743,-0.6484273076057434,-0.011988816782832146
0.02884414978325367,-0.6070910692214966,-0.09353862702846527
-0.0143757164478302,-0.601595938205719,-0.09461168944835663
0.1505390852689743,-0.4662807881832123,0.062463149428367615
-0.14917725324630737,-0.46495574712753296,0.05830691382288933
0.1712019294500351,-0.25783613324165344,-0.03162458911538124
-0.2196347862482071,-0.24441277980804443,0.00024968941579572856
0.20321975648403168,-0.37456268072128296,-0.23470421135425568
-0.2876160442829132,-0.3346688449382782,-0.22077840566635132
0.19931429624557495,-0.3854908049106598,-0.27297645807266235
-0.29279279708862305,-0.3436502516269684,-0.25894445180892944
0.2099684625864029,-0.414971262216568,-0.27903231978416443
-0.30436739325523376,-0.37562310695648193,-0.26202115416526794
0.20298272371292114,-0.39169076085090637,-0.23961566388607025
-0.28543516993522644,-0.34970739483833313,-0.22800539433956146
0.10891113430261612,-0.0022624086122959852,0.008523537777364254
-0.10889841616153717,0.001698784762993455,-0.007758732885122299
0.13619928061962128,0.41990354657173157,0.0022396480198949575
-0.10821733623743057,0.39836716651916504,-0.00894208624958992
0.21532461047172546,0.767081618309021,0.09185551851987839
-0.11715875566005707,0.7648504376411438,0.10696320235729218
0.22840099036693573,0.811871349811554,0.0931754782795906
-0.11763962358236313,0.8110446333885193,0.1105201467871666
0.26169583201408386,0.867900550365448,-0.03303499147295952
-0.13928405940532684,0.8703668117523193,-0.015624764375388622
-
0.0053467717953026295,-0.6297722458839417,-0.13488812744617462
0.012689705938100815,-0.6673505902290344,-0.11814238131046295
0.013203396461904049,-0.6677189469337463,-0.11773455142974854
0.012864381074905396,-0.6682431697845459,-0.11739089339971542
-0.020434094592928886,-0.6637077331542969,-0.11676536500453949
-0.020106026902794838,-0.6645286679267883,-0.11758209764957428
-0.020245783030986786,-0.6657202243804932,-0.11659376323223114
0.06469868123531342,-0.6579613089561462,-0.0037494113203138113
-0.08428379893302917,-0.6480584144592285,-0.012160536833107471
0.028455842286348343,-0.6067528128623962,-0.09378556907176971
-0.014689763076603413,-0.6011838316917419,-0.09483207017183304
0.14929425716400146,-0.4653562009334564,0.06201903522014618
-0.14965127408504486,-0.4645923674106598,0.058204345405101776
0.16830430924892426,-0.2551635503768921,-0.031454455107450485
-0.21474426984786987,-0.24156947433948517,-0.0002250938123324886
0.2015954703092575,-0.373619019985199,-0.23589353263378143
-0.2823900282382965,-0.3282025158405304,-0.22009186446666718
0.19791893661022186,-0.3849509656429291,-0.2747350037097931
-0.28898191452026367,-0.335568904876709,-0.2582608759403229
0.2087547928094864,-0.4146328568458557,-0.28115135431289673
-0.3030271530151367,-0.367342472076416,-0.2635948359966278
0.20144781470298767,-0.39089229702949524,-0.2411377876996994
-0.2806885838508606,-0.3428894877433777,-0.2278870940208435
0.10908253490924835,-0.0022730634082108736,0.008529243059456348
-0.10906116664409637,0.0017045899294316769,-0.0077618686482310295
0.13616667687892914,0.41991713643074036,0.0018666632240638137
-0.10791389644145966,0.3985025882720947,-0.009716941975057125
0.21523720026016235,0.7671090364456177,0.09306947141885757
-0.11675658822059631,0.7652028799057007,0.10692150145769119
0.22829730808734894,0.8119122385978699,0.09462008625268936
-0.11725067347288132,0.8114035129547119,0.11048740148544312
0.2606756389141083,0.8680691719055176,-0.03216863423585892
-0.1390053778886795,0.8704755306243896,-0.016020813956856728
-
0.005162273999303579,-0.629774808883667,-0.13517829775810242
0.012352627702057362,-0.6673516631126404,-0.11841201782226562
0.012860802933573723,-0.6677212119102478,-0.1180034950375557
0.01252832543104887,-0.6682448387145996,-0.11766203492879868
-0.02077106386423111,-0.6636502742767334,-0.11702946573495865
-0.020440414547920227,-0.6644707322120667,-0.11784758418798447
-0.020574983209371567,-0.6656626462936401,-0.11686142534017563
0.0642380490899086,-0.6579588651657104,-0.004079100210219622
-0.08466978371143341,-0.6479206085205078,-0.012392773292958736
0.028293048962950706,-0.6067472100257874,-0.09411705285310745
-0.01480809971690178,-0.6011260151863098,-0.09513524919748306
0.1488960087299347,-0.465303510427475,0.06168104708194733
-0.14989785850048065,-0.4644564390182495,0.05760648474097252
0.16901524364948273,-0.2562389373779297,-0.03131278231739998
-0.21273469924926758,-0.2404070794582367,-0.0005235441494733095
0.2026970237493515,-0.3753748834133148,-0.2366103082895279
-0.2795684337615967,-0.3217121958732605,-0.2196648269891739
0.19883273541927338,-0.38687631487846375,-0.2757275402545929
-0.28660711646080017,-0.32701095938682556,-0.25781458616256714
0.20910324156284332,-0.4165005087852478,-0.28234586119651794
-0.3018280267715454,-0.3587576448917389,-0.26402518153190613
0.202349454164505,-0.39260485768318176,-0.24208302795886993
-0.2778857946395874,-0.33604151010513306,-0.22753439843654633
0.10925423353910446,-0.002279951935634017,0.008535237982869148
-0.10922902822494507,0.0017077458323910832,-0.007765849120914936
0.13621780276298523,0.4199199080467224,0.0015521831810474396
-0.10776539891958237,0.39860594272613525,-0.01051483117043972
0.21524392068386078,0.7672314047813416,0.09343887865543365
-0.11666318029165268,0.7656278014183044,0.10649514943361282
0.22829534113407135,0.8120694756507874,0.09506337344646454
-0.11716539412736893,0.8118434548377991,0.11004956811666489
0.2604455053806305,0.8683526515960693,-0.03187834471464157
-0.13898612558841705,0.870746910572052,-0.016915487125515938
-
0.004849701188504696,-0.6296717524528503,-0.1353713423013687
0.011813268065452576,-0.6672786474227905,-0.11851104348897934
0.01231739018112421,-0.6676496267318726,-0.11809961497783661
0.011990275233983994,-0.6681733131408691,-0.11776385456323624
-0.021298082545399666,-0.6634829044342041,-0.11715850979089737
-0.02096441760659218,-0.6643017530441284,-0.11798229813575745
-0.02109304629266262,-0.6654946208000183,-0.11699847131967545
0.06368310749530792,-0.6579754948616028,-0.004202287178486586
-0.08509417623281479,-0.647740364074707,-0.012564564123749733
0.028075046837329865,-0.6067157983779907,-0.09438027441501617
-0.014972980134189129,-0.6010083556175232,-0.09539662301540375
0.1486348658800125,-0.4653991162776947,0.061474837362766266
-0.15007443726062775,-0.46441102027893066,0.057143375277519226
0.16825057566165924,-0.2567712962627411,-0.03147047758102417
-0.21304930746555328,-0.24077579379081726,-0.0007589641609229147
0.2026662528514862,-0.3753946125507355,-0.23837563395500183
-0.27871522307395935,-0.32054272294044495,-0.21926268935203552
0.1989746391773224,-0.38674071431159973,-0.27781981229782104
-0.2855841815471649,-0.32538431882858276,-0.25740644335746765
0.20915956795215607,-0.4162110984325409,-0.28481417894363403
-0.30130767822265625,-0.35725459456443787,-0.26450178027153015
0.2023908644914627,-0.3925250470638275,-0.2441030889749527
-0.27684450149536133,-0.33481547236442566,-0.22737126052379608
0.1094125434756279,-0.002279761014506221,0.008521531708538532
-0.10938551276922226,0.0017050873721018434,-0.007748667616397142
0.13623858988285065,0.41994744539260864,0.0010589712765067816
-0.10778319090604782,0.3987194001674652,-0.010948725044727325
0.215234637260437,0.767352819442749,0.09376797080039978
-0.11667317897081375,0.7659741044044495,0.10633534938097
0.22827930748462677,0.8122188448905945,0.09548372030258179
-0.11716081947088242,0.8121994137763977,0.10989147424697876
0.26003867387771606,0.8688754439353943,-0.03160305321216583
-0.13899734616279602,0.8710765242576599,-0.017318513244390488
-
0.004433798138052225,-0.6293042302131653,-0.13556084036827087
0.011227095499634743,-0.6669645309448242,-0.11864232271909714
0.011728418990969658,-0.6673380732536316,-0.11822916567325592
0.011405179277062416,-0.6678623557090759,-0.11789754778146744
-0.02186930738389492,-0.6630618572235107,-0.11731235682964325
-0.021532835438847542,-0.6638774275779724,-0.11813955008983612
-0.02165742963552475,-0.6650724411010742,-0.11715740710496902
0.0631457194685936,-0.657950222492218,-0.004340851679444313
-0.08551404625177383,-0.6474348306655884,-0.012725988402962685
0.02775757759809494,-0.6065183281898499,-0.0946091040968895
-0.015233277343213558,-0.6007006168365479,-0.0956052616238594
0.14827919006347656,-0.46539241075515747,0.06133231893181801
-0.15021592378616333,-0.4643670320510864,0.05693826079368591
0.1666615605354309,-0.2562563121318817,-0.03159930557012558
-0.2130311131477356,-0.2410268783569336,-0.000781353039201349
0.20204797387123108,-0.3747100830078125,-0.2394312024116516
-0.27790120244026184,-0.3203267753124237,-0.2189461588859558
0.19867630302906036,-0.3858764171600342,-0.2789961099624634
-0.2845214009284973,-0.3250006437301636,-0.2570880949497223
0.20901766419410706,-0.4152420461177826,-0.28608667850494385
-0.30038687586784363,-0.35680392384529114,-0.26481467485427856
0.2019416093826294,-0.3917798697948456,-0.24525471031665802
-0.2758500576019287,-0.3345256447792053,-0.22725339233875275
0.1095295324921608,-0.002278978703543544,0.00851124245673418
-0.10949907451868057,0.0017020492814481258,-0.00773493479937315
0.13624094426631927,0.42000526189804077,0.000786924734711647
-0.10778387635946274,0.39884641766548157,-0.011459345929324627
0.21520493924617767,0.7675047516822815,0.09419318288564682
-0.11669531464576721,0.7664254903793335,0.10578956454992294
0.2282378226518631,0.8123930096626282,0.09600085765123367
-0.11717938631772995,0.8126607537269592,0.10931277275085449
0.25970324873924255,0.8692804574966431,-0.031187886372208595
-0.13901403546333313,0.8714830279350281,-0.01830657199025154
-
0.004108111374080181,-0.6289046406745911,-0.13622227311134338
0.010841025039553642,-0.666617751121521,-0.1195448786020279
0.01134206261485815,-0.6669942140579224,-0.11913613229990005
0.011020940728485584,-0.6675180792808533,-0.11879464983940125
-0.022269615903496742,-0.6626803874969482,-0.11815822124481201
-0.021931609138846397,-0.663491427898407,-0.11897610872983932
-0.022051800042390823,-0.6646882891654968,-0.11798989027738571
0.06271548569202423,-0.6579046845436096,-0.005093104671686888
-0.08596061170101166,-0.6472804546356201,-0.013321327976882458
0.02744542993605137,-0.606276273727417,-0.09507953375577927
-0.015528159216046333,-0.6004126071929932,-0.0960206463932991
0.14783024787902832,-0.4654185473918915,0.06085241213440895
-0.15055043995380402,-0.46436190605163574,0.056631337851285934
0.16677644848823547,-0.25706666707992554,-0.03183097764849663
-0.21358852088451385,-0.2413574755191803,-0.001252329326234758
0.20197910070419312,-0.3758159577846527,-0.2424089014530182
-0.277422696352005,-0.32131847739219666,-0.21926750242710114
0.19858896732330322,-0.3870251774787903,-0.2822694778442383
-0.28359556198120117,-0.32624608278274536,-0.2575687766075134
0.20896074175834656,-0.41629987955093384,-0.2894514799118042
-0.29951170086860657,-0.358188658952713,-0.26669842004776
0.20185239613056183,-0.39286816120147705,-0.24831634759902954
-0.2752169370651245,-0.33561939001083374,-0.2283303588628769
0.10963722318410873,-0.002281294437125325,0.00851279404014349
-0.10960286855697632,0.0017013655742630363,-0.007734677754342556
0.13623979687690735,0.4200676679611206,0.0006592718418687582
-0.10777437686920166,0.39897623658180237,-0.011819872073829174
0.21516276895999908,0.7676499485969543,0.09469104558229446
-0.116727814078331,0.7667553424835205,0.1055491492152214
0.22817927598953247,0.8125655651092529,0.09655964374542236
-0.11721162497997284,0.813001275062561,0.10904580354690552
0.25937387347221375,0.8697179555892944,-0.03077675960958004
-0.13904441893100739,0.8718158006668091,-0.018917521461844444
-
0.0035172724165022373,-0.6285975575447083,-0.13763786852359772
0.010164620354771614,-0.6663667559623718,-0.12130463123321533
0.010664407163858414,-0.6667441129684448,-0.12090057134628296
0.01034550741314888,-0.6672677397727966,-0.12055382877588272
-0.02295907959342003,-0.6623819470405579,-0.11978520452976227
-0.022619973868131638,-0.663189709186554,-0.12059535086154938
-0.02273550257086754,-0.6643872857093811,-0.11960679292678833
0.062105827033519745,-0.6578952074050903,-0.006863247137516737
-0.08657115697860718,-0.6471583247184753,-0.014549653977155685
0.02693496085703373,-0.606112003326416,-0.09632596373558044
-0.016014620661735535,-0.6001911759376526,-0.09710457175970078
0.14743489027023315,-0.46548086404800415,0.05981159582734108
-0.15080153942108154,-0.4643663167953491,0.05651578679680824
0.16683615744113922,-0.2575152814388275,-0.032412946224212646
-0.2133532017469406,-0.241386279463768,-0.001566929160617292
0.2018536627292633,-0.3764025866985321,-0.24464605748653412
-0.27656757831573486,-0.32181650400161743,-0.22007693350315094
0.1984240859746933,-0.38766735792160034,-0.28452950716018677
-0.28234168887138367,-0.32683536410331726,-0.2585073709487915
0.2088700532913208,-0.41687825322151184,-0.29167410731315613
-0.2982643246650696,-0.3588011562824249,-0.26867610216140747
0.20173001289367676,-0.39346253871917725,-0.2505456805229187
-0.2742888629436493,-0.3361615836620331,-0.22978070378303528
0.10972800850868225,-0.0022806143388152122,0.00851517915725708
-0.10969198495149612,0.0016985357506200671,-0.007735723163932562
0.1362590193748474,0.42009979486465454,0.0005769421113654971
-0.10780411213636398,0.39909279346466064,-0.011895994655787945
0.21512748301029205,0.7677112221717834,0.09509868174791336
-0.11682144552469254,0.7669693231582642,0.10553738474845886
0.22812190651893616,0.8126378059387207,0.09697803854942322
-0.11730655282735825,0.813223123550415,0.10903213173151016
0.2590738534927368,0.869941771030426,-0.03057289309799671
-0.13924938440322876,0.8720085024833679,-0.01901422068476677
-
0.002702889032661915,-0.628207266330719,-0.13841943442821503
0.009354060515761375,-0.6660182476043701,-0.12229862064123154
0.009854030795395374,-0.6663969159126282,-0.12189874798059464
0.00953704584389925,-0.6669198274612427,-0.12154845893383026
-0.023781653493642807,-0.662013590335846,-0.12067195773124695
-0.02344152145087719,-0.6628180146217346,-0.1214788481593132
-0.02355356328189373,-0.6640164256095886,-0.12048818916082382
0.06144837662577629,-0.657831609249115,-0.007954725995659828
-0.08723127096891403,-0.6470062136650085,-0.015161411836743355
0.026213452219963074,-0.6058584451675415,-0.09704367071390152
-0.01671583764255047,-0.5999065041542053,-0.09768504649400711
0.14691166579723358,-0.46549656987190247,0.05920794978737831
-0.1511368602514267,-0.4643492102622986,0.056353610008955
0.16689622402191162,-0.25751203298568726,-0.03263534978032112
-0.21299290657043457,-0.2407611906528473,-0.0018733539618551731
0.20197439193725586,-0.3757163882255554,-0.24538473784923553
-0.27548694610595703,-0.32132241129875183,-0.22028391063213348
0.19852480292320251,-0.38676273822784424,-0.2851288616657257
-0.2807904779911041,-0.32629382610321045,-0.2587648928165436
0.2089127153158188,-0.4158996641635895,-0.29218170046806335
-0.29662346839904785,-0.35842350125312805,-0.2693651020526886
0.20182092487812042,-0.39272579550743103,-0.2512444257736206
-0.2731595039367676,-0.33575889468193054,-0.2302805483341217
0.10981011390686035,-0.0022834204137325287,0.00851119589060545
-0.10977321118116379,0.00169840594753623,-0.007729524280875921
0.13626615703105927,0.4201183319091797,0.00035799425677396357
-0.10782395303249359,0.39921626448631287,-0.011956264264881611
0.21511586010456085,0.767731785774231,0.09517499804496765
-0.1168665885925293,0.7671559453010559,0.10553811490535736
0.22810021042823792,0.8126639127731323,0.09705503284931183
-0.11734919995069504,0.8134158253669739,0.1090315729379654
0.25875324010849,0.8701526522636414,-0.030397560447454453
-0.13933829963207245,0.8721985816955566,-0.019077995792031288
-
0.00152094557415694,-0.6280512809753418,-0.14019452035427094
0.008172260597348213,-0.665877640247345,-0.12429226189851761
0.008673098869621754,-0.6662576794624329,-0.12389632314443588
0.008358506485819817,-0.6667795777320862,-0.12354591488838196
-0.024975238367915154,-0.6618561148643494,-0.12250010669231415
-0.024634728208184242,-0.6626572608947754,-0.12330596894025803
-0.024743497371673584,-0.6638563275337219,-0.12231535464525223
0.06055934727191925,-0.6578078269958496,-0.010198363102972507
-0.0881161242723465,-0.6469151377677917,-0.01657986082136631
0.025198468938469887,-0.6057565808296204,-0.09882967174053192
-0.017710911110043526,-0.5997815728187561,-0.0992172583937645
0.14642995595932007,-0.46550390124320984,0.0576539970934391
-0.15160927176475525,-0.4643247127532959,0.05568347126245499
0.16662777960300446,-0.25733131170272827,-0.03368603438138962
-0.2130139321088791,-0.2402753382921219,-0.002278476720675826
0.20230348408222198,-0.37442857027053833,-0.24763688445091248
-0.2749974727630615,-0.32137924432754517,-0.22161529958248138
0.1987680345773697,-0.38526812195777893,-0.2873169481754303
-0.2799738645553589,-0.32658395171165466,-0.2602686882019043
0.20903699100017548,-0.41424238681793213,-0.2945181429386139
-0.2957918047904968,-0.3588651716709137,-0.27139174938201904
0.2021011859178543,-0.39135345816612244,-0.2535766661167145
-0.2726426422595978,-0.3359300196170807,-0.23200811445713043
0.10990805178880692,-0.0022831023670732975,0.008509330451488495
-0.10987041145563126,0.0016958246706053615,-0.00772577291354537
0.13627301156520844,0.42012545466423035,4.171515320194885e-05
-0.10794515907764435,0.39928776025772095,-0.011992604471743107
0.2149636149406433,0.7677327990531921,0.09549245238304138
-0.11709827929735184,0.7671796679496765,0.10573500394821167
0.22788865864276886,0.8126664161682129,0.09741134196519852
-0.1175837367773056,0.8134403228759766,0.10924325883388519
0.2581512928009033,0.8702611327171326,-0.030274344608187675
-0.1396302878856659,0.872241199016571,-0.019061263650655746
-
-0.000897844263818115,-0.6277259588241577,-0.14119471609592438
0.005912321154028177,-0.6655799150466919,-0.12547795474529266
0.006417322903871536,-0.6659610867500305,-0.12508635222911835
0.006103158928453922,-0.6664819121360779,-0.1247323676943779
-0.027249092236161232,-0.6615569591522217,-0.1234801858663559
-0.026909688487648964,-0.6623544692993164,-0.1242891177535057
-0.027015576139092445,-0.6635534167289734,-0.1232992559671402
0.05902981758117676,-0.6577156186103821,-0.011776954866945744
-0.08965746313333511,-0.6467803716659546,-0.01718165911734104
0.02308991737663746,-0.6055202484130859,-0.09991676360368729
-0.019811127334833145,-0.5995365381240845,-0.10001526772975922
0.14556245505809784,-0.46549171209335327,0.05650664493441582
-0.15242934226989746,-0.4643085300922394,0.05545654520392418
0.16686074435710907,-0.2576434910297394,-0.03484486788511276
-0.21338750422000885,-0.24036633968353271,-0.002376966644078493
0.20247621834278107,-0.3741295337677002,-0.24928522109985352
-0.2749553620815277,-0.32162806391716003,-0.22240231931209564
0.19892999529838562,-0.3849774897098541,-0.2888355553150177
-0.27972254157066345,-0.3269887864589691,-0.26124200224876404
0.2091122567653656,-0.4138653576374054,-0.2959217429161072
-0.29541778564453125,-0.359303742647171,-0.2725435495376587
0.20225074887275696,-0.39099642634391785,-0.2551707923412323
-0.2725367248058319,-0.3362134099006653,-0.23299013078212738
0.10997187346220016,-0.0022838592994958162,0.008488978259265423
-0.10993432253599167,0.0016940961359068751,-0.007702888920903206
0.1362191140651703,0.42016151547431946,-0.00034094482543878257
-0.10802992433309555,0.39932048320770264,-0.01202845387160778
0.21487991511821747,0.767722487449646,0.09556739777326584
-0.11724226921796799,0.7671996355056763,0.10579968243837357
0.22778363525867462,0.8126537203788757,0.09749554842710495
-0.11773239821195602,0.8134620785713196,0.10930965840816498
0.25779062509536743,0.870322048664093,-0.030134521424770355
-0.13985265791416168,0.8722599744796753,-0.019073395058512688
-
-0.004441636148840189,-0.6275365352630615,-0.14311477541923523
0.0023374310694634914,-0.6654281616210938,-0.12777669727802277
0.002846397226676345,-0.6658097505569458,-0.1273917704820633
0.0025315035600215197,-0.6663302183151245,-0.1270340532064438
-0.030787404626607895,-0.6613506078720093,-0.12536022067070007
-0.03045046143233776,-0.6621452569961548,-0.12617671489715576
-0.03055250085890293,-0.663343608379364,-0.12518678605556488
0.05669263005256653,-0.6577112078666687,-0.015065349638462067
-0.0917595848441124,-0.6466648578643799,-0.01838568225502968
0.02021404728293419,-0.6054357886314392,-0.10210655629634857
-0.022609025239944458,-0.5993936657905579,-0.10159847140312195
0.14486362040042877,-0.465536892414093,0.05391635745763779
-0.15313877165317535,-0.4643091857433319,0.054677870124578476
0.16723954677581787,-0.25798243284225464,-0.03726685792207718
-0.21343235671520233,-0.2402910739183426,-0.002904933877289295
0.2026972621679306,-0.37369585037231445,-0.2522045969963074
-0.27483871579170227,-0.32189881801605225,-0.2237747460603714
0.19906429946422577,-0.3844998776912689,-0.2915383279323578
-0.27946293354034424,-0.3273830711841583,-0.2628459334373474
0.20923981070518494,-0.41326141357421875,-0.29857608675956726
-0.2951519191265106,-0.3597574234008789,-0.27426618337631226
0.20242226123809814,-0.39050689339637756,-0.2580361068248749
-0.2724059522151947,-0.33653679490089417,-0.23454803228378296
0.11003441363573074,-0.0022815600968897343,0.00842707883566618
-0.10999944806098938,0.0016888290410861373,-0.007639426272362471
0.13616931438446045,0.420176237821579,-0.0008081968990154564
-0.10822322219610214,0.3993409276008606,-0.012005679309368134
0.21475312113761902,0.7677088975906372,0.09569749236106873
-0.11732280999422073,0.7672097086906433,0.10613706707954407
0.22762592136859894,0.812637448310852,0.09762438386678696
-0.11780011653900146,0.8134731650352478,0.10965888947248459
0.2573718726634979,0.8704331517219543,-0.030001921579241753
-0.1400318443775177,0.8722811937332153,-0.0188806913793087
-
-0.007296295370906591,-0.6272959113121033,-0.14519038796424866
-0.0006731836474500597,-0.6652315258979797,-0.13016700744628906
-0.00016079185297712684,-0.6656140089035034,-0.1297854483127594
-0.00047618962707929313,-0.6661342978477478,-0.12942539155483246
-0.033758651465177536,-0.6610736846923828,-0.127484530210495
-0.033422574400901794,-0.6618642807006836,-0.12830699980258942
-0.03352294862270355,-0.663062572479248,-0.12731873989105225
0.05432115122675896,-0.6577118635177612,-0.018159592524170876
-0.0939030796289444,-0.6464756727218628,-0.020071642473340034
0.017783699557185173,-0.6053348779678345,-0.10436183214187622
-0.024974945932626724,-0.599206268787384,-0.10343150049448013
0.14412027597427368,-0.4656338393688202,0.051500026136636734
-0.15408770740032196,-0.464301735162735,0.05334603786468506
0.16735179722309113,-0.2581217288970947,-0.039077598601579666
-0.21361777186393738,-0.23986101150512695,-0.003935892600566149
0.20277787744998932,-0.37260499596595764,-0.2546745836734772
-0.2746712267398834,-0.3215004801750183,-0.22530131042003632
0.1995634138584137,-0.3830876350402832,-0.2939434349536896
-0.27909350395202637,-0.32689473032951355,-0.26452451944351196
0.20996950566768646,-0.41168734431266785,-0.30113232135772705
-0.2947585880756378,-0.3594368100166321,-0.2759568989276886
0.20265300571918488,-0.3893220126628876,-0.2605503499507904
-0.2722179889678955,-0.33620673418045044,-0.23617728054523468
0.11010652035474777,-0.0022809754591435194,0.00837673433125019
-0.11007342487573624,0.0016858321614563465,-0.007587878033518791
0.13615413010120392,0.4201844036579132,-0.0011443436378613114
-0.1082904040813446,0.39936089515686035,-0.011991308070719242
0.21471334993839264,0.7676048278808594,0.09589923173189163
-0.11738879233598709,0.767211377620697,0.10645055770874023
0.22757074236869812,0.8125201463699341,0.09785646200180054
-0.11786307394504547,0.8134748935699463,0.10998617857694626
0.2570781111717224,0.8704829812049866,-0.029887696728110313
-0.14021360874176025,0.8722960948944092,-0.01867874525487423
-
-0.010261106304824352,-0.6271830201148987,-0.14591728150844574
-0.003889612853527069,-0.6651495695114136,-0.13105395436286926
-0.0033756226766854525,-0.6655321717262268,-0.1306745857000351
-0.0036921240389347076,-0.6660529971122742,-0.13031183183193207
-0.03691214323043823,-0.6608940958976746,-0.12814569473266602
-0.03657696768641472,-0.6616833209991455,-0.12896773219108582
-0.03667740896344185,-0.6628815531730652,-0.1279802918434143
0.05198885127902031,-0.657762348651886,-0.01967133954167366
-0.09591630846261978,-0.6462047100067139,-0.02040773443877697
0.015409870073199272,-0.6053059101104736,-0.10528454929590225
-0.0272575281560421,-0.5990849137306213,-0.10400903224945068
0.14357152581214905,-0.4658036231994629,0.050168827176094055
-0.15454991161823273,-0.46424874663352966,0.05299638584256172
0.1675519496202469,-0.25815102458000183,-0.039827387779951096
-0.21356548368930817,-0.23924943804740906,-0.0040623522363603115
0.20332515239715576,-0.3712775409221649,-0.2548677921295166
-0.2744920253753662,-0.3206706941127777,-0.22544531524181366
0.2007603794336319,-0.381432443857193,-0.2940147817134857
-0.27879655361175537,-0.32591450214385986,-0.2646782398223877
0.21134966611862183,-0.4098473787307739,-0.3012087047100067
-0.2944176197052002,-0.35849225521087646,-0.27608516812324524
0.20342238247394562,-0.3878623843193054,-0.26073506474494934
-0.27202796936035156,-0.3353706896305084,-0.23635441064834595
0.11015389859676361,-0.002278155880048871,0.008299320004880428
-0.11012263596057892,0.00168025610037148,-0.007509040646255016
0.13614137470722198,0.4202022850513458,-0.0015149229438975453
-0.10830836743116379,0.3993831276893616,-0.011985037475824356
0.2146858423948288,0.7676078081130981,0.09602498263120651
-0.11742278933525085,0.7673090696334839,0.1064925566315651
0.2275351881980896,0.8125203847885132,0.0979834496974945
-0.11789675801992416,0.8135764598846436,0.11002562195062637
0.25690391659736633,0.8705710172653198,-0.029797499999403954
-0.14031654596328735,0.8723686337471008,-0.01866830140352249
-
-0.011626163497567177,-0.627066969871521,-0.1469840258359909
-0.005335019901394844,-0.6650598049163818,-0.1322007179260254
-0.004821958020329475,-0.6654425859451294,-0.13182109594345093
-0.005137193948030472,-0.6659642457962036,-0.13146105408668518
-0.03834722191095352,-0.6607453227043152,-0.12918737530708313
-0.0380127876996994,-0.6615329384803772,-0.1300075203180313
-0.03811386972665787,-0.6627315282821655,-0.1290208399295807
0.050676606595516205,-0.657781183719635,-0.02102484554052353
-0.09718820452690125,-0.6460304856300354,-0.02124815061688423
0.014137730933725834,-0.6052629351615906,-0.10642529278993607
-0.028520682826638222,-0.5989759564399719,-0.10498498380184174
0.1430322676897049,-0.46588441729545593,0.04906580597162247
-0.15504810214042664,-0.46420958638191223,0.052312418818473816
0.16763383150100708,-0.25804683566093445,-0.0403258241713047
-0.21363414824008942,-0.23908516764640808,-0.004595125559717417
0.20353935658931732,-0.3702341914176941,-0.25486189126968384
-0.2744271159172058,-0.3208770155906677,-0.22596389055252075
0.20126159489154816,-0.38020631670951843,-0.2939344048500061
-0.27865418791770935,-0.3263057470321655,-0.2652004659175873
0.2119903862476349,-0.40858322381973267,-0.3011266589164734
-0.2942467927932739,-0.35883721709251404,-0.27657878398895264
0.20376724004745483,-0.3867798447608948,-0.2607090473175049
-0.2719521224498749,-0.3355865180492401,-0.23692099750041962
0.11019279807806015,-0.0022700121626257896,0.008284047245979309
-0.11016086488962173,0.001668756129220128,-0.007492549251765013
0.1361113041639328,0.42030441761016846,-0.0016706943279132247
-0.10834627598524094,0.39940229058265686,-0.011912833899259567
0.2146114856004715,0.7676534652709961,0.09611784666776657
-0.11743301153182983,0.7673020958900452,0.1070794016122818
0.22745513916015625,0.8125541806221008,0.09808331727981567
-0.11790169030427933,0.8135675191879272,0.11065632104873657
0.25687703490257263,0.8706541061401367,-0.029747113585472107
-0.14032849669456482,0.87237548828125,-0.01815495267510414
-
-0.013102327473461628,-0.6269498467445374,-0.14839643239974976
-0.006829306948930025,-0.6649755239486694,-0.1337524652481079
-0.006318280473351479,-0.6653586030006409,-0.13337254524230957
-0.006631884723901749,-0.6658808588981628,-0.1330137699842453
-0.03982748091220856,-0.6606146693229675,-0.1306043267250061
-0.03949418291449547,-0.6614007949829102,-0.13142390549182892
-0.03959542512893677,-0.6625996828079224,-0.13043703138828278
0.049409594386816025,-0.6578221321105957,-0.02283983863890171
-0.09838609397411346,-0.6459417343139648,-0.022412022575736046
0.012779053300619125,-0.6052241325378418,-0.10790877789258957
-0.029866600409150124,-0.5988844633102417,-0.1062670350074768
0.14252454042434692,-0.4660232961177826,0.047607067972421646
-0.15562748908996582,-0.4642121195793152,0.05158248916268349
0.1677742898464203,-0.257785826921463,-0.040942221879959106
-0.21369099617004395,-0.23903074860572815,-0.005138699430972338
0.2037992775440216,-0.3692357838153839,-0.25507256388664246
-0.2744525372982025,-0.32114365696907043,-0.2267688810825348
0.20167846977710724,-0.37914109230041504,-0.2940710186958313
-0.27865302562713623,-0.3267037272453308,-0.26607275009155273
0.21253342926502228,-0.4076205790042877,-0.30133187770843506
-0.2941412031650543,-0.35920920968055725,-0.27744102478027344
0.204135462641716,-0.3858286738395691,-0.26091617345809937
-0.2719663083553314,-0.3358611762523651,-0.23778897523880005
0.11023064702749252,-0.002261922461912036,0.008253357373178005
-0.11019884049892426,0.0016573681496083736,-0.007461209315806627
0.1361038088798523,0.4203718900680542,-0.001727589056827128
-0.1083771362900734,0.39941421151161194,-0.011800369247794151
0.21448180079460144,0.7677295804023743,0.09628648310899734
-0.1174519881606102,0.767275869846344,0.10768720507621765
0.22730045020580292,0.8126255869865417,0.09825070947408676
-0.11791929602622986,0.8135404586791992,0.11129581928253174
0.2568158805370331,0.8708438277244568,-0.02959611266851425
-0.1403522938489914,0.8723667860031128,-0.01756184734404087
-
-0.0165049247443676,-0.6269341707229614,-0.14886976778507233
-0.010349071584641933,-0.664966881275177,-0.13434191048145294
-0.009837532415986061,-0.6653499603271484,-0.13396218419075012
-0.010150828398764133,-0.6658722162246704,-0.13360373675823212
-0.043270837515592575,-0.6605702042579651,-0.13100314140319824
-0.042939286679029465,-0.6613562107086182,-0.13182087242603302
-0.04304319620132446,-0.6625551581382751,-0.13083525002002716
0.04683432728052139,-0.6579549908638,-0.023995446041226387
-0.10062818974256516,-0.6458127498626709,-0.022596146911382675
0.009918934665620327,-0.6052243709564209,-0.10855311900377274
-0.03264353424310684,-0.5988577604293823,-0.10663865506649017
0.14171157777309418,-0.4663737416267395,0.04636828228831291
-0.15632407367229462,-0.46419891715049744,0.05137832090258598
0.16786743700504303,-0.2579357326030731,-0.04214632138609886
-0.21366821229457855,-0.23898516595363617,-0.0054030087776482105
0.20390722155570984,-0.3689970076084137,-0.25560832023620605
-0.27447134256362915,-0.32128554582595825,-0.22719188034534454
0.20174697041511536,-0.37883061170578003,-0.2944451868534088
-0.27865320444107056,-0.3269164264202118,-0.2665313184261322
0.21262024343013763,-0.40724432468414307,-0.30169278383255005
-0.2940559685230255,-0.3593490719795227,-0.2778668701648712
0.20419616997241974,-0.3855364918708801,-0.2614165246486664
-0.27197879552841187,-0.33597713708877563,-0.23824955523014069
0.1102590411901474,-0.002259116852656007,0.00820143148303032
-0.11022747308015823,0.0016524726524949074,-0.007408054079860449
0.13609743118286133,0.42040520906448364,-0.0017873076722025871
-0.10841726511716843,0.39943113923072815,-0.011685403995215893
0.21442373096942902,0.7679108381271362,0.09637906402349472
-0.11747170239686966,0.7673792839050293,0.10779260843992233
0.22724515199661255,0.8128045797348022,0.09833717346191406
-0.11793796718120575,0.8136506080627441,0.11138425767421722
0.2568129301071167,0.8709440231323242,-0.02953004091978073
-0.14053405821323395,0.8724444508552551,-0.01746918261051178
-
-0.01907612755894661,-0.626925528049469,-0.14896418154239655
-0.012907849624752998,-0.6649594902992249,-0.13448655605316162
-0.012397218495607376,-0.6653425693511963,-0.1341066062450409
-0.012710539624094963,-0.665864884853363,-0.13374775648117065
-0.04576857015490532,-0.6605345010757446,-0.13104602694511414
-0.04543991759419441,-0.6613210439682007,-0.1318628340959549
-0.04554520547389984,-0.6625197529792786,-0.13087764382362366
0.0451071672141552,-0.6580278873443604,-0.024554220959544182
-0.1020958349108696,-0.6456518173217773,-0.022592222318053246
0.007755063008517027,-0.6052241921424866,-0.10876218229532242
-0.03473346307873726,-0.598832368850708,-0.10669243335723877
0.14120794832706451,-0.46654099225997925,0.04558809846639633
-0.15671910345554352,-0.464165061712265,0.05130181834101677
0.1679847091436386,-0.25805342197418213,-0.04317696392536163
-0.21350274980068207,-0.23894965648651123,-0.005520603619515896
0.20417369902133942,-0.3690306842327118,-0.25582394003868103
-0.27449163794517517,-0.3213266134262085,-0.2271655648946762
0.20202979445457458,-0.3789161443710327,-0.2945009171962738
-0.27868330478668213,-0.32696837186813354,-0.26649370789527893
0.21289709210395813,-0.4072767198085785,-0.3016791343688965
-0.2940070331096649,-0.35926276445388794,-0.27780115604400635
0.20448891818523407,-0.38553911447525024,-0.2615799009799957
-0.27199557423591614,-0.33596110343933105,-0.23822151124477386
0.11028244346380234,-0.002251826459541917,0.008143102750182152
-0.11025027930736542,0.0016428636154159904,-0.007348807994276285
0.13608090579509735,0.42045673727989197,-0.001849610940553248
-0.1084521934390068,0.399446040391922,-0.011555696837604046
0.21435292065143585,0.7682645916938782,0.09626373648643494
-0.11750166118144989,0.7675341367721558,0.10782080143690109
0.22718532383441925,0.8131650686264038,0.09816040843725204
-0.1179812029004097,0.8138223886489868,0.1114002987742424
0.25687962770462036,0.8710439205169678,-0.029703455045819283
-0.1408824622631073,0.8725161552429199,-0.017444107681512833
-
-0.021756267175078392,-0.6267786026000977,-0.14933767914772034
-0.015492953360080719,-0.6648306250572205,-0.13503576815128326
-0.014979753643274307,-0.6652149558067322,-0.13465577363967896
-0.015294906683266163,-0.6657364964485168,-0.1342959702014923
-0.04829170182347298,-0.6603339314460754,-0.131357803940773
-0.04796481132507324,-0.6611206531524658,-0.13217633962631226
-0.048069585114717484,-0.6623189449310303,-0.13119162619113922
0.04330548271536827,-0.6580305099487305,-0.025853440165519714
-0.1035921722650528,-0.6454048752784729,-0.022695785388350487
0.005428121890872717,-0.6051562428474426,-0.10932303220033646
-0.03698600083589554,-0.598686695098877,-0.10694220662117004
0.14064842462539673,-0.4666597843170166,0.04423852264881134
-0.15739916265010834,-0.464162677526474,0.051169488579034805
0.1681136190891266,-0.25815069675445557,-0.04512003809213638
-0.21354520320892334,-0.2390366494655609,-0.005964482203125954
0.20471453666687012,-0.368989497423172,-0.2580052614212036
-0.27463391423225403,-0.3214185833930969,-0.2281629890203476
0.20255915820598602,-0.3789387345314026,-0.2964405417442322
-0.2788344621658325,-0.32710134983062744,-0.267642617225647
0.2133871167898178,-0.40724435448646545,-0.3034987151622772
-0.29407691955566406,-0.3593516945838928,-0.2787167429924011
0.20504286885261536,-0.38547253608703613,-0.2636755704879761
-0.2721555233001709,-0.3360368013381958,-0.2391941100358963
0.11031290143728256,-0.0022450678516179323,0.008078627288341522
-0.11028171330690384,0.0016337356064468622,-0.007284584920853376
0.1360761523246765,0.42047634720802307,-0.002145561156794429
-0.10857321321964264,0.3994598686695099,-0.011518007144331932
0.21430779993534088,0.7684749364852905,0.09614191949367523
-0.11753333359956741,0.7676501274108887,0.10782813280820847
0.22714878618717194,0.8133894801139832,0.0980089008808136
-0.11801472306251526,0.8139521479606628,0.1114039495587349
0.2569657266139984,0.8712349534034729,-0.029837235808372498
-0.14111663401126862,0.8726189136505127,-0.017441030591726303
-
-0.023593993857502937,-0.626451849937439,-0.1496577113866806
-0.01733761467039585,-0.6645461916923523,-0.135557159781456
-0.016821444034576416,-0.66493159532547,-0.13517776131629944
-0.017140008509159088,-0.6654529571533203,-0.13481570780277252
-0.05008812993764877,-0.6599336266517639,-0.13164861500263214
-0.04976111650466919,-0.6607210040092468,-0.132468581199646
-0.04986698925495148,-0.6619188189506531,-0.1314852237701416
0.04203963652253151,-0.6580202579498291,-0.02703884243965149
-0.104597307741642,-0.6450149416923523,-0.02277345582842827
0.003894261084496975,-0.6049872636795044,-0.10979177057743073
-0.03846460580825806,-0.5983895063400269,-0.10712672770023346
0.14037448167800903,-0.46680426597595215,0.04322369396686554
-0.15771183371543884,-0.4641743004322052,0.05108799785375595
0.1683504581451416,-0.25822511315345764,-0.04667017236351967
-0.21357809007167816,-0.23910976946353912,-0.006298582069575787
0.20519700646400452,-0.36901944875717163,-0.2599131464958191
-0.2745717465877533,-0.3215431571006775,-0.22896817326545715
0.20300066471099854,-0.3790297508239746,-0.29825466871261597
-0.27868226170539856,-0.3272666335105896,-0.26862606406211853
0.21378900110721588,-0.40730974078178406,-0.30518367886543274
-0.2938292622566223,-0.3595160245895386,-0.2794806659221649
0.20552736520767212,-0.3854905366897583,-0.26551395654678345
-0.27206531167030334,-0.3361702263355255,-0.2399560660123825
0.11034238338470459,-0.0022363581229001284,0.008005190640687943
-0.11031214147806168,0.0016224347054958344,-0.007211130578070879
0.13608194887638092,0.42048993706703186,-0.002513196086511016
-0.10861650109291077,0.3994745910167694,-0.011485850438475609
0.21428556740283966,0.7686910629272461,0.09581632167100906
-0.11754778027534485,0.7678192257881165,0.1078028678894043
0.22712476551532745,0.8136237859725952,0.09763722121715546
-0.11802825331687927,0.8141383528709412,0.11136045306921005
0.2570381760597229,0.8715206384658813,-0.03023470751941204
-0.1411810666322708,0.872795820236206,-0.017476998269557953
-
-0.024864140897989273,-0.6259599328041077,-0.15006904304027557
-0.0186354648321867,-0.6641286611557007,-0.13614130020141602
-0.018118664622306824,-0.6645141839981079,-0.13576264679431915
-0.018438229337334633,-0.6650358438491821,-0.13539965450763702
-0.05139067769050598,-0.6594056487083435,-0.1320844292640686
-0.05106277018785477,-0.6601928472518921,-0.13290627300739288
-0.05116978660225868,-0.6613900661468506,-0.13192498683929443
0.04084569960832596,-0.6579920649528503,-0.02787940762937069
-0.10574732720851898,-0.6446120142936707,-0.023005275055766106
0.002683227648958564,-0.6047027707099915,-0.1102515161037445
-0.039682790637016296,-0.5979680418968201,-0.10740786790847778
0.1398719847202301,-0.46694517135620117,0.042802900075912476
-0.15823690593242645,-0.46417683362960815,0.05086265504360199
0.1684325784444809,-0.25828519463539124,-0.04725252836942673
-0.2136126458644867,-0.23913820087909698,-0.006811310071498156
0.2053515911102295,-0.3690600097179413,-0.2607584595680237
-0.274341881275177,-0.32164835929870605,-0.2299080640077591
0.20315006375312805,-0.3790985345840454,-0.2991461455821991
-0.27823102474212646,-0.3273663818836212,-0.2697509825229645
0.21390818059444427,-0.40738677978515625,-0.30600202083587646
-0.29320257902145386,-0.3596079349517822,-0.2804565727710724
0.20567502081394196,-0.38553479313850403,-0.26633328199386597
-0.2717803716659546,-0.33626389503479004,-0.2408628910779953
0.11036773025989532,-0.002230210229754448,0.007972478866577148
-0.11033803224563599,0.0016141666565090418,-0.007178558502346277
0.13608843088150024,0.4205024242401123,-0.0026638819836080074
-0.1086491048336029,0.3994876444339752,-0.011477721855044365
0.21426516771316528,0.7688814401626587,0.09571269899606705
-0.11764697730541229,0.7678858041763306,0.10775019228458405
0.22710230946540833,0.8138353824615479,0.09750732034444809
-0.11813361942768097,0.8142098784446716,0.1112879067659378
0.2570669651031494,0.8717334866523743,-0.03042258881032467
-0.14127837121486664,0.8728888034820557,-0.017601950094103813
-
-0.026886913925409317,-0.6254206895828247,-0.1505405604839325
-0.020815614610910416,-0.6636770963668823,-0.13682857155799866
-0.020296700298786163,-0.6640617847442627,-0.13645131886005402
-0.020619455724954605,-0.6645844578742981,-0.1360863447189331
-0.05353984236717224,-0.6587768197059631,-0.1325545608997345
-0.05321185663342476,-0.6595643758773804,-0.13337861001491547
-0.05332016572356224,-0.6607609987258911,-0.13239933550357819
0.0391627661883831,-0.6579735279083252,-0.029051214456558228
-0.10726003348827362,-0.6439998745918274,-0.023192312568426132
0.0010009676916524768,-0.6044092178344727,-0.1108313500881195
-0.04133421555161476,-0.5974678993225098,-0.10770994424819946
0.1394779533147812,-0.4671478569507599,0.04212243854999542
-0.15866005420684814,-0.46416211128234863,0.05064018815755844
0.16858239471912384,-0.25832247734069824,-0.04846218600869179
-0.21364329755306244,-0.23917156457901,-0.007336782291531563
0.20555099844932556,-0.3691540062427521,-0.26233258843421936
-0.2742546498775482,-0.3217196464538574,-0.23082241415977478
0.20331472158432007,-0.37919875979423523,-0.30070292949676514
-0.27802538871765137,-0.32745361328125,-0.27082493901252747
0.21403144299983978,-0.40750518441200256,-0.30737248063087463
-0.29293209314346313,-0.3596936762332916,-0.2813372313976288
0.2058558464050293,-0.38563278317451477,-0.2678282856941223
-0.2716730237007141,-0.3363381624221802,-0.24173367023468018
0.11039521545171738,-0.0022204420529305935,0.007920592091977596
-0.11036673188209534,0.001602066564373672,-0.007127371151000261
0.1360854059457779,0.42051970958709717,-0.0028580634389072657
-0.10867858678102493,0.3995010554790497,-0.011447636410593987
0.21420109272003174,0.7691113352775574,0.09564872831106186
-0.11771311610937119,0.7679859399795532,0.10773991048336029
0.2270367294549942,0.8140894174575806,0.0974288284778595
-0.11820143461227417,0.8143203854560852,0.11126808077096939
0.25703948736190796,0.8720290064811707,-0.030586766079068184
-0.14140640199184418,0.8730182647705078,-0.01765725202858448
-
-0.02884724922478199,-0.6246353983879089,-0.15093407034873962
-0.022679029032588005,-0.6629509925842285,-0.1374291479587555
-0.02215700037777424,-0.6633349657058716,-0.13705132901668549
-0.022482655942440033,-0.6638571619987488,-0.13668589293956757
-0.055372945964336395,-0.6579424738883972,-0.13292889297008514
-0.05504477769136429,-0.6587300896644592,-0.13375727832317352
-0.05515362322330475,-0.6599252820014954,-0.1327807456254959
0.0378757044672966,-0.6578137278556824,-0.030202476307749748
-0.10840313136577606,-0.6433637142181396,-0.02331487648189068
-0.0006995397852733731,-0.6038827896118164,-0.11135800182819366
-0.04300757497549057,-0.5967963933944702,-0.10795290768146515
0.1390591263771057,-0.4672015309333801,0.04123084619641304
-0.15913482010364532,-0.4641285240650177,0.050467561930418015
0.16903573274612427,-0.258447527885437,-0.05072641000151634
-0.21374033391475677,-0.2391895204782486,-0.007825965993106365
0.2056707888841629,-0.3693180978298187,-0.2655954360961914
-0.2741958498954773,-0.3218354284763336,-0.23147720098495483
0.20335954427719116,-0.37948963046073914,-0.3038865029811859
-0.277822881937027,-0.32762712240219116,-0.2715619206428528
0.21406589448451996,-0.40770700573921204,-0.3101487159729004
-0.2926771938800812,-0.3598596751689911,-0.28179705142974854
0.20593711733818054,-0.38578054308891296,-0.2709074914455414
-0.271593302488327,-0.33645427227020264,-0.24228249490261078
0.11041848361492157,-0.0022106580436229706,0.007858299650251865
-0.11039125174283981,0.0015900841681286693,-0.007066578138619661
0.13607157766819,0.4205319583415985,-0.003108885372057557
-0.1086992397904396,0.39951327443122864,-0.011438541114330292
0.214078888297081,0.7692888379096985,0.09565019607543945
-0.11774707585573196,0.7680503129959106,0.10769063979387283
0.22690705955028534,0.8142984509468079,0.09742966294288635
-0.11823640763759613,0.814393162727356,0.11120473593473434
0.2569179832935333,0.8724339008331299,-0.030636413022875786
-0.14143222570419312,0.8731424808502197,-0.01782398670911789
-
-0.030714577063918114,-0.6242719292640686,-0.15110595524311066
-0.024556010961532593,-0.6626014113426208,-0.1377328336238861
-0.024031244218349457,-0.662985622882843,-0.1373535692691803
-0.024359729140996933,-0.663506805896759,-0.1369880586862564
-0.05720072239637375,-0.6574905514717102,-0.13308085501194
-0.0568738617002964,-0.6582786440849304,-0.13391262292861938
-0.0569806806743145,-0.6594719886779785,-0.1329372376203537
0.03648417443037033,-0.6577579975128174,-0.03098999336361885
-0.10954868793487549,-0.6428696513175964,-0.02335089072585106
-0.0023076264187693596,-0.6036546230316162,-0.11164668202400208
-0.044552046805620193,-0.5964469313621521,-0.10804775357246399
0.13858747482299805,-0.4673280715942383,0.04041203111410141
-0.15956363081932068,-0.464051216840744,0.050241127610206604
0.16944551467895508,-0.2588106393814087,-0.053197041153907776
-0.21380871534347534,-0.23908326029777527,-0.008525506593286991
0.20594872534275055,-0.36999285221099854,-0.2691655158996582
-0.2741357684135437,-0.3219282627105713,-0.2320261299610138
0.20355349779129028,-0.38043302297592163,-0.3073543906211853
-0.2776471674442291,-0.3277321755886078,-0.2720864713191986
0.21415771543979645,-0.40837937593460083,-0.31319165229797363
-0.29248180985450745,-0.3599568009376526,-0.28209003806114197
0.206162229180336,-0.3863857686519623,-0.2743145525455475
-0.2715190351009369,-0.33654162287712097,-0.24273145198822021
0.11043906956911087,-0.0022063362412154675,0.0078004105016589165
-0.11041175574064255,0.0015842928551137447,-0.007011174224317074
0.13605940341949463,0.4205417335033417,-0.003390397410839796
-0.10871744155883789,0.39957544207572937,-0.011405757628381252
0.21404679119586945,0.7694970369338989,0.0954037457704544
-0.11776521056890488,0.7683035135269165,0.10760676860809326
0.22687527537345886,0.8145375847816467,0.09714654088020325
-0.1182558611035347,0.8146626949310303,0.11109470576047897
0.2568313181400299,0.8728771805763245,-0.031080462038517
-0.14146862924098969,0.8734486103057861,-0.018000692129135132
-
-0.03382977843284607,-0.6240987181663513,-0.15139064192771912
-0.027701182290911674,-0.66243577003479,-0.1382465958595276
-0.02717147022485733,-0.6628191471099854,-0.13786736130714417
-0.027508093044161797,-0.6633403897285461,-0.13750089704990387
-0.060267332941293716,-0.6572069525718689,-0.13328532874584198
-0.059942957013845444,-0.6579983830451965,-0.13412292301654816
-0.0600467287003994,-0.6591892242431641,-0.13314996659755707
0.03463304787874222,-0.6577498912811279,-0.03253883868455887
-0.1109648123383522,-0.6423405408859253,-0.023369109258055687
-0.004713703412562609,-0.6035645008087158,-0.1121966689825058
-0.04683978483080864,-0.5962318778038025,-0.1081874743103981
0.13836687803268433,-0.467454731464386,0.03898908942937851
-0.15974061191082,-0.46397948265075684,0.04978911206126213
0.17168492078781128,-0.25978171825408936,-0.056989945471286774
-0.21394884586334229,-0.23910397291183472,-0.010298196226358414
0.20765720307826996,-0.3732781708240509,-0.27324768900871277
-0.27407023310661316,-0.3232205808162689,-0.23374342918395996
0.20493310689926147,-0.3851640224456787,-0.3111293315887451
-0.2774644196033478,-0.32959267497062683,-0.27386224269866943
0.21526187658309937,-0.4126265048980713,-0.3162177503108978
-0.29225650429725647,-0.3616640567779541,-0.283110111951828
0.2077450007200241,-0.38965266942977905,-0.2781045734882355
-0.2714329957962036,-0.33783674240112305,-0.24417223036289215
0.11046085506677628,-0.002195348497480154,0.007734773214906454
-0.11043354868888855,0.001572168548591435,-0.00695044593885541
0.1360844224691391,0.42049458622932434,-0.00372607191093266
-0.1087537333369255,0.3996441662311554,-0.011302608996629715
0.21402861177921295,0.7697173357009888,0.09479187428951263
-0.11790894716978073,0.7687712907791138,0.10749945044517517
0.22685493528842926,0.8147991895675659,0.09645266085863113
-0.1184210479259491,0.8151673674583435,0.11095545440912247
0.2567416727542877,0.8733053207397461,-0.03204042464494705
-0.1417398750782013,0.8739147782325745,-0.018169360235333443
-
-0.03604170307517052,-0.6241313815116882,-0.1520339697599411
-0.03032679855823517,-0.6624764204025269,-0.1391059160232544
-0.029800010845065117,-0.6628581881523132,-0.13872720301151276
-0.03014203906059265,-0.6633797287940979,-0.13836465775966644
-0.06280259042978287,-0.6571914553642273,-0.13372395932674408
-0.06248120591044426,-0.6579828262329102,-0.13456594944000244
-0.06258367002010345,-0.659173846244812,-0.1336008459329605
0.03309885039925575,-0.6579704284667969,-0.03452231362462044
-0.1119782030582428,-0.6418043971061707,-0.023418176919221878
-0.006191860884428024,-0.603645920753479,-0.11326766014099121
-0.04817039147019386,-0.5962094664573669,-0.10863414406776428
0.13835911452770233,-0.4677453339099884,0.03715607523918152
-0.1596686691045761,-0.46372079849243164,0.04874524846673012
0.17366574704647064,-0.26089349389076233,-0.0613386407494545
-0.2137114405632019,-0.23903073370456696,-0.013061527162790298
0.20936720073223114,-0.3783091902732849,-0.2769153118133545
-0.2738083600997925,-0.32409584522247314,-0.23606598377227783
0.20650725066661835,-0.392153799533844,-0.31446585059165955
-0.2771911025047302,-0.33096903562545776,-0.27614256739616394
0.2168167233467102,-0.4190596342086792,-0.3187865912914276
-0.2920524775981903,-0.362794429063797,-0.28482571244239807
0.20946326851844788,-0.3947131931781769,-0.28155210614204407
-0.27121487259864807,-0.3386780023574829,-0.2463703602552414
0.11047837138175964,-0.002177735324949026,0.0076952604576945305
-0.1104527935385704,0.0015538391890004277,-0.006915519945323467
0.13628889620304108,0.42031773924827576,-0.0039892676286399364
-0.10876458138227463,0.39969998598098755,-0.01088973693549633
0.21402201056480408,0.7697588801383972,0.09402274340391159
-0.11792980134487152,0.7691994309425354,0.10757571458816528
0.2268417775630951,0.8148422837257385,0.09557215869426727
-0.11845578998327255,0.815626323223114,0.11102189123630524
0.25665929913520813,0.8733358383178711,-0.033126287162303925
-0.14191922545433044,0.8742632269859314,-0.01805170439183712
-
-0.039224859327077866,-0.6241017580032349,-0.15214534103870392
-0.033737048506736755,-0.6624552011489868,-0.1393444538116455
-0.03321459889411926,-0.6628358960151672,-0.1389661431312561
-0.03355862945318222,-0.6633574962615967,-0.13860280811786652
-0.06610330939292908,-0.6570261716842651,-0.13374488055706024
-0.06578756123781204,-0.65782231092453,-0.13458777964115143
-0.06588669866323471,-0.6590086221694946,-0.13362471759319305
0.031219447031617165,-0.6580449938774109,-0.035703253000974655
-0.113273985683918,-0.6410617232322693,-0.02321772277355194
-0.008482281118631363,-0.603637158870697,-0.11366229504346848
-0.05026872456073761,-0.5960990190505981,-0.10866314172744751
0.1383441984653473,-0.46782031655311584,0.03558695316314697
-0.1596703976392746,-0.46343788504600525,0.04858696088194847
0.17426088452339172,-0.2612408995628357,-0.06477213650941849
-0.2136579304933548,-0.238773375749588,-0.013389366678893566
0.21052831411361694,-0.38069242238998413,-0.28018707036972046
-0.27384236454963684,-0.32386910915374756,-0.23620936274528503
0.2078029364347458,-0.3954692482948303,-0.3174951672554016
-0.27726250886917114,-0.33058685064315796,-0.2762303352355957
0.21828003227710724,-0.42211347818374634,-0.3213403820991516
-0.29210561513900757,-0.3622468411922455,-0.28493013978004456
0.21075338125228882,-0.3971325159072876,-0.2847230136394501
-0.2712640166282654,-0.3383580148220062,-0.2465372532606125
0.11049502342939377,-0.0021565977949649096,0.007562350481748581
-0.11047081649303436,0.0015317486831918359,-0.006792156491428614
0.1363738626241684,0.420134961605072,-0.004540215712040663
-0.1087787002325058,0.39974185824394226,-0.01075598131865263
0.21401919424533844,0.7698050737380981,0.09333307296037674
-0.11800307035446167,0.7696199417114258,0.10749993473291397
0.22683298587799072,0.8148934841156006,0.094826340675354
-0.11854936182498932,0.816059410572052,0.11092735826969147
0.2564336657524109,0.8733630180358887,-0.03416362404823303
-0.14210295677185059,0.8745471239089966,-0.01814761757850647
-
-0.04246336594223976,-0.6240441203117371,-0.15214237570762634
-0.03716013953089714,-0.662409782409668,-0.13936100900173187
-0.036639489233493805,-0.6627889275550842,-0.1389826387166977
-0.03698503226041794,-0.663310706615448,-0.13861879706382751
-0.06942251324653625,-0.6568027138710022,-0.13363444805145264
-0.06911127269268036,-0.6576036810874939,-0.13447897136211395
-0.06920742988586426,-0.658785879611969,-0.13351964950561523
0.029255518689751625,-0.6581109762191772,-0.0363285206258297
-0.11466722190380096,-0.6403118968009949,-0.022462205961346626
-0.010887525975704193,-0.6036261916160583,-0.11376333981752396
-0.052489325404167175,-0.5959528088569641,-0.10860196501016617
0.1382589489221573,-0.4678856432437897,0.03432436287403107
-0.15965664386749268,-0.4631073474884033,0.048594918102025986
0.17428314685821533,-0.26151084899902344,-0.06697820127010345
-0.21367329359054565,-0.23858483135700226,-0.013355862349271774
0.21134643256664276,-0.38194888830184937,-0.28170955181121826
-0.274314820766449,-0.3238464593887329,-0.2361031174659729
0.20901666581630707,-0.3971586227416992,-0.31877532601356506
-0.2778994143009186,-0.3305543065071106,-0.2760488986968994
0.2198394238948822,-0.42351198196411133,-0.3225645422935486
-0.29270538687705994,-0.3621556758880615,-0.28471845388412476
0.21181762218475342,-0.3983347713947296,-0.2862510085105896
-0.2717781662940979,-0.3383064568042755,-0.24643690884113312
0.11050914973020554,-0.0021336134523153305,0.007312354166060686
-0.11048725247383118,0.001507334760390222,-0.006552982609719038
0.1363876312971115,0.420053631067276,-0.005160565488040447
-0.10881777852773666,0.3998349905014038,-0.010686705820262432
0.214025616645813,0.7698401212692261,0.09290647506713867
-0.11802367120981216,0.7702669501304626,0.10719085484743118
0.2268362045288086,0.8149248361587524,0.09439509361982346
-0.11857160180807114,0.8167099356651306,0.11056987941265106
0.2561838924884796,0.8733892440795898,-0.03482583537697792
-0.14216704666614532,0.8749893307685852,-0.018535038456320763
-
-0.044064562767744064,-0.623917281627655,-0.15209396183490753
-0.039022594690322876,-0.6623043417930603,-0.13935308158397675
-0.03850468993186951,-0.6626812219619751,-0.13897471129894257
-0.038850389420986176,-0.663203775882721,-0.1386106014251709
-0.07120658457279205,-0.6564592719078064,-0.1334654986858368
-0.07089552283287048,-0.6572650074958801,-0.13431043922901154
-0.0709928348660469,-0.6584440469741821,-0.13335424661636353
0.027853017672896385,-0.6581648588180542,-0.03661947697401047
-0.1156214252114296,-0.6394358277320862,-0.021828684955835342
-0.012130326591432095,-0.6036044359207153,-0.1137932762503624
-0.053604401648044586,-0.5957204103469849,-0.10849498957395554
0.13817155361175537,-0.46796703338623047,0.033505428582429886
-0.15959297120571136,-0.4626050591468811,0.048667062073946
0.17420749366283417,-0.26159006357192993,-0.06761614978313446
-0.21362268924713135,-0.23833638429641724,-0.013247123919427395
0.21147121489048004,-0.3824579417705536,-0.28132858872413635
-0.27449241280555725,-0.324426531791687,-0.23571878671646118
0.20927536487579346,-0.39780017733573914,-0.3183378279209137
-0.2781479060649872,-0.3316091299057007,-0.2754538655281067
0.220255509018898,-0.42407453060150146,-0.32224786281585693
-0.2930651605129242,-0.3631298243999481,-0.28401097655296326
0.21205000579357147,-0.3988325297832489,-0.28589189052581787
-0.27201956510543823,-0.33893683552742004,-0.2460354119539261
0.11052080243825912,-0.0021137280855327845,0.007073704618960619
-0.1105017438530922,0.001485962886363268,-0.006321614608168602
0.1363900601863861,0.41999444365501404,-0.005509129259735346
-0.10887996852397919,0.3999115824699402,-0.01054843608289957
0.2141118347644806,0.769864559173584,0.09263142943382263
-0.11796814948320389,0.7706000208854675,0.10707789659500122
0.226936936378479,0.8149434328079224,0.094121053814888
-0.11848698556423187,0.8170282244682312,0.11044430732727051
0.25613948702812195,0.8733808994293213,-0.035212140530347824
-0.142156720161438,0.8752539753913879,-0.018625395372509956
-
-0.04471921548247337,-0.623841404914856,-0.1518363654613495
-0.03994408994913101,-0.6622444987297058,-0.1391938179731369
-0.03943033143877983,-0.662619411945343,-0.1388150453567505
-0.0397757962346077,-0.6631426215171814,-0.1384499967098236
-0.07204597443342209,-0.6561826467514038,-0.13300052285194397
-0.07173500210046768,-0.6569938063621521,-0.1338440626859665
-0.07183334231376648,-0.6581698656082153,-0.13289164006710052
0.027160175144672394,-0.6582760214805603,-0.03669244050979614
-0.1159404069185257,-0.6386114954948425,-0.020852549001574516
-0.012555609457194805,-0.6035953164100647,-0.11376579850912094
-0.053928740322589874,-0.5955448746681213,-0.10815805941820145
0.13817225396633148,-0.4681323766708374,0.03291115537285805
-0.15915268659591675,-0.46207481622695923,0.04895637929439545
0.17414911091327667,-0.2617030739784241,-0.06802269071340561
-0.21334661543369293,-0.2380487471818924,-0.012869659811258316
0.2115907073020935,-0.38304516673088074,-0.2808977961540222
-0.2745838165283203,-0.3251708149909973,-0.23464931547641754
0.20954278111457825,-0.39854541420936584,-0.31798413395881653
-0.2783012092113495,-0.33287468552589417,-0.27397653460502625
0.22069020569324493,-0.4247015416622162,-0.32202577590942383
-0.2933591604232788,-0.364357054233551,-0.2823924124240875
0.2122880071401596,-0.3993927538394928,-0.2854938805103302
-0.2721726894378662,-0.339760422706604,-0.24492985010147095
0.11052865535020828,-0.002086970955133438,0.006801023613661528
-0.11051344871520996,0.001457860111258924,-0.006056974641978741
0.13640029728412628,0.41991525888442993,-0.005746991373598576
-0.10895759612321854,0.39996472001075745,-0.010328786447644234
0.21417711675167084,0.7698875665664673,0.09221339970827103
-0.11788884550333023,0.770875871181488,0.10696704685688019
0.2270127385854721,0.8149623870849609,0.09368009120225906
-0.11837559938430786,0.817289412021637,0.11032284796237946
0.256111204624176,0.8733531832695007,-0.035700537264347076
-0.14215773344039917,0.8754732608795166,-0.018670188263058662
-
-0.04493005946278572,-0.6235883235931396,-0.15168644487857819
-0.04034081846475601,-0.6620364785194397,-0.13911119103431702
-0.039831314235925674,-0.6624072194099426,-0.13873156905174255
-0.04017637297511101,-0.6629317998886108,-0.1383659541606903
-0.07240281999111176,-0.6557121276855469,-0.13275957107543945
-0.0720922127366066,-0.6565288305282593,-0.13360252976417542
-0.07219193875789642,-0.6577019095420837,-0.13265207409858704
0.026675157248973846,-0.6583151817321777,-0.03675279766321182
-0.11621695756912231,-0.6378123164176941,-0.0203994233161211
-0.012727262452244759,-0.6035255789756775,-0.11374848335981369
-0.05405484139919281,-0.5952009558677673,-0.10796134173870087
0.13818228244781494,-0.4682537913322449,0.03266312927007675
-0.15897227823734283,-0.4616906940937042,0.049190182238817215
0.17414720356464386,-0.2617344558238983,-0.0679396316409111
-0.21338613331317902,-0.2379976212978363,-0.012384695932269096
0.21169446408748627,-0.3833702504634857,-0.2806156575679779
-0.27565091848373413,-0.32682618498802185,-0.2335483282804489
0.20969414710998535,-0.39900878071784973,-0.31787267327308655
-0.27958375215530396,-0.33536815643310547,-0.2725095748901367
0.22092893719673157,-0.42517825961112976,-0.3217637538909912
-0.2950322926044464,-0.36684074997901917,-0.2808358669281006
0.21246729791164398,-0.3997534513473511,-0.2852657735347748
-0.2734479308128357,-0.34157148003578186,-0.2437971830368042
0.1105378046631813,-0.0020486656576395035,0.0066126384772360325
-0.11052533984184265,0.0014181480510160327,-0.005875867325812578
0.1363263726234436,0.4198891818523407,-0.005863429047167301
-0.10928233712911606,0.3999849259853363,-0.0100120659917593
0.21417488157749176,0.7698696851730347,0.09216804057359695
-0.11789904534816742,0.7708900570869446,0.10708533227443695
0.22701282799243927,0.8149147629737854,0.09364085644483566
-0.1183813065290451,0.8172944784164429,0.11046743392944336
0.2559821605682373,0.8731598258018494,-0.03576024994254112
-0.1421726942062378,0.8755002617835999,-0.01844898611307144
-
-0.04478292539715767,-0.6233310699462891,-0.15157504379749298
-0.04020901024341583,-0.6618104577064514,-0.13904574513435364
-0.039700962603092194,-0.6621788144111633,-0.13866524398326874
-0.04004513844847679,-0.662703812122345,-0.1382993906736374
-0.07227721810340881,-0.6553425788879395,-0.13263529539108276
-0.07196643203496933,-0.6561618447303772,-0.1334785521030426
-0.07206661999225616,-0.6573334336280823,-0.13252860307693481
0.026478277519345284,-0.6583232283592224,-0.03674866259098053
-0.11637599021196365,-0.637383222579956,-0.020276283845305443
-0.012711062096059322,-0.6034185290336609,-0.11371256411075592
-0.05403672158718109,-0.5949101448059082,-0.10783910006284714
0.1381560117006302,-0.4683826267719269,0.03258121758699417
-0.1589663028717041,-0.46150338649749756,0.04926855489611626
0.1740914136171341,-0.2618747055530548,-0.0677858516573906
-0.2136647254228592,-0.23803828656673431,-0.012296703644096851
0.21172598004341125,-0.3836337625980377,-0.2803526818752289
-0.27675312757492065,-0.3292973041534424,-0.23335503041744232
0.2097560614347458,-0.39924100041389465,-0.31766653060913086
-0.2807849049568176,-0.33868929743766785,-0.2722078859806061
0.22101211547851562,-0.4254155158996582,-0.32163748145103455
-0.2964424192905426,-0.3702017664909363,-0.2804650366306305
0.212528795003891,-0.4000236392021179,-0.2850252389907837
-0.27467772364616394,-0.34422335028648376,-0.2435782253742218
0.11054708063602448,-0.0020264077465981245,0.006502893753349781
-0.11053672432899475,0.0013950889697298408,-0.0057702213525772095
0.13625051081180573,0.41986793279647827,-0.005924710538238287
-0.10972831398248672,0.4000036120414734,-0.0098649300634861
0.21417027711868286,0.7698335647583008,0.09216133505105972
-0.11797100305557251,0.7708595991134644,0.10712511837482452
0.22701068222522736,0.8148509860038757,0.09363693743944168
-0.11842117458581924,0.8172416090965271,0.1105172336101532
0.2558954060077667,0.8730162978172302,-0.035767387598752975
-0.142189159989357,0.8754989504814148,-0.01838950626552105
-
-0.04489988833665848,-0.6230214834213257,-0.15145666897296906
-0.04030696302652359,-0.6615291833877563,-0.13899008929729462
-0.03980003297328949,-0.6618956327438354,-0.13860876858234406
-0.040143996477127075,-0.6624206304550171,-0.13824200630187988
-0.07237298786640167,-0.6549630761146545,-0.13249878585338593
-0.07206325978040695,-0.6557846665382385,-0.13334360718727112
-0.07216278463602066,-0.6569550037384033,-0.1323937028646469
0.026280442252755165,-0.6583178043365479,-0.03678188845515251
-0.11654330044984818,-0.6370701193809509,-0.020096633583307266
-0.012876219116151333,-0.6032555103302002,-0.11367529630661011
-0.05418923869729042,-0.5946040749549866,-0.10768411308526993
0.1381227970123291,-0.4684658646583557,0.03242790699005127
-0.15896713733673096,-0.461444228887558,0.04944174364209175
0.17409904301166534,-0.26215046644210815,-0.06786513328552246
-0.21420370042324066,-0.23828618228435516,-0.012199346907436848
0.21207980811595917,-0.3841722309589386,-0.28019148111343384
-0.2778773009777069,-0.3315763473510742,-0.2332773208618164
0.2102222442626953,-0.39984360337257385,-0.31740427017211914
-0.28191420435905457,-0.3413894474506378,-0.27207937836647034
0.22154419124126434,-0.4259672462940216,-0.3214298486709595
-0.2975626587867737,-0.3728594481945038,-0.280248761177063
0.21297168731689453,-0.40055665373802185,-0.28484833240509033
-0.27581265568733215,-0.3465571701526642,-0.24347014725208282
0.1105557531118393,-0.002001048531383276,0.00637418869882822
-0.11054752767086029,0.0013690358027815819,-0.005646210163831711
0.13621000945568085,0.4198397696018219,-0.00598830496892333
-0.11020546406507492,0.4000179171562195,-0.009724103845655918
0.21415849030017853,0.7698401212692261,0.0920817106962204
-0.1181616559624672,0.770818829536438,0.10713110119104385
0.22700050473213196,0.8148521184921265,0.09355315566062927
-0.11857503652572632,0.8171818256378174,0.11052335053682327
0.25578802824020386,0.872990071773529,-0.035918913781642914
-0.14232434332370758,0.8754547834396362,-0.018390383571386337
-
-0.045109543949365616,-0.6225298643112183,-0.15118685364723206
-0.04054638743400574,-0.6610866785049438,-0.13883180916309357
-0.04004069045186043,-0.6614509224891663,-0.13844865560531616
-0.040385279804468155,-0.6619766354560852,-0.1380799263715744
-0.07259728759527206,-0.6543765068054199,-0.13220813870429993
-0.07228850573301315,-0.6552023887634277,-0.13305391371250153
-0.07238700240850449,-0.6563713550567627,-0.1321035921573639
0.026049252599477768,-0.6582987308502197,-0.03677786514163017
-0.11671195924282074,-0.6366151571273804,-0.019719943404197693
-0.013059952296316624,-0.6029906868934631,-0.11353082209825516
-0.0543508306145668,-0.5941453576087952,-0.10734347999095917
0.138109028339386,-0.46856677532196045,0.03237621486186981
-0.15894800424575806,-0.46136096119880676,0.04979856312274933
0.17409519851207733,-0.2624236047267914,-0.06782857328653336
-0.21473044157028198,-0.23836593329906464,-0.011853771284222603
0.21279358863830566,-0.3850391209125519,-0.28002306818962097
-0.27887094020843506,-0.3328184485435486,-0.23282545804977417
0.21125300228595734,-0.4008594751358032,-0.31723976135253906
-0.28287389874458313,-0.34273868799209595,-0.27148592472076416
0.22270837426185608,-0.426878958940506,-0.321306973695755
-0.2984763979911804,-0.3742028474807739,-0.27950674295425415
0.21385402977466583,-0.4014182686805725,-0.2846831679344177
-0.27678704261779785,-0.34782129526138306,-0.24295100569725037
0.11056385934352875,-0.0019738725386559963,0.006247781217098236
-0.11055779457092285,0.001341298338957131,-0.005524128675460815
0.13619868457317352,0.419809490442276,-0.006038493476808071
-0.11057506501674652,0.4000328779220581,-0.009654156863689423
0.2141517996788025,0.7698803544044495,0.09184163063764572
-0.11837771534919739,0.77082759141922,0.10698650777339935
0.22699400782585144,0.8148892521858215,0.09328366816043854
-0.11876199394464493,0.8171862959861755,0.11036249995231628
0.2557152807712555,0.8729901909828186,-0.036317095160484314
-0.14253613352775574,0.8754616379737854,-0.018602538853883743
-
-0.045158885419368744,-0.6221945881843567,-0.15097026526927948
-0.0406072661280632,-0.6607820391654968,-0.13869261741638184
-0.04010225459933281,-0.661144495010376,-0.1383078545331955
-0.0404471829533577,-0.6616705656051636,-0.13793784379959106
-0.0726570338010788,-0.6539817452430725,-0.13198353350162506
-0.07234849780797958,-0.6548101902008057,-0.13283059000968933
-0.07244659960269928,-0.6559784412384033,-0.1318804770708084
0.025931747630238533,-0.658281683921814,-0.036766909062862396
-0.1168145164847374,-0.6362839937210083,-0.01946225017309189
-0.013128438964486122,-0.6027962565422058,-0.11339720338582993
-0.05441376194357872,-0.5938182473182678,-0.10708379000425339
0.13809728622436523,-0.46862077713012695,0.03236977383494377
-0.15892834961414337,-0.4613024890422821,0.05000625550746918
0.17408382892608643,-0.26262104511260986,-0.0677800327539444
-0.21519875526428223,-0.23850245773792267,-0.011746477335691452
0.2132987380027771,-0.3858599066734314,-0.27988553047180176
-0.2794135808944702,-0.33393827080726624,-0.23270592093467712
0.2119578719139099,-0.4018528163433075,-0.3170779049396515
-0.2833537459373474,-0.34395015239715576,-0.271315336227417
0.22352176904678345,-0.4278358519077301,-0.3211836516857147
-0.2988775670528412,-0.3754146695137024,-0.27925366163253784
0.2144739329814911,-0.40226390957832336,-0.2845456302165985
-0.2772921025753021,-0.34895727038383484,-0.24279657006263733
0.11057098954916,-0.0019503041403368115,0.006172517314553261
-0.11056728661060333,0.0013172948965802789,-0.005452163051813841
0.13619118928909302,0.41976720094680786,-0.006070752628147602
-0.11087383329868317,0.400052547454834,-0.009629498235881329
0.21414905786514282,0.7699165940284729,0.09174473583698273
-0.11847391724586487,0.7708369493484497,0.1067279502749443
0.2269928902387619,0.8149226903915405,0.09317134320735931
-0.11883213371038437,0.8171927332878113,0.11007500439882278
0.2556918263435364,0.8729700446128845,-0.03650498017668724
-0.1425718069076538,0.8754703998565674,-0.018978483974933624
-
-0.04508208483457565,-0.6221736073493958,-0.15091805160045624
-0.0405144989490509,-0.6607604026794434,-0.13864703476428986
-0.040009379386901855,-0.6611226201057434,-0.13826164603233337
-0.040354225784540176,-0.6616487503051758,-0.13789168000221252
-0.07257454097270966,-0.6539568305015564,-0.13192130625247955
-0.07226583361625671,-0.6547853350639343,-0.13276927173137665
-0.07236389815807343,-0.655953586101532,-0.1318197250366211
0.025929883122444153,-0.6583062410354614,-0.03675561770796776
-0.11684755980968475,-0.6362464427947998,-0.01940522901713848
-0.013102035038173199,-0.6027801632881165,-0.11336668580770493
-0.054395388811826706,-0.5937865376472473,-0.10703017562627792
0.1380632072687149,-0.468652606010437,0.032370686531066895
-0.15891897678375244,-0.4612821936607361,0.05003662034869194
0.17407932877540588,-0.26282134652137756,-0.06773419678211212
-0.21559175848960876,-0.2387404888868332,-0.011791315861046314
0.2138051688671112,-0.3866933584213257,-0.2797863781452179
-0.2797129154205322,-0.3348952829837799,-0.2327948659658432
0.21261470019817352,-0.40287405252456665,-0.3169223666191101
-0.2836076021194458,-0.3449750542640686,-0.27140626311302185
0.2243092954158783,-0.428855836391449,-0.3210507035255432
-0.29905200004577637,-0.37641656398773193,-0.2793053984642029
0.2150782197713852,-0.4031321406364441,-0.28443998098373413
-0.27755582332611084,-0.3499124050140381,-0.24286800622940063
0.11057523638010025,-0.0019377960124984384,0.006138404831290245
-0.11057417094707489,0.001304378267377615,-0.005419516004621983
0.1361810564994812,0.4197276830673218,-0.006075525656342506
-0.11098144948482513,0.4000735282897949,-0.009604956954717636
0.21415004134178162,0.7699410319328308,0.09173296391963959
-0.11849113553762436,0.7708665132522583,0.10653090476989746
0.22699731588363647,0.8149438500404358,0.09315842390060425
-0.1188478171825409,0.8172131776809692,0.10984902083873749
0.25566884875297546,0.8729299306869507,-0.036535948514938354
-0.14257900416851044,0.875478982925415,-0.01926635205745697
-
-0.04528041183948517,-0.6223185658454895,-0.15090100467205048
-0.04067409038543701,-0.6608775854110718,-0.1386345475912094
-0.04016765207052231,-0.6612396240234375,-0.13824881613254547
-0.040513571351766586,-0.6617655754089355,-0.13787898421287537
-0.07273446023464203,-0.6540416479110718,-0.13185058534145355
-0.07242566347122192,-0.6548711657524109,-0.13270017504692078
-0.07252311706542969,-0.6560388207435608,-0.1317521631717682
0.025895927101373672,-0.658386766910553,-0.03685866296291351
-0.11686836928129196,-0.6362258195877075,-0.0192154198884964
-0.013235889375209808,-0.6028855443000793,-0.11338117718696594
-0.054520294070243835,-0.593827486038208,-0.10700149089097977
0.1380760818719864,-0.46869146823883057,0.031984586268663406
-0.1588270217180252,-0.4612506926059723,0.05006692185997963
0.17429491877555847,-0.2628667950630188,-0.06878773123025894
-0.21576228737831116,-0.2388991117477417,-0.01197131723165512
0.21472477912902832,-0.3870367109775543,-0.2812131345272064
-0.2797704339027405,-0.335797518491745,-0.23315398395061493
0.21364064514636993,-0.40342891216278076,-0.3180726170539856
-0.2836291193962097,-0.3460630774497986,-0.2717948853969574
0.2255740612745285,-0.4293849766254425,-0.3220506012439728
-0.2990614175796509,-0.37754306197166443,-0.2795214056968689
0.21614272892475128,-0.40348780155181885,-0.28578463196754456
-0.27760064601898193,-0.3508438169956207,-0.24316702783107758
0.11057931929826736,-0.0019195466302335262,0.006066956091672182
-0.11058082431554794,0.0012854099040850997,-0.0053507364355027676
0.13618487119674683,0.4196242094039917,-0.006118603982031345
-0.1110064834356308,0.40008726716041565,-0.009563811123371124
0.21417978405952454,0.7699530720710754,0.09168191254138947
-0.11848486959934235,0.7708871364593506,0.10648379474878311
0.22703979909420013,0.8149546384811401,0.09310335665941238
-0.11883016675710678,0.8172283172607422,0.10979711264371872
0.2556627094745636,0.8729085326194763,-0.03662307187914848
-0.14252425730228424,0.8754865527153015,-0.01932184025645256
-
-0.045329753309488297,-0.6223886013031006,-0.15089009702205658
-0.04069451242685318,-0.6609238386154175,-0.1386248767375946
-0.040187329053878784,-0.6612858176231384,-0.13823890686035156
-0.040533896535634995,-0.6618117690086365,-0.13786906003952026
-0.07274982333183289,-0.6540663242340088,-0.1317986696958542
-0.07244083285331726,-0.6548963785171509,-0.1326492577791214
-0.07253798097372055,-0.6560636758804321,-0.13170260190963745
0.025915471836924553,-0.6584222316741943,-0.03705698996782303
-0.11680206656455994,-0.6361929178237915,-0.019041193649172783
-0.013244557194411755,-0.6029403805732727,-0.11342478543519974
-0.054523054510354996,-0.5938373804092407,-0.10698540508747101
0.1382545828819275,-0.46869024634361267,0.031362928450107574
-0.1584780216217041,-0.46120965480804443,0.05009178817272186
0.17447003722190857,-0.26288071274757385,-0.07022753357887268
-0.2157425880432129,-0.23899348080158234,-0.012095301412045956
0.2150696963071823,-0.3871913254261017,-0.28280943632125854
-0.2796843945980072,-0.3365619480609894,-0.23336096107959747
0.21396923065185547,-0.4037155508995056,-0.3194045424461365
-0.2834976613521576,-0.34696680307388306,-0.27200523018836975
0.22605293989181519,-0.4296816885471344,-0.3232029974460602
-0.2989480793476105,-0.3784555494785309,-0.27963075041770935
0.21656078100204468,-0.40366294980049133,-0.2872775197029114
-0.2775101065635681,-0.3516232967376709,-0.24333639442920685
0.1105843186378479,-0.0018928645877167583,0.005994352046400309
-0.11058801412582397,0.00125779677182436,-0.005280628800392151
0.13620708882808685,0.4195187985897064,-0.006173009052872658
-0.11102400720119476,0.40009772777557373,-0.009459106251597404
0.2142675668001175,0.769959568977356,0.09163130819797516
-0.11846410483121872,0.7708946466445923,0.10649783909320831
0.22715361416339874,0.8149584531784058,0.0930500477552414
-0.11880170553922653,0.8172318339347839,0.10981223732233047
0.25571346282958984,0.8728645443916321,-0.036718253046274185
-0.14249180257320404,0.8754868507385254,-0.019306357949972153
-
-0.045437395572662354,-0.6224774122238159,-0.1508469134569168
-0.04075295850634575,-0.6609854698181152,-0.13857552409172058
-0.04024498537182808,-0.6613472700119019,-0.1381887048482895
-0.040591731667518616,-0.6618732810020447,-0.13781949877738953
-0.07281085848808289,-0.6541166305541992,-0.13167095184326172
-0.07250166684389114,-0.6549474000930786,-0.13252218067646027
-0.0725988820195198,-0.6561144590377808,-0.13157768547534943
0.02592848427593708,-0.658431887626648,-0.03707999363541603
-0.11679691821336746,-0.6361662149429321,-0.018786495551466942
-0.013316180557012558,-0.6029847264289856,-0.11342471837997437
-0.054594043642282486,-0.5938542485237122,-0.10693293064832687
0.13829439878463745,-0.4686338007450104,0.03117263875901699
-0.15837456285953522,-0.4611143469810486,0.05014146491885185
0.17483112215995789,-0.2629093825817108,-0.07080310583114624
-0.21575577557086945,-0.23907119035720825,-0.012125039473176003
0.21537820994853973,-0.38736340403556824,-0.28313684463500977
-0.27975577116012573,-0.3367424011230469,-0.233383908867836
0.2141781449317932,-0.40397995710372925,-0.3196321129798889
-0.2835950255393982,-0.34713417291641235,-0.2720332145690918
0.22626805305480957,-0.42997774481773376,-0.32335060834884644
-0.2990187704563141,-0.3785722851753235,-0.27964192628860474
0.21685686707496643,-0.4038476049900055,-0.2875571846961975
-0.2775813341140747,-0.3517718017101288,-0.243355855345726
0.11058662831783295,-0.0018722866661846638,0.005957270972430706
-0.11059275269508362,0.0012365221045911312,-0.005244098603725433
0.13621020317077637,0.4194571375846863,-0.006197708193212748
-0.11103638261556625,0.4001075029373169,-0.009380306117236614
0.2143707126379013,0.7699771523475647,0.09150848537683487
-0.11836590617895126,0.7709112167358398,0.10649197548627853
0.22729980945587158,0.8149728178977966,0.0929122269153595
-0.11868582665920258,0.8172453045845032,0.1098051518201828
0.25596049427986145,0.8727403879165649,-0.03687279671430588
-0.14233584702014923,0.8754888772964478,-0.019314035773277283
-
-0.045366961508989334,-0.6225103735923767,-0.15052808821201324
-0.040688563138246536,-0.6610041856765747,-0.13823126256465912
-0.040181126445531845,-0.6613656878471375,-0.13784153759479523
-0.04052767902612686,-0.661891520023346,-0.1374742090702057
-0.0727357268333435,-0.6541235446929932,-0.13123930990695953
-0.07242611050605774,-0.6549550294876099,-0.13208892941474915
-0.0725235864520073,-0.6561217904090881,-0.1311478316783905
0.02603263594210148,-0.6584383845329285,-0.03693600744009018
-0.11664585769176483,-0.6360923647880554,-0.018333643674850464
-0.013233150355517864,-0.6029998064041138,-0.1132325604557991
-0.054497409611940384,-0.5938476920127869,-0.106635682284832
0.13850578665733337,-0.46861153841018677,0.031187940388917923
-0.15818791091442108,-0.4609571397304535,0.05029543861746788
0.17528069019317627,-0.2628931999206543,-0.07077614963054657
-0.21570025384426117,-0.23886854946613312,-0.011915831826627254
0.21544012427330017,-0.387362539768219,-0.28306129574775696
-0.2797514796257019,-0.33586761355400085,-0.23286886513233185
0.21418346464633942,-0.4039580225944519,-0.3195495903491974
-0.2835965156555176,-0.3458538055419922,-0.2714706361293793
0.22622546553611755,-0.4299854636192322,-0.3232952952384949
-0.2990129292011261,-0.3772551417350769,-0.2791496813297272
0.21688127517700195,-0.4038532078266144,-0.2874865233898163
-0.2775770425796509,-0.35081392526626587,-0.24285219609737396
0.11059033870697021,-0.0018543122569099069,0.00593046098947525
-0.11059857904911041,0.001218145713210106,-0.005217158235609531
0.13622523844242096,0.4194072186946869,-0.006221710704267025
-0.11095373332500458,0.4001161754131317,-0.009354022331535816
0.2144995927810669,0.7699872255325317,0.09138031303882599
-0.1180993840098381,0.7709360122680664,0.10632108151912689
0.22747039794921875,0.8149803280830383,0.09276048839092255
-0.11840233206748962,0.8172661662101746,0.10962098091840744
0.25623589754104614,0.8725407123565674,-0.03701573982834816
-0.1420181840658188,0.875493586063385,-0.019485481083393097
-
-0.044470809400081635,-0.6225082278251648,-0.15011972188949585
-0.03970059007406235,-0.6609979867935181,-0.13775993883609772
-0.03919685259461403,-0.6613593101501465,-0.13736854493618011
-0.03954207897186279,-0.6618850827217102,-0.13700270652770996
-0.07176155596971512,-0.6541182994842529,-0.1308102160692215
-0.07145101577043533,-0.6549500226974487,-0.13165554404258728
-0.07155059278011322,-0.6561167240142822,-0.1307155042886734
0.02671153098344803,-0.6584133505821228,-0.03639876842498779
-0.11605950444936752,-0.6360652446746826,-0.018031079322099686
-0.012553918175399303,-0.6029873490333557,-0.11284583061933517
-0.05383014306426048,-0.5938358902931213,-0.10629443824291229
0.13870534300804138,-0.46852391958236694,0.03164197877049446
-0.15791425108909607,-0.46088311076164246,0.050410687923431396
0.17542694509029388,-0.2625727653503418,-0.06974512338638306
-0.2151825875043869,-0.2387041300535202,-0.01148268859833479
0.21547643840312958,-0.3871060311794281,-0.28054264187812805
-0.27967846393585205,-0.33464112877845764,-0.2315359115600586
0.2141895592212677,-0.40364110469818115,-0.316876083612442
-0.28359320759773254,-0.34407350420951843,-0.2699461281299591
0.22620435059070587,-0.42978814244270325,-0.3205851912498474
-0.2990058362483978,-0.3752681314945221,-0.2780130207538605
0.21689563989639282,-0.4036373794078827,-0.2849390208721161
-0.27753105759620667,-0.34942564368247986,-0.24163348972797394
0.11059243977069855,-0.001842319150455296,0.005899394396692514
-0.11060300469398499,0.0012054687831550837,-0.005186397582292557
0.13630607724189758,0.41937369108200073,-0.006214379332959652
-0.11070626229047775,0.4001563489437103,-0.00934521947056055
0.2148125022649765,0.7699864506721497,0.09130621701478958
-0.11767368763685226,0.7710863947868347,0.10588541626930237
0.22781763970851898,0.8149732351303101,0.09266602247953415
-0.11797311902046204,0.8174183368682861,0.10915251076221466
0.2565259635448456,0.8723464012145996,-0.03709189221262932
-0.14161106944084167,0.8755871653556824,-0.01994268037378788
-
-0.044196195900440216,-0.622248113155365,-0.14891794323921204
-0.039404209703207016,-0.6607174277305603,-0.136638343334198
-0.0389043390750885,-0.6610775589942932,-0.1362449824810028
-0.039248183369636536,-0.6616026759147644,-0.1358761042356491
-0.07143425941467285,-0.6537991166114807,-0.1295396089553833
-0.0711233839392662,-0.6546354293823242,-0.13037458062171936
-0.07122452557086945,-0.6558005213737488,-0.12943996489048004
0.027147581800818443,-0.6582614779472351,-0.035675663501024246
-0.11548855155706406,-0.6357345581054688,-0.016737567260861397
-0.012231927365064621,-0.6027689576148987,-0.11182335019111633
-0.05346282199025154,-0.5935690999031067,-0.10508399456739426
0.13933590054512024,-0.46834516525268555,0.03219390660524368
-0.15729667246341705,-0.4607757329940796,0.051166050136089325
0.17588599026203156,-0.2615412175655365,-0.06869230419397354
-0.2128138244152069,-0.23746581375598907,-0.00911695510149002
0.21585388481616974,-0.38620758056640625,-0.2783910036087036
-0.2787267565727234,-0.32741889357566833,-0.22758081555366516
0.2144225686788559,-0.4025134742259979,-0.31471630930900574
-0.28307226300239563,-0.3339962363243103,-0.2656199634075165
0.2263110727071762,-0.4290724992752075,-0.31838351488113403
-0.29854878783226013,-0.3647215962409973,-0.27488601207733154
0.21718089282512665,-0.4028904438018799,-0.2828019857406616
-0.27671533823013306,-0.34152477979660034,-0.23804906010627747
0.11060008406639099,-0.0018167664529755712,0.005854250863194466
-0.1106145903468132,0.0011795612517744303,-0.005141297355294228
0.1364741176366806,0.4192533493041992,-0.006253381259739399
-0.11060842126607895,0.4001663327217102,-0.009544765576720238
0.21515466272830963,0.7699947953224182,0.09092137962579727
-0.1176714301109314,0.7713479399681091,0.10382100939750671
0.22819046676158905,0.8149810433387756,0.09222356975078583
-0.11797411739826202,0.8176844120025635,0.10690965503454208
0.2567712366580963,0.8720832467079163,-0.03755282238125801
-0.1416475772857666,0.875680685043335,-0.02228139527142048
-
-0.04411106929183006,-0.6218441724777222,-0.14632347226142883
-0.03933573141694069,-0.6602877974510193,-0.13413849472999573
-0.03883860260248184,-0.6606442928314209,-0.13374070823192596
-0.039181578904390335,-0.6611685752868652,-0.13336458802223206
-0.07133438438177109,-0.6532608270645142,-0.12673895061016083
-0.07102299481630325,-0.6541042327880859,-0.12755927443504333
-0.07112565636634827,-0.655265212059021,-0.12664060294628143
0.02737438678741455,-0.6580442190170288,-0.033991169184446335
-0.1150468960404396,-0.635046124458313,-0.013823995366692543
-0.01206181850284338,-0.6024529933929443,-0.10960697382688522
-0.05322863161563873,-0.5931288003921509,-0.10250557214021683
0.14004535973072052,-0.46793362498283386,0.03326071426272392
-0.15656758844852448,-0.46046340465545654,0.05298423394560814
0.17591765522956848,-0.25918105244636536,-0.06742778420448303
-0.209910050034523,-0.2354758083820343,-0.005429980810731649
0.2158757448196411,-0.38395899534225464,-0.27616968750953674
-0.2767290472984314,-0.32146885991096497,-0.22197392582893372
0.2144230604171753,-0.40008431673049927,-0.31244561076164246
-0.2815239429473877,-0.32659465074539185,-0.25950175523757935
0.22628343105316162,-0.42721906304359436,-0.3159745931625366
-0.297310471534729,-0.35716694593429565,-0.26973485946655273
0.21719494462013245,-0.4008982479572296,-0.2805463969707489
-0.2749292850494385,-0.33527082204818726,-0.23267054557800293
0.11060789972543716,-0.0017783893272280693,0.0057898410595953465
-0.11062704026699066,0.0011407530400902033,-0.005077900364995003
0.13660268485546112,0.41900089383125305,-0.0063010817393660545
-0.11047158390283585,0.40016084909439087,-0.009821672923862934
0.2156614363193512,0.7699825167655945,0.0906873568892479
-0.11774792522192001,0.7714332342147827,0.10186533629894257
0.22876299917697906,0.8149670362472534,0.09195491671562195
-0.11808911710977554,0.8177627325057983,0.10486797988414764
0.257028728723526,0.8714509010314941,-0.03803778067231178
-0.14173360168933868,0.8756886124610901,-0.0246533565223217
-
-0.04400332272052765,-0.6213902235031128,-0.1445954144001007
-0.03924640640616417,-0.65982586145401,-0.13248060643672943
-0.03875236213207245,-0.66017746925354,-0.13208091259002686
-0.03909442201256752,-0.6607022881507874,-0.13170135021209717
-0.07122562825679779,-0.6527079343795776,-0.12497667968273163
-0.07091318070888519,-0.6535579562187195,-0.12578894197940826
-0.07101790606975555,-0.6547146439552307,-0.12488305568695068
0.027536198496818542,-0.6578038334846497,-0.03266601637005806
-0.11480169743299484,-0.634395182132721,-0.012068782933056355
-0.011907790787518024,-0.6020852327346802,-0.10800094157457352
-0.05303582176566124,-0.5926489233970642,-0.10077684372663498
0.14045698940753937,-0.46744847297668457,0.03457280620932579
-0.1561601608991623,-0.4601571261882782,0.05404040962457657
0.17583699524402618,-0.256679505109787,-0.06548530608415604
-0.2079446017742157,-0.23359835147857666,-0.0032944870181381702
0.21590831875801086,-0.38211604952812195,-0.27371901273727417
-0.2749781012535095,-0.3176538944244385,-0.21868085861206055
0.21445982158184052,-0.39824479818344116,-0.3101307153701782
-0.28011471033096313,-0.3221776783466339,-0.25601157546043396
0.22631748020648956,-0.42577508091926575,-0.31360191106796265
-0.2961696684360504,-0.3527858257293701,-0.26671162247657776
0.2172321379184723,-0.39928579330444336,-0.27813249826431274
-0.273358017206192,-0.3313978314399719,-0.229482039809227
0.11061205714941025,-0.0017438404029235244,0.005762806627899408
-0.11063430458307266,0.0011060363613069057,-0.0050508505664765835
0.13668093085289001,0.41868841648101807,-0.006315575446933508
-0.11031331866979599,0.400150328874588,-0.010358898900449276
0.2158794105052948,0.7699052691459656,0.09066997468471527
-0.11793867498636246,0.7715301513671875,0.09969305992126465
0.2290177345275879,0.8148775696754456,0.09193821251392365
-0.11834590882062912,0.8178482055664062,0.10262181609869003
0.25715821981430054,0.8704035878181458,-0.038057178258895874
-0.14184506237506866,0.8756950497627258,-0.027249697595834732
-
-0.043928779661655426,-0.621113121509552,-0.14383575320243835
-0.03918600082397461,-0.6595402956008911,-0.13174968957901
-0.03869364410638809,-0.6598891615867615,-0.13134965300559998
-0.03903525695204735,-0.6604143381118774,-0.130967915058136
-0.07115320861339569,-0.6523622274398804,-0.12419335544109344
-0.07083979994058609,-0.6532145142555237,-0.1250029057264328
-0.07094574719667435,-0.6543688774108887,-0.12410340458154678
0.027657344937324524,-0.6576586961746216,-0.03209829330444336
-0.11463163793087006,-0.633979082107544,-0.011253596283495426
-0.011791751720011234,-0.6018667221069336,-0.10730170458555222
-0.05289565026760101,-0.5923546552658081,-0.09999994933605194
0.14077819883823395,-0.46709683537483215,0.0351354144513607
-0.15590587258338928,-0.4599402844905853,0.05453415587544441
0.1756051778793335,-0.254925012588501,-0.06457557529211044
-0.20664873719215393,-0.2323288917541504,-0.0023988063912838697
0.21592724323272705,-0.38063594698905945,-0.27298593521118164
-0.2737291753292084,-0.31601569056510925,-0.21769362688064575
0.2145043909549713,-0.39672690629959106,-0.30950024724006653
-0.2790506184101105,-0.32050085067749023,-0.25507262349128723
0.22637681663036346,-0.4244617819786072,-0.31300219893455505
-0.29533854126930237,-0.35124972462654114,-0.26587390899658203
0.21726322174072266,-0.39793646335601807,-0.27744096517562866
-0.27222397923469543,-0.3298209011554718,-0.228536456823349
0.11062419414520264,-0.0017148579936474562,0.005737332161515951
-0.11065104603767395,0.0010765696642920375,-0.005025489255785942
0.13674016296863556,0.4183606505393982,-0.006377381272614002
-0.11022184789180756,0.4001366198062897,-0.010710923001170158
0.2159382551908493,0.7697023749351501,0.09068171679973602
-0.11804661899805069,0.7715476751327515,0.09884775429964066
0.22908185422420502,0.8146572709083557,0.09196262061595917
-0.11848117411136627,0.8178633451461792,0.10177833586931229
0.2571576237678528,0.8696685433387756,-0.03806581720709801
-0.14188194274902344,0.8756833076477051,-0.0282257292419672
-
-0.043612975627183914,-0.6209533214569092,-0.14317336678504944
-0.0388808511197567,-0.6593678593635559,-0.13108189404010773
-0.038391757756471634,-0.6597146391868591,-0.1306818425655365
-0.038732413202524185,-0.6602401733398438,-0.13029848039150238
-0.07082978636026382,-0.6521651148796082,-0.12351996451616287
-0.0705144852399826,-0.6530189514160156,-0.12432701885700226
-0.07062254101037979,-0.6541719436645508,-0.12343232333660126
0.02798917517066002,-0.6575201153755188,-0.03148672357201576
-0.11425187438726425,-0.6337082982063293,-0.010610436089336872
-0.011455455794930458,-0.601715087890625,-0.10666130483150482
-0.05252968147397041,-0.5921687483787537,-0.09934861212968826
0.14114375412464142,-0.46672776341438293,0.035765327513217926
-0.15557536482810974,-0.4597662687301636,0.054969336837530136
0.17540404200553894,-0.25357958674430847,-0.06345196813344955
-0.20571260154247284,-0.2313072234392166,-0.0015229316195473075
0.21599505841732025,-0.37957316637039185,-0.27201202511787415
-0.2727559506893158,-0.3146125376224518,-0.21654674410820007
0.2146332710981369,-0.39564579725265503,-0.3086656332015991
-0.2781912684440613,-0.3190200626850128,-0.25393927097320557
0.22653934359550476,-0.4235093295574188,-0.31220948696136475
-0.2946169972419739,-0.3498484194278717,-0.2648922801017761
0.2173558920621872,-0.3969610631465912,-0.27652135491371155
-0.2713182866573334,-0.328445166349411,-0.22744105756282806
0.1106349527835846,-0.0016870152903720737,0.005712498445063829
-0.11066588014364243,0.0010482976213097572,-0.005001037381589413
0.13682065904140472,0.41806501150131226,-0.006503589451313019
-0.11008405685424805,0.4001210927963257,-0.01096542738378048
0.2159855216741562,0.7695254683494568,0.09066837280988693
-0.11808617413043976,0.7715640664100647,0.09839532524347305
0.22912774980068207,0.8144662380218506,0.09195341914892197
-0.11853642016649246,0.8178774118423462,0.10134027153253555
0.2571384608745575,0.8691381812095642,-0.03808097168803215
-0.14188683032989502,0.875667929649353,-0.028705699369311333
-
-0.04329792037606239,-0.6208757758140564,-0.14278125762939453
-0.0385926254093647,-0.6592912077903748,-0.13064944744110107
-0.03810529410839081,-0.6596365571022034,-0.13025009632110596
-0.03844500333070755,-0.6601628661155701,-0.12986521422863007
-0.0705452635884285,-0.6520747542381287,-0.12312858551740646
-0.0702281966805458,-0.6529290080070496,-0.12393496185541153
-0.07033730298280716,-0.6540816426277161,-0.1230412945151329
0.02821210026741028,-0.6574683785438538,-0.030941151082515717
-0.11407894641160965,-0.6335716843605042,-0.01024643611162901
-0.011162021197378635,-0.6016413569450378,-0.10623513907194138
-0.052243657410144806,-0.5920699238777161,-0.09896530210971832
0.14131981134414673,-0.4665430188179016,0.0364442877471447
-0.15545740723609924,-0.45963940024375916,0.05525016784667969
0.1751433163881302,-0.25281184911727905,-0.062189050018787384
-0.20556378364562988,-0.2308618277311325,-0.0011738039320334792
0.21603508293628693,-0.37871962785720825,-0.2709854543209076
-0.2723475992679596,-0.31458649039268494,-0.21634402871131897
0.2147217094898224,-0.3946875035762787,-0.30784663558006287
-0.2777746915817261,-0.3192102611064911,-0.25386008620262146
0.226627916097641,-0.42260801792144775,-0.3114965856075287
-0.2941836714744568,-0.3501549959182739,-0.2647489905357361
0.2174065262079239,-0.39613473415374756,-0.27556297183036804
-0.2708888351917267,-0.328502893447876,-0.22723378241062164
0.11064907908439636,-0.0016626935685053468,0.005692478734999895
-0.11068353801965714,0.0010236490052193403,-0.004981626756489277
0.13686944544315338,0.41784775257110596,-0.0066561829298734665
-0.11006893217563629,0.40010344982147217,-0.011062059551477432
0.21600079536437988,0.769303560256958,0.09071042388677597
-0.11825709044933319,0.7715421915054321,0.09841424971818924
0.22914214432239532,0.8142248392105103,0.09203097969293594
-0.11872845888137817,0.8178415894508362,0.10136999934911728
0.25708428025245667,0.86872398853302,-0.0380379743874073
-0.1419370472431183,0.875603199005127,-0.028661370277404785
-
-0.04292305186390877,-0.6207327842712402,-0.14258094131946564
-0.03823135420680046,-0.6591563820838928,-0.13044105470180511
-0.03774610534310341,-0.659500241279602,-0.13004174828529358
-0.03808540105819702,-0.660027801990509,-0.129656121134758
-0.07019113004207611,-0.651928722858429,-0.1229502260684967
-0.06987279653549194,-0.6527838706970215,-0.12375606596469879
-0.06998228281736374,-0.6539363265037537,-0.12286051362752914
0.02850336581468582,-0.6574158668518066,-0.030626190826296806
-0.11385861039161682,-0.6334615349769592,-0.01008485909551382
-0.010816833935678005,-0.601529061794281,-0.10598863661289215
-0.051909904927015305,-0.5919362902641296,-0.09875960648059845
0.14151005446910858,-0.4663904011249542,0.03705134987831116
-0.15527144074440002,-0.4595787823200226,0.05540752410888672
0.17505818605422974,-0.25217404961586,-0.060819484293460846
-0.20516672730445862,-0.2302398979663849,-0.0006790499901399016
0.21630530059337616,-0.37843137979507446,-0.26940324902534485
-0.2717779278755188,-0.3134077787399292,-0.21563568711280823
0.2151079922914505,-0.3944077491760254,-0.3063746392726898
-0.2772080600261688,-0.3177681863307953,-0.25314241647720337
0.2270325869321823,-0.4223937690258026,-0.3101100027561188
-0.293609082698822,-0.3487536907196045,-0.2641623914241791
0.21771182119846344,-0.3958955705165863,-0.2740275263786316
-0.27032026648521423,-0.32731348276138306,-0.22656641900539398
0.1106625348329544,-0.0016370601952075958,0.005673871375620365
-0.11070067435503006,0.0009977133013308048,-0.00496353954076767
0.13702598214149475,0.4176377058029175,-0.006719411816447973
-0.11005838215351105,0.400099515914917,-0.011126955971121788
0.2160394787788391,0.7691459059715271,0.09075786918401718
-0.11847303807735443,0.7715495228767395,0.09841130673885345
0.22917059063911438,0.8140602707862854,0.09210554510354996
-0.11896897852420807,0.8178426623344421,0.10137955844402313
0.257070392370224,0.868497371673584,-0.03797890245914459
-0.14207999408245087,0.8755879998207092,-0.028642239049077034
-
-0.04266263172030449,-0.6206393241882324,-0.14259400963783264
-0.03794299438595772,-0.6590649485588074,-0.13045652210712433
-0.03745891526341438,-0.659407913684845,-0.13005726039409637
-0.03779803588986397,-0.659936249256134,-0.1296718716621399
-0.06991865485906601,-0.6518441438674927,-0.12297417223453522
-0.06960000842809677,-0.6526994109153748,-0.12378032505512238
-0.06970943510532379,-0.6538515686988831,-0.12288447469472885
0.028744667768478394,-0.6573588848114014,-0.03062376379966736
-0.11370238661766052,-0.6334084868431091,-0.010117040947079659
-0.010596220381557941,-0.6014432907104492,-0.10599443316459656
-0.05170644074678421,-0.5918517112731934,-0.098769910633564
0.14165255427360535,-0.46625450253486633,0.037194497883319855
-0.15517713129520416,-0.4595511853694916,0.05537208169698715
0.17506670951843262,-0.25210440158843994,-0.06053538620471954
-0.2049787938594818,-0.23008355498313904,-0.0007244037697091699
0.2169702649116516,-0.3784582316875458,-0.2692211866378784
-0.2715190052986145,-0.31338104605674744,-0.21577708423137665
0.21594133973121643,-0.39447659254074097,-0.30619916319847107
-0.2769722044467926,-0.31783854961395264,-0.25331515073776245
0.22792351245880127,-0.4224693775177002,-0.3099231421947479
-0.2933766543865204,-0.34880539774894714,-0.26427602767944336
0.21842435002326965,-0.395938515663147,-0.27384892106056213
-0.27007636427879333,-0.32730063796043396,-0.2266940176486969
0.11067543923854828,-0.0016124205430969596,0.005662610754370689
-0.11071692407131195,0.000972839945461601,-0.004953120369464159
0.13720352947711945,0.4174213409423828,-0.0067778294906020164
-0.11005822569131851,0.40009188652038574,-0.011160439811646938
0.2160867154598236,0.7689524292945862,0.09080721437931061
-0.11868748068809509,0.771537184715271,0.09843277186155319
0.22920703887939453,0.8138569593429565,0.09217718243598938
-0.119199238717556,0.817820131778717,0.10140995681285858
0.25706857442855835,0.8682458400726318,-0.03791745379567146
-0.14218154549598694,0.8755478262901306,-0.02861272171139717
-
-0.04211479797959328,-0.6203362345695496,-0.14259997010231018
-0.03735437989234924,-0.6587731838226318,-0.13046394288539886
-0.03687282279133797,-0.6591145992279053,-0.1300647258758545
-0.03721143677830696,-0.6596440076828003,-0.12967944145202637
-0.06933830678462982,-0.6515733003616333,-0.1229889988899231
-0.06901956349611282,-0.6524293422698975,-0.1237952709197998
-0.06912944465875626,-0.6535809636116028,-0.12289909273386002
0.029220376163721085,-0.6572055816650391,-0.03061482310295105
-0.11330682784318924,-0.6332886219024658,-0.01015229057520628
-0.010130097158253193,-0.6011922955513,-0.10598643869161606
-0.05125458166003227,-0.5916120409965515,-0.0987737700343132
0.14193595945835114,-0.46612879633903503,0.03737720102071762
-0.1549549400806427,-0.45951786637306213,0.05536142736673355
0.17515133321285248,-0.25206151604652405,-0.06021016091108322
-0.20461654663085938,-0.2300492227077484,-0.0007240080740302801
0.2174016237258911,-0.3786242604255676,-0.26886826753616333
-0.2710786759853363,-0.31345996260643005,-0.21581007540225983
0.216370090842247,-0.39475688338279724,-0.30585092306137085
-0.27656328678131104,-0.3179788291454315,-0.25337111949920654
0.22835487127304077,-0.4227854013442993,-0.309539258480072
-0.2929488718509674,-0.3489105999469757,-0.264322966337204
0.2188553810119629,-0.39614859223365784,-0.27348509430885315
-0.26964518427848816,-0.32737961411476135,-0.22672919929027557
0.11068867892026901,-0.0015817548846825957,0.0056540388613939285
-0.11073367297649384,0.0009419971611350775,-0.004945277236402035
0.1373136192560196,0.41730356216430664,-0.0068503618240356445
-0.11007378250360489,0.40008652210235596,-0.011175118386745453
0.21611568331718445,0.7688196897506714,0.09083352982997894
-0.11881906539201736,0.7715120911598206,0.09851007163524628
0.2292274385690689,0.813714325428009,0.09222031384706497
-0.11933096498250961,0.8177840709686279,0.10151065140962601
0.2570541203022003,0.868078887462616,-0.03788154572248459
-0.14222830533981323,0.8755115866661072,-0.028525924310088158
-
